x_pos,y_pos,radius_i,ID
-25.0,0.0,5.000005846084075,0
-20.0,0.0,5.000005846084075,1
-15.0,0.0,5.000005846084075,2
-10.0,0.0,5.000005846084075,3
-5.0,0.0,5.000005846084075,4
0.0,0.0,5.000005846084075,5
5.0,0.0,5.000005846084075,6
10.0,0.0,5.000005846084075,7
15.0,0.0,5.000005846084075,8
20.0,0.0,5.000005846084075,9
25.0,0.0,5.000005846084075,10
