beta,time
0.0,13.569334836527622
0.1,13.799323562570462
0.2,14.164599774520857
0.3,13.582863585118377
0.4,14.556933483652761
0.5,14.29988726042841
0.6,14.638105975197295
0.7,15.84216459977452
0.8,17.668545659526494
0.9,23.62119503945885
0.95,52.07215332356257
