gamma,time
0.0,13.569334836527622
0.1,20.347237880496053
0.2,23.2423900789177
0.3,26.638105975197295
0.4,30.534385569334837
0.5,37.812852311161215
0.6,47.58060879368659
0.7,62.516347233370915
0.8,85.42051859977452
0.9,154.6877113934611
0.95,529.9075537023675
