x,y,r,a,f,inhibition_value
-18.251736774260415,-10.202055175618122,6.22875583489137,0.999251480604602,0.8746636716675962,2.0
8.450801827800671,1.0032784271339954,5.858520510915402,0.9984083519946182,0.8219879325029418,2.0
-2.602581531462553,6.0664807497507764,6.403563584345442,0.9985022060933916,0.8223449014278613,2.0
40.0331978789006,-6.24730706953192,6.547162743747048,0.9995291623650221,0.8998644801800693,2.0
18.32621931366597,-5.022665124546079,5.804600343912956,0.9985317743367969,0.8507342959098209,2.0
-23.715202995666765,2.7319649155941588,7.815957283124408,0.9997590447158072,0.9253758295522964,2.0
-22.640094723373917,18.645232424412708,7.630610104437825,0.9991016774382006,0.8729003689372483,2.0
8.251552113853988,12.78020880838012,5.982223741249304,0.9990642883887083,0.8646554608703856,2.0
-11.439138732584903,-1.211381250318088,5.127676438244721,0.9987736683454327,0.8822951930570854,2.0
-2.026378114214642,-5.186623133100866,4.947413045020185,0.998923480899445,0.8920323894810575,2.0
18.949239634103286,6.958273383120902,6.258530083402892,0.9988116407228468,0.8148321578242932,2.0
7.15170545468544,-10.306549725791372,5.588563631945913,0.9993536327161083,0.8743904767046946,2.0
22.56193318173917,-45.12178091306556,4.7687420928507525,0.9989362918064247,0.867299428228913,2.0
16.52933170508564,-16.073626227217176,5.443780639980364,0.9994656194472791,0.8964935125757718,2.0
-10.801610922073094,14.081360808641865,5.14645087703602,0.998657257491994,0.8808010498402202,2.0
-2.7046727258313066,-15.701392818280205,5.663708409378467,0.9992995032049607,0.8757191435813858,2.0
-13.958379892275037,-30.71428085571346,5.614772812523403,0.9997522627195825,0.9170011343469553,2.0
-15.334477555984412,-43.51431299559392,7.289452915906346,0.9992051513598632,0.8409642988439128,2.0
-37.24310996894662,-18.42794423076564,5.9573127554067,0.9988666094600387,0.8413217871361736,2.0
40.73364530160835,-30.612471697180037,5.135831374576562,0.9988595770030938,0.8855693847491635,2.0
-24.842123479050386,-34.454708460037125,5.910168999241404,0.9990735747059596,0.8566378512223143,2.0
-3.9785323346404513,-26.46862359479929,5.252986642085524,0.9991887814044598,0.9020737994431811,2.0
-26.99369997331824,-44.55205647000736,4.462862566500376,0.9983953519362478,0.8450211391326259,2.0
-12.593623123371383,-20.05234133886314,5.159601414979562,0.9997684347444082,0.9323760462369646,2.0
-16.559583267818503,31.582362326228186,6.760806173455593,0.9981985706524371,0.8136794806665747,2.0
-39.50018432675167,-49.75455878089548,5.2734354539257335,0.9988807558923265,0.8861097073029337,2.0
-28.65816552431871,33.970874374571636,5.65779096138404,0.9990142354768807,0.8824758796979802,2.0
17.892481865297334,18.279644370932747,5.184634634078761,0.9986652271152965,0.8524707789517688,2.0
-24.749798038507297,-21.626852179286292,6.992576393533931,0.9994423751663858,0.9093441804838451,2.0
6.932638288779313,-21.368379815938678,5.535146500618993,0.9994308064733116,0.8964871989667598,2.0
29.222660407895297,0.22710889378162458,6.098204883546872,0.9986534648815986,0.8324145357688655,2.0
-23.363146071538107,-56.0250169311843,7.646842387717918,0.9987533988136115,0.8412040748685731,2.0
6.186995079169707,-32.32772342248584,5.510871447187592,0.9992737043842269,0.8810875986381832,2.0
38.757042746321105,4.681820969535217,4.4761036712897475,0.9991013675948691,0.8733667281791857,2.0
5.759952011990736,24.902821311522786,6.394720186097716,0.9994667012875277,0.9063274464611889,2.0
28.287689433693213,-12.489893992027486,6.750636882851771,0.9985644484567825,0.8485351602397094,2.0
5.711275151353619,-43.174680921241404,5.376712054824738,0.9987114270935741,0.8453536115350389,2.0
17.42638008136882,-27.35289414227908,5.924928791654024,0.9996047496155916,0.9190329154540933,2.0
-21.376217623376885,44.672782583699515,7.3135186683731055,0.9986634349208809,0.8173661283692416,2.0
15.149817709850419,-38.329664042222895,5.328502903771266,0.9984424424099162,0.825333949681688,2.0
-35.47465244488863,-40.288367727054805,5.084771512830437,0.9988211057268723,0.8606466510854632,2.0
13.825382253418978,-50.05537020213694,5.289925133258493,0.9997337360664611,0.9291269991170615,2.0
15.502736227029075,-61.43570379725152,6.246592552503488,0.9990641133822817,0.8512233643815627,2.0
30.579249198951306,13.130856563485226,6.953370112253065,0.9992746331437146,0.8631210575237214,2.0
-1.3204065657272956,16.758759080029346,4.463498537511042,0.997240371707527,0.8127577220678016,2.0
-3.8315350851246577,-37.432760541900855,5.785001302115661,0.9989290413724159,0.8452232950345564,2.0
-7.674765313828776,23.836904067147767,5.145755560357948,0.9981769252567663,0.8430145419364016,2.0
39.552876763557464,-19.17404080313502,6.447169594338501,0.9984593254858153,0.822355227293594,2.0
9.320066448677938,-71.69002005997936,5.781899776216384,0.9979276334910149,0.8051496153498868,2.0
-9.30115973192998,51.937585009873644,5.235266007434812,0.9996503968483959,0.9063167792125825,2.0
20.303003971874595,-71.90532921702646,5.325135505735489,0.9969557406655437,0.7813825595326231,2.0
-35.25699522775332,-29.702766522857907,5.582378556609496,0.9990418116983295,0.89285183303244,2.0
51.06940488782591,-80.17173837207845,7.254799644359138,0.9993175208261801,0.8629116604546858,2.0
-9.102115252975345,41.23655028706554,5.502988133477966,0.9988083485560855,0.8383427506604556,2.0
29.779404802203885,-64.7011502527503,6.7049634666755615,0.9988430970571565,0.8615439715903093,2.0
-0.5399068984491268,46.961381076375915,4.861703373085993,0.9986923741750832,0.8343598153917668,2.0
29.039124462480903,-80.80671834615887,7.262195270094341,0.9991508361566269,0.8788714152431244,2.0
16.91397789635752,28.856060046424044,5.501148443961209,0.9988309686423181,0.8621271646752109,2.0
-3.65549815103708,32.71579760830013,4.657777895889347,0.9990407234211903,0.8911060782764348,2.0
15.71281111168429,60.23330744871727,5.0444163273434866,0.998559144729564,0.8484398817024261,2.0
39.79855030397708,-73.28654262231068,5.8945236673504935,0.9996168648485221,0.9026364404212366,2.0
19.20739274661759,40.752716805658416,6.704029127619757,0.998720292660489,0.8312882881291762,2.0
-19.622205130142962,-68.85899268474179,5.7599218900311095,0.9991907304510173,0.898590646297955,2.0
30.67029336352534,-116.43019850876436,6.045944769955578,0.9993907922749933,0.9015110781811337,2.0
-46.113799019697964,-36.31343754644009,6.309986060379368,0.9996363126009202,0.9214827820957345,2.0
6.307929638780886,37.830835357922275,6.6023577133400755,0.9991957871786742,0.8574852536391405,2.0
-29.18573696473569,54.242144185233606,5.086780899498917,0.9989419326798142,0.8631779309019709,2.0
-60.41726686652657,-25.821481099636763,6.603548307962234,0.9989101533519912,0.8869976875208448,2.0
-30.14327523007436,-9.177831526913582,5.750884018125116,0.9994614213279523,0.891026807535486,2.0
15.33921513139825,-81.33325710035776,5.392170101342058,0.9992600919222671,0.8806919997473044,2.0
0.42724697351323254,57.616550910682605,5.894673896328203,0.9993139328192354,0.8833078338582488,2.0
16.17139493832296,-100.61281635217664,6.085175866553717,0.9993628800755715,0.9061398919950898,2.0
-3.631811531323079,-48.745355016913706,5.6004915702967235,0.9979464579669968,0.8025724977806357,2.0
43.5874822812257,14.10684557968056,6.157993571016138,0.9993285043032902,0.8707538240887158,2.0
47.67441617954061,24.04907148190716,4.636875267532722,0.9989520985729545,0.8637761894147566,2.0
1.7230793180327688,-60.756344750567656,7.625425033688521,0.9992426892454986,0.8777705110777139,2.0
-47.44242252441593,-24.288614394075694,5.842661730798243,0.9994904089162032,0.9121804844011253,2.0
49.75861701713319,2.727838983707638,6.739144903470851,0.9995163327248984,0.8784410266841205,2.0
60.98748394951705,5.429712848307838,4.853203735019359,0.9984242341388727,0.8459096022456081,2.0
-34.042857554371174,44.95054765466783,5.455858631459333,0.9980924334242214,0.8361315751169092,2.0
80.67432568858038,15.72721394965369,7.056035672149642,0.998912448875397,0.8459217134999304,2.0
9.584379918547208,-90.85062620195295,5.756926471862261,0.999251674522207,0.8650815783859828,2.0
54.977852539620805,13.540764256311515,5.307246430630246,0.9989987845660923,0.866348893027614,2.0
20.29684254743936,-90.38754360620884,4.985323744271045,0.9991690883467117,0.877837869025701,2.0
59.95335621384236,-6.047837150860772,6.7549405700205645,0.9990579016364536,0.8498887864796918,2.0
57.18795384686222,23.47904354207438,4.939548154636924,0.9991203357023749,0.8771007372314077,2.0
70.11883262777788,9.580398943726133,5.247329155537521,0.9989148425104124,0.8700185747341965,2.0
35.746897724972726,-52.58930325249202,6.859408962969327,0.9990587227620246,0.8303207026296213,2.0
52.83714350567623,48.24506020485485,6.59634878545701,0.9986559582989295,0.8581803491011367,2.0
47.25566489533073,-55.57002360041218,5.071900462947381,0.99848408372316,0.847790788494282,2.0
55.98140795183713,-59.92245840436207,4.760839585449585,0.9988379693643016,0.8863007436719115,2.0
-60.058441674814425,-39.82520994025447,7.513933878125341,0.9989699721506611,0.844676932644241,2.0
-36.582144936388325,-61.321998826965185,6.743266955598303,0.9975933497727165,0.7988666564934048,2.0
49.54477067400545,-67.69856512553747,5.37147162084985,0.9984647913679557,0.8284572570636325,2.0
65.32362238337595,-61.73914010396126,4.839850650396191,0.9982775452684565,0.8689458289831788,2.0
68.3152367704187,21.114432015843256,6.452573081503636,0.9998388266940442,0.9278628566634597,2.0
-42.014500169156605,-9.008743408460282,4.686797232113626,0.9985601270400398,0.8761652288390118,2.0
37.0287790527184,24.40562175252592,6.065742333391187,0.9995376297197891,0.8831814704127698,2.0
80.3689319419533,-7.90092014589748,5.439708220444729,0.9996308899933756,0.9209011712599932,2.0
26.105527953331983,24.04554020561521,4.913893718709542,0.9984058859952172,0.8200974421500005,2.0
90.65679897227966,9.075892898026643,5.044713687366048,0.9981375829455604,0.8381785974400076,2.0
75.36593847607308,45.220848798048245,5.475116032543235,0.9990590275569619,0.8918150692230962,2.0
-45.3845485157302,6.8061322487641585,5.069082270871991,0.998848148862192,0.8851398302609244,2.0
10.220603722798808,50.22642424068472,6.436001709933556,0.9990893056842788,0.851352298262122,2.0
28.53558220700346,33.59420345375164,5.009454830898118,0.9993039506786785,0.9250293092279868,2.0
71.55092961872066,-70.55748895105243,5.77565094186126,0.9990381686972539,0.8762252602179976,2.0
-50.39732411819562,-2.800403029767475,5.822540643299524,0.9986300117431298,0.8531884540391472,2.0
24.396133610858634,52.7872610022782,6.462223905286715,0.9992586136708099,0.878726553560497,2.0
62.71988279143001,41.02617712678563,5.757968896063491,0.9981073631085192,0.8131332958017562,2.0
-2.1017079114815176,67.40648077050058,4.280894665609304,0.9974244246770414,0.7889411740995368,2.0
-49.74370394218006,-47.31005196164039,5.3177910709307845,0.9986256613053309,0.8532694405504142,2.0
-18.839127252976574,57.41008136663385,5.786778992485339,0.9982446553714349,0.8235410352341853,2.0
70.60038105120242,-0.7876666205393568,5.168341231240638,0.9993757857660772,0.8863521631517971,2.0
40.878941459686786,-62.82833795525781,4.663699363843134,0.9971173770958219,0.7836575075333968,2.0
70.74219411539546,-10.48172639644863,4.560341100219029,0.9994139614078752,0.9082717923573878,2.0
33.689385588988664,61.081109441637146,6.061078552867652,0.998872441796711,0.885409824947408,2.0
80.61556761613267,3.1153020441580517,5.623143629135923,0.9992624917863459,0.880796010875256,2.0
39.58566555072361,36.61805957448985,6.444615789476641,0.999678857918453,0.9246488593862606,2.0
89.91294577827921,26.11672825848981,6.21301056231606,0.9988831224515801,0.8625056043392133,2.0
39.76973523791346,49.95819835602463,6.7144903364061905,0.9986228891568345,0.8554850769114101,2.0
-54.503214963107354,-14.27627909675944,6.4622778612271565,0.9990521621745793,0.873999285038501,2.0
0.5239053629372318,77.96009403183554,6.680692143540356,0.9991207972116232,0.8522624420904618,2.0
78.07316178369781,-47.739736963232616,5.773767974817621,0.9990864509301877,0.8724854721954889,2.0
-9.340747548118271,61.977548606614576,4.837288084017447,0.9987416880989782,0.8400037562842203,2.0
-10.575508713967361,-57.03208456190119,5.310073934820725,0.9974953485665279,0.8208696546222425,2.0
63.129936860491384,30.78427686879169,4.543134769073221,0.9988678282541068,0.8634157866566599,2.0
90.70202903667042,-1.3286317727637116,5.441956881382079,0.9991065127586986,0.8949515361771633,2.0
102.43527070792155,25.922094363791967,6.400940396719585,0.9989000569196144,0.8465153616554988,2.0
7.860458016071342,67.5390289955751,5.747923108429802,0.9992894239269233,0.9011757022206701,2.0
-9.302455649786552,-66.98537224037513,4.802214808404724,0.9984633006920786,0.8579221377631934,2.0
76.3762864557962,-37.15886508218642,4.9949120520502905,0.9989133499954039,0.8437760577990304,2.0
-65.95611033775172,11.539800179651888,6.033730609877654,0.998385004150815,0.8303237775756572,2.0
71.92454442642055,35.090172141341824,5.306706205926324,0.9979058165356751,0.811169162038031,2.0
-49.29268145358791,-58.89347461557792,6.342847159609562,0.9983867287454204,0.8470717834008402,2.0
81.77316077141307,36.862361291230116,4.729371022273139,0.9995710338721232,0.8993029432296505,2.0
13.260102396408987,78.03794043382979,6.12282100755691,0.9988912131289064,0.841840978668048,2.0
-21.147526265973486,-80.40287342257554,5.802452028955968,0.9996201578914482,0.9036544291223458,2.0
76.0245661126698,-59.4629252070831,6.209870610811579,0.9982882459722315,0.7992403259572203,2.0
99.22573729197799,4.475838581156422,4.744710642551061,0.9991223633035072,0.8797080777600792,2.0
52.409675912149545,34.23914661849773,6.6474248307352894,0.999601905760638,0.9188817474806431,2.0
7.3259121681225166,87.42131068846548,5.0338607923108025,0.9988765136617663,0.865189607389296,2.0
-61.784870528331375,-1.8368849652257913,5.370590029003744,0.9994916418767525,0.9135653000221646,2.0
-59.28549979574119,-52.72786775847855,5.480490956826288,0.9988586012295648,0.8628616290837325,2.0
88.28664551785626,-57.656303561517966,6.291469555870082,0.9990853812854836,0.8954958446412755,2.0
-30.989484113351338,-73.14022769499182,6.4701228219020255,0.9984493650642191,0.8516074765759416,2.0
-3.5449281140067668,90.08588651787937,6.181868259875369,0.9993524121251343,0.8885109104199687,2.0
86.3296477252633,46.07221229453161,5.5801830452579555,0.9991991271290562,0.8586460540099162,2.0
-67.11460581771883,-58.48480298163369,4.280797741918581,0.9987221300268548,0.8550003958547707,2.0
41.49135191132149,-91.57324255097987,4.2024493386114905,0.9986571816748496,0.8570927294612835,2.0
78.8528497552157,27.566401712033723,5.0409253502242715,0.9974735896676107,0.8284038809845614,2.0
30.439043623786493,43.240454761231845,4.893428606021204,0.9974751642004385,0.7936706883067223,2.0
-31.37847681192709,-84.86644357592068,5.386105945961845,0.9973030960429784,0.7962619005805798,2.0
25.276971201138874,81.38636240176454,6.438791921208775,0.9990012229701752,0.8504353949766228,2.0
94.06782531339641,-70.52068075574888,6.370957020210078,0.9987430614692857,0.8582429075573912,2.0
-1.5970374013581021,-73.52284785968317,5.391989750790746,0.9985045492276315,0.852618867565245,2.0
-56.41007398769289,17.24753048941376,5.15727942991168,0.9981810749176688,0.8469253572325222,2.0
119.46218332378932,-0.9407988202789728,5.459995376494402,0.9988391138817749,0.8412423522111152,2.0
95.85518906816296,17.145341957688814,4.6211784282682915,0.9982874627834948,0.8399490938795862,2.0
-76.58259278624173,-8.186729758314588,6.332668001606992,0.9988745694066843,0.8614746626304751,2.0
21.814992787677802,69.42928480087068,6.052454489042448,0.9994204426258742,0.888407605007555,2.0
-26.551815057311384,90.6593852937652,6.075146040889961,0.9993682589308401,0.8677982414909494,2.0
-55.70456512159615,6.8818391184635725,5.3161407692930975,0.9980050105036804,0.8061775563237742,2.0
-53.75807733387338,-83.06565525684267,5.566626693427652,0.9981782341236773,0.8193973273284785,2.0
-24.27897297448128,68.68500880555327,6.829525185993812,0.9990722543972322,0.8502024185000356,2.0
57.07147351148343,-48.6742667469936,6.330993527182646,0.9996243146413134,0.9237892935609816,2.0
-9.730870786734474,81.45967888074631,4.203607198379379,0.9993500408078078,0.906104334122672,2.0
-85.79719208256348,17.059257482898847,5.816174758625007,0.9992041476042474,0.8814093680213541,2.0
92.73606520972197,-11.292325409312253,4.811392712967658,0.99841136851288,0.8457871601181979,2.0
-16.25509264256215,87.52239262646833,4.733433273700984,0.998799547784397,0.8619594279893167,2.0
32.793480849644034,72.3766020390814,5.366648507342841,0.9982404669775847,0.8181625677123449,2.0
-12.859862819463334,97.17644420785135,5.577892036112168,0.9990280165980437,0.8913318121616564,2.0
60.107992022357465,-70.89576006573031,5.764766106774756,0.9981991541222824,0.8115882927338548,2.0
-44.5280152836799,-71.50017053239581,6.222374431560901,0.9996343872823121,0.9219708723591319,2.0
64.21204782403746,52.06562464720779,5.452721813020978,0.9988881584494427,0.861358468831836,2.0
-11.365049328722723,-76.36582242730266,4.812973982799023,0.9997194615487753,0.931128608273513,2.0
68.00857316178895,-51.62275393960248,5.055426928118635,0.9991881295005649,0.8786008040350759,2.0
101.09940035807124,-5.473984452560244,5.417646941009752,0.9996029417930807,0.9186775222660543,2.0
47.56476055970581,91.56757840053994,6.511172650221794,0.999504326968155,0.9123489964566246,2.0
105.66225519904599,13.124604288870161,6.047741783062913,0.9992388423021888,0.8654503195391668,2.0
-55.7445644186164,-72.64800127161212,5.085014155334137,0.9995153634956516,0.9132212433801613,2.0
73.97078729694313,55.49172074796274,4.965770665335429,0.9981870661684656,0.8364753555902776,2.0
117.15329342394293,10.102988886718087,5.881737368107875,0.9992259929357669,0.8771527020965731,2.0
121.39714398355906,-15.45230287999083,6.886657229472363,0.9994260058526669,0.9098484913510236,2.0
-42.429496844230904,-83.37154048252467,5.876958443905577,0.9987471840045653,0.864764282299852,2.0
-10.410583799137518,71.98459224741978,5.254175021476152,0.9995511914562804,0.9166876251252258,2.0
-36.92715957339178,-0.19176446328632243,5.546150274647704,0.9993691194599708,0.9067097753105327,2.0
-18.045783932446945,78.31179255337987,4.717909745015263,0.998445484522394,0.8256581275821636,2.0
66.96302610064134,76.46283369790152,6.675721326309329,0.9992076205337216,0.863210072669958,2.0
-65.1408077514819,29.446625316026008,4.887921110918795,0.9983129124518925,0.8438919513877788,2.0
27.054198943387917,102.85587841572575,6.525469434046699,0.9988623972335877,0.8690080575975824,2.0
115.2794514451536,-26.775943634532595,5.029984955686947,0.9985293632616681,0.8503265428786401,2.0
49.079873763913064,-96.78082026045439,5.063441223306495,0.9992686926353558,0.9016640931196012,2.0
-65.2897452868194,-11.288287059057893,4.7652915458184815,0.9991136163905565,0.8952391349015106,2.0
109.09221139455904,2.235455593536844,5.433372580103112,0.9987501896536116,0.8332755231486954,2.0
74.18972895560398,66.25736892060924,5.8865903014677805,0.9992376247345076,0.8990523263307431,2.0
-65.46446410434096,-79.79973451365115,6.6973385898341595,0.9989339029324726,0.8711676459295523,2.0
-35.79662610261213,73.51441382913488,5.719684045167201,0.9994326277226971,0.895263369717315,2.0
111.50934438020072,-8.247159634645987,5.400201761825363,0.998610142646225,0.8277730079599627,2.0
-49.426770345704426,-92.53274567478898,4.885141370004016,0.9990925966650388,0.8747874530421075,2.0
71.48712348283655,-91.894826474947,5.875797328574072,0.9991520355391031,0.8897654263226045,2.0
113.37385970469074,21.59658731506855,5.464408237754366,0.9985648111603095,0.8534603785235646,2.0
-27.406588987402724,79.84306275305487,4.811662627171599,0.998971870416818,0.8463887907926639,2.0
85.65188212304429,69.05885586674498,5.804416499617561,0.9987814962121709,0.85686597870914,2.0
127.53434027434504,5.8953472960336075,5.145067993393106,0.9997225293799636,0.927764059049418,2.0
-24.25697922639843,103.5935872711643,7.112283732064668,0.9992802680523365,0.8828624755742888,2.0
38.61980002587279,98.62680107165204,4.8377522085884594,0.9992416906170708,0.899892195441615,2.0
64.43602204521693,-82.0720120034421,6.299048953263762,0.9991102857576658,0.8567281423781039,2.0
87.10930581133876,79.70092433260663,5.00474328904248,0.9990181678934656,0.8703382922143463,2.0
81.3667284191377,-87.63290014685381,4.887426998314941,0.999052303922313,0.8841007492126157,2.0
-38.55687114387102,98.32006027980748,8.211029418817416,0.999285186697013,0.865819749304285,2.0
-46.017502983794515,77.57181697364723,5.335905159504745,0.9984921277380663,0.8476630064507128,2.0
56.59439165020242,59.18157595463789,5.034967836577951,0.9986633186801327,0.8546343470606843,2.0
-72.15110195282818,-20.14426683066658,6.50393055484669,0.9985636388069391,0.8286466809883204,2.0
123.37930315352615,18.92323127942501,4.986499839110023,0.9975783740293509,0.8213845519582966,2.0
-71.52863184372073,1.982241352379942,5.122076978682916,0.9985617987372764,0.8600580958768573,2.0
82.51774755534382,-68.97097619938901,5.3933534327755615,0.9981046851076372,0.8366214554519183,2.0
31.098091821139512,91.67152321941967,5.46778778837366,0.9980787247883409,0.8128570479950277,2.0
-82.41073139131579,2.031328346536173,5.488642835527484,0.9990942497649808,0.8707492492439194,2.0
133.36903197459444,15.138486734275851,5.816702769000615,0.9979361409703398,0.8386958313559514,2.0
38.47527056407718,82.53765045944361,6.362699575862771,0.9988937317726531,0.8614932063193972,2.0
45.95878437548922,60.72420082310891,5.749529440992423,0.9996259637445756,0.9205975945960267,2.0
56.208285663600414,70.04625791969382,5.915907097303893,0.9991447959741215,0.894765592347239,2.0
-73.93729340844664,21.634792127526627,6.955375585351846,0.9984765194795455,0.8008538143494246,2.0
-36.37407780963275,84.70705594356473,5.445700427217012,0.9994363970047352,0.9091681581607537,2.0
94.00542620607857,62.960941147945405,4.623425220651769,0.9984470896140057,0.8473668702817247,2.0
75.25539041116171,-80.3089636206391,4.694404914169181,0.9994822172646478,0.9111053288944608,2.0
-37.84946175328211,-95.53107073340793,7.14119660829088,0.9994551061648148,0.8798920803787132,2.0
19.780770966389824,92.41318739201826,5.90790312497012,0.999731172886673,0.9288023412312009,2.0
5.241271488874123,-81.3344501128851,4.759977822679165,0.9985087288749314,0.8473099227535443,2.0
-4.234640034778072,-83.53292121514626,5.044736932970968,0.9979899074502674,0.8316812481550333,2.0
84.64451013522078,57.42449804732016,5.953798281059322,0.9990222944106733,0.867290474737539,2.0
96.12278786209336,-83.23517349118298,5.779233875770444,0.9995307487135752,0.9138885176135643,2.0
-98.31993321681573,0.7347011820788665,5.486041022617762,0.9989662689923676,0.8693932960245517,2.0
43.149267031339264,71.158618149209,5.094553285097024,0.9996059509452969,0.9187620102028964,2.0
109.9949260068089,-18.407590588942078,4.9556607408125934,0.9979480843523874,0.8042542092620106,2.0
-45.544224995211785,-104.36588468470164,4.599480348356614,0.9995444689460413,0.9150484720537717,2.0
91.5260389519279,-101.52909881769648,5.406936115914505,0.9982769989626049,0.8403031082576612,2.0
63.16212362001216,-98.85161603726615,5.020360379119897,0.999095069402043,0.8701847317019895,2.0
-46.24990508551817,87.77346079821339,4.957677651528147,0.9972847000000764,0.7878825709892976,2.0
132.47045012212112,26.740344743368553,5.46359859220329,0.9994680963354058,0.9314542297297678,2.0
6.464438649726397,108.85355814897575,4.756761887194546,0.9992233853108196,0.8806072304735496,2.0
100.92766841611149,36.99799419682152,4.848899978364652,0.9989653967698695,0.8886545317679262,2.0
-74.19463165632067,-34.17317329100214,7.7866428759676385,0.9991686709404914,0.8962453283456225,2.0
-54.05656688181936,95.04751397665086,5.796303192974201,0.999113267968992,0.8741944995748228,2.0
37.90998156132175,109.95150715838624,6.543557443588041,0.9980242235915586,0.7874704213856341,2.0
45.69002186594581,-45.02069788612949,5.683522133303081,0.9984064681113948,0.8196296190238317,2.0
-59.454162800831504,-63.43455407825468,4.890892321237351,0.9983843865625264,0.8485592547686186,2.0
103.19580749368477,59.12339311429716,5.404217238380235,0.9991238213452484,0.8549549842901362,2.0
16.27158917364493,107.27438331588252,5.230856595954575,0.9981838132984789,0.8393163048460807,2.0
100.38612907275075,-94.29538374896406,6.1237479752460215,0.9988575936355402,0.8623291887988686,2.0
58.91281085316071,86.24987532966392,6.076586618618705,0.9988402909590507,0.8488280536205679,2.0
91.27481543891656,36.98194577374248,4.796879904492292,0.9992745862605997,0.8838479184039636,2.0
-27.64015598203599,-103.99487464959053,6.201118962768074,0.9982634107015795,0.821972855619966,2.0
102.49460925564371,49.81453363961961,3.9806886593645006,0.9981018714853717,0.8373382402370763,2.0
49.769377596973364,79.33585649938914,5.46097878738706,0.998724909698455,0.8584142278291502,2.0
122.9890115411738,46.52622895572517,4.2064019389121325,0.9994491671929748,0.8991827711560364,2.0
-37.4144453822877,-109.34745922173323,4.975537643355132,0.9994005339283671,0.8876084007231622,2.0
-15.040752076514671,-101.25528565302473,6.748570233804528,0.9987390953047389,0.8335194076595481,2.0
49.63080612959121,114.57899465552559,6.149205793197195,0.9989954773593116,0.8729610348030054,2.0
-76.13736833445242,-62.34931409935442,5.5960710309962325,0.9988027874501401,0.8586189812695421,2.0
112.30419545763073,46.30554872068512,6.51965603121163,0.9993023746996663,0.8643179879661231,2.0
-99.75184738217521,-40.336663624642036,6.6983362048596575,0.9989195556080913,0.8254125310844862,2.0
88.72480050078552,90.8233908734285,6.297703410065546,0.9991236326860141,0.8727413993545834,2.0
123.92795051061691,56.69024127990729,6.006456358459198,0.9994125646492763,0.9000763689168444,2.0
96.05824024860844,44.6727697178158,4.307161540277835,0.9982858798526074,0.8146056344694387,2.0
-62.82149328959686,-107.83848536073415,6.726450649897794,0.9997296244418168,0.9284439892244752,2.0
73.69160290900058,-114.32826493449548,5.471662947988959,0.9992674500068878,0.8616233882064732,2.0
47.5218374643545,103.28733456579467,5.26550446760548,0.9983261700476045,0.8450116834575641,2.0
-2.387285943073385,-95.50464278050309,7.137473067037566,0.9995165040023753,0.8991802124723007,2.0
97.84652177507539,82.4783399566412,6.120673132547696,0.9994158707404943,0.888918927125245,2.0
-86.11545504021728,-79.13151541791603,6.365309117220004,0.9994933269188938,0.8935349675000925,2.0
110.95798071150809,34.31326488491695,5.586014097741693,0.9993543032877641,0.8862851246022806,2.0
-60.040700503805,-92.43210879331079,5.773312044212264,0.999239187011911,0.8813540532917008,2.0
75.37757801461399,94.6850061076779,4.733161562577675,0.998033667320124,0.8393485633513589,2.0
-23.997263460104417,-92.86215684558898,5.6293410415718155,0.9974344183732351,0.8166228274112832,2.0
113.22176810853661,57.531163648245034,4.807615441504033,0.9985011695144574,0.8470214573055096,2.0
64.11989460123982,-110.17849237123488,4.986561796010333,0.9990412229857876,0.8707543002944232,2.0
-105.01113221106678,-67.44295258407139,5.116858728482783,0.9975066127497071,0.7916818663278952,2.0
121.46264509218001,29.632936360604504,5.977110868465508,0.99886042337646,0.8184244939729225,2.0
-13.438978788067983,-88.94082992235768,5.7369500868335646,0.9985478314505725,0.834539826765586,2.0
119.72452749136534,39.21136952114486,3.8275108293298046,0.9977296522847624,0.8320816025455963,2.0
25.40842790328709,-35.38836403311732,5.439252899602472,0.9979748164078956,0.8084475838723507,2.0
-55.531573387137925,-116.54062880452621,4.668629147481753,0.9993274190172293,0.8832957347798781,2.0
91.97869766331011,102.10306839804684,5.534548696830014,0.9979722530989842,0.8033659339289428,2.0
-75.82226740077093,-74.27766562923244,5.063150139445553,0.9995335391342361,0.9157541512442269,2.0
100.91345435373961,94.8642485742261,6.047513025280296,0.9992898071082998,0.9071020649149141,2.0
62.782441742554745,111.44668943371362,7.446547830608987,0.9993204625023114,0.866526863433954,2.0
-42.18787773384303,119.95917598432077,6.533123300037848,0.9996380296648646,0.893285127280554,2.0
-4.914421796296142,-107.61205446954617,5.3115190547360704,0.9976149658998653,0.796338439464934,2.0
9.33076530296936,98.34979506820957,6.149205793607394,0.999166155491824,0.8603034668456512,2.0
31.11537838915413,-94.43310096014227,6.620878991784656,0.9989702369158424,0.8489612292556566,2.0
-86.42752777052803,-26.665696060413715,5.082764150259841,0.9993015005338066,0.902534618155699,2.0
75.36268713793736,113.56830745632027,5.404776875870026,0.9986048884228007,0.8331277375841726,2.0
-14.344694237090176,-114.10127309130456,6.193450444702104,0.9990854642994293,0.8741353920797125,2.0
26.16239623629813,116.2382614399846,6.9032635911192886,0.9989459977319561,0.8606074077630457,2.0
-34.9063256379993,11.693900975793492,6.578983524569226,0.9985226986738391,0.8044307807006198,2.0
94.63069855584625,53.61212639227923,4.802828305117674,0.9988013535565823,0.8392042085569483,2.0
-28.86799178220168,-115.75215301552872,5.751498808249556,0.9983450576676208,0.8473665094051435,2.0
104.0786726368499,117.33119670442557,5.088982712329011,0.9991259960038738,0.8789312236530039,2.0
83.5529816529607,108.42025885576474,4.317666568580549,0.999246471525368,0.8992794180233121,2.0
143.0451516587374,48.96493273565439,7.133588062001265,0.9995275631559354,0.8961373095587564,2.0
27.989026439719506,-105.64821037966854,5.113293136771374,0.9984942107756974,0.8506579443689339,2.0
-93.53572069301785,-18.735557947902024,5.604919086003952,0.9983182014958509,0.8200807764245999,2.0
-45.96490547748702,-114.65316649439835,5.117905372670208,0.9996960369374471,0.9254717903198414,2.0
143.16763502746113,22.042518620805257,6.280636087655221,0.9984849107689702,0.8021003871358119,2.0
-57.53930462081144,61.66724580043432,5.440410883591794,0.998407015330617,0.8205734002008592,2.0
112.34542640306736,-36.35883292015399,5.055832057970238,0.9991636999575652,0.8744700568059948,2.0
64.95749741264483,96.55697713367509,5.95786093337845,0.9987985151121436,0.8489261501714983,2.0
113.05753720528263,125.70482408731596,7.25294030420366,0.9991361770724784,0.8589320515984951,2.0
134.93011833758962,-17.650439061034565,6.913202209059379,0.9988046708672679,0.8578813683469225,2.0
129.6535836864472,38.55799122499843,6.179873501882429,0.9993284641742238,0.8850721056756956,2.0
55.04595037830743,-105.28127312950973,5.389902805762702,0.998779754030435,0.833853113420142,2.0
95.35631715267859,-35.705708759975856,5.710108757026787,0.9987941824868585,0.857490976785598,2.0
37.11127129229091,-107.75215398950128,4.296357680508601,0.99931779094989,0.9028346207374609,2.0
102.30294372257168,106.6275500140035,5.819780163047033,0.9991758199021172,0.8790513928641984,2.0
100.24016352478004,71.03605916373697,5.619935219159394,0.9995685446065967,0.9167035640385994,2.0
-56.39051386982713,73.03613495029826,6.045088321615644,0.9989644348322366,0.843231106906005,2.0
91.64755534385401,112.19605624373578,4.6576741685795096,0.9983322680176739,0.8457160808304105,2.0
130.4124066591028,-5.243921923842318,6.384946109557256,0.9989635376675908,0.8710233718266585,2.0
93.913100277898,-47.17084858070265,5.654435769431498,0.9996475771471351,0.9224456488751613,2.0
134.98246505950908,58.28215613005289,5.231424583755241,0.9989761005254735,0.867530399942667,2.0
-39.37026216536196,-121.8500998620726,4.67468548754237,0.9993991349832857,0.907654889337881,2.0
-70.34659593983773,-118.65157866277744,6.335619675693109,0.9995655864687328,0.9162615067809348,2.0
86.13657786193922,-78.8419663722293,5.17728290323679,0.9990241707273338,0.8669806917044424,2.0
-47.676629882110035,-137.97659437545803,4.7882464929949125,0.998512090927082,0.8744267623523708,2.0
72.80808088146891,103.78328587749948,4.750992346130366,0.9995114520228638,0.9133293854505983,2.0
97.36874029469095,-123.22566211452279,7.287644390300259,0.9992010902360214,0.8759750220203629,2.0
113.15010379455279,113.87547924291543,4.6356145497724555,0.9992532407440576,0.8851736564399363,2.0
108.90792344582141,86.41085360672798,5.674107490343547,0.9988260870102056,0.8593024152474089,2.0
50.9014512001977,-127.49642775516082,6.639762258803142,0.9992814520921047,0.8800407097063164,2.0
-89.62867056971437,-7.399171675649244,6.448362041616761,0.999584001391283,0.9190497868784717,2.0
92.77004766191325,-24.807651969618167,5.569774494671262,0.998996862212761,0.8677142166072839,2.0
72.0065466407286,-103.84563201510055,5.186050259419528,0.9990116903762696,0.8681847478448487,2.0
151.01622131474892,57.86191839213437,4.867727820977415,0.9976377211635787,0.7995984972139861,2.0
-97.00309699147935,-28.867620524658875,5.189769332692101,0.9988041586295501,0.8883573616852165,2.0
-46.0338770050365,65.54159706428196,6.783306492515706,0.9989058203926164,0.8411506883672216,2.0
-81.48092577122586,-46.04896476915423,6.258137182345817,0.9983795454072596,0.820270493199051,2.0
68.47581057728,134.66547862223223,5.378975835780336,0.9995769452102669,0.9181430033139233,2.0
-67.73897674520687,-68.51419902199471,4.906624680971417,0.9981938690762633,0.840264482439625,2.0
-90.90731819513516,7.8027613387367,4.82983798313509,0.9988210439613345,0.8644175515715163,2.0
-60.91454869673809,-124.01649217553947,4.5741206786891775,0.9987822249847284,0.8613737103818818,2.0
131.36322082120716,49.16668386999869,4.613008446884162,0.9987396091905831,0.8347135873807069,2.0
110.19793741474663,66.9822585596432,5.1722017879264985,0.9990297141891163,0.8684395610020132,2.0
65.07390100023369,-119.89402248489948,4.8343024966162425,0.9983781091789842,0.8182778564100323,2.0
104.17244089953807,-27.83324637265178,6.165781270759327,0.9996082412345149,0.9057028065549665,2.0
40.31420477834339,-99.6792357728647,4.012731704925775,0.999352348497815,0.9063758946308113,2.0
56.60997643362377,101.85945487975572,4.028158933062962,0.9973019287120041,0.8461453748935236,2.0
-49.84730692449401,-126.50762271369929,6.8394181101089595,0.9993194354305167,0.8659217786684728,2.0
43.26785370636101,-116.72555727561186,6.623148271824557,0.9991775300101297,0.8382391795396127,2.0
151.35338238499622,40.06555225453455,5.11340078877875,0.9978683120869898,0.8078286056941448,2.0
-35.0304247837128,24.212739262668805,6.005766900220703,0.9992255702858701,0.8867715526637677,2.0
-30.98345375016615,-181.20472117097898,7.020927597233642,0.9990266365786117,0.8669387436982579,2.0
84.50604667713819,119.29734572290899,5.461290795162161,0.9992715661881415,0.9014328501955802,2.0
108.33919420756094,139.37795913139857,7.32791748278356,0.9978974767888689,0.7956634208446063,2.0
45.47908379178355,-106.1046504384062,4.269428407884939,0.9989703529054921,0.8662058011912281,2.0
-66.8977596730487,67.74923158562856,5.793982543497315,0.9985082467625439,0.8471330213912597,2.0
98.29291444889523,131.08437431902686,5.843832424740207,0.9982729708127887,0.8473432182748782,2.0
6.399139099660905,-111.67811259442269,6.815839226970108,0.9992407876233851,0.9012015624411315,2.0
124.8147449953613,-30.72871827778345,5.3799289691056895,0.9988861779345283,0.8625888769584421,2.0
68.57394498402245,-29.292136765764795,6.1512102557008275,0.9993403421755748,0.8670507090390139,2.0
-84.84902752961888,-107.88071984709612,4.990897821911046,0.9987042410777296,0.8565700450718498,2.0
143.43224027747033,64.8148922329807,5.520738963863432,0.9983625384800948,0.8205112763475649,2.0
-68.05445814241165,-129.2903830584036,4.346637923116914,0.998677546333065,0.8806890101939004,2.0
-81.62088160934393,52.25111549536549,4.617213028450775,0.9984881079183827,0.8470585404349799,2.0
-71.62234917490663,-140.05686612279143,5.721510152764444,0.9996576154222369,0.9232376118080159,2.0
-4.334944055468457,-117.14944402323887,4.307264976213831,0.9984776736352826,0.8476930309127706,2.0
88.41172580549807,138.2277663145441,6.395697906537129,0.9995010783274798,0.8833209416066623,2.0
78.01797456032253,75.80411675223318,4.469245855905291,0.9975732601532002,0.8200147147785035,2.0
13.35678276359274,118.20288829064198,6.167070240083747,0.9985628691080692,0.8529108581044988,2.0
-9.994087685404121,-124.79840243409807,5.25689157103049,0.9992737853420193,0.8805430930005383,2.0
69.29517250778719,122.99530378596954,5.8473392825489965,0.9993118493588679,0.8827110406428473,2.0
59.51124843618742,133.30646186408623,3.732609846837885,0.9985842520605036,0.8505077620147306,2.0
161.23871631594918,40.51430255699314,4.807232747193226,0.9992866378734929,0.8823852484084906,2.0
78.96522846336883,129.99868726663445,6.15312713901498,0.9993363604815432,0.8674686535226773,2.0
12.793365030592476,-120.54872962402153,4.177105156928918,0.9986944944400572,0.8554265566510619,2.0
-45.45488138719277,18.203977089816636,5.863154979783984,0.9996100503423746,0.9213672028215858,2.0
13.811022032472586,132.51538246450994,4.991086135443212,0.9994615809632263,0.9320594419986601,2.0
104.01097052973144,-41.59702957281755,4.84085789361072,0.998676635699479,0.8541473361379897,2.0
51.65653211632965,-15.897045538171533,6.200877902326215,0.9988461060845621,0.884348190208419,2.0
159.03328319300286,78.19582628288036,5.8340200637565385,0.9985890321849265,0.8264561539350086,2.0
-75.35651032336834,61.190265811236905,5.007145069488122,0.9981331362401862,0.8391929677825258,2.0
78.64766801489051,85.38106921958537,5.218839777460197,0.9986748406737581,0.8422519834934306,2.0
35.4719192326966,-40.06584458752677,5.7564554991484425,0.9984339076972056,0.844759678350794,2.0
20.455514241292594,125.95349133031844,4.395061181346451,0.9989962934833088,0.8664719518338144,2.0
161.26991557233288,59.21129530293699,5.506599964954184,0.9997259498516473,0.9183169328643497,2.0
156.1537995409243,49.20373636803908,5.308124562918908,0.9980716689838302,0.8370058822704877,2.0
57.496538461852424,123.80233959334807,6.0374644482409385,0.9991744907156517,0.85515157806217,2.0
13.76317121733383,-130.27956229411026,5.632321862571335,0.998856231712878,0.8429769062930702,2.0
66.35155309948043,-40.96340871073705,5.753460743733348,0.9997966610996042,0.92114538332284,2.0
-76.6195018702975,10.354979868614091,4.711759101740857,0.9989305272787866,0.8717081909503078,2.0
69.2779653248591,87.21872629644368,4.34287359681973,0.9998308323247599,0.9266087073143446,2.0
-81.89667472592556,-138.0955109368195,4.784074753259365,0.9988805221431617,0.8861847269299679,2.0
-59.36214460434077,-136.56908392958186,7.064930746470471,0.9992389448217709,0.8591895770363213,2.0
141.42042396478178,34.48096494178926,6.352527222239427,0.9992443214948572,0.8991998558353688,2.0
-64.75914996994956,48.01418042026459,5.08769332131102,0.9989397211817611,0.8869699222485126,2.0
154.18422168997915,67.84634248940704,5.6841608396145995,0.9990827504559794,0.8605083404456323,2.0
88.95261852247208,127.74521162110362,4.152034180655288,0.9976534796077902,0.796445503822566,2.0
130.9519602945201,-49.323308772811245,5.889982835379362,0.9993620534418958,0.8870814681886052,2.0
97.46994296460342,144.94619216597889,4.899365639018132,0.9998537035346441,0.9303397763301751,2.0
24.877430927556897,-133.74091543781887,6.086700461219893,0.9981517055269942,0.8130127611006093,2.0
3.788148007415781,122.44225810856945,4.414257885929367,0.9969518355808029,0.808836108081772,2.0
-12.44020997170188,108.37507327864242,5.720010666374752,0.9978088830125668,0.7987930453062383,2.0
-55.14192738575936,83.78831504777075,4.849118803980021,0.9989581612118017,0.8879526297070177,2.0
-64.04948210626694,-147.5807312539565,4.982302078358962,0.9987484552985421,0.8605906486203072,2.0
51.49923933286903,158.2136048741858,5.223534424938962,0.9986451343166893,0.8337377196575975,2.0
-9.135891565637401,-143.8854520974016,5.774038813308557,0.9987132784621262,0.8339164500297139,2.0
82.47935949435923,-108.65761723487157,5.04385888046622,0.9992053343571735,0.8973030714354854,2.0
182.75909133759052,58.765683455897744,4.950383078170014,0.9981538346179891,0.8104863563961495,2.0
94.12109838879651,154.53161639708327,5.266077051784087,0.9987938421087339,0.8686269916943207,2.0
3.121572382469046,-124.7677760724927,6.421684830875799,0.9993139240789721,0.8828058505060056,2.0
-50.15077601893839,41.78314912451207,5.393728460766835,0.9990034985219753,0.8892914244807429,2.0
121.70846810664457,-41.06090169476191,5.460043956390596,0.999104977309165,0.8510448101466618,2.0
39.86913430295246,131.79908128183604,4.6948076196888175,0.9996503438181815,0.9244754802087221,2.0
66.89261315393692,146.91278715935184,6.018488189893927,0.9996908203703587,0.9253162611287588,2.0
167.4158454752586,49.41846114686001,6.0620804359796825,0.9985429564975697,0.8187742160376892,2.0
-4.0075699658575,137.84696841768613,5.4334724934770895,0.9993197713422325,0.8848390106295803,2.0
-43.198783818578654,52.59096845014292,6.5541563346959295,0.9992447251844822,0.8993976461389731,2.0
-82.06145090702616,-163.88570372995002,4.618782402797879,0.9986841326969671,0.856505852590605,2.0
-88.33501595949689,-36.815953845335585,5.308428561053458,0.9990943026625718,0.8928629417124109,2.0
-52.85417078621564,29.257412399363943,7.484828185849325,0.9987080641318039,0.8143463272051203,2.0
94.90238109724615,121.03779829031623,4.8507944201365,0.9985744157466546,0.8554607654374163,2.0
28.854368551330932,-24.863991193116686,5.741747993429957,0.998571775721008,0.8760915942978663,2.0
-85.1408788677755,-56.71788496677301,5.113004892146584,0.9978710514912018,0.8053676236521037,2.0
84.47395595429974,149.5461341505017,5.655316269070783,0.9990704236866068,0.8705422854970136,2.0
109.63837713242165,-116.84671420957037,6.608877160342106,0.998855270877967,0.8447388292717553,2.0
81.11254748919593,-98.0994505233467,5.6572270290304845,0.9983598962763549,0.8181675951814734,2.0
-96.01664716916385,-60.33685491020402,6.4444082631718125,0.9988565652505179,0.8394625527770699,2.0
-63.26055874973496,-158.7049960290036,5.1559262924520946,0.997213777761042,0.8146127557018819,2.0
103.00910134974151,166.48501660500847,7.464615391711322,0.9989737759288482,0.8930255101069201,2.0
24.213640798427086,-54.586030738761075,4.908541566857685,0.9983631171657201,0.8419487061511108,2.0
175.728511413803,30.320171062820844,5.014025800609697,0.9986675772814344,0.8314083649791568,2.0
84.0929457267925,-119.87052324382148,6.101039589083919,0.999026601670795,0.8908799165419596,2.0
-77.40941769573334,-128.41997863348618,5.114488692871904,0.9993464154591422,0.9040812121588496,2.0
-72.27249421580262,-163.7134162072262,5.2534022601991675,0.9974585861151405,0.7894452443425674,2.0
21.846497098560377,-146.26636238168982,6.888415627967637,0.9989816877918334,0.8661717831780041,2.0
-86.2348253014432,-130.5320710441447,4.015233666611543,0.9978519223018173,0.8502683592589487,2.0
-2.271392441725191,102.32995542609896,6.180765749003318,0.9992653770815783,0.8665332117427523,2.0
-4.395235626173411,-133.8307106930607,5.422208348696223,0.9989315759049382,0.8655351176755526,2.0
152.000776165413,-33.521926675938616,5.8312325993807015,0.9984790172152279,0.8515509131731591,2.0
186.27470849166713,13.075934635894862,5.557931584846875,0.9989394705935435,0.8668960541663864,2.0
125.79656122968527,76.65740745199896,5.995325661862481,0.9992731261607296,0.9006111672887127,2.0
-15.723916631770846,-134.32853825006057,5.89385481759742,0.9993955506762023,0.8776346476337421,2.0
50.0000783845877,135.17394408588078,5.997377364093541,0.9995679181379139,0.8888224585022966,2.0
-79.60126703381289,-147.49481444971315,4.9739976700275905,0.9982203639280628,0.8667695869737587,2.0
101.05770908753581,-135.56414582857033,5.683715055658278,0.9980916284562198,0.8339199314388203,2.0
-86.4666434634298,61.86621979813843,6.223469351223752,0.9983682197298996,0.8210716509153971,2.0
165.50118944888905,31.404965586810007,5.303615537369926,0.9994276829833759,0.8910955974292207,2.0
-20.915723092060215,-123.96696136410374,5.751498808249556,0.9985221794627533,0.8040121567140667,2.0
109.07665612010064,-86.12921510466353,5.902177160527913,0.9985627787212717,0.8491890428359508,2.0
-97.08610935484435,-110.83502384796141,7.678738181201876,0.9986367391384511,0.8304932433747867,2.0
-102.82425046809891,29.170914826464966,4.926456369006747,0.9986892781612309,0.8813516725202986,2.0
121.01213073172448,-50.62995327494563,4.179316813457167,0.9984836776982168,0.8250783965745561,2.0
51.2106611988682,147.70042258489426,5.341132823430572,0.9994582549162891,0.9100172054574737,2.0
-107.39227698162773,-132.92414724392245,6.312979573273225,0.99832361657381,0.847957221598304,2.0
40.23173522480746,143.07640955437654,6.622543444041367,0.9992136069094111,0.8402749839705522,2.0
-38.78166724787594,-132.41703156474532,5.780826786258031,0.9985470316563966,0.8481725207310425,2.0
-88.7766171155549,-144.73748685046854,4.700762921287966,0.9980272161148921,0.8356805827218745,2.0
92.07780005353573,-112.029974179453,5.187193887876126,0.9974685249241874,0.7905048705223112,2.0
109.041284142543,-128.44980725147508,5.095162643940339,0.9984456929826093,0.847120336529246,2.0
-55.6087902550914,-152.45382413713173,4.816002795894309,0.9985403628465721,0.876494121052326,2.0
-86.2289909166021,39.941844104406286,5.974361663447111,0.99937386881233,0.8733336628536713,2.0
41.337106362176556,155.0654463990173,5.483971064103257,0.9989272938408975,0.8633469708828198,2.0
30.87860683518785,136.0294921700007,5.158215366804237,0.9991119461816758,0.8942673980216134,2.0
-96.91065094142374,-149.58811869418344,4.83347386795366,0.9991397229203808,0.8950934748007071,2.0
-92.30056136340649,-49.43376707497912,5.147085724342901,0.9984498679103658,0.8321787703460379,2.0
112.66022154817485,-46.54533747229305,5.178426697401079,0.9987498367617256,0.8139426445720939,2.0
152.2848992980315,29.505915775282812,5.5877247374165515,0.9987311427516166,0.8593792238331427,2.0
103.72428709570599,-51.467525183951174,5.091383290698449,0.99886434310219,0.8625268341793267,2.0
121.57799073101857,-151.3021727385449,5.715473131715728,0.9995535591180414,0.9157421815838693,2.0
-74.61842206935621,34.30094411543413,5.816595949224526,0.9988848262264536,0.8633995892396352,2.0
-98.91652780138662,-158.97547380229474,4.832164899769602,0.9976673480532589,0.8273785373027848,2.0
-87.80656507899734,-155.19572828868164,5.846837004565008,0.99971014793017,0.928460992294283,2.0
74.7388152451753,-19.6832273892043,5.310190538417936,0.9986965972506789,0.8590088498065253,2.0
-93.37164931853309,-123.77449671403492,5.9118122531670005,0.9978074002789685,0.8014940668685804,2.0
21.028821750923207,142.2470240508652,6.544966749955724,0.9994873612801974,0.9120872920944658,2.0
172.31943350390532,59.89947040320804,5.603201903935966,0.9985063325417303,0.8277973913217038,2.0
102.01413172555021,-106.52375570762361,6.271148559794765,0.9984875871202589,0.8275866327916283,2.0
30.20018485059231,151.22784228025682,6.3397878174992615,0.9994987208022083,0.878758739679705,2.0
10.228488315990427,-147.58803043665628,4.86829129818941,0.9991644748727916,0.8786961845184265,2.0
37.242554618119236,121.94379935580629,5.537673091416919,0.9992535963426965,0.8813978618043067,2.0
85.0268580052663,162.26050481646965,6.738306857481227,0.9994345207413727,0.8895758600788719,2.0
55.402109861776644,-116.18852001269343,5.584160711526317,0.9990485491002687,0.8680072646615912,2.0
179.46184944999058,70.14820664235563,6.977750906152432,0.9992118444651079,0.8792170906413045,2.0
108.89589652641683,-146.51526366726304,7.871354164647217,0.9991809538305788,0.8606868104803025,2.0
-31.03613621390387,-125.71870426086788,4.5571500593492456,0.9974248731030548,0.7956492858769245,2.0
99.16984476111958,-60.41503594553218,5.030518292712568,0.9977679482540005,0.8250449169893879,2.0
19.138158521340383,-112.28245494425427,6.032289433843494,0.9985450081099425,0.8483258476803143,2.0
-107.46633315334769,-163.07937306070676,4.707075455187543,0.9986451279796907,0.8579546756315124,2.0
189.2744543358522,76.95364250428004,5.002459794954975,0.9993955007767411,0.9067532931133435,2.0
-98.85097882993846,59.043895917381,6.59292407400037,0.9984405836873441,0.8496541790476143,2.0
85.79353435495776,-40.331870616585604,4.9949120520502905,0.9987703248087104,0.859894146477834,2.0
64.90520960891524,173.24983106895783,6.320982268488599,0.9995767297670599,0.8852718136714819,2.0
-82.65966062273498,-118.63371855756124,6.034490067697141,0.9993082959600351,0.8821688737175144,2.0
28.94531245337485,126.93330776368373,4.198269147001767,0.998586354389032,0.8497192336243385,2.0
-92.72203206384009,-179.24938837789682,6.050874579121142,0.9983290685593678,0.8741044392113541,2.0
104.50516956155361,-75.8308034507367,5.452811808001834,0.9979078137965386,0.804806895783344,2.0
-103.17957790163719,-10.717237129716008,7.038944649306275,0.9989327558586817,0.8535949027901181,2.0
118.25070078870789,-124.52828610918495,4.963616333227856,0.999401068982443,0.907174955979933,2.0
100.21374122305058,-17.45830880803677,4.9556607408125934,0.9987485654643299,0.8627905416877143,2.0
166.45984466428376,69.47175020674231,5.6762912466140225,0.999530463901149,0.9159063800639651,2.0
138.9747533935945,-123.45688268430544,5.776930462389989,0.9987769538517296,0.8409695892758381,2.0
-104.47758039509482,-121.6192098756712,5.496757024220849,0.9973391980130234,0.8150309796294479,2.0
-64.37527513930584,-171.21262056537915,5.707040921065633,0.999077635328951,0.8933865764395832,2.0
109.10450121585055,-65.2786942295332,6.125953340667595,0.9989421548174205,0.8674087291322155,2.0
76.94268758599735,141.40659261295747,5.472959286818698,0.9995406301812992,0.8968761276048438,2.0
46.91377915410306,125.015756103266,4.6586477431452105,0.999220444011216,0.8782413707950593,2.0
81.95495102583794,-28.01810024956779,5.749061372956835,0.9996768647162584,0.9097568894934659,2.0
-103.5124222065329,-143.00857916582868,4.535987542034664,0.9994241599876548,0.9103881005524442,2.0
197.10701447996928,43.71819235985495,5.821077029434193,0.9990756720832694,0.8704512417603645,2.0
84.94350551037876,-17.483657729580973,5.217555652300057,0.9986586827694428,0.8378689512271066,2.0
120.26931206539791,-67.06870523235362,5.2819844436897245,0.9984347435632349,0.8502683347022786,2.0
-86.04827708945692,-67.28271606714277,5.537042411502641,0.9991330570306033,0.872415546187705,2.0
125.37862173034455,-58.41315857576423,4.805797057042721,0.9990356038818887,0.8700074961247751,2.0
-69.81500034890519,-48.80821710617479,5.809712929941864,0.9990652695124856,0.8713069991423966,2.0
21.72621532477739,-123.06485253955623,5.153941110502044,0.9979821274042481,0.811042392159201,2.0
211.0429596061739,72.89238292309906,5.898635729730549,0.9986372356884603,0.8089547068556547,2.0
152.99333474064184,20.204066277946684,3.783441669561621,0.9982542789148153,0.8249302882849183,2.0
150.5599959396417,-127.04960456538404,6.392900583505543,0.9983581769959187,0.822726063184265,2.0
-118.40261781223528,-45.02399336541353,5.19015511566616,0.9994522803681372,0.9098668407646937,2.0
-100.69689249210083,-170.7525553760988,5.547934977858781,0.9996171244260929,0.9219895036967068,2.0
185.7935564937156,30.811448350757836,5.114247395888842,0.9992154832361724,0.8979792521223725,2.0
101.17544396429719,178.77974909134284,5.096483720539,0.9980361623452084,0.8451427127765321,2.0
-118.19343264822844,-182.48071679632102,6.314146709132442,0.9979438865117302,0.811717811152487,2.0
105.76304220642973,152.86990146788028,6.579489183876888,0.997619096769279,0.8161526172135162,2.0
116.53674665101477,159.07017020553113,5.941470935653025,0.9992073309328084,0.8789666336687936,2.0
-95.71989015125581,-72.01797724032521,5.29269888718151,0.9990084957490587,0.86624254751378,2.0
-82.99422519009549,-179.97399126546148,3.803888049829305,0.9973378049772512,0.8189323702888297,2.0
43.93500507905603,-147.2130577752571,5.4251717693335175,0.9985451465226589,0.8431030028264624,2.0
-5.915935191611814,-154.69239621204486,5.571723543503312,0.9978138707252345,0.8017093581824425,2.0
-118.52782691846602,-58.39964701865709,5.67709024035142,0.9994052378810684,0.9072815187614726,2.0
158.58501751371267,-117.2496244371267,6.396691930260484,0.9978643777419297,0.8003152335523674,2.0
-85.2280124431346,-172.20947155768167,4.322896508924584,0.9966545353058534,0.7798390223678852,2.0
195.73800599593054,86.59897866035764,6.443257270671139,0.9991788596690504,0.8807113508126704,2.0
115.38767645698094,-76.66700706181001,5.547452378054139,0.9985571033028108,0.8491762518950997,2.0
-127.0560480410418,-48.41830548413562,4.145994786294738,0.9993829282914284,0.9064182000110464,2.0
198.4479375072852,97.22616125739756,4.549131202936785,0.9995514337161922,0.9156400897490589,2.0
36.1546899148502,-127.8905850695817,6.66076029111269,0.999730863500775,0.9247542486135112,2.0
-84.87923902004825,-188.96515172890975,5.279348779039227,0.9994105186813163,0.9086943923361787,2.0
74.87418689574453,155.3103401526656,5.610282739450429,0.9989962559932429,0.8677175791256396,2.0
117.09638322273864,-135.6832791943037,5.792042291270573,0.9992069914013041,0.8815745539459732,2.0
114.3630931900343,76.73284192997586,5.503346730729422,0.999000675289036,0.8679792069235197,2.0
-75.42765472680824,-174.1730190456847,5.790201395472432,0.9976289652067524,0.8016844154738586,2.0
145.13011007105334,-105.96512281005346,4.984506038356753,0.9975080808507606,0.8238851272030744,2.0
169.88115464816912,20.763537470462733,6.252394217465559,0.9990430703020512,0.8500099029012227,2.0
-112.30192719184275,-27.99041487406287,4.886643090320178,0.9994067586758433,0.928939354291482,2.0
43.819766450776335,-136.7376042463051,5.072885928145909,0.9986737946333987,0.8376989516796727,2.0
128.13779233713973,-122.58732785122724,5.166535075579288,0.9990285883501959,0.8701485297126805,2.0
115.04708180512532,-104.41913825242098,7.054446368503556,0.9983156262068481,0.8159847241002325,2.0
126.4079870770681,-88.0750126054403,6.154684800879574,0.9991707992113155,0.8755455107127402,2.0
153.804545736966,5.300724899208424,3.908131357021671,0.9993808693024572,0.9282569961785929,2.0
-105.12543693406596,-182.33176663359865,6.896560994014082,0.9976504734510039,0.7745854565488466,2.0
214.93633625262777,101.88743287614464,5.9361642271821395,0.9993086185132446,0.8556156208439226,2.0
145.786920512697,76.19840612014053,6.182372617137785,0.9992983515737729,0.885888712120261,2.0
-108.79304301119517,-47.17376434163955,4.709695666267577,0.9983238279459969,0.8421449014623238,2.0
155.53538247402147,-105.83678930296044,5.515970178049282,0.9980708849489202,0.8385080689369706,2.0
-2.5893846164908685,114.40589091942391,5.915848444549146,0.9991689809847224,0.8624618260448457,2.0
-111.1267771233708,-37.779615929769435,5.030561376438859,0.9986406251778679,0.8521641678354699,2.0
-78.98318407841379,71.882883028296,6.324333376285867,0.9995671236166586,0.8985267755020722,2.0
-101.0645800253463,-50.63782434091796,3.714347178954631,0.9995809219732752,0.9186756299581308,2.0
73.88262747291088,-125.31533241878331,5.564509720111938,0.9984369853429832,0.8224634642115765,2.0
-72.32740767869043,-202.927275023325,4.216674618667833,0.9992233125501829,0.9002613619793405,2.0
141.13520309865615,102.96795052728078,6.3479305404986786,0.9994093881653164,0.8879978868920034,2.0
175.2819795631113,10.512765490449116,5.429034095766795,0.9988024161516077,0.8846806747237439,2.0
54.62539341753969,-139.90714116811904,6.243677954374086,0.9993779388167733,0.9061259319887436,2.0
-36.21307811601126,-144.37314490514433,6.533283891929343,0.998757709095829,0.8560988828137125,2.0
63.58269299074824,-18.22541932789982,6.035028418410616,0.9982966858748894,0.7940361239175928,2.0
-96.21438344491884,-192.3991330940793,6.626111556690343,0.9992703862595477,0.8801847938713451,2.0
7.482755084783917,142.72214034998441,7.078722714806206,0.999105929966794,0.8551043399938086,2.0
75.98945091542156,176.12824115320632,5.181582762071328,0.9990872778201032,0.8697167366619282,2.0
-55.2141861278749,-178.14767083128928,5.875689129491108,0.9983594824099823,0.8429432527082986,2.0
125.49739854510422,-111.91400646208481,5.8867978728940775,0.9991594123829315,0.877909511367888,2.0
-66.08494086720019,57.30662019401574,4.204034195421453,0.9994331130174231,0.9302375379308772,2.0
-67.43656482879696,-183.11256886041585,6.351643750986073,0.9983310391420881,0.8723515564592815,2.0
-77.22037352324429,-184.52461462631922,3.6216964436497125,0.9969646468863614,0.8085832653286027,2.0
-25.727344063552138,-132.6549006822198,4.257794169257108,0.9976237088087729,0.8383258116824834,2.0
166.06152970304558,-125.9750649091319,5.20152396280921,0.9986534522577492,0.8820534080530449,2.0
25.462768354882744,-187.1627191485651,4.625015106143903,0.9991564310277304,0.8960655673662611,2.0
-121.72355546692005,-34.13005820510909,6.247753005041005,0.9992793634893616,0.8800582318550698,2.0
-64.39097173151904,99.4112552001254,5.491652493887651,0.9988028277877379,0.8583166472752409,2.0
216.05284995912476,112.36908187722915,4.636027783752461,0.9993965113459278,0.9068893910011346,2.0
-112.46410388176226,70.72347295120008,5.886581644983773,0.9995315755237799,0.914009508681823,2.0
172.55356321111984,0.06984521668690129,5.239313210617293,0.998261503826294,0.8426515507462131,2.0
62.29606496816892,-148.71706243718455,3.9846296751930397,0.9980213814189305,0.8615922115861838,2.0
-80.18491613442639,-207.08771280810785,4.701405805589839,0.999227381564603,0.8834161101235565,2.0
127.29190041048996,-100.17497871411248,6.015694008171172,0.9987768197016986,0.8674727298756689,2.0
-96.92531427448495,41.61523091971131,4.892009052195806,0.9986245883588595,0.8528891259614554,2.0
-40.51146744531344,35.19857390213505,6.344995230478063,0.9981675038696283,0.8138035833706934,2.0
-115.57224162422791,-4.7480292706086775,6.813181161471208,0.9992781196925017,0.8858589385268721,2.0
196.0942580316726,110.31241329611784,5.772568568348726,0.9989140555107949,0.8872731109620353,2.0
-51.79521246831054,-164.82546655426822,7.977213099695775,0.9988140707775718,0.8582464380032933,2.0
86.688086293938,-132.70226493945745,7.048417995657026,0.9994073947673463,0.8871649515018577,2.0
173.0456769071,-118.7628082014951,4.882993897839984,0.9986466260559361,0.8608431358372024,2.0
-74.90993215621813,104.57567293578386,6.306280070742133,0.9985005864891607,0.8469911978478603,2.0
58.31769912000805,141.22733698314033,4.316801007508343,0.9991426919131992,0.8739297207627618,2.0
111.93080437597938,177.98047859085887,5.715747064807987,0.9996909792432291,0.9106742296080039,2.0
-95.14779472293445,-135.82376732262992,6.353033981849193,0.9990576666410883,0.8854907966367411,2.0
199.77019688083746,75.21639360135859,5.690661638830259,0.9989733686915053,0.8654197950607317,2.0
-57.62419971483063,-188.87000808177743,5.18662948654657,0.9968560846809843,0.8144902876336909,2.0
205.79649733675907,129.32302875070928,5.540344815859851,0.998845410825075,0.861321837022723,2.0
49.89062217995149,-35.146143465988644,5.136044569463191,0.9987573200031067,0.8824488382113006,2.0
60.946873293754756,-158.09765828883934,5.047088160575498,0.9983579542559154,0.8424888796296951,2.0
63.40648415099177,-130.92362505360651,6.394253800542511,0.9988669060908529,0.8379026648336225,2.0
-113.32575705092123,-17.803529998777798,5.412097315843576,0.9988606812288292,0.8627512977894867,2.0
81.12852079472984,-147.41467107984136,6.989787981232496,0.9990711457899671,0.8710862696257904,2.0
-93.49245059851627,-220.99498946920198,4.670000436089135,0.998983962342928,0.8676347661423536,2.0
180.8517613725628,-127.12801442196205,6.643554537420518,0.9990991539318785,0.8931984486169745,2.0
-104.37295135897072,-22.360512616284275,4.674394286441468,0.9996506786954938,0.9266165615021441,2.0
170.4460863649176,-134.6770707511353,4.634230342396285,0.9975820602732995,0.8287111493792675,2.0
-74.70445758625581,-108.01308257099245,5.207553621237855,0.9991233833992395,0.8714725180905041,2.0
-74.8758871936797,117.79059215330162,7.010035386740139,0.9991177665755533,0.8378310124661537,2.0
106.5899424973881,187.14314890056235,4.922690445442525,0.9984551781914074,0.8227810146404521,2.0
167.78279741535283,-109.93140960098427,5.478738316736816,0.9974705027422147,0.8213972749990894,2.0
140.0466634760237,4.164158351874374,7.161395734331219,0.9987788145004556,0.8830909903370788,2.0
-134.14481782817623,-16.27421528581815,6.172576476468699,0.9995007074006802,0.8832328372077257,2.0
208.72448272929228,118.96523785309515,5.267060026697355,0.9991117700830077,0.8503989267395855,2.0
233.20029933015317,85.62607566522311,4.5917920958052205,0.9985124822573477,0.848879864942712,2.0
3.9364796459915494,131.5323749252416,4.745261763158003,0.9988574941188675,0.8894474000590012,2.0
-70.78268248224558,-97.41381753149042,6.143453625260669,0.9993469236776246,0.8853687228248881,2.0
-64.37837639291372,110.60057174993122,5.758287970853415,0.9993050302400107,0.8827149272024958,2.0
96.88889390275081,187.6646839205981,4.862200796621021,0.9980404050346776,0.8335420844213368,2.0
-70.94615241407978,-226.70250716677194,7.512580087050829,0.9991227645765138,0.8734503483862085,2.0
-83.10232892788046,-198.4784535312098,4.442485566535665,0.9988670590265014,0.8601976047043066,2.0
98.25013230506701,197.7319001733863,5.360176103796214,0.9986163240304552,0.8556942909697465,2.0
-91.56362551949624,-165.4238273834545,5.070136650000198,0.99812384952615,0.8206603592551732,2.0
232.34868659417094,97.75714397630031,4.433247511151133,0.9995982965995915,0.9195082129846426,2.0
-84.49467673174321,28.448175441698126,5.713459067851972,0.9983478232748904,0.8192995387116013,2.0
186.15053008311315,-102.35883657134922,7.292080547732396,0.9995401270051633,0.884210716186709,2.0
-71.36779511476392,129.878963382525,5.642792594590822,0.9985306114027747,0.8491836612155446,2.0
-91.61862468223232,-203.60557065672103,5.545530734272971,0.9991273739757811,0.8555347582686544,2.0
193.80687259846712,133.04558454020355,7.072145286976131,0.9990396830545063,0.8299331782113988,2.0
-95.8290208029015,15.525612324933258,4.35238591581827,0.9995666372891279,0.9185854840671777,2.0
-129.03454266602256,-6.012624056815649,4.867149127677128,0.998953095570741,0.8795600194268868,2.0
-86.01949761217769,-90.60095477337492,5.163309188324675,0.9983708425191653,0.819455852715279,2.0
63.395510632291625,160.12044016670237,6.912217697090832,0.9992775418948521,0.8671753999135068,2.0
-24.076213353897852,128.99379034817508,5.051786749076708,0.9981324784306634,0.8158107141881108,2.0
216.00021181622202,91.08343307731701,4.9763355956045325,0.999158435043674,0.8560008261446448,2.0
74.51689685340779,-136.57102756409586,5.783221096799055,0.9989033163714897,0.8621271950155058,2.0
-78.15158319577404,-216.55872029280772,5.052034174968749,0.9979690145901161,0.8169414976653926,2.0
-81.22879774631174,83.02810933034138,5.093396100263716,0.9992974236014287,0.9018057324454275,2.0
215.7977341018399,169.83872428376796,5.324569525792459,0.9992753189159145,0.8658245911279688,2.0
145.6566103120237,-52.73225251078898,5.071182183122533,0.9975676414614156,0.8282999689346494,2.0
-103.20553412122925,-98.60598282050827,6.135196843542337,0.9980649155485289,0.8361631948250178,2.0
87.88558176406933,191.6920220970289,5.102384416725822,0.9981499469246214,0.8368138244578271,2.0
164.99873090828814,-98.0733330201387,6.842674487282655,0.9976935477814673,0.8046676598982934,2.0
73.82262007414114,166.07078943095388,5.161396761279203,0.9988765877117503,0.8629018902446651,2.0
54.369400904651876,168.34187678974664,5.339123316613688,0.999393148700319,0.8866605975566961,2.0
140.74598162248887,-35.45464404745736,4.278924205716533,0.99782270266725,0.8273904235863316,2.0
124.67561165394535,-130.44437902589257,3.457077624794603,0.9992969879993298,0.9048805953167766,2.0
-6.341611240939212,126.20411322840161,6.492851051263434,0.9989715645987794,0.8479556926479797,2.0
77.35983085363105,207.81859188075288,6.147762767140527,0.9989099374317748,0.8624256299941294,2.0
177.71070729169205,-110.58009204694991,4.5584284791352765,0.9979820726757461,0.8175004866976496,2.0
-46.2633948206183,-184.41989590896344,5.148896887284048,0.997723986392478,0.8262140310091709,2.0
-24.085164623295626,-142.5036815071813,5.838892888136448,0.9980393038822326,0.8395313680242883,2.0
-103.07016651692435,-202.90775839590987,5.97293190329399,0.9990003700054187,0.8450115010999644,2.0
177.07794929036277,119.98967057785461,5.6288885291171775,0.9993427251570288,0.8891829764637188,2.0
-133.3160371208959,-31.347209653302336,5.7375417367337445,0.9989344144452684,0.849807221517194,2.0
-74.4608903986266,-193.32357148720604,5.672608902895739,0.9992098755858815,0.8767443464452033,2.0
-55.03020440922821,142.22137595866715,5.366295755994035,0.9985121356956045,0.8485155811831757,2.0
119.3622178597343,97.00279982044509,5.896071790270489,0.9993339141957052,0.9041651047909864,2.0
135.8724325427246,81.6331781435206,5.171317191743091,0.9993621836294515,0.9055173982803163,2.0
-151.4513009516417,-26.258190648880507,6.43217353724941,0.9988891913793839,0.8446345372608635,2.0
53.608091172859304,-151.1706174383439,5.128379102562581,0.9978033173605527,0.7985643386291627,2.0
57.6879329973443,201.82747875535003,5.559005462665935,0.9992494224234932,0.9231351988954707,2.0
-125.83490359267985,-23.712215792686287,5.0138115665650025,0.9988452932329338,0.8610384540499545,2.0
-48.610025787609366,-195.14316514977494,5.950543329424995,0.9975971564072456,0.8527363720183406,2.0
176.8563463930663,-92.19663387800773,6.524423691140871,0.998603990418874,0.8436398406795976,2.0
174.86478784042924,-102.51966626270976,4.017383670204882,0.9992815624101741,0.8810343141882004,2.0
4.993849605138375,-156.59414794381095,5.590104822272813,0.9987551942122372,0.8588264090157829,2.0
195.15753585837322,-126.89362152712464,7.747095904713407,0.9990840621636744,0.8499516573735753,2.0
192.83707050181448,64.8132410553892,6.868624341073985,0.9996012046535322,0.9185541145684871,2.0
33.26243122453352,163.2205627009161,6.056652207881384,0.999353380705267,0.8690484895331552,2.0
-13.686467958761686,140.94969297336925,4.667449706024133,0.9987504214161365,0.8819240027694065,2.0
0.766274226637138,-147.03917072230087,4.65520584034531,0.9988563158645402,0.8614055641440279,2.0
-17.474529708798478,-152.5280609210693,6.314758190189922,0.9971783052778517,0.7828397192723194,2.0
-83.16634625991574,-17.240250173660158,4.947889675630985,0.9983632778591137,0.8432179355286854,2.0
88.18253005216432,202.65530168060258,5.930477190438152,0.9987557751766772,0.8561990644410148,2.0
75.7093931821345,186.46198988837259,5.207907594284765,0.9995463334512922,0.919115874751866,2.0
-62.83103729810015,121.98331881553995,5.788647591846199,0.9993103066239765,0.8832978635004421,2.0
-3.473773979940329,-173.81113642798564,5.17068611603447,0.9984880385171033,0.8730573887038612,2.0
162.32269634893728,136.28216512025293,5.224881670200655,0.9987659702704491,0.8336736817395599,2.0
152.47968814798423,97.57321808123834,6.250382440577223,0.999480286558456,0.912073454955206,2.0
45.71353336825056,-157.62034492641607,5.148768578114702,0.9986797948053151,0.8617430954924082,2.0
-15.303864760251,132.14930121703856,4.348588107785696,0.9982142975638617,0.866430008533754,2.0
-112.3560694414061,-213.4193622347271,4.038334252704147,0.9991369826242218,0.8944766941689276,2.0
21.703899604695778,160.07419646221902,5.969677744661676,0.9995472086755564,0.9148633381395693,2.0
-29.0708747168115,-153.94357914124035,5.485719673823094,0.9980407017120881,0.8377638037414001,2.0
135.109400171476,-134.42993525163513,5.9404167623073985,0.9991567826457883,0.8760309280095477,2.0
186.9594919751599,-115.79379233556656,6.143978554181698,0.999143238587049,0.8976151260228674,2.0
-75.86643896719976,-86.60517116985872,5.839571661134804,0.998925410535156,0.8909190910334337,2.0
0.6643597052008046,164.40703136704587,5.33253650665315,0.9990305439842392,0.8685985554571002,2.0
-81.30983344729582,-99.05966539633927,4.566226403874724,0.9990986914637339,0.8777461546875468,2.0
-108.01638298071373,4.0374509176365,4.80440130811433,0.9995216421235972,0.9140343158104133,2.0
-37.75598840732982,-199.4036628486774,4.802493469927503,0.9974230842808428,0.8175144773118772,2.0
135.42113645732172,71.50765783238835,5.003404247016664,0.9988267129753038,0.8864409826503618,2.0
-146.48576927822532,-14.573644025902198,6.348478251353546,0.9990815437322649,0.8929771327807807,2.0
130.6458906450001,-144.84761118095702,5.460786403739088,0.9991554950218313,0.876276349200802,2.0
159.66563509399364,-135.747305263003,6.263595606005002,0.9995038134140158,0.913231136569703,2.0
85.19400328001117,181.4819545725352,5.5201576359560995,0.9993151668318574,0.8871987312346656,2.0
180.03864419984185,-76.68752973751819,6.140000768671565,0.9988782465522075,0.8424923969469079,2.0
131.8930096754788,-38.41963763197056,5.122292199956612,0.9987592411970359,0.834758265792334,2.0
-1.9758206897038626,-164.1083336960023,4.731704955992924,0.9966997512423393,0.7695045132719525,2.0
-54.47708578004843,105.97663768847309,5.202283509357115,0.9994183661359874,0.9089493992567202,2.0
36.02294579666403,176.90885589467825,5.630381847135426,0.9993112650785477,0.9023161514252729,2.0
-106.39908063436037,18.25594156266135,6.605439464071503,0.9996886991834204,0.9094704413456606,2.0
-50.6201278936035,162.90779323515477,6.027581107026199,0.9995313997887424,0.9155928245106633,2.0
68.41271562560243,199.4327522822644,5.513344395752095,0.9984353741860312,0.8446275703255152,2.0
-123.09736590154903,-13.988679557148133,5.157637778138433,0.9983498348732058,0.8169863263208073,2.0
44.16781742760193,165.4392193543981,5.112602003708993,0.9995329314331098,0.9140325804187358,2.0
150.4618009935369,-95.69379602547852,5.866328052589872,0.9996902877675321,0.9252866856982495,2.0
-44.344836877214405,-215.87179300493355,5.224771204016791,0.996145902822087,0.8303485623300523,2.0
212.52818609949165,-108.36455120056635,5.905138184456424,0.9982914329172148,0.8420298082323358,2.0
34.2332816240544,-154.5743237401705,6.799363102465205,0.9993532148859202,0.8846629503188572,2.0
-6.376192542830901,150.19814056483918,7.198412195516139,0.999309505209629,0.8822820628279808,2.0
207.71547120658838,84.13832906036832,5.865422407052667,0.9992368196229845,0.8824518634588502,2.0
46.635303113671704,175.37430895198415,5.161979168612101,0.9989866925261937,0.8458188382366933,2.0
-40.38028919415615,-156.57179398089232,6.235930958305235,0.9986487281403968,0.8818239626428136,2.0
142.17530862749496,-147.9728824705553,6.3241026131759135,0.9988505047434646,0.8650743208010739,2.0
65.72198963132477,210.40850731356693,5.85546702065586,0.9988045560938287,0.8580593082215388,2.0
-47.14797287930198,-147.68250832657665,4.995660439442607,0.998044575073202,0.8350952398245366,2.0
70.36318958000595,-153.5204737783201,5.480790644111156,0.9984266645678941,0.8216990631250723,2.0
-138.85325931833196,-6.180268895755042,4.987274797122236,0.9995755957708011,0.9188149013113297,2.0
205.06811711475484,63.26029439591065,5.509391617514236,0.9991006238707509,0.8717767538369466,2.0
137.69209906797053,-76.14853733198557,6.195791185647842,0.9980389294618243,0.8079742566437554,2.0
-57.13538487329431,-205.81384227372436,6.286466376516085,0.9994825944832074,0.917775519144367,2.0
-51.86681247576199,115.09539485370472,4.332752130392879,0.9992179921857535,0.8797768123267657,2.0
-28.70572270776247,140.11986917875296,7.068553722989496,0.9996160538709155,0.9200689110190373,2.0
55.58464148762557,178.1739574915089,4.269332669658812,0.9987946821760435,0.8825546823720127,2.0
-19.83078184421141,149.18056407769268,5.656547119553134,0.9994943877237842,0.8946144685948721,2.0
173.4350011239687,-69.0865670799537,3.9968658335405363,0.9983665932055658,0.843493607858914,2.0
7.1753069592168695,-168.5361014032051,5.53403311454607,0.9990989189327749,0.8962571962967125,2.0
23.998044909674576,-159.62658720631822,4.696354414500875,0.9985061586665109,0.8488735137388718,2.0
160.2658269453058,-147.15088768414304,4.005527086045635,0.9997354182477044,0.931964938715876,2.0
-114.53310080568865,-204.06913221970663,5.60451559101498,0.998893669405503,0.8455177239923778,2.0
-112.31286930838559,-172.15199674897895,5.661087063351299,0.9983672895589012,0.842872770396547,2.0
-144.18490540841879,18.333738802159044,6.440113479102129,0.9986351694397226,0.8538954892237589,2.0
119.6979968832005,85.96444851235894,5.194671053450502,0.9986651365774394,0.8308897911982154,2.0
109.38361722017406,210.57438223502552,5.188337263594196,0.9988305447150767,0.862041121375544,2.0
-33.42951781729508,128.55619459846136,4.397733928961289,0.998389682901402,0.8711181029044964,2.0
152.97462338589193,-154.26239843937654,6.202603066620866,0.9995092358952024,0.8631776127444556,2.0
129.74156189354338,91.06295098099238,6.135024921028154,0.9988999578149778,0.8404371297694072,2.0
218.36249408231032,81.19034809936748,5.245692866170154,0.9984477878791989,0.7991350631204586,2.0
-97.54312278885313,-212.28515937324715,4.98526651202054,0.9988060085384999,0.8400747632964469,2.0
79.30371007579551,-159.63803603169646,5.423052462940017,0.9987466358217238,0.8342447517666802,2.0
-149.72945586052649,-2.027822995241803,6.701160714781559,0.998582050397286,0.8067135370438153,2.0
-8.617581745438162,-186.10191254331804,4.802437036334281,0.9997074686109072,0.9282778470730843,2.0
145.67861176650402,-137.26936673569708,5.057446340812277,0.9977773576368466,0.8377767325785864,2.0
112.44056128242516,104.74673845234447,4.562069998554346,0.998624152196631,0.8541659494770709,2.0
5.220423795005784,-179.49889903500537,5.315041700527791,0.9987335273258948,0.8846556814237474,2.0
-124.41376996673961,2.0025353115155275,4.39151519720779,0.9985582533682689,0.8435946078556343,2.0
160.14758924492003,-86.01749535862226,6.32054100023762,0.9980989899096152,0.8420668551936221,2.0
71.49794515017128,230.8628794771861,5.462343168686649,0.9993773084833688,0.9119480141799876,2.0
60.63152291177874,188.9035005052603,7.648116778862625,0.9997282691284811,0.9298173012776437,2.0
-118.514460512013,-163.21850649469982,5.2898489486755125,0.998998071017001,0.867563156764396,2.0
-23.752491518184613,158.05524812710357,4.093240920401137,0.9984546646857948,0.8451416409919705,2.0
141.52232684729375,90.95530046349586,5.728272799175802,0.9990508443404776,0.891594758969365,2.0
27.617297864954327,171.79667898390392,4.26827112685631,0.9985100142135729,0.847977648755008,2.0
165.6749977129734,7.263797842316814,4.766059781001869,0.998654466004289,0.852449617485652,2.0
78.74476610143309,196.4962922249735,5.326128770537207,0.9983841307709104,0.8452140543642144,2.0
160.0263324190052,23.76183381792368,4.125553199099454,0.9981977365638031,0.8219590376056684,2.0
-50.58730426564015,133.18899536262862,4.760652394790089,0.9979361766646485,0.8059821065460598,2.0
217.48902476602876,62.7330597975632,6.1969599219359734,0.9991826948821342,0.8758943344849854,2.0
212.1171100736256,-118.15292800344778,3.9859843434881226,0.9973685093967629,0.8183017772253582,2.0
42.505824604972645,-167.86520326522725,5.666099803035419,0.9989827820604696,0.8460720083874564,2.0
197.46000824270433,-114.52849236021233,4.484145355471363,0.999371315949176,0.9065536044475401,2.0
129.57399462508428,102.43017113961957,5.28461600082834,0.9992556762887046,0.8996288473888123,2.0
-34.20806919935132,111.13588098684114,5.417649622910833,0.9986375120492575,0.8552265424005149,2.0
88.22329112366464,214.56614632113917,6.056025096505892,0.9991624941937206,0.8764436526066528,2.0
93.15233553110872,-143.64115197882575,5.719698672232442,0.9982099861151372,0.838608016095313,2.0
-14.989930533433373,158.34034708221034,4.730060513674814,0.9986874324803091,0.8585303422414875,2.0
216.88889228175415,-135.35807337904825,6.36866446082956,0.9990390749265691,0.870700472999712,2.0
134.6096639911033,-29.09605462184587,4.625850635562075,0.9980650563762072,0.8127590689215074,2.0
-48.487548678140506,-238.92680161143426,5.885082307196492,0.9964377601606458,0.8314885425939844,2.0
155.67959296140816,-76.1034213624571,4.6908355349954665,0.9970559123428927,0.7901211706358845,2.0
180.77903054481718,81.73827601488969,4.789688636970206,0.9977619584724197,0.8304546917338341,2.0
125.8364123867268,-164.1415208879114,5.893598029901513,0.998607128192243,0.8372991906093998,2.0
43.74274748155731,186.03029783889468,5.915790867236423,0.9997424589546311,0.9294386315575246,2.0
-13.521189032696032,-165.03971116636794,6.953918972534419,0.998462059100788,0.8301525820318942,2.0
73.33055619105764,218.40543265644442,5.248190697883708,0.9983307114166184,0.8419257389941096,2.0
-56.9201784772592,-218.34954701260284,6.323090724641252,0.9994814392970389,0.9121332232010482,2.0
-24.058604754149016,-161.99567045250083,4.049622122474617,0.999086367871407,0.8927451144750713,2.0
22.596815506258984,191.8674868736283,5.090504235217239,0.998719695242378,0.8325345313318235,2.0
-38.379323670824874,-190.07985549491787,4.6230773919627355,0.998318694589725,0.8694227622771592,2.0
57.1739544640526,-27.621452743231167,5.424290916084154,0.9988942316163925,0.8864483061187787,2.0
148.1555797207876,-62.73720532402693,5.364034596774557,0.9984943145499727,0.874319627034609,2.0
162.19679719443926,-2.313142848446443,5.488976347369302,0.9981308553608759,0.8377828195847586,2.0
105.49981125310077,-171.82916551298672,5.706927433583155,0.9981534934846641,0.8107352269483552,2.0
126.21899300677065,-76.60904164518254,5.377175749187222,0.9984446176702276,0.8461251572960408,2.0
-125.11037978426438,-172.3526244191654,6.014910306541741,0.9994959542715331,0.9130544703697472,2.0
35.868103796828976,-176.0196932180975,4.916926558846397,0.9979875283219258,0.8078127595873418,2.0
150.45874616797622,-4.59965198038371,6.5878170497912,0.9982009856304757,0.8449482467139421,2.0
112.95207105319932,-161.14587083497617,7.42020772482177,0.9990238914189686,0.8704336372969622,2.0
247.86567567373,73.58804852569916,6.225343204466588,0.9988395519843211,0.8388762703903463,2.0
-39.26721379832407,167.70874901899225,4.778724379801754,0.9985593762256978,0.874871679986311,2.0
224.75894439441396,88.16786016662307,4.287049838553822,0.9986274843154304,0.8533046861482302,2.0
220.12757268336722,-115.40155000148668,4.551252297119678,0.9976258273577993,0.8042155257645834,2.0
-22.693629628528566,-218.32336768671894,6.211494687900063,0.9996714621181342,0.9241233894152823,2.0
12.235234380848993,-203.97082467974658,7.42142162192241,0.9988353243008088,0.8253155236693742,2.0
82.5176970389485,225.88347473132302,6.69255614108285,0.9986776049959647,0.8074883451402384,2.0
38.816582065393746,197.25387316428046,6.187172762152243,0.9993353270701242,0.9038515631316709,2.0
-153.37778530289611,10.067477357997468,5.981105295754138,0.9993650550550877,0.8852144345979269,2.0
137.08702660629424,-86.87435589722979,4.670659336347761,0.9969476766355224,0.8104784845608091,2.0
11.695606779479776,187.0966294872318,6.843391595413038,0.9993069673440411,0.8667569689340836,2.0
60.58700871746865,235.96745868024615,6.645009073801655,0.9990645172235548,0.8497533687578519,2.0
147.48037302358725,-72.38855794022233,4.41217515299528,0.997141087615601,0.8436384970531303,2.0
138.78014540255015,-97.23019375014805,5.945069410243457,0.9983392642055531,0.8486515608296554,2.0
33.91572195744071,-141.73913884350154,6.100126550264369,0.9980130041498364,0.8067084056368474,2.0
-26.956571984508464,-195.4772651150572,6.7970014980879485,0.9988551762629231,0.8842552684243279,2.0
-23.942098204963997,-171.25727308933148,5.25807547250603,0.9988066352559983,0.8865261407068508,2.0
-129.55296287184728,-159.40217562625628,6.435957797037566,0.9995329934476661,0.8959072146511715,2.0
133.1272585821416,-155.48631766829584,5.529350727034149,0.9985007542008056,0.8513450480971599,2.0
-64.228665163414,-196.84729734706605,5.220201049464959,0.9990373055908969,0.8915731529052604,2.0
236.73253068926977,73.6022119717858,4.971798132428429,0.9987578231837192,0.8362416530398074,2.0
204.27961104692207,-119.55522045039203,4.02818705843071,0.998759746516094,0.8839841701589567,2.0
47.383166996368736,204.67298079616882,5.213647862057314,0.9984848969023662,0.8245737606383992,2.0
34.70932072048915,-185.6095217860402,4.795380242057331,0.9993437058501738,0.9038016190311219,2.0
228.58972172871867,-119.66816210518037,5.03631011794288,0.997798302229957,0.8307384501156183,2.0
79.93403816948677,237.07258918063982,4.867632711244715,0.9990145638975557,0.893954172655024,2.0
-101.01054637855835,78.39083207253779,5.066886009462679,0.9991434044876416,0.8960913272919189,2.0
161.87329294847106,89.3783136225844,5.766493305331022,0.9989681025524183,0.8643908973719585,2.0
172.0343190888037,-11.390037357320754,6.291690198119012,0.999607312856248,0.9275373735088185,2.0
-10.068346989349829,167.79322661818586,5.991849807980364,0.9991570688286096,0.877491172628826,2.0
147.461299659455,112.07481278495406,4.803585482619437,0.9987312522324796,0.8556686187282448,2.0
216.598999980602,126.03581111999586,5.3647588203822885,0.9993127976063828,0.9024161705464092,2.0
179.26916349527008,48.570535070589706,5.894468799977711,0.9991299087257614,0.8739352581366957,2.0
-25.569954121385788,198.23293827470843,5.733317980514734,0.9993550954035947,0.8685563746128643,2.0
-115.44472700797091,80.83048758003993,4.701829173061084,0.9992410962738251,0.8904340997266448,2.0
241.20757957111184,81.74752440088332,4.355346164823142,0.998832898731585,0.8371678915063522,2.0
121.08712685523805,241.42237827502447,5.1495437965921145,0.9986730773538309,0.8294695034568242,2.0
-115.79115290792843,-122.69305388101833,5.55800860674092,0.9995012212633941,0.9155396670046573,2.0
-140.77308830063734,-24.50419854208673,4.4161814879990064,0.9996151031069784,0.9198065314622292,2.0
182.7227132455648,-64.50176640775456,6.40337419317383,0.9992666658436568,0.8816472338322269,2.0
128.2141511708602,-174.59378553104693,4.897761733320027,0.9983256020056903,0.8231012355758731,2.0
-142.5847479643834,7.1140009128159925,5.0114408023975034,0.9977253309405758,0.855337175737359,2.0
-13.62257835640517,-194.66437823994792,5.131161332383681,0.9992760680512036,0.9081337393866493,2.0
-92.06331831032573,72.37954735648921,5.781091481752833,0.9990768009434249,0.8935790362126547,2.0
151.3570425471406,86.15090222752319,5.29859768570498,0.9980816815561243,0.8066879929413008,2.0
25.02276213551612,-176.47397710335628,6.035734083153593,0.9991556289931863,0.8957652946779031,2.0
240.87447422328754,62.28488151873281,7.135575979151583,0.9994953891070772,0.8973569488772889,2.0
121.26866203585016,108.56105411791675,5.096114768366858,0.9993425554988039,0.885272721916101,2.0
227.74414676202753,-130.30260745405138,5.705490561543431,0.9984770974532211,0.8513101248452282,2.0
-102.47403524211049,69.2159431272428,4.269952976537802,0.9988306595653659,0.8842355616256986,2.0
52.481839822027226,258.57865761474017,6.150904928110458,0.9985325347877103,0.8242440436119359,2.0
15.300464690209962,-155.87745762240803,4.83824595827695,0.9980052087759802,0.8353710654394609,2.0
-107.30142574240706,-152.67515793680138,5.767996104409298,0.9984477963633002,0.8749593176426519,2.0
190.1852978356498,52.085988509999744,5.094217099951943,0.9993930747098961,0.907843366615187,2.0
90.47149131812567,235.32037178317495,5.719861112970967,0.9993093750683849,0.9051904782087293,2.0
18.525048200942233,-193.76691264856717,4.6751080717163545,0.9973398229281676,0.8469072625897331,2.0
-98.81782658957461,90.5802985637751,5.415969380029963,0.9990526078100539,0.8718337971126172,2.0
-13.298168138259465,-177.17740867138343,5.310475876367514,0.9976571098029865,0.8308430731887411,2.0
1.2712478690379012,-198.05215855183138,5.098097373336384,0.9992341456736151,0.8812738683286233,2.0
-87.62725113057839,-213.3347504993791,5.0352695468406665,0.9987589798790011,0.8391018206308213,2.0
-43.43214944180676,140.77384530876583,5.718369126782036,0.9993438748446407,0.8836129980412234,2.0
210.31170699036196,-126.53746254328595,4.679604589952519,0.9983345853093191,0.8467567116592185,2.0
55.74479850971421,-169.70078249230895,7.744127944181504,0.9995130611776948,0.8952091331690638,2.0
142.9539078427558,-159.19975885426396,5.017154498951777,0.9979874298616098,0.8078231191303652,2.0
69.40725680061006,-164.60333724930186,5.6967952515954545,0.9987961930510431,0.8353472720914578,2.0
-36.72551360741663,149.22600212619952,5.131019058765005,0.9989964238889353,0.8678094271378127,2.0
147.67707265988344,-83.76876842575524,6.417024283149121,0.9993796925475282,0.8707498450723966,2.0
-39.79695160012359,182.93403654664823,4.9305520842834305,0.9993204863857602,0.8826717569227822,2.0
-134.3113359652952,90.95698609973405,5.621427852891341,0.998453367119054,0.8720970868042228,2.0
-110.61093697635489,100.59660332285017,5.969588698709083,0.9989466712721385,0.8731538203195274,2.0
258.37046072241884,67.88600964927889,5.819917489974047,0.9989663801283026,0.8931155130201051,2.0
148.94877585357636,12.568566014909457,4.8712406514028554,0.9995563110960369,0.9219440857256602,2.0
97.70694861844525,-153.89834892431966,5.589199162058026,0.9990161518140385,0.8901660605376893,2.0
-34.87766542344636,-219.48250433197413,5.013053435217275,0.998323994234042,0.8686772286113301,2.0
79.72891949001576,247.3616498394981,5.488171302371471,0.9991364877998853,0.8744438473361457,2.0
248.76386651148502,44.57307972458888,7.743167375358273,0.9995899890661016,0.9025026970931567,2.0
-128.95300886576047,20.054486689999578,4.800216973422725,0.9990501724930739,0.8928132011651604,2.0
-105.00949995505174,-221.30771835003597,6.778941365809934,0.9994663566075739,0.8939476485492737,2.0
147.9080200888354,-16.976674257249485,6.183054854688412,0.9981131381576407,0.8358821631153935,2.0
143.41840133554044,-186.45184982522943,4.759657784614557,0.9995078432925333,0.9016005841125613,2.0
227.8801239214921,77.83352363480653,4.90329859240512,0.9989147187856221,0.8622030326511749,2.0
99.19975997558278,256.37201146507294,3.799509037919503,0.9993467362777679,0.9060140583347682,2.0
-22.9765653540309,169.06824508093462,7.003217485140091,0.9997191421484067,0.9142017695960208,2.0
7.085571430633622,174.48166726507216,6.668168413509114,0.9992218715290233,0.8597511652876104,2.0
136.9190620458114,-168.25533021201093,5.942931348145886,0.9993302819995226,0.8896280619616228,2.0
198.2312436832251,121.32590397067453,5.53923492271031,0.9983973797209786,0.8215020466919487,2.0
-119.91807566533944,-152.7978564746769,5.288218276804929,0.999153352719482,0.8962359715712482,2.0
122.17398246975303,118.19247574847034,4.624211773700398,0.9991190387711061,0.8957281577097687,2.0
205.26811212796113,-135.07764029247963,5.341982657507617,0.9971198137409585,0.7805315994291462,2.0
-29.050879265269426,-226.51589852135825,4.215369980447458,0.9975890029224375,0.8540022647877582,2.0
-97.17895495801892,-229.22803726886613,4.4191692338951105,0.9980096362721413,0.8330155483241651,2.0
16.622686277090107,-165.12021703313462,4.5523925488645,0.9989568447471934,0.8640471515456576,2.0
116.92702836157346,-93.00207440690677,4.615940161778432,0.9978258949775967,0.8569443478024387,2.0
-19.472128964709206,-185.88619631041783,5.4923598852679065,0.9976175358597941,0.8232572552782546,2.0
70.96819202249894,241.4245737203422,5.128919982715003,0.9994007143951603,0.8722611914053178,2.0
-136.25406147110587,25.682771585047536,4.460042750247913,0.9982051962821112,0.8405053344522698,2.0
-101.13408123442609,-239.22420042918966,6.419468489018947,0.9992253997125196,0.8984482905835189,2.0
-14.440746054716232,178.98645471395855,6.1065152379784156,0.9991042597164944,0.8366098175810949,2.0
237.9218065962978,50.78306174329294,4.818083091160781,0.9982219025550656,0.8435504766932339,2.0
219.30774132488548,-124.47770189619911,4.588371131216418,0.9995215571860542,0.9143556448333965,2.0
22.860668308530325,180.84922286259996,5.994175218229209,0.9990595156779359,0.8502866924877244,2.0
-47.3016525761372,-226.90047258441436,6.392020419342961,0.9974855023837146,0.827788366647073,2.0
206.69149146371856,-145.816598866067,5.573441030584788,0.9985595397654954,0.8261982863737081,2.0
187.37000532181,-85.99194047176913,5.8078804690028765,0.9978534328215662,0.8276263743069188,2.0
-157.160376811414,-37.42100527830574,6.172986249896258,0.9985270964629577,0.8238623629800496,2.0
-88.98694233263713,-235.6694870975389,6.054172261917866,0.9994086798637464,0.889060038586869,2.0
32.32498312302508,187.4790609650737,5.626985856114488,0.9988629317432028,0.8411131014115638,2.0
-114.08111661472213,-143.16031196398265,6.053375281350165,0.9973183327860183,0.7724918726694174,2.0
0.4404630904804412,-208.44449670774637,5.26468542623783,0.9991711732239854,0.8973725500452462,2.0
140.10152031151165,128.2076700432002,5.197188874661995,0.9991579666851147,0.8959694458695947,2.0
150.93615848900663,-194.29756965778404,6.139885608093239,0.9996622889751418,0.9234794734187308,2.0
-131.00731309363746,-208.06675259809694,4.886848889638104,0.9987661693324585,0.836468512691991,2.0
-60.77363345553395,133.04647063836364,5.5260000879254685,0.9981019293766366,0.809627130649011,2.0
-41.85961639588573,-174.37025967669558,5.913259164068573,0.9985105477222525,0.8745427939961093,2.0
89.57432611706287,253.62516509567925,6.229347269195383,0.9991397255941696,0.8612538800515976,2.0
-124.52503620972266,56.615867832921495,4.8187054519081105,0.9993922663295317,0.9098106522161882,2.0
-118.96038130155561,-222.5877505466668,7.301124154806408,0.9990897543462264,0.8412418114448862,2.0
203.7896294854475,34.551474148035425,5.607311797482453,0.9985352431264595,0.8492181244534279,2.0
-19.86935278811726,188.9164492566521,5.246239958334034,0.9988222264374526,0.8375346664153555,2.0
170.76492668370696,-82.5712886359283,4.904376447454285,0.9990287114479822,0.8713741731886706,2.0
-123.31783489775735,74.55666519049518,5.368928630487933,0.9995193305154593,0.9128546598141937,2.0
78.4934878736592,258.7778538570457,6.063991002173793,0.9984195988370965,0.8195197583977428,2.0
124.69634357040181,126.97470367974717,4.499597356550868,0.9991818033335724,0.8965350759794313,2.0
197.63909449254513,-82.28448802068586,5.21575184508371,0.9981642589746781,0.8429856528919265,2.0
-126.44607587820825,-142.81632503593073,6.441252351900086,0.9987442575962775,0.8818843750690044,2.0
-59.51211557648965,152.451901147375,5.284634019998286,0.9997003883490855,0.9258736591431584,2.0
110.60641574003127,198.41044465070343,7.105989107213441,0.9990135726831064,0.847357278130247,2.0
-9.850811580028552,188.83194802571597,4.817751691404653,0.9989128241785126,0.8453540125301368,2.0
164.27927893636866,-35.44635610784296,6.663108364410399,0.9993498909715571,0.8673687663762925,2.0
-73.49676620541415,154.42312479033754,6.8621836590800305,0.9993608077193491,0.9050466724442698,2.0
143.14752255204658,-176.92485084060715,4.777389676370584,0.9995426068072331,0.9117448538143927,2.0
165.4186902942428,-73.83408676527858,5.363612014708941,0.9996185476062628,0.9213268674374174,2.0
120.98606775336621,136.49517958925227,5.769856488613735,0.998478444480554,0.8531334119515787,2.0
228.5197796266109,-144.23928238706839,7.286100690954347,0.999715067516975,0.9315397368018442,2.0
195.5759491011129,-93.72106968119174,5.560042704077953,0.9985903167718856,0.8763730466769719,2.0
35.76081319741706,231.14169694288216,5.180197838363299,0.9994391370009935,0.908653699877274,2.0
143.71573502791063,-26.988380723412305,4.761518342993122,0.9986329585661262,0.8561061689169629,2.0
45.907006985916894,-178.4445481247398,5.493891356191692,0.9985298147304918,0.8496235640176486,2.0
230.15458432333944,56.621689373503344,4.928509360319306,0.9996475658884203,0.9220881785466125,2.0
203.79910272715097,139.65253777876367,4.947690846012386,0.9992601371047096,0.8999504054751104,2.0
-86.5055832775466,-247.84412696460748,6.419468489018947,0.9989783369100724,0.8462047183543154,2.0
187.7112685627162,120.70425043964359,5.048579553097754,0.9993150405672888,0.8845063691231386,2.0
-131.35446623237334,65.87538458712444,6.062071748237076,0.9989919216503566,0.8890572936714768,2.0
68.64992709851977,252.15745488851675,5.886314444142831,0.9991901615171735,0.8911710526732217,2.0
-67.80807183517383,-212.25640976966523,6.19478824326172,0.9996534783956962,0.9084428538391675,2.0
207.7826725359485,-87.16067333718095,6.123491246595752,0.9988790104852305,0.885112512588645,2.0
-111.91621151342625,-244.8787491886733,5.842395013831721,0.9986626009288598,0.8586453949321149,2.0
28.631638218217347,-197.43628144296744,6.171805689685657,0.9988706593879195,0.8670747783367506,2.0
222.7985244232105,-89.57951562916396,5.2461036159443095,0.9988922993657943,0.8638214368446615,2.0
136.6922138763956,153.1253792556515,6.59320481352568,0.9994086441770732,0.8907621857211853,2.0
15.551489212012658,-183.69126349338586,5.937825879930613,0.9983503620793172,0.7984362307653697,2.0
195.02956204238478,145.81520193751655,5.821158733867753,0.9990743171014282,0.8496619099165946,2.0
-97.54564177778752,-249.83924283375416,4.860261981369668,0.9986710829891369,0.8542249147340859,2.0
5.174951606574102,154.805516700633,5.33253650665315,0.9978605404760481,0.8301809005760029,2.0
-129.28906002368046,-229.32894917860827,5.063452141271172,0.9996252180574863,0.9097703254409418,2.0
-142.53272794758166,-177.55344411405014,4.9389073686631955,0.9994309734723259,0.9090721911283381,2.0
151.92501473209734,-168.08296750177266,7.687699047925543,0.9995872980835089,0.9129084558345246,2.0
75.054830316287,269.36450135984427,5.14219856488025,0.9983304076412972,0.8431184272095922,2.0
221.01024826341785,51.668851744047885,5.49907820444425,0.9986659745872654,0.8586559938033103,2.0
230.64790720258355,-98.58603127025374,5.385191023370692,0.999576397058077,0.9170125476878138,2.0
-144.2651473755592,-37.26978320698259,6.798752402834757,0.9987325313726174,0.8331515985294061,2.0
-112.485652712772,57.27184262765317,7.294123682351167,0.9987528879612979,0.8376477205462778,2.0
-45.14050740593141,109.25580218696466,4.59365211538514,0.9995956650295091,0.9215481927986732,2.0
94.09567623785716,224.01354193045339,5.117442639891609,0.9984570654966021,0.8466038047760241,2.0
-110.17441704198325,-193.73881351953477,5.694317727717421,0.9984430246030667,0.848979665470445,2.0
-84.23502273794954,-225.1622352390565,5.539883557712971,0.9997785829148697,0.9332908882237962,0.0
139.68396421907852,118.0167656657302,5.051480941163215,0.9992302695025783,0.8987203155588361,2.0
-33.296831304111386,175.41965084680731,5.053590767123137,0.9990067538819853,0.890612466118827,2.0
234.1060687541971,-110.09522037852743,6.057707073684696,0.9996266657952009,0.9211096260817595,2.0
25.10904181438523,-210.14583090434263,6.920950760010005,0.9995306865892147,0.9002179965256322,2.0
-20.418161851773068,-262.97543601297235,5.906108468033604,0.9977019935551742,0.8267154467373058,2.0
-123.24737611140375,99.62214946089203,6.718689787587928,0.9996505015546884,0.9101369534209894,2.0
166.29872934829095,-52.142626793618426,5.0334883008304825,0.9994948640157899,0.9006661129438822,2.0
-126.84843124627784,-66.18449729434835,4.181852467175228,0.9984201284762889,0.873838378279085,2.0
9.172820820440423,-192.2211310924674,4.746901627834071,0.9996230689573797,0.9061959992026206,2.0
-141.1026713032384,-231.75722224387818,7.031934680826367,0.9991966620351468,0.8582516417043208,2.0
229.48861401038377,42.2230423612003,7.280147470149104,0.9992481594565071,0.8795877786022669,2.0
98.5653467260647,208.85117128139004,5.7970026666407755,0.9997258618382568,0.9281478687870294,2.0
178.81488275475974,100.84263979549341,5.324908516730558,0.9988134392660704,0.8622453419207644,2.0
-133.33578160213506,-178.5537090240421,4.203497493947066,0.9994855873359532,0.9322025658529633,2.0
130.74080368293724,120.61457038219254,4.32175614751916,0.9991349676636666,0.895092554804555,2.0
-66.59558233231473,143.29184287576456,6.321264371900468,0.9988835658391748,0.8439688336534347,2.0
52.82236194699493,-187.44364912326864,5.948496331188002,0.9988918356058176,0.8622774468488817,2.0
-139.0144930197761,-120.49798996614061,7.691577754705724,0.9996002652601724,0.8894239625229783,2.0
128.71633066131292,144.36363454929963,5.3176854613646025,0.9994024427565474,0.913291144376734,2.0
162.5464723786317,-176.67929251506578,6.062958486199629,0.9988778084836973,0.8600046727045011,2.0
86.79918676110925,268.33379226545213,6.690824849610252,0.9991353304099408,0.8758703290895744,2.0
210.28556138573143,53.90439314829438,5.246114789370484,0.9991956160083632,0.8786909238729846,2.0
97.92974706006147,244.5359004853547,6.20214056625951,0.9988013514234695,0.8498054529823126,2.0
216.9238205688631,147.62385774777573,5.326929109546272,0.9988950257722926,0.8454264316051482,2.0
-31.008278292729685,-208.5642743510099,6.651191746344785,0.9991774120899447,0.8760426661741748,2.0
-37.36931722887333,-245.2405124134208,7.0814890091766,0.9973008403784522,0.7906621679122919,2.0
130.84869162031498,-66.94416855700405,5.397709868811961,0.997581590368246,0.7954498946620865,2.0
-129.11943903375973,-57.317198421881535,5.030561376267645,0.9986847547971678,0.8354752631826842,2.0
181.8574078043881,-167.86828991123645,5.732822324205267,0.9986991224165499,0.8554192987119232,2.0
183.6940127790444,110.81608657722164,5.673479227964977,0.9994889062667685,0.9113766516374846,2.0
168.64135882777808,-23.37015330317832,6.223583460210412,0.9983605542387978,0.8212093623914737,2.0
-47.69180215438294,174.89528994940042,6.364229153442549,0.9991359101927537,0.8582555612041279,2.0
-131.4158302202306,-239.84776136872912,5.674407104964459,0.9987990346862977,0.8526531170086766,2.0
71.2084098576376,-195.4176284965103,6.10513499543501,0.9988654744504131,0.8176673748924682,2.0
62.04672447659176,222.61985611952784,6.865773525560106,0.9994333547052067,0.9094867059135423,2.0
67.7305348968413,277.79646415493454,6.01830946824508,0.9986484784624565,0.8788401880451944,2.0
-27.643031085277784,-236.59791361630232,6.07547825233171,0.9975488328734587,0.7710789815109939,2.0
114.27619604935411,-56.05092818631309,4.491374773651579,0.9995913122894411,0.9192185656692762,2.0
-127.62707980091547,29.911647394506552,5.2149017276989,0.9981149978223961,0.837163175295316,2.0
157.5697447390012,-66.7481775379018,4.944310439002053,0.9982314429384805,0.8388749274659852,2.0
220.79093917178128,32.821702949701226,5.57595111084125,0.9990711182181956,0.8771929234125792,2.0
152.1982054304934,-181.44520063568663,5.3833456514204165,0.9993699622306554,0.8857936770459128,2.0
194.91587777711953,-64.07627918746022,5.879767063662462,0.9989517053124974,0.8699926941499485,2.0
182.3495951696043,129.2199323470162,5.060615244971598,0.9986067768482786,0.8278790602018884,2.0
160.2351742227484,-13.206425422654277,5.654476208462315,0.9993477775554573,0.9147858651698746,2.0
-14.382785874233349,198.07886075742405,5.498071664847513,0.9991472070747311,0.8804647418386738,2.0
-129.0755188294083,-187.62804924907397,5.8626180024753,0.9980135675930166,0.8167298035322719,2.0
214.1564797074578,136.89619162131535,5.826645593095504,0.9986020682290483,0.8272954171730613,2.0
239.3590367327523,-122.5289648559148,6.2297836942838245,0.9983795983363107,0.8444099974367565,2.0
-136.179517492723,-169.29789893335487,5.520938529053822,0.9990446991242679,0.8486918093340409,2.0
172.40670683231443,109.72668716549599,5.718015061189545,0.9984647217986411,0.8218153346951088,2.0
-150.67133486176306,-189.9145576367189,4.5711396143395895,0.9983454175675466,0.8731920719088706,2.0
-91.03019860417295,-99.57964441130125,5.179659416404631,0.9992062723974692,0.9086031298367688,2.0
-121.01686590806477,65.1172483273921,4.402528949502293,0.9971095059639691,0.7913067457121998,2.0
118.27528909042573,147.6411741896636,5.640112892038832,0.9996767851538055,0.9127826407414406,2.0
126.13380889687056,163.39019394319658,4.653511918139428,0.9988550185114887,0.8485348586055529,2.0
223.48294371592277,21.63813180843928,6.000659361969066,0.9985255950568929,0.8227784335802912,2.0
-18.348065415397404,-205.43988820346144,6.473409736879573,0.9988229779888045,0.8621248639426017,2.0
141.6185948223675,139.92947642974957,6.491901887053114,0.9995834396561571,0.918291831887803,2.0
59.887570663947244,-196.1192485003898,5.295292750524282,0.9987763602319301,0.8343645473572615,2.0
241.6885941980288,92.41788282140017,6.358587187643228,0.9991471767468811,0.8593083910722503,2.0
125.76234888314447,154.3334188732325,4.431135401113517,0.9996558661177749,0.9159650733632477,2.0
228.73379181892966,66.90925891785226,5.494842977807425,0.9996910354763471,0.9251058442989756,2.0
15.29613977945301,-173.6764227306993,4.164382307735454,0.9973447349560988,0.8158304803286868,2.0
-134.34306621845954,-197.942724722459,5.810156168365657,0.999139591604826,0.86365235304191,2.0
160.39113185332747,-45.2052982665052,3.8864965950498904,0.9994454214039592,0.9314023026146582,2.0
-23.281395308743726,-249.69851327340461,7.825632345726229,0.9986674717744943,0.8344472852981412,2.0
-144.31152298510347,-68.36460848419998,5.7403436212086705,0.9985101275534332,0.8040811932861237,2.0
87.47866595961042,330.01839917181996,6.387265563648714,0.9908157686975342,0.7783068488434162,2.0
-9.25600253166472,-211.64279469854833,4.633400654660321,0.998316799022328,0.8726401186704796,2.0
-39.934959221476674,192.89214308674283,5.071548873128169,0.9988875075661114,0.8439545596657873,2.0
-156.36505645860984,-274.17364817535855,6.924980164324196,0.9995293627458052,0.9153695514039759,2.0
-138.5420108280601,57.11998797834734,5.343666323354152,0.998829114644404,0.8874653605092658,2.0
-115.51137686688048,90.7986782138542,5.0677021189535365,0.9983824479147367,0.8436127076918551,2.0
227.18550541938947,151.15646322765122,5.569068278666403,0.9990473989054571,0.8689731151195833,2.0
266.955287120047,-115.21490714341577,6.9980809223071185,0.9997682781606683,0.9323083828914825,2.0
220.46334842437304,-164.45110597756948,5.775258949366949,0.9989850655791255,0.8519688882627523,2.0
161.15810504323446,126.01030275454356,5.184837854255391,0.9988822906891177,0.8647209518010964,2.0
242.41371035307108,-148.00766067906645,6.908279807097854,0.9987539725604683,0.8417751686006275,2.0
257.6589372378573,100.52914361436606,5.536674099527081,0.9989878889603074,0.8657418458024776,2.0
-30.67074046548114,188.61648429943432,5.172153436241804,0.9996684269078593,0.924580459509487,2.0
-133.03280949839274,78.68139770182931,5.196052504039186,0.9994732501971515,0.9182516607254442,2.0
-153.12668361484756,-238.87173095701505,6.9933373838532225,0.9992336466282199,0.85829431119593,2.0
-156.56566024457217,-174.48120252992516,6.697683267278223,0.9995803427509368,0.9245696322384195,2.0
-96.72561028875464,-81.81095455097774,4.619006808316208,0.9988197499171265,0.8589181768470303,2.0
166.85787025070053,-62.5104910985965,5.356092092771815,0.9990081572670434,0.8807789103244085,2.0
38.297390077673015,-206.11202600131708,6.929587364222568,0.998812036524007,0.8436095751258342,2.0
-127.77444877577457,112.30856312959747,6.595500985443615,0.9985425266546334,0.8516581136050353,2.0
-138.38000621123925,-49.69369497731229,7.044059216219022,0.999293459604673,0.8658977001452921,2.0
230.68699399153317,130.50153027876976,5.789275799091956,0.9995016680666395,0.8945754743637649,2.0
-111.25141262248414,-255.17657950226715,4.569290673761687,0.9975274602837028,0.8243221059733025,2.0
157.16763856003982,-23.715585099451477,5.370186465101345,0.9975526997427464,0.8204494626382822,2.0
-136.41286005199257,-149.4898925591198,5.67021786976102,0.9982425122482822,0.8410503438955846,2.0
-116.67651358709418,-71.1075948381361,7.203259497987389,0.9991100177997273,0.8331772888063008,2.0
-141.79003439349006,-244.669792163618,5.795284138306876,0.9995644060430348,0.9028975292158361,2.0
-137.63862392747924,-60.9574701289561,4.267797931818552,0.9994843422836395,0.911650544423161,2.0
73.08668498444686,289.61658802960574,6.619269489399518,0.9990090909837861,0.8900409755463342,2.0
231.29905699576193,29.799312310540333,5.373303540714697,0.9986178928354928,0.8617679418170942,2.0
-121.98217001929527,-211.07161193600388,4.69658173485986,0.998304938094535,0.8689810250242026,2.0
165.05420687330314,-207.51609715089515,4.633964705406397,0.9995905255618671,0.9262450692287685,2.0
-50.46497624480348,187.63944628004035,6.768163796129341,0.9988991354691016,0.8223649567483301,2.0
79.0644168335505,279.1628076076343,5.529053268213407,0.9975524065294423,0.8206316131664501,2.0
-145.10907307532423,96.1230816105782,5.331993764400688,0.9984776524264282,0.8725864948228527,2.0
168.4776118448986,-143.91272644176036,4.84614100554544,0.9997188764471269,0.9281945411529942,2.0
-95.29126823113398,123.73243104902605,4.783745955096425,0.9987808038254777,0.8373158580857085,2.0
-48.2409372116897,200.04811491020126,5.917237558392936,0.9990366931119293,0.8523043123940001,2.0
-144.84579519834085,83.49152133637476,7.388720151067509,0.9988551083254216,0.8377961351817828,2.0
259.8369869675956,89.6662482167216,5.595378913600742,0.9988644206408849,0.860584235391754,2.0
-119.2280828874662,46.03706208590422,5.897288938382554,0.9987909561070034,0.8822960326235645,2.0
224.97243342441342,140.2802187365541,5.590263139197216,0.9987283078717537,0.8381202713625672,2.0
-81.01827290607137,127.34869469115755,4.422263773950033,0.9976980726230341,0.8245520771303667,2.0
173.28985657789084,-43.960478517811744,5.770564055082754,0.9996102911290089,0.9190955518107148,2.0
-156.92677052649978,-56.9443221099886,4.81739577153875,0.9988492741562931,0.8411100987265213,2.0
-120.12831598648621,-236.04482897202877,6.320122094644676,0.9986233475850991,0.8407072779851649,2.0
243.03861733404403,12.784532563821166,5.296181839313702,0.9989267014934649,0.8706322503979654,2.0
-129.76694166832817,40.79064646409407,5.9710030272260015,0.9986224624842291,0.8548241034175001,2.0
170.39478092430986,80.1998325357445,5.776512978812335,0.9993269797050053,0.8882882841121114,2.0
211.06760288881742,-156.82591502403776,6.35641574337329,0.9994378622634699,0.8935168207077074,2.0
57.19496251113677,-90.78542232535145,5.063441223306495,0.999143284212159,0.8753148623021131,2.0
48.89270839069789,-198.7247517707311,6.070411730507496,0.998658343022132,0.8292945917733793,2.0
-120.60175076930835,-257.8230594371914,5.2466071426156295,0.9988539969506591,0.875289965847218,2.0
85.72833896647121,287.4965028049233,5.099457114316684,0.9964534409591781,0.8594507917104182,2.0
31.40459767638407,-166.6137558052198,5.538984515877647,0.9995834609100799,0.9176035010892157,2.0
231.5402207122379,177.8669115149519,6.422624240030786,0.9994022332599748,0.8868894135012695,2.0
-149.85383420992463,-78.12587350726146,5.558652017120341,0.9993542922708769,0.9065452559180427,2.0
-140.57449566219793,-206.53750649680384,4.876303798433105,0.9980991751809093,0.8119702995820924,2.0
206.72071162975854,-60.50646210055339,6.545194624254274,0.9987958552971801,0.8583910069542128,2.0
191.74522661589336,-28.824733066906205,6.347608911796259,0.9990145527812756,0.8908112982521333,2.0
-140.66382831036762,71.8495915024433,5.098364320944012,0.9977423238537332,0.8288533100359905,2.0
-141.00486588136837,-255.1783187837702,4.761661567105297,0.9993516169599829,0.8871230143792569,2.0
250.28367354272797,84.72324319966356,5.23847993848045,0.998796640005824,0.8595340302233986,2.0
64.15971982274014,-186.22521761820596,5.5234298663706065,0.9989179831357968,0.8414626570384934,2.0
-35.94068845252147,217.99500704760555,5.644206817026567,0.9995655457459338,0.901825028012307,2.0
219.69752542638054,-176.87434874544303,6.7600767985910055,0.9990085920136722,0.855229199025896,2.0
49.72839492312843,194.93003949936838,4.843728555992331,0.9995414560311184,0.9145227686184971,2.0
-142.65411340107877,-159.54689242507746,6.2509704176818435,0.9991623325774414,0.8788705727991366,2.0
-107.44437463977812,85.55011159041332,4.629336668497534,0.9985912272210796,0.8511629340137599,2.0
-152.27945645351366,-252.63147127296375,6.8460814219488455,0.9995467869356808,0.8848402668492173,2.0
249.3166935845581,23.13058859036439,5.296181839313703,0.9983808519166741,0.8702560253498822,2.0
-41.26251747783386,208.61263212493088,5.193939191214781,0.9990605118852249,0.8690910592500956,2.0
226.50298423343898,107.48291166691503,6.943494590916504,0.9993717531696301,0.8535822496624736,2.0
-7.543386670925054,-202.4208145575232,4.790262905647101,0.9987040287399455,0.8310390079275441,2.0
-140.01112608276944,46.05912279570454,5.649085332787916,0.9981764369343379,0.827662552559215,2.0
-140.59235667892466,-188.03510839244012,5.773659148196308,0.9988017200484811,0.8639897409873797,2.0
88.9550081186584,-164.3154306551319,5.38038323732231,0.9990872817486361,0.8730485018601278,2.0
-131.40261794666492,50.812324633199644,4.228007067221691,0.9988820890204971,0.8606170604106606,2.0
-91.39147189154158,83.1958070113677,5.116704361233721,0.9991016086882316,0.8717345764913943,2.0
236.47028963309825,4.460339757830871,5.33754084463803,0.9990518581642456,0.877023900679406,2.0
69.03806668021934,-214.7851942749284,5.324678909974709,0.9989533269076009,0.842487172935986,2.0
-156.4601730933383,79.59474323160092,4.940807356669246,0.9988322745850872,0.8844628485560087,2.0
-150.57895879459178,29.201306239969917,6.286257775994822,0.9988136499261856,0.8625727608003935,2.0
188.38262609350224,-178.48337782851056,6.789122785861089,0.9992244148939117,0.8772893880991842,2.0
-25.077521084550394,180.52706297588776,4.702288489308102,0.9981492753850668,0.8109582013024905,2.0
82.7764714760015,298.8406109975177,6.855167428238376,0.9959747214869754,0.7275185808382235,2.0
189.47821493977975,101.43395824371525,5.398554290738984,0.9984199996957647,0.8266756052845503,2.0
26.88056427041072,202.25809720982278,6.20634116371489,0.9992340481944885,0.8853546385399436,2.0
249.6937438198662,-117.31780161025543,5.461376091130526,0.9982442951888453,0.8425889979812301,2.0
218.52375753856427,158.83480201888872,6.067545434881621,0.9989369454672131,0.8412127771641962,2.0
-124.38889229576787,-201.2123440864709,4.68532327817356,0.999419959831946,0.8906518912740656,2.0
182.28950478817634,-50.75054099267303,4.737671228609682,0.9989449146793723,0.8879053112369677,2.0
269.7194175108293,84.10537129676814,5.809379608409163,0.9994141889549274,0.9077291661226278,2.0
183.83255027641022,-40.95727819480971,5.239972740718082,0.9986753698726405,0.854241072996597,2.0
-87.03644800636502,94.49415664763472,7.0253134816298575,0.9995867654386487,0.9037148766828637,2.0
-161.8657973848236,-76.41843354630463,5.468839200686108,0.9993080765327707,0.8852132593942597,2.0
-115.0938073215094,29.248225087852234,7.434207604730013,0.9994985568821002,0.9030900817782069,2.0
40.138335199223995,-83.33395827147864,4.2024493386114905,0.9978153656246205,0.8300653967525414,2.0
232.6399624683923,14.966974766174815,5.407833360186111,0.9982872993481046,0.8399099067666527,2.0
-154.04475138448217,-162.51396565621639,5.597335928265807,0.9986435545792058,0.8328663449346667,2.0
-44.93102690681238,225.18266475799425,5.056461149098576,0.9987475968996069,0.8570622435451436,2.0
169.2761122861994,-165.41864640890986,7.13083675153319,0.999466321447409,0.8956935250678542,2.0
79.46106403564482,-171.6948944494643,6.671329266251843,0.999514777190165,0.8980232146514877,2.0
181.37617108033703,-20.768713056255876,6.887578546582027,0.9984941467445644,0.8282022908121875,2.0
-127.92711167309365,10.511614452308987,4.8701665858867775,0.9991755800656976,0.8968876228099459,2.0
104.17261950578391,288.89209701422385,6.1457396066071555,0.9995954729885324,0.9205451410553859,2.0
-120.29128522489002,-193.04306769905372,4.501239303221711,0.998893032996735,0.8613501553774122,2.0
238.84236563065454,-135.16971910003824,6.519959431419387,0.9982380293244372,0.8128022142619307,2.0
176.23580973186372,-177.4336809373701,5.460885795992726,0.9988470589146343,0.884812180568368,2.0
-66.24572325508493,172.77255448514816,4.8676412733090855,0.999146297399987,0.8585493602595685,2.0
-91.22717618754156,50.007201095428485,5.315276274904186,0.9987448470947315,0.8568565925443379,2.0
190.97860398799466,-48.550652633168994,4.2808153376220615,0.999175502474613,0.8968829236446004,2.0
256.42959066026117,-109.29042102856167,5.113051992532135,0.9985453513284386,0.8524658013303794,2.0
-164.70727046350504,93.84097949531481,5.081253317209452,0.997667575523367,0.8257365550858105,2.0
171.46187287970938,130.02081451389603,5.900247379680142,0.9995946706178158,0.901466905422877,2.0
205.91784782974474,150.63358130056056,6.124386345262803,0.9996823783533629,0.9097368816996685,2.0
-139.86297047043948,34.94074689605643,5.568380668454788,0.9995007329822099,0.9330739687131542,0.0
-118.12662056147968,16.968091264444162,5.234170593965639,0.9997018088567962,0.9281630968992751,2.0
-166.0863032747194,-85.49409934413492,4.56472697022736,0.9988368790613102,0.8412193473973987,2.0
193.15295739590778,-16.73877906119731,5.595294680768151,0.9992807850336614,0.902206360411078,2.0
109.28603986616237,318.7724533414623,6.170134908823799,0.9966353422615956,0.7811334429075838,2.0
-79.0738344429929,139.55121277181797,6.779950304185684,0.9994653770799216,0.9104496909067553,2.0
226.2363539996031,167.3071810241777,5.453248281122165,0.9990896282418044,0.8714223824676021,2.0
-151.16592793806666,-207.0150893300596,5.813137778220165,0.9992926502649444,0.9022417107803904,2.0
280.7366127834195,79.77751358680487,5.352182302122038,0.99942760020113,0.9143571126482506,2.0
34.498565916089966,-217.29901321510596,4.908783230238336,0.9997487378264888,0.926550431059887,2.0
-186.04759484686093,-158.92103710363034,6.808045476649624,0.9992256986742712,0.8969745385621792,2.0
-91.8324545838743,-258.3253949272975,5.412482055624406,0.9980495420173494,0.8387617434068685,2.0
46.76130685891995,214.38642761204568,4.5801103548858535,0.9976515273081574,0.8230654853600688,2.0
-17.57852255901187,-239.0045663977801,4.372732314896634,0.9970336049851288,0.7813624048003361,2.0
27.946231040444705,-243.9649548555562,4.340873940165673,0.9981611931429106,0.8366958965036846,2.0
-175.46941636242954,-88.96509760161473,5.503524225603595,0.9992916662883047,0.8847154923406367,2.0
209.59141906189623,-174.20463953946776,3.7752323799714467,0.9978110442062267,0.8596872959565387,2.0
-54.605730515225886,211.43950948977252,7.188822969703495,0.9994848777641407,0.8939979030754724,2.0
198.64740407653431,-153.7591656214,5.78422608531903,0.9993294852546007,0.9035926466875559,2.0
184.627925783978,91.47172563198109,5.781516303982281,0.9980976760588088,0.8086026468892907,2.0
157.04895177485562,-56.59751765545421,5.276568300296796,0.9994991027206419,0.9125544967797432,2.0
-35.279161213305436,201.12417675416918,4.449939364551437,0.9986548793504898,0.8521907706740828,2.0
36.97632858988313,209.63978699294915,6.38522141007194,0.9987234943276336,0.8133026685676222,2.0
44.80744762335359,-216.4954093699186,5.432096231149818,0.9987012452581525,0.8611334504063283,2.0
134.19955792575973,-182.70172359244367,5.233490164942914,0.9994161607335577,0.907883732600864,2.0
200.059190265168,54.07617962643212,5.009114014037464,0.9992214744776079,0.8803539015498407,2.0
98.90372525491969,-163.97510217808687,4.637638231998141,0.998436207981483,0.8720575845463652,2.0
176.51106861781494,-32.587098646393905,5.964443755451454,0.9988344862783537,0.8587585442472593,2.0
-155.53779387972847,89.69311851249299,5.059184381553642,0.998980189707241,0.9153752070725844,2.0
82.52351857717393,99.97251177711803,4.238608853749741,0.9984601115005257,0.8745580400408072,2.0
88.58925261828806,278.88919721414067,4.129667431553354,0.9932673643228708,0.7479767941994695,2.0
238.26509735248777,166.72075366176594,6.643380515739748,0.9994924811292494,0.8928432672415406,2.0
-165.31282707219566,-152.97257184266994,4.2401811417123865,0.9984961264547539,0.8480891140159728,2.0
-130.84664159161872,-218.2896694051651,5.37205505850336,0.9997058559402249,0.926969079914089,2.0
264.89259669280165,-102.77887825458062,5.650433940036444,0.9988556165868352,0.8391416130677963,2.0
-100.01522770979132,148.77284001326683,7.840986786586521,0.9991846339760561,0.855675424451642,2.0
160.76029238380235,-188.11799188211026,5.514812627041101,0.9994020400984175,0.884430241815376,2.0
102.84813917990112,232.338828248391,7.038273375776666,0.9991095461605805,0.8233807862159812,2.0
92.85977939031011,303.53566650483197,4.39045832388332,0.9972846972920122,0.8568531718463339,2.0
145.42524618242052,160.6304268530073,4.826713660716993,0.9983124799771684,0.8458093850593456,2.0
193.88480507414076,-39.83849981720441,4.954966244814187,0.9979487117973606,0.8049953599452975,2.0
39.79182842908507,-224.85368456225194,4.337334691941456,0.9994227416775344,0.8914087889538033,2.0
186.33534674032256,-158.91237041535908,4.380336879400373,0.9979071930545628,0.8589512904707913,2.0
112.99407267013491,225.55447147959094,5.203578925025058,0.9992306211265041,0.8777979966945393,2.0
-45.09768603116899,216.5306646722097,3.659492705436145,0.9979603780346255,0.8330661890071116,2.0
185.0179271205875,-8.421362730470472,6.107350320195306,0.9984433342675261,0.8505628274050548,2.0
-131.09540508085058,-41.072464522700244,4.266606630830883,0.9996144832045064,0.9193254145308415,2.0
-150.36595215402798,53.3702871093026,7.156500248587032,0.9981786125810753,0.7868999961227108,2.0
128.59801414312147,172.89841558301137,5.202565697163271,0.9992589028601283,0.8630657565657025,2.0
278.3394334974973,89.13213043764313,4.221708430259817,0.9983991987143379,0.8714664564551148,2.0
-119.36681335105729,-133.03377739163977,5.445269605472801,0.9991530910013083,0.8957697547390348,2.0
254.5137067329153,32.60738537769128,5.607919885583639,0.9985926669888633,0.8355516301496749,2.0
69.47514876792536,311.7255019641547,5.683096538202626,0.9928187067607825,0.7929295999818959,2.0
25.715052744474196,225.69145791312212,4.758312015504538,0.9992644665600351,0.8802398981900916,2.0
152.59874082831948,-143.69168859229336,4.414726180024534,0.9993299146106637,0.8907646733697131,2.0
-172.457769543537,-78.02107241541232,5.3000330431327445,0.9992156711322624,0.8804323518437303,2.0
194.9047432610219,-141.5706556142417,7.014109756739177,0.9983385434592277,0.7973592579464869,2.0
238.81653923543345,110.67857022542319,5.839398810344084,0.9992774563083916,0.9006231428668257,2.0
54.705495531929316,-209.83894059363925,6.5441636150397615,0.999300612839953,0.8821949009644781,2.0
-176.29383760742655,95.99160458040167,6.823667407109836,0.9982508833510151,0.814123644310957,2.0
239.09386227901035,23.045619142716493,5.0151742975705,0.9984637048610291,0.8486286571232939,2.0
103.72973548568841,-182.45189868240308,5.141118954668737,0.9988515066470766,0.8842317416475735,2.0
-20.4362458386185,225.374711576491,4.486884092669282,0.9990731396168747,0.8924497704934319,2.0
-160.0927340501802,36.19658868559071,5.596496523114909,0.9990988918249877,0.8743970199641479,2.0
108.61167406772363,242.51399303837476,4.6748772375544885,0.9996304805396121,0.9103958338495621,2.0
106.20527636600634,251.57493230915335,4.737759156280185,0.9984136066407641,0.8227421559852518,2.0
248.60765590646432,-128.74589673756404,4.980586642516271,0.9990609643702407,0.8917486863226343,2.0
-170.10050677006612,-144.8271052204175,5.252776083495291,0.9991999890333984,0.875882614981785,2.0
143.973233966237,-204.61418166877797,6.350279867720913,0.9994079485437937,0.8712679485823183,2.0
-152.29805580937264,-226.60231161943253,5.359036663793249,0.9990263724491159,0.8694335137783015,2.0
241.928784861475,-95.09237159205196,6.464285509944795,0.9996655802786174,0.9075721973614408,2.0
-126.36224249694473,-121.91189041978161,5.064436184036694,0.9993294685859272,0.8864933292860956,2.0
202.2253925580474,-34.188344210285734,5.1796623106784505,0.9994777113212086,0.9231886774024404,2.0
169.44666667661826,-184.07034509116227,4.121757973064401,0.9976466524048312,0.823016147120592,2.0
205.07184529739482,-2.07192702726139,5.970917381451731,0.9991260715531903,0.8564250547702532,2.0
197.56544781978326,-105.49127621473909,4.58668333248042,0.9994390512331418,0.9093048298480555,2.0
200.65411831328916,-176.95755725464082,5.65764249243532,0.9982466763921286,0.8157716280363646,2.0
-83.29434407716879,162.5592075188336,5.818976363887693,0.9997008792262841,0.9107469389410279,2.0
204.81052910738683,-195.3105185174818,4.29739845787116,0.9992980750765957,0.9017379447782583,2.0
289.701903755802,88.5183990809149,7.232828354226025,0.9992723822768906,0.8559647947419293,2.0
101.9981769351363,300.19561920866016,5.303852492606537,0.9991731913973769,0.9207764651429811,2.0
-85.79447228116354,151.10397806295938,5.937328681954759,0.9994256801405752,0.8909355584102584,2.0
213.19423128572058,42.37986187500563,6.70509077045469,0.9992374392620503,0.8774527170373455,2.0
240.69552974921965,185.41744497517905,5.501590063282849,0.9988292824569407,0.862009375611308,2.0
195.77199404035494,158.02569976889708,6.45767502731924,0.9991907575333555,0.8389812195540532,2.0
48.61295750198338,-243.22683905465644,5.793127354101645,0.9990836638444186,0.8560127534846999,2.0
237.52588466742134,154.71142311706544,5.438078313984914,0.9990909394955496,0.8713984303189594,2.0
59.51549641226889,-222.2289566793267,6.814785635873308,0.9993853931714901,0.8866563944247763,2.0
-192.08038706416335,-94.89336444918625,5.700219483474827,0.9991717566189939,0.8786368725014699,2.0
197.5013952818212,-54.18670250265416,4.377143428176924,0.9994760516102859,0.9106115978341984,2.0
-170.92460454757972,-127.22181878537047,4.80580290938132,0.9989384131235145,0.8638024735719949,2.0
-55.42106947862188,224.11935613511244,5.559935675279867,0.999093556671354,0.8706732264497045,2.0
241.57421511187826,130.3248601507319,5.137812880329637,0.9989503042787963,0.8429679325438438,2.0
136.15572575616147,165.2498100304079,5.604858584786675,0.9987166567633534,0.8310792604849415,2.0
-149.8003789498337,40.8422066865737,5.46207166680768,0.9990943877645546,0.9007901631866028,2.0
-176.1092423745766,77.67872005693208,5.62223831797924,0.9987399763356384,0.8368418551596868,2.0
260.91211575154034,-93.0342164920075,4.921016248297809,0.9990294995071662,0.8679765859082881,2.0
173.15333207669275,91.36639486088184,5.752367146939118,0.9993481363705059,0.8868038763145739,2.0
246.95985507149624,102.91428410479199,5.480870457252229,0.9984498856138115,0.8466228918638345,2.0
156.2874672319773,108.04640477619068,4.960537994387915,0.9987098846623659,0.8542717448153937,2.0
-95.73939323626576,-90.9576013771568,4.6372765488209104,0.9984981956832707,0.85152023765514,2.0
258.1861432430921,-124.32140844820145,5.628645464264461,0.9989761171331794,0.8895770854585553,2.0
245.3107486330667,-107.25762679259229,5.55683162867024,0.9993992073801117,0.9067683462708419,2.0
-159.64704910193024,-202.79019765077496,3.7341952705606976,0.9975333948537207,0.8235907808737098,2.0
291.2387051756729,73.47523475600464,6.909981101166572,0.9994856330488223,0.9012014388381243,2.0
185.57955591392044,-204.47837392288451,6.0225198016076495,0.999262245473073,0.8636966657827705,2.0
155.71116817493518,160.11747966341156,5.500970015465996,0.9994470724387818,0.8746072185119343,2.0
-152.02217696136242,-92.38674924027943,4.320883200349797,0.9983908796017215,0.8190908265637652,2.0
-159.68530329102146,46.34385526756971,4.62371410374815,0.9976708090416415,0.8555797008863687,2.0
195.6837141569,170.81826106597197,6.387937935379205,0.9996277126775462,0.9049787643920202,2.0
270.23033313254945,97.46744737575048,7.466917178280375,0.9993758418782643,0.852430017376609,2.0
209.4900845251444,-184.38230655859982,5.925696372505699,0.9997205009736264,0.9303388356108239,2.0
-135.70536711024656,102.52771319712234,6.130398592187737,0.9981119275801185,0.8117827403295687,2.0
-89.5029402301848,131.94459693341366,5.31607053906903,0.9988118575625721,0.8587534870537696,2.0
-6.755430950017064,206.98228852674643,6.304671027667545,0.9987992333707698,0.8358391402121014,2.0
-25.460243197981494,217.14014089741636,4.892555724466553,0.9990237134275471,0.8712115338523506,2.0
195.11185271269454,-165.8320591672761,6.863442836927044,0.9993961212209402,0.9071048810135498,2.0
-155.611199595013,-67.28506180406504,5.666271335777282,0.999335309999879,0.9033497050060555,2.0
194.4390866208834,4.225544278094299,6.460635465858465,0.9987479246962384,0.8626691178896537,2.0
210.2332685933063,23.3232164721258,7.424104726003886,0.9993040418118647,0.8816713503555512,2.0
-106.37012623544375,-77.21040231104533,4.833688306540841,0.9983915897291773,0.8709985975557998,2.0
249.295665186905,168.81587340350575,4.643266377381531,0.9979867240718177,0.8358636404436435,2.0
213.65351096704993,-39.92442009202239,5.992167133745906,0.9988029337878344,0.8608249007191802,2.0
243.4709356484086,32.51654143681704,5.454538599867528,0.9997338058161159,0.9297892936213995,2.0
-147.12681956599155,-58.00960099871895,5.085438956001631,0.9983797022382689,0.8457056006337121,2.0
-3.059015330501304,181.10955505858024,5.505755804266064,0.9995221413322914,0.9147203385976155,2.0
0.5852668866533194,-188.32450152333564,4.695608811982191,0.9994723976126899,0.8962808087213852,2.0
-174.8092725103392,-154.35161150392523,5.426957291071659,0.9983887342854757,0.8218131021877862,2.0
-170.9653801934087,43.83589055364946,7.032138707603354,0.9991528439183444,0.8749844235364006,2.0
29.349834304459655,-229.6121018906626,7.17959324504536,0.9996129839530934,0.9032977437772869,2.0
-162.19306941081425,-210.9639846929365,4.876396319536822,0.9992328300766782,0.8777964613621082,2.0
-99.18677486579678,132.06133563713306,4.439699263099912,0.9984981838781216,0.8506645067692177,2.0
65.3437693366574,-205.00796953537338,5.190478720069681,0.9988830058767307,0.8407675755529808,2.0
-193.83973559331082,85.02813331613055,5.789563319364213,0.9979636488720575,0.7815913288955272,2.0
-94.1972335843713,-278.15217346725154,6.9236518414188755,0.9987672300075096,0.8582819203047934,2.0
134.8527199414844,-194.89792284132298,7.02986764859253,0.9996548128735013,0.9075993419355947,2.0
-117.08783412873767,-83.6773124333996,5.4345411644225186,0.9993865915527992,0.892547871841429,2.0
175.01038563215758,-209.74802839553243,5.509255704025948,0.9989655547282301,0.8879475893559865,2.0
197.4208764024698,-188.12288886010802,6.055275135483134,0.9990763223927297,0.871839905038493,2.0
-174.93529185791436,-108.89865904766363,6.538671670042973,0.9987762760420746,0.8183798149102813,2.0
-170.08101714529363,31.336204983737037,5.575195422031301,0.9985880804793444,0.8280525167401744,2.0
-73.80264275468818,91.88970684414076,6.524229737412869,0.9988456687488156,0.8395917116971275,2.0
203.11996411142755,-45.52817244872356,5.97763785876372,0.9992277001692615,0.8815990439823813,2.0
-147.95904518900915,-148.28832154550472,6.029229120882434,0.9990886653682453,0.8723947832888272,2.0
163.15166069783544,115.70634745063883,5.392127815183246,0.9986927441363567,0.8557864737419746,2.0
203.0215323186019,-12.65382113362736,4.85949772819301,0.9989988667067117,0.8671317893371194,2.0
-195.72660694956863,-153.8642550991047,4.148861567550131,0.9994859682407702,0.9126982137855641,2.0
-117.8975586426836,119.54265951702764,5.747047472305349,0.9984718599386638,0.8472426104637082,2.0
252.90898492075723,-99.44898706466293,5.396349496779129,0.9989266215157483,0.8406315202984187,2.0
-145.15159225287655,-197.78749516665022,5.029132595048904,0.9995474193944068,0.8971987632735879,2.0
-116.93877489028091,109.15443176409755,4.748024969930757,0.9985000544613798,0.8268411384011716,2.0
-107.48214363055259,-57.20978921743736,5.49545583632984,0.9987065022365748,0.8370306898046476,2.0
-161.36259610553282,-94.02432859353452,5.214735804499111,0.9995215208893226,0.9148679547731003,2.0
-14.503885161029718,216.603960391472,6.141625030769682,0.9991529551761837,0.8769495735610545,2.0
260.33057272004095,23.145569431473266,5.540038563226134,0.9989186891343645,0.8896956591694755,2.0
167.6801052649018,156.57510589100892,7.0267410256963405,0.9991971347399583,0.8576980174466032,2.0
-166.95468035816015,-164.62200433386326,7.560808861869797,0.999422798865417,0.8726608307430735,2.0
99.61169100135359,311.3096413176097,6.029612239592559,0.9982202926624731,0.9002747956977685,2.0
88.91504854705182,316.11378398717056,5.46321285300365,0.9972740924136266,0.8832382575726204,2.0
281.7539291646415,-115.71543959149683,5.950118933007042,0.999285403971898,0.9012896355706541,2.0
-168.3356313432097,-197.81928625820433,6.360492631099422,0.9990073342308528,0.84936399389919,2.0
-68.90238562935848,79.84741542207051,6.560517347758386,0.9991614569701903,0.8770686178775202,2.0
214.33809210091638,-10.634052847358289,6.676387480246443,0.9995038770861729,0.8782834618134739,2.0
220.9180404937837,72.30879642592775,4.040580145205356,0.998150464302306,0.8111036392178144,2.0
261.02252036446106,-136.551338764745,6.4869570195042465,0.9994379286917968,0.9087732949976834,2.0
257.3400689848,164.63734123791164,4.464687188651966,0.9991226717961643,0.8738111021455809,2.0
-180.70063084090816,68.91928509723202,4.3023877305883005,0.9983766158320352,0.8215938724138495,2.0
125.08897382915802,-203.66132835229476,6.127979622173564,0.9991107848165507,0.8509922072398397,2.0
-127.39975389638472,-78.72754265326084,6.020782614506598,0.9994528887999311,0.8969104397239857,2.0
-26.79776830469464,235.49119601229577,5.75205606545024,0.9997330574450629,0.9209669341253439,2.0
37.371690734713106,-239.9628630711379,5.979194212575165,0.9989469050252676,0.842889035221003,2.0
-194.51163022460446,-80.87062943940087,6.169394429470814,0.999595354930677,0.9179638471337804,2.0
206.68776641209385,-205.2358473830546,5.8381767447436985,0.9995889381160609,0.9188239013994522,2.0
124.30304500986608,182.02299190753027,4.940308086392305,0.9991767193163407,0.8960878440371224,2.0
185.05624369469902,-191.64875072492777,6.8624906622321165,0.9993431290067064,0.8842472503456068,2.0
309.50091344943183,81.9226467137076,5.730254316657591,0.9994612221792585,0.8947949393134852,2.0
-130.0574595786256,-131.6288874546027,5.391924933751259,0.9989066697217189,0.8628201517070008,2.0
116.19692547275733,289.5007624191657,4.534479514691408,0.9983532543195617,0.886292304631682,2.0
-161.21909750918616,25.73965188136549,4.948486441215038,0.9992854844910891,0.8811440498240151,2.0
182.60167924523057,140.90630767003057,6.699762504384787,0.9990464912538853,0.8486281808396066,2.0
223.4337733574217,-47.68164403270182,6.279330396804084,0.9993071401092822,0.8885186073230187,2.0
111.02515269709595,306.8958793809195,6.022696299884822,0.9975615756433677,0.8075918532264099,2.0
-107.75745071171461,137.60569179931068,5.838259216708312,0.9987499320626679,0.8574335882578454,2.0
50.62428564922147,269.02397126577546,4.548897626548482,0.9973193851941228,0.8137731083254235,2.0
-186.81806961918548,-132.63152999552537,6.170430148712891,0.9992848689341772,0.8639670246162878,2.0
-112.94207942991605,-103.78157092908302,4.9913637984410775,0.9977110802201923,0.8256763361098567,2.0
-151.2285305402334,-47.87023323082281,5.9374532350292535,0.9989334531225988,0.858220913510587,2.0
-107.33404875672062,44.9563239831545,6.1205019576878215,0.9991897284876684,0.8966399333233738,2.0
-191.81825112392087,-185.04738242297302,5.88439350166394,0.9996826100817385,0.9089267131839742,2.0
-144.28228160144823,-97.2678041465015,4.897786591047292,0.9979287367482739,0.8113171233384664,2.0
293.10558840990296,100.71232289155361,5.470468431606308,0.9994319593910796,0.8891728518601052,2.0
-182.9363418947941,86.04075865267706,5.247565094088899,0.9981637615663412,0.8387319197880555,2.0
-201.66573083097134,-90.34480663851633,4.953043101921622,0.9995100196721615,0.9129082123906561,2.0
263.38005297195383,50.751203407087964,5.862668070717763,0.9990950350510884,0.9187095734460293,2.0
232.73416754289036,-88.6554852523986,4.798144423873964,0.9988548723290568,0.8624537538523241,2.0
-186.99974084291546,76.24973698249596,5.407589589241627,0.9986610101102212,0.8326241350615948,2.0
150.28112578752598,171.149082156212,6.831129555400512,0.9993358511741588,0.8696486973196239,2.0
216.03546881590376,1.4935512884212585,5.629648180722618,0.9989741777064964,0.8657303108109209,2.0
121.86684901453955,304.17191598428025,5.243568460230839,0.9983301406905699,0.841639107117945,2.0
294.0977158410502,-135.9164758913943,5.553192607771045,0.9993890705241235,0.8725289634220547,2.0
-8.57314536633029,-235.29849286522284,5.448345761628168,0.9990244733090057,0.8903971513681576,2.0
164.65754027123407,100.86223426781552,6.120399437291417,0.9993990928623958,0.9070848607333417,2.0
-183.1303391917756,-76.97334298435304,5.494721733628168,0.9989731071373372,0.8675218854420789,2.0
16.34318388070499,230.21958868068083,5.697324247437058,0.999208720134899,0.8577016149700325,2.0
-86.64900270467382,108.88850961276768,6.288613167176392,0.9990124719506269,0.8906503490948728,2.0
-18.801644041229512,-229.2911803139812,5.457925584866107,0.9992782245960713,0.881938042015648,2.0
273.109186733808,118.15032253487831,5.257970578887335,0.9995324885933093,0.8808728942765629,2.0
134.0261224239761,-210.98276195311112,5.488263499562373,0.9993510410833397,0.9067453835509075,2.0
-36.947835849134414,231.45760167562332,5.178804979934777,0.9984427248418172,0.8605990871609088,2.0
202.43037256680677,-23.223162529942808,5.7912458434078316,0.9988317091514691,0.8513083761375072,2.0
-195.52331495916653,-126.56156122520729,4.481954990430513,0.9995402427517502,0.9196798485579011,2.0
270.64568073066704,-82.04424826557823,4.802767197749721,0.9981526173879164,0.8424379472620754,2.0
215.1071701085406,-194.90754135438587,6.046684409353154,0.9995724885546736,0.8894427460274243,2.0
21.116120676679447,-238.2242322770962,4.649831506222509,0.9990138293310911,0.8918471975727804,2.0
-170.1101251417043,67.26229465415366,6.481694650133709,0.9991641344372887,0.8792400230244768,2.0
97.91725008120123,323.26417029439773,6.243286718690618,0.9935803528332622,0.7119326403792028,2.0
195.73228513883976,-199.35397010362368,5.371272163497767,0.9992626643299192,0.9050748452317208,2.0
-106.54218363530423,123.99060194193382,6.535279287016207,0.9993650923186554,0.8776312612586156,2.0
-189.6340807375505,96.62236410866402,6.64627465982323,0.9986364540005808,0.8546169391207069,2.0
119.42532416067311,314.11007270319914,5.074089146604948,0.9979121216059109,0.8394767171247859,2.0
333.84008198444735,106.41832585842641,6.289486659488016,0.9984796543504543,0.8248211755331913,2.0
180.5343368871784,-141.1587337638278,7.475307625882661,0.9987056064423563,0.8313089061351946,2.0
-86.49721411702576,119.94697362817351,4.842101247566461,0.9989220120921487,0.8647581177502243,2.0
-153.78707640931435,-102.61348029271943,6.095374775934142,0.9990686212732692,0.8549030964826847,2.0
195.59477980329726,-6.787058675654038,4.646008977824439,0.9992162877892974,0.877258936718235,2.0
272.7848050298102,-137.44835248112017,5.372948587468272,0.9988280455176421,0.8363432906888059,2.0
-122.84862331732198,-247.42349405042097,5.410454316206039,0.9996681718481308,0.9083724640023724,2.0
4.512127780456414,195.79904979994245,4.485719394922639,0.9990588531245698,0.8916621325114242,2.0
275.12720530224516,21.75055249604598,6.667413976760341,0.9997183737571997,0.9205498347435704,2.0
238.78657097488326,-62.26372566297231,5.0137193092941645,0.9991795333694374,0.8964729885336619,2.0
241.60425863494723,-82.64086345879086,5.989536040623644,0.9993773842662763,0.9072903498204566,2.0
225.8993616437924,6.51149598215722,5.508181140179057,0.9976451055890706,0.7942799305924307,2.0
277.4960353414719,108.25612347536813,5.607279842850579,0.9992336079922447,0.88225136079034,2.0
253.02624689409612,143.45141252856175,4.656496550437395,0.9989788079557346,0.8895617254219371,2.0
255.4586007507577,-148.19838237507216,6.1713098969757425,0.9992218589719372,0.8824193327024338,2.0
267.93530863010767,-148.04987246642332,6.333591760845072,0.9996658772043963,0.9075963333471623,2.0
-178.32765465003163,-202.63629718766958,4.818711813881725,0.9985079529859057,0.8299543596746193,2.0
223.26280590977208,-216.55707673286383,4.336356706167974,0.998990687306749,0.8902620233348542,2.0
105.87703268979469,-217.16047582365957,5.46343424657006,0.9992557287569348,0.900315897549112,2.0
27.450481436644587,-270.5042242367987,4.32917312513482,0.9983720454139117,0.8425598869291107,2.0
-192.13237743952217,-117.55950749671588,4.843031980566788,0.9991637171002982,0.8960795477229203,2.0
-61.18749149942853,281.0073556857817,6.114931390315126,0.9993996853622794,0.8939223828825084,2.0
-178.39935743199845,-225.1177287025803,6.034392016561166,0.9993486229250197,0.8693107082644572,2.0
219.4273300789524,-59.056801363549994,5.794998409291417,0.9989808908361612,0.8733902287564513,2.0
279.9537643379911,52.57916516925063,7.426345671765746,0.9992717468866216,0.850129003290608,2.0
233.1325865758253,-159.4363757784078,7.895345452116428,0.9994385017805871,0.8910466537937802,2.0
76.78283314333554,322.1446122518035,7.4092509345864395,0.9915608718162333,0.6971886600330423,2.0
168.47582838243338,186.7696009118319,6.31323469298279,0.9983588910024855,0.8205437055274108,2.0
-171.01699124517512,-208.21459293850532,4.402542876107404,0.9994019845683749,0.8751781277481216,2.0
303.48219360152336,61.94828612693256,5.43649851596489,0.9992123040267467,0.9010248962333204,2.0
-153.0555769023798,-115.80801686675515,7.166507161091225,0.9994682417349896,0.8742072357204198,2.0
-179.00318318265604,-66.92979009057545,5.397416493948889,0.9996455484865561,0.9064047365893558,2.0
-144.06056810862913,-87.18550766790015,5.229265694828398,0.999313896067907,0.8641534245808487,2.0
-182.78268854993797,44.20964318411002,4.898032064495037,0.997829719580391,0.8291304388260643,2.0
196.0448926040526,15.27798593655681,4.499258450651057,0.9991856160254027,0.8979489759964961,2.0
-225.61047608659274,-112.661309836603,4.81704459009474,0.9985392868232822,0.8481809942115295,2.0
-112.684248624278,-265.21278660968534,5.60435863396583,0.9995607424109226,0.900181304535905,2.0
184.25811294222567,162.55392096174023,5.952081411163934,0.9992972887424316,0.8820413461144715,2.0
302.74112187936925,91.89634170428118,6.335300688583137,0.9989155338361354,0.873609934324355,2.0
-168.03071112140944,-40.34342817181553,5.14638920324665,0.998592750551991,0.8296905600191545,2.0
-182.6643563412581,32.29605366358657,7.09774897500512,0.9994704275407053,0.9110518773494863,2.0
-185.45388144286375,-86.89734565724838,4.762785761274692,0.9984025163550965,0.8436862835699892,2.0
275.16877136476796,-73.99321299681336,4.4652032075407515,0.9987087237521302,0.8562378577920158,2.0
264.3881708100456,-72.8207622970138,6.435448425669834,0.9988350249711163,0.8423618194757356,2.0
272.04763119350383,127.8085744329167,4.495043848026135,0.9983706299516003,0.846259863691925,2.0
224.20981683740683,-72.53784424366961,4.542820521684858,0.9988728062969813,0.8850206679756278,2.0
319.3606967724293,88.71362563550349,6.299584534664365,0.9989039560313345,0.8402386520634036,2.0
120.14723070092825,325.88699680658095,6.85116159395947,0.9950029081744435,0.7473659619773495,2.0
282.7248691089154,98.72179699619589,5.135006365220596,0.9996363087642026,0.9280587594092267,2.0
17.89591262970468,209.94633237113976,4.15263906022231,0.9986063588691625,0.8591447935773531,2.0
48.67559350340269,-225.6755701362719,4.614311145224566,0.9982902287108256,0.8197860500384001,2.0
130.22133390319559,332.07197560945684,5.204862516000553,0.994378232023548,0.7675378505822845,2.0
-172.08534402788325,9.313764888793795,6.178042145418769,0.9987403398054989,0.8337600487180894,2.0
-178.54900549017125,109.07579911217819,6.558122108497249,0.9989574897348656,0.8729793312273099,2.0
40.24634973587225,-251.82611663514706,6.266537311404363,0.9990480592027694,0.8487827573421671,2.0
-37.10532056489226,243.73156572388163,7.2032661118358385,0.9993271416188064,0.903393251666066,2.0
-146.78959065306273,-169.30832009543573,4.376557665809984,0.9994756290343991,0.8940087390908612,2.0
267.6559198522209,31.51082189488843,5.664617667178694,0.9988300339998367,0.837875296289981,2.0
252.36175167573003,-78.68581277791849,5.549886946173939,0.998635722060452,0.828322834978708,2.0
-102.39708360009408,-269.06285898667204,5.422390561553649,0.9984413229967829,0.8490961479500145,2.0
-191.331999561903,-69.51785051750016,5.668909112693628,0.9986105319323644,0.835272005519219,2.0
262.8288323661338,122.81420376340101,6.054169077875617,0.999212081045529,0.8632070730469117,2.0
114.06473577741217,-198.63661643453204,6.036919719409164,0.9988265374526981,0.8443294793921128,2.0
-182.37154596073864,-145.54950228184873,6.2250018313872655,0.9997310815598887,0.9290354306987515,2.0
-193.9982984386378,-211.37074155995157,4.991434072655972,0.9987362967377458,0.8551028733825091,2.0
-179.27548046340056,-169.48368819728407,5.742801808447536,0.9995746793338584,0.9285938704073015,2.0
-44.153838303199095,253.6004947607938,4.999856925734359,0.9989441989320323,0.875501361215681,2.0
103.89142940239714,219.7895521947121,5.613838338181462,0.999051747256782,0.8693143726869271,2.0
7.582078780518091,-251.538674633691,5.997653450110729,0.9984137473287867,0.8436604515956467,2.0
10.083756254793666,-218.7535240689525,7.637842012863076,0.9989942345628839,0.8692189001778681,2.0
134.81968128154213,188.19478781011685,7.302358259951352,0.9986473226239639,0.834414734011666,2.0
354.0415387792676,78.85535790139163,5.604071102310158,0.9988853559433418,0.8620549060247674,2.0
-102.27308642956447,-258.5897642564409,5.143835516401505,0.9979275602105776,0.8314385374204082,2.0
123.73138252956173,195.92235031999022,6.35296148508262,0.9979911593154196,0.8096335613027319,2.0
-57.39483791933884,170.63138435576462,4.2822953428058215,0.9991131166382138,0.8729377969208778,2.0
227.04048259675287,-4.393690304783311,5.564784888347539,0.9986669532969304,0.8835143727131471,2.0
-175.18922832489935,21.022142723666704,6.015078010816701,0.9991431752067241,0.8951172022706939,2.0
221.77106702527743,-154.10478828851308,4.723268175904325,0.9981661292833747,0.8118163282971174,2.0
-48.41267743437331,151.23483781864337,5.91429242065983,0.9987771915031891,0.8389327526383449,2.0
234.73735140859557,-49.1681105070891,5.179621634244169,0.9987444010813465,0.85585230619557,2.0
305.6489609312855,113.52817098266837,6.091687044986532,0.9994902183605592,0.9135383126792465,2.0
299.2435122520839,81.61873718964922,4.582370765478913,0.9983728178854754,0.8215034020051317,2.0
-98.0999032526108,102.71593649643917,6.816085574379838,0.9987762302609258,0.8169316279114628,2.0
14.521992171034839,199.99110712284508,6.423240331499815,0.9989530959641252,0.8220132500114704,2.0
272.2125514387898,41.96392881171275,5.790105994570877,0.9991995780138299,0.8795008406226389,2.0
239.57478698181382,-171.77296700083758,6.10378539493251,0.9984715056316329,0.8268143383006659,2.0
-35.600247574797514,263.870347607229,5.07758163637277,0.9986845968960681,0.841241596293576,2.0
173.44021453833219,176.47287404191388,5.164926043279392,0.9995152063912837,0.9135923416925376,2.0
216.87373603867567,12.450454554781901,5.404271558733678,0.9974843944172562,0.7927659078434315,2.0
-204.9505863838647,-129.72659026798877,5.245340433549477,0.9995573998340639,0.9155855002729058,2.0
288.6888614653072,111.31259830429144,6.05416907757076,0.9995043419118473,0.9128572718303493,2.0
160.36036166299127,146.64767263735885,5.384918477448306,0.9985935230954356,0.8306535582682272,2.0
19.290823923126577,-249.48156537184894,5.976469029647505,0.9992601340307518,0.883802086198313,2.0
-186.5993314730792,20.44628348008179,5.472939625040064,0.9982329832284803,0.8133498172024382,2.0
-140.94248656048376,134.70449031043373,6.317203854739445,0.9992531878056802,0.9001897308495862,2.0
115.39787767125763,-219.1126468354647,4.218936490486198,0.9982959802263703,0.8724797639842542,2.0
-204.82272069853963,82.92186503088446,5.49499202947288,0.9986059010085895,0.8440689163493079,2.0
-162.866709101293,15.816083634337412,5.159273220716251,0.9993406965445153,0.9038066830173,2.0
-201.34323135427184,93.1365009098365,5.303144461662607,0.9996258121734888,0.9122158487697849,2.0
-191.4097431829554,-141.39373990746085,3.764183070347791,0.9988720861223912,0.8662743890638399,2.0
-116.80635974418735,-284.4260505566657,5.880244302120394,0.9998024171338871,0.9236231898710179,2.0
-185.10715325871803,-49.22420797069359,4.935329302666646,0.9981431991292488,0.8151755210690713,2.0
254.65632953580436,112.68386335832051,7.041342618789518,0.9991629241442135,0.8559785083021042,2.0
216.81456605794082,-146.26917084746535,4.613172326570522,0.998759543781586,0.861236647139593,2.0
163.73579956402355,-155.0733878515129,4.632036690300961,0.9994832691412643,0.9116078360388038,2.0
-200.0388095426356,-145.08261103481325,5.666815830675719,0.9992043083027974,0.8596950742111942,2.0
113.67849355808659,-209.84576930086317,5.282572019384567,0.9984615741226343,0.8254864639671508,2.0
-202.12551899284153,-188.36209388595444,4.972118443183206,0.9995881692581681,0.9178064980975524,2.0
286.5406864919572,17.44852252873914,5.573918727045344,0.9984400591451467,0.8222480016711013,2.0
-194.65170997275712,-197.3093988513913,6.723659835649978,0.9996773527446162,0.8941279106503379,2.0
150.8702308843138,129.41402551468235,5.7053212001744456,0.9991833036795793,0.8747900263164632,2.0
303.39998577128773,72.6686078203211,5.315599680758036,0.9995561316826291,0.8981300121472536,2.0
251.02866557213923,-26.804914796818892,5.044192683766616,0.9975696250776451,0.8211693825192348,2.0
57.831725678442034,248.01044975787684,5.778389824183004,0.9987544808833518,0.8563554402388186,2.0
251.29124480002363,179.76919535896843,6.592273135578192,0.9985453421725121,0.825319804336326,2.0
111.90388472872813,281.35633882975173,4.682844838463629,0.9996384794705122,0.9260193284434943,2.0
54.25276043878748,-233.75487881759616,5.27357450771146,0.9989066818738556,0.8422107316073933,2.0
11.09975404151251,163.38502096415755,5.193006073111468,0.998233409641732,0.8159929083572506,2.0
-129.09222323394033,125.41666566974133,6.677313831964779,0.9992251404982957,0.9010413283758858,2.0
128.29243454835918,318.158957870419,4.63788391946155,0.9948512871211542,0.8578209475805059,2.0
-53.88321709725291,257.41440712150126,5.459112309479899,0.9993516248876917,0.8728354439217121,2.0
-189.47026390880652,-173.95058892586906,5.436247788002932,0.9986379639156586,0.8541308225542941,2.0
-106.79379739483244,111.73524932135376,5.747047472326758,0.9997447242975243,0.9188961002502628,2.0
136.6558409273305,323.80562050166645,5.399344687319528,0.9983023377751776,0.8434382238866033,2.0
-175.44749078272397,-55.48521877797387,6.60618299524398,0.9995738739649024,0.8878342678175456,2.0
17.049854044989637,-229.37042888909104,5.167861909433921,0.998613788826899,0.8807576746802439,2.0
63.43475458164911,322.683949959092,6.281345580629639,0.995591654950217,0.863343808245084,2.0
284.72462890939005,40.82597211921122,5.283325165279013,0.999725964134679,0.9281989712851967,2.0
-81.98386736087191,-280.6995601968735,5.474175190898733,0.9984533714498455,0.823125546988088,2.0
-2.3940520239302314,-218.2137145550531,4.959960913315527,0.997567355818353,0.7963151116488537,2.0
25.125412127362917,-261.53169591138715,5.01306458645586,0.9985450817588934,0.8489597807764709,2.0
-173.3369569959522,-1.855592274687024,5.1315238764457005,0.9988258346209764,0.8394335398247592,2.0
235.83137184856224,-188.29901191495907,4.313390744840175,0.9994236210903451,0.9084972008606047,2.0
21.8375812439053,-220.91041794597882,4.370713306625719,0.9988578178446486,0.8848937862664532,2.0
278.2807259355195,9.258640571424948,6.145912158977871,0.9985590529883794,0.848818387408883,2.0
252.98830543344246,57.50002244431931,5.910631050255817,0.9996349755010824,0.9238542764861727,2.0
-182.75228735301883,-192.76382793344678,6.053446081340317,0.999473332350442,0.8924289133656452,2.0
281.15008942255344,65.7868251938587,5.861632276418082,0.9988581514249141,0.8662869334427741,2.0
50.442829824379366,240.75454277946298,4.640907141926921,0.9982394538574908,0.838064619390933,2.0
279.7313830597752,-145.89996977377646,5.6137676942098835,0.9996803394072009,0.9185155367716097,2.0
-169.31968173887543,-68.778653616334,4.48699580680898,0.9996970080689362,0.925556566687473,2.0
-213.61134982905784,-117.40329719293402,5.840281002945389,0.998946148489107,0.8467726697881772,2.0
-104.7522250143854,-285.04143085050805,5.753295731390966,0.9989822506915856,0.865503110406883,2.0
-203.5974774205822,-206.2559392735769,5.954506936491409,0.999292670539716,0.8827854137944529,2.0
163.3465463003326,169.08851059149788,6.30062877813346,0.9992712108063402,0.8894492796185,2.0
70.9814454745106,-224.68532264124102,4.817295746351189,0.9990926091372568,0.8707393932050459,2.0
145.7689031238822,197.54052725143208,7.154280855931342,0.9994390414896055,0.890050392497378,2.0
-62.88291759272964,89.3486018464147,4.743342049741481,0.9985189358618201,0.8241102921773146,2.0
122.59623804021163,-214.04867477097935,4.6206853301961806,0.9987623306382453,0.8587712593806615,2.0
261.6956291218905,40.18933155976628,4.9218170594020405,0.9983523266772917,0.8441610971600719,2.0
205.51679307924056,10.274346636394158,6.273176613208008,0.998868421733049,0.8875988285227302,2.0
237.18452228008016,141.29849310508504,6.739559347463788,0.999483539278645,0.9113693935234607,2.0
-162.3041940441019,1.495279381311074,6.434796702232926,0.9990179736146393,0.8504699383048206,2.0
184.3909646481163,173.74985794500094,5.312240707697307,0.9991302733631364,0.8970057131625473,2.0
-143.28214596544174,-107.67650741255582,5.592198570739228,0.9995072707358332,0.8954694787521887,2.0
90.3490321975553,348.73672287392714,4.603808154707725,0.9856228699695344,0.7334125863852156,2.0
-180.80542829614117,-181.06157256342274,5.864566727591965,0.9988440480707176,0.839804903033753,2.0
-177.14999681902657,-43.88682417578644,4.707039569553862,0.9989670148735199,0.8881701238814609,2.0
245.72729812508902,-50.36965866359563,5.949666089699714,0.9988287187089376,0.8808949603825791,2.0
-142.9894209424224,-274.4806886508707,6.526613246025537,0.9989331353416332,0.8538495327287616,2.0
-209.93892626644447,56.9833114267164,6.8342623555141016,0.9991645606147265,0.875003834684596,2.0
223.55082551833064,-106.34628848950058,5.177050677142462,0.9994472178417375,0.8909927960296278,2.0
-202.21930321417196,-71.79547273761749,5.540694596659148,0.9989022332592923,0.8629222543656068,2.0
259.5692858464594,133.929868555693,5.565825846082826,0.9997315262735108,0.9298577928694979,2.0
-199.6158608334609,104.4101739452641,6.117547338957974,0.9989013964633006,0.8719445103265333,2.0
-10.619192597990397,-223.2787093292766,4.755660812989591,0.999390743991376,0.9283284859249068,2.0
-222.674661729442,-135.92020540381733,5.156172660844722,0.9991060295410042,0.8712039220157591,2.0
272.8501706112988,-159.80335082357612,6.439091396030574,0.9988468090188467,0.864263816859838,2.0
-37.10006130191119,-258.8394933063721,6.685094702914304,0.9983639369576635,0.8517959519212457,2.0
47.25018535174027,249.31572000037028,4.567447812560739,0.9985468589494837,0.8749044408013689,2.0
14.03451571751399,-271.9181531769993,6.460703193538688,0.9991625922597897,0.8584792566002362,2.0
-191.37096284515047,64.32784328312336,7.374120455294223,0.9990542857009401,0.8486023575884143,2.0
291.8403893672503,59.68556214370866,6.496155991728792,0.9993429746055152,0.8898695696229614,2.0
-93.08780992010688,169.2498575268545,6.065560897379182,0.9995891927239106,0.9017050007905201,2.0
137.18984339040617,-58.497917833403655,5.268605866937427,0.9985777905255913,0.8764013479658864,2.0
17.305564935268205,240.66531700668781,4.861266128432432,0.9984475066935057,0.8464673308264228,2.0
-192.21683773121543,-1.824373336360411,6.287161032311151,0.998687795655546,0.8158853319443019,2.0
-197.0767661569636,-135.3968581786689,4.500781091043559,0.9992397101444589,0.8684497836683267,2.0
-116.56030640663579,130.61059081843013,5.4838230467764175,0.9989129199075658,0.8720492779920344,2.0
249.04812541947854,-161.34304490951806,8.090644868292935,0.9991557399630148,0.8580681261281367,2.0
97.43601218061532,275.4058424652145,5.543113589726736,0.998273666340281,0.8632606470336592,2.0
17.91815554525098,219.38358947348695,5.2978716938581885,0.9991678932455461,0.8433274182748965,2.0
-125.40628562988178,136.7945998954249,5.376166761556321,0.9985901046974895,0.8530777031659927,2.0
-161.4019042414978,-186.8696541587447,6.671919064733426,0.9989741062714674,0.8433077982668523,2.0
131.83006077466038,352.19250342661053,4.588933244646003,0.9990078859400046,0.9175018734944171,2.0
296.8028193624916,15.77866497912148,4.8861907516070895,0.9986650918394934,0.8304230390351808,2.0
94.37761097235914,-173.8852793718915,5.670613755803534,0.9993004516605786,0.9019257656907386,2.0
-180.8620957546363,-120.97199175835534,6.988319025362991,0.9993686350445652,0.8861005883936169,2.0
272.3048694784854,73.376757345708,5.285126006721359,0.9990933012564861,0.8938945261382859,2.0
196.01163453421017,-211.00191530241355,6.348156926801504,0.9987831423753332,0.81582260419861,2.0
247.79799414172587,158.71938062238092,5.645037408299147,0.9990552128670652,0.8687091440851977,2.0
181.34393104409847,185.3213071470709,6.7285817053649755,0.9989560202993797,0.8267889645009704,2.0
-187.07143313355246,-37.270960899620256,7.266723554796618,0.9990174026626611,0.829224064220129,2.0
89.11193192753231,-207.80895973125035,6.845010052747589,0.9994624925360878,0.8910902144525886,2.0
-191.9547084173358,140.84811155632764,5.815053785635107,0.9989117484517462,0.8491585606950394,2.0
284.0396737622214,125.31458223979749,7.8321777303188265,0.9995820509232468,0.8920659968098039,2.0
-85.57289134798057,247.55151498484358,4.749090630441312,0.9988991236367143,0.8496617777848945,2.0
-52.606406075368106,124.02470314145889,4.670837092428934,0.9993751855617188,0.8868494862643533,2.0
-181.77676521312347,12.321128921229267,4.039432680968762,0.9983168011906873,0.8434868183222916,2.0
290.7165147071058,5.796041404795225,6.860997051401254,0.9990511295230229,0.8500496432625588,2.0
258.0682234377824,154.8720396712096,5.377025959266458,0.9991773171837721,0.879101866599913,2.0
39.073939310791125,-194.133383988494,4.830516686348371,0.9991543730759307,0.8956475620485449,2.0
268.6990325755353,-127.4896966062682,5.446550318178904,0.9983794328027985,0.8198924795541467,2.0
-172.6896156991167,-187.71803973724417,4.712921846576917,0.9984837191981044,0.8629383802966445,2.0
-4.9467293678564435,233.4707292728589,4.089026921354323,0.998372280795009,0.8238453205682397,2.0
-180.05315444979743,-213.25452528431478,5.977801922769651,0.9996262112874161,0.9035335255216702,2.0
255.6685399241263,-47.53315467726411,4.3891011800950475,0.9992033902659332,0.9190491432653352,2.0
-121.41243536377006,-112.4309403588974,5.679309036697027,0.9993500205961421,0.9044763286502004,2.0
283.14779580262217,-168.6263466809042,7.220499895137484,0.9989343764196326,0.8244471633830944,2.0
-197.41860988855805,-165.35027687210354,6.359967146269645,0.9986131277767746,0.8509333393904709,2.0
158.85771898998516,179.98883966088172,5.568681587117676,0.9979250073054937,0.829546204691393,2.0
67.6122434057454,-175.6980459796639,5.614529086418866,0.9988934197639466,0.8613405143831842,2.0
288.19547038555135,28.806494522879053,5.993658324867444,0.9989949421582958,0.8690587384833678,2.0
-120.59818383515855,-273.37688144558695,5.8123964640289865,0.9990923094698262,0.8584325506675718,2.0
26.31020712052239,213.46662472211904,5.0327029297765655,0.9986092824124322,0.8351123177677912,2.0
-236.4275597104711,-138.9422419376503,6.271840415062874,0.9984194629003258,0.828172830872243,2.0
8.16912028252765,223.10687929865074,5.191463170521964,0.9990957979335656,0.8587233550993943,2.0
110.00344764012017,261.2570471325939,5.732807269376399,0.9994066267045145,0.9071671176019515,2.0
206.1648503484245,-216.78089482605108,5.389708382421081,0.999170661355338,0.8742910496670891,2.0
94.53760098002832,261.88136913768125,3.4573416876116507,0.9977444655810915,0.8281877720614691,2.0
133.75544777167565,203.73765103415582,6.414802169901949,0.999402575898823,0.9070016039920972,2.0
254.25360463293484,-68.82206256894204,4.569092701545491,0.9971346244463556,0.7836148845134141,2.0
235.67447803305484,-198.12874312126576,5.377828870349084,0.9997106448989223,0.9132429508802712,2.0
-218.769552177002,-153.23139070916693,5.364122540702333,0.9987530524113194,0.8583502030757011,2.0
37.82014489496134,252.79072256738417,5.549088823099763,0.9982839555403712,0.8151948277971665,2.0
133.98811175552007,286.69042094299203,4.053516875869675,0.9986069602073716,0.8545822590208966,2.0
-65.99837914220082,219.8323080080997,5.913672481062042,0.9994413258732424,0.8981019334659587,2.0
53.673815749931464,329.48028523128175,5.854270208784588,0.9953156608928722,0.7493881208479853,2.0
-186.82280030072513,-59.41542151956654,5.487003898006641,0.9985480630052566,0.8276789008467912,2.0
192.0861053128377,181.36061401982963,4.790752084161755,0.999099784978553,0.8948687149037726,2.0
-117.13233737693038,143.30266422338588,5.192852473196147,0.9993720352597473,0.9058458987869383,2.0
-58.560721971330445,-229.84349512668481,5.342867911186233,0.9983435700368718,0.8429418907116933,2.0
-202.3828885256694,-119.22846839135124,5.599268445796893,0.9991871859819049,0.8565713609233052,2.0
149.2464144268511,150.20576568711826,6.363711174885972,0.998777027821119,0.815269014907691,2.0
275.06996823615077,-196.65839030086602,5.235406683574464,0.9995525928935568,0.8835821669283651,2.0
260.5363209546084,-29.758431059830002,4.993650983480478,0.9987359893099621,0.8591712217247887,2.0
-29.07082386069036,120.20888358679326,5.076486037824365,0.9989666072064155,0.8696155626141524,2.0
-59.87491996019279,199.43885140015627,5.770253806200192,0.999668939614274,0.9238905387498705,2.0
53.9406053319222,349.52611572356017,5.711742515964919,0.999319126418408,0.8856088816737088,2.0
-124.51674859485291,-295.70400934883213,7.739819369529704,0.9996720542938412,0.9240981419553301,2.0
102.80804449144351,-205.77971285340425,6.374108646078099,0.9995738102286676,0.9166437504279912,2.0
266.7221684321939,12.426822606833744,5.926269326134465,0.9990356376957091,0.8933335809833544,2.0
-37.99411105972347,-233.1651662317846,4.884393546079535,0.9993862340818873,0.9281205188509595,2.0
-179.6582929106005,59.52339113817227,5.183202323824173,0.9996747216342056,0.9242514701705927,2.0
191.03541634469684,-74.34130982524366,5.143382712555061,0.999529152082223,0.9148203772465806,2.0
-226.8211576057348,-145.84475187510807,5.6475788424300575,0.9989125407718511,0.8674993997355769,2.0
174.3325443723914,-153.20709714121594,6.16072845950605,0.9991866151699568,0.8852331451690063,2.0
14.898995489458189,-260.1521021349204,5.390495671667126,0.9984922067617747,0.8470140794261906,2.0
2.9993255669508225,-264.01143414543833,7.192558573507946,0.9992778994049928,0.8691076566543601,2.0
-172.43900665106824,-22.05767013752093,5.142119743360184,0.9990626341826917,0.8746572271797437,2.0
249.49406709035904,-38.371322327152264,6.729993622821965,0.9989778555003654,0.8669641002990045,2.0
-189.6819880262941,129.23788713093413,6.111036941336253,0.99889131940928,0.863459430694718,2.0
-165.95016198689177,-30.16339568492837,5.316281074237464,0.9980808522414244,0.8080656811747345,2.0
-52.17868970928818,246.1011291285193,6.031410312621485,0.999368846551215,0.8668279831625256,2.0
251.04350386995154,-184.5874025391051,4.163578977947737,0.9991947663633135,0.875725915339988,2.0
42.89148408380234,223.44404841000087,5.363231289078376,0.9986880897109179,0.8547650216565987,2.0
186.2237988774605,151.90421753848602,4.946991768597846,0.9982453584638648,0.8129055046200465,2.0
225.3921785601372,-188.36313195582716,6.168709566999769,0.9987123644315049,0.8416158035434772,2.0
95.05822093816752,-198.1274133897429,4.581601259192377,0.9983795502148386,0.8272368542763937,2.0
-188.21256746617098,-230.66642933154498,4.752892375750969,0.9991704225753039,0.8960358665828306,2.0
266.6716348365054,161.3894390463037,5.439563194391501,0.9997636428900577,0.9172654365505104,2.0
177.12679330094133,150.41677431020076,4.327007176658777,0.9983535220493649,0.8444303033089701,2.0
66.7235791195293,375.71658586371643,4.9294883429505,0.999651328621528,0.9274273268605914,2.0
-198.34200078317306,-60.086276473911425,6.099754275843383,0.999640190170868,0.9075712541555997,2.0
204.76191600788567,190.9283921333066,6.077713561612369,0.9994679498622234,0.8760941691639677,2.0
212.67230900771492,-50.756143110175394,4.991384951797204,0.9968584763099788,0.7735361348631798,2.0
-214.27400633237866,-95.82964763113922,4.608901292445612,0.999213931811442,0.8999069834314123,2.0
147.74287666888063,184.08725524639294,6.375158664602049,0.9988060408082485,0.849092432148396,2.0
157.352288607434,191.66029755304552,5.907022222369422,0.99911752465638,0.8732833060136179,2.0
142.43229037717558,349.22486587250347,6.002044159280046,0.9992022700423525,0.8973929486960843,2.0
-206.71857290510343,-155.82001572766484,7.034245020958044,0.9994482252842785,0.8965966337379567,2.0
153.6761295883601,119.34150117911916,4.803585482619437,0.9993064651994679,0.9020831543762518,2.0
-212.7279108440286,89.55060178744465,4.87572712206216,0.998766930900662,0.8390476926199505,2.0
-179.4314926009864,-237.43191246291582,6.3861658745899925,0.9991121787637631,0.8507802754822879,2.0
251.16149529786352,125.03122820399284,5.861792837145264,0.9992994113772569,0.8832361192947396,2.0
-63.658234834465866,230.1765708654753,4.720704338902254,0.9988130936202625,0.8378178748838808,2.0
-192.73066751434766,-25.508989408985993,5.88973857654363,0.9986436503154813,0.8598173940749718,2.0
-111.82546623344396,155.18035869508452,5.68128712956062,0.999116620350586,0.896052952438818,2.0
154.34300175402902,351.1458364727402,5.634839349732869,0.9985330800952434,0.8766993359521796,2.0
-210.18265115151507,110.58019119653231,5.674608171347919,0.9996371549684278,0.9214036873083575,2.0
164.86016591918917,200.68268978628677,5.871279005861668,0.999380279032872,0.8866575284763297,2.0
13.133568740608363,-241.59766958003613,4.057577404380013,0.9991114602054756,0.895345917251458,2.0
307.1400982815121,162.79384351190643,5.896783954277826,0.9990124326272187,0.8278686795691212,2.0
-96.49788980843819,114.21710158779663,4.853932935801013,0.9994342926802712,0.9164502904734902,2.0
-191.4587312597279,10.24697150853312,5.905749039274647,0.9986777472767409,0.8571824222072257,2.0
175.63884126968568,196.38731751574292,5.785370219368781,0.998178907058771,0.8124122697451646,2.0
262.54187703072404,173.8795470757548,6.188755882777765,0.9991266367966998,0.8744679656059168,2.0
29.385835527283,-252.8579728757997,4.728477588411289,0.9982545436876105,0.8398881562806204,2.0
126.77721914149605,293.927111028417,6.19980240589536,0.9988894638794666,0.860258602157429,2.0
-57.46575466617225,237.00344659589794,4.538055805956221,0.9994720521915604,0.9011810216366075,2.0
-187.02963066176005,-205.26481739567265,4.338946629778882,0.9988235684734427,0.8833687068053664,2.0
231.205040328039,-178.9238568715374,4.986221601842101,0.998757047907187,0.8812813259590386,2.0
-17.486246305392825,119.49334366529504,6.598602530002444,0.9988614960992785,0.860969657653332,2.0
-182.1115837082706,3.262470849013641,5.0614287159328075,0.9996278659177444,0.9203455326236509,2.0
-127.71177798751654,187.2067790420328,6.402131929064403,0.9987431550998964,0.8336474214753489,2.0
244.5511406213342,-202.24903332118186,4.424396368342777,0.9996888882758969,0.909593102577152,2.0
-190.8297213211051,117.6667359794382,5.573077418061324,0.9993268294804154,0.8829236641010001,2.0
231.67045104168542,-37.81738917534,6.64189386968415,0.999263631528196,0.8790674624524428,2.0
257.58228270719684,-61.43961223006635,3.5840190569708086,0.9991834236087659,0.9211988330378739,2.0
271.2603332788267,-173.07467628450476,5.527135026862478,0.999472550568054,0.9120613555216875,2.0
211.05921446228922,-29.41871950507729,4.920375963347205,0.9977885809525849,0.7993152100717237,2.0
70.13814203889048,333.630964869891,6.006318290122061,0.9984254425191659,0.8757407114187369,2.0
-220.57317999697855,-66.46127552986007,5.7865305597456285,0.9990088153946443,0.8477156621926075,2.0
-111.90425459607283,166.16957774762264,5.365185744543722,0.9992009098776776,0.8648746013691427,2.0
-229.3421318445779,-155.89302178544668,4.747932109840281,0.9995664842722026,0.9175498176524475,2.0
223.69035047357357,96.64633895492854,4.317293610770417,0.998717572513057,0.8602083252497538,2.0
-197.86021281590743,74.93432081620992,5.145339609620063,0.9985715858318074,0.8516181893343276,2.0
180.80365529396755,-241.1017264574336,5.254860427299728,0.9989647185532028,0.8445769038773338,2.0
-88.96359745000665,-290.9115361849447,6.989291520657115,0.9982379123686589,0.790086908884616,2.0
113.92330081415827,235.12532011839565,4.459827694727107,0.998159447941753,0.8142119699961997,2.0
307.372112751335,19.188267916201912,6.278487767699639,0.9995523477834184,0.917480210722869,2.0
-199.40864646178798,124.20811803500985,4.897457579334285,0.9991283595054138,0.8734415311505574,2.0
-48.59561892789462,-252.6412915306003,6.41221054099754,0.9995610667849782,0.8988301365834918,2.0
4.507163576386016,205.58302280987675,5.10937768914782,0.9991997345130194,0.899631040045695,2.0
124.36213462769096,359.25703584468584,5.7829502376351325,0.9954564023140133,0.7510243052938682,2.0
-217.3548915263988,-45.49873325792573,5.174762474231033,0.9995866846254821,0.9021911929328961,2.0
240.78746469915896,-29.641278885350687,5.660314988321918,0.9988318751086925,0.8589344127979663,2.0
79.33088848658777,340.8521130572701,5.747396805651127,0.9994211280326725,0.9295843513723387,2.0
101.68382958958716,-228.2034666279862,6.418780143614024,0.9991520856319484,0.8729913638636645,2.0
-62.82766134001543,250.85614458114765,5.6651057717921764,0.9996058313573052,0.9037511261529584,2.0
277.0822008135261,159.186051967159,5.221841119474009,0.9991562169325664,0.8779767971523786,2.0
256.5179703716474,-193.18331227867918,6.070026763668718,0.9989847088698814,0.830839023060959,2.0
-90.06973957128491,141.6567927214058,4.488132237631651,0.9975315150099542,0.82151784953687,2.0
244.92075220505305,-192.23298863212742,5.623771126783808,0.9994273999786053,0.8741911409517469,2.0
174.94405747948423,-56.61072676506639,4.737671228609682,0.9984510626638898,0.8474643651223882,2.0
-206.3157467154234,-109.19233368018942,5.223561025566974,0.9984235368263606,0.8250634139946114,2.0
-230.5747013462975,-128.8869597735539,5.474332326655514,0.9981836618439233,0.8199623497888903,2.0
-207.47748470392654,120.00729949327274,4.1819393803071305,0.9987969017594523,0.857264824729454,2.0
-59.46294597889817,179.9969259356522,5.088453616513193,0.9994908974268483,0.9139796230417541,2.0
303.3699224792868,9.470509897519365,4.265500693984403,0.9990873603547232,0.8706075779040666,2.0
196.1833881526972,-224.6047433986431,7.3441521156392255,0.9988728227391007,0.8196990519640714,2.0
-207.07532784731544,-52.709581004731724,5.361845629717872,0.9993110906027619,0.8670690726616793,2.0
-23.80443085117985,246.58860452897002,5.783948829254459,0.9992868726029552,0.8819699090842738,2.0
150.47537870435943,339.8640547405035,6.407219269067001,0.99740094516043,0.7652479540442964,2.0
65.70000409359791,-141.26858404678123,4.271394641877815,0.9985458701917435,0.8748095582738745,2.0
-188.91665929507812,-220.48767686687177,5.50438925298366,0.9991445354404888,0.8525523817452092,2.0
278.1297916869168,33.004090703999054,4.983505719202119,0.9989254230436063,0.857163862655061,2.0
175.79804439332,-199.19645126902844,5.151401961524112,0.9985864139931111,0.8498329574646902,2.0
-3.9772992069518067,-253.1239670640189,5.7684672483142325,0.9987430932386033,0.8596374682956895,2.0
-0.33792765839414035,-228.30070530711066,5.420397180710181,0.9988639093152224,0.8851413615841501,2.0
-219.1683163834594,96.06602258502248,4.320728919316882,0.9993210116617736,0.8831776603534603,2.0
313.6005135597228,72.1225899214361,4.936200195009378,0.9991755484973884,0.8752996477631213,2.0
145.34773101190058,318.36803036504125,4.938100391758877,0.9988510008867956,0.8627088258986245,2.0
44.94949087307472,-233.46354209996937,4.069003596487786,0.998927475876088,0.8886936734727454,2.0
-92.90005201184842,-303.2410646771922,6.060815445998389,0.998803703568618,0.8852620282253202,2.0
-181.3050098933171,-98.49130755855501,5.687424236276236,0.9997861477308975,0.9203429404160948,2.0
-242.40580756382604,-149.42466015499488,5.897262514054923,0.9987465206230367,0.857956288493286,2.0
121.64494813739128,337.96035027517627,5.3225965318742166,0.998407386864832,0.863950078362648,2.0
318.9216598360354,-151.28388082270817,5.77100241789482,0.9991345897332079,0.8336463902946054,2.0
216.93677370706004,-21.765317326494184,4.80963869416709,0.9986533351223584,0.8782251501126379,2.0
-210.0177447781688,99.47226245815288,5.47994353158743,0.9986882399555285,0.8124277955510597,2.0
-144.89893632113157,-138.51908122662303,4.263308796371473,0.999074776824791,0.8924761440377131,2.0
-196.43198515179614,-47.41956759178725,6.58010513910817,0.9995951551952006,0.902140810434153,2.0
244.80420063495754,-213.98319259987343,7.330448972683972,0.9991720287980105,0.8639950145017025,2.0
266.8909856055266,-191.47652665685044,4.4701597047179655,0.9996366534885628,0.9047382692534863,2.0
-45.47077368234496,263.3203386958353,4.873655355658855,0.9982122342147799,0.8124238262346171,2.0
92.91212749756905,-219.79983432963118,5.794279511071537,0.9992434265777635,0.8814772116903948,2.0
124.17230907199183,280.4211800698052,7.6564600590553615,0.9986756126093164,0.8164468870608794,2.0
-204.63175218179168,-24.311191509812595,6.148724065318886,0.9994386499543477,0.9302096359282067,2.0
290.88804257239985,-179.8578395275032,6.50631955204271,0.9992114394012933,0.8736275964062086,2.0
-208.0350751490147,69.88306969612522,6.274132508469085,0.9993695068859643,0.8907912406906942,2.0
143.64201461104386,285.9029674412062,5.68451050394473,0.9988889822529418,0.8441819745321741,2.0
-47.428799418141224,235.5162552936215,5.620841147758401,0.9996460817379176,0.9272029586119285,2.0
-143.13273314887147,-218.0068497337459,6.938119605303371,0.9995583411452966,0.9036719596651889,2.0
-67.55243504819053,240.16427584872181,6.042268537797831,0.9996822969145785,0.9163056720477492,2.0
-247.07105797787125,-126.42481946261094,3.985172123758548,0.9996836851868915,0.9251538933686679,2.0
-179.66722408188662,121.87992955520477,6.402725395107302,0.9986463649857996,0.8321711087083897,2.0
-169.70233152107338,-177.63655676835162,5.806126526271182,0.999251242463698,0.8918358240590033,2.0
128.74453728920236,247.72567036826294,4.8413637276959065,0.9990801784775496,0.8952431810611067,2.0
-11.371833010430816,-245.67995186367972,4.809222458890345,0.9986409265039277,0.8779614267408646,2.0
-41.25379148647596,272.41814631142057,5.211662023044746,0.9989758639268203,0.8450225787320694,2.0
174.20366841902228,166.4900556062703,4.891605075715426,0.9991922059085172,0.8762705893131526,2.0
-154.70277994301347,-216.87982113499123,4.721556727061161,0.9988784171694464,0.8616057085781692,2.0
-200.33246693917053,134.04416909863812,5.018988528287738,0.9994868943712257,0.8979114349465019,2.0
-209.5796342910015,-63.4250290704927,5.668473028782806,0.9991740893547763,0.8563377665725533,2.0
279.7766647146558,-179.93018431745986,4.621965712664668,0.9995307994266109,0.9176675049911165,2.0
321.5472833482663,77.81799510876549,4.883811931926608,0.9987940395019526,0.8606644111227273,2.0
263.674816572315,144.87540396787847,6.158047427003986,0.9990480549436751,0.8488232427991891,2.0
86.33986564344286,-229.42245186768318,5.882639933096514,0.9996179049938928,0.9037151552493153,2.0
225.89809806314696,-15.81744935581216,6.027910000381279,0.9985542943493433,0.8288337036040021,2.0
-77.04031252697067,-239.22939234473222,6.472666261894647,0.9988604744319883,0.8452859745442176,2.0
119.86811449605487,207.37045966614966,5.832791713707996,0.9985603123088651,0.8520063605780578,2.0
301.1000537103582,0.7538650254366037,4.774426629296158,0.9982523785502821,0.8468413979494602,2.0
-203.33587137856355,16.70705390322176,7.698193814554218,0.9995322814265399,0.8982959057195913,2.0
-207.6517677194049,152.2057027831315,5.361447375753362,0.9997119775659293,0.9134172257699366,2.0
295.50047918555646,-158.17802878380357,6.237605207284546,0.9995558521051144,0.9005916120120108,2.0
76.4263696793036,-206.26831114212288,5.990454574965047,0.9993343598535303,0.8671369916720959,2.0
313.4953808376235,43.62669796526782,5.154275206938021,0.9992330521100714,0.8788268917837297,2.0
141.07842473990667,360.15405258636355,5.095138089169372,0.9983989619649164,0.8710473743654018,2.0
-160.83781536110948,-230.6984000892575,4.149788759279515,0.9994588985756679,0.9112798018216594,2.0
-194.11985544710004,27.840456167889602,5.157294372771939,0.9990487869243544,0.8924244989367502,2.0
-200.06493019803946,-35.4926639028175,5.913446026401851,0.9994646872118154,0.8990316975774215,2.0
-81.41638749331715,-300.87180361611485,5.596603184784667,0.9985863978450807,0.8510986477487189,2.0
18.28940803885495,170.73836526921738,5.181055664046232,0.9986842591300944,0.8561934374528604,2.0
69.03472107455312,347.9200479910768,6.811185784464069,0.9966919348763905,0.8102837975911602,2.0
122.01537266775551,-182.8660349666699,5.520584215167288,0.9990208342483584,0.8682589751563357,2.0
80.53034308170109,-218.2711067051218,6.727792732879447,0.9994752797694388,0.8583907822478696,2.0
270.55773565187445,-94.05658827796387,4.820340511858205,0.9989753922211578,0.8901159918423283,2.0
273.0995200269962,150.14931874028642,4.7089130459313795,0.999059895531526,0.8924085098660536,2.0
138.77550622124434,338.3125419634065,5.5707924947029825,0.9969509846979467,0.8175984921300975,2.0
-227.00183183665555,102.96859462036807,4.517858714735787,0.999207854771941,0.8786009692837163,2.0
2.554835959784019,-239.98245211281883,6.698835486299162,0.999110822154715,0.8730323405922586,2.0
-189.55676912164466,161.7364017413018,6.6043690510376125,0.9991647795234675,0.8561411845056214,2.0
-81.25073187533022,-262.1978753768516,5.982158302878027,0.998600981412132,0.8769425913980726,2.0
-169.67407079824054,-217.87379333414478,5.35646870945913,0.999579739975991,0.9115323087875484,2.0
-76.48466030184407,176.42966881363458,6.054684667847194,0.9991592096418008,0.854956993303068,2.0
115.1896760849679,249.14665526729502,4.630682495525087,0.99909837516706,0.8934360164169382,2.0
251.7147093295221,-89.16582804781716,5.0051482161187,0.9994066292336045,0.908076156991661,2.0
-82.5110504715383,-312.48499771827335,6.15203204499083,0.9991688190153852,0.8958882673820097,2.0
-212.46392943462965,-142.5508870069539,7.07378615707728,0.9996885496673347,0.9258012250362104,2.0
-61.52785570780778,189.33471120338916,4.500616241477236,0.9985369172891655,0.8315832274364964,2.0
33.447510407118536,-278.683300458936,5.8710271876975,0.9990808615126652,0.8513196853202404,2.0
-48.80532652887208,281.0624685388231,6.3215389147393175,0.999423259685678,0.8592730005608278,2.0
238.54595343418467,-17.145556482522892,6.742969178217551,0.9993591830968107,0.8845733604862044,2.0
325.8520537006234,67.2189175933233,6.62477016729308,0.9987978759449105,0.858887948843917,2.0
261.70968885315676,-181.20060909237424,7.057229618016635,0.9993387803037656,0.8371928110472748,2.0
167.27951155614844,-217.0483096808717,5.197464949523208,0.9986988700674121,0.8330120013538628,2.0
-138.78875561507044,-77.98154329844975,5.430048569545265,0.9989077502559545,0.8431313698285898,2.0
-158.85526342195075,-9.597292937885797,5.245598780617646,0.9984697243063752,0.8493976099062104,2.0
-210.50200800082277,-33.5952918556383,4.749496691540039,0.9992308696402026,0.8810903397624941,2.0
-200.18714910537616,-9.16794189206632,4.5873033007168225,0.9992251557596074,0.8985994144473789,2.0
-85.23876601792269,-271.5609277063048,4.289573250185867,0.9975707357625869,0.8255258618871277,2.0
230.55052269122922,-26.022159594072964,5.280170847964469,0.9976908160713002,0.7943141853791125,2.0
259.71559392420323,2.3743497349992086,5.475368389252682,0.9984203078145193,0.8480471809051946,2.0
-110.17554624223145,-275.86207415151455,4.976836254942398,0.9987351734499196,0.8591672272752161,2.0
137.25910140847174,275.77667385585005,6.31959449370303,0.999126080497085,0.8603809212855995,2.0
278.83002449480165,136.3977517589824,4.443950579756642,0.9994382198156959,0.8904806774083297,2.0
84.18184762025821,-194.3186716174465,6.981253331401254,0.9996584700935933,0.9239990002733819,2.0
149.94611531648601,297.062090476341,7.21213994046091,0.9990456598498317,0.8699288380698234,2.0
-196.29862981755903,-236.75376733330253,5.415060653125772,0.9995298199437835,0.9140920896374842,2.0
-74.19650558412101,228.84429407673656,5.9626348636717905,0.9994855977795728,0.9114416677131101,2.0
207.20632189188174,162.59473145036344,5.925827913734731,0.9992510670146469,0.8704181162548399,2.0
295.20960525778713,-169.32247042174785,4.936017392459129,0.9986136949198383,0.8360962114472569,2.0
-159.35393280399614,132.81137410288153,5.328575544588754,0.9996487049624592,0.9096803039853107,2.0
-168.43992691845793,-227.3246095127109,4.190342054990122,0.9997402462168316,0.9298169451266419,2.0
-175.88667917535756,-136.01794902188965,5.334737655055648,0.9991703374512716,0.8557801444482409,2.0
-102.226306297762,161.66685364302086,5.316070538582973,0.9993414645854082,0.9166856265431964,2.0
-212.9491254755927,35.140896600749905,4.84204877770179,0.9991351730456425,0.8754875254787764,2.0
103.89103205647524,-193.88582209593184,5.2301179928068695,0.999687135584686,0.9285964605909948,2.0
170.0224151052794,-243.82783966111904,5.894623895576331,0.9997758259468588,0.9328679087649571,2.0
144.20075542754228,308.1363571875729,5.394757391201343,0.9979253769307092,0.8414730765388888,2.0
129.44281543297717,260.0666974682026,4.035513419258814,0.9972812416502146,0.8607266208732713,2.0
270.0248664672794,2.0011294041897782,4.932010734688305,0.9982465960728698,0.8468856450158688,2.0
-236.0718369415991,-117.86302170494432,6.925913442737216,0.9992050117324852,0.8764946153968854,2.0
151.46807900642565,361.78941510341076,5.49812926655186,0.9986226597593111,0.8775253371542654,2.0
-79.49500497836131,239.1395420621228,5.660533820654883,0.99953469939083,0.8973371762147972,2.0
170.62082809849082,143.0525045650847,5.53909616996304,0.999183904396345,0.8765734081136852,2.0
146.34261314681441,328.7419849131253,5.528801427779086,0.9992705249999535,0.8864815772943218,2.0
-99.39234711022048,233.11929015694736,4.996366462103346,0.999027082236968,0.8932168519984022,2.0
80.72112001515413,352.7071654035249,6.074045394554241,0.9949205385880974,0.8102792697437201,2.0
-217.27794685015698,119.68393788776095,5.666149942073725,0.9996742125262942,0.9237975804744177,2.0
154.86406717714016,285.45230172456644,5.467503220276504,0.9992408220096298,0.8826278250111138,2.0
325.4769586144003,17.92246985428091,5.831628587165457,0.9994196098964662,0.8915444132065877,2.0
266.66113108966067,109.75060344821395,5.353588888023945,0.9996249771055288,0.9047310067243571,2.0
-215.73839613553739,-230.82547508610799,4.936450391046553,0.9993521241191191,0.8844025977563955,2.0
-236.10953985117365,74.59713829021672,4.571507741122562,0.997858075426304,0.8284540110655082,2.0
-36.62535909487531,282.52254518824657,5.960373965501372,0.9987397088653647,0.8196128692115311,2.0
94.40573066945116,-239.3231017900347,6.927926989154112,0.9994601282592109,0.8642916848617516,2.0
268.7631967349582,-50.24056649172667,6.818423745192857,0.9992998080639945,0.8627107149476189,2.0
-220.57703624549177,-35.33941876180595,5.522552342131802,0.999149062420173,0.8551207108565178,2.0
-178.01702492226602,133.3654446309702,5.259946993587782,0.9991991242448428,0.8805393377168783,2.0
336.12928591353665,60.063980109729634,5.978837233230549,0.9990919239499771,0.8732340271669158,2.0
137.87014558177373,294.7581350598049,4.92756934210058,0.9994512075653583,0.9031443885048247,2.0
269.27096587904845,61.79770780584414,6.760852926085867,0.9985399772785839,0.8238387679083939,2.0
-208.68760279544722,-177.92246656321194,4.487765157389678,0.9987558680008347,0.857669105524971,2.0
-1.6793634466616083,225.12288219777,4.929368949845115,0.9988537414854878,0.8600034624962307,2.0
-255.58884560983776,82.78377811564178,6.654265374036855,0.9992848141357619,0.9009089973855663,2.0
-197.96887784029803,52.91339478098448,5.907813468728264,0.9984141735082394,0.825768831656886,2.0
112.53203553644867,-187.65796046306826,5.150671721319919,0.9985295181865946,0.8509634057600985,2.0
-222.69790867772508,39.18914940848183,5.777888421065348,0.9990804978933078,0.8728900641208285,2.0
247.89254294554996,2.1896151252026814,6.385546554411198,0.9988360296253113,0.8240310915308474,2.0
288.2758411514825,137.49683494319416,5.099584580934857,0.9993420351185758,0.8650178676580487,2.0
-74.81046918985649,250.18390285035682,6.380506746052256,0.9992754662954845,0.8615490171281791,2.0
132.86858083094236,304.20548405803936,5.817085558127199,0.9990550819836599,0.8689183451856425,2.0
-226.1828378835438,52.02343009951904,7.223475998081168,0.9998323410576465,0.9285082406139694,2.0
-229.61137771373714,-44.178385853216575,7.174134890080174,0.9995362750577772,0.9001415462465853,2.0
317.19127654779606,25.62777744782062,5.534048615042211,0.9988707796059497,0.840969741830646,2.0
-75.69058684487383,-272.0297556446713,5.3079062609252885,0.9992566580934896,0.9018874822011544,2.0
-43.45305644624775,290.98916326056724,5.004122728453567,0.998091766444799,0.8159898321804996,2.0
55.74624849954545,213.13357830891948,4.5801103548858535,0.998290116488988,0.8684685124133701,2.0
128.44358852218855,-222.48093623435904,5.706520518126204,0.9993332129726124,0.9036863991134926,2.0
164.00166633818685,349.624250073626,4.212627158342186,0.9983452600046756,0.8444564736237681,2.0
245.5681014510306,148.80470921735056,4.583287089184239,0.9985212759989845,0.8487209495156866,2.0
-91.99386325855413,240.3729800113368,4.945335998864534,0.9989229612025303,0.886648919885455,2.0
101.138815161015,266.1917668057816,4.473558663578057,0.9987510435758876,0.8838787654186139,2.0
161.89303220533196,294.7545805000124,5.032655787318139,0.9985975980601518,0.8516942217236024,2.0
-227.86194195996,93.84040249074637,4.695838190111113,0.998901125326927,0.8405080058553069,2.0
91.96840619658697,358.11633608110975,5.2866737211710975,0.9911158002205424,0.775337307054177,2.0
305.1370549524041,-165.3417774843927,5.830721258417448,0.9987647257967881,0.8147888660141458,2.0
-181.91330143489304,-26.141464828777345,4.971069970708865,0.9997758085438422,0.9327151164838345,2.0
-211.467842688511,138.64646630658766,7.068833699001584,0.9992038703592337,0.8585317624775987,2.0
290.23636673747257,-42.010285618451725,5.8160982889799095,0.9995548724455836,0.8994170085913586,2.0
-237.5909159968124,97.41554339647232,5.718141289330163,0.9993072121054409,0.883192477085675,2.0
-75.50029536451031,-334.3316000881548,7.326944265661275,0.9989890661634777,0.8742253505281116,2.0
163.1152546068223,-198.22511137664856,4.899688710675109,0.9992589469275766,0.8787618565112104,2.0
-215.37491071894942,79.32973571806895,5.746746422914849,0.9984207835509656,0.8036955511071366,2.0
74.24224346339957,363.29945842729046,6.563859739838557,0.9958698632786999,0.78851916466062,2.0
-65.24690363401332,-238.2426533116413,5.464363299856215,0.9976940076378088,0.824471862223265,2.0
-166.36354441283507,83.26914872851897,5.682077374188103,0.9992883641725648,0.901200477562686,2.0
-218.90626208860388,62.812384057806696,3.9346865360662284,0.9986172350265602,0.8810599606625336,2.0
281.8691582030612,145.5637037082726,5.232324778229207,0.9995995906937559,0.9030291806622126,2.0
-63.62074776862577,-290.7218613592728,6.143037788436532,0.999056985296813,0.8715849488909381,2.0
330.681087237161,83.8386081240469,6.090925531620491,0.999366152355528,0.8899128147178851,2.0
-124.20577504730166,-319.3906599666815,4.58606675874412,0.999359924039891,0.9050781533253224,2.0
328.5659170704097,52.12708172369445,5.026099992196334,0.9995075566040789,0.9125118308105056,2.0
308.3767461360494,-154.7098754146269,5.357980975152992,0.9990156134329491,0.8492429483056978,2.0
-200.19996083135948,-220.1568684432129,5.821412978576431,0.9993562680636298,0.8849054339178972,2.0
306.56014255762915,33.10443421631325,7.505357966955894,0.9997168075509721,0.914191695512798,2.0
-224.07969585653143,111.78546220069376,4.793049217805325,0.9993057057563749,0.8840469274840417,2.0
-47.164090944382885,302.7823206407329,7.4594668389875975,0.9991125880711437,0.8603591549315069,2.0
254.57332498937612,12.880902197809409,6.324899233151602,0.9977701499743343,0.7705265064105257,2.0
288.2445373389504,-142.75237509387372,3.4737227470054317,0.9988973785990465,0.8690968860540786,2.0
89.33541236408334,370.03980233964734,6.189540283130656,0.9992922803747185,0.9246232636056304,2.0
-235.41616576485555,108.42227685649118,5.56177475423231,0.9991874120413546,0.8749083352612889,2.0
-200.4888721489432,114.91906580748655,4.512591850056052,0.9985265996592066,0.850826980846494,2.0
-125.23791906437813,-89.83329492218711,4.808598212676029,0.999653102621065,0.9220879052401796,2.0
111.38177958119759,357.5923265834145,7.526054980455167,0.9976983429339737,0.8646981461324456,2.0
-57.69693844572666,-267.0322042231865,4.9227561569399185,0.9969187730031193,0.8210924416980336,2.0
302.92138790786726,103.13872915364215,4.684058315003956,0.9994120318061316,0.9072864617046934,2.0
155.5292895472682,-204.89770307693905,5.249912869003074,0.9996593025756358,0.9311965739760154,2.0
162.05019362022384,340.35711311833796,5.313289104645038,0.99804139452214,0.8466831331451964,2.0
-203.24969937766073,3.1621398388461475,5.891043274685674,0.9992193739804066,0.8775678732927673,2.0
173.99711805198817,349.6407110901108,5.851461196881839,0.999243267774425,0.9013203670178274,2.0
-225.93728498339692,75.17081378230479,5.707712967310264,0.9989359975351618,0.8722615804361072,2.0
80.2178263061435,310.31544357221355,5.1443655358744245,0.9935120442106627,0.796978930010555,2.0
-227.95632685465512,64.38981546416588,5.307070784759979,0.9991678146105636,0.8747695914810313,2.0
187.84252087506434,-150.37714454397457,4.380336879400373,0.9973370608157528,0.8472511672677454,2.0
-34.72093374515032,304.15643542429046,5.0826330802057775,0.9993832313003927,0.8869660712795652,2.0
291.90884475594015,146.79022532023848,4.916647722460209,0.9992051626354583,0.8558236448372053,2.0
289.1205752273105,-126.38013436875984,5.236962541697966,0.9990327876152877,0.8747656259075798,2.0
-208.15041143295923,-168.56759866872957,4.9373022339464985,0.9985460185400596,0.8515416249886884,2.0
100.46288511561838,364.4752771081018,5.677880612041384,0.9910448936508078,0.7322788070038246,2.0
278.7378889204345,-88.07244011084643,5.388521187047176,0.9982351065409554,0.8402551505316438,2.0
-181.03333027029996,143.5952599606285,5.467994264910791,0.9993155258953671,0.8700630636798588,2.0
316.3129318299301,-162.45388858957025,5.7554477222412155,0.9992590526220868,0.8613376278740649,2.0
-221.67730140722352,87.22829220898373,4.39692753868167,0.999491791770565,0.9122321269029566,2.0
65.1144270117981,-233.29736499696804,5.656858923367903,0.9987693997994508,0.8159869418034795,2.0
5.202038790393405,233.98440441162296,6.092390581921078,0.999835229946163,0.9296714138754706,2.0
143.4801454944223,264.24197941694666,6.839295896053387,0.9996529283430808,0.9227800770229715,2.0
132.05463153222556,377.1700050343003,5.770991073585183,0.9974999311050783,0.7944398735174183,2.0
225.24675196167456,-199.6062774401602,5.181749492288701,0.9979192302838489,0.8126042970281795,2.0
-217.0411470650131,-55.73119119486379,5.103261416582245,0.9989814573810325,0.8665845457601422,2.0
-204.9653585013153,42.926735330472276,6.341745469307113,0.9995538901076068,0.8834127768097598,2.0
-128.67128123335254,146.410025297898,4.865145808425123,0.9985365749172096,0.84902361281961,2.0
8.944048145563881,247.2974233587014,5.8860674569872415,0.9990899793378865,0.8926882413140642,2.0
-158.155330184841,153.3228068493257,4.954742913746972,0.9990363061535289,0.8477595812297644,2.0
261.3245458264552,-83.48835364724688,4.695946484150556,0.998643939595475,0.85405242495835,2.0
175.6359975557032,361.97087917082035,6.555437689922691,0.9996902608964335,0.9148591186612116,2.0
-252.73887199429234,94.79122745497418,4.942620122242204,0.9992424020800791,0.8888231844394993,2.0
152.90886514434504,139.69414268334376,4.839292885785875,0.998619025897692,0.8304072212157452,2.0
273.0823245238824,-63.02910795088259,6.744041661573937,0.9992312895378683,0.862023853052386,2.0
-103.42943740344411,270.5483137023786,6.667022311082351,0.9994146586267397,0.8894782000825454,2.0
-232.1111917360276,-178.41281041278668,4.288804286069438,0.9992062510179609,0.8989375899195421,2.0
36.512048624146324,-264.23529369486147,6.737304932082693,0.9995600280551994,0.8982085519301651,2.0
293.0066055189835,-116.57775333908293,5.331552237057734,0.9996542611522354,0.9082168358885793,2.0
93.63796427035837,294.07124931554176,5.136023744831456,0.9982822298092905,0.8521072707457606,2.0
261.0610619495269,185.24971994189403,4.675051659574109,0.9989163065960333,0.8866818882270171,2.0
-28.339903071712065,312.540695216251,5.492339107530502,0.9994977680047058,0.8768259994918378,2.0
-94.60711925942331,-315.4503225048683,6.368143890822393,0.9985351462507883,0.8243655397850265,2.0
-215.3900146274104,46.77039890969969,4.810159679646153,0.9988835097607295,0.8635683390801683,2.0
-167.57078536383636,104.4527255884149,5.397373564645038,0.9988301733913799,0.8602382555816396,2.0
231.64064053155187,-209.48042562804227,6.691500335321165,0.9987307777211257,0.8417844498161127,2.0
301.0572590543329,172.22353374361552,5.401985351120386,0.9990571379472543,0.8561346970825201,2.0
-224.23696697789111,138.73382695754574,5.768066385375617,0.999184530550304,0.8764363007273496,2.0
262.0277804810766,195.08923341162517,5.263266883645295,0.9992316770214696,0.8991622623110662,2.0
114.53562982562956,-229.6714507748081,6.466299582121438,0.9992616678059024,0.8998398543563196,2.0
-83.30962258116645,194.5901356029389,5.228936791634337,0.9987310259079166,0.8614757614463314,2.0
-138.40365443912128,145.6060606776831,4.968330012920489,0.9982805381443038,0.8409230449682716,2.0
-154.89380048590974,-138.79151635179778,5.7760754266894025,0.999486213845933,0.8949695378955846,2.0
-211.5313809852497,25.8082576945041,4.627755138140533,0.9982258595847974,0.817258456230307,2.0
-243.26956400685395,-65.5227847940303,4.622907537200528,0.9988425619686971,0.8482460257410241,2.0
107.23165686202142,387.37675370940804,6.130423838590518,0.9989632518253646,0.8656185224656827,2.0
-247.12973885157885,122.82403389241937,4.8850703649171505,0.998762200774208,0.8350805458620425,2.0
-276.4715453142732,-118.9665123355414,5.044537239448828,0.9991846408430107,0.87846208135677,2.0
-201.55239154728207,144.48980111246257,4.504400423824827,0.9988504860402406,0.862933033353851,2.0
-170.24220882384117,55.78500507630154,4.989560138077899,0.9992788210455074,0.9011423302639477,2.0
-160.84053301747096,60.0230231876975,5.380924442762609,0.9979509640441206,0.8363880242912767,2.0
-22.062672866386396,298.94762246250554,6.671432850038197,0.9994884325356205,0.8936123953450749,2.0
187.87373328395432,193.7245899215661,3.974904423668123,0.9988705373213996,0.8862855931450045,2.0
-293.16451590976885,-145.25548191576,5.071727992982147,0.9994900317959384,0.8965279486803253,2.0
249.7667173992792,-138.64171551024307,5.040022189006927,0.997813158884472,0.8024576949139377,2.0
206.43577456609825,173.0744334832138,4.631753082031474,0.9990047693056443,0.8665927884468589,2.0
261.6122263162963,-157.56562156384982,5.125110147636779,0.9975844029344537,0.7991062275957364,2.0
336.44871991776404,73.48903551499559,5.781985622378214,0.9989430292165513,0.870263600226398,2.0
79.43273737232936,-250.47888089620045,5.348186959686434,0.9984601640219621,0.8297395883571869,2.0
300.78738159624754,-125.50193835883474,6.541295766366264,0.9991377141715222,0.8548911202125099,2.0
135.38111706794058,217.54531885319523,7.55542288385977,0.9993099699623176,0.8643978481339503,2.0
306.70612617569753,-56.66283157118296,5.928121218910396,0.99947976379727,0.8924532204460396,2.0
-164.84119037167906,-252.73464776989442,5.768819584573412,0.9995672596738155,0.9171342762597682,2.0
-223.6176830304403,-77.36051142781595,5.562128446670082,0.9996700370895085,0.8929709009540637,2.0
-212.86424704259383,-74.67816865371805,5.546018834357106,0.999142217781558,0.8570031456298679,2.0
79.11411218804034,394.0252486539183,5.520178123124323,0.9982615270265702,0.8501032634822027,2.0
8.455482127601345,259.07375565310707,5.976540038927036,0.9990477495349108,0.8521851537123944,2.0
182.76091544024928,2.768325565276133,5.429034095766795,0.9968511030569701,0.7729130502993491,2.0
-237.7038814935272,126.87696570325292,5.42807113027595,0.9992196643578708,0.8986103463869077,2.0
166.44472553391324,357.2321044687554,3.816189307886834,0.9993915959304067,0.9062658673537798,2.0
-66.97613825378546,208.32429071175434,5.649317454058405,0.998893681932629,0.8485520399495036,2.0
-205.28095580617875,-81.47660705522736,4.668565137573495,0.9986941564070526,0.8320199743083149,2.0
314.8260795312259,61.32116234262465,5.993037211843238,0.9985360820836683,0.8296337899414366,2.0
138.44538819775212,-229.67657160578503,6.678929235065091,0.9993317655150773,0.8830460715707618,2.0
307.87390101530633,-8.587212598723157,6.8510143414996225,0.9988762227752945,0.8227498869023507,2.0
-216.75669895529396,-173.2125050728579,4.892374917286238,0.9990117830928652,0.8687273919293873,2.0
-168.75191240457502,138.12457893141743,5.174803710749155,0.9991608683998411,0.8792388841267728,2.0
48.69567977885684,-264.3449860282064,5.505050788638315,0.9992571334575961,0.8796334844741633,2.0
-87.1117488590511,232.0436636168162,4.7801468729522965,0.9990744756762877,0.8948523848393687,2.0
346.6914841178021,71.77240373904196,4.660206131699499,0.9989592931172278,0.8877338832326919,2.0
285.50710307333776,-76.34065646221823,6.199040876855352,0.9993999548441314,0.8876589430067549,2.0
-70.17592248313879,194.40964504791833,5.5891276694594625,0.9993895729394331,0.9076486536999703,2.0
-14.633808519069516,238.182561105398,6.717931498818185,0.9995353922289039,0.8860128247326042,2.0
175.32188386955755,285.80235153943624,4.752209054733663,0.9994187077113197,0.8945631246682175,2.0
-191.94609507487866,44.707982597753826,4.3502986714678995,0.9984958064012623,0.8737798002280592,2.0
267.57939890054877,205.19951085485835,5.922354350117822,0.9996925318113921,0.9251989871137472,2.0
-86.96425969682073,-336.9709516327051,4.5370684368823895,0.996433279486309,0.7663157733803994,2.0
115.81289899339195,380.2575619211858,5.1236445461336615,0.997914826632817,0.8313918904649942,2.0
304.6304296275642,-112.64030841370217,6.955064597197178,0.9994138531035027,0.8764327368907272,2.0
254.81927512542134,-6.798655235023914,5.013623763107036,0.9984243884631037,0.849750730192768,2.0
-248.18761780854425,-136.50547315928154,5.8276601098944925,0.9992054397851418,0.899521691792717,2.0
94.66724600806045,284.7979361922257,4.250742578510386,0.9992691321819597,0.8995189926467542,2.0
-55.196395756910725,269.6356082626984,6.802267213403897,0.9993741796600268,0.870845334953942,2.0
118.40628250266776,-240.94173566240195,5.531828957497324,0.9989605276207686,0.8695134460344658,2.0
-17.103135437494686,310.5110275012011,5.964671452526821,0.9991426098664042,0.8542955352356438,2.0
137.0423153305166,230.45511523834028,5.541053259621789,0.9990567292759119,0.8801709548112051,2.0
360.49205793311063,58.222986659054136,5.4455828743093315,0.9992281279792142,0.8695134939844585,2.0
-168.91533923490337,127.3018157151378,5.721917444852149,0.9986935329935508,0.8188517375723596,2.0
123.18465869391352,230.64789838372667,5.875207999387948,0.9990229722256586,0.8705649655054277,2.0
287.8157504592753,156.70143809379977,5.8480897601353625,0.9996087789781951,0.9191816970182274,2.0
-2.158183389594606,255.2813921034387,5.333601533081538,0.9994638950979032,0.9101329281452335,2.0
-243.98819337179467,113.87550428601111,4.656704950942019,0.9989042911801221,0.8621806561909898,2.0
143.5326681711665,379.3953619319731,6.030634499416872,0.9983807392616941,0.8189999695331727,2.0
194.60843338315254,206.16308159002554,5.169955910941057,0.9989330746614706,0.8867687698192128,2.0
201.44076786790808,180.80925148626895,4.631753082031474,0.9990908777513496,0.8929070094475667,2.0
-166.66622583645045,-239.74883872512822,6.651018912704114,0.9993486735796165,0.8871116360948025,2.0
63.42777280625628,295.8755075360255,4.973099765852566,0.9963087728981094,0.7944787815787304,2.0
-131.5775382087392,-270.84793209034893,5.5316710400957865,0.9989936163929649,0.8899533157451521,2.0
245.15305930662527,-8.201199459783172,4.441273081071307,0.9982303132407532,0.8411272092904575,2.0
64.21654484933451,264.19985670379265,6.951147024746326,0.9994761151083932,0.9239118324792629,2.0
295.9701175162072,130.69118275573607,5.215817398488308,0.9996152853939747,0.9080256562326212,2.0
-205.23377785835666,-230.35580104044973,5.61140584568379,0.9993017080697304,0.8644801637243492,2.0
-227.60669809225678,-167.78182497658608,7.304824034150144,0.9993010546164873,0.846195850709107,2.0
-179.13025928319385,154.0397636779722,5.164175973237864,0.999346175348522,0.9106500856009873,2.0
-258.6361569541937,-138.1817305340433,4.820568153252848,0.998765741026729,0.8365462020405602,2.0
-228.0732995014796,-57.31906003934387,6.113376746020114,0.9987213616094662,0.8356727492076693,2.0
185.70788940039364,353.5879897726692,6.5928905370680795,0.999282903642221,0.8650033201108244,2.0
-175.06239725210963,-248.32578199399006,5.405612075077854,0.9990124901929667,0.8673187526021527,2.0
45.46723245919554,-275.8921373299688,6.535878294937689,0.9994294291854146,0.8893365205261914,2.0
102.14502103930559,-248.40763997343018,5.018925677602116,0.9988630163168806,0.8469957216755232,2.0
-177.93663749522412,164.74068319611536,5.445499212455839,0.9994239458147897,0.8905550696545753,2.0
172.9545254641694,337.9019574439091,5.976779031095389,0.9987167473554593,0.8461358745096939,2.0
-30.775430529199923,272.99038391559964,5.314869936193244,0.998425781805021,0.8028137559046016,2.0
308.35559377151,52.4378479617986,5.088232829008222,0.9988388601313762,0.8866674970395588,2.0
-257.1100210017992,-112.08935738833527,3.683643231849568,0.9993745251063952,0.8728982705904161,2.0
-236.98810611167988,-198.51738198782854,5.408281079989815,0.9990293766062974,0.8919379538370649,2.0
51.57574653573548,-253.93627993810443,5.33373650194233,0.9991624387475337,0.881736475343169,2.0
283.13960126904664,178.38186168741183,6.019700116981297,0.9988181436213627,0.8398118914113519,2.0
-226.79098365000192,158.57443702515147,5.7009089209321,0.9994327344843542,0.9083654407194789,2.0
-74.01694457239763,262.7298184764895,6.261058992951513,0.9991759078428518,0.8385747561829825,2.0
187.1168486193526,380.63479721538204,6.694427753383545,0.9994692399490284,0.8804383994211814,2.0
-197.49953736099346,152.85202722992588,4.829544812483979,0.9992471583160851,0.8825485080415517,2.0
284.5795022538554,-61.268885572009296,4.919633707816006,0.9996644925056248,0.9232336301574882,2.0
174.49066770122838,208.79083592873158,6.750689163144605,0.9990952173321558,0.8755523016438276,2.0
149.05143270713253,276.15732359080573,5.538412771984502,0.9988935495035335,0.8462534535515963,2.0
300.12944427178985,-146.29484682804826,6.472907537302384,0.9994855200052233,0.8772237322460821,2.0
195.8233277129313,196.5220968145028,4.494076374805753,0.9995258978518635,0.9137673467856963,2.0
-137.35327355501764,-290.23199251444896,6.280326941994127,0.9991922077264674,0.8755304978943079,2.0
-215.43277982114893,-209.65311771161373,6.410763137614285,0.9994598733289591,0.8906154590796553,2.0
283.26607402810214,-135.5407533129518,5.341381538219364,0.9990750207898312,0.8571564804362558,2.0
361.85602097307236,84.47287136405878,4.096102254796154,0.9981479966769636,0.837880938295996,2.0
248.1457848754903,212.52820514060636,5.026863558569971,0.9988143240019376,0.8593203859599664,2.0
326.96637681274206,-159.07167003240727,5.470125318031615,0.9990319907368975,0.8514692503147482,2.0
121.96200772104446,218.92170051386557,6.009558044478191,0.9985871593939463,0.8511366172657746,2.0
-207.43328091288097,128.27598433176368,4.1413038030778875,0.9985513747717109,0.861990626029582,2.0
333.80070173922445,-123.48953550221076,5.5143727903587125,0.999620460290831,0.9076555086605245,2.0
-257.38162339324845,127.3510781849313,6.387692589053257,0.9991455290578387,0.8381959383002159,2.0
-75.85852331495917,-290.55161466531223,6.190352382050035,0.9988098242398278,0.8380438721432449,2.0
213.8308895636875,198.7494626791174,5.932370480035703,0.9991706380688044,0.8570306767359327,2.0
318.9935340414735,51.62954133621941,4.599460429994313,0.9993679387351126,0.9049154874289763,2.0
165.44011214917518,365.0681823995402,4.1147101201479135,0.9996020410161219,0.9206329560515029,2.0
-72.7506861233836,-281.0815652440642,3.826888712797084,0.998382323141,0.8702882044360303,2.0
-215.40881438708962,-128.40354328120185,5.341184853322122,0.9994822866317121,0.8927790089522755,2.0
329.0197404470859,30.667432499762295,7.388126930945542,0.9994106724495857,0.8740561700628118,2.0
289.97565230404166,-87.60728017902242,5.971332953769712,0.9984623221706529,0.8481532277518689,2.0
298.99340429420283,-77.80421457859819,7.420603195043136,0.999459287054507,0.891340121865476,2.0
271.58854818493967,182.40533683795087,6.289331703471905,0.9993062407441335,0.8825207876673153,2.0
10.586819024548701,271.45634187061484,6.66654601611531,0.9988190646123071,0.8187942750412172,2.0
-248.74742257525892,-116.72219360143691,5.887288165558397,0.9990975169756696,0.8655676154394821,2.0
82.58107105153572,-259.7211898399165,4.459885820714167,0.9993775116780266,0.9063239989711656,2.0
165.15523472003596,331.3975833752535,4.198467429743138,0.9992956673734776,0.8825612950415553,2.0
318.309089472903,35.443056960308134,4.382051418751523,0.9992887311598831,0.9013167856563274,2.0
-216.34021936364587,-163.1748028764848,4.9373022336474435,0.9988389450328125,0.8837749230480002,2.0
117.05536270395751,394.1219309789136,5.845097207453729,0.9986377938454412,0.8531717399412285,2.0
-240.47787691866415,-54.64826834281245,6.675365282483267,0.9988042628923343,0.843064025864283,2.0
260.9597310156384,-168.42223839024362,5.80582375131094,0.9993201792674439,0.8842760145530321,2.0
-76.59655177686483,214.67582911103625,5.941126627878848,0.9987016315477399,0.8546481079784243,2.0
-26.5102201585164,264.6853041924149,4.060967835247207,0.9994820193802231,0.9155729878764858,2.0
-2.6803876536466693,243.62085640647285,6.382299455463064,0.9991458604315714,0.8571788587549877,2.0
26.528703682752624,-287.31255494650736,5.2216174080631035,0.9990778093035765,0.871828445377264,2.0
311.80488971411694,197.99624154044568,7.599798571295,0.9992097179305033,0.8573162722932417,2.0
130.43294853460546,238.31526385572937,4.752472644606811,0.9983217090959104,0.8259769237243134,2.0
-253.6745849228003,-92.80257425827897,6.392670255710804,0.9995851625137733,0.9021678719674604,2.0
2.5549941704635044,-277.50619379940565,6.328474286834065,0.9994926213244751,0.9000827710903665,2.0
-7.595482482715878,-272.74361019097034,4.943130461600658,0.9991389173652958,0.8951585916939298,2.0
-188.30151552726525,150.60484479211064,4.687389884689138,0.9978276836777109,0.8022674211786959,2.0
203.54184394056603,201.751142721967,4.867601731652443,0.9983510614887234,0.8196110429722673,2.0
121.4175913216176,266.68229120902123,6.4969224381073065,0.9983147219445067,0.8450570552711542,2.0
101.75656501477397,-259.1209512433082,5.746021862479312,0.9990406991694593,0.8474836852737238,2.0
281.7490789828055,-46.39088188647632,3.7808473080314333,0.9987635712964571,0.8581193010304616,2.0
244.51362702691148,-71.00074173167904,5.488606884441068,0.9988654806174762,0.8613368672162348,2.0
-57.37315262475087,-245.17332249797778,5.145587270764469,0.9959715936301852,0.8008053300459543,2.0
180.25031002423214,303.16132886771027,5.288575442307131,0.9996596164913008,0.9227835874116611,2.0
51.525277952096836,-285.7002985051674,5.039046257748068,0.9989450146290104,0.864972970593357,2.0
343.10412787218297,83.60615858964937,6.402885503378069,0.9987873935338297,0.8339257710112655,2.0
-227.73514915628328,-231.73640730982487,7.137604702600766,0.9997321522888227,0.9154180027880274,2.0
184.83629406984494,202.4891230500448,5.34536687115075,0.9987309981913807,0.8582430788597755,2.0
-253.74592162581703,-147.44076708549818,5.67893880352775,0.9994438235274905,0.9117527210699912,2.0
66.43296259131867,-265.882796916415,4.618676589374788,0.9994478475372921,0.9093633430955925,2.0
-261.14968271246386,-74.25586788399589,4.923499706138658,0.9989765586703518,0.8439115483992118,2.0
312.183713155927,-126.6084507846481,4.9732543582857405,0.9992560165904693,0.9014326311685803,2.0
61.614164756396455,-252.73786608219268,4.840587897832027,0.9988016961153967,0.8605148453105571,2.0
194.03377454272825,216.22633255908877,4.98148781347062,0.9981756533617904,0.8267522175135678,2.0
154.20946490773048,257.95790235528153,5.403770567341782,0.9980043200454907,0.8328305314595656,2.0
21.236777018001302,267.06499205842806,4.890042622347227,0.9995589610832967,0.904620796713424,2.0
-163.7389153972355,-107.05670471089707,4.894124275411661,0.9985304138883804,0.8763203976704351,2.0
-100.3010053902168,-294.86611164111935,5.096732996864327,0.9985817474995559,0.8591960407997491,2.0
182.17072546814515,343.0070344613332,4.6024183902938525,0.9994886109862524,0.9137694647607436,2.0
101.93460830437314,-269.7908365578183,4.974173964676257,0.9982783764672212,0.814715101745586,2.0
5.756361262959079,-138.10967009165375,5.632321862571335,0.9993868931613827,0.8907353889846075,2.0
-246.95061939194895,133.31499447849694,5.648077655814792,0.9995106487837961,0.8965052413335894,2.0
254.87973752009762,-222.42618674529578,5.883882055244386,0.9994674433289671,0.9157589640610906,2.0
-132.72275499656573,-250.27563847991678,4.902957772120184,0.9988096379064652,0.838302470203182,2.0
283.1305337797297,202.95707779652267,6.712956249030729,0.999787029290627,0.922179186507548,2.0
-211.6239620667802,-221.07793084687117,5.683675697646068,0.999409736784374,0.8720662100172055,2.0
298.2558468611521,-102.48570627440745,5.098460921257803,0.9987559765835604,0.8572016412474538,2.0
136.27311578772932,313.9270821778816,4.564375934128082,0.9960386282065018,0.7926612303805372,2.0
59.670127147247285,-242.8081851370578,5.338968820313632,0.9987183258802088,0.8325263986895148,2.0
315.2010668267023,-117.44582504043072,4.711327889076125,0.999049941285769,0.869107547030001,2.0
75.40211453833984,-184.17465746140306,5.96033289140687,0.9990229402786467,0.8674094634518295,2.0
13.657283259419529,-286.08484585000457,7.769009170761441,0.9990531853239885,0.8087922116308686,2.0
173.61569947187158,325.75886653584985,6.010392043518164,0.9997327906754954,0.9286872202039248,2.0
-249.2643645649195,-157.5072599826798,4.758961085748933,0.9989992798643645,0.868345721788658,2.0
-93.47222050399019,264.44063303666513,5.000154847985952,0.9996874609159334,0.9308660148735961,2.0
-228.10970509190494,-26.352642728491602,6.25808609880677,0.9990391433543723,0.847014229711781,2.0
21.786969630741652,278.6675644711241,6.749709881443083,0.9984875039290887,0.8304389907314618,2.0
-128.3374091768521,-282.1123018570554,5.905636233794558,0.9996037164010442,0.9204404159432938,2.0
296.37181984072663,-55.55598962505717,4.505353222559401,0.999192354608352,0.8753058422996335,2.0
275.2170087741475,-39.57078180532178,5.71386473653443,0.9991523208552595,0.8741973647984259,2.0
156.3604487568649,330.5828297526855,4.672796415380335,0.9986825674813611,0.8652527357704192,2.0
351.37181502049486,93.2791868914434,6.386834807262319,0.9993404682975734,0.8863662150960179,2.0
190.5409417023517,339.96556885624216,4.325321087258924,0.9995082103981161,0.8952272530881302,2.0
-95.50982565563068,253.04439309794267,6.613234929949926,0.9997743943056518,0.9117543960958893,2.0
249.73195842182503,135.1095365432235,4.363544028223119,0.9991045262503758,0.873116409078612,2.0
337.09173581225514,20.03608363642714,6.035241845662792,0.9989749422438199,0.8485793525441605,2.0
144.19502512587053,-217.6405624886232,6.726635013222153,0.9993205913507376,0.8823959836541796,2.0
-250.48153794126276,-104.87753524903448,6.144260942565184,0.9993160233496089,0.8656534894601624,2.0
301.1106670315948,-91.79566739239644,6.0357681480553875,0.9988725632200153,0.8859964028128704,2.0
58.080422571777234,-273.0659726817002,6.438744230717283,0.9997204035369067,0.9285942854209545,2.0
-224.16039881900582,-97.20145750078227,5.353429581539363,0.9992901585605359,0.9012122141257993,2.0
-1.300326127806169,277.48411439577995,6.715787218149149,0.9995882225287867,0.9175631925388301,2.0
-92.84729973491487,158.7404264715634,4.496471864938193,0.998896854599963,0.8647845448021939,2.0
323.37659094988976,-122.12248888591839,4.753712037890453,0.9989226263183465,0.8878105578549054,2.0
161.22711298961633,373.5284421276284,5.3726346611350895,0.9989247662043633,0.8698894805977997,2.0
-265.22483538229164,-146.55498813785988,5.892984089728946,0.9988105734412254,0.8354308158404246,2.0
187.87772620012288,321.609156887637,5.82880028208572,0.9993057860961309,0.8831059062893936,2.0
-246.3296519680303,-205.43588203783787,6.298936083997759,0.9993302912836106,0.8853366770790044,2.0
-216.33884812475227,-25.026708738870298,5.656073889989012,0.9990297962206856,0.8516023272641821,2.0
186.62089256714313,250.42800795249224,5.479909287121778,0.9994834667365702,0.8800879601792837,2.0
-252.04029268292982,-69.89580446823746,5.21285448373473,0.9990514528970378,0.8577150350529524,2.0
-246.63745716152567,145.2699039399627,6.231716210260761,0.9995485699559851,0.9155693532327327,2.0
-99.22662529147419,214.5034377527463,5.371251182406936,0.9988198968087114,0.8417203352287549,2.0
312.27801885918586,173.3838031608039,5.904259006414313,0.9997281757138928,0.9291937955771631,2.0
-175.51155996196758,-33.6480315818351,4.91977712566137,0.999044274808981,0.8758331657437722,2.0
-154.0563255875852,-197.64086711594837,3.9111498927275528,0.9992299699492253,0.898684331118677,2.0
-76.93872254680915,203.23483943550247,5.5987850780910895,0.998516859939207,0.8288614388679609,2.0
279.1349144430656,-53.93494050759018,4.2444344817168425,0.9984981741326947,0.8263111402526682,2.0
70.27295379542184,-277.7974033504911,6.440541716762705,0.9994529093489861,0.9311606578317149,2.0
-99.20168695225482,-325.83752529278684,5.060817088949458,0.9987599716981671,0.8581664985673825,2.0
122.75067858358646,-263.3227983192102,5.63215730351347,0.9991226211211048,0.8943511221015078,2.0
-283.3552687853346,-110.94627351862333,5.588243263887575,0.9989409717836881,0.8422075936344352,2.0
0.5995141283771521,266.21273709574245,4.67794806526486,0.998781192891261,0.8840802860758027,2.0
328.10165223815386,-105.242295980513,4.9495281595725364,0.9986263763115562,0.8593878873360316,2.0
-105.00573798365424,223.6502353005841,5.477304061857164,0.9995696556187368,0.9176722720417909,2.0
283.6999210673137,-97.3720447855249,5.216755519567838,0.9992939105023095,0.9026541693235719,2.0
160.35129409899776,275.6752711490896,5.789044712382699,0.9990430260701242,0.8532884176783122,2.0
-265.6201247076774,134.8855807141542,4.842033294671661,0.9986077538024409,0.8503079440915741,2.0
265.30360658185714,-7.296235876385869,5.5159979756210955,0.9996785274254983,0.9089711666760356,2.0
-286.62199442587115,-157.36447990008983,5.319068564120435,0.9991191294662526,0.8731680980429961,2.0
221.265786191518,-31.382617724390922,5.529327244277198,0.9989980142505421,0.8903036489722489,2.0
-189.49833463900657,107.72146930158195,4.510902302328648,0.9991206057692923,0.8947006878842152,2.0
-63.18535147568041,261.3965605429325,4.705005663415184,0.9993227936394109,0.9035859759856545,2.0
264.8240733741586,-202.9552310767388,6.830343977850954,0.9992860728337726,0.8829534988278629,2.0
225.03281750602315,186.83772965438698,4.715953925092493,0.9992050056965509,0.8796099979758667,2.0
-238.81003851691105,152.84298306030269,4.7171459988302225,0.9986399352568268,0.8514240851487328,2.0
39.391543720221954,241.5442187996602,5.8784319149271544,0.999461556196754,0.9111982857730245,2.0
76.94463305396897,374.7923313850431,5.37269229568973,0.9983544942651464,0.8505766517790527,2.0
350.4922775368292,12.898884568208027,6.139915109529131,0.9990590244285881,0.8490756920712557,2.0
294.26234959312774,180.52333435883483,5.394322942037466,0.9985376473563048,0.8504640822680953,2.0
151.26090619504345,371.97098617399746,4.784743244199214,0.9979193611905984,0.8322954423399482,2.0
62.9437076537227,366.1354044891813,5.356931267859956,0.995276183239571,0.821999255764559,2.0
248.78551310884257,-60.91853672796405,5.127194630022907,0.998787243165695,0.8838794927674093,2.0
-83.42956794482157,223.07467437988763,4.987897640695218,0.998008579722492,0.8107618650408054,2.0
325.03711833603813,191.71290578413294,6.857431657357673,0.9996800258707067,0.9172629080686798,2.0
111.85916368847103,-266.1339816583382,5.6730275899857805,0.9991084226649122,0.8712717994398598,2.0
-73.24251260240051,166.0715765669624,4.8676412733090855,0.998549033536384,0.8300464349209824,2.0
113.29833642771017,-178.17726887508164,4.433262541189648,0.9981879057406171,0.8380752734442841,2.0
84.10928405117839,361.83935450157645,3.6497826045898174,0.9885105327706983,0.757023305010645,2.0
284.05122694295477,-156.0464774071845,5.456719193818337,0.9986859023219375,0.8322636607506311,2.0
-265.6102077308632,-178.7583306069294,5.607265392885759,0.9993311847234289,0.8480086244998003,2.0
340.9540500394371,-132.30905062434312,5.566457951396872,0.999022718258613,0.8670434623613833,2.0
171.8288625792741,265.09516264293444,6.060208469858123,0.9991577203496379,0.8766285454945927,2.0
-228.75788563603086,-10.615261005573732,4.34030987591709,0.9995719679989713,0.9179301440005339,2.0
161.75256633991012,263.74747275256726,4.187141453174212,0.9983974942236681,0.8753117230617559,2.0
-111.13195460748133,-294.55159803751525,5.75433933615734,0.9991956042494121,0.863309987245527,2.0
-248.6345780077633,-176.56007630668648,4.95120461743491,0.9996290904600534,0.8956889507187965,2.0
-276.46080360682845,120.90026430726235,4.65398557579647,0.999744150455273,0.9152953897586025,2.0
183.49471704335537,332.496188198432,5.977098464965453,0.9987508204861737,0.842018812841818,2.0
59.75970100416315,339.44166634704203,5.982847879177977,0.9961042312323345,0.7690238206641914,2.0
-272.9151922629578,-50.05975766148784,6.651072941120274,0.9994306695711397,0.8931573094956228,2.0
-236.23434268186995,138.409862918696,6.267978637026142,0.9992125305369919,0.8588316636222328,2.0
-66.85031750752813,271.40666665145056,5.044093602558707,0.9992538762321684,0.8855087357501557,2.0
-92.44833026050551,189.0046198207905,5.569394945757239,0.9987461529813793,0.8575313071814872,2.0
311.6711821020554,153.23815144802825,4.736369312816611,0.9993078995290121,0.9044895969092679,2.0
99.576558816327,375.0202649637923,5.187999173016793,0.9952073168234744,0.8334537551608852,2.0
-267.4386106088528,-134.0672211954032,4.949099979585959,0.9991400760052324,0.8734028388352001,2.0
82.42916624435222,-274.03277743748805,6.372652629343848,0.9983733233808095,0.8180230211446013,2.0
26.36001433731676,248.0874270153585,6.918994596113633,0.9993292042067659,0.8663547131112425,2.0
-217.06897692253267,-106.0584620466722,6.049996227753235,0.9991262264508262,0.8535178326479762,2.0
-222.68120296460808,-17.081811802141363,4.556927701769695,0.9987336880297162,0.8609779104531361,2.0
-32.03891621445245,323.98785119613586,6.569256967395966,0.9991730671821789,0.8616818973970045,2.0
-184.96044496605128,171.94619237506186,4.643096602767025,0.9991443968259864,0.8554222304307716,2.0
-261.74544527204785,-104.58100584779368,5.163429264437399,0.999554304260272,0.8992671341943053,2.0
-77.13205445108997,187.01084382805746,4.604831314883292,0.9990517101859365,0.8720318086079307,2.0
-211.85413205452198,-198.17325528615913,5.663387232475115,0.9991698813088701,0.8741783821002816,2.0
-256.33680048106174,139.0135174665709,5.374690466952254,0.9988578046905626,0.8379481517770372,2.0
250.26578626945383,192.88997532003106,6.674161760379591,0.9990432519756416,0.872850997008802,2.0
-260.61155820558946,-158.1729424815487,6.668781649701016,0.9994805916813955,0.9110987667886657,2.0
-256.52769831431414,-27.309286452282205,5.13610257616486,0.9987409220590976,0.8553707082884396,2.0
-239.3861969424633,-172.16874425858956,5.327704165260538,0.9987854897112233,0.817830865236209,2.0
-1.528570906307368,290.534949171454,6.244569772985669,0.9994555640767229,0.910172609398029,2.0
-39.82167483929818,314.0851757744077,6.118620299894146,0.998826287857525,0.8485618646555153,2.0
-224.57224931250457,-87.38080102523125,4.532320961303548,0.998689994596827,0.8563153757343072,2.0
-240.62870445394884,-182.22010574677208,4.860383092905309,0.9990258627351849,0.8784286854877177,2.0
274.24868482752447,170.15285713868815,6.171762956778922,0.9991647073679986,0.8779561954198113,2.0
-233.80193127300407,-82.61765133343904,5.921364659641173,0.9993935572910038,0.8911107981139936,2.0
340.9127109710889,29.89209135925264,4.5593385477954245,0.9995071100651538,0.8948341829242562,2.0
277.6377290646042,-209.04606663060767,7.436555376758587,0.9993187087893084,0.8510174498447062,2.0
277.24860191329816,-6.721953798935177,6.475529347972188,0.9991840894131649,0.8572738792951852,2.0
156.50398970556856,-217.54392929955398,5.651841462039231,0.9993630228187587,0.9075612559896046,2.0
-272.66764438537086,-75.46381002613387,6.7091206107850505,0.9992883434513609,0.8697064471605507,2.0
282.6793115341606,214.68674642714996,5.0507870599850655,0.9987298196414092,0.8437186804235332,2.0
-200.27113042203123,-247.0127042479653,5.636231044034601,0.9990600104688145,0.850884222808434,2.0
176.06411634547015,252.1241577667863,5.0581806557873685,0.999498626189454,0.9122964832997753,2.0
-231.50028723815709,118.35713208290876,5.172832673296663,0.9990509790064991,0.8683011366607937,2.0
297.85724964308343,192.6816516557772,7.368588361797657,0.9992964341237796,0.8651079112152984,2.0
-31.26062202983822,254.61001030392754,5.231262545338566,0.9985287128266713,0.8494088832341034,2.0
133.3324255684458,266.6540640010013,3.6388721379614344,0.9992084123207935,0.9010408786884201,2.0
218.25491332821483,241.6987996027955,4.309966006613615,0.999661225510646,0.9238685681396217,2.0
301.144607332091,140.7846272798653,6.135709350061023,0.9998245769877131,0.9281848765043321,2.0
215.40206528376757,187.96265700101026,5.003279410002818,0.9995547554644406,0.8985300329170114,2.0
255.6258717991782,204.38993636561136,6.095398954425389,0.9986962815683079,0.8337661261699585,2.0
273.3705304142054,194.66117794080222,6.140317220672551,0.9993203206941215,0.8632517350251877,2.0
-157.03949086998566,-85.14679579327608,4.549653874540612,0.9987215269492679,0.8547550136552003,2.0
41.43814750654557,263.7821559398667,6.1139577860645575,0.9987492440342218,0.8566394383927015,2.0
-104.37680515584363,189.8321420902946,6.474159321815801,0.9987396965087966,0.8337609739716254,2.0
-257.73904491137193,-170.60273523099332,5.7566510957936545,0.9997417937760604,0.929415500749754,2.0
181.8108962419843,272.3233933581274,6.348051075940312,0.9988454860712749,0.8391279694790921,2.0
132.13925169172668,-253.34922381284795,5.892058324883939,0.9990643998047113,0.87223449294666,2.0
-105.27067321957252,-305.27927663663496,6.526801247042269,0.9988003558212009,0.8370149928162016,2.0
-280.0121726003626,149.1000538542705,5.03563346142245,0.9992250159046376,0.8582426475986159,2.0
-93.93217714383776,224.0799833747596,5.644560978278663,0.9988512730781176,0.8430685714980759,2.0
-92.05952749227455,274.87091363394757,5.561219816023358,0.9987243783485114,0.8335752545132634,2.0
-21.838820188044746,329.9069158442605,5.255018447820795,0.9990728477996951,0.8497620558662005,2.0
219.5442541195371,179.15448271257213,4.760805217221624,0.9995492922080742,0.9156293056156954,2.0
26.304845383217906,235.80528933089374,5.410212353166716,0.9993774841141237,0.8858925044980718,2.0
-24.332204386546408,282.68826137073296,6.373069619453458,0.9996114637863941,0.9197898782801969,2.0
-250.5351582000584,-50.13666661054863,4.378076345691588,0.9995184976380723,0.9131647920187009,2.0
-255.7698470238072,-128.78239480940616,5.044537239448828,0.999411478168175,0.8919552118266177,2.0
-267.7791596333385,123.99280842908576,4.58221095780333,0.9992974199107375,0.8834782087318183,2.0
-272.7152369689333,-62.734095815158796,6.093780079179241,0.9985292750062202,0.8246283911357725,2.0
300.91611356783847,205.0515012463941,5.467460885608365,0.9979871508579244,0.8314458871243663,2.0
-232.03430332076425,-188.4967625286565,5.842445388921506,0.9990258989551214,0.846964396572223,2.0
-252.9286448217826,-80.49428844397873,5.434955742574991,0.9996037665822092,0.890357568914548,2.0
209.80936425436178,-228.4539527433378,6.880500299375903,0.9994566021383244,0.9115390036580265,2.0
107.42946202328208,-279.11047921236604,5.896199963714432,0.9995091845132362,0.913075481376757,2.0
121.65507371827415,255.66043996241854,4.594017912806417,0.9993104780250365,0.9263998214641687,2.0
184.59548947618612,-217.01830767024614,6.594445677137073,0.9991458649573051,0.8438671940283489,2.0
293.341398647223,-191.2681743959465,5.250881165045821,0.9987149196221107,0.838238054659366,2.0
311.1355527654165,-28.876138704763054,7.006747097093548,0.9995893540345129,0.9044350802795158,2.0
-39.8863965608787,-270.7067745467757,5.625503519462965,0.9977077951427568,0.8065037509556751,2.0
279.78410023965023,225.14621733179968,5.814585708661948,0.9995168578648239,0.9203300100206444,2.0
323.8261617342161,178.2856505208643,6.6825766285990085,0.9989167526250741,0.8207227649531962,2.0
-239.49955406211117,-11.457963417520709,6.472112859214408,0.9997335604641467,0.9140520404314466,2.0
-20.817534506982305,271.80184058186904,4.787236759474143,0.998708020019214,0.8807159222643312,2.0
-284.64732170484154,126.73072903870028,5.417940751704519,0.9990642165546877,0.8549304433948801,2.0
357.1762814330477,22.076285913400064,5.281115754091538,0.9989931507774819,0.8514731100328463,2.0
182.41028860168655,-227.69484943123246,4.324277832629393,0.9997361178072081,0.928931648578764,2.0
304.7008794116649,182.16199854887878,5.218486578559342,0.999292867825226,0.8811277752527107,2.0
-181.6833904539946,-257.996966627337,6.38350176936827,0.9996146499594151,0.9232249098702737,2.0
-280.3955469359948,-99.71986782514998,6.090192214910255,0.998913352881143,0.8492633690115762,2.0
-182.13321494296602,-6.9636448775359865,5.087687094730804,0.9993395605161232,0.9039943163112489,2.0
305.5316465262911,125.76106636935286,5.581325607002381,0.9992087677944207,0.8774873283378115,2.0
284.70369645201015,190.30908744714168,6.05047823085046,0.9994795437748213,0.8956290325328264,2.0
-133.4220117972708,-97.52733139590238,6.0768242301132736,0.998574493456291,0.851118456401557,2.0
-272.14326835021774,-108.41339767948908,5.949734637668506,0.9995012193956824,0.8946313215296714,2.0
312.7207815771836,98.97308828314254,6.006407631349906,0.9983506206841649,0.8223573020869014,2.0
-276.3080707107696,-129.18504983094294,5.208499411128161,0.9995943638415464,0.8924961745201161,2.0
130.89070718310572,-271.6995718267902,6.124268493545814,0.9990339248863377,0.8466330920166691,2.0
-106.79973093670105,-317.72403021959354,6.1126923151804835,0.9986046140313032,0.8523023758660896,2.0
-71.31395044428848,279.30758819237104,4.07213939585561,0.9991503479483855,0.8951937619292153,2.0
-13.117278285406009,278.03371344164816,5.171944019048908,0.9992678128494029,0.9003704291269903,2.0
-53.26405911253346,291.2847325595387,4.858022223722919,0.9994765772867137,0.9114870030666808,2.0
-106.46189089156002,-333.25176307576527,5.3533470973387285,0.9996899214479241,0.9250297126452418,2.0
-233.44422110051386,84.7769059049085,6.00396782172351,0.9996519362288964,0.9234900995592473,2.0
185.24493602859653,212.43468272229524,4.677367269181693,0.9980442933476737,0.8324232976461526,2.0
-21.594213603710596,320.06122454077877,4.639748123095152,0.9989003026347011,0.8412947631723575,2.0
295.18297303800205,-214.00888079489775,4.253994456398646,0.9991468685210935,0.8745306800271883,2.0
260.6780823051141,216.84240899311558,7.429791972563829,0.9991771317195631,0.8747265986959175,2.0
160.12668751841284,305.3978946995678,5.821329449065553,0.999361698766282,0.8866507828033093,2.0
29.462127098119684,260.3403058629508,5.772507454795085,0.999107665710375,0.8526869617634478,2.0
85.55534012195888,380.5117393475316,5.042980760278391,0.998506686021735,0.8742315993240757,2.0
-165.35691287378677,-135.52822122144818,5.24333852551685,0.9989762260217755,0.8440199023100516,2.0
-267.1628180756088,-123.7108313138573,5.462985744579315,0.9993861791060321,0.8917511365662913,2.0
-88.87960948580229,214.72544356334774,5.01297532026336,0.9996034538488773,0.9016223101897095,2.0
256.8825500880839,-211.7039818844595,5.043874812357435,0.9985281788603588,0.8334802878153198,2.0
303.2309536699628,-193.6498782938243,4.975157123244525,0.9991449673237627,0.8559462828132771,2.0
-221.6908406205596,-192.99470558662907,5.50128745056141,0.9989952407757156,0.8476708101984303,2.0
-12.439271673164322,319.88516547307285,4.554241447549842,0.998651851444415,0.8544534616407781,2.0
-13.77731731504845,289.25292036400083,6.115793354768177,0.9991815807317354,0.8560082721240441,2.0
374.758459238165,10.686332511343567,4.792330160977507,0.9994475562136593,0.8919925625150948,2.0
-227.0720358569386,-202.19807557886824,5.217296761074503,0.9993767746187242,0.9055569316678286,2.0
310.8003881280166,-145.435615012546,4.28291179100796,0.9985958300523876,0.8498241572698391,2.0
202.20689722496908,222.87014714886288,5.661147884350384,0.9979996226747142,0.8215172443694432,2.0
-63.31251835994744,162.67773034970824,5.655616166204867,0.9997838635432256,0.9219989582869031,2.0
202.7590295653052,363.33444008237126,6.339572438301688,0.9992092959797314,0.8583518929054145,2.0
-68.57471705836355,183.57342010494972,4.641410478475913,0.9995681344999192,0.9172944696206146,2.0
9.987735410655882,213.5382275723821,4.586114205154323,0.9989939282566526,0.8452840459874588,2.0
194.97878133755944,347.4442185062604,4.402822059797461,0.9996839071202425,0.9249361107986471,2.0
-180.54618330907869,-16.58249731042545,4.707880868389938,0.9989168218263903,0.8672337295341388,2.0
323.3399620534142,-141.14372801514452,5.346491758521033,0.9995007915293491,0.9132040916147338,2.0
106.43978203803758,-291.36776056868183,6.458328004724183,0.9994590516569196,0.8770638722684849,2.0
94.62970466285196,-279.0456963676836,6.888281075944432,0.999421628935819,0.9076559624501469,2.0
-11.308085479174345,264.18168987882336,7.476632343882615,0.9994355301733081,0.8723579983882594,2.0
-139.71540604091805,156.14119812175488,5.726764919895316,0.9989427117354911,0.8458433010243692,2.0
-238.76486605653093,-22.88029393410944,5.000275984915117,0.9993799653485265,0.8877708954016557,2.0
-250.95223871860208,-59.71303199446912,5.025485919776923,0.9992486951144448,0.9067005095550104,2.0
290.9784225156965,221.78314478534432,5.929779601981901,0.9987769685642335,0.837301711729233,2.0
319.67842921497333,9.092715138140887,4.779815777813015,0.999250673237508,0.8998383350053506,2.0
60.415808401411915,384.6431822837121,6.039243956223633,0.9990034181214891,0.8498242567916984,2.0
266.7064156891394,-217.3645030064711,6.363289544730414,0.9993540255541749,0.904191435993063,2.0
324.2643262903652,99.49383039315127,5.6034050423318265,0.999167339223813,0.896263860428715,2.0
287.90578565864655,-5.02711637121519,4.380899417573959,0.9986340335356974,0.8771423206946568,2.0
-213.3689990964594,8.222473696772528,5.480459615873268,0.9991745444402027,0.8752226234095832,2.0
202.72570963287114,339.97118693346425,6.3790821388614205,0.9997895408270653,0.9214929315047681,2.0
70.86586164245023,-243.2762917611679,5.934805901212439,0.9990431316029058,0.8723778501870709,2.0
-121.27939331799249,151.88653978777884,4.3900781828967155,0.998532086984452,0.8242955138534869,2.0
-85.12294846316419,207.12634521018325,3.49667570552497,0.9993514895710022,0.9048877420157777,2.0
-142.72183023140585,253.93430994740993,5.752788027551779,0.9988489497395018,0.8673541848796782,2.0
88.87981637796781,390.05591891289754,5.137843551951084,0.9972488858786331,0.7906362213782877,2.0
-148.6062245527853,-129.4832199942201,5.480985807212343,0.9995655540966539,0.8992463728721397,2.0
331.5833020013065,127.45097810735167,6.187793297230414,0.9987065859544527,0.8595701833376295,2.0
198.77587896026506,234.83692055170164,6.068345313310683,0.9997275434399591,0.9143715766702817,2.0
-188.2458071873319,-246.64083205266323,6.421623979545472,0.9995624424896745,0.9185171351650021,2.0
313.0166032281427,-172.5440582727136,4.916557183964269,0.9989008046720235,0.8858796083694463,2.0
-275.5915410955892,-141.1231438493906,5.885591248398434,0.9990868123338488,0.8714138032528116,2.0
222.39611762989924,205.50682659451962,5.0283396408935275,0.998978601737789,0.8442215211153807,2.0
242.48753999165365,-182.17747577130572,4.760669828058598,0.9992422798265138,0.8808725519113365,2.0
-2.8758159723525654,313.2757157612519,7.126557557955194,0.9994782453950293,0.8923690854254198,2.0
-118.32498034768851,-309.24306374396366,7.187414925389683,0.9994689154337292,0.8931714327647324,2.0
58.34791631864924,-261.5498506210092,4.589526408945085,0.9994855510939349,0.9118910264639387,2.0
-258.2975965029169,-119.8984567669855,4.243409072232989,0.9984820786832672,0.8262770794925166,2.0
-166.0374732694818,-117.65187996840916,5.995672912068685,0.9992302519670124,0.8577478697975447,2.0
203.4683833457135,211.95004366058376,5.385593490776934,0.9994802316863661,0.9004781754837066,2.0
285.14646845522225,-15.731984511265049,5.555255394892239,0.9995425843531582,0.9064199826673782,2.0
257.42647698204314,229.0804070915143,5.301719915702006,0.9986584006649277,0.8529540823089712,2.0
-274.83890759374106,130.84262234614428,5.291616277119464,0.9991330223205381,0.8756199619232201,2.0
364.04431605258424,30.59688442947138,5.734579331557376,0.999124281442252,0.8740014219646743,2.0
75.61965099135993,-265.5007411153534,4.618676589374788,0.9987859918786799,0.862049914456076,2.0
-129.3777421593695,155.84288723001387,4.660379628552959,0.9986289241606541,0.8293097044753417,2.0
129.47114243346607,-306.192559735435,6.241244135086532,0.9989038085247455,0.8625372934332796,2.0
-4.459216690376038,196.4297330662761,4.56049537576101,0.9989325969586278,0.8873771565106026,2.0
320.77276334134024,-131.30338553545124,4.86795567569255,0.9982578993562637,0.8146258874052534,2.0
-275.91045163397655,-88.12105833717622,6.4410634603180466,0.9988330978638197,0.8401589236519166,2.0
236.63750822388775,121.37494208972079,5.137812880329637,0.9991819353585031,0.8760878572553461,2.0
296.3499627322672,-32.47328837271054,5.56323835435356,0.9991900076747792,0.8750865586177466,2.0
304.35587043812757,-37.23509692878884,3.808123037713193,0.9983445236117502,0.8420039449008243,2.0
-85.75330464209169,302.935016438487,5.704707036777995,0.9994271855305964,0.9087904833946145,2.0
321.11072243004423,152.25750403128944,4.7817162868120064,0.9991909546993843,0.8769456427386704,2.0
142.79894169812422,-249.4543190185565,5.531470698271881,0.9987289394377211,0.8325691142263602,2.0
136.7165781858394,-262.7471286638125,4.615558505117379,0.9990182076892659,0.8899437873583866,2.0
-220.712941184422,28.60000395807423,5.034038454181209,0.9992387684894075,0.8997417781349494,2.0
-209.67083069722798,-6.109180035447487,5.430759231153459,0.9993999334312642,0.9068467572933755,2.0
195.95369886123294,355.7036418979475,3.945006064862087,0.9977362238099439,0.801741387390154,2.0
-12.76310373890939,250.77897656960192,6.059312565800123,0.9990805912586941,0.8514159101269314,2.0
225.88968557351546,120.07451362432307,5.730556229109366,0.9992331749021893,0.8789522146652711,2.0
-274.5997112948798,-155.221685989497,6.935278881822116,0.9996921670651948,0.9260950206819978,2.0
-212.48620619499076,-187.084885021718,5.50128745056141,0.999139437316037,0.874197994409375,2.0
-232.21502428341188,-219.3916327222596,6.022969557700847,0.9994020519169303,0.8957227231048595,2.0
309.08000167837986,-229.9043140060306,5.40694802552115,0.9993190805581103,0.8870680551705765,2.0
302.5114531052133,-175.37070090910996,4.569461876652103,0.9996130211676073,0.9197523457888022,2.0
213.1847913417804,357.4225734186927,5.722704194224759,0.9991885002541284,0.8817163575883381,2.0
204.02582416731582,351.476071408643,5.228558753210887,0.9992763465960277,0.8821842832921994,2.0
-168.3925844950524,157.93181830550975,6.326460723263372,0.9989013826295404,0.8193776371854854,2.0
342.4897211056954,-103.19310611092477,6.248302171228501,0.9991329983404771,0.8951385258285159,2.0
321.63711226575316,-97.81487884529606,4.921302274655353,0.9996587991147861,0.9069279893652532,2.0
100.38769254435873,351.2180226263262,5.244855986725232,0.9989575381996513,0.9152830908055689,2.0
212.24923344285386,228.96688321425316,6.2349582826953185,0.9983226112903489,0.8278295808008124,2.0
326.384236330024,116.32705721596739,6.208299530978598,0.9984896545326726,0.8492024718341187,2.0
121.9519784048241,370.87075239143655,6.199003622959823,0.9987146396922387,0.8590481172099379,2.0
-269.27388440547236,-167.59095434266843,6.195538108204735,0.999309914875796,0.8674467789429489,2.0
334.1934720458522,42.81899353322939,5.89122812140883,0.9993414625599492,0.8885204714707335,2.0
119.11698125454099,-275.62788395933427,6.338508552563886,0.9993315214702395,0.8644146930469675,2.0
1.535557253133812,336.55938182686793,5.605267152357065,0.9981239618002845,0.8113201132732435,2.0
-55.703265504254965,327.52928896671335,6.496730141639625,0.9994757892348015,0.9118981545199017,2.0
-84.42134264197361,257.56489130894266,5.390750040388815,0.9992947947055758,0.8822696984654217,2.0
-69.28165255398102,287.2162042410437,4.148411653753902,0.9980743361612134,0.8079565695529553,2.0
-237.0080133482652,-32.18948254026263,4.466384614424342,0.9983992538206886,0.8724725863945662,2.0
-33.112473903575314,293.5583146000976,5.686132586409237,0.9991988415717652,0.877661662964666,2.0
339.8269130485316,9.188517366832848,5.221660020778971,0.9986410817472218,0.8324577620995997,2.0
32.36571337847496,271.7160489779677,6.0354493719931535,0.9982336419331657,0.840231164106999,2.0
-194.7545310484715,-257.97321414138344,6.706001210261172,0.9992558149304566,0.8452582376616234,2.0
97.90046231136063,404.30433396256996,5.353984085984065,0.9986512660982909,0.8527765676429487,2.0
19.195386157643288,257.4727099246041,4.924503694744147,0.9994676720034426,0.8985458519657687,2.0
211.37272218577692,218.12542310434307,4.677516464999998,0.9994766871897139,0.893610826541723,2.0
311.0771147357788,3.3965132074355266,5.594830975754938,0.9992136542952503,0.8563865370947651,2.0
46.602373163580395,288.30274724407167,5.781845341773332,0.9984544634890778,0.8452745510868487,2.0
-77.55393152076546,287.0450909685967,4.168744312690488,0.9993951287739858,0.9094870633210141,2.0
-111.76571893228272,179.0867715724437,6.639928643088224,0.9995184726703601,0.9152494224991975,2.0
-21.529769351442894,257.2712691059775,4.909925746386325,0.9990111564496355,0.8677585720745541,2.0
151.78838263936342,-228.56852349089638,6.36706234292686,0.9997386923116102,0.9296700776979556,2.0
278.96568820668165,-126.21637364294709,4.991903623916046,0.9982439983709039,0.8388039765223636,2.0
109.88957545435687,371.02238000682473,5.906806458026006,0.9990914629750592,0.8764467458165496,2.0
-113.6194965859911,254.6524518595581,4.53016269813859,0.9992871983868461,0.8666953721187808,2.0
334.4981060130082,170.21716928688988,6.762208209049085,0.9993763469542423,0.8726778574052309,2.0
-30.561952683732166,335.57648097658176,5.198834705654634,0.9984464403551111,0.8473406073052044,2.0
-73.46755389315732,295.85318936803776,5.5136096257237535,0.9992158024156791,0.9023772006443102,2.0
-268.44410795225525,112.46563073598678,7.003110673736839,0.9997612710805794,0.8941586128487368,2.0
289.08252468829795,-222.24928686765094,6.04735003309004,0.9996897888112047,0.9116785965185895,2.0
-242.97220908773153,-75.71104085466199,5.628531026891943,0.9987411978219723,0.8162877539498591,2.0
330.4206859908231,-133.50357320403694,5.104285205555695,0.9987195639228105,0.8337670984007979,2.0
352.5682046028179,30.798118947107064,4.606171654893636,0.999203117299643,0.8869621463013446,2.0
124.90188943189362,385.8896781652173,5.639378093560971,0.9980107630525215,0.8237638802585191,2.0
-42.85464283237706,332.90908227326383,7.432798573496375,0.9997124053830678,0.9265819078414259,2.0
-149.88633379859013,158.3067482790812,4.745540916931233,0.9989340503691234,0.8683451160825763,2.0
347.2866690843465,23.201027375080645,4.7053636584347185,0.998749252371412,0.8381367065998991,2.0
-283.7555101486252,-147.79647139612197,4.710502917189917,0.9993725781640228,0.9058158726827598,2.0
374.12341007389284,22.60316999890188,7.160959331410339,0.9998103662837328,0.9255476972998607,2.0
-223.85769003571613,2.590793090263516,6.486547779420591,0.9992174141890433,0.8776761072863446,2.0
-155.83204366342244,101.54911259514178,6.770423120417742,0.9988565487736584,0.8374017808720309,2.0
317.90799709891166,-107.58510217152961,5.560935625841177,0.9994568871681389,0.892355980910932,2.0
-234.3382496652771,41.44311363500281,6.1664240307720695,0.9984782775361729,0.804420771189826,2.0
214.08020724341884,334.74299285381096,6.146671257808437,0.9992993013439784,0.8662143864174938,2.0
-238.96998364761734,-160.8236042491258,6.089853063927707,0.9990350978276696,0.8402357601424475,2.0
253.27695519877474,-203.05546141306732,4.360561556770601,0.9995236310064138,0.9152106923881317,2.0
-285.6547542779791,-135.12374857247576,5.905258665118983,0.9991605846550354,0.8766688413078453,2.0
163.77817271182715,-227.3225523063927,5.725849199190101,0.9992203069746453,0.8777868546161328,2.0
-264.27679141782664,-40.466463957409644,6.323993696053943,0.9991446706755394,0.8726070174183345,2.0
262.2300201521465,-18.649578617189956,6.271953411611272,0.9997511432839319,0.9157079421331447,2.0
-178.23034369269797,-281.2117082213429,5.677655774774687,0.9996635345206105,0.9228580171524582,2.0
131.58750980555715,134.04976847683483,5.197188874661995,0.9988576900105541,0.8847007502202943,2.0
99.0524870396668,334.54582423697593,5.372280101241219,0.9895857780090549,0.7127857935338132,2.0
-289.13826073954874,136.02065507615524,4.95006817119099,0.9992878587486198,0.8839159115715363,2.0
23.05408674647822,-278.19184067370537,4.587681046665063,0.9979432593063067,0.8053247915833809,2.0
-236.9132167703111,19.72805933809185,7.151888430365261,0.999107312468459,0.8321785443652125,2.0
-29.931151577552377,-267.7195045963992,4.815682201732669,0.997809319695861,0.8286573362195737,2.0
-270.16375496595737,144.52367533181555,5.872023393953442,0.9994337178359732,0.8898357202387795,2.0
-11.257520109453832,227.11128416987296,4.915381630136986,0.9985884990051725,0.8264267680016232,2.0
-208.66716708074193,-240.4297842734373,5.085374522153513,0.9990783573971116,0.8693349282645906,2.0
134.31241488518128,-241.65352369418167,6.039937531514931,0.9995076903827628,0.8944242583816365,2.0
250.8154700849487,-174.86185883038232,5.594491529713576,0.9993577002938236,0.8866680816015671,2.0
-121.30487177312033,161.43407300955255,5.205201160144926,0.999289796968614,0.8803428412621223,2.0
322.8967499537766,167.49852528576264,4.219900496035486,0.9986722550667306,0.880231990259388,2.0
-101.75798664844734,243.01177923870094,5.245565412437821,0.9986196881471151,0.8118565883277471,2.0
353.2161025688388,49.20169913187378,5.753262098183185,0.9991648247839766,0.8618843250590209,2.0
98.26244616191536,393.98088187061995,5.070784007989561,0.9977835735526982,0.8041903081722304,2.0
-143.8546469994769,166.45277238813873,5.4126568336258005,0.9996952985244314,0.9100514726261704,2.0
339.0137113144181,117.6748629228099,6.14068305925434,0.9994960181703074,0.8934676238330628,2.0
212.08626645351285,250.3824356102096,5.771438870098065,0.9989792327480485,0.8690227346313399,2.0
128.66864595484253,-283.92357993662245,6.3567548313331494,0.9994967821980911,0.8966182863294079,2.0
262.5370843338615,-39.854385628074894,5.35322032497766,0.9994774567909627,0.932179139983845,2.0
267.70394385008467,251.13915074878162,5.9733911816865355,0.999690271743465,0.9135286234585317,2.0
321.2777412396915,-202.26570226572125,6.506557252664486,0.9992906839075778,0.8831977007741446,2.0
11.849856293672213,332.3088228989086,5.650340656638094,0.9989509060410559,0.8923896508653464,2.0
327.14176290282404,-6.4269013143435,4.646963522357718,0.9990975487579681,0.8929376507068513,2.0
-158.34413873127193,163.4650008413288,5.2206547166744866,0.9988951774550539,0.849052025472319,2.0
182.39773573741147,260.52920718986474,5.50413208114231,0.9992757252527239,0.8608707325815628,2.0
140.81001143090933,241.4835470498659,6.190353265816348,0.998544726925849,0.8485363717449239,2.0
345.96032736946495,39.52649975437865,6.350294128290579,0.9997359722395678,0.8932366017930224,2.0
362.7695506906576,-5.108919920039769,5.196842932315569,0.9991993433752243,0.8986933916927203,2.0
-297.0643358684728,-135.3836650442486,5.5861620019793135,0.9986055605616869,0.8281251415192867,2.0
199.200979624167,248.20820375448548,7.330816392955053,0.9998284352463729,0.9263736513470949,2.0
-298.44862481472177,-155.7188807125693,6.6893413792735155,0.9994272358575013,0.8928591150900995,2.0
-100.073480136376,281.76893124200694,5.079051945527547,0.9991418270916731,0.8964979656781995,2.0
-222.66830252031133,-181.89866930673725,5.66150221403478,0.9996354570163943,0.9223982340027602,2.0
213.12379350819,346.15787810808,5.374830594615874,0.9990949370300841,0.8928088785064239,2.0
-46.59967001536775,321.8809795567363,4.2572204542446705,0.9990122937920097,0.8682534818260325,2.0
113.58960264038947,343.4748133114536,4.566932534584269,0.9963385212849162,0.8296651463870399,2.0
339.1267237393268,95.34184063721493,6.060777290178455,0.9993243291306453,0.9060219878538655,2.0
-248.44286624329126,-19.20613091999745,5.392931852289575,0.9995530628073903,0.9157948945101049,2.0
-153.44091514487636,113.74331238647548,5.731671579850635,0.9990504751765104,0.8713171968647438,2.0
315.9206905676356,-181.6732119750162,4.736890645558309,0.9987170286042635,0.8719745293836477,2.0
-260.57191609134827,-52.01869856778898,5.867571671824045,0.9994344917279949,0.8935937459704217,2.0
-249.77005338982755,-186.9035165107935,5.470461024678655,0.9994266938869524,0.893411170779007,2.0
-279.8686542581881,164.68941963231026,5.266099399113641,0.9990311327659622,0.8680541567922642,2.0
-7.0559119517816775,342.6507840129986,5.033565668672458,0.9979536932510923,0.8364656510188957,2.0
-246.4269666643649,-29.743196744469792,5.313959398179377,0.9993953617357912,0.8886682397648366,2.0
-170.1287291965953,-262.7380012708844,5.580014406389077,0.9995486586991096,0.9155316629087703,2.0
347.80429263835424,106.92100415787004,7.7803795573656265,0.9992558545544448,0.8624667449812605,2.0
-75.01207218705953,-251.075904912642,5.567952194695445,0.9996324515321274,0.9224314158633031,2.0
151.2205049066625,-274.9020503507991,4.485488941580908,0.9995573409448063,0.9160188802507884,2.0
313.1638673563777,-219.81677621766156,5.530638852374283,0.998825459930975,0.8371032204393366,2.0
94.92223752664862,-188.17581488192567,5.440632020212437,0.9986538930027621,0.8306876354814017,2.0
297.8650718212363,24.998485369450602,4.437272826725265,0.9991588461320381,0.8965750896027114,2.0
302.8600995885945,-218.8977884704479,4.8745046244414025,0.9987309255670574,0.8600527338247232,2.0
135.74799745391954,387.5952502679997,5.346914742961965,0.9989725392265203,0.8615526995153708,2.0
208.87097257340082,239.89095972368742,5.265333539035565,0.9991450167907711,0.8791038934081054,2.0
288.6736792929046,-106.74279683679498,5.453350488096212,0.9990183255294081,0.8684468503300946,2.0
294.8187978195369,37.57319476193759,5.078824184021616,0.9990095434920657,0.8955835373204345,2.0
52.89660191935097,298.05398716175415,5.905786570509414,0.998525508061128,0.8487085110723703,2.0
323.214600758953,-77.59237647680179,4.449155317154682,0.9996154569594584,0.9032504763998269,2.0
318.58463946921677,-16.6721968744138,6.673935804377456,0.9990882475425695,0.8940556450264497,2.0
107.18471473871935,399.06996218562,5.266696881309467,0.9991858538826536,0.8974328942790191,2.0
-139.42997561591602,-264.1977051739346,4.430512697088422,0.9981845207121535,0.8403293836447667,2.0
335.0041223320271,149.8936342937411,6.094022436221748,0.9988967010133007,0.8674692492520859,2.0
338.6439278470688,-113.94012341996834,5.229683677769157,0.9989461740015624,0.8430303507447869,2.0
-293.1450500450486,120.88089642655304,4.969247783314366,0.9988326872912343,0.840398657002208,2.0
96.82373052996867,384.368590980525,4.78086790500515,0.9949613980501502,0.7768608404660152,2.0
-84.02354375332209,267.98562513533267,5.099316995400738,0.9988186798920577,0.8482156577652328,2.0
-260.96788933444657,-63.600865305144374,5.780461741977311,0.998704728727585,0.8331222554765894,2.0
-8.961003728807027,300.98840251396354,6.634625888859056,0.9990558266315221,0.8281230561886932,2.0
-168.6365714993442,-274.3951360279288,5.41857055613697,0.999245667721229,0.901569560454836,2.0
-285.37814592268796,-124.03368999014825,5.230271570344344,0.9996528862082726,0.9115941246544728,2.0
332.2465189540365,138.87707387753662,5.368298774874176,0.9984918695949154,0.8774104954470856,2.0
234.86094550336028,311.64002069695005,6.122618287551372,0.9997182272941761,0.9291862756067806,2.0
342.2464364128433,50.58766293619603,5.349636673392531,0.9991612977894693,0.8539882999876398,2.0
86.50716550019355,-300.6117476170014,7.340702493559349,0.9989076698315003,0.8218376506307197,2.0
-287.06775315527756,-174.99264723503015,6.218451745181936,0.9992563099046062,0.8799299292241995,2.0
-294.67207663901917,2.139160930138313,6.906102398113316,0.9990877934208565,0.8528014870625344,2.0
332.8199720976604,-94.6845654467427,6.709674599849479,0.9989713007053392,0.8520875510454707,2.0
-264.22999267297917,-198.58429403913925,5.853638110736737,0.9994494759888649,0.8903764771805506,2.0
154.1345922721548,267.6846818068598,4.42283532317756,0.9971927022036767,0.7868164064145692,2.0
-62.648725993734175,-277.79024103029906,6.86027434447896,0.9996807034293149,0.9088275677328344,2.0
137.95482569328664,-279.065485311528,4.147854699856286,0.9985081927306058,0.8525502952335444,2.0
85.54385400289026,414.12376701905185,5.580108789070066,0.9997197414888372,0.9297970523752996,2.0
364.5618899583314,13.756115934655043,5.885151753981725,0.9996965919896383,0.8984190869424776,2.0
192.91299894503967,258.9810799018042,5.1655866746306,0.9993957367188304,0.8724254489132819,2.0
300.8694484896044,152.8235881441712,5.925392881033682,0.9997257289721287,0.9297356783355278,2.0
179.4086791738358,241.9622348334004,5.6884017563118965,0.9991056990651815,0.8552382000944451,2.0
82.4084659557827,-287.1443858263217,6.833641618892152,0.9991518433339323,0.8968914595511981,2.0
158.28360196094874,248.51521127338535,4.974631836379569,0.9981323141840164,0.8386649225004692,2.0
226.80786217484288,257.139534531645,4.063091274736731,0.9996583064987593,0.9240721524717558,2.0
0.6272125578680093,215.4931169378349,5.031236191755042,0.9991118544149893,0.8941782410825209,2.0
345.5503112946003,146.94314057401166,4.8865518829532615,0.9996250862949838,0.9200372916001118,2.0
-253.89343704577996,-36.789881367575504,4.769034170326627,0.9983668552262221,0.8707122765208958,2.0
250.7093348402787,-16.373219141879257,5.505394541415318,0.9983153707551005,0.8205428274000217,2.0
-105.09105756616773,-87.29865171226996,5.4345411644225186,0.9984037612182777,0.8275358926198745,2.0
349.2752220736336,-113.42891596249831,5.459091944229617,0.9989826970846871,0.8690711070671362,2.0
302.84117170186965,-209.3396572204444,4.758129992208162,0.9986388520963342,0.8534146551845653,2.0
-102.32195453176443,300.3436501610975,5.484671035184364,0.9997346391798466,0.9180599396128559,2.0
119.39866864734115,-171.98322179563309,4.317309044484382,0.9991054734473898,0.8983820502424351,2.0
-149.2277989888812,147.03064801502583,6.004077801071301,0.9996362810070488,0.9213493356195972,2.0
358.22655093637684,4.413776592839053,5.4151923484261175,0.9992417589708834,0.8867124622976105,2.0
40.375770911738535,-304.011536650427,6.048112409054081,0.9991619399260394,0.8548124636579404,2.0
159.97548978396156,-238.05701223195538,5.726743990129629,0.9994175105656117,0.9087679887902521,2.0
296.3754333448936,-201.4869845314936,5.471680870415094,0.9992787969947151,0.8671830416889815,2.0
-271.4937338905801,156.6594576327685,6.3838283844123955,0.9995295667552261,0.897021531723461,2.0
-108.37790489627665,235.9382840152786,4.459308456247899,0.9996108227070153,0.9210141309992608,2.0
1.9364924318846373,302.79732010682557,4.469878252872456,0.9985286563298983,0.8741791069927051,2.0
-67.09941894988017,-267.31558133257147,4.5663256849363325,0.9983852931021339,0.8439715643724212,2.0
161.48640351427673,-255.30999214954215,5.944586332968092,0.9994618572322962,0.9109877973644903,2.0
334.57360733157225,-181.4578953864749,6.549676726692113,0.9993555091798679,0.9051448635286113,2.0
373.4813759040053,-3.8175245760058876,4.750112562169205,0.9994086177269736,0.9070333389631813,2.0
-308.9460600708618,-132.53994891266535,6.703966724314459,0.9986565669931958,0.8312170261627025,2.0
-256.44685685249794,-180.19528583122178,3.7001883527828476,0.9993964349090932,0.906820906262188,2.0
-225.83062542119316,-211.48567975973873,4.204054445211103,0.9987038388940624,0.879621033272615,2.0
-61.88784887803409,316.96039486070816,5.809647816682471,0.9990836205033151,0.8733515362645748,2.0
147.68155413141483,-304.3798899338969,5.325134486582321,0.9995481122752797,0.9194296043581738,2.0
-167.90299244933433,115.72635253498123,5.93461015042277,0.9996156577422627,0.919789743482518,2.0
-105.9137361146041,251.16464832834697,3.973323167719847,0.9987222995772396,0.8616876492105413,2.0
-190.81052146596235,-13.900831853314793,5.965467508363847,0.9988489996423079,0.862728488301749,2.0
227.35068143709543,341.00082720201925,5.367352693156141,0.9992798769308895,0.8819708074347304,2.0
357.4355970590074,39.1961002714737,5.1646731491976405,0.9986664855099905,0.8305457767932585,2.0
230.43652782268603,201.62023008523735,3.943073014141582,0.9993032299488738,0.889261364054669,2.0
61.585646352144245,356.3741670363672,4.612963503481724,0.9959179570866976,0.7917646038915845,2.0
356.2080944685211,-102.49579563651737,7.570016429737421,0.99912776590044,0.851277138371206,2.0
222.39388209847823,249.58946451595722,4.62491409564615,0.9992702494269677,0.903919896272893,2.0
331.3576320736891,-16.326008039707897,6.164246089358353,0.999289817307882,0.8820555977623603,2.0
-260.35861954744473,-188.22336184358238,5.254099687921513,0.9992151712235947,0.8597074903697374,2.0
94.73969379536872,-291.1344899175703,5.276645636991343,0.9988984968623007,0.8649480172604845,2.0
-197.57139218729537,-289.0129569538425,4.415480879810568,0.9982395501490153,0.8132181634287805,2.0
-51.5808286469866,314.2570643178687,4.875912623723379,0.9995996835364643,0.9198395436368729,2.0
178.87551349301162,220.85652505915291,5.949948962957431,0.9993570847255335,0.9054630926546252,2.0
10.941519288701063,297.36281889965056,6.120534891843943,0.9990720181581482,0.8694908907578299,2.0
-9.326688188071005,-262.71548741183744,5.29762947546511,0.9979613349632527,0.8320670040455465,2.0
88.02385472432702,400.4066209378121,5.338167822144833,0.998728908773748,0.8801727103113403,2.0
153.09911733458162,238.24779827512148,6.612801017529585,0.9990689143852586,0.8702425642664968,2.0
-266.94411464518447,-25.522107693575506,5.494153060551092,0.9994518456437437,0.9308780028903861,2.0
126.23571512443226,416.54290826183626,6.280540844498413,0.99898376014812,0.8499560697338796,2.0
158.36597325032375,320.9055809240804,5.278808364614325,0.9992471582353218,0.8996103621740591,2.0
274.21728929474847,-18.488188354610514,5.747032412486611,0.9992283510107494,0.8817515971141361,2.0
-219.82800042759317,-8.057015238381487,4.975748059366699,0.9987820874862541,0.8621139730208449,2.0
-77.06218605409958,345.6692656760156,5.714453200020083,0.9986977231261537,0.8564874161868956,2.0
292.04201786877,210.77497263473532,5.16786139023438,0.9990284347088703,0.8715321329729022,2.0
-271.77576994625724,-13.993384604795791,6.960573724649327,0.9993020926872362,0.8830701540655292,2.0
296.5185529620344,162.7093184674418,4.770248389116174,0.9994478075601787,0.9098824321144768,2.0
-52.9119577550023,-285.73414922236157,5.73625121215002,0.9984356761273532,0.8275777880019546,2.0
324.30697400794344,-187.4298288229042,5.382899361007994,0.9988000663009593,0.8591341865705774,2.0
-243.34345684370257,-41.509295063141465,6.880726314077607,0.9988769644527655,0.8281821015541245,2.0
75.97685766476678,-233.3712396212596,5.239209866622769,0.9994624569817719,0.8733056173333744,2.0
319.15542202205694,132.38632578847725,6.512862110447404,0.9996484066379479,0.9258324732094938,2.0
187.91427508537308,310.4765834935198,5.345797444609587,0.9992544610034638,0.8789245255709676,2.0
222.44482527709016,223.17811823558375,5.538309746748344,0.9990985786738438,0.8506932962659015,2.0
230.32219660762732,365.5103017331764,4.756278542892697,0.9995632679351721,0.9162323202858921,2.0
-271.66039367933405,172.3813646545596,6.050717510946374,0.9993318818115834,0.8848580723011064,2.0
351.88317438217865,-8.97755378938818,6.392915461206766,0.9994959117085711,0.877752662644403,2.0
152.93417682782774,-284.36160632939203,5.163909211470248,0.9991908215164126,0.876608089749812,2.0
-123.09883398025184,258.2418936076861,5.656130180509909,0.9992851620090598,0.8813722218775336,2.0
308.94850806399603,-100.70865132681962,5.7807832413407105,0.9994031612814126,0.8872263552258272,2.0
237.9549896194234,259.73336463322653,6.497185147141353,0.9988954167181154,0.8657551036779504,2.0
283.7786895275093,-29.766319895045207,7.347617807516143,0.9995422130553385,0.8970524911608325,2.0
-271.3513100278355,-188.55818054399865,5.788780474513898,0.9995173169163658,0.8952087044923345,2.0
239.77988589284774,218.81199003724498,5.4776303556324235,0.9996530163616607,0.9080339424728681,2.0
199.31671385578616,-237.1922742595578,5.719966922878116,0.9987582753416488,0.8599845929718828,2.0
231.55471306842566,281.9753570006325,6.125133010173082,0.9993024674082694,0.8884771040203173,2.0
168.4418017642201,-272.5342274043748,5.123753108133032,0.9987489363805147,0.8338484472259854,2.0
-122.27574961298137,-99.53441917882306,5.366865022237342,0.9984257333025104,0.8536641060838058,2.0
-42.241448751989175,-282.08261749219946,5.406097644414651,0.9986781213833692,0.8788458957419399,2.0
-284.6303163119216,116.87869368017392,4.467476519860815,0.9993800873464226,0.8904247586142386,2.0
32.98857344393447,-295.50040234881044,5.271237913618805,0.9988667582064009,0.8397214188348876,2.0
311.83334275433555,-90.51755466375631,4.862327956935365,0.9982688461256847,0.8475822161996261,2.0
-145.64289338699137,106.7954740519272,4.7650252217570666,0.9984213732045414,0.8463959376506699,2.0
270.97476704727023,-29.223484542154864,5.537223402747822,0.9987010594236674,0.8535714003097091,2.0
331.32233506173395,-82.90868289211168,5.268042651798103,0.9979725011911356,0.8415438534320697,2.0
22.864101624605897,-309.8711222001764,5.153323625634559,0.9988649869230241,0.8388691992218743,2.0
-297.8529830347901,130.237349483578,5.5413862122834745,0.9996706778377993,0.9075637205203266,2.0
167.59996690126695,242.50053243869587,6.198096875197196,0.9992498945381463,0.8993757689596201,2.0
82.74019326488177,-240.84023916353948,4.871232115551361,0.9995957298196343,0.9183089446895426,2.0
-282.0511734545544,-68.5686214876472,4.969638974993033,0.9990682745541635,0.8699437517154673,2.0
129.1253976493189,396.2825554846765,5.653529037081674,0.9990277262513174,0.8901784168954231,2.0
306.4294376333139,-184.14781810709624,5.0761055716463765,0.9997171172514255,0.9185511951869474,2.0
352.5622274705541,-199.2949358684509,5.422223259829115,0.999661141317959,0.9238107737621244,2.0
154.32427930776123,381.1848744931493,4.9746243424772585,0.998709774478743,0.8577984136516535,2.0
58.41672361624369,285.84206970420144,6.362258042599897,0.9988160084521667,0.8592015527566765,2.0
-187.96867071286843,-266.6045050249861,4.335599398474559,0.9980426553077207,0.8058388250062255,2.0
-263.6413734502242,-85.1070130537849,6.254340277622892,0.9994561756496433,0.8934772507207912,2.0
158.53369467043413,-267.09847160045445,6.243148258623781,0.9993744585499563,0.8892507299478131,2.0
45.46016359857586,233.01790804680832,4.640907141926921,0.9985576268656633,0.8760053751065453,2.0
163.49264047561533,-282.08918299889706,5.68956885145696,0.9994196921379368,0.9076547226499211,2.0
-74.19745338926006,308.39452657399096,7.133171350915919,0.9988104617921998,0.8379855583316373,2.0
70.8780596083552,-256.80430281583887,5.348186959686434,0.999226708576128,0.898405729179532,2.0
-90.05292257678693,201.1947316368061,4.23986762052829,0.999473481745158,0.913477342882272,2.0
-280.4451843018861,-165.78853101719855,5.179718849900565,0.9990150604934677,0.8670890952197545,2.0
152.93397161145023,312.77657425748026,4.549429051945465,0.9985858560695212,0.849763814935466,2.0
9.903691764850093,284.70019145964955,6.657267803095879,0.9989714409058579,0.8438231572856696,2.0
-259.3643270282279,-16.7768456856073,5.8455725522448025,0.9988332440359567,0.8604859332367577,2.0
171.21776532349296,276.71686550721927,5.186821095456208,0.9992186475967718,0.8994513210216825,2.0
220.07038964104993,-238.1793972689883,7.33262984215486,0.9990962573844748,0.8511514106789068,2.0
312.6095694546303,-79.37592836823714,6.331521973960034,0.9997588820306736,0.923289048147938,2.0
369.7508324318717,-14.285893658577079,6.402854673689033,0.9993254105531855,0.8650196474731721,2.0
184.38801650111768,232.51755949842132,5.058888497355151,0.9988956963632114,0.8722844114917249,2.0
42.10872242983856,349.94661373755315,6.188399446609333,0.9989537179133494,0.8474693566628679,2.0
-196.92701350725622,-269.5922017138824,5.162162378501234,0.998869693025815,0.8379572520105668,2.0
72.28582715268212,384.95631675943577,5.8641179158914145,0.9996460737699306,0.9120145761417301,2.0
205.59489612638635,262.46453171432864,8.031152495231622,0.9993768508139379,0.8549083030043434,2.0
-274.0635745389108,-197.98043366485106,4.053378828547169,0.9986505406345719,0.8525672485124437,2.0
259.42379572217203,-241.63481773554588,5.022727025993084,0.9993121829613221,0.8817206334423812,2.0
-255.90363148986367,192.80947007483957,6.118767097260077,0.9991382427504688,0.8519034463046894,2.0
290.836490408247,170.5870280127547,4.973662292354929,0.9996530977668592,0.9229424033695459,2.0
184.28698588500407,369.45980124127857,4.848455022083861,0.9992307638626179,0.905864251415594,2.0
-1.0421901657438657,353.36600385451476,7.2821470566362425,0.9994431566617805,0.8933372923806203,2.0
165.00149220737003,219.94371835908802,7.991475561086197,0.9994412038683436,0.8769879933384883,2.0
-310.2557600327339,145.97985715282144,4.536352173776954,0.999626977584504,0.9201804369464415,2.0
21.398595397155063,-298.18834950926197,6.657309832842768,0.999677197175991,0.9266273655118102,2.0
-275.9762364192084,-176.55901672873418,5.0251802329046065,0.999587961928961,0.9183773491297433,2.0
175.11015856233232,-222.7353051823312,4.522312684904435,0.9992952972014664,0.8831030400366826,2.0
-280.06652635346353,139.36188451842588,4.7406598857522795,0.9996073738026865,0.9197453916028849,2.0
191.40616120206798,297.30875086695676,5.678737376813389,0.9997203026463395,0.9291089133573931,2.0
-61.593488286865096,-256.1432767913806,6.790276364003565,0.9983575390615945,0.870371968574501,2.0
-50.43024913520518,-274.6465571456119,5.746743317051919,0.997600812588563,0.8212622345826757,2.0
-270.70434673127164,100.08968938481874,5.612212507273053,0.9994484361265449,0.9097384783556043,2.0
-48.1978523487663,-264.0523177655672,5.0583008357940455,0.9995182776012957,0.9154996430176343,2.0
384.34516483638527,2.854845164438197,5.736711863245519,0.9996253788379257,0.9216366754692216,2.0
-96.1891299225006,-335.28507742930765,4.932404721258201,0.9987537796595223,0.8811807935727005,2.0
223.07435418467676,351.39113450688353,5.933359471977283,0.9989494071997874,0.8436504430355632,2.0
159.64897036860984,-292.7003543918542,5.584570211426526,0.999284891122717,0.8819026637963819,2.0
33.58434408018538,-314.6727650606066,6.631859047000983,0.9997243129466795,0.927944711775622,2.0
348.86902510642403,-30.48772279073999,5.86397906144686,0.998848033579085,0.8593987202243291,2.0
261.48151320147235,-231.48470741828913,5.380353564644215,0.9994198750794027,0.9077688251580088,2.0
25.98329203099984,379.808650372844,5.956827202584551,0.9989913497527414,0.8664911590722647,2.0
-218.7756025128576,149.49981292071155,6.104645949854641,0.9989644271923928,0.8728629785693659,2.0
178.58785663364515,-252.14347099757336,6.069092418850375,0.9993538191729321,0.886743418103173,2.0
-225.96207935475545,-254.45641473382545,5.718393879407825,0.999172115487088,0.8749463678011357,2.0
69.56298230406767,-291.15341116456017,6.675839512738729,0.9996425884741567,0.9067280198950539,2.0
204.0024078840898,-269.5490334316342,4.933079491576864,0.9992638662334057,0.8820573406387591,2.0
330.81945843254715,-169.67313524386458,5.887049182012794,0.9988029889760813,0.835168659283406,2.0
-125.48841119528127,240.14064990182072,4.29915871784021,0.9992138519046556,0.9000164134982186,2.0
333.4529027707495,-196.0398014936395,7.250196783556849,0.999206039286892,0.8761100583891364,2.0
-111.42477498921653,-374.00319438467864,7.203076049190828,0.9987460348682452,0.8436501920410285,2.0
65.91873027784064,397.8516499234034,8.335258372995323,0.9990450672524939,0.8480825068081095,2.0
111.09986965324545,296.662750043591,4.34400800106019,0.9972725645476854,0.8478922100848146,2.0
308.05689208130815,-250.25973860440837,5.0527579585104245,0.9984188673230464,0.845296548651925,2.0
357.6639913553156,68.58402740115751,5.35160849347581,0.9989109192905332,0.8428837803516502,2.0
-221.8564685145797,-221.62116889105994,4.588711332178283,0.9997177307206665,0.9282531461098925,2.0
269.98038933380974,136.4461687121743,4.443950579756642,0.998931429573741,0.8897450787114816,2.0
-246.82205886576617,11.302681419663099,5.907738115923964,0.9995502065178159,0.8878362482124277,2.0
-259.8334803630075,161.6320687472556,6.347430789310791,0.9992421542509278,0.877779750170266,2.0
-103.507895822772,171.47609649667558,4.629030824751216,0.998534642202923,0.8245606406583972,2.0
-281.8139372475178,-185.13455712299844,5.268799002820061,0.9992578390035304,0.9001871686004408,2.0
344.2247880430249,-47.597527049156504,4.775122389810851,0.9990934690213946,0.8731233277893169,2.0
-223.1588175929005,-121.905502142043,4.803193893105199,0.9983878402037244,0.8489923318303624,2.0
-217.85570471017945,172.08926028896803,4.689157093544091,0.9988472893008715,0.8644928298632553,2.0
205.9399030687173,374.3843717341462,5.226075816967361,0.9989844173341865,0.8474136042220051,2.0
123.24022248753889,-193.00190762458652,4.764220280350316,0.9987735977427292,0.8619510040105238,2.0
191.3984005565147,-246.8753184630349,6.853313206096556,0.9995399983826401,0.9009842910885324,2.0
359.2565721431663,-119.15275914986738,6.08643187276479,0.9996115943576902,0.9028805072223144,2.0
171.4581238752984,-261.84872638835986,6.038508801658766,0.9992874908809187,0.8814312855673905,2.0
-105.06961694888093,312.7692864591306,5.2752156948377245,0.9985450495662335,0.8247477202990813,2.0
328.4756051778095,159.49699157592062,5.5873305887149955,0.9991847401823165,0.876263611937654,2.0
-226.4817510534832,13.682676972617406,4.959763554148471,0.9992570982572863,0.9001807732446704,2.0
173.80289559794383,375.86882592055406,7.508119318901766,0.9992828863287275,0.8615527096097011,2.0
233.90515131535827,-222.3548180934367,6.460299514737611,0.9991411782752682,0.8541720883122033,2.0
202.8599528398646,296.6399370526599,5.81329071162446,0.9993510620794578,0.8602779700928455,2.0
167.3898550586555,314.4873436435993,5.855936627275801,0.9993889697054219,0.8880697221460512,2.0
165.4706324533157,285.27964502720965,5.165317360853215,0.9988821025308425,0.8434098211598895,2.0
240.40467184643285,361.1402061237945,6.271006682310199,0.9993095584587055,0.8858816759170506,2.0
-286.0684003804005,156.8033154179038,4.813205345507137,0.9987978478646194,0.8581255053412948,2.0
352.75107593227204,-129.90951793691417,6.5295379089355245,0.9993400167985123,0.8855996695623428,2.0
30.27893001534809,-304.4266675817207,4.113875438706363,0.9986159016783286,0.8766669967243115,2.0
347.4178843523252,1.8485563366113742,5.369056026510661,0.999538884733168,0.9154909577611511,2.0
145.31488225525504,252.04705300743308,5.4026418716999265,0.9980309428173487,0.8614859689287431,2.0
353.6172558147692,140.38024417926775,4.5457282102367085,0.9997944106553814,0.9252343834722111,2.0
-280.59525932320764,106.82835393521721,6.410503047494637,0.9995815281200231,0.8730804717700358,2.0
155.81330970836004,208.90284052464781,6.40926984185356,0.9995671423430288,0.9001447098648447,2.0
384.65930941622787,14.352965588367837,5.812870348584563,0.9991513632712852,0.8754519137167873,2.0
377.03245167559595,47.50492601922824,5.939170095068888,0.9989921577119009,0.8684295473630715,2.0
-278.5776094979473,-206.99501263851673,6.068791871388205,0.9994595201902305,0.8768166718203055,2.0
199.19583840136534,-261.1940251658525,4.732430548593944,0.999729988518221,0.9285774984671429,2.0
226.23157998885745,268.48615440851665,7.326416387568082,0.9997932879585483,0.9221159289396119,2.0
-265.17916643153166,6.865167115565173,6.7454489448783965,0.9998363848707571,0.9286206068432629,2.0
145.43174967449383,224.5552260513104,4.7393761898360545,0.9994946380084485,0.8991859299052083,2.0
58.272746959852476,-292.76018938101186,4.769869670020105,0.9988624049285026,0.8383960743412511,2.0
344.1675036674223,-122.39768262876467,4.921489439300377,0.9988396273157334,0.8447994607376094,2.0
173.73517631387756,-232.8173064050235,5.690259425726208,0.999574125331554,0.9172901457649338,2.0
171.2759525666786,-291.0338072837385,6.224465198248917,0.9989599558041417,0.8434303280226468,2.0
11.633309120943746,-330.50650645402135,6.22479848465186,0.9989839679646376,0.8446411594922243,2.0
32.87503657599738,365.6564262384659,3.6931458187477335,0.9988275191179324,0.8832478308605083,2.0
324.3286760736471,-28.17546560562138,6.272680570424877,0.9987552242190814,0.8424213758410235,2.0
-169.4425934819461,-11.788254810045613,5.60409084171336,0.9992798592187436,0.8807316871624926,2.0
-232.64584981759475,-69.18528436823296,6.635661241075523,0.9996500029339159,0.8943797058288636,2.0
348.68369646174347,60.68687221708871,6.661700023172472,0.9991623546800553,0.836580630193046,2.0
231.36623448587835,375.65745955788515,5.4770189201130846,0.9997503606165633,0.9172670810764356,2.0
-260.19032802003903,173.43538909575904,5.534415266223526,0.9987733131357288,0.8393261497464746,2.0
-212.47850064415536,-252.82492376729442,7.925776694670117,0.9996844745989953,0.9092301237706614,2.0
312.7528316069522,143.11381705430324,5.496567061761721,0.9996247157242466,0.9208609950841492,2.0
-187.35116364157065,-275.8228430400066,4.954508915528222,0.9989606927026783,0.8424169777939597,2.0
345.7288223171553,-188.9865394677422,6.987383367124302,0.9990869329100857,0.8530139369812023,2.0
-87.53221294010436,179.2395751161123,5.4154465287679825,0.9990844405637116,0.8707621307353253,2.0
-71.58085702880308,-260.01986571182766,4.056925020484913,0.9959488811873608,0.7980358787073228,2.0
173.4724271719889,388.8867866795616,5.583284282670498,0.999377646710118,0.8966340833187266,2.0
-215.01934596783093,161.39473372918297,6.451098015113229,0.9990438047295204,0.8503140834911298,2.0
-299.3144066812907,-123.41665150916057,6.654829934057198,0.9991500312482813,0.8746941325479527,2.0
52.037593819432466,361.39838000125474,6.292669942981952,0.9990734615151121,0.8926273664831565,2.0
383.38594223754575,-9.523584119409934,6.722225728287808,0.9995263895534904,0.8961495860477655,2.0
-111.32860169188436,244.44925114910845,4.497071458086944,0.9991654886479016,0.9001416906420248,2.0
-240.71220073473012,174.9328549676877,6.342682718512435,0.9995917647758386,0.9027115161653582,2.0
342.93636144547,-171.47355124606221,6.4151105074507795,0.9995481858201729,0.9154308387669512,2.0
51.85034032233909,393.65630652544087,6.455367672829081,0.9985432551592607,0.8290870345394298,2.0
-291.07965449803334,147.00173933297492,6.256867093831455,0.9994299627677484,0.8728031022267005,2.0
160.236680779017,-305.55860701560033,7.335703689905197,0.9996889638727848,0.9250173909034974,2.0
223.9542232045767,196.04978881225276,4.611583724392753,0.9986459165285752,0.8400343726128743,2.0
-247.10072991620376,103.91170503972567,5.829006479138067,0.9996485046508978,0.9222668024562436,2.0
-298.1627791430734,-171.7150506157034,5.429656047012981,0.9989477358569364,0.8673625801630761,2.0
195.08470615749886,-289.4692145102386,7.375559004292006,0.9995856468900616,0.9005384816541346,2.0
-82.34682651068461,-345.1749614128042,4.987869570167265,0.9977931899972357,0.8272583932189683,2.0
12.311608437403946,-309.85258373028137,5.465331340014839,0.999388466896138,0.907221583465794,2.0
-157.52060628266642,-291.9187168994226,5.707329087573703,0.9988847588913068,0.8884368838519948,2.0
-304.1397884348044,-144.4211059419015,5.948820113265103,0.9995079519361268,0.9055385625316953,2.0
370.59893602966565,56.955918440671766,4.766344381280748,0.9996975118356036,0.9106051989247874,2.0
-245.26367558586378,43.14671315906832,4.935748668772099,0.9992196469093706,0.8981933205176728,2.0
368.4768034597512,-169.90663844552634,5.139707963916686,0.9986250149020254,0.8632666380251497,2.0
376.13742266676644,-105.72083988533599,6.6533383817592044,0.9995735430219118,0.9205852448160291,2.0
221.24997610821904,279.24111781548885,4.5580011769512785,0.9996705159385862,0.924538599809769,2.0
161.2112553579167,390.6479461192451,6.811237331355086,0.9995644042030508,0.9078468100788276,2.0
42.34133046577535,396.6962839566926,3.6062091336515105,0.9971730413417154,0.8237157047458978,2.0
-265.1332392815586,-3.89710764215235,4.031822055346479,0.999214579664303,0.9026273438058,2.0
-61.04589766650543,304.6083614439532,6.638351556279464,0.9989076736550309,0.863694186453752,2.0
-120.03916882429158,247.79333621069634,4.8932677631699875,0.9991194567531062,0.8988008843942319,2.0
188.36453959585253,-259.5552453551511,6.248867789929849,0.9994238245229692,0.8915607662414173,2.0
183.93715362584786,392.3157107025508,5.464623245890514,0.9993138086994523,0.88239586643617,2.0
-281.10709856186725,95.24803714463481,5.203732085513175,0.9996459834716479,0.9236046536513046,2.0
77.96704916974241,405.4336845525204,5.991167205475834,0.9984047618704182,0.8248877487089155,2.0
-235.76740292912942,6.558895125104686,6.146237700523685,0.9990010291512452,0.8713518065849354,2.0
-259.54655770397534,103.19415968203761,5.8768403971885315,0.9993324766577294,0.8972364355005821,2.0
-202.39832735376788,162.80845959995295,6.324274204786507,0.9991794298951719,0.8568914296962599,2.0
-106.02919865705985,259.6706689011925,4.585815495456685,0.9991308658814332,0.8819878254289965,2.0
-283.9420012515729,-196.18956314937077,6.037904647066835,0.9993709629161956,0.8690905355099933,2.0
-321.0883785652698,-130.2739907442413,5.695431995866333,0.9995934354622613,0.91862926836051,2.0
-228.1428272453384,-243.95117489771067,5.059388594024807,0.9991391506887471,0.8737408004348731,2.0
249.7553188437257,264.3911552927706,6.229572877327934,0.999757311145822,0.9322004176911325,2.0
208.4958998266048,-243.3292256440737,5.40002728889304,0.9989599047886113,0.8727626260206358,2.0
336.9779422067213,-27.55105228534367,6.458642278127755,0.9992129182566313,0.8774561712318698,2.0
-307.48504552292155,-184.8204640267365,5.054661707071779,0.9996694855326801,0.9240921453703946,2.0
-291.8196744888539,-103.21945904062052,5.921306391399188,0.998981599394943,0.866130141698921,2.0
-109.4916194782046,211.72231077356764,5.319039487584091,0.9994807523538389,0.9133581620497225,2.0
268.4398623075887,227.66732546285004,5.873000308432746,0.9993989891540885,0.9086182598587125,2.0
-149.12011611920153,-264.34792009421386,5.323401392724675,0.9992516265156094,0.8671771131023203,2.0
-254.35551989010173,4.324564871717843,4.4054500800060605,0.9993305306030458,0.9032252434649435,2.0
-124.63912064444847,85.40553493991584,5.621427852891341,0.9985492004545445,0.8258478304076164,2.0
341.14316974803523,-38.26851986696885,5.08387371580558,0.9996249433925513,0.9220545051447392,2.0
364.8031102101843,-196.87497197043206,4.897855492009989,0.9989236412140053,0.868744835833651,2.0
-178.60467081138358,-294.3424768234905,7.491959074515886,0.9992590260084767,0.8672083686675213,2.0
-228.85349446895304,168.963433866344,4.94341550629237,0.9992872345859485,0.9014636822069995,2.0
43.373905994820305,276.8624743445461,6.20508117785974,0.9990102807676234,0.8902662192332396,2.0
364.99512162561115,47.566529376346885,6.186772111131338,0.9990490376225163,0.8545806959790272,2.0
174.74961442082866,-280.4021341784848,5.014820168650554,0.999199034206052,0.8817399475913407,2.0
214.22829536620634,272.4732740542422,5.2155105945091655,0.9997398578224502,0.9301054158423825,2.0
54.51543282679982,404.9002198925055,5.156124741091807,0.9986022655446566,0.8542245280912918,2.0
350.8079640314497,-40.80871258453991,4.714226366698503,0.9987748058730521,0.8668718562175375,2.0
-244.83448419724436,197.16374306986344,5.836641022015751,0.9990857484418779,0.8700619057580611,2.0
190.33319459981112,22.303373328831395,4.594976225847584,0.9984281754973332,0.8223178815301974,2.0
296.1550269140456,120.02214238726928,5.477776505057157,0.9985273456499076,0.8305180165176067,2.0
278.7898600370048,-188.87445999192246,3.416931785118162,0.9995200753529144,0.9134853190433555,2.0
-301.93250498350636,151.81617066355523,5.659067743657426,0.9996351483711092,0.9053295823261539,2.0
250.98864904869157,366.52089227800815,5.689048671747344,0.9989236107631352,0.8718583307839752,2.0
117.37483222506015,-287.0924304240664,5.303463568140256,0.9995446498341454,0.9170407967683321,2.0
-72.29563731623738,-306.98332846528103,5.438535884164767,0.9994527484167331,0.9106009035210411,2.0
308.9816951147176,134.54810186081622,3.9102225114776936,0.9989082871891319,0.8647947617891995,2.0
40.868303584270706,-287.70899833833533,5.877954147958,0.99925914663545,0.8996763874259305,2.0
-244.390122217003,88.47670771999323,5.575721999188393,0.999253762052456,0.8811534373548767,2.0
233.19986234749172,192.94902165793718,5.1997126935618825,0.9992543973829253,0.9017144474197124,2.0
365.9899547996141,-128.05430737156837,5.109553635829223,0.9996420514917691,0.9219743115924249,2.0
21.81728299650186,-326.66743492345296,4.7269923103890905,0.9987412785008597,0.8828870045893694,2.0
313.28757949291884,-136.9708632391296,4.602007093816044,0.9988209166049085,0.8835394229257515,2.0
-253.52102410073155,-196.698662895809,5.05729619298293,0.9995240513942096,0.9134530609674618,2.0
365.52460723464947,-110.38836730056875,4.720447563074514,0.9989275753690658,0.8910856944590091,2.0
-311.81127193951085,-154.52711722424294,6.802485040364587,0.9986094259609452,0.8068467273617006,2.0
358.3210280464197,-188.59227831297449,5.6960058988749145,0.9988521840165706,0.8619221391278076,2.0
365.26442899923774,75.85314104939687,5.223680149352329,0.9993453290870608,0.9040489829214058,2.0
380.52010938431783,58.06196204211647,5.243537567435519,0.9992747247176171,0.9042915860777755,2.0
-207.21390313918596,174.35193826798147,6.216394859773881,0.9996711813532265,0.9083142068271814,2.0
222.26391314422253,361.5209915836152,4.269113291105152,0.9991416887611744,0.8733799270123999,2.0
178.11973139201672,400.9049828433235,4.961824307278082,0.9989095696672187,0.8455003623030174,2.0
-289.00680390298686,100.35822586293028,4.235123504006756,0.9991478591089693,0.8558193519367674,2.0
244.26864930660872,203.0912366872444,5.233608724928369,0.9992004219086182,0.8995268566224882,2.0
290.5099935252508,-149.56928506872183,3.754473128165956,0.9980840336096358,0.8361683380786765,2.0
-309.06220668421093,-98.12130921141845,6.610656880888485,0.9993923211722484,0.9061123553255895,2.0
-262.80736179785566,92.40987903728461,5.459471610963007,0.9983158869120937,0.8170262267698553,2.0
-286.23826662554296,-214.5925777803144,4.7761882997223415,0.9991802510391392,0.8963779534977312,2.0
-255.1073484389846,114.70262122741818,6.531043411450903,0.9994065894796418,0.8791777862380069,2.0
-251.52037226670552,181.30119588470617,6.247185263488356,0.9993058558834402,0.8819393295146013,2.0
36.787427733522165,374.6021529531386,6.117617658235453,0.9991292583426278,0.8747124806745031,2.0
285.6454095187946,-198.83530666970978,5.593634837749572,0.999445596918914,0.8830803567000751,2.0
-102.15933261766605,-352.2313313025871,6.8717564904600295,0.9988400083557291,0.8357608541154978,2.0
-187.02083081918238,-108.44437654155172,5.650769318507315,0.9990198364200403,0.8934172555346226,2.0
-259.7113647180067,149.5767465659924,5.769242142676823,0.9994816995894819,0.9125714696810897,2.0
-44.17542241163134,-292.7733115516226,5.529807492639369,0.9988972053277004,0.8432002565004564,2.0
-230.0392960596557,148.11064404456678,5.316801930869869,0.9984181039087305,0.8190574805066337,2.0
242.58937021602816,382.45059272400954,4.445211074061278,0.9994596825745631,0.9098508098477169,2.0
146.8506631685066,391.2556208337164,6.357481828447837,0.999493668271199,0.9001077560002568,2.0
222.96333777359618,-250.6782076469328,5.5966085287089244,0.9988771427492051,0.8687496188694336,2.0
-128.38907257445766,219.92123647823124,7.702467332247839,0.9995169101899012,0.881923353859188,2.0
173.2291338682924,231.5324554028923,6.2004734321166275,0.9991773935299153,0.8751469373911483,2.0
-315.4658616978302,-165.1460065581224,4.524301353328249,0.9981062595450801,0.8387955955382682,2.0
236.9011453600966,-5.216527908178276,4.3736870215429855,0.9994593826158236,0.9108612464977102,2.0
263.4059082591176,238.76320720756266,5.901990804176911,0.9988496010234467,0.9120769752579324,2.0
-242.66624559169054,32.01807672345427,6.479075083084215,0.9993315505353915,0.8839418147172798,2.0
-131.37555926831493,249.2630613109175,6.615489027396513,0.9990050842864299,0.8466940668366818,2.0
174.20229478109917,-303.6066555161095,6.764105795583837,0.9994491927314124,0.9098096632710445,2.0
71.85352009115267,417.1760363956149,7.345526076968828,0.9993750058568042,0.8873229693004725,2.0
44.234749129207025,434.7910281421923,5.607680604052066,0.9994168973824294,0.888340868429747,2.0
11.039589250326795,345.2468177825679,7.34238625805749,0.9993626568284268,0.8882967683866341,2.0
91.23121185158224,-252.53618538614205,6.722550091031975,0.9989637999072347,0.8434403969781294,2.0
-312.4594093088129,156.53913023214457,5.907176595492571,0.9994836930593587,0.8936012626132329,2.0
-245.17354276388818,-0.6451217360461566,5.777489124701825,0.9992303844581965,0.9002567170928466,2.0
-292.63537198815567,109.93248261655175,6.044097635143092,0.9996099750787348,0.9036765066587695,2.0
378.64477864907775,-44.16882899689435,5.871211030460699,0.9991986426153627,0.8606184123527623,2.0
8.624305798137751,-319.6754833820471,5.063802846324657,0.9990291097663768,0.8461563822877409,2.0
-161.79931312778027,-20.05130608703886,5.703450858579086,0.9987034775779386,0.838715520759582,2.0
244.36997109007632,294.7652607741416,5.0190725075023686,0.9992554816229171,0.8878706204934207,2.0
-143.46124254273795,115.73467657886978,4.485826809714744,0.9992250938830011,0.8983275965620331,2.0
346.03752372824744,168.70074476816905,4.892598873036192,0.9988900542272432,0.8687253672812779,2.0
-296.78715675127086,-216.37538430790212,5.969543130566719,0.9996770590321554,0.9270655465274616,2.0
329.5352589760718,7.664572868741886,5.221660020778971,0.9995142982773096,0.8955810911035089,2.0
33.53533413773672,-328.4725778864593,7.208640852522622,0.9993514187867382,0.8854602171801054,2.0
346.2756755873995,-19.4653546296311,5.537673945814145,0.9991669551748298,0.8783232967372082,2.0
-201.8953329490257,-297.47620315196303,5.15401543107566,0.9987831597607757,0.8574141077311377,2.0
-115.29540991125492,-363.98356311074764,3.6191032817947755,0.9963464888710132,0.7955194885157021,2.0
189.73702116419466,240.71158447635318,4.736667964652593,0.999776481895897,0.921271934775463,2.0
-230.8398189848228,30.557713928439036,5.343653354620712,0.9988690500354214,0.8852462819643326,2.0
35.84221872102762,388.26449178003605,7.096862766969981,0.9991889810896661,0.8786256333983161,2.0
-308.23111192621474,136.3044826707542,5.3762964102867254,0.9996350551843831,0.904493893289335,2.0
-251.48215153046627,-214.91746538521477,4.563632019894378,0.998646500725726,0.8789649051994101,2.0
299.6060746734373,242.20356098945513,5.7185292645375965,0.9991106533211297,0.8946218393521461,2.0
24.44965452504802,-347.7900808562545,4.115200123489166,0.999014596095117,0.8669782803994142,2.0
91.61110288416762,-265.46455476746513,6.285485615449917,0.9987926688328076,0.8381732748814401,2.0
-224.25915615637544,201.08837424857276,5.421028495253508,0.9996918674173995,0.9254106984568832,2.0
243.61253915220442,283.78187409950306,6.064508181780492,0.9993506978483256,0.9272228076319202,2.0
189.34863786122943,402.9988011405796,6.509703487336961,0.9996730266276695,0.9085962817223157,2.0
-185.09516650060965,-305.9511103447869,5.83952572258004,0.9989247265396086,0.8461686513507183,2.0
-305.92470144144295,-164.7562733535334,5.071362230064611,0.9988498761033412,0.8633892652281777,2.0
61.19925844807672,421.19857089693176,4.107479305927107,0.9984069486737909,0.8456578331256857,2.0
212.51743439318113,-253.02335393695773,5.162669534749998,0.9990891786292729,0.8586494633795055,2.0
99.05284322769614,414.5325559384611,4.998649439452233,0.9992055752292309,0.8767873285393131,2.0
-31.17810181334481,-278.64295062164217,6.269209729011833,0.9975383258357932,0.7655804351100052,2.0
-250.49785457834005,168.73274153991935,5.264550483583218,0.9997754359409737,0.932589361398989,2.0
-305.6390071836416,-86.54400725050574,5.531253699547679,0.9988107405790141,0.8401034975557343,2.0
384.67280489754273,39.43523454857768,5.251406799405365,0.9980438263907169,0.8079126068536192,2.0
272.37909061533026,-184.74373014528086,4.237099130139264,0.9992673712137458,0.8848122835696498,2.0
-273.3681099318942,-34.43976228645886,4.657053237221761,0.9989328174144299,0.8891321879444902,2.0
-249.50971358544098,68.90223806938734,5.109769355060681,0.9985642040908703,0.864955063617445,2.0
340.79437471033543,-10.708610801492842,4.86005748362604,0.9988777158380912,0.8637418369712747,2.0
-196.1600699048599,-306.125420054167,5.303463820311972,0.9987308074185388,0.856005155684023,2.0
298.70476698498044,-227.94987062175798,5.167053175347187,0.9986134301404493,0.8381048785220662,2.0
-124.7765699396126,199.4582755589009,6.269231655529627,0.999416463387882,0.893084123860069,2.0
-324.5916379995476,-155.65646820661723,6.077026338617348,0.9996496986133365,0.912342526966389,2.0
-0.8369063896313887,-315.75325509062935,5.231108931555542,0.9989280602891895,0.8655855908941275,2.0
-141.08885972316867,241.84810348458643,5.663913021614514,0.9992752021058301,0.8815817662361813,2.0
-123.69344005441621,-368.83657239201773,6.174639512662883,0.9980836603226829,0.7898572540255913,2.0
-202.07730065680383,191.7147126111872,5.041782960365318,0.9985590822390397,0.8784356001455593,2.0
316.2019467054683,-240.6979690615548,7.565265174701202,0.999120146227477,0.8339176941764112,2.0
-196.48850413714942,-279.7060157047507,5.024560463360789,0.9987076645002674,0.8320877747154554,2.0
374.32941741532215,35.696085572977516,5.81991586584709,0.9994209364370505,0.9295005353591984,2.0
-167.58657770798993,170.70577256564235,6.534300498993003,0.9995300187369699,0.8860194145195025,2.0
278.6884146229338,-220.84437882865325,4.458821478319512,0.9993794369103378,0.8914660974237053,2.0
-240.92291708511274,-228.16990549749974,6.418716439833461,0.9992866856481222,0.8816756053881136,2.0
-291.03753803952156,-116.69752548079313,4.068505693098387,0.9985731736036664,0.8525924556712453,2.0
188.82578551183403,-234.6000372991808,5.1245174353977765,0.9992450482320359,0.8821894945003582,2.0
-133.21223231039312,165.02186004928555,5.3536208754540136,0.9987805945076345,0.8621693574441791,2.0
108.90772175947035,330.44197331320163,5.648484009606322,0.9919017046908071,0.7863923911511697,2.0
218.1191968813916,259.3485528128734,4.92455635074829,0.9995026832744754,0.9160097804120259,2.0
-311.768805314887,-194.25654549437988,5.348846990982139,0.9989940112127728,0.8670753002966054,2.0
53.549687178843556,415.4562964913676,5.514194947275075,0.9991680924318612,0.8757343927509944,2.0
368.97074266090823,-38.30199089176621,5.504600511074717,0.9990526580151496,0.8689741561561176,2.0
232.224146757752,249.57016215585776,5.260224692506671,0.9988189949757629,0.8695096537333458,2.0
-257.6238684257293,-207.38460820525563,5.204210156187512,0.9992510978277039,0.8783968725007393,2.0
222.7591109398761,383.238579770057,6.013614667153485,0.9994285513605908,0.8735205855706978,2.0
-315.07121560441396,-204.73733090270414,5.703532546590189,0.9993867895160823,0.8924697540467587,2.0
-318.1270659733388,129.22360072501084,6.188438965001936,0.9994129756381201,0.888285217059815,2.0
-8.717829889280939,-288.23540660183005,6.008587317829691,0.9987214810721674,0.8319155144451179,2.0
20.481391721420067,403.4536334106743,6.505081890485133,0.9985242724863711,0.8258238874369737,2.0
-139.75660124711885,284.45100359131203,5.628834790210928,0.9996807641158233,0.8943237215900378,2.0
178.953127370274,-270.6855773799433,5.5850476384352215,0.9996201182458053,0.8908363626573176,2.0
10.98031110925535,375.85449300329265,5.345644150650496,0.9991829722667543,0.8811654752521232,2.0
337.8205986901911,-160.72787835023033,5.530680571655893,0.9993013203869201,0.8846897230153814,2.0
239.23976668492895,272.33166929463584,6.283630942082155,0.9985396906787537,0.8292537024849409,2.0
359.7966861363141,-41.69882552106511,4.339482614642596,0.9983653577822235,0.8501610250238075,2.0
227.41562019387288,-259.2597112559227,4.146150091702711,0.9979848279105874,0.8378619771886298,2.0
-73.84145480341911,323.11770079601945,7.702115791752086,0.9990691915100718,0.8499919881621429,2.0
-117.11931984882767,237.62238482688608,4.478229762255632,0.9994938058540719,0.893679321690348,2.0
-116.34923070809333,190.87769720135677,5.629682073548192,0.9989076033027006,0.8880967377872677,2.0
-120.74382877961759,171.65269768779294,5.0823322539007485,0.9988530235812426,0.8606585902292541,2.0
-9.656536915947823,-321.76661219110326,5.524175100934546,0.9976473286357942,0.7938435972840351,2.0
20.829402352822935,290.9901512930188,5.713529629531226,0.9985835110239233,0.8765524924024741,2.0
291.42732120700833,48.37641161968395,4.840136005730553,0.9994028873126245,0.8903597037425592,2.0
356.5306445750941,-219.33062286830346,5.596832234718554,0.9990592367624426,0.8688905921502107,2.0
-207.03417723453427,-275.27083907587433,6.474673222304269,0.9994608061578629,0.8909710675519137,2.0
-54.87578146556481,341.092460175343,7.165154352492809,0.998889317432218,0.8242638132438379,2.0
375.7861824713835,-124.81717126538585,4.573552155989352,0.9985440818781047,0.8508961632949199,2.0
360.0651555712696,-31.929782214153178,5.491946136588431,0.9988893675827167,0.8393583397105193,2.0
47.62411078245687,381.30336246547785,6.696275216457268,0.998334237623027,0.8227005494567071,2.0
276.3830016305551,238.03506221918062,7.216998135062594,0.9990475304735775,0.8770179121467195,2.0
-130.72832880998203,-260.16003117110307,5.2466071426156295,0.9985288828432606,0.8490205597480814,2.0
16.472927424727843,-341.6548904162542,5.99158266735825,0.9994796802718999,0.9120498161655617,2.0
322.3711984505173,-227.84651098806088,6.759934765674321,0.9993266991776716,0.9028529692731818,2.0
-294.01597628299095,-90.68650600711837,6.879136830976318,0.9995009879617252,0.9133214032398851,2.0
324.16394501517044,-177.5800540355703,4.517611563749202,0.9989717516595262,0.8891440777162064,2.0
194.8224273333643,331.1288678849388,5.515759686669852,0.9990775124272417,0.8778327072079305,2.0
-278.3538895997823,-25.09967537172454,5.991108084796899,0.9988135798857061,0.8366031943715744,2.0
-156.525533455743,173.30760935621444,4.858086464844797,0.9990386899691053,0.8700241067940334,2.0
-98.21185431424576,179.8255054336261,5.325545239279202,0.9991250285325219,0.8719608501544955,2.0
-159.42307568635653,122.53596630268524,4.984216039362566,0.9982587052711711,0.8173155664656268,2.0
-135.08079193322365,232.90167995668708,5.143863089048266,0.9997234205538253,0.9278956163084323,2.0
-121.46100770260891,-357.6845224894145,5.257505072263366,0.9983762222707887,0.8215562138614424,2.0
-267.70420788819575,-209.32754021375112,5.104511137063239,0.9993697824166592,0.886541441082465,2.0
-116.28395074405,226.89329269312924,6.309455898106211,0.9996133796327356,0.9044630649010047,2.0
-273.26067336132905,183.36826834113424,5.101964147934864,0.9988697188343812,0.8396119431814605,2.0
45.91630155846322,423.6213189713493,5.726307894222964,0.9990135935619282,0.8478686535168433,2.0
3.15897445345445,-378.0259815749947,6.0065724378300605,0.9996202152287249,0.9047774274481677,2.0
-324.9460734057257,-166.8844078920285,5.165156083935485,0.9994920828767474,0.9200864509028397,2.0
66.77316508865738,428.37497014478697,5.015752299748936,0.9987815918546328,0.8370498954214562,2.0
207.65587857311087,-280.8472270901513,6.416384007248062,0.9997588709494277,0.9310802671308888,2.0
289.86501396667177,-233.79378816941414,5.4951608353530474,0.9992103296230945,0.8826501846944025,2.0
393.3299682130032,-3.1976254220460456,5.122271920799304,0.9991368547039549,0.8569132078869108,2.0
281.4425643112337,-229.04785495164435,4.225135527822285,0.998666206433772,0.8322299776917673,2.0
23.451370017123324,391.57601332645345,5.799847010569142,0.9992870260870567,0.9024814621375309,2.0
-298.723721393361,-111.73337315336754,5.117009535928321,0.9987151243310454,0.858165959543905,2.0
-24.74906380199446,-311.18143629451447,5.657403950055954,0.9991526134529052,0.8835202064638513,2.0
-343.4288974643056,-162.7371389665188,4.536408078532601,0.9975980045055225,0.8243410079043929,2.0
271.7909896237438,-228.046666633766,5.535278081222369,0.9990945499245898,0.8543477966855456,2.0
252.48821250010963,238.18056679131305,5.132578802362757,0.9981249168126266,0.8390395096832656,2.0
279.15480883701866,252.16048871559258,5.5629774413351365,0.9997071136879346,0.9273330398223297,2.0
-187.19756293071126,52.87540553323656,4.898032064495037,0.9987703216253934,0.8635957121124251,2.0
-214.62273367006372,-85.656550113944,5.626802727071097,0.9992072998378593,0.8756962434947776,2.0
-205.12548501286713,-263.5111663062199,5.0997257161650245,0.9989517926576497,0.8637389723730636,2.0
1.4162385754286444,-339.9955065528982,7.788726612117006,0.999007725566313,0.8483815001406046,2.0
185.03338144527808,283.43359821178404,5.28851386899982,0.9989867020285641,0.8674630071562203,2.0
-242.4259182733025,187.0802691577712,4.587473864731302,0.9989985097953579,0.8893813588989393,2.0
-293.1391717972884,-65.96810061635811,6.4754232601465445,0.9994666285906394,0.892112390524835,2.0
396.2604197588079,38.46002195863788,6.469998404485615,0.998989385278801,0.8722331306173056,2.0
16.47382537407547,384.0334540948917,4.522717703786987,0.9985990470569228,0.8591742769860952,2.0
-312.32914504145884,-120.23996700294556,6.139338362013248,0.9989455092134142,0.8878536250798841,2.0
-21.880090859123317,-288.22988322421185,7.219459485729184,0.9989966444469576,0.8691204857536734,2.0
234.26005342403877,292.9944386381853,5.257977284576711,0.9997273099535624,0.9163281906467702,2.0
-294.56192748580287,-192.90969273575908,5.139234912931426,0.9991256632926204,0.894080518141036,2.0
64.02305794476449,438.3495002152116,5.380536106366696,0.9993383607490111,0.8837120797511331,2.0
205.144292504309,327.2315592866413,5.592967603393411,0.9991075428627877,0.8933378187917212,2.0
-298.5892101615674,100.25116055091634,5.3627702180710095,0.9994646648741512,0.8962022048155962,2.0
55.86953957873185,429.7437445978534,6.012479883181628,0.9993825729142441,0.8871710339143426,2.0
56.8137400185788,374.27563552955235,5.022285723285691,0.9965025748410442,0.8355687126215158,2.0
-253.94554785406456,36.85303795649017,5.8463474770145,0.9994851483313729,0.9114902526683134,2.0
52.07579270282025,-301.49021499660955,5.995183777404171,0.9991854832579496,0.8755032172237209,2.0
34.52918053956998,427.7233617841085,6.449562380775259,0.999131081071751,0.8562724188160126,2.0
329.9208218408794,-238.61395713602724,6.378102495710288,0.9994152155576369,0.8935117700220644,2.0
-153.68052244751829,246.21433527316384,7.714940833625903,0.9995893307603215,0.8915914062207955,2.0
379.26604164803916,-20.382005039197576,4.956884223303575,0.9986028996653102,0.8506120728469857,2.0
-308.0030412232394,110.82357256966189,4.576771207323874,0.9987929336830951,0.8826252020449704,2.0
-271.68644489057493,-230.4534060231505,5.7057246388333605,0.9994681769945166,0.8929853364206249,2.0
43.00138391949522,412.9655013998665,5.358660929810067,0.999489480484531,0.9128662807764253,2.0
-244.17355976430147,-86.33721009859275,5.133416293727658,0.9988490113935317,0.8402148365104803,2.0
-171.75427019923495,191.87105917186952,5.105220000284308,0.9992667464352329,0.9000524609901748,2.0
-161.05823375262904,191.7894217007491,5.401531618127605,0.9995265138540591,0.9209946678371724,2.0
-302.75512535271037,163.51625449568644,6.0951834108716945,0.9994533881347903,0.8934756733419515,2.0
233.6262711085458,386.15741196321136,5.293423286109158,0.999214758678906,0.8585349536007477,2.0
-55.16197949865956,-317.1782614557799,6.457625402676065,0.9994989550733752,0.8985567775307136,2.0
-136.2600969238817,-373.7982070849201,7.474466848476625,0.998205488280113,0.8005740393490044,2.0
29.574217625207158,-340.1154719250025,5.157326691459621,0.9993326410185838,0.9062919194470118,2.0
378.83922068557155,-55.184382392012346,5.208501547854817,0.99893911739771,0.8668080158874664,2.0
285.7055808118462,244.76571240831151,4.342298575427993,0.9987952622434185,0.8608541881936311,2.0
-207.88605353228422,-42.680679810247966,4.724744704698502,0.999741984474497,0.914945274048476,2.0
334.82368961635365,-227.52097405584527,5.7734887671622666,0.9987645089569098,0.8385971128458958,2.0
-191.3030399243315,-296.571735822895,5.460570249455559,0.9991355378446627,0.8728266276176296,2.0
314.038501619741,-192.1474217232517,5.992421150908262,0.9986175670402124,0.8094312511404316,2.0
180.21377518322203,411.85216548035845,6.242678743585395,0.9996239795614412,0.9207328268738812,2.0
-262.9170355029481,183.87027362626162,5.293458194092233,0.9994910132313778,0.9118547484845608,2.0
57.55675727959369,274.93312220813465,4.65909100472904,0.9978806588332045,0.8583274543811814,2.0
162.49832421266294,232.2384249299697,4.609553986584242,0.9987969572473724,0.8823181589958761,2.0
-130.63836859018258,175.61657865971628,5.644055180044579,0.9984823397817887,0.8467280060441128,2.0
-114.10323559296965,263.5413549330975,4.394151391311746,0.9996307874076074,0.921727114638771,2.0
367.2329028964184,65.7401666953909,4.65868859094895,0.9997456738335863,0.9186211142816452,2.0
6.531577040679141,385.8520678050354,5.6606240155074845,0.9981889316894956,0.8116868809580281,2.0
0.41206704705002356,-326.5980925624107,5.719697473505972,0.9988293688328861,0.840478828440022,2.0
-46.922337608745565,-306.26060896743667,7.280171163439317,0.9992862677260096,0.8629722210998715,2.0
18.40464585926358,-354.65260252632106,5.062224788172391,0.9986515925168488,0.8348640535993199,2.0
224.54197762795863,-269.05887293533635,6.130296597297656,0.9994328285928318,0.885997029736362,2.0
-316.87602084731645,-88.4457285833625,5.891203201917863,0.9995191900543346,0.9007113640404172,2.0
-234.03075921758722,183.52388242716142,4.583369039937661,0.998834424026772,0.8595115573906638,2.0
184.61590398134723,-309.40212210544826,5.212053538976434,0.9990595915991258,0.8695512220135762,2.0
-307.46661993715423,126.00205301610208,4.993705545193236,0.9993363986741803,0.883654308487321,2.0
-225.73856770948683,-265.4427395863253,5.329727691566002,0.9987559922260152,0.8330483427782963,2.0
-315.5964559982044,-142.80214371328523,5.635734738007594,0.9981302281644436,0.8487172189935717,2.0
395.48414240889485,8.311017138664676,6.632813028222668,0.9995860124044291,0.9004984864492395,2.0
409.6270733982379,73.71202098110292,6.687284242431981,0.9997138715412662,0.9273376267335671,2.0
169.52313196696326,397.8154252491706,4.2297135579794745,0.9982574700652802,0.8147127083740684,2.0
220.91938637654175,310.9456405608951,7.877900078399054,0.9996580899796039,0.8774331649282462,2.0
-317.3282275514027,139.68779232544574,4.360991713648386,0.9991813700396327,0.8978359858663711,2.0
46.3239197942501,370.3321256934453,4.393689513465362,0.9985966226767454,0.8779444317450722,2.0
1.5889185334093454,325.2789487201755,5.751060604365,0.9988741192226649,0.8610175231367061,2.0
-34.50136230131975,-289.1417750648503,4.832653443361402,0.9987182187871587,0.8854041426742122,2.0
-297.48713587143,-77.97963208184,6.333860736162957,0.9994050301107568,0.8701234998433007,2.0
352.9464632792604,-178.43196873204195,5.840001118017989,0.9992492383217799,0.8605492825074639,2.0
289.85048998762016,234.42092267035846,6.84113041712069,0.9987539448276737,0.8384276184820807,2.0
193.8950130104367,270.11061520868833,6.025503770551638,0.9990190080934749,0.8759850985852095,2.0
-60.60195412026227,-305.58839354439635,6.389973411700755,0.9993442561182011,0.8846513402468332,2.0
-242.61815700480602,-96.60869580192337,5.327408524955253,0.9988557952036126,0.8639037467649051,2.0
-134.0122585568365,261.40153834291976,5.740291361683485,0.9997658472223998,0.9217365613029886,2.0
227.6978139384274,395.0537746803569,5.431683689926355,0.9996685540991523,0.9235820310591147,2.0
29.529711765318975,416.3289839991508,6.024398796236394,0.9993611892949137,0.9073199882740455,2.0
-167.06144578322466,230.0483214479033,5.531954439507056,0.9991302231351316,0.8556068059817675,2.0
229.3906092160116,213.9955235594963,6.008929427262411,0.9996590249349648,0.8974311681098498,2.0
-207.8138924364035,-288.1945860023914,5.904564455064941,0.9995167647316504,0.8965875211790536,2.0
-302.21803031031584,90.23075291204896,5.2262705324104894,0.9995840186041023,0.9089902300409738,2.0
-20.95653484318674,-273.874997256668,5.107277241194866,0.9983332791277724,0.8695836907963839,2.0
-1.9569066206376429,-355.02432839741834,7.179082531401229,0.9992576223469114,0.9000554372709955,2.0
-270.9284213905133,30.643840341573647,5.859812300644517,0.9994527421037648,0.8919005936982529,2.0
321.6332400291034,-87.41240429913108,5.514220614404141,0.9989532236449057,0.8770438606670178,2.0
239.5708337480678,-301.5445436830415,5.858423265504479,0.9991106643542552,0.8944139409707507,2.0
358.276024660674,-20.121855192953234,6.505938843855455,0.9995803752416856,0.9015838287810682,2.0
-272.37061340157567,-219.0720945860377,5.728053530742488,0.9996434318071442,0.9051563261962366,2.0
-248.2112293430188,157.77678280522892,5.953321613196487,0.9995818021899208,0.9078104091916391,2.0
278.7293995453966,-278.6220340680505,7.709968630713783,0.9994114043425774,0.893139886933854,2.0
-9.716404519425396,331.01924051099087,6.976261835630893,0.9993559463115211,0.8667203180417732,2.0
46.67342335986697,455.6373429702879,5.401809988377597,0.9995000059499465,0.8959316616987046,2.0
-100.9452367258048,202.55066824238193,6.7803669825732165,0.9993458094318892,0.8865759583205766,2.0
168.26886391661685,-324.54190242250195,5.102852092412205,0.9988636791004633,0.8388517117643796,2.0
-144.07623633309348,-364.05340605004955,5.139244912844208,0.997728123622283,0.8305968684571284,2.0
224.3373790843094,331.46702264653067,4.677068442263598,0.998609362905615,0.8302692727235867,2.0
-172.74551267471008,250.15484519114722,7.149256824757331,0.9992391618821064,0.8580237844496997,2.0
33.80322349310356,440.29273761160823,6.182053991200793,0.9996480889682702,0.9056879278180622,2.0
325.99848283891373,-251.3472022046513,6.974421058965474,0.9993694305686368,0.8695887431621981,2.0
-195.36294788203486,172.61235140755775,5.804836229498706,0.9987244825875053,0.8155962816938808,2.0
134.85384236556692,409.3285535629613,4.985926674645196,0.9997213437068236,0.9196959725466745,2.0
-257.05840224643185,15.605326382257957,5.2079088364993344,0.9997323422922935,0.9154169197015449,2.0
-54.04810614841671,-296.3431977073654,5.026616087640237,0.997487618425418,0.7905353221246665,2.0
-216.5093870488379,-281.6744577314345,5.01925385391807,0.9989968199474417,0.8666907285064215,2.0
178.5143958420482,315.5235991623011,5.376022308435794,0.9992582250498173,0.8794183790716282,2.0
351.0244174490439,-153.32763471021622,4.832690007900444,0.9995460447508766,0.8972151681889244,2.0
-269.02893218351704,194.87298379450957,7.215266892750777,0.9996450703228289,0.907761472838324,2.0
-132.99310744192138,-360.1409493883676,6.609972933880463,0.9991759661097933,0.8764774957478715,2.0
-215.69543136643776,181.21682778800366,4.7338161219215875,0.9991413620518851,0.87269027811738,2.0
203.94845655166756,276.02130323151,5.688460167204047,0.998976513415856,0.8462046144512151,2.0
280.5560624791883,-237.8925508193675,4.693815294865302,0.9997131858564299,0.927841309384383,2.0
-35.130490883563596,-299.9907820729855,6.114079961957389,0.9988438574568401,0.8382373778291309,2.0
-283.7887569877866,177.3420886509615,7.080923197059448,0.9996053005784175,0.9028823872737911,2.0
-320.0755819887159,-106.13736481099089,6.957204885144667,0.9994150878481904,0.9080049083632368,2.0
388.7708791732863,-179.81906448461086,5.284551768991302,0.9993607972157035,0.8874978767795744,2.0
-113.1756644296731,201.53433162226577,5.538832085891503,0.9993742179929811,0.8700100093802212,2.0
-66.23620903551638,-315.2038290018022,4.808496483364736,0.9993043963568218,0.885134740050639,2.0
-10.197890143247331,-345.8206701821401,5.256079602682982,0.9985320071489501,0.8483403212587882,2.0
7.399741640886605,406.21115182808944,6.920745404674645,0.9994997464890667,0.9061849238910783,2.0
209.49532225295098,403.46743242869053,6.027114426649903,0.9993143632481516,0.8633183288546519,2.0
413.5006557347936,19.61085202099941,6.483071649091806,0.9995265925773933,0.9198893774380246,2.0
312.85129491309726,251.83631019036895,5.589252968650461,0.9990533426149764,0.8915221016075013,2.0
179.51620347044488,-320.3806325789094,6.950125109785457,0.9990861928929422,0.8515218626459896,2.0
-211.26733237190393,-302.0127906412231,5.3228486958793635,0.9990972826202834,0.8723611896973451,2.0
378.36239837207495,-31.430864191414123,6.199815532857471,0.9991445332547865,0.8733871498039358,2.0
232.49960857423196,226.45099354509915,5.100651172550586,0.9992248854238475,0.8946141900486815,2.0
-166.6312209964532,201.40827485417674,5.775765777894402,0.9988738580764345,0.82042085873147,2.0
291.1857085738254,-67.60229370935728,4.264897906247185,0.999394373763846,0.9067849959538982,2.0
249.66452780761864,-260.02648107647195,5.198870926515391,0.9994527476470294,0.9308892899594671,2.0
154.53314928119275,227.05771170784962,4.7393761898360545,0.9986805179681937,0.860716171988465,2.0
-188.30594258254166,-286.04026749580095,5.358975007211401,0.999059932478703,0.8740821628208788,2.0
-133.91759873139873,273.73228548007285,6.597958453385891,0.9998084498082505,0.9136002619337217,2.0
-332.31071494450237,102.31692451320964,6.4537835260075775,0.9996432659860572,0.9238135078769929,2.0
-246.0584317798631,-245.65149275212775,5.126486644557198,0.9984551528437975,0.845611133162525,2.0
-136.8689279228199,193.63052563989658,4.838071451044576,0.9990636317336679,0.8692200043954442,2.0
383.8245320130721,-129.73600898817503,4.889061910124684,0.999155979354839,0.8751501206961465,2.0
2.32064697005374,435.1572101401389,5.440010046086638,0.9990592510725254,0.8949493532481603,2.0
160.53534898549836,412.6986378972614,5.679200301513289,0.9995657033721088,0.8995557947125581,2.0
-318.82990109288477,-185.09119326680516,6.289799999581941,0.9991385034414366,0.8734316728741722,2.0
-143.38432038807332,-352.8890336148748,6.15596977680701,0.9979582213334368,0.8315401203954219,2.0
-76.67169646298491,-322.0264815613351,5.115233773123267,0.9985760028532924,0.8525036215625041,2.0
9.302453720319935,-350.14538171789735,5.181619557320518,0.9973814904699012,0.7898747938599138,2.0
-285.02446000322465,-79.35878839394994,6.264824765965374,0.9994505155020514,0.8949377824588199,2.0
249.50312171522017,274.95386901350867,4.360493210033304,0.9993171818395294,0.9044277400203641,2.0
398.1586563380768,-11.675053521207746,4.6577626670739605,0.999475284974453,0.894449424141417,2.0
53.46591955956012,440.9853491388554,5.550709652232305,0.9988681124243676,0.8389895398971996,2.0
180.90580919492433,21.958914166896363,4.877293090141082,0.9991083197829498,0.8717822444866427,2.0
232.8022109219127,-252.12249584810533,4.377354288028678,0.9995412784580421,0.9148768892652255,2.0
-215.1206047403224,-266.6175997405691,5.4240811793126875,0.9992205126243766,0.8982173658289869,2.0
-165.54453409082754,-60.58233421482869,4.56175086481866,0.9996795147984807,0.924644402178661,2.0
196.6480591381346,285.9060490069665,6.652182514375227,0.9995167567232336,0.9131473443002006,2.0
240.67117644680894,322.24839064254087,6.009930874744515,0.9991989348019938,0.8478985030624593,2.0
-281.7608075131134,190.38900948601994,5.958744431222467,0.9997063453729919,0.9130761511091822,2.0
336.13893285554417,-1.156960222523568,5.835803765933932,0.9992113562245676,0.8777397933090633,2.0
-165.17058587101374,240.5275209612443,5.176942423900644,0.9985128313989816,0.8272013821270529,2.0
-164.6457245217567,-50.29696330565663,5.434086855386067,0.9992070805686825,0.8973970733339786,2.0
389.9668105895462,-137.10238645132566,4.73669470274143,0.9995690791191677,0.9005981422840246,2.0
-278.9603377399158,-237.5399777731975,4.483675782927015,0.999418159306614,0.889305415046016,2.0
-335.6313517137911,-169.54256669346097,5.907198061311105,0.998819830911617,0.8191151789885852,2.0
269.8550077765276,-239.11280586187425,5.750385772881445,0.9995466998217524,0.9150740700534714,2.0
-237.57411425975832,-239.4783467559533,5.437166986001434,0.99892019090111,0.8624120155356694,2.0
241.80196208883407,372.68040395006403,5.388412517565015,0.9997284411264955,0.9162185510649093,2.0
172.74878893748755,424.6577351629973,4.308659438873259,0.9989554473127364,0.8657263649047611,2.0
205.07977069050176,391.47270286077753,5.300165953665626,0.9995962767021138,0.9016368019317741,2.0
-66.33957346613907,334.58542068059654,6.077254260360273,0.999298827917881,0.9035895272142505,2.0
342.37854193021616,-236.82298815910943,6.272280673757762,0.9991426218093352,0.8548170027733266,2.0
1.7912700780649176,-289.4478365937728,4.643239228750388,0.9988402961218218,0.9113547741815922,2.0
-217.73119187666757,-293.52667435112676,5.379439815951605,0.9996973861753812,0.9260282108041307,2.0
-101.30030508836985,-365.53765086672354,6.1465311336054285,0.997814815046684,0.8423881184090386,2.0
-122.24912292066742,269.61439036684163,5.8024036742021705,0.9994222123231259,0.891105297802369,2.0
408.9605646824292,7.043043713102687,6.94890524788027,0.9993402898640087,0.8687773912420895,2.0
-316.74230965646615,116.99705217286822,6.178450587763836,0.9994739970220992,0.9107633071383426,2.0
170.15248932980165,416.19691749435344,4.583394812592456,0.9995050202268498,0.9126079850845826,2.0
-66.84157780471286,-325.2233504344021,5.272131370871168,0.9993167760540015,0.8823081790412729,2.0
-308.11569100202655,-174.79328870495038,5.0210940223980645,0.9996690827343415,0.9233874380334596,2.0
249.63064232182506,222.3943326835516,5.021490828537954,0.9981847676354816,0.8209660410504902,2.0
147.63180151292238,-260.48815618411936,6.579336344998289,0.999394361703625,0.8884864800133174,2.0
350.21360413271725,155.4699131567807,4.867477005160945,0.9993501595171084,0.8838291932731142,2.0
340.84442404597775,159.79365236571653,5.492663240034371,0.9988440362905153,0.8626822586623161,2.0
217.8261075468865,323.8354315201558,5.41417007318091,0.9992042542476118,0.8598761684616215,2.0
-208.93679058567147,-313.72435764727265,6.66195388489227,0.999640096231068,0.9221403118321232,2.0
373.6670304979232,-158.4530746406433,7.540316913778099,0.9989262115091354,0.8446837411704728,2.0
-169.90195119749737,220.20148840447587,4.7880680942054665,0.9988235450940481,0.861676958698907,2.0
43.829106328098995,445.50454454333516,5.154264441266822,0.9989648841522997,0.845581610295569,2.0
262.86668687198676,388.51937411426036,6.198688143444925,0.9988967483400363,0.8258559974152007,2.0
-11.771159992707481,-333.8738702471175,6.8621629471632195,0.9986637100774697,0.8543224923577006,2.0
288.2375708689269,-256.9991549049468,4.900975119605643,0.9989301239961133,0.8664667832750815,2.0
388.0391889028155,27.17930662368875,7.527561053488408,0.9994132709676052,0.8711395204726771,2.0
-161.66586760882763,257.73045098078484,6.333179340950166,0.999406754498223,0.888353529034815,2.0
368.6248104273384,-25.71725157754306,5.141100082152173,0.9992135106906467,0.8977322330868271,2.0
126.35081229540555,-233.4045940084531,5.464303989931896,0.9995138471094279,0.9128922305311596,2.0
-310.0366821372336,100.37895061927158,6.13763448019532,0.9992720175658202,0.8619334648193528,2.0
-222.66968163019618,-305.714800270822,6.729233233275856,0.9993568901423326,0.8858541505732299,2.0
-311.68209029413833,90.14589770192119,4.288592882920708,0.9984768453835573,0.8267646281027224,2.0
-233.6665029137461,-104.51920094133244,6.69701315649289,0.9993069014801235,0.8818482718376047,2.0
-11.996139680291725,-309.3126189871182,7.241981236256532,0.9995177887014588,0.9228870110715431,2.0
-52.363341817716304,364.23205301330097,5.153820992353822,0.9987335312368658,0.862244613125424,2.0
34.20379050061912,403.88896402486887,7.3359091666888165,0.99915171262274,0.8574170542832967,2.0
22.880780671894424,437.57606383089876,5.1031756283880005,0.9991114006354085,0.873482809001202,2.0
213.79702009694526,297.48594741009913,5.166956460537464,0.9990614691167963,0.8779385892869822,2.0
-2.526703716862065,425.22929268556044,5.311502422982311,0.9992261228219261,0.9027149029737112,2.0
-225.426619687642,178.63778629239906,5.377708253178756,0.9989259010017026,0.8410306166036301,2.0
234.0563521756344,-74.04332324743203,5.488606884870765,0.9990457090032162,0.8711559813261347,2.0
-193.01554294782562,248.75999907112424,5.494652122502265,0.9997565118836791,0.9313533041600777,2.0
-317.9055350428996,-174.09478658944434,4.82875786568412,0.9985753768978601,0.8529654584694722,2.0
361.6997618415583,-152.40209071731064,5.905259751590442,0.9997734082409022,0.9218199905794909,2.0
169.08145079512522,-314.33059235826624,5.183934376935827,0.9984510725510115,0.8218182832695978,2.0
-177.31312004213797,178.51155739534516,5.478488919586503,0.9996938758469691,0.9299953393889048,2.0
65.19872187765432,460.1991579728777,6.223965554881345,0.9992648008511271,0.8606163062644997,2.0
191.64644490570012,363.28218618683775,4.813449522950666,0.9991062489837048,0.850869786655307,2.0
111.29735197025104,-256.25196636954144,4.279333059226359,0.9984981369479988,0.8474978406519441,2.0
403.0994953376875,49.421335942260356,6.486075595114254,0.9997294680999177,0.9282583925705656,2.0
365.56544786132633,-250.05548272020582,5.620322372266678,0.9992142968514467,0.8767214790025339,2.0
-242.67505808427214,-280.2018637843321,6.2442070134644325,0.9997952536905089,0.9289837382391507,2.0
21.76958204969255,426.08114983461917,6.502032685571202,0.9987480630774751,0.8336943736032976,2.0
372.22412064440425,-146.052371899251,5.064520186863982,0.997617218725163,0.8257152089026119,2.0
301.4931992917387,-239.95609753309355,7.239724106572413,0.9989858825452701,0.8454688704327422,2.0
-282.90855610588665,-225.4472452518316,6.62462502022517,0.9996097439760991,0.9020548286304978,2.0
-135.45063803465564,203.51133709676432,5.1859498657226775,0.9994545702839339,0.8955918363696244,2.0
-289.9807722151192,197.18088368774775,4.720108408090169,0.9993839622709297,0.889493941728515,2.0
209.87026775195056,286.5791244104892,6.473918742623235,0.9996784942258782,0.9259207895718837,2.0
-288.4545728003745,-235.82952698022285,5.19770383890232,0.9992273347467585,0.8785408601540715,2.0
-157.36737635446866,234.0542590172562,5.002188857527698,0.9993342580874184,0.8891476438477626,2.0
-220.58278746259475,-317.99742939365785,5.807555952582842,0.9986432642905175,0.8288688209317565,2.0
337.3122349165001,-249.9916501111632,4.48258041357518,0.9990796021960743,0.8940926737013445,2.0
-143.65277546983802,-335.2906487070242,5.354247297472411,0.9993371791027121,0.9034605386307241,2.0
-299.2099999811534,140.1053778468474,4.446642410797622,0.9994722611964434,0.911304338257917,2.0
232.35970122942595,237.96589388093417,6.417729927703072,0.998725045932554,0.8757645742244776,2.0
229.95971656275722,-57.95462572772345,4.876935733396975,0.998852355261834,0.8849420256434403,2.0
-23.880805844783595,-300.4244719627767,5.205961244770612,0.9987603170491894,0.8571584876789895,2.0
-147.4215955355654,276.59520766505807,5.380325961856106,0.999711285239867,0.9267481160512716,2.0
408.00889696180525,-12.967844739281283,5.302917036418357,0.999549814907933,0.9056256797135137,2.0
234.82693299058644,332.58377652517925,5.935662046217891,0.9990232576791526,0.8474036956494722,2.0
277.2843592964653,-247.5813526636512,5.564082565130405,0.9988251164389763,0.8415533847365211,2.0
227.63772354936336,300.3807908755655,4.686401816812426,0.999505160678574,0.8995170668283847,2.0
35.84001248971414,452.92530512310236,5.815655467015115,0.9989606934247607,0.842911497922683,2.0
188.98169980193376,-270.2182578948049,4.490250075739028,0.9989859613351657,0.8665121925303135,2.0
-188.60106078618824,-317.36613165738214,6.13463629700821,0.9997265720698494,0.9284271653378441,2.0
-20.4386237127112,-346.77065228095125,5.097950458489553,0.9984855711307616,0.8513162145013101,2.0
-14.28523043268691,-297.5150365155652,4.8680191018845935,0.9977738646707268,0.8025283487365533,2.0
355.06622869359165,164.1942638195638,5.154338039047148,0.9996350479044691,0.9079019611677934,2.0
-222.71475060175865,189.7198337674408,6.087190606960039,0.9992725919959886,0.8811171360465211,2.0
364.60213910717954,169.277446251285,5.676237474145481,0.9993774899095517,0.8702560236399883,2.0
-167.33057066903984,182.4969222865958,5.316173425872063,0.999137014802713,0.8724725869690662,2.0
266.2014756896609,-250.45986080081573,5.955986616367332,0.9994296151703058,0.9086108341688915,2.0
45.48976811913942,403.6091078651933,4.006085675097017,0.9991819640365376,0.9032640356779794,2.0
206.70466106028871,108.96159693929715,4.986687587655983,0.9990614456977599,0.8922423769580458,2.0
370.8471830861198,-188.01834778570878,5.8477049473619624,0.9996938414170943,0.9269584580975927,2.0
-273.3704437947034,-254.90639992117713,6.4151796317549445,0.9991950259647038,0.840325763766861,2.0
375.33424789040595,112.56058915171312,6.822904111369456,0.9996803314610833,0.9241836443806452,2.0
323.10974239654036,-214.42336253658178,5.828392919763911,0.9994593120033963,0.910844699638798,2.0
208.25446205126138,306.59251466586636,5.5628310110076065,0.9987121479895935,0.8310970727056027,2.0
-66.21164585021727,345.8053912551487,5.187026019331702,0.998712629800186,0.8379816906450384,2.0
-161.5352296711194,210.68392341805702,4.8331745298797495,0.9997599974846886,0.9317563615281206,2.0
-62.4607887474742,-340.00237283783235,7.034200810208662,0.9984853516237272,0.8496527285325938,2.0
207.20746631853396,94.75673454133154,4.586154652070654,0.9997105414881703,0.9321613942500317,2.0
197.53822989962907,306.2683308966699,5.2177266269985365,0.9991329125987022,0.8549542702893478,2.0
414.9611013740973,48.63693737598642,5.44304256439727,0.9990528555016397,0.8905781769652641,2.0
-17.75780898664203,370.3196905750524,5.046813025130083,0.9987538153105873,0.8359159399605788,2.0
-249.00198307809373,22.208331577789828,5.240279977297403,0.9992264852577896,0.8594006468972687,2.0
374.46064283508065,-135.26685484794444,6.039238200368628,0.9990663880640138,0.8534837502060348,2.0
-320.6611375575092,104.95993830242827,5.461448683222088,0.9997054650097739,0.9269488219311194,2.0
-293.5588771539571,186.64251127495885,6.4563130766134,0.9994167368855112,0.8703813099719859,2.0
-3.699407283232446,-298.90302638633614,5.861393610955189,0.9992279409685892,0.8994313619763024,2.0
-320.7577435435042,-76.46665826320181,5.063548406696725,0.9962685937789771,0.7992774042448485,2.0
-20.989272738869147,-322.02725208377046,5.906894480678819,0.998461563848836,0.8456791103840556,2.0
-188.30611184756253,182.1260297024999,6.103873205645547,0.9994751809833937,0.8895092067166646,2.0
313.6046785451177,-209.94951771321902,4.408761220524947,0.9989153815329418,0.8865915140013596,2.0
-224.82508574391565,-275.84749274444,5.17305757542664,0.9993980199489,0.9071232866204076,2.0
334.06077720618384,183.92010033562843,5.0714267627155,0.9992877852145217,0.8949591095605555,2.0
283.190154224748,262.66137746800246,5.719803831568783,0.9997388289250415,0.9291162929824315,2.0
40.0136456900882,475.7401825022456,6.117299646756344,0.9992280138823659,0.8388280216076864,2.0
361.88179235632236,-207.56764803327584,6.2220461034315155,0.9997264232909348,0.9281455459605397,2.0
-149.4836788898045,221.8956822926266,4.840756734386958,0.9995290903546316,0.9140438519026526,2.0
-54.94420818859058,51.29459971684967,5.330653536493789,0.9986081323816299,0.8501813819180215,2.0
367.85924931155756,-50.59321652008193,6.717517576177541,0.9997662460219375,0.9285137279941327,2.0
261.0217766976499,408.6429683369839,5.008216227056127,0.9990921091168908,0.8708133815228812,2.0
-283.75585973035203,-57.498417329511845,6.210017953274747,0.9992883420846009,0.9024116960244216,2.0
181.52846599537597,-333.3296420325112,6.208200900418455,0.9996283154419624,0.9244810437131594,2.0
-143.4378566224041,266.851315923555,5.17870409521951,0.9995694607075102,0.8985288350345857,2.0
-280.2555560269832,202.7400723803752,6.511797060651414,0.9997481886175209,0.9018436388953771,2.0
222.81165359421814,290.6115140005272,6.234849761416359,0.9995093506932355,0.9167318732772143,2.0
-295.63539690808,-206.71915378395363,3.7770907834599208,0.9996136874844542,0.9198154353833143,2.0
-195.66265850574823,238.99991434279744,4.652806618343225,0.999277757325272,0.8631769392920651,2.0
-237.84700257912607,163.22470880714516,5.764639749232685,0.9995039472083945,0.9009250019195878,2.0
-198.41853731163292,-315.05606227489795,3.9887280731725996,0.9976036749724081,0.8254176484508504,2.0
228.88293064739466,322.041383908677,5.810855099907424,0.9997162653054875,0.9127296055260965,2.0
-186.7794114879945,234.74509355319978,5.235071561588836,0.9995658906432794,0.9018294538301752,2.0
-116.42514483628037,-336.15793917125785,5.05944418849904,0.9990522672457293,0.8728677786658622,2.0
-313.1527270479165,167.44086027223534,5.059020762261135,0.9991326127785661,0.8542272463470445,2.0
-211.79515770084603,189.97170325083138,4.905781920828239,0.9986934591903327,0.8544564059953346,2.0
50.340777799573054,317.99417816472135,6.172294026282186,0.9981014552056554,0.8379581586928008,2.0
358.12526658553895,149.13357124017972,5.310479589076346,0.9995840875986967,0.898193624846224,2.0
-326.73749484371984,74.6198039998899,6.47340610837517,0.9990523097146679,0.8289863157854325,2.0
2.872970307940969,-306.8256796216459,4.510702826267062,0.9981651481402791,0.8363425090992591,2.0
346.0635430552816,-247.1661858988129,4.765997329603061,0.9989182283203252,0.8641245343844857,2.0
384.15153066370965,-117.94914112452389,6.299641740366333,0.9997148683120312,0.9277389793841678,2.0
-155.31213833598272,201.86620637539238,5.616411875910255,0.9993599009044534,0.8862622794023871,2.0
106.62387088170212,408.80380336883775,4.532932011505173,0.9982269305705378,0.8155418315734075,2.0
-204.97517937940867,-335.1482200789106,4.672674369240026,0.9981519638441209,0.8642352115245439,2.0
-327.7188349486157,113.2590804985496,5.473983153707707,0.998947440472553,0.8434432440642469,2.0
381.1412267919295,-170.56077097118552,6.7710050085404,0.9994092073623385,0.8920909439163226,2.0
-71.21876925813957,356.556600536353,6.739019938297,0.998828251132424,0.8281329374739795,2.0
-163.7027509380122,-346.9150812857389,4.391990103365088,0.9982214353433184,0.8695795055761627,2.0
380.8844312420744,81.2443447115537,5.574603500740891,0.9993558662997312,0.9072085818889586,2.0
-13.66434764341481,-279.4566798892061,4.158192666032373,0.9981103109220626,0.8652872408318424,2.0
-119.99074583601006,210.0052278741757,5.3747764417216155,0.9988221255386822,0.8614891346565331,2.0
371.0128641160207,-62.38431784757296,5.489718932207515,0.9992398311158439,0.8930487994855373,2.0
-13.084012426311824,350.68002123610006,5.118318407198566,0.9976199837289037,0.7970238438533792,2.0
166.1300690738929,255.21426986891095,5.3821361426801255,0.9996342119345253,0.9206851988671829,2.0
-288.516554469358,-245.57375868769722,4.592524056820152,0.9993766252809433,0.8904239121661721,2.0
316.66517419471353,109.78345275639177,5.607171073870364,0.9983597092946611,0.8440816413635753,2.0
-178.58996551295436,202.85732874060514,6.325891300971508,0.9990673771304599,0.8721363875132718,2.0
142.52768642376512,-287.93261343663823,5.898485208278744,0.9992208596933724,0.8787938905454686,2.0
-282.89997810301753,215.74255702647437,6.783335830012075,0.9994434369321537,0.8591058525725638,2.0
216.29861638184587,393.4660276967067,6.116561114099367,0.99955268976914,0.8826880618587617,2.0
236.1018144224553,206.87537519287162,3.8129133508316344,0.9992350177569354,0.9000293052300853,2.0
350.5907205973798,-143.292935664197,5.2463307129221635,0.9993124671769472,0.9053702405125721,2.0
-35.55117549846772,-311.1972546551653,5.189693881768506,0.9982396740753496,0.8409455808219807,2.0
273.833798172601,394.6828958289773,6.457823430774547,0.9991075739765062,0.8517679980168316,2.0
356.17021116521715,-69.30616464388635,5.578588742299096,0.9989309421816518,0.8496461566913999,2.0
355.84196094128674,-256.77115858126064,6.252310624828353,0.9995146480405643,0.895258834075472,2.0
7.956561949159998,-298.12113178916087,5.625848978877461,0.9993991186322363,0.930016352939686,2.0
-315.11758761174286,74.71927379404458,5.190256340914328,0.9992805418897995,0.8615315878322874,2.0
371.2698220120754,87.08686295218278,5.743298106864379,0.9991132875537344,0.8713316678928877,2.0
199.56934246082105,409.9571175272353,5.879346394626888,0.9993669723002546,0.8688520515594191,2.0
289.1165641604689,-245.69973749395476,6.502570710612014,0.9988185712693312,0.8397137865287725,2.0
-162.66352506597687,-312.6807304275978,6.585505378680413,0.9986471626942568,0.845002035599051,2.0
-192.41128652149848,200.10493725537808,7.859936042113589,0.9992433107345147,0.8604622923185997,2.0
-102.35948071851008,-341.5257664481228,3.9171190875209736,0.9978839584573539,0.8329737691411006,2.0
-306.8669148290283,-73.50027209607534,4.108332840410459,0.9988799071050943,0.8850264398183691,2.0
-45.95015355577004,-328.0929918158726,5.4964615202992615,0.9994479594318915,0.9096134723446616,2.0
144.63582696138064,209.4176570668046,4.827756844200572,0.9989864282753765,0.8894446836287324,2.0
325.5244252211934,-59.464573171864025,4.621573439566098,0.9987408035796059,0.8566317207913945,2.0
-189.3008995198746,-342.76681703770424,4.962693948559833,0.9997651876663813,0.9320853966514603,2.0
354.6380832022994,175.35962008821556,6.0546516515883315,0.9990475294220819,0.8486542563322619,2.0
-232.65359474361236,-280.2414827007303,3.7815441913502226,0.9996118097279925,0.9270420076607789,2.0
-191.11980096359,212.8258760875056,4.998614407780348,0.9992782735566055,0.9254185117836965,2.0
-311.5620174689255,200.08233968960866,6.831467326140814,0.9996238266469742,0.9091355110920593,2.0
256.555375142237,248.09444560978702,5.623412195041003,0.9996716021254632,0.9239312039199873,2.0
-42.739328320392346,348.84805046745475,7.343686986916796,0.9992148600365457,0.8984668821131269,2.0
32.75441478279967,355.2592425980816,4.639926252331178,0.9988759546484571,0.8630699454604156,2.0
-252.73586897996202,-225.15769175144547,5.832435946401613,0.9987835278985775,0.8344002119181376,2.0
-154.08255448746365,-331.749678002185,5.057646697610906,0.9981954353254344,0.8441045663010844,2.0
248.33744400602237,-241.6597064765995,6.09667964052894,0.999522519923995,0.8969742846326103,2.0
-26.84390260783141,365.12680259886076,5.495943848611419,0.9984196460921244,0.8537937014634618,2.0
106.91637569177635,-238.9643598094775,5.622792098996243,0.9987661840974207,0.8356742215979206,2.0
-183.52941172143275,244.9694438337815,4.743604882671093,0.9996834821591698,0.925239074584361,2.0
-140.42898853686563,213.45888198312574,5.988063165662066,0.9995700069781581,0.8992567736398708,2.0
368.51834139520787,148.84190411660708,5.089798790185442,0.9995863973369783,0.9109983120223423,2.0
-67.05714184914753,376.4522341577161,6.03778102560297,0.9990460446004917,0.8694403947611168,2.0
405.1467404444916,-114.15577164798933,5.458167367902878,0.9996056608289456,0.9023179780587707,2.0
298.08805647255645,-253.66323124382848,5.532057470320936,0.9994639921278029,0.8915185161789929,2.0
-186.91985734203544,223.90883957697682,5.6235951019953925,0.9997678061180921,0.9224175327924566,2.0
-144.9036317912896,199.43684600569253,5.120316047612357,0.9995960910201873,0.9230830804493327,2.0
60.983812465492726,-283.76182356699877,4.675877427514555,0.9986207480551673,0.8324550209812024,2.0
-194.4112018993082,-334.19824990431886,5.0455772726445085,0.9995864062969256,0.918323023961628,2.0
138.46116219748868,-298.6061379956495,5.598895450190198,0.9991385088334374,0.8962307194590482,2.0
235.94888495289243,301.8366110343484,3.767528236189539,0.9995624468612724,0.8999564667891603,2.0
77.9868828037511,459.51272223778926,6.638158239414795,0.9995460247384703,0.8976308707756491,2.0
-110.66056043513021,-344.1722773128808,4.843665650522374,0.9994349445833479,0.8838182564604209,2.0
20.021874382784272,370.2662181784615,5.345644150650496,0.9992298830034364,0.898549982777976,2.0
151.96956328622107,218.63898329922884,4.08985512469647,0.9996277167425325,0.9235889153979882,2.0
-292.01060928949073,207.33682479088375,5.6739663105081295,0.9993461831303602,0.8766926668891616,2.0
220.4325081437212,438.052795680824,6.143385253189109,0.9988628785801302,0.861031211669645,2.0
362.17462113267135,-139.51827956407996,7.007601883483275,0.999186494203617,0.8435284627651074,2.0
388.6505473954563,49.86261883095051,5.952705546362788,0.9995838847239183,0.9178342519574956,2.0
272.96290313007523,382.9316763212486,5.372043324924789,0.9993482594756055,0.8878341830844454,2.0
23.22781237504767,350.5388710729619,6.034118530392453,0.9989168579218569,0.8461100934512336,2.0
-236.5357923406541,-250.5020615803826,5.618710250845311,0.9994321865716796,0.8903756618813995,2.0
345.50118391553997,-255.55975882690694,3.687556289663141,0.9992679762943057,0.9004339471763604,2.0
-269.09934849855955,-242.62884934323517,6.647341249730851,0.9995517444583253,0.9019636138741816,2.0
-296.5713157965199,79.9492612481556,6.521793793188495,0.9997079377784921,0.9129080304287369,2.0
-233.7697855392285,193.83876343050972,5.780018646551652,0.9991043592908341,0.8718633460580659,2.0
-32.9891497177997,-322.16080227949027,6.163614559751725,0.999016146338206,0.8738291444051731,2.0
-308.0640357121724,66.88466062139209,5.3978875059644205,0.9995254628697865,0.9138287974359687,2.0
-315.63973002796826,-66.98013766176443,5.841883949342208,0.9985710096643969,0.8556703436257044,2.0
-274.20038051352725,-2.065180845386008,5.266809532708558,0.9992732668625748,0.9012494442570727,2.0
151.41836771288874,402.05186203209706,5.420188911810251,0.9994113695089332,0.8975736379602682,2.0
243.32960892611558,303.48699684141155,3.812150154658349,0.9993264731142414,0.9041211888899142,2.0
-159.0839791942228,70.13147054842901,4.940807356669246,0.9992743101842024,0.9022465929486992,2.0
199.76214669866812,399.63566021775796,4.482360799341458,0.9987828211304575,0.8343708601731652,2.0
391.0371010367323,88.91539668226089,5.779595671927821,0.9994017413100773,0.8883953768259009,2.0
53.30273134801161,490.0264388736665,5.761389379177784,0.9991428161928717,0.8732717482269172,2.0
-182.18988855156294,191.7698042767051,5.382497082398023,0.9989973857530505,0.8661346864341158,2.0
376.7248441029934,-214.40129097153257,6.419159172874175,0.9989834842745763,0.8658548353883297,2.0
-62.96262645464706,365.61888857941454,5.625547520265393,0.9983546846890182,0.8246005107835253,2.0
42.89909819960548,-370.90945701591056,5.367232707886915,0.9981129386536078,0.812717805452595,2.0
-195.23632023988236,229.80697719118075,4.579399354624551,0.9996527335874854,0.8971945438720323,2.0
342.99224722817195,-273.56743210601655,6.695628593824859,0.9993250616775623,0.8823119301193317,2.0
351.5015113217668,120.97265831839391,6.81921571771966,0.9992403280834248,0.848497460062945,2.0
217.2812423529024,-205.5343707950233,4.809377308069572,0.9992481271008218,0.8865910577031276,2.0
147.6656042151275,-330.1225234241547,4.813122009029514,0.9991981957830908,0.8761377573280432,2.0
371.32142541918034,123.99703244661907,5.349000846324753,0.9986474694552544,0.829283081600012,2.0
-303.5099204713831,191.42696090136215,4.633161558947956,0.9991444525935043,0.8947562948990191,2.0
416.1318296086639,-33.768148004868245,5.704617338074935,0.999204068009589,0.8987127294507359,2.0
26.446126633032506,302.3570314035697,7.060219151651844,0.9992403812394418,0.8802719955474704,2.0
158.9847105223322,-318.73579446242013,5.886614546700847,0.9995150634225168,0.9136487204215126,2.0
202.2969283644332,-251.84027107701456,5.1433973588844735,0.9998077492806754,0.9230272113524699,2.0
287.8579650544592,-52.21787083859872,4.689275702697322,0.9994268323674713,0.8905386008651147,2.0
372.37134930756787,134.6999191272708,5.449303214678856,0.9995646264024289,0.916011688864704,2.0
387.5292725842316,-107.32634621418832,4.8773335904432775,0.9996151540058076,0.9074206739095999,2.0
-203.55007838170582,233.96312720605738,4.724939048289507,0.9996792213417262,0.896765007996423,2.0
351.5415303785499,131.93670265279428,4.157095987535008,0.9996951688107287,0.9155673121450874,2.0
128.1085866548358,-295.1496202134783,4.946466385376724,0.999162481879316,0.8976437301633724,2.0
-234.93071155053292,-271.2061557168582,5.567273436206503,0.9996332012631588,0.9218535705768269,2.0
15.605355707437884,307.2560957435163,4.87770813207813,0.9988327659489733,0.8590743583530553,2.0
380.7331805987797,92.31549288951761,5.1206520405889355,0.9993940775104952,0.9066067202113851,2.0
361.7790426314875,92.61929140105173,4.096102254796154,0.9987117700315755,0.8810589088447834,2.0
238.79012487512856,344.4061922369639,6.596003159695487,0.9994791109678526,0.877246611410633,2.0
333.3852815345944,-142.360638512469,4.290980669188357,0.9991028889168663,0.8934575067778296,2.0
-150.04263666321316,127.19529615928865,5.5615075085997105,0.9992772660112106,0.9084701750760369,2.0
341.56752855013383,-141.75493142715746,3.9605925387728034,0.9983957619677319,0.843531320477264,2.0
-285.2808389074522,84.85890789393441,5.831098625050064,0.9991966509187457,0.875799037844568,2.0
365.7351282831539,181.62280049905732,6.752020596916877,0.9995290856286548,0.8973264688670729,2.0
14.112408785838348,358.96307593884825,6.410151609666021,0.9997618539942952,0.9316619135281718,2.0
233.0229872322612,353.62712613195964,4.337881156376814,0.998336951600961,0.8691136702180674,2.0
-331.44937643160534,-187.11277850301852,5.144236170348311,0.9995278776262617,0.91370012846485,2.0
-294.9599234289601,218.14168748429464,5.564428476976227,0.9991714160117741,0.8562681798693395,2.0
413.6573516960287,-4.116768746617651,5.240307389316235,0.9985876435130643,0.8083302187800642,2.0
354.7888839828736,-51.116976795213525,6.411128431321501,0.9986963677820755,0.8105038436456725,2.0
-230.91591857227056,223.8358656629655,4.929995030934922,0.9997571563239678,0.9313585551794116,2.0
391.17129908771904,77.86151748477198,5.322633677355935,0.9985783768970695,0.8258251203785892,2.0
276.07128317125915,-105.39176685141652,5.886881479766537,0.999532637069439,0.9149859385908816,2.0
-247.01422652695587,207.7197303110932,5.017361788868521,0.998643963246247,0.8300828041877291,2.0
205.14420378475944,420.80512335626406,6.353491777108307,0.9996157632677176,0.903833270057974,2.0
-299.46370565051427,199.959737211865,4.8646289348683585,0.9993196717989364,0.9027525792180833,2.0
-58.23943066382202,354.25883300491193,6.451687278725039,0.9998386896088748,0.9295356143527969,2.0
-34.56763992662037,62.802678476737576,5.086780899498917,0.9987411440974917,0.8609343004978234,2.0
-327.5423138817085,-177.3613772970491,5.404035800211668,0.999054851650323,0.8482868037767609,2.0
394.9485223743866,-115.3600070220047,4.851239519883535,0.999045819039436,0.8682624763957874,2.0
355.8363840587536,-245.30835505237076,5.246845344975086,0.9991689749162482,0.8749039267300676,2.0
271.88143631944325,356.25222640122075,6.828227140029369,0.9996721564241048,0.9097141548122122,2.0
351.10494400860057,185.77977513592876,5.014537544838662,0.9986707545511185,0.8538601443801488,2.0
-183.9308604178071,254.66811533653552,4.9881424182365475,0.9990849975871314,0.8781600555202193,2.0
211.5402232713042,383.17903577370396,5.2520881037575835,0.9993334421158845,0.8832266880866381,2.0
348.0526498611216,196.57470197209784,5.618875583330233,0.9996142151535093,0.9025535354452675,2.0
388.8634042835987,-48.29552633960454,5.168417414352136,0.9995314510872516,0.9017962808301189,2.0
-279.8763260437614,-264.7734401321044,5.435079513678847,0.999545922172681,0.8989384051079754,2.0
71.66378641281162,471.332217913351,6.708745504791002,0.9996669600857955,0.9277854355757892,2.0
348.69918187221697,-61.1944154494293,5.463728410050723,0.9988265061350057,0.8700352130064426,2.0
-24.841171321637848,-333.5261060423349,6.319597876143335,0.9983571129686798,0.8428894718456826,2.0
347.5095891205281,-263.42944034028807,4.470973892854837,0.9986642884703935,0.8348189677250887,2.0
17.432180355014516,414.9752904249731,5.506596309008955,0.9987003296239073,0.879729739264861,2.0
-296.10330330438893,-19.586885521126433,5.132204566267829,0.9991912837125315,0.8993202840321031,2.0
-113.54582430450706,-93.6578616051653,5.206932034416576,0.9990640752186338,0.8688503374312563,2.0
-244.89020718336582,-269.66858452178303,4.557422005767841,0.9989992171907894,0.8659848311885407,2.0
-302.50992638300465,-200.21215625349674,5.7156628335699855,0.9993289421804282,0.8858492341368799,2.0
-315.739438715549,-54.493497104870585,6.7309105329075,0.9993210908305268,0.902830314331174,2.0
-319.35829185778886,94.86328844092021,4.745909413505383,0.9992400626147276,0.8664652975817327,2.0
-151.5539601753923,212.03434600274818,5.26684207924726,0.9995207810653007,0.8959992954619109,2.0
21.837392524005363,-364.65603495785075,5.5594800773922275,0.9995145155052885,0.8968045795757438,2.0
-134.2051370723622,-86.89541339461866,4.659173974081891,0.9985736829042543,0.8312930523868481,2.0
-306.3169113148065,-243.33298178549336,6.771941689372696,0.9991215255881536,0.8732925838326955,2.0
272.6543319222973,370.3151878758705,7.306147024605012,0.9991264424700809,0.833471798667248,2.0
73.36416573448057,-303.4031563215792,6.187394164093014,0.9989636415462398,0.8476019296367144,2.0
24.74330995834397,448.6158022672823,6.1547125038573,0.9992258333643342,0.878753779053118,2.0
343.1481955540525,-202.85226049953724,4.674866512602325,0.9984243798446473,0.8477322859129028,2.0
-284.88777643743805,227.34491419543448,5.011465720493266,0.9997078871480128,0.926717415085464,2.0
-56.15516429675647,373.9688965655424,5.194115608383225,0.9992458995589409,0.8780009814110746,2.0
-19.056754081012468,341.0408097371295,6.261293379092126,0.999733339148023,0.928634857593704,2.0
236.61834547235878,-243.10825785687334,5.438464354286702,0.9997304234283343,0.9294109035170283,2.0
341.43995952967254,-150.77951190996535,5.11777005153623,0.9994127978388461,0.9089300961401726,2.0
62.74842799804762,-301.10157129337694,4.738409701103308,0.9989198713855614,0.8637521060956693,2.0
217.600046744294,371.53483001063927,6.820904467554143,0.999739521027686,0.9292823984209441,2.0
416.7728412805684,-22.919428959007732,5.2372046274609065,0.999024786272551,0.8703095088503384,2.0
370.22060268207184,99.74609423133425,7.016342824107244,0.9992564994883282,0.8601720612929251,2.0
145.11492287856092,410.75712823319407,5.3775554203609195,0.9994220318214446,0.8848856655823202,2.0
56.99214115426897,451.59940880695416,5.700198437796891,0.9992570038402673,0.8628547320245973,2.0
27.12695248341006,460.38174429689974,5.712980355751756,0.9993419741864538,0.8839490535497803,2.0
272.7657013417109,214.7127741553272,4.949322231556956,0.9984832639520411,0.8785273630030428,2.0
-199.16171698456003,182.40996109618325,4.765901498144956,0.9993197424926741,0.9108762017719558,2.0
107.7685308959388,-308.46991651635466,6.014315812454239,0.9993161989467094,0.903477801483574,2.0
361.0533752511505,-60.26947664711005,4.76125919729173,0.9985963608231357,0.8763135274767704,2.0
242.58686114385665,230.58910906529331,5.871297740997903,0.9992117980292293,0.898044693475866,2.0
-214.4714114881548,225.96596369462873,5.049106424352096,0.999361258432518,0.8898531690283414,2.0
-235.30517532524206,206.28497699950634,6.818096167093832,0.99956277299018,0.8831485125998091,2.0
-273.19274586608753,86.74686977703614,6.4568491033470945,0.9991958899132922,0.877265171621007,2.0
67.94960193054662,448.65101242494006,5.692164204263376,0.9993685619071417,0.8847417562730117,2.0
-271.9017133740686,-276.07418964597133,5.382868741610447,0.9985704968692732,0.8780085592492882,2.0
115.93245662827167,405.29193524795414,5.463379620553042,0.9989666407818341,0.867236877482351,2.0
-75.72024756599258,383.9950599764451,5.530882087693839,0.9981387063682234,0.788522637880737,2.0
403.44010873855535,-3.5705292273870186,5.041346126356166,0.9994198291510252,0.8902051237844149,2.0
336.5541601990843,196.9323530712753,5.81818783454185,0.9995764927230749,0.9173900851523465,2.0
346.42196584623196,-225.1393418045353,6.118829824351918,0.9995979176199162,0.919646604800596,2.0
28.528476455092385,-356.1832787780091,5.256407694215159,0.9988107659467761,0.8508877706103457,2.0
23.59831773431955,316.3192007385442,7.260153494748415,0.9993031615526593,0.8649330779557889,2.0
210.22970139312858,-262.42653199130604,4.577452933505061,0.999110019971437,0.8771941684151199,2.0
410.17584060268314,-102.05837697854953,6.325236359445707,0.9990945608612963,0.853834410869281,2.0
-210.48253551031164,216.7335364002217,5.049106424352096,0.9995446256896152,0.9151555758713235,2.0
49.990044125419054,501.87854742874003,6.612838169573784,0.999099005106409,0.8520993910163078,2.0
387.84728076102846,-37.86996042303399,5.345348203854227,0.9985784880386657,0.8274946564537871,2.0
318.5821341423668,-269.3235072645333,4.428544281360503,0.9987763823301226,0.8666177425878977,2.0
-284.96801694980456,-254.7031492516343,5.245071074156592,0.9992409280311336,0.8795427433861873,2.0
-279.6644027182648,-246.2737228463343,4.3004422678228105,0.9997023621390009,0.9290059296272356,2.0
-53.55202209962218,-370.34911662968057,6.203694054163083,0.9968089587735924,0.8374322609682365,2.0
382.09184193268464,102.58247601851443,5.275189222091911,0.9986791522311784,0.8571582691095461,2.0
-184.7666535362639,265.35585858492186,5.758189350989478,0.9997744127870465,0.9193073074421119,2.0
-133.74591980237378,2.5827251953766255,5.0114408023975034,0.9987020287239193,0.8563742883955148,2.0
-266.35490336853314,75.96918743536726,6.156547987217848,0.9992653210202838,0.9000069286211302,2.0
358.7312797988514,193.1079396155741,5.643697501757391,0.9990197261160503,0.8698242260081922,2.0
113.79161180949832,416.6904482184623,6.202670517871137,0.9989363451217648,0.8438945423497811,2.0
-284.84682156716474,-14.851065600643258,6.2163434659152905,0.9991016239525993,0.8930768585423282,2.0
398.19870508318246,-104.97916439759217,6.081032380142269,0.9991987265622663,0.8606237280988334,2.0
-324.15750106698334,-226.33184656337187,7.119357289327255,0.9991160673932432,0.8405709298208955,2.0
-297.0361572677813,-253.29318074306718,6.934553729462043,0.9993798732571122,0.8938705026799688,2.0
-213.78175278642436,236.9218068397,5.941535965433844,0.9997142463842903,0.9176104297381849,2.0
-253.3928635423384,-263.91383243417647,4.845188713359543,0.9993659065415802,0.9123329275370161,2.0
-204.95043240591684,224.77860156709244,4.59310552884895,0.9994189730948898,0.9089534963922195,2.0
-85.60546559850691,379.659609650912,5.353037463482469,0.9981698085326612,0.7874136701663238,2.0
-170.62262897464555,-98.24728394665077,5.016388218994588,0.9991245182486513,0.8767309611084038,2.0
-306.9336431526584,233.38613000875938,5.60380034650052,0.9991257286814543,0.871824747929991,2.0
118.92270516821088,-311.28757188763234,5.56561201278596,0.9983636382239341,0.8178382919541748,2.0
-218.35181448148916,210.02784545609538,5.321326389117007,0.9995783412309619,0.8997638444192538,2.0
-234.7039575952978,-260.7628157634764,4.842791539466155,0.9992920278732073,0.9018295325490626,2.0
-223.28251179320495,231.13304552277592,5.224001231124865,0.9993031618582905,0.9023992688284694,2.0
171.9364209176162,294.9983682499255,5.059727305336714,0.9995626213958372,0.9033484545656579,2.0
-112.18717967275491,279.52501104903314,5.9385960309067345,0.999537135576047,0.9169180673617243,2.0
-291.013458167653,166.4244375952732,6.067375134354995,0.9989899143726697,0.8439026275206059,2.0
-326.92297273600235,-67.9789941631756,5.515748887526661,0.9986699057064777,0.8367136312474494,2.0
33.39073991929155,220.1522983067245,4.758312015504538,0.9989483140514668,0.8646424923159238,2.0
21.63592054017064,328.3751495462212,4.997580003447457,0.9982671092596089,0.8709766522537506,2.0
293.62767274220886,-22.17856813395212,5.1464953158338576,0.9986780382591516,0.8298940527857406,2.0
402.8227743067733,16.751663498353675,4.589181948270577,0.9990952769608507,0.8743692317896434,2.0
295.65714468324245,-11.502988510632989,5.77905796270473,0.9992986289334994,0.8934233103203504,2.0
259.5105223381692,375.8306117676695,7.0129528934529946,0.9992353632678451,0.8658484834720738,2.0
396.3972859457065,-31.98935189708363,5.094600720940089,0.9989317757749351,0.8451720042736985,2.0
389.7681595283763,226.43032632677946,5.7801523618449036,0.9989119563288468,0.864645414894153,2.0
-271.88460949278556,216.01424624719778,4.293823117548491,0.9986428263805256,0.8519409140163975,2.0
-62.7188167187824,293.301419980934,4.858022223722919,0.9991323467341956,0.8953858848239514,2.0
-36.38869121400482,-333.02697920226524,5.314903390707542,0.9983876112796701,0.8444728125095595,2.0
354.9831172087083,-89.52213028085421,5.540266594769174,0.9991625019938747,0.8816493302954385,2.0
388.3791612391644,-158.58521131389122,7.254076105903409,0.9993104186713452,0.866304992116143,2.0
234.99989319099691,-273.7718836518469,5.3823419165855055,0.999601258497392,0.9185493530201726,2.0
78.33448504369927,448.16825787369606,4.756736559501353,0.9992238306866082,0.8981472547971557,2.0
-82.6288971052605,-385.13992107703865,6.057272415486179,0.9986720817820787,0.8353259693627989,2.0
401.46912237145136,27.164072453420136,5.962009619534692,0.9993117039426133,0.9032067473849739,2.0
401.1175563240144,82.99098143264045,5.941712849017134,0.9991965024899621,0.8608710498224409,2.0
-253.5549577103074,-273.7919009257924,5.093442653396075,0.9989883088888658,0.8652608415920311,2.0
343.30534045895246,178.73437243810625,5.550435258376124,0.9992578899040733,0.8638337163550953,2.0
403.6202702602909,-94.50411942599364,3.707727250576422,0.9994126904318846,0.907354310496911,2.0
3.456023807285671,366.5215223661577,6.6940616490918465,0.9994169166604163,0.8898357357555063,2.0
-269.5868287721149,207.0379581459509,5.020090914347883,0.9992012076467487,0.8774108443280636,2.0
-15.41677835261269,-356.74943496793645,6.1503488981017504,0.9991955134932514,0.8975657810029672,2.0
-22.584560213650345,355.12396931367033,5.480537281280148,0.9982408125653618,0.841105194102344,2.0
353.9104841939455,-234.51011796678694,5.558412695368441,0.9993417844528142,0.9050129103898046,2.0
-258.23162461489386,205.1802434428979,6.524475721752889,0.9995958345756849,0.9016417356499379,2.0
-90.24097583164063,-358.93103129739706,6.902072495864472,0.9981835320731304,0.842615046409122,2.0
-121.5897291215131,-346.2095163833276,6.310092873105657,0.9992135661886133,0.8791913049538774,2.0
361.2845376802293,129.16264026654045,6.0043855189236215,0.9992842361558606,0.8831302063616231,2.0
-210.68308746081775,201.19244846172896,6.415387774797326,0.99976001593813,0.9314878169414503,2.0
245.59419576633883,331.96290405023717,4.893194931418896,0.9995541381104388,0.9021236353632134,2.0
185.62856379027946,-280.0342465809995,5.921640547616056,0.9993985253580334,0.8717794644275237,2.0
-123.88509591174865,281.1373783028113,5.897643500044113,0.999421710091602,0.8731683588620903,2.0
375.6037655810398,175.02492714386202,5.165696339228755,0.9991389530209885,0.8722867023306315,2.0
329.7467610612479,-39.53772793227826,6.402743837352498,0.9992392872546587,0.8914437582952819,2.0
59.40830328536895,312.4450041014319,4.636571470636388,0.9946709527548836,0.8123554834515199,2.0
93.38646556358798,478.07204277674543,7.277055744511545,0.9992841424810565,0.8479025991918182,2.0
331.7409302057348,-271.0138156902489,4.9137325506280405,0.99873514511218,0.8566940515465694,2.0
-175.7469587249233,270.9835203714903,4.892305464605315,0.9990346966596497,0.8723337945695909,2.0
-79.23887874895848,334.91187155887894,5.3475543831835095,0.9987082248475553,0.8796078345482998,2.0
363.28740268601683,140.08334619579523,5.15582110889484,0.9991090037388393,0.8526759898007387,2.0
-269.22982029393694,-265.81399923838455,5.30374645052592,0.9988004997251634,0.8598057635493022,2.0
203.86298732583631,-72.83304108367285,6.196269630107492,0.999032731056601,0.8908010270468267,2.0
-35.881381148226836,371.8190450763415,5.861336720193405,0.9983078662446331,0.8202929393284699,2.0
412.8360664596958,98.54067802375639,4.90632441952624,0.9988358375686036,0.8392809167217392,2.0
-201.00794118556936,-324.9662053801126,6.345216828950984,0.9992408813021735,0.8797371644774062,2.0
391.21259068186606,-21.051363971944873,7.0545726823397255,0.9997614558422138,0.9312221286082606,2.0
289.214733744549,-207.99791634439254,4.253994456398646,0.9988854498102868,0.8701896031955968,2.0
328.1088113834077,-68.38710034751564,4.727023677373784,0.9989179495606787,0.8867425360930269,2.0
-218.3109175612848,104.70753847088201,4.387813020328675,0.9988526923974769,0.8408622937560881,2.0
171.1591533973342,-345.589496045721,5.532487057915812,0.9994259704684266,0.908211975728526,2.0
-317.70541257875936,224.41944204651904,6.314395951362771,0.999654814059693,0.9091895166096534,2.0
-328.31461525952176,-84.56574931397533,6.206807985017171,0.9956080615276945,0.7703043342405967,2.0
-322.6792328416233,-196.32310034956353,5.660723657866318,0.9993158004113335,0.8930188505877922,2.0
39.40974003515102,-359.8542347754756,6.322059794831605,0.9988907618352127,0.8477413362498281,2.0
378.69321514741017,-80.81951037007936,5.207809182171641,0.998431143980494,0.8204872843460661,2.0
336.8927548239574,-260.90632305100485,6.473121860111465,0.9997156112270791,0.8984647664184634,2.0
-32.64669788644258,356.7012048998041,4.7568991735389625,0.998990700544412,0.8696945406377711,2.0
-274.8401065523943,63.83953020143371,6.555637267768815,0.99912143972533,0.8772820431358443,2.0
-258.6889395094014,26.418050798931688,5.364797090997353,0.9996825228775008,0.92522606319561,2.0
-74.6443440675273,394.91418477537593,5.508730256722315,0.9993670397589942,0.8974425580896048,2.0
-241.71496970410607,216.61456895588822,5.384293782126441,0.9994179979069527,0.8932535369904873,2.0
363.53708989275725,-238.68155137114962,4.9748387012407225,0.9987208504325078,0.8565374356401508,2.0
-301.2189609239696,-28.41447695774967,5.059578952910621,0.9997021162349266,0.9269268253530554,2.0
-147.36809988303088,-381.69863557301454,6.3119511794867815,0.9985131857177582,0.86131379136126,2.0
-245.45113913583896,-291.0325696211932,4.956647806849146,0.9991941016556081,0.8606914355015293,2.0
-281.04082858488084,-284.45819086875446,7.130656736665052,0.9987719155366552,0.8402232067437853,2.0
-335.6327480917078,-205.02734951281468,5.2299387348005295,0.9996284926853365,0.9068449716988491,2.0
122.69330260438807,-321.14404275042324,5.049806759269924,0.9993059713703094,0.9100032102127932,2.0
-268.9889700383918,52.26326920965709,6.437636031391994,0.9993208715678118,0.8895182564953047,2.0
151.96860434921823,417.1070731634935,3.992911566585961,0.9993521170248524,0.9046475394383414,2.0
261.7973048130887,363.4584461158571,5.599566944543096,0.9990999026953168,0.8524318459970405,2.0
170.31516413849036,406.8135178376993,4.84351127738204,0.9996473998830007,0.9240908046625101,2.0
140.82906655926965,401.09512616210566,5.217950109302696,0.9996633749833815,0.9137481767396344,2.0
334.38792738561045,-282.42308165268224,5.7084538626591685,0.9989611794273852,0.8675245055209744,2.0
-174.65969465788447,281.1955177086242,5.306825807270267,0.9993743551391612,0.8858699961206234,2.0
-260.6724032490494,-233.55794977500776,5.793958321192752,0.9990111971135138,0.8465369283465607,2.0
-268.01328532961514,-287.64243448115303,6.323133683107279,0.9994464642731367,0.9104743678500661,2.0
333.71416438596293,-51.8471442103456,6.6207801590550215,0.9991005412087196,0.8548775261670127,2.0
120.05121586300191,426.3696158924429,5.41865856999946,0.9980424837916239,0.8127280917394367,2.0
-261.8783095625995,-257.9549068613858,5.535127186738148,0.9989760978489438,0.8751883890434335,2.0
-229.06763567838425,-296.10330963412594,4.885189440114087,0.9988917986546824,0.8628359155330645,2.0
-99.25941751890038,-376.75528794592736,5.297730121515841,0.9993119343594176,0.862821055204233,2.0
-127.75258864395879,314.77770621467016,6.121729995056003,0.9995621317552044,0.9059093590827136,2.0
323.7517501748077,-278.1175567976186,5.843049303557082,0.9988077918432187,0.8365037756196871,2.0
196.63266191079808,429.2726746050865,5.707077074363054,0.998695924442867,0.834765928552944,2.0
125.85689221061132,405.8301264990842,4.523595657564266,0.9984074298846891,0.8728640768520912,2.0
-73.9189029056408,405.67206468289766,5.341604278877696,0.9989893901931561,0.8658848956795253,2.0
374.59227315732335,-241.8815524093323,6.612839922937848,0.9989922051266868,0.8684497237895319,2.0
27.36208144674809,-387.18730834376254,6.331090095516427,0.9997535490211789,0.9235315105212379,2.0
161.65118169889865,402.2696981861651,4.860937295390172,0.9991384985579863,0.8724582271270939,2.0
405.13706423260334,-24.406317463294926,6.53932807940541,0.9996147168019301,0.9196244021106784,2.0
260.3257982215284,352.93330772800294,5.0770904808330375,0.9995616263328397,0.9168389659141211,2.0
401.55705100811593,95.68389041387383,6.784327429305686,0.9993519056537999,0.8681048398926086,2.0
-308.5956898226673,-35.62397402118549,5.285357627020498,0.9985798240308873,0.8285504326522762,2.0
-98.0636682010614,394.8447373776952,5.4724524434443875,0.9995227101859454,0.9169656351519241,2.0
219.86734867145944,-279.5748962970488,5.441810498635407,0.9990560913909545,0.8695302233202515,2.0
90.44675476388488,432.9475955348284,6.164671614886603,0.9993507084838895,0.8652317370849817,2.0
16.02663083668557,456.9208948883462,5.959279551271555,0.9988908802885971,0.8218261473073047,2.0
-275.98854802077364,12.125437426564533,5.310470594769992,0.9994752295056617,0.8859694869236397,2.0
-317.48730406782516,-0.6302807059394124,6.504963402718613,0.9996718281145232,0.92394415698565,2.0
336.27061674764434,-73.85044979474452,5.171229073609405,0.9979392978114658,0.8308383449173004,2.0
-152.119864680711,-370.92349820590886,5.504667644165409,0.999232252592833,0.8780539282287918,2.0
389.9262025737849,-60.5391248709806,7.169559493082,0.999472138343352,0.8776528336406619,2.0
-325.59771402340465,-206.41913345180848,4.915378226682683,0.9991471285113181,0.8814913683946404,2.0
-170.5451584495143,-336.3320154013923,5.602854948472177,0.9992843746773653,0.9063993466227672,2.0
94.37915557126338,-310.56467469806046,5.40726261363591,0.9993949880991649,0.8931023222002986,2.0
-294.6537950941404,-9.640417876059821,4.977541024241071,0.9981022851232076,0.8385429378909762,2.0
-253.8159582065085,-284.5199851004697,5.693787581597127,0.9994362901394261,0.8897348328885247,2.0
105.17913937714798,-330.2639521771192,7.337845649841267,0.9988974544122594,0.8400914040755486,2.0
-115.0619970818574,-325.74533466704577,5.507545058644889,0.9988251538236941,0.8848148350648279,2.0
-152.76554463553717,-343.7193014552334,7.102038071519077,0.998820919216587,0.863963554945301,2.0
-239.28921454658698,64.50251425001963,6.091131756508332,0.9988371910667238,0.8603551566206085,2.0
350.12593099030244,-80.13754951524378,5.082527963230533,0.9990310214118308,0.8676262449385775,2.0
-311.40610993285827,-25.106486009202893,5.67122144120704,0.9989396035180137,0.8256214477580514,2.0
-266.92614740690686,41.04757640035422,5.007251228921588,0.9996345108949007,0.9218822007225859,2.0
-240.13622298888137,226.51595989526663,4.696467402275298,0.998963766630985,0.8676921747181604,2.0
-352.41024022081774,-67.14771816113382,6.43332029501396,0.9997237474081504,0.9314475972442157,2.0
402.339284217906,-128.7741618189506,4.093409869471797,0.998987562721094,0.8676313064873717,2.0
-157.55042271092688,182.56828404972876,4.5194144227928055,0.9987349465607254,0.8548666651255291,2.0
404.2247365152776,-51.50480280393514,6.150840688427589,0.9994227244061462,0.9082852172388326,2.0
-29.830240749384057,346.5167438256783,5.857729139657326,0.9986000218669074,0.8315097263845076,2.0
-41.767349783695984,361.8637368648248,5.790999742069468,0.9985889157967719,0.8502672139416423,2.0
-43.22058282576111,389.84719653362237,4.413034403139184,0.9986201915949271,0.8575868282734234,2.0
291.29905739622166,252.92784108441975,5.606068576168874,0.9995232457581844,0.9151581693155402,2.0
-91.00441191401954,-370.71979943910463,4.967640113921738,0.9994319756150993,0.9108127251409064,2.0
9.984407490487726,-360.4175002965225,5.181619557320518,0.9989686514679302,0.8676558304299962,2.0
25.292442271191867,361.3747594216976,5.058414091509971,0.9988805518391095,0.841399447079679,2.0
295.19680736912693,264.24659507787226,6.421555794729061,0.9994457778821357,0.8732144225215098,2.0
320.41623170055834,-49.11075818460408,6.9824597487258275,0.999658027121285,0.8948452230211335,2.0
32.025628927672685,-369.27741247866624,5.670990434400054,0.9995655042478936,0.8996030286284964,2.0
-262.55096678132014,34.08406268495462,3.2516786697729176,0.9979642792409896,0.833095819251083,2.0
-286.29068894930083,-273.3079382923036,5.26096874478306,0.9993303548023271,0.89928921178857,2.0
-319.7810423160143,84.4759704961611,5.662362160612549,0.9991479820780679,0.8614765834817677,2.0
-249.0607397222154,58.483944661502164,5.325346653663254,0.9994328583945282,0.9189324956658192,2.0
174.3845765401118,445.108386079771,7.392928253421029,0.9998269105305707,0.9255790048552209,2.0
-307.18003160191586,31.15947798090269,8.131628256739438,0.9992693150780957,0.8428622228054529,2.0
264.29314206341473,329.4718612072551,5.482068795397931,0.9994959815418126,0.893265726437897,2.0
409.71671588704777,37.26656441799435,7.148683032386466,0.9988936874537313,0.8410579944654697,2.0
408.92806875638513,116.89147542001878,5.796336889993848,0.9991717768954247,0.8574495454175569,2.0
363.1861578266521,116.5938474616246,5.707631252438884,0.999452830334379,0.9094106493996857,2.0
-183.5812439409053,-329.3120645020849,6.863229316400892,0.9997378160661947,0.91535434382625,2.0
-153.14496844044945,-361.04948672008885,4.467716661215552,0.999121806885587,0.89395514033136,2.0
361.276569543216,-79.75572776255378,6.120371701509603,0.9992936236355916,0.8681836046059407,2.0
-305.99560361663134,-210.18096857679978,4.9066066411123845,0.9991492811683783,0.8986136998117398,2.0
-244.29699154833986,-260.36769023227924,4.810159444019552,0.9992379606783675,0.8991579668053574,2.0
-239.46127276462633,52.44235675726752,6.072540423480569,0.9987254962278661,0.8458983824063927,2.0
-251.9717038708556,-254.01913646443592,5.211190763909095,0.9983315579662935,0.8178458273937064,2.0
376.5434224203819,-254.5930437360631,6.309327773829161,0.9992567855367384,0.860668191189129,2.0
-262.1460218759854,-278.37025733952345,4.704089163457536,0.9987333003188117,0.8553430396346183,2.0
372.4243847638906,-177.38069032593222,3.34782950029383,0.9992398156033879,0.8990338155422593,2.0
318.8361871194398,-37.60832612372771,4.658021130102248,0.9997150165969755,0.9284593493760176,2.0
387.4069917907346,177.11651789418414,6.867618834223571,0.9995205165726281,0.8809819898661997,2.0
-326.2274939387885,154.61346011659674,4.98662378331773,0.9990940541744768,0.8704421387227151,2.0
-231.88331173118394,-315.89949719670454,5.733088735409277,0.9996097909257081,0.9192554111375809,2.0
318.5301198514602,-69.45197817719998,4.971477834855988,0.9991933383920217,0.8836837605547719,2.0
-332.4441645206432,-196.27696778659137,4.122258073360497,0.9993769680291119,0.9084067185891431,2.0
126.03624173288324,448.60682143475424,5.756872911085307,0.9994929031642756,0.9325448695966551,2.0
267.2896499868928,345.1290958609238,5.229466507022105,0.9997214184586642,0.9123438945735127,2.0
19.04355338624991,467.5500775850728,5.13213892173848,0.9993300220984761,0.882654901775624,2.0
-239.5708461937892,-323.6742040096356,5.237012166996121,0.9992942195680813,0.881522835866133,2.0
-146.39117062583333,-394.9545870738011,6.52674434703559,0.998421497642126,0.8441434391116814,2.0
12.036342992990175,445.52122376305226,6.182133215938737,0.9995055023720533,0.9134502347721398,2.0
362.9762843942995,-228.28328218388913,5.4955309297057,0.9987941308711267,0.8363834456492184,2.0
-339.02502860627504,-63.98335742021586,7.304115155454914,0.9989932739881737,0.8366341927381419,2.0
99.25732043291293,-300.8487979499685,5.484891835830967,0.9988222130345583,0.842785093873442,2.0
-84.1885562375357,-395.64807504054795,4.618288854310603,0.9987872289167488,0.858878328849741,2.0
-252.72308229915538,216.6364904544467,5.636363166381054,0.9992309797555415,0.8852164642047758,2.0
13.777678806175727,-381.80002577495054,5.30664245626032,0.9985907051837651,0.8568076488150581,2.0
-319.00923025194624,148.4186196118371,4.582431174880631,0.9987873943878128,0.8362372376517454,2.0
366.70405834109147,-218.90582727467282,4.6396773737000405,0.998957500919828,0.8891327208129195,2.0
-308.6503556038778,-109.7232867399233,5.076921849358999,0.99842901853676,0.8444859335516687,2.0
251.8301853574212,385.4274304575054,5.301700771338391,0.9996101006826021,0.9034743435458117,2.0
101.69824101736138,434.4684818925984,5.232988198753136,0.9991734881211731,0.8555158850123095,2.0
267.08040922074287,275.2125371731691,5.5620273887952205,0.9994685662952959,0.892492400016276,2.0
76.26704075752149,435.87486705202974,7.139894095274607,0.9997231326635548,0.9183335831636878,2.0
375.08454156295915,71.97424013759102,5.389516253191496,0.9995669775233211,0.9015127173738473,2.0
324.1684711606008,-288.8313448629941,4.923554391259964,0.9993018767226607,0.8811760633947618,2.0
-281.15599168843545,53.42066950811741,5.706073214348533,0.9992295567845264,0.8810827146244117,2.0
-43.32398851642562,-317.95875254097166,5.013760303054706,0.9994512613423471,0.9127213753657061,2.0
-25.823454890767206,377.14602293176233,5.556575889554695,0.9996339975000443,0.9207901854078208,2.0
-319.13377414229217,-33.225521170150984,5.586478663198531,0.9990159687298822,0.8669641136994078,2.0
397.4677531619798,-42.32207120228908,5.3211757708388525,0.9991031861566002,0.8599425606183638,2.0
-297.5349185441297,-272.5471737393694,6.0134351484340804,0.9994411301930559,0.8831726539214745,2.0
-305.75000464434953,221.9787142999115,5.913324721214912,0.9995580088703255,0.9001384992955132,2.0
12.52280879137612,-370.9377934146328,5.718664067371643,0.9991493584689153,0.8970491121827681,2.0
-173.2034556485744,-371.0361509331429,7.072173127233211,0.9989482320670403,0.8885211288854217,2.0
-249.7842121465528,-235.90471212023246,5.3839227006182995,0.9989773726735066,0.8506529861624895,2.0
138.196235290215,420.0457095466393,6.261139290048576,0.9991116025748102,0.8569200264304019,2.0
-225.7955761884847,-286.36729877244676,5.4419493121305225,0.999059362946089,0.8304238442449081,2.0
-258.3665089340241,-301.53021539245765,4.876265106005033,0.9992716897869831,0.8893242263850994,2.0
-84.17080775313387,412.0758222544125,4.561596131911499,0.9986829352849972,0.8560765606820381,2.0
304.9984766541187,355.44675247592414,5.712362313974925,0.9995357054934839,0.9141737056124672,2.0
-276.57881917811665,43.73502296213205,5.040911094307552,0.9990555045017013,0.852465263662736,2.0
-331.2262602278463,171.0238464873299,4.687260371944753,0.9989354026167636,0.8928048585409117,2.0
-139.30722146231565,183.18406884185293,5.937721987937227,0.9989792661112213,0.8448160617831587,2.0
-264.35756559542085,-114.44597631157677,3.9494994881134535,0.9993316429884271,0.9105484669324958,2.0
10.124643645560948,316.9061831653193,6.272969553237691,0.9994940439690065,0.9120836791579571,2.0
2.4048817110910425,-367.1146158826928,4.974791397284564,0.9995047947288279,0.9126368666068283,2.0
172.80204015337782,39.83254271758351,5.014025800609697,0.9989567846314477,0.8901846195354007,2.0
-263.66712967026086,226.73907929827374,6.72276759841841,0.9997543938966964,0.9164993694313855,2.0
-319.6246797007367,-214.77173281011568,5.384371933149113,0.9990671568910255,0.8969155398139698,2.0
132.77553069556794,366.2480086817122,5.313289104100831,0.9972984830070784,0.8469656421353604,2.0
-70.00795382629299,-370.1503989091315,6.222782092928526,0.9997389403801,0.9314154734646675,2.0
-269.35066223900196,-97.6478741942027,5.163429264437399,0.9996817818197207,0.9264569719334221,2.0
-353.45696011273594,-79.85390060726287,6.362007698541192,0.9992855570398036,0.8846244326177598,2.0
444.15961394620734,107.79579076102958,4.147278332908381,0.99872520695742,0.8553797793380645,2.0
-295.7718284784545,229.7994211445304,6.177942549665195,0.9994193179534082,0.8895158467952424,2.0
397.9718583643716,186.35253590048058,5.148165501342298,0.999316178468688,0.8821418409670787,2.0
-115.29250402348512,-400.9089324179571,4.572287961500158,0.9971900827536636,0.7839699550537715,2.0
-332.84347047761696,-131.28074404327066,6.1440032870946615,0.9988412280794428,0.8636329856144638,2.0
-135.37382425997254,-387.87384493953306,6.65373495194991,0.9993680329266194,0.9095163232357321,2.0
269.58802907023215,263.1585210484599,6.221973018290643,0.999808815952358,0.9238202744906927,2.0
259.9299683017733,268.02246521707445,4.614854778342002,0.999441020619179,0.8915861176767921,2.0
-84.60918795678178,390.357865137976,5.458379803278408,0.9988336716685194,0.84834014531407,2.0
31.640880775108275,483.0480397789237,5.042806003223736,0.9994706872604643,0.9113928604542411,2.0
297.9463800390827,345.6186364602015,5.649197500539743,0.9995347995965451,0.9062994291531353,2.0
275.7497988294904,-258.19146101380454,5.202262511982598,0.9996193999700399,0.9204802214033769,2.0
387.09079266397083,-236.49051521939012,7.105916384951696,0.9985688013018009,0.8297959205132095,2.0
388.9780450836019,-223.25162518169697,6.3260821210884375,0.9996251936428977,0.929784366692392,2.0
408.5637485186977,-69.73793012826494,5.671612266893128,0.9992405433089457,0.8781761818321991,2.0
-72.40253662772531,367.1532354567631,3.975255717655231,0.9990061801129805,0.8901538723379554,2.0
358.3781840953674,-288.82905979631227,6.157035767762701,0.9997244813337003,0.9278735565697956,2.0
39.69834730066878,-381.31340094586125,5.623807164025166,0.9988149453068119,0.9106505569462724,2.0
-290.562786456632,-263.6487780739284,5.35653353458306,0.9986509279369544,0.830339526797605,2.0
64.04966394903774,-312.91452040483284,7.184081237280306,0.9995860996193547,0.902357356471802,2.0
350.3728226821216,-210.06708099850712,5.596832234718554,0.9992753743364039,0.8827028678847085,2.0
-299.70880826842495,-231.33318794130471,6.973829740646413,0.9996409237475465,0.9051740748481636,2.0
-236.76888325457892,-334.0585899885923,5.556779878745035,0.9982121506969543,0.8172626815343819,2.0
-343.64961524335575,-214.66648448914935,7.343985741868831,0.9993301554516233,0.8748326483116274,2.0
-9.540459877954568,390.23849543455174,5.789517716418417,0.9997393988667411,0.930200073892694,2.0
54.61479926968172,461.448834714263,4.487277427757007,0.9985060860919088,0.822240951429741,2.0
332.8575861184397,-292.54698790902853,4.5671862160342345,0.9993937903900129,0.9063203315454045,2.0
99.15151812950018,454.49741627133005,6.563266944672589,0.9993397583674076,0.8670969272902918,2.0
383.1567420895729,-190.4136376721478,6.735589155510859,0.9994065783597397,0.8717993216256762,2.0
163.11613829687067,423.46171742467624,5.4288244054882275,0.9996773733947129,0.924409720490231,2.0
418.1886540735077,108.68752633266539,6.613933404381242,0.9996199418163099,0.8830639159047917,2.0
-287.8966581618751,238.4884705948936,5.603800346500521,0.9994050618536517,0.9068067239801719,2.0
-277.17417972537663,235.15998669278014,5.676037727356967,0.999333757153356,0.8843876584612738,2.0
86.40717348544099,-181.53384688446582,5.440632020212437,0.9985493459224346,0.8484008353838919,2.0
-312.7680247150956,-13.130506203476298,6.430811580948313,0.9994047683204444,0.8801851200265431,2.0
-270.81611018798327,-301.24919829272625,7.64061228474024,0.999163223149684,0.8571226597535182,2.0
-253.75632884682267,-294.08614846620725,3.9143922394973223,0.9993301407838788,0.8872677863853782,2.0
-324.7798532808592,-118.67626488926726,6.504978368350576,0.9988518098441257,0.8661619958875743,2.0
-86.06708158602096,369.4539748273648,4.932383493155686,0.9990626005294306,0.8950444212932888,2.0
-289.90239311012976,-29.118147025291368,6.313260083702032,0.9989738228375749,0.8474702882997517,2.0
-337.9090852123471,71.03946713567402,5.313453274259463,0.9991851743549779,0.8571326556820891,2.0
-49.143985859483635,381.9678771023962,5.482899620115229,0.9997103090999376,0.9274681286309131,2.0
-308.29757352457756,176.59089537224577,5.359191075701406,0.9992893252736005,0.8859550190298888,2.0
282.8380225823954,319.1656056879552,5.700815113674694,0.9993326506751481,0.8679843194868659,2.0
-334.46245726906704,-75.33634168211087,5.048888970155348,0.9974146848899098,0.8426445985789585,2.0
153.52834349761244,-247.1745072370225,5.500813421182744,0.9990619816721218,0.8696677662517841,2.0
-85.63664664032679,314.6946722296181,5.990708562094532,0.9993681851464463,0.9055187966276907,2.0
-345.16539654674455,-231.4938611965986,6.102742987732842,0.9992669077036191,0.9015558161979119,2.0
-336.15097159885056,150.68040506913025,5.742668819103678,0.9986947920713156,0.8217595521248423,2.0
-128.0006160729059,-337.3475944972531,4.6956002643300225,0.9985621898432349,0.8750539472082658,2.0
242.683433184662,393.4947618363494,6.4118327199407155,0.9997223302992828,0.9282744078306611,2.0
-79.54046949513923,-364.26275490631593,5.002196149675691,0.9994572020382992,0.9125379630840682,2.0
-235.80448752357384,-288.993147215673,4.953939386806687,0.9991994129759584,0.8753836097404294,2.0
-334.0370242976245,-148.1448118157786,6.0184436191490445,0.9991086696022536,0.8535069693758924,2.0
158.85029324448558,-331.1399908184424,6.449812261127556,0.9996472132745741,0.8975597282915863,2.0
-228.0637838227729,-326.8220127898458,5.832802273796157,0.9993704282326318,0.9078488545889656,2.0
377.93538131327966,186.11507235161997,6.217417182566833,0.9994950377721243,0.8956662698578264,2.0
-296.26770300592005,-292.2063636308817,6.126037800637836,0.9996243002962975,0.8924574246730905,2.0
-125.70815318547254,-397.4751811221381,6.469186477362994,0.9992971150505358,0.8932791271392578,2.0
418.61246339141053,-66.29501034383037,4.9980011147935945,0.9989191001449984,0.8651059487135931,2.0
48.18524434909063,468.3172727315715,4.9737423334042115,0.9992411669773743,0.8785378961985988,2.0
-335.900972644882,5.652439991828271,4.7255852632706095,0.9980393189873666,0.8427792726467547,2.0
345.2037757729103,-288.82978128160426,6.938378894389863,0.9994511570343756,0.90957634046593,2.0
-302.8392208832711,-12.053881849508695,3.6187859715168647,0.9981985175318717,0.8406802352825543,2.0
-292.3087453152907,53.69262740397157,5.488543004143314,0.9996879983970024,0.9288675757091479,2.0
-243.24908177842303,-313.08277696150026,6.0170394989439036,0.9992830932268126,0.8437694006947176,2.0
395.6267736594157,-199.9247205539497,7.398047667330242,0.9996310547735097,0.9268229249121748,2.0
427.8099926114838,-14.00392332853367,5.004449935742411,0.999068983823066,0.8701501293104902,2.0
-87.50498444659807,-326.05704127127603,6.485518232106288,0.9992927315599857,0.9040561209719964,2.0
259.3780408511645,258.3764911795209,5.068899477251134,0.9997718842446578,0.9203547986993602,2.0
337.87345001760195,-63.264001353751034,5.610408827189888,0.9990986665906764,0.8940648634368519,2.0
-109.55316066792932,-409.31227326337324,5.710193072347188,0.9986889256441628,0.8650502362339995,2.0
388.46546507122093,188.53068349521226,4.647517730698384,0.9987325838232,0.8555649319153301,2.0
-31.25320044375027,-344.0777485594096,6.141526862718146,0.9980326334903652,0.8059741593004707,2.0
23.046716274474182,-376.06971966880275,5.624132249627967,0.9997073906787615,0.9264358482445778,2.0
301.6019614898011,252.41383599307224,4.741138920542023,0.9992438529637364,0.9006208172574715,2.0
343.310916338062,206.27234070981683,5.203099900472014,0.9996055456563899,0.9193076857029758,2.0
11.675265317333116,480.62604685865756,5.172143417084222,0.9994084597604107,0.9196957968923918,2.0
-275.2177135288835,224.6825166072821,5.045097467726001,0.9990588542026971,0.850238122942472,2.0
254.05572593774664,395.6798292185066,5.210670335205193,0.9992679138360802,0.8825629895561006,2.0
85.81645343354572,442.62086350393025,4.6109973385554985,0.9985121192192027,0.8241120880116919,2.0
387.49619251614774,206.4395205751625,5.986621457061441,0.9990803053011988,0.8696482827536509,2.0
246.58249037718866,-271.7508652905248,6.350159403604133,0.9993234754621229,0.8849821356199896,2.0
-317.2921646984272,235.78025151310254,5.094299381738476,0.9989369239036697,0.8427317276774043,2.0
-344.2359715575257,158.3512588351781,5.409050513996634,0.9995518221854298,0.9056345580344355,2.0
-101.83784352502519,-418.5645157676435,6.451926791746797,0.9983321964413705,0.8159931707274359,2.0
-297.43101104913035,-39.51291425335957,6.6048291236368035,0.9992033057386185,0.8768972796168326,2.0
-317.99352800054675,179.72830287234464,4.846895795733249,0.9996564705989343,0.9074279944955093,2.0
273.37147549053344,336.01599267957323,5.7488141214665545,0.9995193896032128,0.8797504723519423,2.0
-174.21172808519964,-309.1325564205179,5.592657096880206,0.9987212335875475,0.8611262800496101,2.0
-39.58300965167545,-352.55788142200043,5.823225636199059,0.9992506425005382,0.9000248214272969,2.0
-143.6127729628216,-406.15742866622054,5.1299752563837195,0.9978206672093007,0.8280028517295487,2.0
395.70911946166234,58.864608987879095,5.544259519641328,0.9993693393748713,0.8872922403571264,2.0
396.3134796852015,-170.25284148765533,6.921431685865971,0.9995343966680805,0.9187089499907457,2.0
-256.90832329453,-244.357214383206,5.687657953780778,0.9995986979645433,0.9048575490027574,2.0
-87.1615003067769,326.67685825588006,6.148608335774904,0.9988021561206513,0.8348058712126293,2.0
148.4304052233123,426.09255081744215,5.702290114174353,0.9992123578504478,0.8799052667802373,2.0
237.9108583508005,-262.0005029900866,6.777849425363829,0.9992450825953528,0.8451959068255898,2.0
364.01029717128404,-179.26238451742205,5.30166925696329,0.9989247633781297,0.8463987884542831,2.0
-344.3482493807245,-74.29652623292283,4.339769136446092,0.9994141785262526,0.9075091145709896,2.0
345.89785158917095,-71.12734677856209,4.937010390257415,0.9980167402395284,0.8323821487014462,2.0
419.0878432057731,171.98375990439382,5.063146968169269,0.9992626155999269,0.8807038570721216,2.0
358.6150198904763,-169.510881122377,4.7640508237643955,0.9996081172692942,0.9190110451914701,2.0
38.435506573079344,464.0827404106422,5.6875353274122205,0.9996169070270595,0.9202370306712879,2.0
76.31255424950324,-314.35797280753104,5.198406687396415,0.9994575714416934,0.891121407506738,2.0
155.19823239305825,-351.2191943021447,5.851881306799643,0.999679396571525,0.9099457548357587,2.0
378.6989275040311,-180.86575581226586,3.863726189312076,0.9988494887653987,0.88742510975144,2.0
429.1892208929609,122.8483402178727,5.643505833827377,0.9986027521424269,0.8273183822614226,2.0
117.10559608316551,-299.1333047556398,6.786190002566275,0.9995596149720578,0.8996586639955195,2.0
-12.409684553427045,480.48911300080505,7.440011035017394,0.9989914374320943,0.8470557981653383,2.0
242.99290693492136,-251.3831454719781,5.0336030787782535,0.9995857717918696,0.9182116394705697,2.0
277.43872307831316,345.89077226004315,4.974980479422394,0.9991940194159511,0.8565999567926638,2.0
-139.46759116263553,-132.22681612021915,4.1015756397406,0.9984186837534224,0.8449576938163054,2.0
-343.4477589918111,78.9660716617457,4.408976199431902,0.9988262673750368,0.8400086262124041,2.0
-84.4024136014444,401.6572179587498,5.9334161101052985,0.9991109549126846,0.8734393046640841,2.0
368.31809349458183,-295.1978941399676,5.563332634028405,0.9993621835411751,0.8888757322783548,2.0
-262.4166513591563,-310.0452139709331,4.565599683035497,0.9994702538868343,0.8973378975206814,2.0
306.8919726383567,261.3260218794028,5.679296445960243,0.9989290720266495,0.8409331505285423,2.0
236.023073363366,412.5313498963627,5.089282527030181,0.9993320847328798,0.8867984684187349,2.0
-27.21882918400198,-355.0487162259246,5.632947704877648,0.9990499508580177,0.8729066086540734,2.0
419.05493185852623,120.14678563605167,4.911883612756918,0.9988926414432675,0.8641300488687376,2.0
-341.33996345289023,-85.13017436389268,6.934341155276561,0.9990529800372676,0.8612530586032702,2.0
350.7854106525959,219.1694934395125,7.379502198618786,0.9996688703794367,0.9241532265299119,2.0
-364.0674203855642,79.6535898784386,5.686837945190352,0.9997408639468633,0.9304419429598915,2.0
221.38339194424543,404.6035658897008,5.969236189439637,0.9996798768948013,0.92905474153967,2.0
428.9451994848855,112.46202426394424,4.825044160142932,0.9985492424241721,0.8514280099290605,2.0
-136.30207999888503,-343.4866826363116,5.709452757030309,0.9990359519078267,0.892179681643911,2.0
-178.64750858193895,-269.9156301197429,5.61205136772496,0.9992404224165405,0.8778837967771347,2.0
-330.75426219363374,-215.5029464670764,5.592262562502425,0.9994082528086183,0.8928349528324637,2.0
195.69585670027521,372.4342884452305,5.226075816967361,0.999295360239379,0.865436178598238,2.0
-283.27796266291267,-45.04604730247211,4.9162530905678,0.9992891987575642,0.9019120147929037,2.0
415.38994654984117,-55.93209452491103,5.922698664899515,0.9992893509059019,0.9010537997020166,2.0
196.5096898897832,-276.72748872628455,5.505355526935644,0.998986414600961,0.8451040366957505,2.0
-93.63777564553033,385.6903594650758,4.752242962469942,0.9987975616513561,0.8575295952838703,2.0
-309.13526748858754,-273.7581721887285,5.690124441720457,0.9997530266246111,0.9316281839893247,2.0
292.9800940960928,323.59128003231507,5.404412463043023,0.9993360158968679,0.8835725539336005,2.0
-305.79287380534953,-3.4073241815406425,5.554471256960344,0.9995256023153253,0.8801453558933218,2.0
-3.3352981492845295,-396.9219010622276,5.643541797233325,0.9983892597701586,0.8701316822817541,2.0
-78.21907679632669,-403.5156032692859,5.207016734531116,0.9996281293851254,0.9087174122318357,2.0
398.7312302846813,176.7655248155121,4.511587262738696,0.9989927643056083,0.8702101545747226,2.0
-163.55650687510933,-328.41719472837616,5.033413934431754,0.998896158185299,0.8628361135749917,2.0
183.00127454425285,-345.24402592213454,5.849189334660321,0.9995867479370547,0.9030923242486787,2.0
352.43177710519393,-279.7999388443119,4.69177570438177,0.9982524519763367,0.8412850352653208,2.0
-330.11780629397146,-30.713129785536893,5.7518792888946555,0.9991579251380265,0.8968801235343251,2.0
325.7212039903737,-263.2406362964434,4.967953087878782,0.9991474021195828,0.8576707430194044,2.0
-158.93070971425567,-354.3171197878524,4.467716661215552,0.9990488979722125,0.8911655343930762,2.0
-113.25040089785406,-352.898073361582,4.29147549585716,0.9991906596002476,0.8981620888657929,2.0
409.1343739319382,204.95390043504523,4.773326207359493,0.9990043794419807,0.8751110758392325,2.0
-93.65369429358176,-396.2674027765968,4.904599409636549,0.9996025855953795,0.9041576505872025,2.0
61.43293127205316,-367.27603062463913,5.638660181474551,0.999540182441462,0.8964898394669679,2.0
-37.603462867744,382.41317529685284,4.9798577648858675,0.998515290681276,0.8754550552264359,2.0
401.6663938478768,-62.03042906251825,4.732347969675769,0.9988844882142898,0.8856099710280464,2.0
-175.8947401850477,237.42689307367476,6.022848852640616,0.999220941037657,0.8406361213828423,2.0
-299.27111117624304,241.71039531990044,5.763992687458033,0.9995462035918142,0.9158150679469514,2.0
316.4664189945484,-60.21905979822731,4.507630705500793,0.999480882882396,0.9142399908963877,2.0
161.319186978688,-342.21489070734805,4.91754379885506,0.999450440081221,0.9118611574950127,2.0
-358.5311583778758,-51.6122754311158,4.7619665523446315,0.99822050050764,0.8375808889692569,2.0
-292.5701152194788,-282.0278241095498,4.721693641713483,0.9989950558205642,0.8729545688713053,2.0
-97.19993993590631,424.5828096500148,6.800990146418443,0.9994508104510984,0.8726590367464934,2.0
355.88171829402114,-268.2688726751931,5.229210636863156,0.9996807808088243,0.9244354946713906,2.0
-88.06706909916467,-404.03438208307807,4.676304796913578,0.9993537341737839,0.8916018070758761,2.0
249.72926094748368,350.29714644378345,5.870544645230984,0.9997596350358098,0.9245076239147791,2.0
295.6214486788867,399.26604964334643,5.085930335995238,0.9990561472705276,0.8520232121056683,2.0
433.86695166050015,-1.4837160534141114,6.1560434715853365,0.9995408963417374,0.8972622012266717,2.0
65.89030868540799,-325.2498948745575,5.20004881619707,0.9995349817174686,0.9154119555961182,2.0
-8.292015253769003,-366.2217293119405,5.791568355556043,0.9982529856373984,0.8462215354840783,2.0
18.072815084503127,-318.2362959153071,4.544596499866244,0.9991699651018221,0.8960994671753066,2.0
-130.44341778563518,-417.9004268390257,4.893782544502328,0.9989064804234561,0.8887705930800485,2.0
-318.02959084359753,211.68902866659397,6.473091608933389,0.9996653040918422,0.911386465034312,2.0
-304.6883293054833,-18.914374659922583,3.5240846081351145,0.998618853078604,0.8560920033258616,2.0
-322.2768964611457,-21.962513158382624,5.7062792622756655,0.9995421964781649,0.9158404210669796,2.0
-97.77602236806673,351.317450395005,5.69981470622816,0.9993355865636462,0.9048406731108715,2.0
416.7249141663291,-185.9272465435559,5.483731664975498,0.9993706292861331,0.9054122498623384,2.0
424.6882238898265,-75.22015679621556,5.865304885620996,0.9987866091013254,0.8204738223748924,2.0
16.727375197904877,509.9013442376306,4.865515226118511,0.9992340374119817,0.899843389396556,2.0
-272.6220943878324,-330.36585512342265,6.722113632200995,0.9989157020289519,0.8424364842318555,2.0
317.24361436046814,267.1774351774483,6.272872764059079,0.999448643376401,0.8911932378544419,2.0
-312.4352863074277,-302.10222208707216,5.348416258379418,0.9995515428103775,0.9120203017569632,2.0
-74.98571842457011,416.64722028226754,5.75020048729968,0.9990537871894822,0.8504426445062282,2.0
-16.91751644669651,-386.6273476604715,4.785432589751897,0.9964814787009997,0.8401386328903191,2.0
-321.0362002158403,162.34554097234553,4.372262607204003,0.9994275020930405,0.9101633063594214,2.0
111.37764406103682,-247.73792214553563,4.279333059226359,0.998579182864879,0.8268492499154616,2.0
-121.73314420151011,-409.77324151241936,6.460487243230567,0.9991498889758537,0.8867143857085841,2.0
-176.90795862415612,226.6912439206253,4.804595346736491,0.9994440541177553,0.9089851285538085,2.0
438.9868898637418,116.53569026508033,6.05547604410295,0.9994748630528305,0.8756143818788962,2.0
339.3457099295213,-299.2568450648758,4.81479928059907,0.9994183234776233,0.9025865001926109,2.0
-302.5533739522359,-282.6711853595488,5.337414033381526,0.9990388621816302,0.8688231058572051,2.0
-362.41988945498997,-60.9022968143929,5.380426657733709,0.9993504162124139,0.9103411628319342,2.0
323.2105231174519,203.5440671128333,5.160981024489356,0.998881786886085,0.8640048674437529,2.0
-74.05505603713132,-393.33091123278194,5.846447126806654,0.9990573985790814,0.8707955495847631,2.0
433.832491631042,10.290417542465374,5.657391586817065,0.9997364009768235,0.929905748328664,2.0
32.33283333657926,343.33814754782753,5.647233872830265,0.9992978952676513,0.9033670405441322,2.0
-42.95477269797076,-362.37223889435546,4.621809335050148,0.996634121028237,0.8041145849880297,2.0
291.6998310296157,282.04923552127116,4.9121321349434846,0.9996243576461767,0.9205251249762777,2.0
-319.9297575858015,266.6950556135914,6.213621543730416,0.9992737414472422,0.8617322083922603,2.0
407.7053041512469,170.5458128962998,6.465350747610624,0.9992743499220222,0.8431991051302755,2.0
250.65257502254332,406.02985459366494,5.737181381472052,0.9992748525154547,0.8800066396508263,2.0
36.085512130615484,-348.53160353532184,5.518551202853667,0.9996407402346221,0.9063410972101275,2.0
375.65021462902854,-227.96182237386495,7.2558850149297625,0.9993387182520472,0.9040289100629162,2.0
-337.26297742504704,-251.34025251942563,4.748022464495094,0.9987454954780839,0.8805876976110855,2.0
-64.25862551223555,-400.97038618013886,6.2183547786587585,0.9981641594836332,0.8651470957154315,2.0
404.3511680323604,195.39935045369006,5.972480772221902,0.9989281085211016,0.8413484160459206,2.0
91.96062967750711,-329.3701463058736,6.000989081696006,0.9990623913466771,0.8927912594647998,2.0
-330.7603137772322,64.68822480377965,4.292366684432765,0.9988694885497326,0.8857000982809936,2.0
438.9383055600711,100.42426360217554,4.929759952098263,0.9989122843832758,0.8635829821311004,2.0
-341.10452656480976,51.077127536419034,6.718349526093995,0.9993860961898176,0.8577997359801314,2.0
-167.47237191044155,-285.75960798653887,6.038503331665477,0.9997069370098185,0.9265400869994441,2.0
-351.79823677465384,-34.42836562275121,5.558520971991563,0.9984520286247374,0.8233708757346633,2.0
-184.4518416787817,276.62494769291686,5.548297354173207,0.9988630526193895,0.8400911008144532,2.0
219.09131605207304,-290.3041676397168,5.3862679083879925,0.9991808908055317,0.8772592352246938,2.0
194.3668904636786,391.8618616213749,5.020670540576554,0.9994723038194617,0.9105944788198878,2.0
-332.06231868511173,-21.041318903751687,4.169844979726247,0.9986197854733738,0.8520604637808789,2.0
165.19987153580846,-370.5721687202684,6.069120138398953,0.9992280367455827,0.8795961026729431,2.0
-284.6744084406172,-297.7244238267549,6.756153796582257,0.998302735388862,0.8462835005869103,2.0
405.66566777155924,-36.03271200821643,5.0510991259440745,0.9995193140275194,0.9136762256062642,2.0
283.12183331351576,376.7463753837343,5.030851935720711,0.9993916539470127,0.9070910959821208,2.0
342.57848441104375,-309.13864691362323,5.624747718063694,0.9990046649557954,0.869517296060509,2.0
213.71065651893082,-271.2562814105073,4.959557839246769,0.9991425793613328,0.8527530584371604,2.0
409.7218382294715,183.73057980724153,6.927668214700192,0.9995186967531792,0.8957473515187582,2.0
-310.84735051411,245.19839449859765,6.356437640815071,0.9997624386063583,0.9314362221121806,2.0
-260.83761359309244,63.50236659651622,7.53457227986331,0.9990902209426901,0.8506369922281123,2.0
85.09225272164512,-311.7795684517773,3.984878239296328,0.9985758333239838,0.8553880277965986,2.0
168.07172133952113,433.55090419731084,5.797872615669756,0.9990072057868781,0.8485512401602534,2.0
-328.05728642663337,-56.738787530322305,5.855338965725038,0.9988970429407713,0.845678372191831,2.0
45.08740414086105,-343.8948642115482,4.635112709095522,0.9995026859946816,0.9127688740438824,2.0
190.9796505718952,418.6328891516081,6.386676170024056,0.9996151635596614,0.9197829637609207,2.0
-172.75377597042262,-321.2639073375621,6.667854849067294,0.9996921171951356,0.9158622973964757,2.0
379.2075085680879,-92.7267857341982,6.771517674450274,0.9993099757037243,0.8818934871615698,2.0
-343.44734394225117,62.44886898530534,4.955912692714013,0.9991495204655017,0.8764035966828428,2.0
-51.94855718784598,-355.37926404592287,6.909577790379205,0.9983998460184663,0.8218058118096118,2.0
-333.32829071575765,-234.68268920215198,5.305735816783861,0.9995055734593588,0.8997388488526481,2.0
-339.250145380438,113.1287843229626,6.093902042663639,0.9997631360015891,0.932812377772839,2.0
0.8094802884451919,485.33830619581227,6.739574094658381,0.9989128192378368,0.829671391080579,2.0
207.89981743589524,-305.8542072109199,5.5125426279017935,0.9992946470192116,0.9015834551335511,2.0
-76.6711550004208,44.478447778949494,4.653694869807408,0.9984923570629671,0.8485023053243332,2.0
-328.23966171666297,90.91899220888124,5.024705158367037,0.9991457460755229,0.8765872339120624,2.0
452.0293747869051,115.66693206618197,7.037368365918318,0.9994039686374409,0.8727351246721181,2.0
214.02181774159638,413.6084920344018,5.114843744669213,0.9995155465727183,0.9129487184693583,2.0
337.0463711128497,218.3275590866072,6.450170589583136,0.9993822770995558,0.9056912202719257,2.0
-338.19186495460684,-50.81825452221506,5.950324858802641,0.9989089571540991,0.863057635580149,2.0
-345.92181498209726,-15.051567528933452,5.0836111116364515,0.9988539357327304,0.884525178773429,2.0
-328.75599744448834,-288.2386202108158,5.239986840193831,0.9995862800431583,0.9175502262263469,2.0
424.04644264729444,10.03853563342404,4.158547661194121,0.9994047238242366,0.9075275781510744,2.0
134.15037514684013,-358.68718917431886,5.980970879538662,0.9991921252386826,0.8554146260383879,2.0
69.7372135480487,-347.7844571396372,5.984216628963576,0.9997657771159411,0.9281705230037036,2.0
-374.1202287199126,-61.833508360310134,6.298560942965773,0.9997080324121974,0.914436843533123,2.0
-341.0090111500214,-25.582672951814768,5.897051323322222,0.9997550075090356,0.930709516996708,2.0
120.51160719206388,-252.0901857120387,5.892058324883939,0.9987180502025522,0.8331818318506864,2.0
150.6796650332072,-340.37924153444374,5.9307589878061355,0.9992266224718952,0.8574682934143685,2.0
-351.3668615213429,-94.08351098801982,6.594708607778935,0.9990857994128308,0.8706073650011917,2.0
277.1181507670524,271.637207972946,5.148268803306697,0.9993390426285627,0.8845992170323131,2.0
231.74312938207694,404.0360198217155,4.452515100631242,0.9992587619346577,0.8796150100667476,2.0
-93.42186726399316,413.60795715629615,4.848721124524834,0.9995545763365,0.9163473677687595,2.0
462.2341576898833,147.88742006213684,5.418298884571537,0.9987204007612209,0.8325605417871446,2.0
-150.76486628038268,-310.2902880176093,5.602595165377587,0.9995187198046985,0.9139756241198588,2.0
160.99510672986182,441.73765213771276,5.089863054174692,0.9990915675637642,0.8722880506267082,2.0
-67.74978288481532,440.6079614143413,5.524108832542441,0.9991661660171682,0.8788144298591558,2.0
-319.52497432619515,63.957397017337584,6.464927528844297,0.9994723945369058,0.8798113243446338,2.0
-350.0817855122765,180.0125160378321,6.384144450351872,0.9996506469130074,0.9222880921631925,2.0
217.26517228284658,-80.11201315316531,5.7870173973245755,0.9987235353213046,0.8362489999425514,2.0
452.436835051532,-65.06100053159405,4.84115902390468,0.9987215403914992,0.8799733392166289,2.0
9.263090320189253,465.36250647067584,4.928729223322972,0.9989294621447125,0.8647605091455999,2.0
-82.86330357001845,293.49988207182116,4.209114982483314,0.9991494553459507,0.8762428569211258,2.0
-345.56105470180626,101.32635675633429,6.855320360314545,0.9994690900850826,0.8949005340636662,2.0
-159.39926922995622,-262.3319308112948,5.203645191728107,0.99954811579077,0.9181476063843105,2.0
-321.98899852615517,171.2221355550102,4.577745124062175,0.999645537378831,0.9050622770250678,2.0
254.95313757191988,-250.95452379988285,5.358113544039773,0.99920363809522,0.8758772687242666,2.0
-301.1930929944385,-54.44594179951299,5.16780348739569,0.9990055511094035,0.8896248433667424,2.0
-30.527842339867142,-374.03840209288853,6.24889956309777,0.997407228365481,0.8257396146644063,2.0
385.7436300339445,67.97046672893053,6.023985457459973,0.9995082474249716,0.9152100874793544,2.0
-63.20383290416314,-352.4076703283934,4.82347689065975,0.9987315251999743,0.888357902201666,2.0
48.74945186707706,-353.08298065748295,5.299014602164732,0.9987763831756291,0.8409566152046525,2.0
-218.76074879139298,-240.31614693010224,5.059388594024807,0.999410487556943,0.9079168732694592,2.0
52.15608082649537,307.8885178342107,4.040980580944087,0.99807954348932,0.8952120313980075,2.0
-128.48560392367136,-436.46143043481356,5.792425215665763,0.9987311941188094,0.8551996520412275,2.0
293.29370845182393,374.40343594318716,5.452965711791276,0.9992785135489065,0.8820998481123952,2.0
-294.3113295385394,285.91182139717057,5.792501200718339,0.9991913473162535,0.8573920208524461,2.0
372.66839011935934,-203.38873051668955,5.3840546602128425,0.9990037441046012,0.8672831253645522,2.0
246.4849928731846,417.53308171176,6.558039242737708,0.9991977906760323,0.8561022258842604,2.0
165.605383063621,-357.34098603346735,6.2535225146224285,0.9997694280716304,0.9188798736606297,2.0
433.47934850443295,183.81922917088798,5.733111893994401,0.9984454140969353,0.8240188788985513,2.0
-304.8190248534985,-64.28202404042433,5.392472005801299,0.9987009723263818,0.8547689832766283,2.0
-85.2190194927015,422.0223292343222,5.498209196157191,0.9993414216068398,0.8839359027764612,2.0
-305.5964088422861,7.388365911022075,5.27521057093119,0.999266932152363,0.8821264660084059,2.0
-358.22053440454647,53.75140427614932,4.521744751631123,0.9990129944316624,0.8562777059658426,2.0
332.8949188546066,207.38780910059305,5.314431834470962,0.9989869564369427,0.8467397393788704,2.0
-272.7941376420024,-316.2010532703564,7.52137432542891,0.9995107579826945,0.904524615301107,2.0
-71.3337564847975,-382.0178434720122,5.768152622682507,0.9988058616668379,0.885035647203415,2.0
396.6660138113143,-72.50933680703571,6.5865663054510835,0.9997556003292164,0.9201103082800357,2.0
75.49135099673269,-324.0005263775178,4.5216392782813095,0.9991042346056157,0.8706985642267066,2.0
241.07891937963078,435.1915669580884,5.005274828703994,0.9995348394304637,0.9192488801260132,2.0
134.3440234849609,456.59886195619896,5.833082620832832,0.99903504950944,0.8475444940650146,2.0
-329.1922191421753,182.07302283516304,6.623977625950203,0.999152077380021,0.8590454076155268,2.0
-341.261784475393,225.43495682144123,4.977796894547532,0.9994960068532804,0.8956189789498864,2.0
-105.5017490411521,414.9710919084673,5.952346903032604,0.9996483331369459,0.9265396534492889,2.0
445.29150070651156,125.04835957062312,4.590022487111506,0.9983054018156424,0.8414488419397059,2.0
324.14177481807565,256.3170226368005,6.622780906613028,0.9994884899011306,0.8947555244223656,2.0
-328.52635563014627,-96.45715450085372,5.97759985753733,0.99321601238309,0.8058538855997798,2.0
-134.793738692195,-324.0772811205012,6.373191160832395,0.9994564752676605,0.9110551430621099,2.0
-124.77324145283768,-328.60971136105803,4.6956002643300225,0.9983653379424479,0.8439768529600287,2.0
207.98628864716733,-293.3883178435929,6.1654048104899175,0.999513512219815,0.897092720701364,2.0
423.60125645633104,-5.1924040935620965,4.802495627195461,0.9992958074190951,0.8652161495226274,2.0
-384.24050883474183,-52.42952166102151,7.5340167617260745,0.9995447455167832,0.88608862699437,2.0
295.510378622111,334.47040301374625,5.8063116723789125,0.9992199313244023,0.8598882335919908,2.0
263.63897561601357,399.34039602843086,4.6944916291716146,0.9995276144440279,0.9160151764977648,2.0
307.94482551952416,-68.23541735922983,5.754415907721511,0.9990912545280723,0.8604155404003797,2.0
429.1311349807657,-64.59072208274908,5.689682122424084,0.9994103902248211,0.890627917852438,2.0
130.5499090343174,428.7751966049014,5.391761007094904,0.9995445176400823,0.915110621101907,2.0
-94.67342214252353,374.65815481122416,5.082849359143929,0.9990128813110482,0.8939060124865901,2.0
-109.30921290070482,-359.88883384993784,3.711380894848998,0.9972724329299858,0.8489789262612317,2.0
-337.9098945958241,92.56238862941355,4.850919421067839,0.9982311478252153,0.8127790612554537,2.0
146.20385264343435,-239.00320057233972,5.512974618427948,0.9992189303649379,0.8772605110872569,2.0
-313.244803445364,-284.178689225338,5.536032347621853,0.9985112397987267,0.8295720376143246,2.0
-71.04799383299513,-358.6604563050935,5.2306964112877345,0.9972264485339024,0.8321289479323987,2.0
-291.0378889252169,248.56781256855376,5.006725539705592,0.9986349813010492,0.8519641413644967,2.0
-323.8154025013628,-256.15627063104813,5.461837575621405,0.9992775339314844,0.9241300117948313,2.0
388.48244559616194,-211.10446287184834,5.885484141271669,0.998405659125289,0.8298329625120243,2.0
95.71303936868365,443.14967886508543,5.359608852893141,0.998940746932829,0.8425122826678269,2.0
-113.89158444291387,426.6323653086922,4.443482370177496,0.9993379182878027,0.906446298476873,2.0
-362.3297871744174,129.88967075092623,7.216755809115313,0.9991694418799244,0.8769046329995295,2.0
417.9269033865584,-121.77960514557984,5.7102876054187295,0.9996548388822772,0.9121021456489317,2.0
315.5346678572993,280.06241908269436,6.773882844829728,0.9994017643018265,0.8913388522626482,2.0
-123.60392483500895,296.836142332719,5.811445318424015,0.9993501524007711,0.8857643551926808,2.0
-0.5343118593054175,464.50331334945116,4.954629050918978,0.9993127879224775,0.8828159035670345,2.0
463.69241433691434,115.66506768250693,4.69259016193926,0.9991601840915657,0.8996171215708515,2.0
82.22457217361459,424.707127743091,5.528321690487253,0.9994625563571394,0.9013785635274538,2.0
-124.63091554362111,-426.15183899445395,5.2792882078666645,0.9988115243787261,0.8581924857144849,2.0
332.26831680093534,230.12567496450578,6.34206504342512,0.9993438080509461,0.8865820663297262,2.0
-267.48893027805514,19.40842306944741,5.917249342484835,0.9997251177291817,0.9131154393912939,2.0
38.317758981033045,-392.68276606254113,5.945386843686386,0.9977283576830566,0.8106252094652956,2.0
104.2991775907747,423.8574678565238,5.742004078820315,0.9995396112600098,0.9147032980568867,2.0
-23.136200869859394,-365.201807713551,5.35886200490733,0.9990235927553113,0.8918385917760399,2.0
197.90792713040872,-301.80565541940393,5.319333789370977,0.9994746555900529,0.9106633970027637,2.0
-334.76316398397097,83.04422548292824,5.2227368951132895,0.9993422373099001,0.8878071895192201,2.0
281.2108574390808,413.2584608520647,7.063580172421806,0.999364359106218,0.852701811425046,2.0
451.7747870419302,-75.79495130836953,5.751181160705675,0.999403730584984,0.8871323534160328,2.0
-322.3882104730352,-239.49617543378457,6.258481309480467,0.9987860219121044,0.8577147304466816,2.0
-346.6552304429268,87.88945559038393,5.132752884523506,0.9988652424357329,0.8863727037071971,2.0
394.21835549353585,-188.04832949950045,4.631059090365985,0.9983369347978022,0.8427867356155707,2.0
287.4003974330127,272.87265185671635,5.256108537743459,0.9994802860990487,0.9117716533650937,2.0
154.28559790527487,-363.83524662628804,6.827214308525998,0.9994409320117335,0.8618834116941664,2.0
295.72996526157914,-265.0420241737082,6.127088293920497,0.9995958546890376,0.885870144169547,2.0
182.62718859519498,-290.6882897459301,5.196447588547329,0.9989668506863719,0.8649707432468499,2.0
57.92314175818944,-356.50941634351153,4.5332669077740935,0.9990785706946785,0.8695986589553206,2.0
45.50364366050607,-324.6253236131885,5.4551876890434166,0.9987376700645956,0.859133131204543,2.0
-348.58568000867155,-105.86885403501817,5.587060494006741,0.9989160172656976,0.8862094327819069,2.0
282.82627244572114,387.0944124893475,5.356460502132634,0.9994322139502302,0.8914908344231045,2.0
402.7534298438617,-83.62769266845825,6.101544635614733,0.9993698156477822,0.8944787960178482,2.0
-279.83337261710216,22.793274322929143,6.065100822543097,0.999428934257213,0.8892837935202498,2.0
-81.58278121338321,-413.5216110080778,5.366687271748688,0.9988663460233869,0.8749791851007606,2.0
-307.43134137096683,-292.9743146783545,5.080220527046092,0.9992312830688985,0.8874526238976567,2.0
-346.76773795551577,-249.8590802841997,4.945950921465706,0.9986091196623323,0.8386505696955121,2.0
-11.69081959694326,361.40190842122814,5.775224175742624,0.9993019682863127,0.9042442489243218,2.0
-159.9905494497717,-432.7227892472563,5.39489523055229,0.9994975803460435,0.8958446583589595,2.0
-155.95493663759638,-321.96225739375774,4.989742334278232,0.9978808215594658,0.8329731513383211,2.0
-61.56329329262818,-362.52080523736794,5.194838497746299,0.9956408746325792,0.7944699412242774,2.0
416.0419222057717,194.93312544567797,5.799617012786779,0.9993175665914994,0.9038648484515932,2.0
423.11880788765393,-85.74996248924471,4.8371030807996895,0.9993013980814343,0.9070753175801204,2.0
216.6313766628416,-300.25864823556043,4.924278119870715,0.9984626955335187,0.8213954447080868,2.0
285.75101531458864,364.3648576735463,7.157735097138819,0.9994479222630864,0.8928373931198704,2.0
-358.56679765174937,65.45791154744288,7.238219677365323,0.9996472031230339,0.9054032844202682,2.0
420.8116393827768,131.0044172133432,6.124741159352857,0.9991532124103331,0.8445417349198413,2.0
-104.6786379239309,370.72102403036223,5.748195923840783,0.9987118795336286,0.832540242254646,2.0
136.72489245795288,-337.73003055997265,5.43325098538012,0.9997634858356096,0.918637967388211,2.0
-75.94381264292655,427.6768247303184,5.399191931777082,0.9991423842370961,0.8791194978232246,2.0
312.0723223529307,239.16701987625618,7.1786444554763245,0.99915818989579,0.8533545564002426,2.0
314.91863732856496,376.56299664313866,6.441618569865346,0.9995402992763044,0.9152230437959575,2.0
365.7622322355643,-70.54569657893997,4.140506326309968,0.9993776008635382,0.9087772277181536,2.0
-23.05682705627005,388.3061656604899,5.982568559717565,0.9995640601690327,0.898292850161644,2.0
-384.09113877522094,-63.771508045330805,3.886589440540155,0.998279692619455,0.8728057580182819,2.0
-131.0265765128328,287.3144750426866,3.5899616410069113,0.9991796572120002,0.8978154289047312,2.0
-151.54744926245115,192.8592786911873,4.181420676368556,0.9995968172706517,0.9214985254349143,2.0
-350.5365620654308,112.31603262746297,5.264683195169375,0.9988635260149452,0.8434910382333918,2.0
-286.7869605564281,44.14158162426794,5.203856856961438,0.9992238077106645,0.8792094290535776,2.0
287.9611328625827,291.4854618409794,5.2636655497625275,0.9992901872593569,0.864133600186559,2.0
-344.24965441526007,-187.36645189890564,6.602678955801639,0.999187061549221,0.8981753953854454,2.0
-84.12283318806213,358.39643723319756,6.367066739000007,0.9992240803162771,0.878596990642146,2.0
416.97304795885924,-196.996222589803,5.65079833518452,0.999100465889503,0.8710128421930962,2.0
121.42315407127323,437.7260677197456,6.12653973942855,0.998800861190806,0.8418635498388554,2.0
236.32063292982687,423.03773437642377,5.074813026804831,0.9991889865077604,0.9212014976317591,2.0
-133.37076481617527,-408.134877791967,5.381255139824097,0.9984541755187578,0.8454493194608458,2.0
-223.57218833787545,-348.08598163798104,5.17028419972199,0.9988154993487182,0.8623714264854346,2.0
3.7088610600443763,473.7958712686946,5.22841753090013,0.9993889090675896,0.9285401141254163,2.0
415.74348756953293,217.50816196958658,5.7272742767634925,0.9997334425350559,0.9165801165652389,2.0
178.13112346278086,434.0217834258628,4.347917045058337,0.9985040923603375,0.8485577139019821,2.0
-320.40489466221305,190.9330576358303,5.951225627358727,0.998804455638439,0.8591426294005102,2.0
410.1751562236778,-170.86157365131254,5.113857343894151,0.9987715028980484,0.8848510154812027,2.0
-324.13967868464886,-303.2107690667711,6.463987644598049,0.998928697318137,0.8425916556650888,2.0
-368.6924928424457,56.49165016937532,6.323482381011182,0.9997421676481966,0.9161244316722886,2.0
-72.25669193001609,-347.6462412248175,5.4832420406606275,0.9985423647125512,0.8495913869210661,2.0
-147.2927585873035,176.0526920185409,4.817561391142222,0.9994329897643488,0.9089069887577637,2.0
163.5047038687733,451.9825026781775,5.511050008909501,0.9993003853460191,0.885743408326649,2.0
-308.00750498998644,-221.08177816293767,6.247376372680584,0.9992479341103352,0.8808730241866074,2.0
-26.365854991474542,398.6821093571646,4.749855601781278,0.9994930989383579,0.9116531035702532,2.0
111.6688801837428,432.4528813643608,4.985312011595657,0.9995204712811113,0.9147190460363349,2.0
4.96268979903317,456.03060295071117,5.1743784019716115,0.9996575641204379,0.9226469748642082,2.0
-95.27025985624486,363.63455487121,5.9856394665520956,0.9996485332927493,0.9061252768546796,2.0
271.0641791223878,406.1430397204285,5.39572837123115,0.9990070432240614,0.8527355684512438,2.0
426.6398494503105,19.690376693362683,5.8773061856951205,0.999586100950326,0.917881865205896,2.0
-42.10980686169318,-372.49562421858974,5.652090775543415,0.9951887967523276,0.7789111690981169,2.0
303.89345929936826,271.35834329120206,4.854275842549904,0.9990643132992675,0.8924015359924156,2.0
434.57672764037613,-72.98271114266416,4.358980262514507,0.9981247127120224,0.8370249513463597,2.0
349.21672419728117,-300.1338851505514,5.136950644126156,0.998668688035051,0.859497596027489,2.0
-333.7644769275386,250.55485441261257,6.171609400328619,0.9997690541807499,0.9322704844195605,2.0
429.67986614700965,-52.2871303449709,6.690725945777962,0.999390061905431,0.8869415238081675,2.0
354.1701830712043,206.0552235506234,5.698488069037736,0.9995439540645068,0.8967056530288088,2.0
-63.85778073036276,-389.8446083537692,5.027957322175652,0.9970362568515441,0.8089606821563667,2.0
225.20590848917965,416.4117905139411,6.454485697604509,0.9996677405664463,0.911116536572786,2.0
217.87963680266338,-310.41404275767906,5.3576851865252255,0.9995324843672336,0.9152331576164171,2.0
268.4377740487365,287.3392020517908,6.668203680209299,0.999575359029835,0.9022627816367413,2.0
-378.5609539048152,-41.74499764463275,4.641835046571029,0.9982714785857623,0.8399137820119121,2.0
-95.25965052121073,308.62885677940716,5.433139017450532,0.9992368971966226,0.8789283147633516,2.0
460.2739401950044,105.15140315532801,6.3868302653357825,0.9994159970564523,0.8573985283053288,2.0
-295.9183834537816,13.422027391893971,4.536415559836626,0.9985795614514178,0.8798139135671679,2.0
420.55047925934065,29.888844996882256,6.045650676085198,0.9988286042214187,0.8497860171833245,2.0
-7.859161307582592,371.3647196912341,4.974129415492425,0.998703680063493,0.8795764258318992,2.0
343.7432484223195,-88.82073584386919,5.738876729092625,0.9996344017291812,0.9243309122980649,2.0
-255.49687264790776,-5.822651368353883,5.8455725522448025,0.9991758296081118,0.8774627181656892,2.0
151.8341551834672,445.61547466653985,4.910662487276173,0.9994248999735165,0.9097312411351921,2.0
369.10889682704294,192.60934063946462,4.800891158313947,0.9983585210475304,0.816423595931814,2.0
314.6208774920216,211.19934043952023,5.964622656074004,0.9993849945956149,0.9071128851465016,2.0
55.69678461304964,-333.5390981400846,6.043111751854254,0.9996652621605479,0.9074806273614279,2.0
164.01876099910655,464.6911978699809,7.2730559475710646,0.9990907883043089,0.8539097583703156,2.0
-86.94076112534738,284.6692127155952,5.561219816023358,0.999302374506368,0.8825037185721463,2.0
87.51128253578527,452.36131368587445,5.309877792876059,0.9995737081027961,0.9025836342534329,2.0
-136.35581725984312,-398.91996655644414,4.380599008136869,0.9972125679569553,0.8459316061530219,2.0
157.287664233662,432.2361595077528,5.140832258014131,0.9988276279935067,0.8402758744715672,2.0
140.48174284743,442.7247072052591,5.282154471576646,0.9991434416341293,0.8949019765116906,2.0
430.83991945108266,212.03654239245012,5.971506113725737,0.9992281226200791,0.8858494502409964,2.0
39.17612805522455,317.43581454164547,5.130334519671016,0.9977664477280849,0.8284147788643907,2.0
389.87024810266064,-97.68143322478957,5.055715987357226,0.9991630204105196,0.8889199416204417,2.0
-340.292801567344,186.4058170951126,5.357512073534577,0.9985421684199333,0.8257797731492134,2.0
414.009467250712,-79.81657873803654,5.847777736288367,0.998874698497473,0.8609630943399623,2.0
-343.7169852589282,-259.5060262158925,5.184704461747861,0.9992759701702237,0.9093047141480372,2.0
-131.8119222785612,-456.15097408820947,5.4726190400258945,0.9993076941498308,0.8818746586669428,2.0
393.3157212136941,-125.56809001816588,5.5350826998320795,0.9994834236002834,0.9112060186348325,2.0
-312.39381738836096,257.3106434189283,5.891227773432497,0.9991639978198562,0.8757092716670586,2.0
-247.4692034195257,-301.8152412892016,6.061705202621309,0.9995812661685834,0.8894798351301015,2.0
-347.9783671070612,71.02018013496826,4.782255917652543,0.9990335723935768,0.8503576484196491,2.0
231.69379203881235,439.1849230430048,5.238780985392412,0.9993003484044061,0.9024426353930194,2.0
-352.1544463469288,-23.479988924831996,5.477376235167321,0.9988020661608373,0.8403992038228904,2.0
-235.53045117163663,-346.43575566612174,6.958112599699286,0.9991256832814563,0.8544049721316492,2.0
-336.26987399350367,-224.68100100732826,5.176673970108435,0.9980918692001391,0.8082877340441392,2.0
-304.47668598767217,51.86120470499563,6.857391808867108,0.9992149327086217,0.8578305659179415,2.0
148.38971746770983,436.55891106180377,4.806240390410445,0.9991168371159372,0.8737916501798217,2.0
414.2508265846317,162.130966925837,4.250576396444123,0.99898875111434,0.8899747372713519,2.0
208.1599867824778,434.0399118034084,6.860274437906685,0.9991992179169539,0.878904888200937,2.0
151.76509537859974,-384.2153250900582,5.29757568814774,0.9994979381369913,0.9126117728884545,2.0
478.1587237207488,101.85219948705274,4.981180262331489,0.9992284380796992,0.8794686750001387,2.0
309.39000203877765,386.2333587380747,4.741781255059586,0.9988500514219092,0.86087419499795,2.0
-316.41349171502327,-312.01037821666114,5.3313651645761135,0.998768485580504,0.8528134545218351,2.0
-72.86014070294875,52.40312712919211,4.204034195421453,0.9977518568107157,0.7984429705690796,2.0
-334.6451059170787,-108.2733170747745,7.707599200734652,0.9959548336210358,0.8657172488732916,2.0
-180.01862258768168,-340.25756568228854,4.6755597920325265,0.9997084077030777,0.9268527896973436,2.0
-184.74951820847227,287.328470816041,5.234367617192968,0.9986271613128563,0.8280715400815603,2.0
-281.871617203596,34.388556333493675,5.758195114972472,0.9990832853587693,0.8494760250460661,2.0
315.1844268276949,-259.1159143689471,6.3970479921755565,0.9991737337817295,0.8410352742050881,2.0
406.8347580097145,106.34557466265578,4.980649860020282,0.999626587700713,0.9145660509009278,2.0
-125.7586486950809,231.58348731443712,4.29915871784021,0.9991413521341188,0.8742737546346632,2.0
-104.61979134825242,444.8351375440269,6.169465737354632,0.9996738216907836,0.9080230545090103,2.0
242.535408322128,-231.17920371603526,5.94216238315404,0.999551936989877,0.9258289889292022,2.0
280.5045732805774,282.65191347909547,6.335358215854742,0.9996420355701437,0.9228699991676202,2.0
-354.34439694358787,-171.12295672071235,4.6214086730724855,0.9983155141871584,0.8452254890209445,2.0
-342.2967674962147,128.27569011598464,5.1845835448022,0.9989798254888776,0.8888172296817973,2.0
336.9408049705444,-213.91163240375388,8.071338809714677,0.9996688046448294,0.9234654189295394,2.0
-364.5668036334752,-79.44679528852285,4.827976526967254,0.9985068433794803,0.8475068022182476,2.0
199.09857684980287,382.54708488322717,5.471947528392455,0.9994217049657315,0.8716067208267553,2.0
-300.6722299939627,254.3138211748364,6.278703983584458,0.9994111757455569,0.8909849582775444,2.0
309.1674655566016,365.98101257011564,5.664523018511582,0.9993326825056951,0.870230088977121,2.0
255.29004607442386,290.21116292088135,6.842624981691946,0.999569583662457,0.9003320079096157,2.0
-150.32770161086418,287.4916505934698,5.390004953135171,0.9994011273349132,0.8938279060289996,2.0
-114.51475838303402,-420.35011834665164,6.4342579703310525,0.9988684675244462,0.8412680699969168,2.0
-325.83878648943903,241.15373668665237,5.057136572874473,0.9992773642546224,0.882791218377979,2.0
-382.8620555902368,38.50073583430538,5.328611883114026,0.9990688645431633,0.8754619088513473,2.0
-140.67504320998998,-416.2985760582355,5.498947401089915,0.999215422632558,0.8943462806989552,2.0
-209.84448615882692,263.968949351479,6.565415897310994,0.9990466176653006,0.8730200490585808,2.0
268.9565182991135,417.12671700458094,5.816826490888198,0.9996619340505438,0.9070800969503092,2.0
-171.0656881365156,210.84461510991179,4.716901153553669,0.9986349346978866,0.8587659137421138,2.0
313.3245912505368,223.12830636899594,6.09519850041933,0.9992516116430551,0.8998184468438695,2.0
441.51281663715883,-79.46024176615994,5.188320895055612,0.9992957433095269,0.8823484397574392,2.0
303.37492025718564,281.69026470074,5.558004604103709,0.9989413533017336,0.8881480874161854,2.0
-353.00250356384186,-161.46428080411818,5.236467198884903,0.9976165907975876,0.8541707484605925,2.0
216.4653874310692,424.7312278210107,5.656098117881773,0.9996143874756606,0.920148661961826,2.0
-340.1001218435517,-38.25567776617718,6.84057640709847,0.9990053546974201,0.8349107703419629,2.0
262.61614275047305,454.08828926179206,6.785516415081441,0.9988804066390852,0.8496706879467474,2.0
-354.72349649767796,-181.26321976851338,5.590200981669078,0.9989858616131319,0.8507690311187224,2.0
292.9779947961651,409.34937367117004,5.361115145899635,0.9997917460155629,0.9246950523029285,2.0
444.51066350906177,2.436181145929809,5.2221645406978014,0.999554410511809,0.9153770821868696,2.0
-137.8352632060904,-445.1965910141387,7.077481499120828,0.9994173452594471,0.8748824563592553,2.0
442.88939425759565,-49.856548788922076,5.458346080551187,0.9994820582551248,0.8966986387623984,2.0
-344.78709279153094,-116.50791850622998,5.7836665940793015,0.9903255197180272,0.7125120562568777,2.0
-375.29049709797323,46.48548930457759,5.692422025918674,0.9997295963065332,0.9148027079871064,2.0
-70.26927614779996,-411.66538401901363,6.198037293232065,0.9980877288928273,0.8196333550159806,2.0
-302.2418548926672,117.9528135280371,4.650083253721514,0.9991060011824224,0.8935496312105993,2.0
377.48283291396433,199.62918663528632,6.184144359562575,0.9995724665508583,0.9181456073626629,2.0
-369.9288760012117,-49.352731826428,6.915803805460156,0.9996371135413713,0.9068346212563858,2.0
72.3407215070552,-332.23354722737514,4.3413379915000485,0.9988169060653419,0.8595869249211378,2.0
-113.4963858708126,378.1438858148551,5.84245266302565,0.9991285737130456,0.838260973184063,2.0
-288.9185303840262,69.10722238087045,6.782590015869841,0.999398740851901,0.9094308445798824,2.0
298.36620965805633,365.05197166494236,5.213696774381151,0.9996848748106106,0.9248417999530559,2.0
-226.5686705757846,-337.95064457421154,5.426792076197349,0.9989629147832323,0.8484466947636338,2.0
-251.78414549478072,-319.6032628230157,4.769600887453744,0.9992647445661151,0.8820202579257637,2.0
277.33206548503694,297.9936183454499,7.236599472053691,0.9997704448081652,0.9180894741914508,2.0
433.5794543276531,145.2363656605507,5.1304247980812265,0.9994484172827953,0.8770032681552784,2.0
-341.32983472008624,167.75341849114326,4.476653927913469,0.9988930832343854,0.8612700167252633,2.0
-373.53012299201015,-263.39446581278685,5.887603253798754,0.9989184751252075,0.8466803469083451,2.0
363.10759204578983,-277.2828823349046,6.3554453380752545,0.9993653183719416,0.8886487039429831,2.0
148.77658450201028,-373.6722603717831,4.465321789910872,0.9996702308200515,0.9072081241409574,2.0
84.00334990492941,469.7638356361416,5.302879278932075,0.9992956663164096,0.8832003466336533,2.0
356.0713174793859,-160.8694972072083,4.275698287393247,0.999643907876905,0.9235131958367253,2.0
-102.87858463796772,381.6625534355446,5.388414466515165,0.999291415974464,0.8808641352883401,2.0
-360.2118862509208,-103.4747812475939,6.36301154094866,0.9984883061192339,0.8516534803193996,2.0
-321.76127144552396,250.866174014655,5.526649454697091,0.9995768271358921,0.9180274430030565,2.0
-92.02595688907849,-437.9567961380866,6.937236071538567,0.9996143813306994,0.9194230293261635,2.0
-193.33228411734078,293.2273096743492,5.226083471792303,0.9993171315986974,0.9045622867252001,2.0
-81.56485615014677,-374.09782285768284,5.086011777195453,0.9994950121722512,0.9132872080269079,2.0
-95.36744288498143,437.1128330330985,5.910777132298034,0.9993369939992572,0.86526764014393,2.0
240.31950184804805,445.9003924574671,5.7435777544654165,0.9995746620251846,0.9083218902034519,2.0
430.1644473194809,172.5897579353489,6.07677624099939,0.9986328073359915,0.8338189356492662,2.0
-351.6156517807839,123.03912329743079,5.5774235918331,0.9988498297688939,0.8605859767036849,2.0
207.2311457649244,447.19851403141416,6.381187911476576,0.9993179160222603,0.8670373833692612,2.0
-387.87381381390514,-37.48786998339279,5.658751337973848,0.999279452561232,0.8819526582491236,2.0
300.0970405494512,293.88544974498876,7.157989758382599,0.9994259912406586,0.8900945012669846,2.0
444.9541717451687,29.13900889235915,6.071848310345559,0.999247297866635,0.8789724484663377,2.0
-8.478615929158027,456.2848173274856,6.509664809403661,0.9996450009321107,0.9227047460988131,2.0
-191.43010146740409,-353.57083072540223,6.096992723055203,0.9997593516190312,0.9330361378784608,0.0
-301.7171293974693,265.4477155911094,4.9395325638107845,0.9994825700131619,0.8930458897312206,2.0
428.2042628306922,153.13734566662256,4.45594450771755,0.9996251575143998,0.9046816706147441,2.0
131.86320250937598,438.4465057889424,4.409723470036613,0.9987471183412241,0.8823207665160013,2.0
133.81969340812202,468.04479666234874,5.663000458362227,0.9997488096057209,0.9173314804092385,2.0
-137.9520102629201,-428.2417482517308,6.824489126620754,0.999444113596845,0.909605297488111,2.0
-245.03627578131994,77.94335667077846,5.043144185878965,0.9983502367820879,0.8424418774164598,2.0
284.6762591912071,400.7079291937506,6.015180048300403,0.999305206148564,0.9020217185013498,2.0
419.83738127040164,2.910094951569419,4.158547661194121,0.9994415519708274,0.9094413321263364,2.0
441.3289510886834,137.96308116435438,5.536987519498263,0.9989892276735808,0.8680613027615777,2.0
82.02602548457028,-336.50308256908005,6.300339601044709,0.9994645457540098,0.910630039163476,2.0
444.6475982857596,13.180854408484425,5.566993820102539,0.9995042669871861,0.8942402612296253,2.0
408.31142204408593,-203.87361284277492,5.466499056516067,0.9984493427961841,0.846629152284938,2.0
360.4069369006065,106.39700197462811,4.911370453795117,0.9986894185051679,0.8803634545053473,2.0
470.89921052042234,108.23616160356639,4.716670464448942,0.9995681971677617,0.9168336056005499,2.0
-196.6787105795835,220.68865234440548,4.684246777987186,0.999249660733951,0.8795658142663768,2.0
-348.85281973511286,-55.535500944523186,5.7599252086250425,0.9985629162336628,0.8294964025219481,2.0
-319.48207243072426,-292.70501342894653,5.087907829769921,0.9992702427992853,0.9019450141162142,2.0
321.80229799236565,348.3310007912066,5.545348424749666,0.9990522297669033,0.8287083845245404,2.0
-36.55626914592493,403.2226118876744,6.438878712147332,0.9993847678813716,0.8880571214551198,2.0
-178.89793653474112,-354.68090422154194,6.541431652879792,0.9986179314826932,0.8879557599692478,2.0
-354.24595631890793,-221.33888321642644,5.235976561993265,0.9991683646681875,0.8959492490858879,2.0
421.4379675150014,-96.63961762913023,6.240562138725575,0.9991666384132427,0.8753362455011134,2.0
318.0276232530603,291.8286046575675,5.279675071423326,0.9992609353395308,0.9029509052415119,2.0
365.2636622546423,202.604027697678,5.960325544968271,0.9989641580039392,0.8450917975273778,2.0
-192.41960002590068,258.64369467364605,4.444005270384065,0.9989331398984854,0.8456222934312575,2.0
80.4263512779168,480.39445363736246,5.953195791884978,0.9990542616110943,0.8302509264882588,2.0
-292.72261770384205,30.545916206957703,5.816151205138452,0.9994370370760326,0.908790127292915,2.0
148.09806922190973,-320.2015096243546,5.160799593497483,0.9991886260709376,0.8978433007578169,2.0
-157.0751216441194,279.87064882539386,4.844742185133704,0.9989140969236531,0.8411577936012321,2.0
312.20280521014166,348.85446972564006,4.104244102396867,0.9991844864610163,0.882543718766708,2.0
-46.42866006085168,372.1208265547542,4.756191001040954,0.9991071105950974,0.8747552879335092,2.0
301.08165935128915,-46.32154600098365,5.895196230043542,0.9995237750974928,0.885739579290618,2.0
404.50750904092973,-181.92688279688113,7.411509132754736,0.9992068227535122,0.8581354707231941,2.0
-205.81890498131847,288.6823611377243,7.40501409875597,0.9995334026693687,0.9146585635370053,2.0
-165.04624186531933,287.40473157902426,6.167037553328006,0.9997159178290251,0.9187974843522417,2.0
-224.5516681804394,-377.54654208235206,5.917491664996714,0.9995536423131005,0.9043155030665435,2.0
-284.24715639813223,272.0907261629934,5.016660863043862,0.9994379246606301,0.8904184042171817,2.0
410.07590355294707,-134.23771234036803,5.425794552744992,0.9995071114124146,0.8956370102797937,2.0
-332.490142848177,268.9373385543882,6.580664282138334,0.9996584399204145,0.9069958706549325,2.0
390.0414935153099,-84.13701733097545,6.695256327158523,0.9994812599999588,0.9138042564605923,2.0
-249.46492457809407,-331.58796057507516,7.484621483285601,0.9992747932475746,0.8839138500150211,2.0
189.05502679981885,448.6818671460464,4.7208665033520045,0.9995945659023355,0.9042996502932013,2.0
382.8217915561912,-201.98881460702088,4.924730196436409,0.998653202253772,0.8784921249972256,2.0
144.39818126393828,452.32219043720346,5.155969109254366,0.9985507167899826,0.8242260210934303,2.0
-82.06028833889458,-430.53979183455914,5.541276740704986,0.9989145136651773,0.8624630786077613,2.0
275.2418753535103,433.15584647494114,4.586271521670765,0.9984201319001946,0.8464728538587829,2.0
-342.0101506004257,205.20863940597482,4.58717593405769,0.999379713688216,0.9027622795808616,2.0
-202.00592676093083,209.88318159019806,5.893303340968533,0.9995798342585984,0.918873431707698,2.0
382.55961805203145,123.80706834513855,5.967598893636269,0.9993367678344216,0.9037549299451525,2.0
374.4673529612826,-71.91747200641713,4.713500769688716,0.9989258544918102,0.8652170136405122,2.0
230.64317846763151,-285.3634528708157,6.829464737151122,0.9997322674553274,0.9289183702846542,2.0
481.83389051585027,123.10255734215848,6.096426334802313,0.9994608487926094,0.8914623059106506,2.0
-92.5399226769298,-344.97840259129293,5.270047369004106,0.9989486470794539,0.8908069635596945,2.0
472.8169068256803,117.36629787725231,4.644409616716915,0.9987740381807663,0.8349143035042904,2.0
-8.626009840445311,492.3063630303752,5.016275807282006,0.9994914924450854,0.9130059433022562,2.0
-326.9231593382165,-43.57063651068418,7.417756656395868,0.9996681762641215,0.9232100396510611,2.0
-361.67438176892466,-88.82511833279298,5.050523337991044,0.9990536275635488,0.8924923565577503,2.0
-194.42685426934602,282.41712181888573,5.675925953198811,0.9990038684212512,0.8504996216501336,2.0
-358.1564435837604,90.57495589864745,6.767037030061001,0.9991284463447336,0.8564058780945708,2.0
-97.11838050290146,320.3008665291959,5.753948510612639,0.9991657604443869,0.8967580124640676,2.0
-106.20353966569037,433.14243163537304,5.672847968173844,0.9992754453850456,0.8607240429244322,2.0
432.79474363409724,31.571952028208134,6.398099097187476,0.9993134880144898,0.9030993928682666,2.0
337.14211417977356,272.3750566325175,3.5928739332547326,0.9984501700381245,0.872091310294236,2.0
-364.116554485022,-163.2640930084349,5.9471635102491165,0.9978387071197462,0.8579384027935543,2.0
-381.013810926368,56.68852700618384,6.0270981272555115,0.9997002464923843,0.9110831063789439,2.0
-20.57271703152541,462.5984560915071,6.401072234337218,0.9994262590047612,0.8885206911284798,2.0
-161.8265423035238,308.3774135510501,6.501216704075853,0.9993254907733923,0.9027955807908391,2.0
100.3429893967612,466.8843705923622,5.9389801081453255,0.9994177641878915,0.9077488474263129,2.0
-162.08730332535282,-420.9708849092204,6.575849268275484,0.9989006129603809,0.8517489432702294,2.0
314.5102659478232,185.5559692787597,5.218486578559342,0.9986500320359495,0.8793304407153978,2.0
-399.61531467285744,-32.66864162811511,7.09699905037871,0.9993245112809993,0.8827866313185554,2.0
355.0483646466193,-310.7121149979709,7.0272234249266905,0.9987844664525029,0.8371934728623996,2.0
-225.03958895214421,-360.58527622628236,7.487526239566797,0.9995608438067513,0.8988567854926333,2.0
145.0891956773724,-355.96318559433166,5.332123539343447,0.9994066146552592,0.8802860402308116,2.0
-256.46885533015484,-342.63706803692133,5.279384540383468,0.999527445058724,0.9150338492137139,2.0
-361.3512140016297,116.3361675382637,6.290435108261467,0.9994867244363406,0.89714389810436,2.0
362.3614097185916,213.64084265835194,5.502442419010004,0.9992408525842462,0.8783416127349555,2.0
57.62257658226529,-345.7067209110332,6.311025031970958,0.9994359175539247,0.8841340243789441,2.0
80.81257423351377,-347.33450515289496,4.659114550611017,0.9991158314896855,0.8941480149778228,2.0
-327.4382333824281,259.1033592835226,4.5076829655471595,0.9991835690034593,0.8754365641497138,2.0
422.65803549366217,142.9772344470864,6.0635328822946954,0.9993218291943139,0.8862699684526181,2.0
294.75483218402724,387.61921477442365,6.6298053944395905,0.9997399229223407,0.9156139108470044,2.0
198.46798659943389,317.1393821160197,5.720204783108997,0.9995881923496218,0.9192300127755082,2.0
87.50173425200641,489.6259474649823,5.72328358794781,0.9993245811643585,0.8635985378110742,2.0
-386.1375265703829,47.623771834650796,4.425384974478964,0.9989600573147811,0.8885897053108655,2.0
-350.98689154809597,-147.0920588839216,5.161042303412151,0.9978721853346275,0.8627462039760649,2.0
-345.31617760064796,-175.13979670004375,5.303000466441043,0.999723736204204,0.9286930502205576,2.0
-363.97928795179143,-174.83154718849474,5.750945783724373,0.9982113370821847,0.816837164994894,2.0
453.78664801515515,154.66815022279238,5.485124441518054,0.9989798023525963,0.888867843910131,2.0
289.21457109586515,301.97578965584506,5.328840261300364,0.9996521475263678,0.9088682676618329,2.0
-334.9592352506179,-158.88464911202908,4.825428124465804,0.9988526779634948,0.8600784354347746,2.0
-60.6526073354031,-417.7280424845227,5.254913933853474,0.9990921998288331,0.8968839251849761,2.0
-297.47537814968615,41.2381644472389,5.931077148716953,0.9990424897840815,0.8692201913382198,2.0
449.54267211641286,99.5172154066478,5.766121095138463,0.99947080367882,0.8924443274747897,2.0
-374.78567226209907,-87.73512632470546,5.445564425106728,0.9990339045458954,0.8687027891935958,2.0
-167.61186969379708,-359.5973459042318,5.750108418997705,0.9993481228568877,0.9286731849081907,2.0
256.0191716414369,440.4581700882278,6.2587228360372515,0.9996449167385915,0.9264293846710823,2.0
-392.17378595218383,67.95625199068728,6.699426797921189,0.999385390322756,0.8894353346537509,2.0
-403.22399445909724,117.56201119254736,6.309057632462451,0.9997659185990024,0.9326436534758968,2.0
-290.58422010978654,262.33834416275727,6.641324756452143,0.9996735432697027,0.8946882434093234,2.0
-312.5770078672912,-232.32210661502688,5.970553879680298,0.9986713531766401,0.831432632573682,2.0
-131.82981912067956,390.5805735017128,5.339024383922195,0.9995250432181483,0.9137042122123229,2.0
-353.1066305303508,79.65978128922745,5.294926923902299,0.9996795962769156,0.910016067655167,2.0
291.667623057998,420.09262659552417,5.484639084247209,0.9993798109073878,0.8719457081708223,2.0
-151.93933563605924,-413.5544221856691,6.096878565222204,0.9990905875394237,0.8919457382952591,2.0
-201.3086893636004,-345.719975194057,6.591343928513059,0.9995015728889772,0.9129165871788125,2.0
440.87621670448425,-33.05872053974269,4.670780710345485,0.9997091515662728,0.926653967041619,2.0
302.7412209626324,379.02624432582024,5.125871554838682,0.9993620108957381,0.9071713745835486,2.0
-213.17186146686035,-352.64856925546803,5.994912143911405,0.9992473536174543,0.9010816218558976,2.0
-202.97886995680554,-357.44241688160764,5.3214841275634,0.9990566679496511,0.8918627289635731,2.0
218.91622136370896,-260.1322497574586,4.422453970496461,0.9997948474762646,0.9293574514764086,2.0
-278.2554617498594,75.65063658070274,5.81759792567358,0.9982859188466369,0.8142900313045279,2.0
393.36779480695185,197.00186300992394,5.20056938224718,0.9989094326960252,0.8669969450970341,2.0
-119.18538889434443,-441.7646942009445,4.9905619958967185,0.9987187454873858,0.8563426992085068,2.0
437.4581599480501,20.956908938418312,5.070526875182397,0.9993182048620345,0.9025976462515487,2.0
316.00739308300996,357.4505402814967,5.305259921228814,0.9996505088851534,0.9132173857333838,2.0
-40.589818959625866,448.45024067063775,5.321360116249547,0.9992916906099817,0.924608623607907,2.0
-362.1849485713455,32.56446287551928,4.6607341325270655,0.9986841449691976,0.8594118708538259,2.0
367.17843313423367,-306.56385784131896,5.9024078174301975,0.9984827154892851,0.8091659785505001,2.0
65.44310017557018,-338.020704247185,4.7203873797936895,0.9989455886009984,0.8654885451106177,2.0
268.99631204265137,442.3973452965328,6.621540936722681,0.9993444588260861,0.8904611865829984,2.0
55.90271078475144,-322.2569064775237,5.282139559083021,0.9987253555656522,0.834230042415616,2.0
-121.92677685592226,385.8878119761032,5.667266295771656,0.9995071395362213,0.9141403353290278,2.0
-321.29870199369583,-276.31223329098754,5.8262592731429,0.9989292686000825,0.8888335178904376,2.0
411.68144943399454,-90.61960958381911,5.270992572417455,0.998994580939349,0.8488008938675909,2.0
-59.554672664527246,-429.09852387707843,6.197785897735855,0.9992383071880162,0.8672668981563451,2.0
-166.1571152188563,-300.2783178524958,6.409850805392806,0.9985350095766687,0.854593262966616,2.0
451.23654080657707,133.15086089430227,5.529823555047534,0.9990274469706364,0.8690413286757147,2.0
147.03832195764934,-115.97684870948777,5.312955708283017,0.9977386403087716,0.8005042852550138,2.0
136.84900202426823,-112.37374789952393,5.531342667218841,0.9994543483321098,0.8929386413481528,2.0
263.92707059804366,429.3475365790451,7.433595684246554,0.9992232054649303,0.8400844130310989,2.0
399.3115717134759,112.56509672233722,4.8163536792510255,0.9987830371041083,0.8592119176537776,2.0
294.25342590005096,355.6424527459544,5.085930335995238,0.9989304875432337,0.8443214439518304,2.0
-167.0995334603985,-380.62839429852454,4.408788258070729,0.9977563205681137,0.8316771735239528,2.0
250.5204203028686,451.08989437373526,5.759184859418592,0.9989189794078865,0.8462649933176911,2.0
-119.939902436925,337.95247624503867,5.739646856035055,0.999451438627034,0.9095675498144348,2.0
126.17188252200324,-137.17652875998724,3.457077624794603,0.9985701944854457,0.8553045424767012,2.0
80.99036418345936,502.42795182498037,6.025552492130745,0.9995579992877365,0.9037336417353021,2.0
-156.13234942898697,269.40702329289644,5.709944062963484,0.9994377534934923,0.9087752354185047,2.0
-388.8688659801539,-159.77799364760077,5.778649683201545,0.9989257934198097,0.8658075139530808,2.0
92.51563529513435,422.0325700651494,4.998649439452233,0.9993842709486601,0.9064567553104695,2.0
-373.03557708353395,-18.031621588528036,5.641033696262716,0.9989860658640135,0.8663460388149486,2.0
382.22072063928357,135.7894389392978,4.502896672817793,0.9994808717431453,0.9174964818820639,2.0
-175.48933771666248,291.33895915144103,4.91522171847366,0.9990427132245738,0.8698516941029927,2.0
-115.80383316733965,-432.0207101803755,5.38185344737324,0.9989119491140496,0.8627919970833843,2.0
442.36520317526106,89.80650830100545,6.278171094402865,0.9996404734250499,0.9221687662185204,2.0
432.16601589623644,-82.69422293220883,4.731057687320374,0.9997491390523405,0.9306364011143049,2.0
153.81638263798627,457.1472285753095,5.489565125120162,0.9992926344212957,0.9070088765585802,2.0
373.3939812422907,210.46937491502592,5.432566374398893,0.9989443905483755,0.8679414706708215,2.0
437.50158056017364,160.98746908888543,7.730806996339498,0.9991555251930226,0.8607609244006758,2.0
-132.08718827919856,-311.23890090065305,6.783324178870455,0.9994520885375764,0.8756197127300605,2.0
-357.24675371308814,-245.07712584984603,6.655236025747118,0.9992964327829229,0.8859498783935028,2.0
-306.6346941841619,286.9868013677889,6.645393986862331,0.9993329658579844,0.8830143729940869,2.0
317.8044838737312,330.77757390537664,6.772411076305302,0.9991477711332696,0.8987237859359952,2.0
-90.74272100181747,337.5532514363017,5.368783212204652,0.9991263925581445,0.8752144645182606,2.0
396.6985272135655,167.49907346749197,4.995861081657828,0.9994605316163784,0.8957747759349426,2.0
305.0353520723885,327.33169416059854,6.164038008230914,0.9991510127087726,0.8795843177645276,2.0
-323.3800078013274,201.48937620008633,5.0938131409384475,0.9986255656504026,0.8379955265549198,2.0
291.05387264614484,312.23130353047003,5.102885746171675,0.999480339474489,0.9008175930080456,2.0
443.9269320574217,149.04530158271976,5.9283147462695895,0.9987022432721052,0.8380569444062242,2.0
67.19701737204984,-358.40439752686956,4.981837557481893,0.9990069463980876,0.8460297891557808,2.0
-56.764690166962005,394.3721594972591,4.104994236207583,0.9984407175458688,0.8738288932516316,2.0
453.04992990167375,143.35025586183116,4.872880980937733,0.9993574621474125,0.9043539135835971,2.0
-77.43974012460832,374.0416923248787,4.6058847879175255,0.9993894816114561,0.9061883634682468,2.0
-298.61541609678676,62.268454104615294,5.1696227353969375,0.9986766896797658,0.8650316131011039,2.0
378.391143959418,-325.66186087230204,5.992011374993684,0.9993653057956771,0.8891156600306135,2.0
-380.09937188232277,-28.382401261532646,6.348649992997241,0.9997413347199622,0.9252900338163562,2.0
-396.85710731826,41.93706465197756,7.263202358087008,0.9995136032732681,0.9135229073949459,2.0
-157.11241459501016,296.48765177884417,5.898306319314186,0.9998539715458976,0.932794505783147,2.0
331.7579939344245,-306.3944506611662,5.603500871677632,0.9994620502573581,0.9081687777321644,2.0
-158.10614557393183,-379.18349094748925,4.75818009669099,0.9991708640765454,0.8963272459249622,2.0
-328.08690467369064,25.032203521534512,4.728033669638084,0.9987870537885846,0.8633175311248222,2.0
114.60325634039452,491.90472447243775,7.170548694661232,0.9991896419972187,0.8612148803430472,2.0
438.82856611461744,-12.692412711056663,6.155383328265782,0.9993237079204195,0.8953913157729538,2.0
-373.89446710114925,-168.2605569896534,5.149191445592886,0.997855346338765,0.8291146642209454,2.0
152.21093447955894,467.7204832349205,4.953566067430798,0.9994392287832595,0.9085781537825147,2.0
-115.45966045784479,366.6722112221034,5.8191610202588295,0.9995209915732531,0.880126176124918,2.0
313.9207874014998,317.5057430453828,7.175868794860822,0.998408192646263,0.8477315191176653,2.0
376.5860363153927,-301.5180879778399,4.865918714327846,0.9979577298885803,0.8177082785174198,2.0
-312.377251977883,43.12152882320523,4.994438313231273,0.998654504145756,0.8792759682235388,2.0
391.7152902854268,130.35582439393232,5.344386150896177,0.9992331353488482,0.8985323509703261,2.0
298.67686340462626,305.80829459315913,4.917238461475391,0.9986687790710347,0.8310977751212151,2.0
-150.61599883152584,-426.17915774251907,6.055714450573214,0.9996273055466006,0.906611996569534,2.0
240.6447744237865,404.17050272017235,4.4903352338690095,0.9992595674068138,0.8800607418233303,2.0
411.76035823869967,146.30974356885608,4.871863993816388,0.9994733318223866,0.9109568244953195,2.0
458.52192080462726,94.23396858892373,4.709463829267094,0.9989526210108728,0.8643949026103142,2.0
-292.60291448096734,92.27198247546222,4.653674762714821,0.9989776309478664,0.8668238236826072,2.0
-198.829192812387,264.90809378420636,4.577257867175692,0.9983464085284732,0.8451470441857827,2.0
-19.684646015637497,450.9549558914593,5.323362683983526,0.9993739109739982,0.905576907850536,2.0
-324.3228733484254,276.51485757034754,4.602460272817952,0.9988692281147878,0.8606996628684994,2.0
-168.17052565130922,298.45245709962217,5.357430465744726,0.9989520894801042,0.8491009632224265,2.0
493.0964807750453,121.82315846260556,5.297433522395331,0.9990049606276,0.8462468757121373,2.0
367.8885366115132,230.10867427908926,4.684814556234,0.9988305911738713,0.8398791589726349,2.0
141.96177598895224,-346.427810520921,4.744754481871185,0.9991055969089049,0.8741678312662217,2.0
370.1853081322338,-85.7542308757097,4.692135230186897,0.9984350441464497,0.8446536925254543,2.0
424.18647650393143,162.48790996462785,5.7477041531023945,0.9985765164755789,0.8125874644511693,2.0
328.4880124555176,367.91524806234867,5.573906701991276,0.9996391671014764,0.9065368559495501,2.0
-75.10350269584471,-422.14143215219127,5.442318941737227,0.9987311830776936,0.8624611389720258,2.0
-113.83471452759532,398.0325677987697,5.060614451740597,0.9997056901141796,0.92952897018704,2.0
-204.68428302750746,244.62226351367934,6.021273547460335,0.99940814792094,0.8709076660487166,2.0
181.71100149062661,293.0664605820154,4.946615307234274,0.9992368818075713,0.8592612159038252,2.0
133.51711566389673,-348.7340660109337,4.061217128502874,0.9985092915242224,0.87420134211093,2.0
318.9329204563752,366.39697941707095,4.1270224846359,0.9997150166395075,0.9275486608457835,2.0
247.41478681382455,312.38069156376497,6.009930874744515,0.9994979642725133,0.9145638060845279,2.0
-374.34224294607145,-178.6907884627145,5.383707510756648,0.9987208936215664,0.8797982147453228,2.0
241.4346136819045,-281.4652862004221,4.685247468397677,0.999069938290414,0.8489871514076108,2.0
450.1829378059609,80.02969225797793,6.292644023361739,0.9993663417037465,0.8858929206264221,2.0
449.20553950963404,-18.898142662758627,6.016110147672931,0.9990014346325222,0.8693127139431105,2.0
-109.61782011278838,346.85988710676463,6.79601274483587,0.9995728662062894,0.901408653845752,2.0
-390.5096632997848,31.014306191975667,5.439870126728823,0.9987585143239243,0.8369528956897133,2.0
-335.88179260892883,-12.368087274929783,5.368228865506665,0.9986033305130877,0.8373591834211483,2.0
137.8164872870036,-315.3879741338016,6.25683503999936,0.9993716268812101,0.9063600225008376,2.0
-91.90792778571492,-412.92711954128714,5.0636838644751805,0.9983657030073544,0.8457234522378373,2.0
74.31800245679747,-367.0779382858694,6.295716473464636,0.9992171341460733,0.8570743522063662,2.0
11.652486552598559,491.6056354490896,5.812712589636293,0.9996465321634241,0.9006898064546074,2.0
462.0602980815728,136.60508171968664,5.9108873578301875,0.9990548382402997,0.8695500141264576,2.0
-343.2402659831215,276.8745674541521,5.405123551159829,0.9992818916013336,0.9250485075685241,2.0
100.324343332605,490.72513157377847,7.190012749219634,0.9992796302766277,0.8479591658453647,2.0
491.1146240155635,111.43843648840537,5.3266029967597115,0.9989221094426344,0.8635925638872262,2.0
116.39482267381712,-338.2201611553849,6.511097885024418,0.9992224170129732,0.9007613420985069,2.0
138.91212170070736,176.0436268675132,5.604858584786675,0.9987957868694034,0.8423870618776085,2.0
-383.57976901218484,-17.593684216311484,4.988762917122738,0.9989927357803232,0.8842478285252122,2.0
-14.85892581272848,380.3703536433804,5.461945967149587,0.9995725282648737,0.9166538175861235,2.0
90.3716691779162,509.2816819182373,5.641108194801471,0.9992646394660651,0.8596889761146687,2.0
-386.66670149857356,131.03991248315893,7.128631689669025,0.9996203700645133,0.9067488628209458,2.0
48.054147912658316,339.59985199329503,5.8494734201576035,0.9976891325793,0.8059949974377107,2.0
368.2325866597303,3.921067278067487,4.642080350419308,0.9993672124691553,0.884974328653122,2.0
342.2115268320159,188.54301637493523,4.353730996061044,0.9985618331320196,0.8253025003513346,2.0
441.74540962344867,175.64574085793234,5.933420969795591,0.9995113681386343,0.8969410598024709,2.0
-166.02985799865365,274.6748363633926,5.555912029371907,0.9993039244439539,0.8811336989806331,2.0
-95.58754622582003,291.61473745478736,5.576403476948111,0.9996355155661284,0.9212734287423794,2.0
422.2075783326846,182.25582073417655,5.703538568106984,0.999454422673204,0.9115516235902773,2.0
-8.570130177454358,-377.63607714411137,5.747463204426481,0.9988432292972949,0.8943332445778784,2.0
-358.61947315444456,-209.57897071414442,7.357636445263106,0.9995266977170029,0.9150525974557652,2.0
-54.248512981238925,419.1686989117936,7.751681233243263,0.9994886604729564,0.8948260791630398,2.0
310.9053523222076,-42.5155664906358,4.648055150819803,0.9994437741499891,0.9184593436330584,2.0
43.358303870037794,326.6136769626365,5.012669407702565,0.9966519678164447,0.7774218298158507,2.0
-106.45821030820053,-468.9585280251339,5.03878040326671,0.9994457503250159,0.9312262856735402,2.0
321.0285684629853,231.01386731007446,4.997552628754424,0.9985091189137535,0.8253721503072885,2.0
143.54315948117994,462.56138698638233,5.178065219054142,0.9991371433379704,0.8724825397469365,2.0
-126.90849174219053,349.21330946143354,7.556117898234886,0.9996482163137965,0.9220669733697108,2.0
-315.45597969928974,10.89845740789377,5.24305509950906,0.9990956921510993,0.8734200374647144,2.0
-146.93172468006065,232.21206797504743,5.65234711467908,0.9994468017459203,0.9090368367186048,2.0
370.397230126881,220.6101152838629,5.187522269204141,0.9991952132140367,0.8752216786829947,2.0
91.87901467476787,499.0716379738884,4.7277846305137725,0.9993077511257304,0.9020679253346061,2.0
-45.44185209158623,438.5824457154985,4.749537136671212,0.9987699933651251,0.9111188172533359,2.0
76.88901148481905,-356.118404407919,5.008946626535111,0.9994447436151617,0.8953850126782938,2.0
-76.23929830207715,272.8274044850916,4.1134582835438485,0.9992388263288432,0.8988842053794486,2.0
324.7431222899701,222.14425685585363,4.655952030809826,0.9995288167494322,0.9139280020061629,2.0
258.0882175542075,418.29982657275434,5.141508430572993,0.9987369794282899,0.8605448206181373,2.0
29.151092749669594,471.4700716894247,5.604654028543265,0.9994897241929346,0.9114512160737764,2.0
-87.68754084093271,347.5338803247178,5.138086360130872,0.998605748328946,0.8501891996177481,2.0
-149.86526130966308,305.680383641811,5.829188086649597,0.9990878684021701,0.8574045649687425,2.0
79.72814054925382,514.7306792534948,6.351383347073833,0.9997608457721313,0.9203610225450602,2.0
-261.59153102559566,-323.1975808381957,5.710252026111193,0.9997601320686302,0.9311449189942955,2.0
319.3558158190958,304.2681666629047,7.292749270127033,0.9986344333301239,0.8579074461859293,2.0
-7.698155494924638,-387.80996237469907,4.5731306485173775,0.9977461042482907,0.8575690262408996,2.0
-353.4394322390307,282.93663865549746,6.42861134340632,0.9996273470791289,0.9142671815760101,2.0
-412.2721778526291,22.89680321212344,5.660857077141709,0.9988167701139141,0.8660086332944534,2.0
-78.05376192199776,-440.17007869652326,4.94821263895327,0.9989099115970327,0.8865535884743548,2.0
-371.36126278216835,121.6582294444972,5.103174354406916,0.997986148056586,0.8106982531922788,2.0
-79.79081930003608,-354.366300432076,4.6727791225794775,0.9952908972235106,0.7835691743787419,2.0
139.12424850500747,487.2012253074312,5.076803382504001,0.9994255620839515,0.8915420204321435,2.0
-56.82047173824334,-328.92794546789816,5.464726264884605,0.9989416452481311,0.8640033144253387,2.0
264.299980046359,-281.750917978064,6.902363382107508,0.9995042910280838,0.9141755271207128,2.0
304.1937290560991,-136.04974098213245,4.602007093816044,0.9985839774441809,0.8492762663442666,2.0
-99.7946954451014,341.3764567755755,4.488080358839724,0.9992102460932659,0.876467261140594,2.0
67.45716165655416,-376.9083469428354,5.760009089279942,0.9991585982514681,0.8758416639269422,2.0
231.7128871024244,-233.7339419056616,5.1837376673050635,0.9992684645839596,0.8900807510841046,2.0
-324.7923612979647,-10.631969857899202,5.933755786478476,0.9989517021907581,0.8469305382451602,2.0
-29.126828728603446,455.09742361055277,5.03292640929999,0.9985922089814976,0.8519187068534814,2.0
71.44292114288652,301.488551970394,4.973099765852566,0.9944469506985304,0.8057604853678503,2.0
-150.1217281125271,-449.77596646567594,4.581224679101283,0.9995836153923222,0.9177747176875628,2.0
450.93909660721715,-5.914931933149726,5.3559576130139765,0.9995900099441786,0.9176182785501622,2.0
438.3333742882179,77.24412695664253,5.927544809031063,0.9994378043141854,0.8925637086189241,2.0
399.10943758626087,205.75731794659828,5.294057975229995,0.9998044029808756,0.9240152226579176,2.0
427.9442041802249,-34.302681313937576,5.298372450504091,0.9995034970608059,0.9330946589950952,0.0
430.7382999987803,135.6713169597791,4.859578199736791,0.9997177509860309,0.9148267744755021,2.0
-393.13318837792724,-171.66557144121376,5.5758920289284335,0.9997331347938082,0.9305077677828882,2.0
492.4351525074729,143.45066810748173,6.088923092126858,0.9992284517274037,0.9005604057826363,2.0
-295.0820252640698,274.1545760860659,6.038771480306827,0.999623650748452,0.9047527091570108,2.0
127.47060058013999,475.46386990934127,4.126761288736081,0.9994913176648409,0.8931008453712046,2.0
-362.0216573113884,-18.921431450138268,5.456889408757573,0.9993128839595158,0.8878379584112011,2.0
366.0696739382132,-319.0858825570518,6.719615457604721,0.9995571844735095,0.8985616684333447,2.0
-113.58394847519412,297.11527559674465,4.2796044592010976,0.9982353997293083,0.838941621080297,2.0
-106.66168991545966,290.121354227405,5.629786453622008,0.9993900596696147,0.8960162170788908,2.0
437.165825429164,128.9381550654345,4.478129861745932,0.9983372085798853,0.8468739712928076,2.0
420.0687257722368,206.30290427707428,6.3004470191150554,0.9994977365920893,0.898810141188663,2.0
140.14289345673575,-375.67138855351584,4.421354583405483,0.9993899872623028,0.8693359321972891,2.0
-35.78673021097579,462.8878207494352,5.285914607126804,0.9990990281201455,0.8930150781832616,2.0
421.84400872278394,92.65180443734653,5.915740078969372,0.9985276819335608,0.8251138907742666,2.0
196.5520753508878,440.9811029648202,6.037870990399909,0.9995160311264738,0.9021035437382058,2.0
-80.72142639337295,-451.4316105910884,6.699299516266856,0.9990273057709155,0.8462659402362466,2.0
-382.277818001465,106.23263645677807,5.7203698253719475,0.999040996899776,0.857095591245607,2.0
-277.8867247308031,264.08299031721845,5.25682640142697,0.9993445958128674,0.8855356160837928,2.0
400.4761188210917,149.4946539458609,6.89563030884147,0.9994197193347171,0.8745096002223375,2.0
-368.5764409413231,-95.98978846284295,4.946888448795427,0.9986581034351156,0.8546224309254337,2.0
441.7509608368475,190.9962141593813,5.31497968893908,0.9985795442623928,0.8505569522565074,2.0
342.5926154433962,128.54525172346982,4.927901889275895,0.9992833364856284,0.9020531505364862,2.0
143.2662988377064,472.4681242144392,4.7893256132416955,0.9992213772370174,0.8807623911268664,2.0
58.377045967592146,-384.5875079142466,6.202767891665534,0.9991351523561113,0.8724060173666809,2.0
-354.6144056039842,-257.39053610501475,5.985152102771895,0.9989589132840098,0.8427970243274164,2.0
470.52641457788155,127.96456905583558,6.2447759648422405,0.9996287004669968,0.9214106316860842,2.0
-91.7565550899421,-425.10121170783367,5.640831976043058,0.9993629193769943,0.9213113216817219,2.0
-400.88584821781683,30.19053672137996,5.006998186326462,0.9996511239365315,0.9222479529820733,2.0
96.78432523955269,531.399583234123,4.727101123892903,0.9994518221677031,0.9098803002317368,2.0
-217.390440021754,18.028574283219083,5.160288098557752,0.9994984216440054,0.9119048201362399,2.0
258.0636494360334,-271.46185269684213,5.18909029109297,0.9992089328740569,0.8978259868313594,2.0
192.7520654719441,-324.7583507358094,7.086093793078939,0.9993505368928314,0.8955252816958843,2.0
-163.21748849175913,319.80542051563145,5.086344483915981,0.9989899199295177,0.8690904475494207,2.0
336.1797165702814,360.1346024258524,5.38819806158148,0.9993591432384634,0.868246293006366,2.0
388.79627499523866,152.08274900427062,5.102388598325195,0.9994889258424546,0.9120336856975656,2.0
123.97227344800928,-363.05447197214545,5.1488455993492614,0.9992402816029607,0.8648206672461773,2.0
373.37484554580357,238.67178914806823,5.5078876856731,0.9996997914753886,0.9280138092194096,2.0
284.1026386711771,330.9429826155069,6.159626825263549,0.9997250653558023,0.9063016171522621,2.0
382.49808968054793,217.26219203608667,6.0035257686834935,0.9989517442391713,0.8644599673453887,2.0
302.2462527446341,229.84277305259582,6.445797238884021,0.9991981674463051,0.8971666723245847,2.0
-183.52717863394017,297.94968896419783,5.523828463120608,0.9992135086070782,0.8784409272909861,2.0
-353.7493789817713,270.58537512453233,5.961978925997619,0.9997598989946559,0.932324623075342,2.0
-307.3079591611412,-46.04370911958698,5.285357627020498,0.9987167822570637,0.8553224840463697,2.0
177.03283971742684,-354.82673246781724,5.474907257582705,0.9993060113925541,0.8648574955715048,2.0
-374.50703111753575,131.30793291164312,5.086604595448171,0.9991486478134421,0.8733734211939986,2.0
-326.0786769691521,-140.3012429078993,5.237169944377805,0.9983000610715924,0.8681711568690638,2.0
-345.13683752379416,9.623339467670046,5.370061650407515,0.9996241853289732,0.9203208712119043,2.0
127.36377547099478,-331.12509388365237,6.03517698154246,0.999440597579963,0.8965048465110333,2.0
-99.72795243482203,331.3153142231751,5.615121682480286,0.9993053531900882,0.8623385149425575,2.0
281.98011765874816,438.1823726668571,3.878225488831978,0.9988047880300208,0.8877265090244633,2.0
-351.8886950204929,46.72356223797244,4.950233640245499,0.9995840321721778,0.9048874837381345,2.0
-335.5561166066818,-120.95915140131683,4.645443630626114,0.9957345775364408,0.8218870154930489,2.0
363.80127514233294,158.22577978094506,5.436365755787715,0.9997463335236277,0.9176568652481225,2.0
-142.83703452794978,-456.6046843693689,5.427808659790182,0.9996154973067438,0.9219649642126571,2.0
-355.344075462264,-191.75723906901501,4.958628638433886,0.9995388146863602,0.9145744055446857,2.0
-273.2258728615212,285.7437235289572,6.935165548197153,0.9998231990720502,0.925174734137716,2.0
-393.79046763347975,55.10454816125624,6.336185157035542,0.9990387517832446,0.8695688302947547,2.0
-29.5280134183793,443.141080704535,7.0124777018791695,0.9992090608758116,0.8762731718485837,2.0
-84.59185033259868,455.7194285114702,5.9708681257196465,0.9996432853004555,0.9057755434326654,2.0
-281.67072220427224,253.7558138511921,5.77788544925696,0.9989843824062226,0.8512045389636848,2.0
-21.94871735564611,-404.51071606212867,4.0451930033816375,0.9964649019295959,0.8332061198117481,2.0
75.87755576335599,491.49919450715,6.091099046752017,0.9994208325398642,0.888479196703254,2.0
376.38820307211563,155.58598107250208,5.317291628527318,0.9993113299285771,0.8814608178705559,2.0
158.45780365855347,476.60506901245355,5.950898808846126,0.9990512845170849,0.8496569632122999,2.0
127.21754694498613,-342.18580453802537,5.092990052226417,0.9986436945876838,0.8333103602201084,2.0
-385.28724231367073,-89.63286998314256,5.287759004621158,0.9992839618307562,0.9248065531500015,2.0
385.5534796518753,163.56025960221857,6.872121704368938,0.9994941872099027,0.876885311710802,2.0
-199.54077408843045,303.33097685209134,6.70069978400047,0.9993891039766619,0.8882105070240989,2.0
-67.48520086778296,-446.8916976668123,7.364303590624915,0.9996579847951006,0.914643986257434,2.0
-347.22341767829926,-200.7041302198893,7.162915710576091,0.9990132534165462,0.8559436126656054,2.0
-376.4411030592128,-158.51482908020128,5.019059894556157,0.9977785240347017,0.8560928477877553,2.0
443.21667311608525,-68.96366301550297,5.24361117826716,0.9990335412619001,0.8686319335159577,2.0
-223.1856091886593,261.4913057883219,7.104233603837819,0.9991455054060789,0.8756801517603428,2.0
-357.34061920682115,-232.26587401335505,6.180955453425497,0.9989924927934765,0.8512816074789432,2.0
358.5720727643832,228.49111317008695,4.8114089615719395,0.9994055425983307,0.9071784631275482,2.0
-85.6053397437448,432.4282174377839,4.962013973864118,0.9994516284596061,0.9096950552196746,2.0
419.51951733591227,-44.85335852381171,5.9654536369375215,0.9991774373273671,0.8962491380363206,2.0
-340.10952085738506,-270.72696482974,5.035789043970688,0.9992470023891037,0.9011082556018514,2.0
-377.9000657568008,84.37803534258224,4.565824794370924,0.9994463095371243,0.9115072105038866,2.0
-328.15906354475607,54.16463905057018,6.6126756975523175,0.999509923725153,0.8808869729958851,2.0
-382.27243616175025,118.28436643003971,6.410416282377003,0.9990300446317462,0.8680317044188302,2.0
135.77832370003432,478.12953513412464,4.63101541290081,0.999505305188778,0.8947671658230371,2.0
-99.09317915563406,-405.1738046373166,5.560144419671196,0.9995143518327411,0.8976574672623799,2.0
-293.42135969979967,-320.91256819022846,6.372657349403611,0.9983375961227494,0.842121596478627,2.0
354.9374896414907,-322.6485961866612,5.020756857497268,0.9979332864992158,0.8084470654107457,2.0
354.4897678318476,380.7694936070504,5.943939119416817,0.9985812437684671,0.8552855692926559,2.0
190.55527332767574,470.57114935857993,6.326751643750116,0.9990725611989978,0.8730558681534241,2.0
-341.4660853113842,289.2211346655733,7.148657433962386,0.9987684532885538,0.8148515060476277,2.0
-344.116266353508,-2.925166289644444,7.246581781192608,0.999014112352248,0.8142497468714738,2.0
-115.68442839149424,467.3916501617528,5.086150066236428,0.9986234729339343,0.8280592320137902,2.0
392.78364082620885,119.88576024631904,5.046349454808131,0.9992431885803359,0.8996427718286477,2.0
-104.5668381203155,403.5887463683071,5.482721879226851,0.9993044954261524,0.8872822017902732,2.0
414.97573278032417,-111.87894368982951,4.67218377497422,0.998815582714327,0.8593290016753513,2.0
-383.53003449867646,-168.55468890768304,4.559352226179194,0.9987506613869823,0.8576501135606254,2.0
-250.85333651808156,228.27327575328357,6.221100824006109,0.9992242553615556,0.8783104944078999,2.0
-391.37067784111554,20.276291264499218,5.408693668946361,0.9987636568358483,0.8567941906209539,2.0
-274.5990869281659,245.54886210773424,5.080441920477615,0.9994153012839934,0.9096414399626847,2.0
-334.41052688590685,-320.93536334613947,4.813405000545266,0.9997334538393194,0.9287786057548162,2.0
-10.184227151050406,467.9710383990337,5.3511120992051255,0.9988647164038436,0.8617325880501577,2.0
341.37105626762684,263.9241821410932,4.48912832215425,0.9987709425364322,0.8626684006647148,2.0
62.6490225915256,478.9661069694465,5.120942376844824,0.9995548372540313,0.9006914751977536,2.0
182.98095513952012,-362.930546087947,4.62804605355746,0.9991151275332995,0.8727509395476408,2.0
84.67824012327802,-320.9196042133495,5.217102202185907,0.9993461046582619,0.904603492848326,2.0
203.2782656036493,-315.9644666952923,5.667271514263659,0.9992437106565681,0.8811716684663945,2.0
262.5298601946435,-261.5274226398107,5.75152822411385,0.9996468677179738,0.9241117357077782,2.0
-140.5164673136367,313.97157921463304,6.725729712221562,0.999037406559367,0.8475065245167545,2.0
-64.99915671274023,388.40595199479395,6.144964837385935,0.9992639796417729,0.8851589539616368,2.0
-321.7010925485359,45.07722874254557,4.593126572099853,0.9981699318958583,0.8102312453419107,2.0
-316.2687202877726,52.9782630508168,5.046148150568246,0.9991495922810678,0.8955268944582323,2.0
-333.4675595522849,-260.4282597106352,5.17689694018479,0.9983721592246111,0.8424593646747502,2.0
-424.1756636758998,24.5921806268934,6.391438129031467,0.9995016639948496,0.8778683259627383,2.0
28.155805087122573,-400.55240831462044,7.063492933151193,0.9986192088885868,0.8686301745445624,2.0
453.4793314276882,-44.85897899375688,5.487177005762947,0.9991610463566615,0.8543879233347749,2.0
264.0415613999643,300.0894041455833,6.257213034136698,0.9997226920035889,0.9194219558108817,2.0
-11.048471713776578,444.7422726482448,5.376686537391758,0.9988981531163885,0.8469641032759325,2.0
-375.04214903955557,-107.27995987597137,5.550372262875062,0.9994362062820136,0.908912508920072,2.0
-350.7424204544982,-268.61518219524845,5.8729128766850485,0.9994609797684515,0.9312665410620069,2.0
-109.04273831880177,323.7233418723136,6.439681660138377,0.9994646441486292,0.8764495664086027,2.0
112.39059747941577,-319.93331655103174,5.336430871160815,0.9991920675130926,0.8904875624395094,2.0
123.67391470727621,-352.2932958918906,5.659196401720755,0.999670654485019,0.9238128365713826,2.0
214.85114762908626,-69.2269257980513,5.440592133068864,0.9983457199033566,0.8170368487515509,2.0
374.14521172505397,165.3066335118255,4.711453297297833,0.9989670769380952,0.8642936555373218,2.0
-148.0879255348701,340.23622395635505,6.448219238730671,0.9993508293833423,0.8871883290540405,2.0
-77.46741685767213,437.60768281043687,4.721045983477578,0.9983736072478111,0.8214691515402742,2.0
100.7346005605619,-343.9791485796624,7.160274352706912,0.9994109937393573,0.8926489038777491,2.0
-176.0269191318775,307.16164643535114,6.400081606853395,0.9997372389587434,0.9296171385267252,2.0
-335.92785857573125,300.90717238630333,5.8430357980148395,0.9992959624066452,0.8837977347017548,2.0
-277.2190417621335,297.56830344220623,5.566126688242265,0.9996807227763104,0.9256511016577212,2.0
379.19708255457465,-266.24194422724935,5.688603415438387,0.998758585825316,0.8594181766318885,2.0
-115.99291195883683,313.7531019000384,5.736689895008223,0.9993597571727786,0.8677951915755863,2.0
0.6802397381905356,395.54366955797786,5.758725342157573,0.9987294979609185,0.8591326606783841,2.0
378.2822384199618,228.3532735430393,5.913454945003496,0.9990535660630289,0.8482818692785159,2.0
355.21189110111203,247.2661269248197,5.900271164674745,0.9996065352059317,0.9026862935764183,2.0
222.19555587539668,233.49336033220834,4.828134635097901,0.9971598919101905,0.8263597470835212,2.0
-183.8233128359079,-378.2673534205795,5.445354085602117,0.9980324512154459,0.8400419348913318,2.0
108.5949208799915,478.0697674212123,8.013227789305185,0.9989731093388681,0.8270858525990598,2.0
-349.9889075767181,-44.83477547309855,5.0540472843282345,0.9994685921922812,0.9055333290702928,2.0
326.17398595132477,274.1043201452505,5.081091044305609,0.9992376767188015,0.9003382863364523,2.0
48.557963917738455,-313.2737907518586,6.357289563575799,0.9994698173169919,0.8921906714552332,2.0
-83.3132185846687,-463.32520302736214,5.545308703893383,0.9991906028712275,0.9007752689859929,2.0
-274.18397075884377,273.7493184013849,5.1231522750251886,0.9997495023275794,0.9302335055804299,2.0
-106.3551042853769,359.1730410354898,6.0050864791729,0.9987598515151981,0.8158391689280357,2.0
-0.16168339595092793,377.63138721737914,5.041666691126998,0.9985738912575979,0.8770255365146458,2.0
197.57914395515968,452.357009715641,4.585689975824363,0.9997522537811505,0.9304080876284936,2.0
-254.7012450367291,239.3714013278909,5.603251924202813,0.9990152433924715,0.890182142956914,2.0
-188.53377010648478,307.1167527363912,4.987722884491718,0.9988731309273237,0.8605719147998213,2.0
176.30525884023965,456.867289533233,4.554714586038139,0.9996372017925115,0.9219206005628268,2.0
-384.6182028583056,-177.9267328135703,4.916288298516203,0.9996684560230668,0.9237814983050068,2.0
70.87705254892694,482.5326595218392,3.872910532315637,0.9993658298395315,0.9057406708807261,2.0
273.93801472818376,325.2052197984311,5.104705713776377,0.9995285110357851,0.9147958727844061,2.0
-358.67895512924866,103.82387849299879,6.564071285171048,0.9989178197776639,0.8404802006074298,2.0
75.27874045253168,-395.83218081883433,5.874219947644424,0.9993093001706618,0.902536950932444,2.0
194.50864939019309,-387.7504442830237,5.4510514938234955,0.9990262805045451,0.8681013892882754,2.0
-113.99014322365858,408.0826393873523,5.027086515864788,0.9985739784813714,0.827401176228812,2.0
447.796019917961,-128.9741332213891,5.77521200829598,0.9989484838880551,0.8420598730091369,2.0
368.7902959706771,-330.06472752049206,4.62748870888424,0.9990670877370167,0.8607195006315145,2.0
-333.895830581411,161.44050639437503,5.330487173913022,0.9989343590511822,0.8644726193204286,2.0
-82.97587344719327,467.4518800009902,5.723058900774715,0.9991838691141991,0.8750728018377124,2.0
-416.33256786986584,42.68998942976841,5.410812793117218,0.9984218342059827,0.8269872714865464,2.0
-403.51432798207503,-63.98809391326228,4.999968626515284,0.9997097482186147,0.9266262049135724,2.0
385.2741221311298,238.4251958406812,6.419605696580075,0.9993837685087248,0.8892315609574425,2.0
-330.07768459315565,-270.0106600856856,5.077952594871873,0.9984039566699591,0.8466134929660207,2.0
-261.57566322837135,-333.816249031909,4.9417369506159154,0.9975824147670552,0.8053523557023081,2.0
205.45064228657492,-327.30956007802996,5.951915211876729,0.9985295053657184,0.8041771169342833,2.0
312.63885089266483,-298.76272358808507,5.756017277175702,0.9997073412156028,0.9271762649375612,2.0
-302.2466878059477,-301.4346816592325,4.905341851189899,0.9986593141587352,0.831531728000624,2.0
451.8808138403924,-55.23144452578417,5.071469637607346,0.9989167738568766,0.8625347566723501,2.0
-128.88333616283333,330.8342471025045,5.7410789783660965,0.9993125436414503,0.9039969856102825,2.0
-384.9147964598802,-73.1110215054786,5.557873184125206,0.9984800923827521,0.8485985136848159,2.0
-250.07076529626457,282.56320124925094,6.580643479371044,0.9991504459368643,0.8544294066001803,2.0
-395.58301919507994,-94.18018756031914,6.048498206220861,0.9989543039796704,0.8658075178321525,2.0
119.89316151289367,471.9566162132751,4.250857380321463,0.9996724770276346,0.9114835170881544,2.0
341.04188086340395,369.74216411813177,5.423243117337612,0.999442299763485,0.8917743567813023,2.0
-390.75204606897387,-24.501766256143824,5.0310811571526415,0.9987692833178573,0.858104044401072,2.0
251.75024890422816,-282.6035062771133,5.719665999839251,0.9993132184124577,0.8650125542973967,2.0
450.93834061434376,166.6951047180669,6.953449421866418,0.9989839857035843,0.8490356170523048,2.0
-167.15259354843735,340.2351996238419,5.3360579497095015,0.9994434501540572,0.9090223167057148,2.0
352.1875328951282,236.41410406613997,5.4045475840098485,0.9991073791665277,0.8732516914304835,2.0
-340.89535783850494,-241.77639988111366,5.080876861551787,0.9995123108256818,0.8989474185115233,2.0
-216.4506388283214,249.44224838069735,6.737717583147517,0.9997447594922009,0.9300393004735366,2.0
257.73745303900404,343.8174479228386,4.43721663989866,0.9995576038058668,0.9040574832357239,2.0
-395.7712837798788,-45.78912479982802,5.835305086461042,0.9993892999799342,0.9076645884300001,2.0
-14.267939560418798,412.06330819505996,6.7449912098523725,0.9992804789718264,0.8831741969495132,2.0
-132.94121809366376,303.8904115452173,5.9536761236492435,0.9993343393820665,0.876145566232779,2.0
-334.3008793193574,196.89386485964127,6.775094094859051,0.9996661041612711,0.9120017132474165,2.0
-59.49579313545442,-468.7691754174326,6.596836039979915,0.9995160319528242,0.8812647463089631,2.0
326.2123043255769,357.73860971558935,4.894832120020785,0.9994629975279212,0.9106701990803676,2.0
177.63704212098222,468.2184345166864,6.897739206559569,0.9991692008709573,0.8714523621415847,2.0
208.45366977025736,459.8500143078769,6.388615682460849,0.9995352409993531,0.9149714341581856,2.0
-359.91765307747085,-41.64425127959389,5.378251747918441,0.998970078751503,0.8801736114929986,2.0
-386.91924627629714,-104.7410894032905,6.558239594815448,0.9994616059957396,0.9115508865160615,2.0
-264.0756425798029,277.65576928535216,5.3079304181469364,0.9992961043611409,0.9034311629483515,2.0
-48.29724459616185,397.78829022877267,5.091453639339356,0.9988525624661473,0.884921818593575,2.0
112.34893792043351,-349.9405016403044,5.935766097817341,0.9994660401224467,0.8753412152128817,2.0
-362.2337068601314,-266.41832869798804,5.901017912654413,0.9986490477419907,0.830503322040478,2.0
-93.95022491957164,-385.99972805909493,5.400914962499062,0.9985903058728596,0.8593980087409975,2.0
358.9350370041404,390.8037950473461,5.10210812379874,0.9988314230463835,0.8671322083401147,2.0
-262.9454957822513,215.34487136595706,4.722121937265386,0.9991266947586713,0.8729586617678745,2.0
-266.60327292682825,238.5170867758241,5.444935694468379,0.9997289378405856,0.928223094959987,2.0
-116.88728093462022,288.9134293860319,4.610722764980822,0.9990683264346572,0.8693796123156661,2.0
-376.6091344972677,142.024730483061,5.880717625468432,0.9995868710705738,0.9175941039863165,2.0
461.9136794837035,24.3099776780982,4.238899924820844,0.9990786241904945,0.8933570705217735,2.0
-331.5480190997354,210.45916662969987,7.119337951912856,0.9992682987513342,0.8621420162955623,2.0
-396.4435752227008,9.419329294026308,6.648371482386608,0.9990230845202063,0.8674494810084855,2.0
-120.67268135354027,323.6270095081335,5.23095779734319,0.9994290789865075,0.8908244267654921,2.0
300.5225441330464,437.1416253719467,5.727545966887922,0.9992832957328652,0.8829263800437909,2.0
-399.0111489696022,-162.99745649859938,4.915279572697717,0.9995074635591159,0.9160353706911741,2.0
431.8387496451744,-103.00222511497724,6.033608886844331,0.999363830062629,0.927283535815805,2.0
193.52777237400326,-313.19167868902673,4.522099470467764,0.9993592486082593,0.9087365254283747,2.0
472.9503103044725,-19.006813400780565,6.510271842376306,0.999333244995406,0.9037555714169722,2.0
315.2487993830818,-284.6543220431246,4.96334828471342,0.9989510412336794,0.8905037378597468,2.0
396.073849072489,247.08617717964486,6.654401102437156,0.9990707779305976,0.8706526781929838,2.0
-317.85321552001403,22.102905581956634,5.9361983296996295,0.999335797736136,0.8971665160856822,2.0
345.0296675325365,137.61035111327922,4.497285796590465,0.9995461693081549,0.9001394324158837,2.0
68.16273360134048,529.7439982672154,4.954181433713843,0.9998304531740324,0.9285559331853052,2.0
271.4064567684653,312.04210064773525,7.813847999491245,0.9998185439794844,0.9274643682579097,2.0
101.91529138749728,-318.1129264493021,5.312610431727138,0.9991644560004505,0.8804580647118672,2.0
-292.04234499794507,-49.8596349475972,5.135616652599166,0.9985891374564001,0.8507171295488744,2.0
-93.42519499526236,448.3615842448594,5.555973941026356,0.9989352554750603,0.8674576828754906,2.0
226.31044430892584,-322.28726858955577,5.673930671368953,0.9996583592767386,0.9237165154481035,2.0
227.80861420326693,-332.13025005624263,4.311225801657572,0.9980192982541346,0.8367790035520212,2.0
-207.7267637211965,-370.3104178638475,5.272144776039497,0.9981169460463334,0.8392605801334487,2.0
-85.60970933304074,441.99961637795263,4.6026253015727505,0.9990063976119335,0.9158083063844205,2.0
362.58973212322377,238.45487298818816,5.261857611864246,0.9989716235919525,0.8892243711267249,2.0
226.94328118105446,-308.6117086553412,3.917283345183405,0.9992814825049205,0.9014916318771775,2.0
-328.8435380246482,132.94983818349806,5.205796255093977,0.9992625053622192,0.8788577536183637,2.0
-213.56346948523773,-362.84479440423024,4.276188391622855,0.9982349229301732,0.8441162792281429,2.0
-363.0487876498143,43.76751859486199,6.628412867122248,0.9995385603653733,0.8973983949081508,2.0
-365.9615740068812,-254.60641299849956,5.7565811461689815,0.999538483627862,0.9156220774057954,2.0
187.74422871567532,-299.59590435494124,5.125035923355709,0.9994618488782554,0.9098456223579918,2.0
-202.01786673423683,-382.2141395669997,5.309194048719205,0.9992256510859917,0.898630587312886,2.0
-360.77769052039974,-29.18188356518553,4.893194316764954,0.9993857506821877,0.8906952175612078,2.0
202.40214477722768,470.131791561124,5.603512147066283,0.9988628151724578,0.8415112443261733,2.0
445.0210379030847,-40.65229417075546,4.008642553261074,0.9989238335894348,0.8448651544295361,2.0
-416.28289677730356,32.512382730856416,4.850480247580158,0.9979324508340375,0.8044859883700787,2.0
-282.0829966125244,-340.4078806712361,7.13813515117688,0.999076486486592,0.8484345483681621,2.0
-354.42765566094397,160.61709045951528,5.061724700604594,0.9994589770537298,0.9115693489827458,2.0
-394.33962076119866,-150.44136435282562,5.10099815028869,0.9987433595617784,0.858274127678433,2.0
-284.40736803569916,-328.2300665992315,5.339686525227394,0.9983881932184155,0.8703312631814908,2.0
180.9898851407708,422.3175740267313,4.308659438873259,0.9987015399587847,0.8539659993835055,2.0
90.52517804800542,-353.63636034594816,6.964163278571155,0.999496574282825,0.8956135834239807,2.0
378.01082150405875,-312.9866225094761,6.739974549237,0.9993396164226819,0.853321195898612,2.0
-261.39468866535856,247.94846788494658,5.359074362548592,0.9987749473163515,0.8632244636554857,2.0
-332.94164571411056,122.9786105257105,5.6227203033319,0.9993489498525086,0.8873424607750001,2.0
-109.61650333445719,335.1077008183004,5.016422114908206,0.998960018417567,0.8650754319104633,2.0
273.35927801447696,-292.28794603447994,7.073425191905692,0.9987092205247894,0.8324674523668555,2.0
67.64412529646494,518.9748620751996,5.834127753912171,0.9997290185521239,0.908396028919038,2.0
380.37440079528534,145.59579363291283,5.485709334482966,0.999664303129553,0.9291354164807945,2.0
64.51327434566133,489.40302562864804,5.522559533010343,0.9991991395350067,0.858259054333379,2.0
-434.29848355377163,-99.83671779684359,6.066655549959167,0.9986140183620883,0.8516574079326468,2.0
301.15676218865127,316.1105772602317,5.7350679548166985,0.9991778610786975,0.8630811460912192,2.0
-307.8631018790278,81.76364272685463,4.956936790616547,0.9995466958935257,0.904179778213775,2.0
-126.54126577319565,-447.7188046585841,4.516748787577787,0.9993455303287554,0.8857538877850364,2.0
217.3413580184993,-330.30182537923616,6.390368639459626,0.9991251916098224,0.8357371845354515,2.0
-406.2550366403448,-137.71176825080298,4.750840516496259,0.9973481264362044,0.8513220292644312,2.0
358.16444241568104,368.98291935819014,6.521070524010509,0.9988497383455789,0.8886811070571294,2.0
-66.8099633400569,451.68784944536554,5.660191467968763,0.998840625847141,0.844855820404318,2.0
-110.82205877515649,305.18340952086146,4.318939003782079,0.9986272052990635,0.8563796841376563,2.0
103.09770189091716,-356.07547049006405,5.194963288390118,0.9996685291679654,0.9232507726628623,2.0
-105.50426976025906,-386.43135606740947,6.2585689998908665,0.999137304750202,0.8754011110893591,2.0
-417.53772120311106,-25.56238338141399,5.0193580537859255,0.9985620189855227,0.8271694265036266,2.0
-59.38877362411905,-456.76820650560813,5.4349909822187366,0.9997377813985536,0.9293661186891016,2.0
-265.90348596201613,266.97878877479314,5.595605538980201,0.9989999731465566,0.8542829735836153,2.0
-53.78690761054128,448.02287282556233,7.946918395073759,0.9990641134544412,0.8288145608346046,2.0
307.64495036907397,302.8154566690546,4.588388797301055,0.9987019986282643,0.8811724893481128,2.0
469.1038184878061,29.94499914662541,4.8374326750053385,0.9991759194729026,0.8979801228090779,2.0
439.8136429437568,40.898804052683445,5.3302764585376625,0.9989464574659309,0.8639521540704376,2.0
-47.25298865758074,408.14107507698316,5.403332310457074,0.9980884908733169,0.8102016332951698,2.0
-354.50852151119176,12.895226467685873,4.602518537508901,0.9989685438767626,0.8647706357269835,2.0
425.1264455222993,-113.07035073936441,5.59742256147985,0.9996057378651796,0.9083888773183059,2.0
-247.9388162657307,-166.89437281320386,4.758961085748933,0.9993963520424909,0.8712849293112498,2.0
-358.4502968137405,169.74069162952983,3.828815423101924,0.9988775338280448,0.8857327182583904,2.0
259.12185353917556,309.84831165421775,4.677556656331624,0.99979603441807,0.9245795402357514,2.0
-269.85562271742805,255.84276842407203,6.306052340987293,0.998608945503623,0.8067411127399845,2.0
195.59427027612446,-368.087792564248,5.460661437809583,0.9993401395651346,0.8852420036005995,2.0
298.898566543334,-63.95438440484801,4.304366845644995,0.9993061321414692,0.9028086468399205,2.0
-212.865158113125,-380.0111090833021,5.8175508209860975,0.9986427891010734,0.8802328077560599,2.0
-217.4775947615076,275.7537958310457,7.53867241798324,0.9994617804029772,0.8746859066633232,2.0
306.7945552077574,-289.43960198382354,4.8294265654459325,0.9986109389593893,0.8780955611552168,2.0
333.71490957172233,348.6310049833363,6.423086217871273,0.9995051286376393,0.8946611850423566,2.0
-413.8810518782145,-142.27316199409063,4.250976367684936,0.9969789924507728,0.8091232644569086,2.0
257.32683820360506,-294.81181003837753,7.747413785224166,0.9997910841676411,0.9208972452107647,2.0
-362.6445280003162,152.0316305820084,6.876577716386727,0.9992956925117049,0.8818624024903139,2.0
390.8385009191854,-325.16490251134843,6.530095322037087,0.9995588157132471,0.9029270801917871,2.0
-63.93899775202819,467.3335605759701,4.731150281750284,0.9988221146188798,0.8833304322913879,2.0
428.50933810929206,102.03514878019912,5.693839493131244,0.998817595669423,0.8631528414358028,2.0
-410.6651128893128,106.99452210705151,5.7670751740659405,0.9993838053293642,0.9283586509025531,2.0
-408.7188466784311,-75.75746140520357,4.872950973453126,0.9987524833091425,0.857228722916816,2.0
326.39161013375053,338.8231983546508,5.068643625942881,0.9989529321482473,0.8880562062826826,2.0
2.184357355178431,506.66045311826696,4.578322748119564,0.9988737890651419,0.841018079457459,2.0
-440.1511949295129,53.43823766483263,5.8137494234949125,0.9997266941559629,0.92810145278719,2.0
-116.5152898944442,-392.4169507224728,4.100058798176586,0.9976712457325599,0.8532419330320136,2.0
-107.6485409138085,-438.3110512661468,4.974330188640478,0.9990017843525036,0.8894283633717026,2.0
387.01337482959786,267.48288300239847,4.8482441311389275,0.9987331522445039,0.8501717375863613,2.0
-353.3722615301526,4.018678298444633,4.393261666102317,0.9987879851606465,0.8617482749967077,2.0
412.8917420926285,137.4365537500053,4.110476649132835,0.9994880543482659,0.9119948035231658,2.0
84.73854995234274,526.6192132599464,4.571275698759702,0.9991941615459282,0.8786412100371603,2.0
424.39205769763277,69.50736963299309,5.843001240729815,0.9988534227429743,0.8841788221646465,2.0
449.99776866506113,39.039953004804104,5.095003562863713,0.998605843384459,0.8274098594181769,2.0
-70.92718832264651,-460.54700070527673,6.728026996563929,0.9998046940767923,0.9283326734862065,2.0
-149.72407130634326,-438.70381415214143,6.530825269685734,0.9995709844612217,0.9018664681439288,2.0
-372.2157047118421,35.41734553941698,5.828784706546603,0.9989438291305676,0.8236092267399585,2.0
61.44099714479279,499.55019124382846,5.122643371448841,0.9993808914217146,0.9057060231072723,2.0
-356.13207451195615,23.574323216086732,6.253704967493474,0.9991591049497893,0.8656720841039316,2.0
-384.9373108073851,-137.6225451126349,5.577904147569128,0.9938842131610693,0.7554624985612172,2.0
472.46287509263743,142.60121206842035,6.165723557899228,0.9989866334912006,0.8653253992972706,2.0
-404.49260752333333,-85.89061013303673,6.180982710092386,0.9980920064906227,0.8099111701815715,2.0
-213.32303352855598,-327.5965723026944,6.293578793325047,0.9993843791445329,0.9065016772850273,2.0
-414.7639810885606,-14.729421278890573,6.22955069543128,0.9995636884919663,0.9170840029374092,2.0
192.03824441219226,226.0173331012809,5.058888497355151,0.9988707364936533,0.8645982524683191,2.0
299.88221337996794,-298.9790016632058,7.03862892097983,0.99913138831013,0.8591752948592191,2.0
-359.3393049403411,-153.42273109170424,5.170276232734871,0.9947388424998429,0.8096499272217527,2.0
-364.4916100442591,272.359582964655,4.902005966314185,0.9989860248186961,0.8918672908708846,2.0
-155.92464718784157,329.4008756405811,6.95143324864178,0.9996177267320928,0.9129655178259709,2.0
-383.05299099804233,-260.2622882445008,4.223655493033867,0.9977506305194616,0.8034416175653857,2.0
451.5876894909389,-34.69685011298568,4.887506164861235,0.9995820175668927,0.9176673781090489,2.0
-390.289301435401,-241.2684769977019,7.377790358721558,0.9988243566832191,0.8395687001833521,2.0
69.76205633633373,507.1617790660823,6.199508362302538,0.9995318018747796,0.879262886849343,2.0
384.63943752002035,-71.98118089430862,5.49475057124808,0.9992635713241729,0.880554130301701,2.0
-372.8262445443656,111.55300206412804,5.160879256275426,0.9994463749365736,0.9094665642526847,2.0
-93.43349053359404,463.1711476942149,5.63575536873349,0.9992055740309469,0.875904613077552,2.0
-446.8209464757928,13.888361341061465,5.582822727715568,0.9995646628763877,0.9001983564455777,2.0
-41.29721479692085,416.61864178912185,5.030825369106035,0.999300879607501,0.9250666003412381,2.0
370.59126676711116,367.2971131863034,5.926988428180388,0.998834438164868,0.8849537108121981,2.0
394.5238714700062,215.88145763909336,5.838373138854148,0.9994207523440389,0.8740168395493111,2.0
256.92554353500987,-307.450776970476,4.938745214627939,0.9992877634723766,0.8803990731698792,2.0
-369.67569418367543,-36.924537614342455,5.53511444265199,0.9991793293139853,0.8787768642727035,2.0
-398.7841820508627,-105.06602361965729,5.395850126992726,0.9975694525130246,0.822306251113462,2.0
-59.41717214398555,-481.9896143225266,6.6669240065290944,0.9996362150690961,0.9043447563196153,2.0
187.5695697355986,-354.78324525540626,4.765872739878047,0.9993455113747223,0.883459078965767,2.0
-203.81819631564383,275.21881713446504,6.183862079560497,0.9996820935524742,0.9268396135995561,2.0
-220.6291683570066,-388.8683530220752,6.079144001854639,0.998357345495219,0.8544975010613278,2.0
-33.729343565526406,391.8785962904589,5.316821156844721,0.9990078515281335,0.8501726031268059,2.0
96.60690786533686,-363.8897010520389,4.997723942690908,0.9992564223436149,0.8616638188602266,2.0
-111.18526980678944,-447.4621351447293,4.905866003395076,0.9983022110873603,0.8157262274776123,2.0
-31.17356586246035,-475.5138456210178,6.363002952846452,0.9989822543324335,0.8751897874778485,2.0
-119.0013422781633,-452.19101060207026,4.276777613857633,0.9992814823130646,0.902789673614673,2.0
-325.9492095927304,231.52648690150582,4.592735359632613,0.9993429541181554,0.8670295435377003,2.0
456.3397819521955,194.25728083181153,5.258458144866318,0.999583164834873,0.9171754380877097,2.0
445.91254192807577,70.32053788483664,4.360630177950008,0.9988661645214534,0.8636033222945005,2.0
197.50129997559608,-357.31708923854217,5.519739311171884,0.9994862147086699,0.8927776132690206,2.0
327.3132623550439,285.2335511602432,6.17302039150987,0.9985832617549366,0.8267682838227295,2.0
-395.9852919254791,-139.68849428031518,5.865848472672135,0.997058126274706,0.8131786720267603,2.0
-165.37185271214753,-409.4640617068373,5.431538877937395,0.9994714390218964,0.9105281981828945,2.0
-304.97237999114236,-312.14154795103036,6.186081951157472,0.9991617259683138,0.8754681181725787,2.0
36.87004162251867,307.8626023968991,4.810161118046089,0.998236625211008,0.8661870647394987,2.0
32.38873984845447,326.2407830972639,6.079847636420237,0.9980269689556706,0.8054561098640985,2.0
-142.43413686588136,296.1072347781869,6.356540708741329,0.9993691614347957,0.8700480001286068,2.0
-83.28251363892639,-485.1921266730169,5.304143366746322,0.9996571316910825,0.9223700266115092,2.0
-370.0113288722094,-150.0782574248299,5.697603683605126,0.9980948860685603,0.8630239427293737,2.0
436.2052811806282,-113.63820963377799,5.542233338034719,0.9990211922722454,0.8693063710529116,2.0
304.97027503755186,-260.94401851067335,4.008097697329627,0.9996409817325315,0.9252116085082673,2.0
76.7000734783627,566.4929549559023,5.5155819144546205,0.999464450792523,0.8755752705436142,2.0
213.4558438656133,489.304590647048,5.3215618935021824,0.9997278101574207,0.9286654495744581,2.0
228.61855199446387,473.77600723586585,5.428071116327702,0.9991923664704769,0.8753675031259138,2.0
-76.90772535833084,447.55614130715844,5.27941388580985,0.9996478589648229,0.9220147895980781,2.0
-36.337568006491786,424.8933060685348,4.682628106382004,0.9989089987923715,0.8645253197439137,2.0
-361.10049234650836,-142.57085470196705,6.071989413954301,0.995301075846151,0.754833430747072,2.0
-307.4921241857745,17.767722519845233,5.307171220041839,0.9995672708484844,0.9034346215666342,2.0
-57.29970811150868,403.94896567245746,5.529817823553586,0.9995443819078137,0.9149764932211648,2.0
336.1567034600223,255.52284418399847,5.460744698213986,0.9993382712091103,0.8920536476498527,2.0
-393.44533087821617,-80.8614618141291,6.069380442623837,0.9990306803266078,0.9164305598977419,2.0
-350.7968775555506,-135.35291265019464,6.554159876318626,0.9996626406656487,0.9246474501096953,2.0
12.333859570525568,395.04479925735035,5.2899930766330385,0.9990693621950594,0.9097932347818509,2.0
-136.9838711363709,-465.2159211049821,5.02104107333003,0.9991049875940096,0.8959385733434495,2.0
396.6241074165807,-92.13969139167394,3.707727250576422,0.9993193913597996,0.9041257974296131,2.0
287.27030501150654,342.21932411383557,5.558666479163491,0.9995980949094233,0.9021983363850166,2.0
-406.883360907699,-97.48849875270723,5.773109881750366,0.9980583382844774,0.8134445527552209,2.0
-268.4917705974712,-343.2061643442234,6.802720329072099,0.9992322427194136,0.8595065691767949,2.0
345.75066380667397,332.46796109754706,5.242090307110921,0.9982888822089196,0.8153213771411197,2.0
-101.21751708992198,455.67600562099386,5.226618278199937,0.9984984874847065,0.8257799905800112,2.0
-219.1458624427148,289.12424267304095,6.001922357651861,0.9989556876476301,0.8643929105188852,2.0
-73.92371212643903,460.5100514630539,5.747843631359209,0.9992806968980564,0.8846941913660994,2.0
307.68810717271555,-309.54717328407975,6.13379985068987,0.9996386155625478,0.9057706289349756,2.0
429.4700981003003,-123.39711002788376,5.633028470259324,0.9997694076782727,0.9321734249368767,2.0
-110.55042156639462,-458.5192821122129,6.238768630117886,0.9993777360023217,0.8869817015332233,2.0
462.1167773154366,-37.958618945546824,5.6206830821073295,0.9995210856516648,0.8964960253438268,2.0
-247.89866610897715,260.60130949015553,4.947224662176468,0.9996779195908848,0.9113714893429012,2.0
-282.0480640511725,-36.04440996797144,4.212287789096244,0.9991240721636554,0.8946705242380144,2.0
267.6644104181297,-304.2708896118126,6.293734574792625,0.9991060353132777,0.879351261342455,2.0
306.3086905889578,338.65368465564757,5.27719346164501,0.9995293161873845,0.9145420831190186,2.0
-18.76199601634119,437.4344779500399,5.264594459980396,0.9987621892734235,0.8678662812018935,2.0
170.07044391466948,-334.80028358474107,5.361423113917176,0.9995656788494933,0.9064744949407212,2.0
169.2934493678725,481.9232517146445,6.169147434145646,0.9996714282597073,0.9157737451455653,2.0
173.87188665930515,-364.38887685447463,4.62804605355746,0.9994227085130247,0.8910041355861085,2.0
-392.7067280300523,-226.25283427475728,5.5304975026543675,0.9991574164771824,0.8971938013376685,2.0
-218.1702757569024,-400.6420594001826,6.055231142438508,0.998914883502416,0.8872364210934817,2.0
459.19785535957044,176.99859071507004,6.344746778287581,0.998864128174386,0.8494314988073837,2.0
-123.62274995802218,449.20622876711053,4.076541731148931,0.999398360288672,0.9114209352463324,2.0
481.55553568319726,160.88068447767824,5.33094110899715,0.9985338389828866,0.8274359128768767,2.0
-261.23859657981455,-217.71300962225388,5.517522878323023,0.9996317086397409,0.9214616806209069,2.0
374.49639896606834,378.13660788730334,5.682303533224276,0.9986266415350462,0.8523406996607612,2.0
449.6490408988756,183.78899608341473,5.440761735137813,0.9993279034684933,0.9063805775351359,2.0
-392.2762653846494,-128.7214722643386,5.811786207338464,0.9939181158326866,0.8086057381855315,2.0
472.0804213707039,-35.20475926031041,4.757021530676291,0.9990349337642844,0.847405640594049,2.0
-61.12924858344174,492.81825254238964,4.382805580410207,0.9987774483310573,0.8824909662674634,2.0
438.88426432840686,-59.60502488889242,5.11298142223727,0.9995077209179396,0.9130668778548304,2.0
461.52513159713675,-70.05794599311217,5.610646518475551,0.9984882240803885,0.8261330916176383,2.0
367.45955080886495,249.07231081735253,6.501865622306502,0.9991561871606667,0.8437017315155434,2.0
207.99111880689216,481.2844228868441,4.408385752559009,0.9996538677294344,0.9224435595791943,2.0
-116.661197006515,356.0561686450225,4.824203413456355,0.9989524746083092,0.8666182612450801,2.0
-8.536589304524252,434.1902382606666,5.546163804707017,0.9982903084383514,0.8139992743176818,2.0
346.02184766439615,298.5628160269281,6.146704784502645,0.9986207034854239,0.8786862354530823,2.0
10.500651608162423,502.39230669765817,4.794826162960068,0.9995377045995267,0.9163719248837539,2.0
-426.1377148576154,36.93734350880587,6.014232229643608,0.9993116808091299,0.8838092000353229,2.0
482.2118110940064,149.68367379376738,5.964968001913452,0.9990220330641518,0.8900032238444119,2.0
50.917162939243326,-363.64861492463075,5.517557226619768,0.9993863866695472,0.8887584786219834,2.0
-239.83218570070042,-359.9884890009066,7.350763935887481,0.9992584360904762,0.8631705030321944,2.0
-239.59026870820895,276.0463050956174,5.823046125433217,0.9992125871515373,0.876504729268612,2.0
222.87886696714426,-226.04003903010047,5.20799053760596,0.9991093519282579,0.8962894092412114,2.0
405.38624399953943,214.13570851167418,5.19951794715938,0.9991063018873128,0.8545934476386967,2.0
-48.751516529402785,-475.2645110703949,5.9793586195733095,0.9997286622559498,0.9292509811222235,2.0
-373.2299877773062,-138.6034192432735,6.3438906864184474,0.9977702182668072,0.8560424256392024,2.0
86.08558956972301,-365.3829998372158,5.648960110184741,0.9992548112462736,0.8830237079525146,2.0
-156.48849492177632,-402.47338829903373,5.915202785330312,0.9997192344091428,0.9278328142465037,2.0
208.8147844094605,-337.4127679337377,4.753845138574747,0.9991857056050799,0.8968144970387034,2.0
-290.21367299731884,299.80827486811614,4.884856495987652,0.999365052632565,0.9078485779937505,2.0
346.2303537088961,344.4695719455547,6.819349440848968,0.999567628914933,0.8991254260109103,2.0
-111.32152978416713,453.8539718512871,5.099391305924535,0.9991981077799327,0.877267800557086,2.0
148.12323570778616,481.51933779293614,5.5387832198651,0.9993773772496349,0.9056421564039642,2.0
116.394382121408,-368.5609419968011,4.272878564978641,0.999028196428445,0.8684599834463067,2.0
-76.23359259176205,-470.47729591049097,4.550722372948416,0.9996785018317779,0.924620117712528,2.0
-331.13722776233925,222.96206061003508,5.461239524032451,0.9993562617753855,0.8922147717891922,2.0
-369.18132423599474,24.52649548455989,5.5266110916509925,0.9995756892866836,0.9178114174207664,2.0
-253.0019874555398,-359.7502247686814,5.901631134839244,0.9985923846045838,0.8265324756774517,2.0
263.75136619135134,-315.36126379581697,5.549566709410482,0.9987040619721531,0.8351939273842577,2.0
-413.710335293742,-108.2534330955522,7.0902364934141495,0.9991301242319929,0.8790678838909384,2.0
301.3830847847106,-274.48113682734726,4.908957491824493,0.9995186150514701,0.9133535867489267,2.0
212.0967613822548,499.6116661150206,5.109267902572325,0.9996793586065574,0.9242168973514662,2.0
-183.97320658079386,-390.8684739609333,7.265081596998303,0.9988951371999893,0.861709743371189,2.0
-102.29237395189615,-451.22324621338623,4.816120194767665,0.9991209232824975,0.8952529455235455,2.0
-101.42810957612254,-430.2186604382178,5.303410104581973,0.9987741760143556,0.8758382693916947,2.0
344.05046492427255,248.1697175279281,5.335433768154871,0.9995261708552104,0.9018327192117442,2.0
-186.44729692103232,-365.99438413612813,7.225036098212021,0.9979312512320666,0.8101264007226259,2.0
-403.7040785080273,-127.30741639143268,6.027940564781412,0.993592251814712,0.7690916934779416,2.0
291.9717682546209,-310.7292294928985,7.2315634292044315,0.999101228698479,0.8741599214138587,2.0
280.52791652490475,-314.9991598074951,5.074390880828422,0.9986895067106402,0.880798726639408,2.0
-343.4856527198704,22.543621675650737,6.519814781307328,0.999439387533165,0.9303025966982955,2.0
-378.2392459387234,-251.87437526958948,5.509067734883454,0.9994841414743886,0.9035138724568152,2.0
378.0564747944083,274.6423048152853,6.694094786029903,0.9988016558098887,0.8289518221676718,2.0
378.74697951233367,263.81314673288585,4.233489294405211,0.9986305018101597,0.8802598385700595,2.0
-399.42166085621386,-15.803007525369535,7.29813529397812,0.9997459357561645,0.929816076074463,2.0
-327.32000341622836,13.440274363323779,6.961268119345309,0.9992335732529598,0.8775799039477282,2.0
-334.76050846153015,231.93406004826988,4.255608970143329,0.9991808957485686,0.8753650106757733,2.0
142.4471994723326,-366.2589484684304,5.304429876501588,0.9993930350283188,0.8792094274322155,2.0
447.75491519464555,60.808253346140674,5.172693411020143,0.9995443995471845,0.915408918734626,2.0
136.21363286181148,498.6065715091792,6.710427443820888,0.9996503443709298,0.9088288798831855,2.0
-370.461815886022,101.09034368414179,5.614073683691318,0.9989995360952969,0.8912516742352723,2.0
-141.67671038883057,328.00312477598163,7.435219838946753,0.9992391920965457,0.8775130890960903,2.0
-436.8962093849801,39.6407444572085,5.151794778079516,0.998807977931433,0.8395859825169701,2.0
220.28496246206427,467.92974176551087,4.803812467524433,0.9991887648811303,0.8769014076903349,2.0
-65.02154100667718,411.66672919360377,5.437299494065254,0.9991190826140296,0.8721390398145658,2.0
-91.2027025496133,-474.3946897633123,8.115504681637375,0.9997135660158005,0.9295057143012716,2.0
69.40910459308577,539.1677626956636,4.566020076138973,0.999342305914224,0.8678426513022995,2.0
-292.3154824103933,-348.4175370834813,5.937341559205955,0.9988577788365893,0.8608069618215239,2.0
290.3147578702828,-323.9234529836163,6.03849802899513,0.9996560901327087,0.9184411416505263,2.0
418.73334773168693,153.28003759418473,5.031080011923572,0.9987995712888048,0.8449305297284694,2.0
460.7806830894718,-13.244845751498552,6.950038117925896,0.9994513863034507,0.8970271801048164,2.0
-248.94678807169873,-387.8295303798611,7.126464794690576,0.9992852244862012,0.882044088505272,2.0
-233.52806768429986,-386.8721692173565,7.082626114736222,0.9988782294939816,0.8432139470246018,2.0
472.4426252278117,-44.92336352944735,5.009698934276363,0.999287664260376,0.8801351107581462,2.0
-174.79667386978352,-401.7078655832684,6.479004590286855,0.9991212741132627,0.879299629103276,2.0
-344.6678346098871,-301.65896404199395,5.4712042117345465,0.9991878006564164,0.8981411095593259,2.0
-167.25059490047713,-442.57341611303013,6.881843286388532,0.9995359949330407,0.9156567602717821,2.0
287.50094145520274,-292.18428620982814,7.134085523173839,0.9994604701681112,0.8914493997101336,2.0
461.9456390249849,-58.855274025222286,5.672804219566189,0.9992224579244294,0.8777896991516404,2.0
-400.15476640824767,-180.5161926679356,5.758912676699153,0.999710003182626,0.9286274175334603,2.0
436.1790427180142,64.52255267522767,7.025706662115911,0.9993084612862352,0.8643873565644189,2.0
471.188409527612,155.5075833416989,6.399881040105082,0.9996279382241883,0.9218092982077088,2.0
-405.6011911276939,-148.79068379980097,6.3370272805429595,0.9995700441503125,0.9166050963322747,2.0
224.2134993659053,-378.8992328501015,4.676631527157611,0.9994056583708386,0.9068513316559903,2.0
336.5363526487405,337.3408757463484,5.25006842722445,0.9991050140179378,0.8725465354179877,2.0
337.14742715384074,291.6173789705783,5.205076348137182,0.9987367677087938,0.880378461650451,2.0
21.731800796165523,499.32557474464295,6.8933107933354005,0.9993160050786737,0.8552053981721708,2.0
-356.84408488724006,141.21629606301207,5.474912059965498,0.9984292388612641,0.871947336850362,2.0
59.745463581516915,536.0991680596692,5.612705475771464,0.9997222605222376,0.9094685833137104,2.0
252.6332607762554,463.91576028476254,7.259496410357929,0.9997227859632924,0.9145912500931402,2.0
21.93249362204969,487.0127077957296,5.492264511348336,0.9991083990110045,0.8724491817437102,2.0
-64.52220861325836,477.08592409014403,5.1101858799630415,0.9985658555550819,0.8290297290012745,2.0
-201.60880677137126,255.46730824226262,5.304569741752517,0.9994550038357009,0.8927264481387357,2.0
16.499490569091588,-392.4503957777964,5.790325126616357,0.9988440741740043,0.8663543414048109,2.0
236.3177731868078,-314.3734255693506,7.127101639389832,0.9996342588691798,0.9049160986246225,2.0
402.30555733542064,225.12200882021682,6.276699496488024,0.9993802009128663,0.888582049371472,2.0
-412.56926143348886,-120.05137183980368,4.860809385659103,0.9982450818938936,0.8424100130350439,2.0
-80.37381482749201,478.20974846256706,5.147935174722135,0.9989217724830101,0.8636317531972684,2.0
5.425542269078434,-389.4735668989131,5.70315733602642,0.9997191062946363,0.9279409277084043,2.0
244.4865952348067,-291.24919937326075,5.606966139207951,0.9994486482992817,0.891215561029962,2.0
-288.2490762755335,-205.02720721069753,3.821601048994269,0.9996161685487257,0.9202486058487852,2.0
-243.27309434958008,238.63047889858674,5.908397255206416,0.9995747106142321,0.9174603936621054,2.0
229.7309675282969,462.1491050196369,6.293691268182572,0.9995693723578274,0.9015256069041124,2.0
390.80433873728424,141.40201111490387,5.799634488270283,0.9990211165932645,0.8507097745138269,2.0
316.4933608760282,393.5396384134246,5.516143126264248,0.9993906547734692,0.9284742489570071,2.0
186.55766012138375,459.01146388667445,5.940444089531176,0.9997135160633178,0.8998965979655177,2.0
354.7459175217513,351.1676882405464,4.076103975483326,0.9983920803175219,0.8445666572560949,2.0
7.135646633947588,-400.5642085922809,5.549779623532393,0.9988670842773764,0.8666720829618582,2.0
186.01083511113637,-371.9289132230541,4.923230320020895,0.9988957150469578,0.861340987618549,2.0
-146.09343043742237,456.6779160610193,5.826508396820926,0.9993035331263838,0.8818490584235532,2.0
-343.15650759605455,215.1800088932846,5.4930972512559695,0.9988662368432638,0.842477246339784,2.0
-446.8384190778543,44.01319523891143,5.778803707750296,0.9991749719268882,0.8759324104210048,2.0
240.88614248965416,457.4759600357103,5.860089091407189,0.9994447183181894,0.8964504890718393,2.0
-407.83142530008126,37.071734980762244,4.800074175553871,0.9992331557592881,0.8825742437076584,2.0
462.97019936388455,166.1853491013325,5.120596104454086,0.9997567794328055,0.9328969037532091,2.0
279.8142365167422,-329.002013363713,5.6762978714849845,0.9991695123885309,0.8740394819351703,2.0
-195.48611558763253,315.14281451263696,5.687426813725459,0.9990176537959377,0.8688857762426982,2.0
-49.259077384720165,-461.7963893766989,5.850704268818641,0.999483520519886,0.9164127430383288,2.0
56.249364999782976,524.2482463928033,6.7549836257608495,0.999757854707027,0.9195966661128094,2.0
435.6335053407928,-41.730892402820466,5.486581570336194,0.9991212729895286,0.855007131542828,2.0
401.7177817027543,125.79293619168787,5.708139974525405,0.9993338364147636,0.8830329310981866,2.0
435.9325556006163,51.52880516259816,6.046910869900554,0.9989415650035439,0.8440103923406983,2.0
-309.43240144939233,274.0411613086697,6.645393986862331,0.9996914888663797,0.9256140010641967,2.0
-193.99087956377056,-375.6801891931631,5.092294513737917,0.9993951990255949,0.9062662184415528,2.0
366.95525083642144,277.0496383427941,4.764682481664392,0.9980940211405611,0.8402378840234864,2.0
76.01866049205391,524.7597811385666,4.37405955827484,0.9993307764403087,0.8641582435503455,2.0
-350.23521524569884,56.64428825391824,4.006160045930865,0.9994497302249266,0.9091703054312144,2.0
-130.95262010910182,477.9521044900359,5.238020396771534,0.9991921036201018,0.896750903604826,2.0
347.1617846822799,273.1966286608682,6.516456248647348,0.9993005692177461,0.8824766471108376,2.0
-426.2217244665234,-126.34540230015126,5.506759702391852,0.9978313367791138,0.865386971234373,2.0
248.67038193459757,340.39499828522946,4.108024499742781,0.9993442338669847,0.8857047169245632,2.0
186.1904276310758,429.76755269929475,4.827135788021675,0.9989384495390142,0.8700651463124454,2.0
36.04432672961383,500.12703172948386,7.509798712033636,0.99950678658715,0.8956189126006702,2.0
389.28769164784956,276.9045095269545,4.848285606370055,0.9988973956062048,0.9035080396646546,2.0
-171.895503568995,-429.8278142733386,6.751101089780119,0.9989975827994595,0.8691954889887347,2.0
85.15475703436955,541.4083798970768,3.9913706513994502,0.9995192315522794,0.9131962955330953,2.0
215.99964544152792,-361.94413516951164,4.996657096478032,0.999731282797177,0.9284549133536406,2.0
-122.07757840505423,-461.7055016598397,5.773051918032296,0.999224028538918,0.8791551146259919,2.0
-332.171648001351,-2.9960533992473257,4.7255852632706095,0.9995172086361759,0.8978748035814975,2.0
418.1025565629723,-13.040919229393475,4.799109815852011,0.9989299565522245,0.8566327482279262,2.0
-51.27986832428798,-343.7225886543138,4.892082682292639,0.9967019114599792,0.8359696181796905,2.0
-56.41199295944014,484.0497615915031,5.649137387421277,0.9989660859203595,0.8713506583279306,2.0
-430.5644160112387,-111.06184851749785,5.834793922909805,0.9990622709515203,0.8698342305367625,2.0
-42.84566868017964,-414.12388200622917,6.83585477640151,0.9986687245962262,0.8350351295602444,2.0
-312.25010231618296,-79.63370650723952,4.108332840410459,0.9978214908677762,0.8292189532474479,2.0
-228.69460450623714,282.5797330704199,5.631113347844937,0.9991941649318701,0.8755386501832616,2.0
-163.216138196398,-388.2139311061945,4.194306848342365,0.9971428471392724,0.8443574841678714,2.0
480.4383868899866,-39.52580285032041,4.683111882447383,0.9988896095036557,0.8644728999531065,2.0
253.2367181260696,-317.27840052823194,5.210756478139433,0.9989533939360683,0.8731339228697069,2.0
339.9275866289731,322.86592700108787,6.059519310001221,0.9994871102305205,0.9322837307209388,2.0
463.2050834025111,-48.403089104993896,4.907384643428827,0.999259630036226,0.8800280225031061,2.0
58.255972878226736,511.54589696772524,6.145009724464898,0.9996826423503345,0.9144948810101527,2.0
-342.70659743527585,-142.59069087027493,4.332931642115476,0.998954528085015,0.8895207641970967,2.0
420.3512022000564,80.73380724820947,6.180558307570988,0.9989736413794478,0.8666521374044489,2.0
299.63837264840066,-331.19286100813315,5.789473372011982,0.9996979052188676,0.9164118649917296,2.0
-401.87302321633933,20.114044397597716,5.148540079515299,0.9992577713351323,0.8798369813884761,2.0
-344.30401463905696,38.64469769393118,6.150959981663418,0.999767513503602,0.9185421815722554,2.0
348.3666195718375,359.963312021558,6.83798500180796,0.9996587148800071,0.9061959848632148,2.0
420.9535950703258,40.544465508714495,4.6269473853564,0.9991566733336723,0.9036343654458354,2.0
396.5567108729136,235.17011704397297,5.37700130581631,0.9977264968449905,0.7975029042846534,2.0
407.6585792199327,262.16418913613586,5.90940715279387,0.9987000508305646,0.8302853977933353,2.0
-406.7453365182236,-43.0085792488591,5.547484279068595,0.9984880372316823,0.8233237562344282,2.0
-124.93272834589077,-380.8790590715581,5.9990418264289485,0.9983426677172523,0.8432056655291823,2.0
209.51239060793054,509.70620481913863,5.245112517659765,0.9993815570501221,0.8865264180971323,2.0
-359.6513704148848,229.901693164438,4.7516774339091,0.9995190537767342,0.9144320196532236,2.0
-349.10173213627667,195.56484325855274,7.429830547111819,0.9993709072075847,0.8867042283237981,2.0
34.056360728655946,520.3216727157255,6.314041585483144,0.9996014798871384,0.9025434049334765,2.0
-73.52469991524299,-483.008766611041,4.731194395182186,0.9995883195122001,0.917604285611213,2.0
363.47841593423107,357.15626823671056,6.567608913280136,0.9983442900107435,0.8208160837553434,2.0
301.3903900837617,-319.7047438452173,5.864963256659559,0.9987509737775021,0.8379781062978862,2.0
-49.26980064399306,-490.79973518520154,6.8034423058871445,0.9994555288585286,0.8925783126981728,2.0
175.881732921596,-376.90811710238216,6.41919001378999,0.999388767627918,0.8975972188354719,2.0
354.26955412353504,399.9545128365413,5.238000905160872,0.9990254899263028,0.8672404556477713,2.0
-92.43900713376196,-450.0137539805352,5.178551676690521,0.9990015295206708,0.8898480610711443,2.0
323.7032431045513,-299.050571377381,5.351471305069858,0.999404772381266,0.8889077532497253,2.0
369.12039303801885,268.3495522093688,4.238764215501083,0.9995687761340319,0.9074710857969333,2.0
-430.3957976736024,47.704540069254755,5.248105965243788,0.9996111813029391,0.9254309491297567,2.0
-402.8119386633714,-115.52871521822172,5.960471990489438,0.9977757468795563,0.8349787125679792,2.0
-120.84067933945278,458.2717178572212,5.454682260782892,0.999091031269871,0.8551551923320925,2.0
219.47979183769954,480.4059623880242,5.4573582188910015,0.9994663417985711,0.9113360632232299,2.0
16.04647423067846,530.9180336419117,4.900361015353932,0.9994618180065376,0.89113795008969,2.0
227.77604876261228,-298.2933648940313,6.462349306845068,0.9992079240472233,0.8614733675328152,2.0
378.820350570664,333.3980131514884,5.179543710923864,0.9989794250098634,0.8664977906440997,2.0
-107.47359307037502,462.85215102610846,4.370872529913505,0.9985757294207627,0.876075613554837,2.0
206.5260447186209,-366.6691124502874,5.6179950220448305,0.9990534343093694,0.8496045311817887,2.0
465.58469903682277,-27.87621304354049,5.080439911464672,0.9991401013429996,0.8737245838075217,2.0
-139.1229645810601,427.44057475532344,5.324461021346846,0.9986873712275899,0.8591656871440184,2.0
-281.9303395379536,-352.9090271862838,5.431600900349595,0.9986550908381505,0.8533612586689343,2.0
-380.51059267221984,-186.8750334322069,4.955805305440246,0.9988141561940457,0.8713832681302451,2.0
328.9074639589611,-114.67923023175136,4.595174761708126,0.9985995714120932,0.8528628757365088,2.0
240.10647416479924,469.99631967763736,6.713676701454473,0.9996536005660149,0.9077752397711842,2.0
366.98473641560565,-263.59437621191546,6.849467587013778,0.9997281877033478,0.9133583979004286,2.0
-240.56323558605968,-397.37978557850226,5.680578043039841,0.9976802833508379,0.7968134726907833,2.0
384.8575014982799,249.7025534089245,4.934104813610642,0.998605123228344,0.8519729247257508,2.0
-421.7671702604539,-117.04568021497448,4.860809385659103,0.9991184510899113,0.8733916609722374,2.0
480.8092652644474,-28.793880219865088,6.124616286353891,0.9988023505080613,0.8387565895333897,2.0
-6.655399827232695,502.3750108620956,5.2821383743038925,0.9991645960646952,0.8564816917941394,2.0
464.3768166263323,187.41135300756622,5.338251730599771,0.9993841230847195,0.9064139677618737,2.0
480.7031194321364,-80.51389942758834,6.732236562139388,0.9985272043346981,0.8271363442831611,2.0
-180.8194326938993,-449.5599954236682,8.063808276308581,0.9997143969999299,0.9285027854161229,2.0
357.5842248391059,295.9993949965129,5.838189195715034,0.9955750093522289,0.7578716937258169,2.0
-171.87454262070702,-390.76676238047077,4.952344460673562,0.9972303667204595,0.8083507982991848,2.0
64.04585510218735,548.7141358057173,6.4123097022129025,0.9996859793746596,0.9262110929806203,2.0
222.38120310671133,-369.51118392348036,4.9285030747106005,0.9991262027930076,0.8542848575912817,2.0
-382.0805770776303,-115.86273321968129,5.610947970815709,0.9988214987071385,0.8616132588619712,2.0
-75.92179679975048,-493.00122130579854,5.045666562450586,0.9992520733412266,0.8820507154220414,2.0
207.79927190978216,-356.3200737123195,4.875128259285945,0.9989365527354542,0.8636061312822577,2.0
148.26139004494573,492.5586184426608,5.564568088039422,0.9990579011896618,0.8511227833323163,2.0
53.03040878794236,-374.3593684254896,5.3933969177816765,0.9993712807786721,0.9054390863133269,2.0
20.811359875966602,-411.68247445651383,5.31438903993303,0.999260476224261,0.9191517627187581,2.0
93.50787568587069,-374.84725876213076,6.436268090021169,0.9991414113396215,0.8533239893098047,2.0
45.650939978866354,514.4141141416115,6.727682808265336,0.999527533876334,0.9165868898427759,2.0
198.47829623209893,511.8464485123085,5.295789727571396,0.9994780522216803,0.8951056687175029,2.0
357.44112398706085,277.9173126182814,4.884886234687882,0.9969536016552553,0.77896519316175,2.0
198.38767896293484,492.453260499636,5.8183181768845555,0.999304300491767,0.8837119690552908,2.0
398.1581673356587,257.9944895473692,4.542136622332843,0.9979625516939221,0.8335334828813135,2.0
-166.4978907970678,327.97287853563614,3.777338112117696,0.9982864226598078,0.8674747245234473,2.0
216.43204846495232,-352.2746740241226,4.711596481355211,0.9990881946740207,0.8518852522479107,2.0
372.72727666009433,286.0536183899633,5.989326709724179,0.9985512292618975,0.827945588605587,2.0
-54.9836425857504,-503.3177350401189,6.880294304698647,0.999678934502983,0.9083519305399572,2.0
-378.23848393533814,-97.41247467482356,4.871616559341409,0.9988930011386457,0.8627655867362444,2.0
373.7404745258351,-274.8898231179484,4.629069492427055,0.9977515449275116,0.8251535386160327,2.0
-432.42948874618503,-33.934367108041045,4.315414215961789,0.9992710126594009,0.9011700419360388,2.0
-57.82266147459987,-439.7860028363718,4.690195226415147,0.9989377306470428,0.8874114194603135,2.0
229.52850160542442,484.5911453041603,5.487373685797088,0.9986243826993557,0.8271228264550378,2.0
-407.9075598469259,-24.291888202094952,4.751079023810271,0.9990329276314306,0.8907714318574671,2.0
378.22765188770126,-357.74409248021607,5.011599135821818,0.9997120894763672,0.9035827493133962,2.0
-140.10824075455363,224.27266470454285,4.873763345656356,0.998657468855901,0.8338018338150894,2.0
-94.5563572535957,404.2616462152118,4.5981037401498295,0.9992615190912133,0.8817813302866483,2.0
186.14065324243353,-381.71159183444513,4.914703248815826,0.9992174231237152,0.8866951061575861,2.0
447.70201838994865,49.75880644670011,5.90542395706188,0.9995641250703271,0.8994723942446808,2.0
-430.7132696993914,57.38863253316822,4.452253482013028,0.99938949832358,0.8928553765564761,2.0
-353.5179561405478,208.89773393315875,6.684406513206456,0.9992987379836717,0.8813032400086506,2.0
74.5930008330701,555.1882162033481,6.009739449647781,0.9991511489700382,0.8559328705510568,2.0
353.519802211393,323.4403447456218,6.7211062368990335,0.9992809529429237,0.8901335809993357,2.0
-393.96615547029234,-203.504608906374,6.168841903304752,0.9989124905520554,0.8426822518314984,2.0
-420.4031694117314,53.80773556401349,6.509413984187073,0.9991823138930882,0.8782285150916062,2.0
426.79487227591085,192.5052632994829,5.293924561416795,0.9990323822108527,0.8903810785670592,2.0
-214.88045336520372,-340.2909722317242,6.568236643502905,0.998852973568833,0.8375235385787305,2.0
359.0691897874953,-299.6822732317904,4.761075951636326,0.9990223041410561,0.8471065050839172,2.0
376.8804711743941,255.08567481472167,4.759990407796066,0.9985673686813448,0.8560670899487303,2.0
-191.24963189475076,-439.2285669975834,5.448819796718978,0.9988198696478885,0.8581353582094646,2.0
-336.8849243046364,-179.52867828616235,4.22973583855935,0.9980523980849278,0.8129558015562292,2.0
-380.1346772253278,94.73252216845567,6.04643935058436,0.998611258334556,0.8133821456605661,2.0
-316.03259596812484,-322.3000368521224,5.01986040144891,0.9990115123026343,0.889950073313445,2.0
-44.590493927630725,-383.98084739789266,6.239434314791475,0.9982373555349319,0.8702218118505748,2.0
146.71554634875488,502.45747022356755,4.528675481695376,0.9980975735854831,0.8350553057630531,2.0
-85.58925437865398,-495.09530323931045,4.901941321594397,0.9990737192326364,0.8518995991997255,2.0
-397.3530765406836,-2.719960389164209,5.590960862385983,0.9992614836940975,0.9001121361067399,2.0
27.75632510022473,510.2396243992805,5.6046076012335675,0.9995318846164843,0.8961042289612469,2.0
392.79695764679985,104.43502689389994,5.670986442392948,0.9990481943738564,0.8912323031935394,2.0
240.34194278311415,482.3090512259829,5.627491607064746,0.999377778451305,0.8888210220508335,2.0
397.67087548633634,268.37098144913085,5.916531603982726,0.9988571983408719,0.8607641692604853,2.0
247.06243482941505,-372.7102567454914,5.846315940018948,0.9994124456632079,0.9073782865889595,2.0
-184.3730674934131,316.7818273512521,5.586581082963104,0.9994810151462156,0.9112162598066895,2.0
-1.1620965282198126,-433.20558986389085,5.353953348177163,0.9974495316219848,0.8491305022477627,2.0
-426.45679142728955,-11.81247003744385,5.044732867134695,0.9995004241760225,0.9330011580396064,0.0
-29.867957849807688,-384.6567065480311,4.157460033881205,0.9995043648128061,0.9330633625759438,0.0
-334.461044990827,-310.1268629149428,6.016042359447657,0.999526644447206,0.8988761422414269,2.0
424.15010932968727,56.81398711839353,6.932864052360527,0.9993932162632829,0.9062317282254352,2.0
214.02027067061871,528.6205371064401,5.919570288744921,0.99944219096319,0.9087138006742352,2.0
21.111899029488917,520.5322049614525,6.681612002495245,0.9994031867951717,0.8540696769912416,2.0
-134.54990114699268,362.7669930993229,7.052562458705551,0.9997492434713469,0.9305188705744407,2.0
471.846968669905,-65.92585157582675,5.548353759540673,0.9996584451307591,0.9226425015545807,2.0
335.5273287233639,303.4094822830004,5.508279613631733,0.9987381267673324,0.8806143051966265,2.0
78.32072099374936,534.4075077573914,5.572762055713601,0.9995147414898552,0.8961854675579177,2.0
455.87275257523,-106.92361633862131,6.0138550312517935,0.9994802844176142,0.9138952912818761,2.0
389.02994860312987,258.2640650924818,4.63423698229447,0.9993839257147605,0.9056556325299058,2.0
400.968496121742,-259.8426409995602,7.105383195406333,0.9992254368366156,0.8623657184420456,2.0
-355.3438144266051,222.2865486767188,3.8141821889357024,0.9992112569578646,0.9241484855254607,2.0
402.27754927848827,299.05203950687354,6.103093522057225,0.9957719938624096,0.7553600788192811,2.0
-33.56069367060105,-363.3727468992417,4.905800633838113,0.9987449337944271,0.8804729924034346,2.0
482.36704929657867,182.9040408175898,4.974246763563,0.9980152505680892,0.8329901258093557,2.0
267.54486346186985,-329.714658306975,4.911265566259528,0.9990795748364265,0.8772854716650936,2.0
-43.80488039357774,-500.78448513428754,4.6329942471676,0.9986873887300498,0.83255522629541,2.0
-254.22290783301295,270.17077235066154,6.555866391518773,0.9994828888504462,0.8947287844965164,2.0
361.9047282170377,346.0511053071496,4.761427251532422,0.9975861863701978,0.827914764537846,2.0
8.123681907572802,513.4102680629496,4.467038273589196,0.9991761724414384,0.8966082583597071,2.0
43.92441349502723,526.1329964016396,5.1839694623197,0.9990776354521604,0.8712430248018684,2.0
-204.0230097899798,-451.2540310176996,4.788031051861748,0.9991691538402624,0.8768863148449754,2.0
2.207944492317959,497.02528120348074,5.116413035345308,0.9987474879943995,0.8382665724166983,2.0
-70.89883341179288,-432.3839609192697,5.68547216974998,0.9992694377002188,0.9007590491361358,2.0
198.1068684743831,-336.57893139561014,5.925637170386891,0.9995527057984094,0.9155581256443478,2.0
11.38342716918938,-409.53540705210844,4.4293909849225335,0.9956276782831924,0.7526100153706099,2.0
185.62105057662777,439.59094513452607,5.032947313757311,0.9994012170909296,0.890254945111001,2.0
132.07210813350832,-369.92513123442274,5.504819536898527,0.9994184483486813,0.8934264125535412,2.0
376.1138765940304,-336.5724370648665,5.174192299895303,0.9997655386564227,0.9232131757534937,2.0
188.12572186776168,-396.39426717462675,5.3571730431998095,0.9990265164275145,0.8699904531600591,2.0
-386.06543800354103,-195.35619044812847,5.267237484463582,0.9987065117679443,0.8583883313192451,2.0
-375.59187745687194,154.09999466587692,6.285560109684221,0.9993833150147927,0.885701709763954,2.0
-392.2979566209842,-117.85256410826344,4.867189503013166,0.999269902874677,0.9238864215408394,2.0
436.67452910332474,-133.16461746538727,6.167196595810068,0.9989328371065221,0.8643793552074739,2.0
-414.08445851310034,77.80343757145296,5.571430845078307,0.9990009970723592,0.8454441585104543,2.0
120.67921928440296,480.5219447961341,4.365716147583118,0.9992628130587503,0.8864426624570991,2.0
328.79272408834964,-149.543675228177,4.290980669188357,0.9990458205023888,0.8916024045110071,2.0
358.5081393508484,266.65951618446593,6.52717200255779,0.99929704520846,0.888712875137349,2.0
236.91096421475024,493.69379666504136,6.290798256647649,0.9993719834858067,0.8583791718401136,2.0
101.46760976190545,503.3542844246426,5.549118997145555,0.9994975144121288,0.917032454137634,2.0
-111.6114107313826,485.9454745256709,4.744696345297446,0.9990805017341665,0.88965149598451,2.0
-235.03108800843938,-304.79938026619925,5.703515289442163,0.9995507053582503,0.9154225292828991,2.0
-305.2433006429326,-324.2866843035383,6.017798967032468,0.9988408584047366,0.8456231134310711,2.0
-181.2715261535933,-436.6406810656554,4.9264103645888735,0.9985872346367427,0.8764124619428011,2.0
359.66746394842323,256.17207135837384,4.110872197184171,0.9979096248861816,0.834938105104616,2.0
-167.54630524731408,-455.06204120284536,5.679785352182493,0.9992862472282974,0.9016585858240672,2.0
303.4711938291914,-19.609847313619582,5.075168892900996,0.9991776563528062,0.8965867073202929,2.0
-414.54173920358033,0.9429800370520552,5.297074570750525,0.9985072358998814,0.850534933062943,2.0
250.31920721744038,479.6639759979859,4.7570711959210215,0.9991215999297937,0.89534477137947,2.0
481.2008064891578,-92.29959033752618,5.1116568722241205,0.9989640731049588,0.8467937340775942,2.0
-78.88741643930281,-503.25448968697935,5.676543568313049,0.9996401022860382,0.9239854793480738,2.0
-106.3661657950975,-397.5948722764384,4.996444205331815,0.9992588232356218,0.9002022485099739,2.0
86.2370615975328,569.4365179331063,4.50378938175096,0.9994531673614886,0.909569630581695,2.0
-37.01355575528435,-493.1560099863916,5.615410492963213,0.9995890277971746,0.9182138877397465,2.0
-286.29977090408437,13.726324928224262,5.126057105739475,0.9994291291459544,0.9029773116730155,2.0
209.43005967934374,317.30161165104556,5.290147983207655,0.998620125679675,0.8285240542997878,2.0
-292.9238551194888,-308.066300222437,6.609018578068584,0.998378224319765,0.8463274176895135,2.0
372.00138111199135,348.97588634863297,5.3227003712798515,0.9991263272568647,0.895184620543615,2.0
-370.0103486819758,90.03141852831226,5.186937351187213,0.9988969327474465,0.8883578876112926,2.0
15.544709095490171,-431.81525834597846,6.374074419326408,0.9991577163510831,0.878759983588118,2.0
-311.04686205567805,186.1363359850626,4.633161558947956,0.9988010587015969,0.8608504866193488,2.0
169.03509238113057,-397.97352036967385,5.139771277133152,0.9984255521820896,0.8453080873000789,2.0
139.32879753285508,-401.1971819777989,6.090501631527571,0.9991301166284874,0.8535905385248067,2.0
190.4267458829329,502.51761075361884,7.041883281664844,0.9998423165364609,0.9289385722139176,2.0
-297.67835014808907,175.6275753921697,5.359191075701406,0.9992214815505538,0.8981613859647339,2.0
-47.1814907968744,-432.1463786571784,6.558086063869012,0.9995283294710029,0.9211161837318457,2.0
417.8939758271464,268.1078504983233,6.005217311924489,0.9991722873311573,0.8961923851188685,2.0
196.83032109942206,461.5489365227617,4.658861678213733,0.9997489037221723,0.9307913157056475,2.0
466.89305710835464,39.39809082234078,4.92940814539826,0.9990381293987209,0.8690149487141184,2.0
123.211931241074,461.7455066472498,6.49464654690199,0.9996753608010774,0.9321870914983834,2.0
230.7213795742643,534.4337151959786,5.796863695101726,0.9992402463749933,0.8891253132045513,2.0
260.8603071431073,319.47081807588444,5.126050483411483,0.9994725939883438,0.89297827140614,2.0
47.8899063246614,-387.86178248741237,4.857227471111825,0.9988593239884832,0.8894303127593175,2.0
-366.9115113841022,204.41998749330926,7.4932649816397765,0.9993750021631557,0.8679637620388695,2.0
374.7778100594587,311.08596813730037,5.38758774369535,0.9981001709407727,0.8394710115956052,2.0
-156.14731386969754,-457.93228262548166,5.594133260616934,0.9996588674063662,0.9230814852761067,2.0
-152.67984287533713,317.00894452032435,5.866208898788126,0.9995751716889589,0.9079998508936565,2.0
-173.10690015666538,332.6323546738681,4.375036479091817,0.9982475712521975,0.8391197643271571,2.0
356.78206806230395,336.15973617786346,6.476860162816543,0.9989204087078359,0.8623999584098889,2.0
250.49132048767197,429.4581492116758,6.066636053044609,0.9994276323212913,0.8945992879512709,2.0
370.0221184657657,298.78650736400164,7.123435755448401,0.997945114899224,0.8627190155849478,2.0
219.55415844739383,-342.25742783447197,5.813014528968061,0.9997324686133038,0.9307873738408188,2.0
227.31516626578,-81.15033575176011,4.354716112244082,0.9993040895940235,0.9020369302313165,2.0
123.87873400535986,501.02399649242443,5.904230738828232,0.9993377380585828,0.9040819780927072,2.0
117.96496554910293,516.5475353104617,4.738170393705437,0.9991515342251691,0.8967390260653569,2.0
407.8448031293979,273.0448105261131,5.044892342216759,0.9990125541672478,0.8906121214637781,2.0
375.7707181715089,322.53560377202643,6.144836525202254,0.9995057440538045,0.8944753378897354,2.0
386.4803854325576,-338.47637361535584,5.394453415731598,0.9997716383853146,0.9260552417386675,2.0
-123.15044945882036,395.9454018583014,4.499527166320886,0.999651877696081,0.9248608973388367,2.0
-67.50231025112627,-499.27945124414094,5.475270301976241,0.9997539933032006,0.9210212712153779,2.0
-127.38634539929713,-472.6405291598506,6.456959715778642,0.9992015731963512,0.8764164808878967,2.0
194.04109341028746,-347.04574238926136,5.35602463051867,0.9994993601563227,0.8964796508860212,2.0
95.48454794413185,564.2700150389825,5.9208701415862945,0.9992159324819765,0.8784077911530612,2.0
385.4823938772929,-278.23049901516396,7.634688494660905,0.9996050632126687,0.8931335580508215,2.0
468.4594425047196,-78.91259909405616,5.74278189222504,0.9980705277000331,0.8375092659623735,2.0
351.568184667748,286.46079409394616,5.594903835788415,0.9978455709367691,0.8582420657952088,2.0
-425.9316002757784,73.628056228874,7.0297078741592145,0.9997023358582383,0.9140068065046213,2.0
-16.666774590449247,-494.9467321996672,5.04587342183164,0.9994124759059322,0.9083988918584058,2.0
-17.275197894551948,397.0343526225074,4.531203978052156,0.9991389621242277,0.8743631342731889,2.0
302.39306729869884,216.90101215371115,6.5638175166232235,0.9989714570778312,0.8645968794690532,2.0
471.9403328450507,178.20470917255528,6.544313418840514,0.9993308430643927,0.9053449336173207,2.0
-350.16577700206733,169.1509304931726,4.518901832726642,0.9991500651811777,0.8730299022272219,2.0
-402.52042002027554,-193.2586623948598,7.241121147557334,0.9996661663955744,0.9106840394742354,2.0
50.02617552312502,533.5469969608308,4.475718447474977,0.9985917341925113,0.8523889857450933,2.0
-388.9724031235763,-9.188485931662374,5.056104728505077,0.9994408538384887,0.9303280595480238,2.0
-125.5200923741139,467.3723172745251,4.795211598175723,0.9993089576146897,0.8652802612284397,2.0
93.988488101001,552.9489410115942,5.5317106238529234,0.9994693221193983,0.8783774969136036,2.0
-52.66003366029792,-394.5108012722926,7.176236567971788,0.998417491197337,0.8226904995185007,2.0
-332.00639064083725,41.94785147434307,6.246445226298042,0.999048298626561,0.8688669271750574,2.0
-140.11305592751017,123.99737148246597,4.485826809714744,0.9989062840402768,0.8862023368457131,2.0
224.03377388824248,495.3978503055752,6.707315894073002,0.9995998155709533,0.9268712590205141,2.0
127.75050490669595,488.6199631650991,6.425427351520852,0.99957247821936,0.899406787326506,2.0
-407.2920192218964,-6.35574658589155,5.050654107611818,0.9988377264537047,0.8587940862353162,2.0
482.75793181235423,-68.36843937147341,5.668685419365523,0.9988858999481898,0.8643564551114519,2.0
202.34008646971972,-378.3546772189173,6.848149737124048,0.9995720370369335,0.9017074895733413,2.0
407.1936786682719,-280.0774182764841,4.831597262983674,0.9975632371311045,0.8280428415003053,2.0
-44.800584202609365,-511.66014961334275,6.316455834832685,0.9997456373484302,0.9306793556441425,2.0
369.0025467228596,338.26382386794234,5.853931026177854,0.9989280137394938,0.8634593715443609,2.0
157.1365066692583,487.24822630121344,4.832646552869539,0.9990599604884506,0.8914595849741285,2.0
41.69463357689728,487.79556984143704,6.103461728610836,0.9994896861856544,0.8944722150177725,2.0
469.01270817241874,-98.64073075007717,4.85925492737703,0.999240447216057,0.877851760333487,2.0
177.8358895304701,-389.95610760822353,6.842422923227571,0.9993330600997745,0.883252700733796,2.0
362.00885140038935,286.38863418928736,4.787817872073729,0.9992602219966147,0.8999125063564315,2.0
421.46323173463657,277.70618340133643,4.32524647437244,0.9977537914374116,0.8277318090510605,2.0
310.9647615174058,422.1389175932969,5.189362427289772,0.999728997866241,0.9283051564977935,2.0
413.14895056411757,281.1829084750096,4.7453169810417535,0.998020115580047,0.8337687975358711,2.0
-26.54475635654664,-393.9785394804828,5.817182428743995,0.999496506169165,0.9141106935194485,2.0
-191.5531330762144,326.5373106493891,6.431417609458774,0.99933127694446,0.8844577144758664,2.0
-40.15184801875749,-441.63547362347373,5.331426384583731,0.9984434118856677,0.8215953241995785,2.0
383.56272664174406,289.0336074205692,5.31474709708733,0.9993919375347584,0.9283523379144522,2.0
-33.18709179590279,-517.9980664996573,6.955230365799223,0.9994066741407552,0.8701935789045842,2.0
364.71311365243076,-93.52371090675912,4.8690072883743065,0.99917145810684,0.9217167837038639,2.0
-41.832142271241175,130.8332112523157,4.397733928961289,0.9980709489021921,0.8352866318929911,2.0
131.83624095888246,-380.68163002076886,5.311041968879942,0.9990234097516509,0.8475251188585837,2.0
-67.3166915626545,-489.51767880353015,4.296955400372491,0.9988106276266034,0.845360024441553,2.0
-116.99281853431059,-480.680973756948,6.733815829954173,0.9997182875855957,0.9085915157850762,2.0
218.43591043364555,448.9447076878821,5.004765893908538,0.9990464759931795,0.8919424685226994,2.0
343.3393093476238,380.13097805076484,5.265022977525236,0.9992327230485167,0.8776911791131873,2.0
372.3953769111186,-347.97859963844417,5.502479815223606,0.9990555073258285,0.873270165026975,2.0
-156.90397219954625,-153.16022016068928,4.2401811417123865,0.9984096142660026,0.8718384659384031,2.0
-71.85116440799354,485.4686190386826,6.104442927498142,0.9991602473497556,0.8743009683480957,2.0
-203.67904214063032,31.538041063943655,5.157294372771939,0.9988562419390489,0.8379532489048156,2.0
-27.24117672089817,430.23556313706996,5.900726264008255,0.9996476396723676,0.90544102492598,2.0
-260.50768840892704,287.136727595791,4.883734528405463,0.9986377662055842,0.8780486374291903,2.0
-414.8757308239382,65.65088547936553,6.650670155507821,0.999205197730359,0.8785405014309221,2.0
-298.43564052419714,295.32412840325924,4.52544197561195,0.9992070253730684,0.8978975247639647,2.0
105.61219183273442,443.4498154712853,4.591767574544291,0.999409878393616,0.9082313206433925,2.0
-442.1660789871318,23.15815976394886,4.838641996166628,0.9991580148017468,0.8535385517825523,2.0
-131.22557021702286,459.3871495650993,5.053033590770249,0.9989084778283863,0.8643304412836198,2.0
106.25960872698778,-368.8755010008755,5.901176451033029,0.9997613459680634,0.9312111536776342,2.0
-241.7201398327185,-378.98601018664164,4.347956106742863,0.9985651447414913,0.8514432508283559,2.0
-149.73077103854888,-467.6499527346401,6.08235470219666,0.9997234636234853,0.9283164658822934,2.0
-42.9505629474961,-452.2152914955925,5.683908204312008,0.9989688459878413,0.8460398984556213,2.0
238.236970713266,-328.20804848814504,6.89290725016313,0.9994773870967802,0.8918231813431086,2.0
-175.34515213932593,-382.48105118354414,4.090434643786965,0.9987293763715223,0.8809300221019778,2.0
257.99109028208784,499.5148210205521,6.495654373024241,0.9996099356283233,0.9071152099834531,2.0
-362.68274743812003,178.91212861893115,6.313256052688762,0.9994041034119954,0.8736213248447269,2.0
-69.68596045159477,496.1185553856401,4.841149878425327,0.9985051621969008,0.8491193909714924,2.0
104.2702441859158,-380.2626727456591,5.690461866921862,0.9988423379319806,0.840312807830993,2.0
366.2951738176866,-339.4044957687638,5.0720759150813075,0.9992239851472069,0.8597195430600091,2.0
-373.57781536451216,-195.4400208943041,6.080299981791906,0.9996582391386662,0.9264951070793425,2.0
195.1613024744406,524.8148328140855,5.827884280271402,0.9989304963464516,0.8637708856931041,2.0
202.42631506208414,502.40197971036514,4.9845489000474545,0.9990183421843036,0.8492966705732383,2.0
413.2428913734821,227.99545027018422,5.069702119255563,0.9995133336745035,0.8976263430263697,2.0
494.9932522105419,194.621561008042,5.434723528810042,0.9986914733432651,0.8547540057599985,2.0
-433.6650980331082,19.086852252019963,4.6241904826693805,0.9993490400400739,0.8864459220358416,2.0
-380.11640212428443,27.042101058089422,5.72205022706068,0.9996109900296544,0.9022224512122782,2.0
1.8711771298105155,-412.30651008653797,5.6236046073246,0.9971576988784842,0.8443627498435224,2.0
368.0408224149649,-357.71984935884115,5.193874733726179,0.9996443521019399,0.9065107875187249,2.0
-199.43425751961976,-176.54983377077804,4.919214734283857,0.9994906378263575,0.93258799004566,2.0
-362.17780126720095,191.50026748777975,6.342064999980576,0.9990265936640138,0.8684606300368365,2.0
-387.6293393368442,143.46263889933505,5.274319289441126,0.9995860430886336,0.918793270558517,2.0
132.41439935122128,-391.66899795868136,5.738083802436279,0.9994345783679869,0.8911983996625438,2.0
178.96401182030408,-403.78323663812233,6.43956749235417,0.9993158761054155,0.8698028805684583,2.0
443.45579672910696,303.98854496290215,4.853272134617243,0.9977726604848954,0.8274336811024975,2.0
113.02722114526999,466.2607348281816,4.7015823142982,0.9980246039108943,0.8407806378548909,2.0
406.2465793040844,-193.90962461910266,4.785317819285832,0.9988155083505447,0.9109872428918216,2.0
-321.4691969828595,34.036800099358125,6.504557637582138,0.9995184176770773,0.9137214082864356,2.0
-15.145406355004601,-397.1617870792779,6.08636864473627,0.997010391548378,0.8156832055146718,2.0
439.53390097748877,-123.00317540320924,4.4756917118155375,0.9976434012396781,0.7967869317030204,2.0
164.90860854653985,505.50758937044054,5.469222474608189,0.9997219450848273,0.9305821302334994,2.0
-60.50030468324937,502.27263228293094,5.149318589546412,0.9990043098222714,0.8711155733858255,2.0
198.63739539149682,25.900966719558603,4.520770612821677,0.9987323282495012,0.8803777792264103,2.0
-22.467718595489785,-506.4378306930774,5.646424972487169,0.9994201762724961,0.8896603189244101,2.0
-180.14402437861224,326.4734650575043,5.046464334756982,0.9988761514840456,0.8626685555824176,2.0
-202.84414717268,323.863476545181,5.206877105716343,0.9996486613435162,0.9229399337408601,2.0
-80.31589032659203,499.3643218500533,6.319400841642204,0.9996265727652955,0.8883414446995921,2.0
-369.6322644050693,-27.224141859662325,4.225564386025723,0.9984817633789077,0.8465203691016587,2.0
-374.42798652949466,215.77660638597135,6.182505248904323,0.9987817760799775,0.8204808971066648,2.0
401.8420246766841,-271.87815911364635,5.00425794579624,0.9995487495319104,0.9168986969175297,2.0
-180.38439859847304,-496.5013017604775,7.695726434695483,0.9989674260760718,0.8288219496739427,2.0
-102.74390782655547,-499.0189361461555,6.099639620933915,0.9991851043565363,0.8756762175287726,2.0
-229.88370773503647,-401.23381777388425,5.739808924120974,0.9992951174589322,0.9018594737749969,2.0
245.188503531426,504.3570460259639,7.2346471558103955,0.9995797154031987,0.8874811735564223,2.0
-45.4151527756958,458.341488495788,5.4314494157571005,0.9991045452055848,0.9194943392887602,2.0
-425.8378582359962,13.14539751432951,5.221526460494061,0.9995372669904646,0.9180481393064117,2.0
-281.0661949064811,-365.6448371263957,4.974129878009247,0.999039599553931,0.8689614287412708,2.0
-30.40970555954729,-441.12570014240146,4.507236293976175,0.997954150348238,0.8370190323826486,2.0
-349.5243841348887,255.8496974448186,7.504773407037304,0.9994189974884312,0.9081093916458214,2.0
247.19252185636202,-309.15120535356607,4.987869717285456,0.9986960028622726,0.8550276530174808,2.0
-120.87505875221628,476.0485706104575,5.078071810523619,0.9986068829905834,0.8303486170098385,2.0
380.85129382190735,390.9282286631756,5.117564655429749,0.9993914764292495,0.9283490068383228,2.0
-225.9916910434675,308.27695450429695,5.158876122427762,0.9988924444834311,0.8644824852861146,2.0
-403.5733365037991,61.22138989237836,5.259148576502457,0.9987591940510105,0.8817170082276445,2.0
-247.82015087278984,-349.38952171037414,5.739790762116962,0.9993904184806259,0.906469050905347,2.0
-188.0883744877223,-429.27702902596,5.062706754593045,0.9987643213868846,0.8811931343611861,2.0
-447.73772757501405,-127.11060519911875,7.288920519549959,0.9985475193199336,0.8417885350587402,2.0
-272.7632108767564,-352.83408226982397,3.811649792633709,0.9972576021326971,0.8138173881208911,2.0
-66.26521633948511,430.5047198771407,4.708757332781194,0.9997770604616575,0.932884972342137,2.0
501.71699908376957,128.90458364542087,5.91636613140882,0.9990375993369819,0.8689055764172493,2.0
-206.93941781408006,313.5128438560785,5.9638128721010695,0.998760208675368,0.8596137427171227,2.0
-424.07157489085625,-102.86441959079865,4.676420387484576,0.9982077533529796,0.840619546066075,2.0
399.45458808055514,279.87381565835267,5.819411708000621,0.9984796673950421,0.8248418832908577,2.0
-388.3883748207373,-253.14272935571864,4.723527105518422,0.9988950294180939,0.8566327054171219,2.0
-148.1759377714366,442.64139762574933,6.314035670140655,0.9992386401931372,0.8838012811752202,2.0
-95.25253317119187,-488.6370594285757,6.758335250313681,0.999548589850231,0.9171665863630498,2.0
251.6699088170609,323.9999599000993,5.158935292253559,0.9996283112538754,0.9203164584851459,2.0
248.5467774344699,492.1221057030582,5.509612785180223,0.9991219669577384,0.8796961232646212,2.0
-369.9955797404403,70.46034567289092,5.286716529907087,0.9994926091696501,0.9123678214935028,2.0
409.2134087329653,-307.2383470750435,6.25697749951852,0.9992392666920678,0.9005157135316113,2.0
400.55572335506463,-212.73827583083846,6.412762447319898,0.9980672174618799,0.8063938241948457,2.0
-372.87710993371445,10.296205612745654,5.183831417275957,0.9990374824723615,0.8679704692392137,2.0
158.21726676593678,-393.9887004378574,6.463680876840784,0.9994901180461138,0.8983323421242192,2.0
-365.16824925468427,-186.61169807813386,6.163173471687073,0.9994787276830176,0.8982902338006626,2.0
361.05941509143565,-349.07436464216147,5.95587556966007,0.9990007461494544,0.8495373706951097,2.0
328.22849527508095,296.13850801476667,4.880197881817326,0.9967538094293444,0.8047903326791874,2.0
-82.71077670795766,488.18656963396114,5.141101729090195,0.9992761501285108,0.880673812656561,2.0
503.21257505075437,177.54271590556087,5.149878412222396,0.9994723610667211,0.9123131364994663,2.0
-149.21570039715664,184.86372805747666,4.181420676368556,0.9989211039334958,0.8895061975105514,2.0
252.5224391994262,302.15560273725816,5.476934476641242,0.9993446310701345,0.8871052180401751,2.0
188.7805481711783,515.8617144374385,5.241530747388951,0.9991513393087199,0.8967666738165924,2.0
486.4734617406923,15.175335316371283,5.931509668211189,0.9994191735973933,0.9089965059528674,2.0
-30.771374780042716,-409.5182234345479,6.219814519118559,0.9982433734727735,0.8252277665648742,2.0
-380.6853524015599,-205.67083351736377,6.424374083503148,0.9993302015434062,0.8828015081792927,2.0
-107.89430275167459,-488.73088717689023,5.45662472876514,0.9994970044208912,0.9121692263273775,2.0
-72.8907358799635,471.281229347508,5.1101858799630415,0.9990252259038959,0.8468746182101199,2.0
141.3073582442358,-385.24825698187374,5.255859203851063,0.9993076477029134,0.8645348408821969,2.0
161.84707717755404,-404.3217602449732,4.505797791506795,0.9987710735915852,0.8643197762612991,2.0
273.5199295224174,-337.4648615486032,4.923025209513663,0.9989084793116934,0.8625884194613684,2.0
-136.07598740302697,438.7408649607872,6.472740160926117,0.9988812672227815,0.8411046920660545,2.0
-164.29389556957247,-466.54024957437105,6.300856850678609,0.9995373316728202,0.8857010044280985,2.0
147.0027740814006,-393.50471586882105,4.819460414342577,0.9992303489321996,0.8990291679630799,2.0
165.92855941404176,493.82235330146005,6.202969290972296,0.9996069401265327,0.9143029298609071,2.0
120.57551031422202,-393.65150463931104,6.308721617970612,0.9991051553396163,0.8539632482225498,2.0
-391.0923633993076,98.97540411116708,5.748026825460053,0.9990187105679416,0.8290587053856783,2.0
-272.31088664607836,-361.3934730081074,4.817326950679669,0.9989091468543895,0.8672635041403008,2.0
-303.48862013105867,210.17560000668428,6.154285600908354,0.9993968340860913,0.8797339036127809,2.0
102.78410054245953,-400.9705620719871,5.442934984001082,0.9990736324290937,0.8704384178192823,2.0
-92.39964564262651,-501.7019694746728,4.645920615743205,0.9990063847933485,0.889455392173311,2.0
-232.87924779595016,296.5583455357039,5.132205402612157,0.9992700533639963,0.9004364082155258,2.0
419.0723388146569,-208.8763562239603,6.478354087551624,0.9987528410658565,0.8330150731652693,2.0
-417.58583334735374,-95.53389864668789,5.157137592716198,0.9994533660878038,0.9095828183843531,2.0
315.53310628800455,120.88152814197053,5.611543042921147,0.9990054240636022,0.866132488421686,2.0
472.1869801602344,-55.14937360254729,5.266605842327339,0.9993409654409919,0.8836627478065323,2.0
-110.77369128967396,476.22907836550723,5.0740278597100295,0.9988912099821127,0.8622256924514076,2.0
-115.88182083918765,445.3544812698302,4.584217465510285,0.9996149541979361,0.9229622484648423,2.0
365.15686587220443,327.531879788131,5.627704654678301,0.9985526472780354,0.8358417842495113,2.0
422.6317541214308,-130.5900175560023,4.321021963208808,0.9994794656801709,0.9119429134318989,2.0
-22.38075312421029,-524.2049183005773,5.571047073215786,0.9991066698363716,0.874609517784631,2.0
430.11230242208353,280.01644777248777,4.680420468611364,0.999072144504729,0.892511904919988,2.0
51.631228670640255,478.56550362300914,5.877625944478556,0.9995122368954688,0.8958805729564802,2.0
186.7698913117087,40.79438284732847,4.98022562356877,0.9989786042471152,0.8885695926982652,2.0
246.8424162575283,-338.0451090961518,6.229515702445685,0.9985440216692907,0.8273498438227935,2.0
-361.7395748094575,262.35157056878137,5.548515986925688,0.9991220890580363,0.8970888644533707,2.0
-374.2939585567546,175.56641873119895,5.826278031776706,0.9987106911734341,0.8314171454716106,2.0
-273.27665911980705,-370.2404092944805,4.108733735200411,0.9989913031632378,0.8677875400217551,2.0
-415.35084495903584,-130.99972702757128,6.498427224983252,0.996168164118079,0.8044159381471175,2.0
96.03528358535877,541.8551798960814,5.792510535992734,0.9996944869511577,0.9256520032227514,2.0
-334.5623370642421,-297.3380076895991,5.593474295212834,0.9987171175083801,0.8578176816080659,2.0
510.9636053074118,121.07976236596505,6.270316629270538,0.9986258014630033,0.8318971004947673,2.0
491.1375638597722,204.92066864145085,5.655930053202578,0.9995053291155926,0.9330772360415341,0.0
-162.2360891087258,-485.6002493904619,5.166548288235082,0.9996935816548539,0.9259157086824887,2.0
-196.03448155514508,37.099212722782376,4.3502986714678995,0.9988330842456924,0.8604557025876132,2.0
-441.8181532875138,-150.9000140010935,5.30316811803711,0.9978789215375036,0.8311209105854797,2.0
-32.57874941208613,-421.18756410942643,5.674098905625037,0.9988916907777154,0.8626232814992868,2.0
384.44392616810694,-292.766033967067,7.005036459762431,0.9987158019126202,0.8577108560624934,2.0
81.38469559938461,-377.00793142729884,5.9407868366253105,0.9994566391192202,0.9101404359288234,2.0
-58.7375933571067,436.92701152947535,4.27584705298192,0.9985324181166154,0.8757104113497504,2.0
219.87100682623245,506.8395844501407,5.53774252022125,0.9991128246983275,0.8542260522703746,2.0
156.2401200874963,499.5464930087273,5.066023099505251,0.9997529352958183,0.9170169134897685,2.0
-348.8801164172616,-320.42508773821663,5.086710727836202,0.9990848514034093,0.918157424806501,2.0
480.62814690589596,134.49600578874046,5.408009910615416,0.9992777555535378,0.90128486089425,2.0
-8.693901672072005,-407.3833073865366,6.212029886327497,0.9961132690071896,0.7597214704216061,2.0
388.02960773580963,-258.78142085548603,5.974656560013774,0.9984481365522556,0.8333172168297498,2.0
-312.0922040121318,-333.22168655135414,5.316257405414594,0.9991184246769164,0.8967582123463742,2.0
-389.2050186005665,88.24440006709227,5.207274378657818,0.998311349933073,0.8488094923242627,2.0
-367.303960329803,-238.3063617971672,5.562042160174693,0.9982499387724267,0.8201795475473221,2.0
233.91313923397877,-342.0594170705139,7.418990218586067,0.9992538224756679,0.8817276193161816,2.0
-436.45016594235943,8.954236585608443,5.920932123206952,0.9997519265182475,0.9188304882379817,2.0
-51.503510373364236,-421.7248908137178,4.801408662227804,0.9974615987153612,0.819289353968179,2.0
435.14092564897476,200.5437462589182,6.355624465206459,0.9993472339124033,0.8834982207904554,2.0
-54.678092365797504,472.95008116392023,5.60549758905851,0.999680324795476,0.9261057779733969,2.0
255.42067760420167,-345.6297096345308,5.303367308798585,0.9989186284617447,0.8879907704662066,2.0
-89.50543905299128,506.6286185825811,5.424779561157316,0.9995419098212455,0.8968510619323994,2.0
-216.7219370065252,305.27502808506125,4.622942362102728,0.9988772848427854,0.8623290944608781,2.0
396.2379339437839,-303.5779997582589,6.237137868601009,0.999682426204825,0.9244803038413634,2.0
393.1366790797924,352.2935818823639,5.8261354119423805,0.9992897170971758,0.9014749460419749,2.0
-103.2354335572718,492.1185099594784,5.6874774157961125,0.999597807547827,0.9019128531528959,2.0
483.02187953016835,-57.00956131201081,5.7720192776749,0.9992648270179626,0.8854762473035929,2.0
94.6017053357498,-387.8129927156185,6.622845459589697,0.9996226450282075,0.9199510741355827,2.0
-96.68258358182355,-537.4327168721512,4.955353297267154,0.9994064834347783,0.8881852002023877,2.0
-362.4935597459317,250.16786332980462,6.745264307151749,0.998518922676406,0.8026963879962649,2.0
354.5570628707722,-360.34635697636764,7.1331456199846395,0.9993574431468099,0.8853775767154196,2.0
-21.043173505775222,-447.87726667096695,5.387424118493333,0.9992849914770362,0.9150817462830951,2.0
333.68252610550303,376.995892639275,4.932335403420296,0.9993082382618216,0.8834864974520884,2.0
-135.30361150935374,468.6309153143966,5.111265313404387,0.9988507356782484,0.8612958833055276,2.0
443.6062286901773,-105.76366895502059,5.305571721072432,0.9993356510232283,0.9039725565742882,2.0
406.3656496106773,288.51669539234314,5.3484567392599445,0.9977816868696291,0.857399462638036,2.0
-232.6703578021606,336.33525361057303,5.3619370855458,0.999269041586207,0.880829939813287,2.0
-165.10760133969023,-397.06264144538545,4.2939212167891725,0.9996743349503813,0.9327766722672374,2.0
-6.825882962999336,-547.6062248923076,6.577690786103668,0.9993447997213073,0.8838706281600353,2.0
325.0692201891653,-313.6439270530576,4.291756514409894,0.9994861917024833,0.8927412258884342,2.0
-5.467980563823731,512.9038001806254,5.345785759609733,0.9994163158143075,0.8882520863206593,2.0
504.11339015325376,202.41399316127263,6.607429724355726,0.9997346556799219,0.9290081208164221,2.0
85.1774677947068,559.519626140463,5.501054683864821,0.9988666069415204,0.8237136344613932,2.0
265.1428450026716,-342.56885575529486,4.940170757078662,0.9988823620057606,0.8609810253827116,2.0
386.0172219266336,315.04671855284835,6.5997493506447755,0.9991378561287018,0.8526567106919783,2.0
107.23219743320816,537.5696208964022,6.225823285417558,0.9997462599683674,0.9301008193544684,2.0
501.17845642146625,114.90606287230635,5.377307129010715,0.9990705123555333,0.8721898907763135,2.0
-22.812727370206474,-425.62049069162526,5.109544221321833,0.9981635513796578,0.8672948807390904,2.0
480.69307454760104,111.62555683228783,5.150861298897173,0.9994655697763585,0.9107611999028349,2.0
-59.85926935757995,-493.43911522141497,4.177219929482008,0.9986580892143383,0.8550712188837027,2.0
401.073600767085,-224.92318820801057,5.890445328955035,0.9987996656112261,0.9000305225805129,2.0
-209.86918078467218,299.6205952225045,4.320397869862708,0.9988175060995184,0.8833500836241952,2.0
-116.60411870481268,435.74720184477565,5.088862877309883,0.9994559163523535,0.8925632118623846,2.0
-377.7124230654371,-241.12026757347158,5.313243327963725,0.9983732031311553,0.8541005538233334,2.0
-140.27151470114592,-476.89211591497326,7.182756933922521,0.9992247983582628,0.8599003437546391,2.0
-371.3774862518239,185.57486482052244,4.660904409186497,0.998736354506678,0.8601599525860892,2.0
-178.25606301772524,-474.78341107104956,5.7254849101047105,0.9992663844801496,0.8864681318370733,2.0
393.2591177399429,-248.05180896655136,6.047610948232748,0.999069414450034,0.8827498735738878,2.0
174.2152653507973,519.1584923509673,6.8654474824734635,0.999455958991134,0.9099507309185365,2.0
108.55896782636262,-391.1127524619156,6.0489963193342415,0.9991982357257698,0.8971640814995513,2.0
-464.2050806389071,22.333674013156763,6.142021566338687,0.9997552449242675,0.9161822437401111,2.0
-419.55562880565236,-150.5597704480434,5.890994515540757,0.9987043156591343,0.8543418036095035,2.0
-134.97948017854216,487.3552756604813,5.0553062745658535,0.9992488436278696,0.8995279080807104,2.0
491.0364404666044,132.18580367946143,5.305853111772501,0.9992846854646084,0.8803285560241182,2.0
492.2859123015734,-62.78083655673191,5.1609676525457635,0.9995624508803358,0.9188763065859795,2.0
-23.095773699378324,473.87020924071675,5.208235743768487,0.9988168573201575,0.8833770253625591,2.0
-291.32823979798275,-393.34527412675595,6.430729100052505,0.9990675442290033,0.8519146868415238,2.0
-90.87689544425625,494.60718233863616,5.299498890169079,0.9993564428178533,0.885048746733494,2.0
153.9218106653852,511.3977217782571,7.034766988727881,0.9993797971685389,0.8724542168339834,2.0
-262.72047500860685,-367.78497129674406,6.780014376675652,0.9992799100509909,0.8635725128665411,2.0
-107.73473011014913,505.977401012705,5.627695778277145,0.999088493884991,0.8803545447281742,2.0
-19.60393320463598,-534.6365951680683,5.2884566648291145,0.9988253874266279,0.8835638913009147,2.0
-9.722545699054303,-440.58694791092034,6.058699787264676,0.9980941890935238,0.8340986564608153,2.0
-426.51104234090906,-21.611934825701788,4.8504625374679735,0.9990485415546639,0.8910016314929144,2.0
420.7863177282284,307.35640581181184,5.513692580669561,0.9971361404428324,0.78774315575574,2.0
255.6074465580405,334.8723541532463,4.790664115002759,0.9995728446851675,0.9175236564214255,2.0
-360.49078159873847,291.51623255258954,4.680572629368576,0.9989310467985477,0.8774806410949719,2.0
74.32926077530954,578.724247011268,6.9634758124833,0.9996587290705392,0.9088149499053686,2.0
519.1512102394128,216.1925782330029,4.815696246526022,0.9989366994114692,0.8671979131676307,2.0
-18.28793182345611,504.5987684671073,6.624420308354689,0.9992054759622777,0.8612061446798014,2.0
-407.66350449061036,50.473449961758895,6.324945207612213,0.9994251499686014,0.9296525567427433,2.0
494.3276640278979,-52.426063069392406,5.436206722685429,0.9995068350099431,0.9128050939672173,2.0
-326.2564934361393,-345.3641728639111,6.013140635363841,0.9987725479738664,0.8651065617392789,2.0
-85.46114838771673,-520.9747119143211,4.406460468322322,0.9994012285289617,0.8886625829994502,2.0
213.28534839967318,-319.67258521266626,5.032155864651816,0.9992527835456124,0.8796953697192003,2.0
-141.79225586655326,-302.1919604689483,6.529264047646286,0.9996201616026881,0.9198164557436668,2.0
-384.873696643602,77.43848154188247,5.31860803770771,0.9995492311994923,0.9174596568876644,2.0
6.777590885166658,419.0106928503215,5.954367214555087,0.9992426294280634,0.8989655756698941,2.0
-157.5112735801098,-476.12034956810294,5.450784993649497,0.9997213139404587,0.913991069592445,2.0
343.6285299672401,-377.8161800097885,6.891748900409502,0.9993032744052769,0.9029718692565598,2.0
308.9507155034657,-201.80646928429744,5.018656388875443,0.9987058576686053,0.8603652022077679,2.0
-146.29006218371612,-325.08467607935955,5.247116254165113,0.9985142847823396,0.8247533867846712,2.0
-390.5370688619773,191.61506647814085,5.832835773420618,0.9988727590459886,0.8464868146460809,2.0
-49.58665018284811,508.7323972471113,7.604133198020729,0.9994670999019194,0.8748993007208907,2.0
-125.01386618192298,374.2047446381004,6.377122130342356,0.999709574396699,0.9271557070898475,2.0
403.710434122363,-248.69879894899074,4.431667660745464,0.9988819096073187,0.8747834934642003,2.0
504.8835314314751,141.01550061900815,6.675273581999317,0.9990267995499723,0.8287141167116399,2.0
-34.89774472106235,-432.12719143362875,5.580162392563053,0.9994469025315784,0.9119632161072925,2.0
-59.64437026856473,459.0725650255784,4.6591140151485195,0.9984554276852219,0.879615426022245,2.0
-263.6552601960055,-355.3488663549723,5.697518013439749,0.9995129624761533,0.9234746015614116,2.0
355.4238553312715,309.23618434406626,7.702413464548424,0.9988930834362357,0.8615887861186706,2.0
310.9836446757497,-326.5839304530367,6.025638157277583,0.9991082675156685,0.8822626859730871,2.0
177.29798769833002,490.40100383702713,5.537228436832221,0.9994879249401751,0.911342026052609,2.0
-188.86590215662437,342.2718696103885,5.103392105251335,0.9991133268894742,0.8938529297402491,2.0
-219.00264174144485,354.8348787851339,4.584058418715389,0.9990610624200607,0.9171933089174125,2.0
-376.10243792863366,276.2836418307848,6.8342114265549965,0.9995148016021871,0.8971115521586588,2.0
-421.91140956342156,-139.4179804889066,4.363829413135523,0.9956982413289258,0.8262643454483878,2.0
90.60410596857713,462.0509711354032,4.875655014965118,0.999732821541026,0.9307062897703052,2.0
180.92959818683184,509.62294598331397,4.8560067867923316,0.9986414366989961,0.8528521777755299,2.0
-338.5304702471979,139.00028094041681,6.253568360248903,0.9993756678952826,0.8904687746260097,2.0
258.18886808164615,-334.5924603647277,5.702855609019428,0.9990069353299914,0.8476132935606042,2.0
-167.86001666604906,-477.18554240879513,4.983273257929537,0.9991018069183173,0.8527388608572892,2.0
-284.4131161238265,281.96995289634293,4.907434768531249,0.9993485264347518,0.8847829655015619,2.0
-156.03434122635096,487.31170382937586,6.974439019054665,0.9996298976432877,0.9210625579754446,2.0
-123.22350916521427,502.71497606527134,5.198765059575767,0.9985869872273438,0.8520285078650456,2.0
-444.9073038814638,32.92443178329749,5.346590825657129,0.9995118683935444,0.9129191596616761,2.0
439.4942148172326,-23.671413223117018,4.848431849579465,0.9996780227233354,0.9327699138578235,2.0
-282.96450495277765,308.2056302217688,6.271101544263968,0.9994361492251062,0.9084781218649314,2.0
54.86348415621738,559.7095911516911,7.430332870862327,0.9994454926808017,0.9095987156124932,2.0
-238.86621851247418,287.5442492681672,5.7499840609328885,0.9988609167702903,0.8377951035018495,2.0
-366.55670399949565,-8.498951042886448,5.960484751209942,0.9989541342917776,0.8646576764659368,2.0
-27.0265397274569,511.38907699251354,4.4895045934920415,0.9993929935129016,0.9085516319027768,2.0
-417.9317127586705,-194.3308237924989,6.151386845094387,0.9992834918625284,0.8820688948245309,2.0
113.86481537399582,-404.04718756075295,6.121559983275335,0.9997776287989416,0.9330242109123039,0.0
82.81837626893808,-405.0911356430508,6.1388015115593255,0.9988373097794877,0.8591797472301655,2.0
-109.74969688790429,-518.4665735127314,7.393043197183397,0.9993341884627474,0.8646638149560808,2.0
63.82195176828731,-395.0583641525679,5.669119989475452,0.9990211123817504,0.8707688368769217,2.0
-83.70894183253532,-512.2196793918494,4.557386644074896,0.999083477699148,0.8707295138918474,2.0
-307.8308774025058,-364.7052899270799,4.75823423115665,0.9990002090353729,0.871147591403484,2.0
-371.2773311871114,-213.7569621564402,6.042887820383619,0.9991855960325402,0.8764943500778459,2.0
333.0236473579779,-335.648360673269,6.001207238695923,0.9994777231427653,0.9320741073494333,2.0
-277.3313032621735,-387.69182111471537,5.158053111697295,0.9995792066667035,0.9191749424023448,2.0
-434.55684664926366,29.612284770651723,5.17635530840277,0.9995267131276748,0.8955622140078809,2.0
320.24805490211924,-335.3981417212982,6.848564802292389,0.9992157590258689,0.8557491709779307,2.0
-267.2459039963929,-379.00849149752355,5.327397658028287,0.9998394910218773,0.9308061015340289,2.0
-356.17650175661913,-4.995709265952693,5.074361444457026,0.9988801978612851,0.8918803423530026,2.0
522.4939379603378,135.8098415126824,4.9496970715484245,0.9988548889816761,0.8610165193750802,2.0
0.051093658616040136,446.1907409526681,5.858350858406249,0.9995959458717916,0.9008193646041096,2.0
-347.33998050839483,147.45080032982872,5.977032652122958,0.9991645353338054,0.8788009051942137,2.0
-70.55251945375305,506.7562685694732,5.912256590775657,0.9989055634529869,0.8528794223115261,2.0
483.1690781268093,172.0258425615576,6.016476402733476,0.9993744217174311,0.9276676736904631,2.0
-136.4416906164644,374.7435710579505,5.107208609666028,0.999450007283636,0.8911670674208976,2.0
37.22908069773824,532.5900556004709,4.15946184218499,0.9991616077005293,0.8955364814393172,2.0
-126.49399138699853,430.84222834033426,5.995599093669792,0.9995485281770592,0.8987261872054383,2.0
-394.97742481550586,180.921573958721,5.767935169643588,0.9990326090945157,0.8499809165170403,2.0
-123.65466131463795,361.3577849172541,3.9895686629410503,0.9989736795757402,0.8897000525691053,2.0
-346.7610620883075,327.9340244445954,5.101334871854963,0.9994980528338766,0.8997182457540128,2.0
-351.6884497447085,296.40645561404654,5.452071026653738,0.9987366717103732,0.882953657451377,2.0
503.26913234171343,160.41875151666125,5.122320003095305,0.9996125135755917,0.9201200373692159,2.0
-173.51219666506623,318.5595028391664,5.313985203902626,0.9996302513456583,0.9210524860385949,2.0
180.39788098627847,479.9019262402781,5.1413180578486575,0.9996880965414907,0.925296977483817,2.0
-44.174276163506335,469.54640537792613,5.483495605563654,0.9993929501109435,0.8950185191513526,2.0
507.9056554474926,214.99254446164096,6.560900247093798,0.998977900320532,0.8465433927072971,2.0
-31.485188662581603,-530.086274851487,5.293392889414191,0.9995536841823709,0.9022192509910723,2.0
225.64977380367856,-350.7785326515155,4.685450375665737,0.9985194033918567,0.8561752666978644,2.0
-229.50739001244227,271.8872713266288,5.1446118194715185,0.9986099313941791,0.8316471676254579,2.0
-370.8302825209762,-246.69683001432958,3.572449882975359,0.9988244143596706,0.8593499517877672,2.0
140.84973200624773,511.0374328758345,5.921121255617248,0.9993834857535866,0.9062186959134882,2.0
-361.0677183710279,-314.6708440240429,6.713747044185251,0.9993199337691231,0.8860322134668924,2.0
-327.6707539232531,143.47462404781814,5.4284300850046865,0.9995861135611712,0.9175836096408164,2.0
481.66073805681776,89.62634131546473,5.596582298778038,0.9991730760712749,0.8767164753688399,2.0
300.96876101878416,425.92807366848683,5.532071693216728,0.9996435912183863,0.9065596560339828,2.0
-173.8797340599878,-485.38754728986794,5.240924239954195,0.9993722560515242,0.9072401723463761,2.0
-289.24027750017416,-371.21341254661877,4.974129878009247,0.9991241975169652,0.8731298355827707,2.0
524.8861221506235,123.21945897202048,7.923475165015722,0.9993934301810905,0.8927936182998176,2.0
-389.27516906695575,-214.99407617773508,6.313870319354901,0.9990662823000197,0.8509509511008253,2.0
-34.05416928133791,-505.06120294568876,6.072541193054539,0.9993508209965654,0.8850291677448295,2.0
-380.0398138376718,165.97707533462588,5.4145895716770465,0.9991188011679781,0.8716190277382428,2.0
232.67206360250833,504.23610634704175,5.128079128534073,0.999481825123483,0.9320960178315525,2.0
525.0294447088073,107.20581993106883,6.300046355785701,0.9997191500954531,0.922064129952094,2.0
-415.83823437532607,-36.235952343885074,5.858975953110297,0.9992680689222257,0.8836186308643108,2.0
104.99915813034158,549.5761875691089,6.020006021811346,0.999710093374223,0.9266311552754818,2.0
-45.390649877265695,480.8386327227643,5.9223208841896415,0.9989173880049264,0.8640820005483438,2.0
-36.3653036423542,-463.1322193857312,7.127658115314404,0.999634021275546,0.9109974649806007,2.0
-60.20330632476307,-379.955551761115,5.649664194786643,0.9976202080837484,0.8542479672024782,2.0
-142.36790616152726,-316.07400673306137,4.630796124161788,0.9992204271666826,0.8987398753780323,2.0
-435.91598070190645,-120.55961663034807,5.14709279247486,0.9987798060667942,0.8816555710148226,2.0
-198.0173931966794,336.68558842332067,5.669005944540236,0.9992309762373816,0.8789353096980907,2.0
-452.59769120436823,24.825385013654603,5.7583384531035176,0.9997539970850958,0.9305052942873667,2.0
468.2678788668285,-143.6483678064037,6.058862783597516,0.9996093654702292,0.90347263173664,2.0
326.52149688305667,-346.8505062854146,6.272778500065283,0.9994436421098147,0.9090575951653903,2.0
365.87454830593464,316.75076106367214,5.279463287065147,0.9978904581985452,0.8582261266902355,2.0
503.4307241014794,-46.00843543445224,5.754925262225576,0.998959253731262,0.8450190511249855,2.0
-199.03250012023713,-428.3001788018198,5.997409209864808,0.9991047561077365,0.8708401428192202,2.0
517.0048733032176,161.28526733818322,5.609659169468906,0.9996963753075303,0.9269391975464665,2.0
-343.6658257529208,266.66304351762403,4.8789183170538095,0.9986229818291729,0.8583629652267494,2.0
-123.67267129958698,405.46391369968984,5.065299732422467,0.9992105540686738,0.8781596707532173,2.0
66.58864633318949,569.5374972574468,5.0944906158589065,0.9991351738159563,0.8726566357635701,2.0
-97.52017764311191,-520.4083639002722,5.043378552036101,0.99905396107899,0.8689746390040789,2.0
-332.8558250584062,280.76713058479646,4.977735628232152,0.9994169512425063,0.9128714685817361,2.0
289.03898997371226,-335.6136994989461,5.733742664409846,0.9993985682039709,0.8933508147587671,2.0
317.21003586020163,430.09728473550007,4.956000793334609,0.99837998799038,0.8245291553309153,2.0
-61.379895509406865,512.0395769062333,4.6833018304275305,0.9994406497847378,0.8956834705497212,2.0
113.74948953941882,-417.1017629456359,5.26147630219765,0.9989929215499956,0.8898762278445642,2.0
-122.76045484195323,487.3947371517835,6.499772976619689,0.999447509518629,0.9046051832600244,2.0
-149.27582204509554,389.1151537754601,6.217055179697399,0.9997529860386148,0.9169831439319813,2.0
-148.2564671665487,-285.4149165368395,5.707329087573703,0.9987271531359646,0.8806281582101388,2.0
332.5444733537046,-369.71855614074735,5.352783241006769,0.999578422013178,0.918352134032922,2.0
500.19682927253325,237.6252872115846,5.514430256479762,0.9991418863365465,0.873358382531492,2.0
-392.18601799108626,-262.2776006405649,5.205623020384925,0.9990072614322684,0.8679802159592853,2.0
-350.7048340560653,-348.15119143729004,4.678023386117727,0.9984303761819634,0.8727439268483095,2.0
-367.84593179050995,164.69548926594,6.889640577582851,0.999239716462859,0.860697339400002,2.0
-345.14021584372784,307.0545790370322,5.278718559291446,0.9994126474231002,0.9001600968904573,2.0
-131.16276957340537,411.8905057716529,4.845202456169082,0.9995382662957855,0.9146134006335923,2.0
-290.68805284605,-360.27443310032317,6.102684678365552,0.9985986419909575,0.8074267505438391,2.0
-409.2867136938645,11.2951603194429,6.42155177542237,0.9987257412222906,0.8575038343440625,2.0
-30.121723033882745,-550.446965659153,5.453184797028652,0.9988149253448511,0.8619454529739335,2.0
-134.06448272516081,505.75359580249324,6.129119143032799,0.9997601672580821,0.9332550746499336,0.0
300.8680447851205,415.66411684256894,4.751063853477501,0.9997067094998291,0.9162107111798299,2.0
-19.063614797127524,-414.6658106788941,6.584576789713245,0.9988816360635195,0.873457494695623,2.0
-26.503899064083406,529.9443709303732,5.033884566050342,0.9997218030934414,0.9276241266594046,2.0
-23.505825951158506,491.0564969581695,7.970874100600248,0.9994214244860992,0.8983388214508663,2.0
333.7820360353171,244.90209604768336,5.485287444356569,0.9990650641774176,0.8694289050723527,2.0
146.04842551149432,521.5914244778558,5.897376349856622,0.9992769926142279,0.8811471481482631,2.0
513.9504136137023,110.1028258382889,5.162911220313926,0.9995026286493043,0.9187323261825608,2.0
-8.555005085079626,401.5235655974507,5.330961590029655,0.9988101905587671,0.8847760598110042,2.0
-212.60795165920376,-455.32311341702484,4.758879960896918,0.9991898357743894,0.8971328838558045,2.0
421.76720345178643,-247.82937011925895,5.742760306295717,0.9989468407005234,0.8878421347288756,2.0
317.34047891659344,160.7551218113453,4.566348466447396,0.9991248336224235,0.8946648553539146,2.0
-297.1421618574983,-182.59385052907,5.55054887156073,0.9995375689895277,0.9165720487627987,2.0
290.8507242760405,431.17694569490624,5.667963150831413,0.999712765898153,0.9269758222924284,2.0
411.3218509994474,88.1882270126259,5.583425017347331,0.9988120722484936,0.8393211760110482,2.0
128.03383043228928,-402.4749395087798,5.324986291619001,0.9988802068888256,0.8677863560854989,2.0
-8.185620613540182,-534.9406942893019,6.218836844921367,0.9992692301108271,0.9004262552170725,2.0
501.83817949369933,103.77857799569233,5.811624667165846,0.9997228432653633,0.9288324569069116,2.0
-343.58495922950755,244.44094477481042,5.4259165779771825,0.9990535837373218,0.8715258203942874,2.0
337.3234149198334,-346.1443537503826,4.613476898190648,0.9988715985271464,0.8850271859658534,2.0
-427.1795999976539,-90.64542426911613,5.650747422064963,0.998652479470273,0.8561393699417328,2.0
-354.85838947981784,305.8259060846855,4.567925189100235,0.9982400715242006,0.8175187637136724,2.0
-115.56805070393847,-384.37287056613235,4.100058798176586,0.9953619394889861,0.7792981270387226,2.0
437.9703921047664,-185.72354901604962,5.056318529863277,0.9992106848078588,0.877621110622734,2.0
428.2589979546523,-140.82628357524848,5.317511044571001,0.9982951796206379,0.8474485544909918,2.0
188.0750255993295,487.47673383866646,5.672996370698325,0.99955756390338,0.8983094806362109,2.0
205.85510835873987,520.1795383483216,5.879587292768134,0.9992722655418493,0.8612171101501827,2.0
-419.8357599956107,-6.243569467640433,3.70017293013039,0.9982115826385111,0.8422344105355642,2.0
-7.573699220625012,-418.3401969999893,4.938024309298703,0.9977879696936596,0.8899680124959586,2.0
446.04953139135216,-140.1517166591241,5.587484934293814,0.9991172002384191,0.855550029041818,2.0
-426.14591560543903,1.5927153869262813,6.383483610613176,0.9994765028896728,0.8966193645239013,2.0
324.8876766505012,213.0242215660246,4.508326757068223,0.9991936443159749,0.8756978852621512,2.0
-256.6489406416577,-378.15163670227975,5.316777074504811,0.9986307264188211,0.8387308972722488,2.0
114.87213460247578,-359.989913627377,4.4656704641602545,0.9996135115634592,0.9233845700452513,2.0
63.719715491149415,584.7460926752015,5.283815234150697,0.9994098018639958,0.8720735305730494,2.0
-185.3496344940196,-507.8433687026358,4.7159500780543455,0.9993077839573293,0.8845259193889768,2.0
-435.89143675682357,-130.93305304633085,5.303579255458228,0.9972913327382331,0.8169817613374728,2.0
408.33541344265655,239.11261724293803,7.122509678829813,0.9995450980443509,0.9047232063786521,2.0
-91.3365300933153,-528.6921470062423,5.3366323969075955,0.9994743262892657,0.892217854563456,2.0
-78.47802217951623,554.7140520492184,5.245111117107557,0.999235796189076,0.8826427115682212,2.0
489.8471786892601,99.18836971486584,7.061438966364177,0.9992993094295415,0.8638502091841463,2.0
-342.7427128597845,-352.58022681643945,4.493640377821002,0.9988212870916763,0.8665889316041946,2.0
-201.67297919309473,361.22458977742826,5.450253463601857,0.9990252410503137,0.886525459143942,2.0
-36.149159319404625,-390.44272839131867,4.469071488694604,0.9983146513415704,0.8433116725559117,2.0
127.40939245249538,527.1736548345962,5.711725849397831,0.9997413888457983,0.9152576497642783,2.0
-381.5437054514876,16.12337269092896,5.327075369023633,0.9991941561113338,0.8791407404331599,2.0
-398.7063366623404,-251.28840857998492,5.793583933885288,0.9990559408123528,0.8733866896363937,2.0
324.2079708057662,240.55024836610332,5.101935010670092,0.9990537752212284,0.8924033066864617,2.0
-158.8901195185213,381.16857919356164,6.290840606282946,0.9996982295955166,0.8994906736528426,2.0
-80.30600393956227,510.1022925591327,4.454764588148134,0.9989321601328699,0.8634227670464965,2.0
-393.1874311317401,110.47715812993462,5.998171667911272,0.9996033479484073,0.9079013314601894,2.0
297.615085206939,-284.36468511143727,5.712381948753328,0.9993122863238904,0.8831321177455189,2.0
-146.37711454363887,468.4898798447927,6.03878192586621,0.9990007534105693,0.8506899647359945,2.0
-117.24652566938173,-530.6220688473567,6.946023724162123,0.9996851794186833,0.926793522912461,2.0
-152.9169440211729,400.798115290347,5.074649109647804,0.9997428444969936,0.932776237308172,2.0
448.20728020659925,242.9495489468425,5.161564134102009,0.9993188084486258,0.9045218349916678,2.0
-223.3905423852991,298.8501919785588,4.684300909347156,0.9986298476017016,0.8525009497282268,2.0
-102.98053589854652,-529.2605053627335,5.402661631934675,0.9993025581005595,0.8820280004736252,2.0
-316.5116791720219,-248.89732815009324,4.914291539117016,0.9981363440089231,0.8353918029338262,2.0
390.0445171976447,-313.3349837354663,5.3623963912275485,0.9991198399786262,0.8554771840636173,2.0
-51.752647443293306,-555.5698192426862,6.553425377704306,0.9998053414988726,0.9224983773380929,2.0
-66.11027964907315,421.445315579029,4.3736046344445345,0.9994003916799459,0.9098642179056284,2.0
511.2112846114918,91.08703173280098,5.109946287373607,0.9987787089049892,0.8566967980025265,2.0
401.0009606060719,-237.6798489942493,6.97962141615958,0.9981818207511257,0.7894586537174537,2.0
440.38897950171804,287.1506262564073,4.434222311103231,0.9983961051389874,0.8705985705228682,2.0
489.7497955231553,233.27368314729225,5.856489447792589,0.9995582685171,0.9157258649731466,2.0
-286.8356679408313,-381.85231601733614,5.963919547517378,0.9995299220200822,0.8973949831989129,2.0
-379.50462257743766,225.53233590022404,4.844082131870214,0.9996203231511217,0.9204292244932483,2.0
-37.008307396047854,512.5698234801353,5.603700523011142,0.9995303271731171,0.9030423290821086,2.0
-107.1424165351894,517.2855596685037,5.772153920823374,0.9991402096411794,0.877525111586001,2.0
-36.3313236301954,487.53400180858,5.406548670823956,0.9990716710456928,0.8938608067489058,2.0
1.1825397988124655,-529.8395505773441,4.526755597950569,0.9976860491080102,0.796318485604182,2.0
-196.34488408946507,-483.0957362690289,6.424309301314551,0.999225780866115,0.8847384751330271,2.0
419.56469413433024,-175.87455353746282,5.018191927578495,0.9993233116832354,0.9049573254866724,2.0
-193.72283660954602,-492.6282814390656,3.4906801569038137,0.9994203394537562,0.9297952087907762,2.0
-392.8867162363081,121.06391677335097,4.646848723677955,0.998307929570263,0.822619562339941,2.0
53.12210808398782,-396.3421089114345,5.136649137171983,0.999390536900959,0.8883013312205399,2.0
156.88978757774038,-376.37198936340076,4.111332516695634,0.9993116348595652,0.9040192955482269,2.0
-209.872779936031,-420.8484345380471,7.209914478115929,0.9992948989858657,0.8629930678062918,2.0
133.48679421450512,-424.88693711257224,6.1230308526658375,0.9991074669941952,0.8517128918607854,2.0
134.03182235053484,-412.45227896679074,6.392934481085371,0.9991099865462747,0.8722970470700441,2.0
397.46098485980184,-287.14096496685187,7.311159965892347,0.999028952586547,0.8794000132154441,2.0
-354.4648047517003,239.79889800733608,6.463580172758835,0.9991744691718278,0.8779417902624207,2.0
-68.51012800903446,-475.2415626860479,4.550722372948416,0.9994296290231671,0.9104647685786622,2.0
-91.29683518264605,-544.5435046740811,3.9955062665681442,0.9992809304673088,0.8816211561464444,2.0
190.41009931048112,-406.962333104673,5.521873318642055,0.9984088656454669,0.8190704841166099,2.0
-404.3852152384349,72.10937638191183,5.745040576005144,0.9984642475207819,0.8460883523827196,2.0
-142.30804638627632,409.6467981897031,6.551612384283685,0.99973727552735,0.915630820275144,2.0
-325.57066517520764,-316.11109534751967,4.74270388287368,0.9993578880442705,0.9045044205403406,2.0
304.06167731720126,-347.799912544911,4.757386922115385,0.9993867697120391,0.9067352293900347,2.0
-264.56205557558235,298.3887273077215,7.158677673230808,0.9993888451681555,0.869714615649976,2.0
349.7861776442405,257.82388099504357,5.935591741173884,0.9996080840723371,0.9038836685497468,2.0
-313.7341747917534,-344.97911004650376,6.6248653429247755,0.9989385517721492,0.8650934979849493,2.0
-359.51191628368815,-352.6335311357521,5.293585822004883,0.9983370547429357,0.8459478628698226,2.0
-33.857157180268146,522.8743893137914,5.196595257118312,0.9994878294251918,0.8766662024333524,2.0
100.53762573810528,514.7785197103715,5.9631397526186865,0.999264158689835,0.8592637919594067,2.0
-159.19225167574817,-126.81323750856822,5.480985807212343,0.9993233591202666,0.8822751827493741,2.0
-23.140650816306795,419.9785695150921,5.17745986991763,0.9995717945439615,0.8996448243289086,2.0
127.88078833746985,538.2385398084235,5.381121649062317,0.9990869593159563,0.8546458456444579,2.0
493.9191527461697,-75.32930475993426,7.538017210984666,0.9993971428787607,0.8577358780033552,2.0
-119.00002145729009,-494.05152195281966,6.807272900575362,0.9998028546851504,0.9231225414726575,2.0
-178.363960951061,340.9568080122578,5.547944489304908,0.9989962604260955,0.865787122465603,2.0
-143.3833667569699,398.374669860864,4.794142413116516,0.9994257339062332,0.8896153944334513,2.0
414.449170711402,297.5050803592752,6.337996882810208,0.9977288106292034,0.8396493190243122,2.0
-218.05143442580624,315.1052698419909,5.366811730433078,0.9979852920581445,0.8184291557452315,2.0
-166.7399636489921,-495.8554117911175,6.071196065533013,0.9988567191281164,0.8659493426359861,2.0
-373.31989887764763,310.1366955829827,6.281818127731495,0.9997053544242975,0.9115732901229708,2.0
392.8007073874562,-268.34628385021017,4.726186545054594,0.9992247301979101,0.8872512193374696,2.0
-131.27621307505046,421.3589840491545,4.6674284017417795,0.9987697781816858,0.8579547929430552,2.0
-384.4881775188698,5.0444365728160285,6.16092435772785,0.9993795904957548,0.9105469794058242,2.0
-21.02975092035298,-436.5272441193697,6.045637186119795,0.9979626995606524,0.8031348374222764,2.0
453.42899039920786,-146.12651689547374,3.969025329395263,0.9981930042763805,0.865233915987979,2.0
-455.315883584388,5.184406549298112,5.166237338164543,0.9995349112610525,0.8866841765879839,2.0
-24.107349290004958,520.3105124671287,4.92080166122358,0.9995350656139316,0.8974825479105083,2.0
394.48056115855877,290.23614818336205,5.731569876891152,0.9992900745909098,0.9012055099988209,2.0
-130.11713557232105,495.73471007247775,4.685494773983062,0.9984491353646652,0.8261415046783633,2.0
466.0917498994323,-153.96588142650214,4.519569153822723,0.9978077614263949,0.8385410320101913,2.0
-296.88063732913974,-377.536009211715,5.005586248874211,0.9986517758010603,0.8386173785620752,2.0
354.02237100206594,-340.83245564029994,4.951264022629473,0.998741119467995,0.856274674529103,2.0
391.46496496293423,301.5000652204638,5.194605059453656,0.9962242112014705,0.8385176766281685,2.0
-11.812197062745872,-428.55474887808816,6.251030447089068,0.9985912678282192,0.8759397485889214,2.0
72.0484100422805,590.8416797303395,5.071516024424804,0.9996400597950386,0.921144314178475,2.0
487.30052901773007,221.09824290914037,6.6029927237164125,0.9989288517955595,0.8662917723372157,2.0
-398.8997057356257,91.53313665673735,5.059023363687223,0.9995433261552036,0.898634422160608,2.0
-40.306961109644874,-400.8095435634612,6.770346951981889,0.9991751335793189,0.8751373118832242,2.0
456.18798245934755,-26.618141937107968,4.452985405033569,0.9990693143049453,0.8924909275069008,2.0
-76.62547432665448,-518.332325113593,4.845155451892331,0.9991898671114153,0.8774673732826122,2.0
-31.626995980876877,-451.2197180787245,5.716834169960774,0.999540008049068,0.8885534396199156,2.0
-362.01122939104056,312.5112903528947,5.303854823191597,0.9988671051566005,0.8648071581898265,2.0
281.6546331873396,-345.29771436811455,6.434517268707217,0.9995214901806401,0.9134843889258234,2.0
-296.3257038560902,-334.31245116392927,7.414200016163486,0.9996553046331703,0.928597410798778,2.0
40.5847276929142,361.23226642914847,5.244648460741553,0.9990735224335959,0.8740798549516822,2.0
-193.9971257975076,-402.9380301562727,4.289295088423626,0.9989364678244638,0.887575143628961,2.0
-332.34709973152195,-335.2785454131564,5.853716263537493,0.9986270411850363,0.8515022019033192,2.0
-49.723300860080094,-444.41081641909625,4.690195226415147,0.9992412140527807,0.8992153612934175,2.0
-104.59353104178692,528.3644142763608,5.675247223518468,0.9989371915567014,0.8447200931291756,2.0
59.228109424029356,-406.9581262173754,7.158303117699263,0.9993401998098385,0.8846696669421243,2.0
12.829362800279952,-419.79895907270605,6.043932143197639,0.9983575124470612,0.841698285379185,2.0
-207.96923729337897,332.7459885256313,5.071311527048636,0.999523442109716,0.8966651919232885,2.0
-40.57368105227775,-551.6124335903638,5.102587051910826,0.9995969358823311,0.918162276708956,2.0
-397.2837106265383,138.2260625676647,5.754920307702271,0.9988189754516497,0.8373001340435405,2.0
-156.54180650260565,414.4782875003077,5.857829331898114,0.9989313525026764,0.8881612138452477,2.0
-473.4250863640718,-121.37568287202899,7.522641807006623,0.9986575337098179,0.8519990643048181,2.0
-272.17139312389816,307.29174270237115,4.626128580803872,0.9985733844847469,0.8754851001140402,2.0
400.25694177390125,-316.64489262380334,5.424797529462897,0.9994840751379459,0.9116284485885394,2.0
523.1357122422258,90.14452708612374,6.9020829593456625,0.9997463450496881,0.9299679003252472,2.0
412.0795939833752,-242.71759602772272,5.298865469078746,0.9974259770725192,0.8172612735017658,2.0
359.1038673947244,-332.0049262878102,5.300329482832308,0.99896965230393,0.8656328636262612,2.0
-93.24261149596514,-511.3179713319122,5.063913097783405,0.9993213239060925,0.9030478108642174,2.0
-382.6303244383177,-269.6134542977548,5.162874434194494,0.9997262473712087,0.928418098005754,2.0
-6.2421726723506765,-522.1615728424194,6.225382314933959,0.9994356151635253,0.9090285597544738,2.0
121.29033560469597,-382.0434384775764,5.383022862241141,0.9992656378918263,0.9002840629415427,2.0
458.4171680236401,45.58987145434788,5.629133127669536,0.9992084091536985,0.8767671728496124,2.0
-114.09835691437992,496.3326635843795,6.005648762467651,0.9989136370995046,0.8412625165571606,2.0
512.7548141285232,80.74992960157178,5.405183589323809,0.9993251505073709,0.9028647849667217,2.0
-197.806611838609,348.89676410244573,6.085782956462438,0.9993769732926209,0.8864288975369473,2.0
471.72726571011566,85.94428798804377,5.059313220071756,0.9989192089527245,0.84194776249523,2.0
111.53549213388315,455.79675270898383,5.950148157293933,0.9992015375491388,0.8971996256681393,2.0
408.97181179041917,309.60734654624974,6.56532830170001,0.9978714465299073,0.8090135148870945,2.0
-156.44211124246345,462.15784740175127,5.933761831154472,0.9989936085464433,0.8460550321765047,2.0
-390.8445866753458,169.84387589742414,6.108978320772092,0.9995977214231158,0.9184537158485185,2.0
32.91842932360257,-413.7265747709687,7.039217123506131,0.999016526757254,0.8670909825671439,2.0
-211.18174733972864,-503.27032462585333,5.771438673625861,0.9996743099062712,0.926048018957702,2.0
-192.0612320902343,-500.99022733141413,4.926408822434258,0.9979626106030042,0.8366499152457534,2.0
-124.53853841959561,-505.0229445063942,5.502008522908193,0.9992659074951716,0.8842409741041495,2.0
-70.15654300691261,519.3419382113702,6.77390778031978,0.9989518712405386,0.8350100582743945,2.0
-120.55053564961676,417.7403481549134,6.716473770684619,0.9995812074093011,0.9174747691874813,2.0
76.535770040552,637.2174732434916,4.007516164418035,0.9991164362027002,0.8738390411750319,2.0
-371.43392717730944,265.847468186797,4.652964750064735,0.999275266783202,0.9016404467679366,2.0
381.37284882408846,346.036484721202,4.558583810049173,0.9988432491632541,0.8837010396676028,2.0
149.7879098659904,532.6965414066137,5.886690999681966,0.9989174272712494,0.8422741449242682,2.0
-361.0435171558333,-335.8734033580189,5.313078637667653,0.99944528029238,0.8938664835166622,2.0
457.77431696999713,-136.41579770892818,6.734047356033377,0.9993153945096466,0.8693131955654243,2.0
-70.6004536453103,-537.44719816646,5.419818904261317,0.9994046690303577,0.9069178381407322,2.0
492.5970785330174,179.86693615486638,5.752175904990367,0.9996018580147287,0.9190221849545631,2.0
412.62258609446627,-289.0335796726474,5.698480781153252,0.9994330272240379,0.9092195334042477,2.0
536.5855008829064,-90.8062130985233,4.703370202084014,0.9981323284149918,0.8170569409265904,2.0
293.758706058371,-346.0185916791059,5.752192248150173,0.9990274402216354,0.867768598042833,2.0
-148.1303519799779,-486.5877983746792,5.392621483943644,0.9990294264947771,0.9168308578232104,2.0
-366.9748774766072,333.2279169096669,7.009547334391772,0.9997074590359405,0.9297833628050458,2.0
-160.59328395528667,393.1075832751181,5.802129702634864,0.9997622689929156,0.9205750845587585,2.0
-133.46509832301095,401.35985556674825,5.607075552964135,0.9994024246901965,0.8871104403943264,2.0
383.1410086720759,-348.65958010713354,5.346605012628306,0.9988035507268423,0.8482737365395947,2.0
421.29218100965136,287.7048097110634,5.76512781882583,0.9979280042412537,0.8333892833343919,2.0
-19.089824622982427,-471.2223233466798,6.562996684060697,0.9989283502086327,0.8499713845400237,2.0
-56.968793312178924,522.9374147414516,6.92832773122336,0.9997437632073092,0.9296871750214691,2.0
-47.8303895184048,-544.998568955155,4.751267066420524,0.9993349497553236,0.8831912538182085,2.0
-144.55023707797548,488.43212148593983,4.6310400117315185,0.9983907171647691,0.8204692883687693,2.0
492.4433794973063,157.64663638615662,6.0760360461500404,0.9997332293570869,0.9301900917817403,2.0
-285.4677923390664,291.501771175379,4.710419486519345,0.9994314767224873,0.8897886566280706,2.0
347.4627431134556,-349.44526046842304,5.91606532657033,0.9995545397391314,0.89787040585531,2.0
-156.22238611989823,474.527184622338,5.529779918949407,0.9996278551937748,0.9226099502466819,2.0
-412.89667626400984,-60.533052545711286,5.026692774575619,0.9995096713415624,0.9141343239063433,2.0
-52.25135061270378,-406.77337885864563,5.177675783943189,0.9989844615809456,0.9150830543497799,2.0
-202.38536222988103,-440.7894788156213,5.864762368637149,0.9993327569126612,0.9032524862715918,2.0
448.0969260571508,-116.46955132655579,6.363498539748036,0.999261106195584,0.8786455067855278,2.0
-437.4865081602023,-2.6904572615049958,5.807128940835546,0.9991844309175232,0.8765609840496748,2.0
-456.16354742343793,-106.56462185178002,6.2470465259722765,0.9990771146759106,0.8864873364545641,2.0
-366.1100231256012,-113.30217202141394,5.267669172051176,0.996467517887074,0.8441593413923884,2.0
387.76021593198783,-357.35795987818017,4.53407487618438,0.9996016540351285,0.9079067291064559,2.0
534.4626019910606,86.59473047832667,5.010015883237786,0.999579109432498,0.9180879742606274,2.0
484.0983174202853,193.26209899013324,5.625841584105691,0.9987111660991171,0.8796077221081158,2.0
268.56552080122293,466.17256422747477,6.794487767131123,0.9988093723264111,0.8462410338945385,2.0
137.8544205131815,532.6455942872717,6.105860557060332,0.9995962605257346,0.9201698384328011,2.0
-58.70707280318432,-542.2185570403465,6.514853731550298,0.9997511535951789,0.9303845238450906,2.0
428.5878610291737,-181.0963196844365,5.435823139035005,0.9991090755142747,0.8577449785905606,2.0
-301.3701194815086,-386.9724140710907,5.533778607370092,0.9987478027319491,0.880871618938094,2.0
-467.1792191489983,52.45714918632823,4.757573383257209,0.9995926667261401,0.8866136317042975,2.0
177.4757989547042,-416.4764245608143,6.374768912079678,0.9993419292415885,0.8853544906660162,2.0
411.82314047965957,-319.725284688843,6.592639559979885,0.9987570059931582,0.8602033197190119,2.0
-65.09231307856503,-509.39612850594096,4.9627166439737085,0.9993542601186527,0.9046287535526973,2.0
-13.305709495495226,528.5925709484466,8.055136179981117,0.9996896742645809,0.9094328746550654,2.0
533.2544347335785,98.08033053194289,5.993604296909649,0.9997670867732964,0.9216204226077892,2.0
284.84964370350804,352.3718573427304,4.90652536814816,0.9994419733633053,0.8899150582047689,2.0
441.741509735606,-247.03507936024116,5.589083833457167,0.9994844420759758,0.8956691176625674,2.0
-393.253674800384,-65.97001463297157,5.481277666099165,0.9994305686771068,0.8907577274928591,2.0
11.092848617421001,-511.2372697208115,6.05285746498717,0.9993777244784929,0.9054094311205192,2.0
-171.19350566606795,384.20027539147014,6.398158687973157,0.999576646615359,0.9214157754508576,2.0
-399.3502910993802,-307.2336886729633,4.747333506834454,0.998294373394295,0.847651656415276,2.0
-402.18519232760787,-261.34663187769615,4.902455409449783,0.9986867777212635,0.8302778091882103,2.0
500.31649913825737,150.9499975933541,4.299445942794352,0.9994415412246735,0.9121659032870736,2.0
-445.156981063745,-77.52758873608343,5.418288718932663,0.9992962954189801,0.8808983154575246,2.0
44.37262145667886,-402.2599786481852,5.4711476566403645,0.9990461904569155,0.8931079001772991,2.0
500.5452011561503,92.3603642553004,5.701359723444261,0.9992346691472618,0.8834697581064248,2.0
-149.15355620592706,431.03253809636846,5.358954525324717,0.999647833458486,0.9095127322728114,2.0
16.911080334662394,-402.6513935817852,4.524136446256457,0.9958887152547802,0.7835427321136519,2.0
-129.49123489767365,-485.5860485102917,6.70706036220935,0.9995527114163179,0.8845068725979645,2.0
489.367523692478,-96.82706283401265,4.253799182806603,0.9996137863617253,0.9193693262221494,2.0
369.0965154890955,259.7852563738648,4.356808631113049,0.9996847025815333,0.924655930157998,2.0
448.45538718328913,-162.53545093616145,5.662305770157923,0.998693435030796,0.8793865184428554,2.0
27.63072611934449,-544.7805543197898,4.346452950298035,0.9983455222257133,0.8700333839645729,2.0
66.44508484841228,599.1303431576558,4.970474364934289,0.9995314795409508,0.8991090219167572,2.0
-81.62511933731244,519.1614902701701,4.748543042357088,0.9991780520801304,0.8762297537910041,2.0
250.2416880684854,-327.18582202834153,5.210756478139433,0.9988553820617291,0.8599438098707615,2.0
-77.8798094088214,527.8638038227889,4.754439348331431,0.9996289089375495,0.9058140086009091,2.0
-439.6850161280781,-140.77463824887928,5.146245481205058,0.9988783190305395,0.9122054866662026,2.0
135.64197519485685,521.0829082916042,4.55917969458452,0.9994669388514978,0.9104157941842984,2.0
419.49010793709306,330.5913796082503,3.708035922950521,0.9990986134271135,0.8936230822052869,2.0
76.98808870697401,544.6776565092833,4.834446719401263,0.9991467283934174,0.8620696160547182,2.0
20.702501796056413,477.07033722487324,4.582720925050093,0.9988208641803791,0.8582055289376402,2.0
-123.97866223710591,-517.6471324200702,6.918058031508383,0.999635908833836,0.9218748604263589,2.0
-341.7663121497158,-328.53699177183864,5.791084261090333,0.9991456515517431,0.8626945750452336,2.0
-445.2854519536509,-113.45753246170885,6.675883557168978,0.9990400862463724,0.8530239158587368,2.0
-363.6806812492032,4.080118165036676,5.961149053941069,0.9997227161267026,0.9292240542920024,2.0
-182.87704565340738,350.45508866542264,5.023950007849242,0.9992420587701923,0.9015444586756289,2.0
-22.913433225708953,-459.16248611283044,6.110810520762073,0.9996080678126963,0.9044367804291922,2.0
512.696469445823,227.07886521636198,6.5127370314127635,0.9988613354976679,0.8602195645937399,2.0
-28.453168609879516,-540.0463448870681,5.1640225713096815,0.9985455310917776,0.8337486058026017,2.0
479.4264851369953,78.86535891224318,5.43395603144916,0.9993547473088376,0.8655621168031185,2.0
-351.8452947446362,314.95749415830045,5.088071575208751,0.9995413450676047,0.9075407179403133,2.0
532.4643685436678,114.15442417706974,3.9266674964753117,0.9988116605557921,0.8595693547790363,2.0
58.18060771257697,470.06512719831056,4.884312877850026,0.9994934438531861,0.9119925863031253,2.0
79.3094385891573,606.5919682475015,5.290706983379744,0.9992347297480894,0.8777854853660498,2.0
-159.7875702346329,143.31843311430922,5.232500163484057,0.999279139564249,0.8795602300210023,2.0
496.395296701601,168.93511543177374,5.861351141361476,0.9997003723426001,0.9261038900640743,2.0
405.1702265979633,-296.7380120252717,5.061716683342952,0.998847423814431,0.8608475518667043,2.0
-158.05960048011914,-505.96314060290325,7.309732651320303,0.9993402365356062,0.8474698678884215,2.0
-390.1658557369512,-277.34395392237,5.665583343479255,0.9992183163537458,0.8648130660700922,2.0
-193.09530093482164,-514.567050519679,5.559312039556609,0.9995270872258114,0.898428184733681,2.0
401.8766237356332,329.65592395877286,3.906047922875889,0.9970145412829515,0.7775643681044649,2.0
155.64524662418972,-427.74260744924044,6.135126543411469,0.9990775487041236,0.8711587844920733,2.0
-171.69357508472632,147.4862734005889,4.6950523286025465,0.9990299326327189,0.8912101324882106,2.0
-455.9065841922565,36.287640424152485,6.2028809272466265,0.999311158237797,0.8675568042042433,2.0
-456.20919008022116,-117.98495130455738,5.177922578807815,0.9997775713743282,0.9245482826064098,2.0
5.287848891012884,-520.9431917301914,5.3189223303659015,0.9993871276858487,0.9067685660446281,2.0
521.3619286330554,235.81173745452395,5.461911432379794,0.9995235567165076,0.9134434211404828,2.0
318.36783839143516,-307.60432546818885,4.757427532664941,0.9996420579488119,0.9219554751568914,2.0
143.13324790548876,556.6031401464014,5.918760164151103,0.9994957469659466,0.9021983197580635,2.0
53.740736322091664,-418.526907947931,5.735187640585106,0.9978930027713753,0.8008996681629009,2.0
-465.2041107576956,9.22318032551651,5.559502133287848,0.9993955963910383,0.8886798722990966,2.0
-88.91828164074822,524.0202430772663,4.064078896354045,0.9993751653795604,0.9276726894478723,2.0
396.0210159996402,322.11078758221885,5.701440144892349,0.9994538318327981,0.8925604907860745,2.0
-167.7060645355422,371.6316273379317,6.707395333400208,0.9996424646013157,0.9114819304451478,2.0
2.7902808720897165,-539.9532250022293,5.768854017594329,0.9994474820878589,0.9092628980396366,2.0
283.09241817002084,-266.10789824630484,5.623746655897412,0.9992456446156265,0.9042618914363548,2.0
197.58368092409327,480.6827284476574,6.046369550141221,0.9992587387152051,0.8630070801711797,2.0
-408.8668867571037,-242.55674753745538,5.722169926210774,0.999240870784456,0.8990296643325322,2.0
-398.2760455197877,-270.4478260471351,5.046930072246134,0.9987618335478484,0.8353561763373066,2.0
-78.71283416479278,-529.1582735332764,6.220332505252026,0.9996861993048464,0.9107148623379768,2.0
491.5276443460779,87.66320833339024,4.506815820750922,0.9993782200134411,0.9054822753096182,2.0
216.94279062636974,517.50486370276,5.573196246304922,0.999215703915726,0.8767966938023162,2.0
-193.89051774239073,477.2912312962248,4.325257208143313,0.9987074482229177,0.8553044600088019,2.0
-379.6566669287405,-325.5391450608627,4.835067173360598,0.9995657679561948,0.9161761314876623,2.0
-54.73090363367213,-520.585149190927,6.1983425496945,0.9994130615985853,0.9092550693045526,2.0
365.6375117576133,-379.1108182502516,5.772835706976994,0.9991846620508856,0.8594371240012353,2.0
482.7534854623602,254.31012133562157,5.449410095930247,0.9991380653737055,0.876124227910166,2.0
68.26099650528424,610.3359222193448,6.4242197854526255,0.9994591443831892,0.8941324373464274,2.0
-279.6700039426193,-399.3307592624544,6.7605771148749625,0.9988287517562486,0.8198239485163397,2.0
-405.59342303964286,-222.52016893443547,6.287341176831536,0.9992849907728331,0.8817498876057346,2.0
-380.0984152613823,205.2900704329864,5.780540325254565,0.999387276193883,0.9065179518165088,2.0
-178.24614496063901,360.8132715530118,6.272112909028767,0.9991191256497828,0.8750011860836547,2.0
93.87283473635739,574.9685023998683,4.967995177177964,0.9985556632833925,0.825841566526432,2.0
211.4830739592162,539.6173573352312,5.42141451676563,0.9987633328422851,0.8569079024421298,2.0
-67.00054826769217,532.8845583130508,7.23851168310112,0.999162955939046,0.8488946659270706,2.0
-374.79309906593545,-231.30270752133882,4.755601860926093,0.9990702528420987,0.8712609805021069,2.0
271.5982045109805,-267.79467905504595,5.292143237397772,0.99968437024482,0.9260610959223606,2.0
-44.54175947965366,520.9746723534487,5.6970481264444945,0.9992098949511662,0.8627323112731015,2.0
474.60588470479644,-116.20518592344577,5.778955027838816,0.9995610764608264,0.9173219683663477,2.0
103.53477931755025,573.6554206695296,4.842230680414538,0.9990784695219441,0.8925352746440902,2.0
423.3230527079198,-259.65561808230404,6.272952891035506,0.999201371023825,0.8808106266237102,2.0
490.22235617702705,-87.4680087922357,5.169096453133301,0.9982173792312508,0.8321221260241468,2.0
456.19294970605745,68.82913524327284,6.074812825075163,0.9996909113312146,0.9267398609016732,2.0
426.2238443983587,297.88719424541483,5.4597546867576545,0.9994844687012788,0.8964986848534503,2.0
472.2656846508022,194.42880423008825,5.278966855527696,0.9994048452179486,0.9072986317182935,2.0
-415.16676544326157,-50.204975937628866,5.600806266865821,0.999117501916295,0.8729937703182746,2.0
-456.66540674756027,-78.46718363402375,6.16567868753734,0.999243682816334,0.8849595558777458,2.0
-3.100006377906216,-462.4092850916754,4.524349192523369,0.9988814470607994,0.8614107422672117,2.0
307.7736090511056,456.7951654210186,6.202569387840406,0.9993185385338845,0.8948644695383156,2.0
-425.00154677460296,-67.98823865602556,5.889381491526795,0.9993797675800729,0.8861264924763657,2.0
343.9462932950352,-338.71580360482494,5.408335464655647,0.9987737191035133,0.8351832809175265,2.0
473.70543264961316,211.58471910500342,5.214503953340869,0.9983749515163554,0.844947048390758,2.0
-150.946216072859,260.37470671568104,4.770779664973926,0.9985838328706292,0.8525088293266032,2.0
493.6729229453481,-27.170106037251095,6.928263533206256,0.999204363398847,0.8642095149103753,2.0
516.1339115638858,100.04605625226658,5.175711607324711,0.9992489968926256,0.8996129681001207,2.0
84.65965726719044,549.7109840741474,4.3560323457750885,0.9996202942735378,0.9065668235402166,2.0
-451.32304326914374,-5.381560877560775,6.1466563292252125,0.9998248513374763,0.9278977811527427,2.0
-466.4014457033681,33.07286994115611,4.844131840536825,0.9990015438039862,0.850880598024025,2.0
475.9861454724169,56.77111996656055,6.759094679662151,0.9992484929701175,0.8608353907643252,2.0
-119.03305704527203,513.7356287152551,6.6794151904062,0.9994145538745839,0.9089442966857663,2.0
-404.7093372641568,-53.70021910386905,5.384055901725866,0.9996619732751072,0.9242149282673081,2.0
-409.9478280636623,-253.99513665356872,5.833696662449454,0.9989177925416673,0.8455556798898699,2.0
410.73727182712287,129.53043693411306,4.110476649132835,0.9990598176899288,0.894952311201999,2.0
373.2721734924273,-365.85226085249957,4.507233387384714,0.9992350353523134,0.8827587372505002,2.0
9.373354232184314,523.1351228541577,5.393202543045422,0.999104970031279,0.8507002085923862,2.0
-132.36284971311642,-528.9168060719327,7.174459495111934,0.999712728660026,0.9269631521823136,2.0
-301.9037740570698,-355.6981456996598,6.058588379826026,0.9996029396769338,0.9020827717310111,2.0
-206.60492067712005,-513.4435459943239,5.328215666531321,0.9991218069224169,0.8719766405463966,2.0
342.58360394266685,311.7202688907118,5.4729679740295705,0.9986328658672855,0.8779702078155488,2.0
419.60468173671387,341.91722712738573,7.66097155447214,0.9985598233578491,0.8099155182808169,2.0
-206.6812298179651,342.56143675703584,4.857386597058863,0.9990760314387637,0.8720076476575623,2.0
50.53373637979244,545.4695347733146,7.529300033392996,0.9994770606794168,0.8885367565518342,2.0
-389.2409120367716,-362.89644438253555,5.1873719635654005,0.9987214995961929,0.9084836389612341,2.0
386.32676522903466,326.5942376784166,5.006554136321041,0.9991188033786764,0.8734811430070748,2.0
-290.6456973671912,-405.7986137953926,6.072675688487988,0.9988535697332218,0.8451006788296488,2.0
386.0015725028896,-379.0904506761897,5.3898159432120885,0.9993599826829251,0.9070086953186304,2.0
90.38016634363204,591.4960898621241,6.177086154337233,0.9995476960596267,0.8983638852522315,2.0
-171.9190429152552,350.4231676937478,5.963726214128616,0.9990401781105186,0.8306585791551387,2.0
166.95007770257868,-423.1204263318499,6.143057755449147,0.9993668490381025,0.9056216382045088,2.0
407.50201784952145,321.8304756400597,5.818881737503569,0.9988534046073156,0.8439274919484576,2.0
429.3122887385773,-170.39288684274055,5.364647713653972,0.998842523527998,0.8839030288741906,2.0
-384.0227403119978,-231.22253917035243,4.521040686786584,0.9989209962273967,0.8641729206432408,2.0
-395.3989573589046,-56.421342131959754,4.348761895639407,0.9993989938695425,0.9067377957982033,2.0
198.0567465488351,-399.8778869043017,4.9664227707946855,0.9990954280139603,0.8969101177399799,2.0
554.6191507536722,99.56489104831068,4.909904219708596,0.9995669105709862,0.9177637907395095,2.0
-180.07569167024414,433.40674435500017,5.551699014311931,0.9985181219603573,0.8505815129742703,2.0
-78.13879558991589,537.429313165382,4.846882231268464,0.9991202996120958,0.8734375323986129,2.0
-437.1263622861802,-85.214497413662,5.745520094302472,0.9990278585199093,0.8687951186061185,2.0
228.4543428400235,514.4716522055486,5.993490361665466,0.9994246070637537,0.8887882276300706,2.0
406.97533953939694,251.2029626262442,5.0574520696665894,0.9994857786502239,0.9171253537479422,2.0
52.38345453610515,-429.9979721759139,5.903157687393137,0.9989277471314482,0.853498756032075,2.0
44.83439743478254,-412.659194092755,5.019798761334394,0.9980856674778595,0.8368878290941634,2.0
464.1839177877636,203.79579387786674,7.127391021200365,0.9997942456365903,0.9224540446624212,2.0
479.3851055391196,244.06364348838594,5.396431179676216,0.9992223205082102,0.8986794099959923,2.0
432.79814721432086,308.0196833628943,6.645334645939872,0.9985202176594153,0.8086647249599659,2.0
139.6587555934723,566.8291797642313,4.911632479665902,0.9991585673629358,0.8982026241840982,2.0
-417.08594672789826,-83.68114113043664,6.70588868726475,0.9989991204714003,0.8680173897266944,2.0
-253.40426778563233,-310.5090884769615,4.490908692389704,0.9995176654737207,0.8952009755919438,2.0
-461.39433429618504,-128.5317703909941,6.595983818259953,0.9980558987658112,0.8258796968950263,2.0
369.85116891064285,388.8253632206687,6.064296660256303,0.9990877337219723,0.8928781040264586,2.0
-342.99633337223986,-127.01244775874875,4.931416116057438,0.9989411264914508,0.8871441071705851,2.0
58.55185446279176,575.7452815333303,5.121289336950404,0.9993406010518778,0.8855476302722146,2.0
-87.70602862029611,537.6803210683287,4.776591649014341,0.9989686601559502,0.8654881178418995,2.0
458.68402943973643,-85.21670885362614,5.981792630363044,0.9989712007059972,0.8660939015083574,2.0
-72.78794942449758,-548.0081929146965,5.419818904261317,0.9993193217874595,0.883275392990218,2.0
414.6261097818233,255.53595175449829,3.7829749905042207,0.9976524259867509,0.8237724052443111,2.0
-39.47209004124376,-538.1687421808838,6.0821027200811555,0.9994348716395766,0.8969236511215997,2.0
471.6110014683828,-89.15187541010839,5.023985516701042,0.9994009259187224,0.9069123268941648,2.0
43.889983802178236,615.3898289642462,6.694480462509718,0.9983548414490965,0.8716188873497966,2.0
503.3417549651349,-34.833719230872994,5.484084851022654,0.9989703639328039,0.8517002299395661,2.0
315.2754454310443,341.28575031998304,4.104244102396867,0.9986440732595983,0.8552027614090514,2.0
-158.19448899982578,342.9548575001573,4.074836899749792,0.9988774388475492,0.8852993490014933,2.0
423.17671920100264,-152.28661639160794,7.322262465374954,0.9992260638793286,0.8814060211792016,2.0
437.13241155432974,-176.4200460597466,4.336122836349819,0.999215673193858,0.8988894330265674,2.0
479.4895948416866,-104.33491204178566,7.110015901625892,0.9993943623976541,0.8710162966406205,2.0
-259.0647454230602,-402.0477819706795,5.729274001717733,0.9994351511274394,0.9101544502805469,2.0
-214.81646130355705,325.14636742291,5.202339044275111,0.9995431282459795,0.9178212612694349,2.0
415.9659011644851,-273.45034102019895,6.272952891035506,0.998212328456352,0.8386630063190601,2.0
485.8475783934207,-47.052242401944504,4.646860995590857,0.9988017481503096,0.8588169919683217,2.0
-132.87307942163204,-497.53179254679776,5.757278243511488,0.9995049231352879,0.912530380450857,2.0
-500.11024505848883,-16.533576550092757,4.455461938141192,0.9989994256721058,0.8893624352713712,2.0
308.5179707795895,-337.39104145270744,5.073356554410779,0.9996546913608801,0.9076615160042073,2.0
431.66738243927267,-243.49536055785686,5.132210324199408,0.9991778171495339,0.8779873827854437,2.0
-428.0814982089837,-78.80340963982785,5.396431557567184,0.9990300941443621,0.8689828433144645,2.0
395.90142672164984,-364.1953205519516,6.124182450018012,0.9988592909248293,0.8695696811786522,2.0
24.181450368424674,-423.14808841212243,5.887972295097464,0.9987635263634876,0.8617028834661198,2.0
431.17715905689033,86.12492217679888,5.531647439654279,0.9994426509715055,0.910056201448923,2.0
-425.5056355566855,-160.01202280245198,5.3428800124217215,0.9992688254725769,0.9017649319771393,2.0
57.185219636689645,617.6683403308801,6.930307112898993,0.9987172968997391,0.8634808645214072,2.0
122.3027250523978,-410.4937558163822,4.555175864823995,0.9996757664880681,0.9241667251272564,2.0
213.7302656951702,-374.63474576754794,5.179843175502348,0.9990253224314831,0.8670197444967767,2.0
410.64000748542065,332.568368963507,5.394961058234811,0.9989021130842973,0.8741804704245102,2.0
431.93785521386957,268.06876867317396,7.465139977295662,0.9995435217815288,0.915233661247058,2.0
-98.33922947390921,501.4309599079505,4.866055572756489,0.9990960045122534,0.8549546554739611,2.0
222.08333970925415,542.1858117063301,5.5447826402215235,0.9995430370163103,0.9232251040889725,2.0
417.5444643711667,317.4656724133382,5.221503494886922,0.9967575375429122,0.804139779332664,2.0
-1.1675543664535513,-510.86820508770364,6.199800681614815,0.9997379687413512,0.9318721872773443,2.0
53.79164117902253,584.284705817551,4.693661317617876,0.9991571196897856,0.8535696240214953,2.0
64.99542028600484,-419.12163908021245,5.640383387033291,0.9985629895975698,0.8514295514220958,2.0
-403.8014346378975,201.74638233986815,6.949555184588987,0.9996531226812511,0.9228522762226715,2.0
-445.7101164986987,-101.31897115129392,5.553661688763044,0.997713540481443,0.8235671961061285,2.0
-167.15868932365277,360.11596340298337,4.871174156804214,0.9993089237974098,0.8827034154852402,2.0
436.5965200253457,297.2781950351719,4.805714894975882,0.998926988656204,0.8866212747676269,2.0
-1.31862914525605,522.711694968237,5.345785759609733,0.9993881690083422,0.8876589519747652,2.0
-211.69029681253124,-409.13895261187264,4.727780775279598,0.9981110967426645,0.8639359080517731,2.0
145.18551110956375,544.1310886349187,6.506106430503134,0.9994867287873938,0.9129221621049063,2.0
468.47850696993476,-107.96571032712555,4.522252171948152,0.9992118648518677,0.8761301380798352,2.0
-411.8017878995631,-158.84003460069547,5.530474600803041,0.999022003771703,0.8686768155887737,2.0
-379.57454838116104,-222.02931384145145,5.725803984552004,0.9993637968137803,0.8861572542050807,2.0
57.19988277665712,604.8503713716786,5.916730069794806,0.9997738875437712,0.9197104506564209,2.0
-171.83310265414121,396.3147669642188,5.794327761381952,0.9988737437297892,0.8857712491037661,2.0
-280.1364353126722,-412.246771868734,6.19672325328847,0.9997540637467196,0.9305365760331912,2.0
456.3297212112262,-154.9431154882851,5.386586858225171,0.9986527852923668,0.8792990395187082,2.0
-369.04526305603605,-327.8275407195798,6.057274417263315,0.9995668157525605,0.8837908465681625,2.0
226.17790312225225,-388.8713627051076,5.3762083895028026,0.9993593760639159,0.9270766910350334,2.0
80.32998619564228,587.8409192751831,3.774845034617151,0.9990715515643473,0.8922070941309383,2.0
385.5024546513416,-304.5162872030749,4.579982517389915,0.9994862867317462,0.8970523769774791,2.0
-478.4101597740939,48.41940988756417,7.201686949742477,0.9997813045332726,0.9201734167884081,2.0
374.47531958816614,399.304302700325,5.468993116236498,0.9990069699616165,0.8709924743602568,2.0
-323.1374261979824,-374.9955435769879,5.484672132810464,0.9986881806910314,0.8576287215929783,2.0
152.19786374032412,-439.64621708641124,6.307893143099477,0.9992414590293333,0.878553215424281,2.0
425.8967188356866,-191.16265895495516,5.059359635079632,0.9991069442003377,0.8823690016423035,2.0
-366.589536902666,-224.63672807133077,5.843710693686604,0.9997111722031733,0.9272742650165104,2.0
437.28405052605507,-148.36527618511417,6.476646108616668,0.9996829894510967,0.9249324704357199,2.0
-148.9351685188385,495.52902539699505,3.7496434474152425,0.9992706559120544,0.9006003270879543,2.0
-277.07355907475136,-378.0018987459482,4.5760605766192075,0.9992699888368655,0.8806761070636753,2.0
-493.4902947204431,-130.98243806935093,6.1104602212481405,0.9987903208239093,0.8822261384139194,2.0
491.3171600352805,245.84613144304225,6.638554926986422,0.9997059977364988,0.9271116679107873,2.0
-421.4501822638432,-239.06371602824024,7.387300414637554,0.9993858521848904,0.8880061700094075,2.0
-194.1016831613252,-419.117460642097,4.489263014845304,0.9988028752627801,0.8825774873687718,2.0
-63.58522255439785,544.6429705315765,5.092688800668657,0.9982454601299711,0.8507105783467872,2.0
290.4827347016914,442.5649359740879,5.755453414374754,0.9989909097074267,0.8465134869990454,2.0
-376.22789786650253,-338.0262870610093,6.462497213436604,0.9990825337363578,0.8719773166526283,2.0
-134.50029723234758,-69.42590903628972,4.181852467175228,0.9990543646628383,0.8915387352266975,2.0
-460.8672549193992,-12.678638792802978,4.26081044288392,0.9992872081828781,0.8802303303674323,2.0
-165.88293658709148,503.3627511831352,4.286318407371837,0.9994796686672919,0.9110526038846417,2.0
25.962808503398524,-438.27491304400587,5.94686413657629,0.9990852237917464,0.8750134833898221,2.0
173.27685947076338,-433.7272866452469,6.252328440109014,0.9994556825242276,0.9100916863349932,2.0
382.6906400306432,-144.39183791117708,5.583288102264304,0.9995909555293521,0.9209404992182049,2.0
23.553501382914156,543.0636630244397,5.653468242896718,0.9994749000141875,0.8961288629748062,2.0
304.12428943085604,394.1986028863142,4.8475920666206145,0.9993799990298613,0.8859402048700282,2.0
496.4429582924759,69.0669243480581,5.315115544276812,0.9992828632721115,0.8620374419900979,2.0
469.84593783126746,-163.90120799885608,6.132622257514844,0.9997412433850887,0.9297760369729107,2.0
-244.5726929258181,363.62807245357345,5.567409356462182,0.9990018680283098,0.8897707796304828,2.0
-380.3645551011628,-280.7148051552284,4.759486802571129,0.9990046226820529,0.869288871480147,2.0
214.64425623128247,548.9820091720703,4.5403429415499374,0.9979264142939012,0.8462390174191536,2.0
244.45633289642277,523.1803759191596,4.150251689809244,0.9992027553311666,0.8984217950147912,2.0
-400.5343854978706,-280.34779432600357,5.141366853250986,0.9994350699505755,0.8763111021273067,2.0
430.3374445413764,319.64384636191187,5.311495298419338,0.9991581329373718,0.8976799957209427,2.0
-366.7044602017955,-70.08580154469392,4.827976526967254,0.9988121674802468,0.8604819208571495,2.0
-223.87067015388934,-502.0360591755424,7.0267307081098895,0.9990683688865372,0.8495256317475975,2.0
-375.59160257008074,298.7930990084746,5.324962363241784,0.9989778781014651,0.8447620270074022,2.0
446.0109210709257,294.58899498113874,4.962809413127038,0.9986018003665866,0.8502053938363301,2.0
-143.73847139307705,-498.4901634975203,5.193573592025884,0.9996899765655163,0.9268952401303128,2.0
43.63795099259994,-422.92803657638495,5.363762357910274,0.9988480927408804,0.8682239460677434,2.0
439.1105943559294,-167.39019000803097,4.961942283913321,0.9983094004186678,0.8187408235059546,2.0
477.84938407239173,-153.04573754106048,7.385419877778561,0.9991749238512733,0.8472895753052743,2.0
448.00521086049883,-174.72686442923288,6.609983263594597,0.9993776768805223,0.8869819630584758,2.0
-165.23243653495172,449.4926379425784,4.935634990689889,0.9992129567143763,0.8803485589973309,2.0
322.0420784407197,-323.06058360013833,5.622254515303643,0.9996887839867857,0.9186215370692687,2.0
-391.294312890171,203.07432221503439,5.692098653253077,0.999346430805911,0.9048856715627541,2.0
-491.2825613524316,47.08123318796618,5.658630903515218,0.9997694726330719,0.9324579177126853,2.0
-382.1618059440922,-289.95489759102355,4.687031433278272,0.9995490415712626,0.9150506677980262,2.0
-357.5818335340468,324.33167472456046,5.946312008916226,0.999564535007187,0.9003547668677011,2.0
423.61920594173137,258.0531770112453,5.6281777468081,0.9988770048900507,0.8611070642391891,2.0
-102.95050102466305,540.5345289015173,6.642565364792068,0.9994920893802113,0.8960482468337746,2.0
98.61666880857716,583.8153650498277,5.124086027978985,0.9991387834975024,0.8725457428447321,2.0
-169.22451129033712,430.4219262785541,5.790260812340132,0.9991653818681965,0.9008361054085093,2.0
-226.2299353006658,323.38667885412013,6.397497077066013,0.9981451708387188,0.841318437876252,2.0
-176.3131750430736,-463.05476135660416,6.23451150428072,0.9991809533792033,0.8612552999786216,2.0
63.37254155952508,-429.7259191295686,5.13729266275762,0.9991858768388246,0.8746524187814664,2.0
86.05678045179609,581.1591783640679,5.074340147779327,0.998934073812052,0.8643426740314839,2.0
462.73133122743525,-115.41806526425536,4.932419248780961,0.9995267379204632,0.9141680456843311,2.0
411.2627024918225,-217.93540054045684,5.579527719900217,0.9982470751503184,0.8668508055724035,2.0
-471.97133911555994,-135.55850260230804,6.213756795139036,0.9988250562579379,0.8611625632299544,2.0
6.253208683569265,-480.3375734021365,5.074881264917953,0.9988855051068938,0.8623770810364234,2.0
232.3871771352964,-370.58635756538996,5.166334532965196,0.9996705838997058,0.923760815765043,2.0
429.41969193663033,-295.15053873435596,6.569028385092046,0.9990423743283187,0.8922222895394952,2.0
57.712929866612676,593.5646171556745,5.410321856724224,0.9997038962982859,0.9106538793325624,2.0
-208.60271551539446,352.8053294315317,5.459606776753896,0.9991978923988143,0.8873761041606756,2.0
259.69788374151693,-324.5249359208406,4.510726062950461,0.9995576928321734,0.9037862519525485,2.0
473.06778550844456,166.74083923542608,5.020542310490144,0.9994231448693978,0.8894615500446996,2.0
460.9906554659898,0.057257144763401664,6.37437265508702,0.9997594150417634,0.9321741905923283,2.0
-166.32274016998792,458.8648708834609,4.545995869805467,0.9988118510646076,0.85931728680871,2.0
44.41691701442346,567.2309958182229,5.529751907822144,0.998670293804844,0.8543933493113729,2.0
150.88392256735168,-406.7295528871573,6.795294530991873,0.9993255348043244,0.903043447440144,2.0
435.2498454957923,-195.6942250569864,5.34095312170315,0.9992539365593609,0.8883804053850018,2.0
113.6140456614063,557.2426630024875,5.552175053686748,0.9989733286069252,0.8272296520616422,2.0
-470.9363503016524,-11.67021028698508,5.890450067413586,0.9997810020420869,0.9221784214711762,2.0
498.37234255903337,79.99291332789021,5.808784254276195,0.999757550859094,0.917603489240199,2.0
-200.85638100057892,-523.6396142764028,6.422812809714465,0.9995501776849012,0.8846429668153277,2.0
456.9760464129564,-123.45722383827763,5.001672908894452,0.9985696258394702,0.8504674188502311,2.0
-475.4533676935028,36.68411785180779,4.940514730025694,0.9993022114394279,0.864099118030337,2.0
118.85388489209194,169.78278591553158,5.05639682918188,0.9995216214109331,0.8970156538669041,2.0
-449.1895089636675,-89.2905385830371,7.06540853571761,0.9990074953696174,0.8463255179639376,2.0
404.80902140667104,354.111944602347,6.040513042819607,0.999057493105838,0.8930197436928218,2.0
104.77562907335435,560.8339348210594,4.053287220940721,0.9988450646321749,0.8977184396763569,2.0
-305.6666326910797,-374.0443890417504,4.464866702281401,0.9993659885362997,0.9097024635360705,2.0
-354.2754274142643,334.8778413576014,5.148945592624051,0.9996120897052444,0.921663382144709,2.0
443.04938960281214,-203.12670164618737,5.492615313376052,0.9990801895734477,0.8714918845532802,2.0
221.7140077337416,566.966641663006,5.543792643017983,0.9986374229768125,0.8329266318098909,2.0
383.0834146507692,414.50892626179086,6.0817060276278925,0.999498293364509,0.9123927060542159,2.0
170.0954068547117,-457.00158096127325,6.155828874555217,0.9986929328087467,0.8315412513552911,2.0
433.41297873177353,-159.1935877950968,5.070739082204985,0.9993384046197101,0.9033985734631734,2.0
-92.7434183345525,546.0623428839439,5.042633194442328,0.9987864249311826,0.8596550522731681,2.0
-485.2533349186315,-105.36388437021854,4.420480428748339,0.9993517179021049,0.9071246236222593,2.0
-21.526211808048394,-483.9714483845959,6.4806450376221765,0.9997104525112722,0.9328433155507206,2.0
-232.87092339042266,-368.62341240613614,3.808919140763131,0.9979442648174401,0.8607254242730593,2.0
-34.314230420516736,475.9288730346548,6.269101374599989,0.9995004516750788,0.9228948881402504,2.0
-296.0198957466257,-425.7323115743973,6.340923179907711,0.9995074639558499,0.8809411173299981,2.0
498.6970453673805,-118.57701753579651,4.688741036666334,0.99780671016688,0.8261409187445641,2.0
-221.07813878895126,334.94912717774264,6.360914209359209,0.9991213100667924,0.8965845521541377,2.0
12.40920128680012,549.3726505472863,5.13213887815501,0.9992985577968742,0.8628497347245386,2.0
-374.4534833121548,288.26419351999044,5.324962363241784,0.9986094452166325,0.8507119318032981,2.0
478.49429215657926,-141.23497015537654,4.491057533682105,0.9990897290010908,0.8928295890448731,2.0
-375.5371758377102,-349.627319433284,4.717870892649712,0.9991071808843627,0.898379954477758,2.0
500.11763884582035,-91.20997989066865,5.517243500583752,0.9984384441744194,0.8714678483967668,2.0
226.97887513846408,-360.532234960251,5.21644252224363,0.9994373358557435,0.9098049190195535,2.0
-426.4446099392576,-55.37083868007068,6.865781528629487,0.9994509910318028,0.8905205832755009,2.0
-7.228545455709601,-471.3281706515945,5.3412989482348205,0.9996727347658008,0.9259950063124147,2.0
-463.15327091535846,-2.7177895823413216,5.990089420518652,0.9997944333595977,0.9098712906088133,2.0
428.38753861033115,330.7556887105613,5.15770127775812,0.9980757854746188,0.8634489049519287,2.0
-147.0318523959391,479.3197301708481,4.879966201572689,0.9990545561962151,0.892187707517245,2.0
88.5807310428944,534.2380790232647,3.9913706513994502,0.9994474582575784,0.9092306524940882,2.0
374.28878127995216,409.0351593885561,4.341021821097838,0.9982426139974679,0.8406677152893985,2.0
393.6416791852423,-146.81580791347852,5.685809764639139,0.9991328326384126,0.8525222513020888,2.0
-261.1816031731413,-387.55801159326256,5.179917721218526,0.9989354236845421,0.8676408430434156,2.0
469.90413583233163,-175.46407621001603,5.472578574337399,0.9995471405391719,0.9153745450916188,2.0
24.57069982175683,565.5282825782627,6.47160020105239,0.9993602783181006,0.8868359886676295,2.0
453.7708929491561,286.47702271825915,6.315033777928097,0.9990598195801433,0.8514484568436018,2.0
-340.5413471715326,318.01314972477667,6.653433681382418,0.9996325699746711,0.9043887795511383,2.0
451.93266449693624,20.701223580393393,4.943386718162049,0.9992016303718624,0.8983244459961436,2.0
27.512331884243714,-518.4889994849234,6.913634109516214,0.9994308356218672,0.8719309872052227,2.0
245.00103576599454,250.85146541816982,4.915671448994409,0.9990260588785598,0.9161763339944669,2.0
441.32695735480786,-270.95363493656475,4.207266884586086,0.9993784574104884,0.9281535866713675,2.0
427.79735803506287,247.01219267729866,5.4451554404340365,0.9993019257923775,0.8825611445384228,2.0
-199.43915485470134,-506.7903524675918,4.518975196512629,0.9987029891296225,0.8546788896237489,2.0
-411.15206905255286,-264.34486862988626,4.616596453138898,0.9985681705442656,0.8281478678198666,2.0
47.16147131698564,591.129825142626,4.885445767475821,0.9991062623732402,0.8954330712935473,2.0
-363.372228044089,-287.10670991183974,5.044803054916075,0.9993639162410924,0.9046322206382951,2.0
-138.24079010058676,-505.95342610637687,4.107164622906718,0.9995280325015266,0.9138180833041163,2.0
-32.47936090216236,-561.0813223482826,5.5323827395515055,0.998774810533104,0.860118939796424,2.0
-401.2025546217989,-233.85343885940014,5.942383582207028,0.9980359798947018,0.8089190945978066,2.0
-364.13469489751054,-132.32084117551815,4.892098643031379,0.9925690899814384,0.7859205911341113,2.0
133.01071652881092,549.1335185070054,6.723413501342312,0.9992886202863995,0.880190875162773,2.0
338.5771101633252,-355.4925928092095,4.873202381714491,0.999017091897961,0.8674418404317714,2.0
-115.23105725376284,525.1847535221056,5.462681805653755,0.999277969780862,0.9036869787291166,2.0
142.9771823195625,-431.9663275088838,5.763451395092848,0.9990078692850329,0.8669164227502487,2.0
259.6018556679048,474.8617784971008,5.755870022194445,0.9991693648900745,0.8747006640303749,2.0
-400.07238143016053,-72.89982032163054,4.281837751580308,0.9994828128002243,0.9321284948022213,2.0
12.75093204194171,-442.465587391372,4.7089936507734675,0.999050134382923,0.8931427016232785,2.0
239.512795550974,-353.14059145420316,5.0441380814866,0.9995281471302628,0.9165248632038309,2.0
104.76360500916334,-411.55254974473365,5.3837832465126265,0.9989102263713794,0.8865157542047949,2.0
-467.67054184035845,42.77159135914386,4.963627880130186,0.9995596059141907,0.8823303008487191,2.0
467.2091203685473,-127.73228298025688,6.167978613580683,0.9990210314057674,0.8902253229983819,2.0
48.81704183643826,576.3812186947446,4.682180747011393,0.9990671137999921,0.86993379762471,2.0
505.8899070411434,-79.26040739875323,5.136267227392084,0.9989179984829245,0.8684914762965896,2.0
-12.404190266708705,-462.1174379096162,4.837010604595057,0.9980989020663614,0.8428656760054356,2.0
-450.99800730942144,-169.82201012050118,5.416989590475552,0.998175982825037,0.8591584396955068,2.0
433.62277624452634,-207.39723553072247,4.893205999076257,0.9996300046002815,0.9209608530294581,2.0
-98.66367075194722,511.0531824765261,4.778383341593048,0.9996922401822776,0.9126610361621256,2.0
-301.0565444472513,-400.4558896021536,5.672264691730788,0.9990896377341455,0.870752012700775,2.0
-472.89936440295,-147.36172152734346,5.6950449641245795,0.99906903604727,0.8696794988375124,2.0
-145.3908353783835,503.93379246648783,5.411110214623948,0.998913490001157,0.8442217193808068,2.0
-194.94078817437725,-538.2222516557061,6.293862627564735,0.9996470246992816,0.9079014076738865,2.0
-42.27859656545899,-560.8294178760797,4.3126353735936895,0.998809760892708,0.8611288071485798,2.0
280.44098945666764,-303.624064345985,6.351191424768596,0.9994370414122266,0.8897610145700354,2.0
-485.83439439319255,37.3753877830777,5.507043866103179,0.999472867579523,0.8917844258484942,2.0
-410.0705767997792,315.1751742451946,5.1394133577478245,0.9990178397217014,0.8693442710030828,2.0
305.34360322251047,405.40815884904384,6.4692453838809385,0.9995576095980471,0.8996082726778771,2.0
-190.42871886512933,358.6291712915271,6.171906167956917,0.9989736129041931,0.8443012434901117,2.0
-411.70571253792167,-231.78826843889894,4.85538954818515,0.9978752041949753,0.8312035287456246,2.0
123.8428227833869,556.026829953571,4.818371356103281,0.9987036856328932,0.8403749643043268,2.0
21.207009775334146,-449.5379312845681,6.351639358327513,0.9990941525761653,0.8541662321627167,2.0
-239.0183921757285,326.00340964772346,6.807187264246125,0.997799915988235,0.7836344267647815,2.0
506.2989518125712,72.46778145844509,5.148810668968679,0.9993506511818185,0.8850990966637557,2.0
386.5804280705559,424.9628264551998,5.008561758825759,0.9991614219674583,0.8784839165868494,2.0
216.11801688918834,-384.9656676086603,5.4839046689626985,0.998846824734284,0.862313027482979,2.0
94.05912463904691,602.6148622074485,5.591933469078302,0.999374323470173,0.9053218256492961,2.0
-430.9840403867306,-150.3900696025404,5.63260590810815,0.9991215380304579,0.9190503047677185,2.0
512.9700723890854,132.35196954912783,5.230003400086107,0.9993261586914692,0.9030865280784893,2.0
472.2621551165835,280.959013038343,4.930279379192346,0.9990467690947444,0.8912445988071267,2.0
-353.8289195316868,-121.09728046938756,4.733987755883668,0.9903748906322595,0.8216876254092343,2.0
-392.18349171957436,340.17336373184264,7.124393222717108,0.9993521248070626,0.8862531656256285,2.0
-488.9646612077747,18.657838482844333,5.904665012310769,0.9993364105185043,0.8647749270510773,2.0
-140.205118319653,-516.7914051134806,6.665861851292608,0.9997094661246021,0.9265746834479098,2.0
448.29753718242245,-186.61753339977707,5.355325267712647,0.9990540188206751,0.8705687489220018,2.0
205.08452843337554,549.5627741475994,5.111096316803862,0.9989150245277209,0.8868007982606271,2.0
-160.63490995892647,513.9798414581467,7.584290759063876,0.9998337625419488,0.9259941920969399,2.0
-493.63449439809017,-143.27383492713497,6.260825262449437,0.9990273365239621,0.870108896305874,2.0
-3.2192399051067477,562.7017340600655,7.609138723626328,0.9994273404227458,0.8742794722714181,2.0
-146.53397704968964,-507.62381429660667,4.38111303879912,0.9994823117074131,0.9143275385461035,2.0
-159.7785807642243,221.7963417170526,5.495208966457692,0.9997305289689258,0.929332931396083,2.0
471.0489028770283,-8.138373291965253,4.60271536739876,0.9977654796660207,0.8257822867219584,2.0
492.7918140330058,260.545724909641,6.39197336527943,0.9997371995631856,0.9303111367140322,2.0
-175.66824438223094,458.17772903696084,4.883526305472374,0.9989053849743753,0.8631520332019165,2.0
426.69347802541125,-200.8244204846061,4.694885016820784,0.9985298258128741,0.8515559195355914,2.0
118.26510747594543,545.7813966137724,6.872430989018946,0.9996671773857321,0.9093377381972143,2.0
-313.1133608358704,-430.1020929850692,5.6441820603271635,0.9993320096227505,0.9042315343366276,2.0
-221.37315589231702,-522.8614591813044,5.381336576781391,0.9996810227814346,0.9116676579699481,2.0
-383.5945249237302,182.37583286936626,5.774559167360126,0.999250734998832,0.8999019485305777,2.0
-415.11557901126633,-280.32008318653095,5.120268526472981,0.9987229342701986,0.8599199009973622,2.0
-447.15360655196355,64.48869893443184,7.298221901302093,0.9997624174929545,0.9204397711752402,2.0
-441.33862836190406,-13.385936989160113,5.6296916246302935,0.9994576825118578,0.9132187076780732,2.0
-9.305665774140728,-452.18218031446514,5.67103457586388,0.9987313801331626,0.8881658170264507,2.0
459.9441380242273,15.857282733473783,4.477440260790435,0.9991080345984807,0.8950132013382849,2.0
267.0926575874216,481.4951810906428,4.312564615049121,0.9983698960454458,0.8450773767629585,2.0
426.9195311156497,-270.4306592364726,5.171892695338768,0.9982133480191063,0.8136144523021002,2.0
-349.8345867399248,-282.27350070005207,4.778031555841243,0.9991451526048414,0.9019370369279144,2.0
385.7399290806044,381.0206861163056,5.993710862699879,0.998679527516456,0.8558828205682514,2.0
468.82238997541833,96.43086012006212,5.86432987044338,0.9995092404755199,0.8941501131981567,2.0
-381.4951198982486,-127.47865918536037,5.373760706003343,0.9903148103877357,0.7670288830494625,2.0
-331.8153323735499,-244.15730392752386,4.3385826741473625,0.9983772039393117,0.8470084647829886,2.0
-374.2231533022757,-0.1822038465242296,5.431527792641671,0.9989820599636244,0.8715377850139027,2.0
66.19037211548317,560.5007893148355,3.997042756260693,0.9983262931156287,0.8703723398794978,2.0
-398.73753081648647,128.07555710849874,4.559309296780019,0.9985287152460994,0.8746954708564377,2.0
-17.448587161254896,-576.7460280866858,4.449306140512014,0.999547461493988,0.9151083800775965,2.0
-456.8252430156345,14.719192637920788,4.496119841084046,0.9994252708015572,0.8943917810296925,2.0
510.2948836660189,152.15106711017353,5.7668208643078875,0.9993847248323995,0.8739503607885124,2.0
-4.942228347246418,538.4828900851868,4.940643115491017,0.9992670129748431,0.8794946683526544,2.0
145.47478865134312,-419.4277345892495,7.085209523418273,0.9990770804389314,0.8511828175498212,2.0
396.545381591058,402.96340871695566,5.313621214623648,0.9988731029393806,0.8438097376888606,2.0
-370.68160907207033,-275.2974791046262,6.39707682352516,0.9994390341000188,0.889687880587561,2.0
436.53388258911474,221.9587175268833,5.54238691033482,0.9991683838538742,0.8960996508988792,2.0
211.48776446962702,566.4569869741222,4.731266120320928,0.9995550428477407,0.9155044348265394,2.0
-217.3982321357281,-512.7289441072924,5.546864957989288,0.9992440038864253,0.9007977670065597,2.0
517.8972219904634,-97.9090061466652,4.56075973081974,0.9993482541021051,0.904130069376909,2.0
396.5823561892427,-335.3747819643023,5.202326027919546,0.9996919544928883,0.9098045683169325,2.0
-156.14906889144265,501.5231158280156,5.657735757551978,0.9997122769091701,0.9213913145656168,2.0
-443.6793829305081,-23.36780000878088,4.68082120455125,0.9986011716069176,0.8521602584521484,2.0
234.14737271067594,523.099037718864,4.3394853493071635,0.9995037973563362,0.913458727534702,2.0
291.2633170042572,-275.468101763908,5.258417624725735,0.999469931522209,0.9104500055351047,2.0
-372.9771871724121,-286.45488686586583,4.634107669600514,0.9994057419992919,0.9073551618116983,2.0
-368.33334448652175,320.98965871469665,5.36392144593023,0.9986012197686969,0.8512553782745798,2.0
-147.32405644828003,376.7267085902335,5.987718918561514,0.9997388373710425,0.9293040885665264,2.0
41.18079916229549,555.7732296911223,6.434375609155993,0.9995107104153599,0.9126277979210832,2.0
245.59390267494413,561.5018331559578,7.436278818589806,0.9988780491204704,0.8541930749312359,2.0
-290.10473698296244,-416.479569102392,4.668485015786871,0.9988353597725621,0.838442434343542,2.0
193.67152688701182,-435.25101644636817,4.720872981916819,0.9985750747546461,0.8754217583840511,2.0
-234.85050129248472,314.3708004571206,5.678671475719103,0.9985477244904657,0.8779093816045573,2.0
516.0113729533134,142.83723618692136,4.658477037418091,0.9992284746360245,0.8995457797835004,2.0
2.031589507619,-444.02577201447497,6.05840619241936,0.9986966695279266,0.8807390705312187,2.0
476.59818047896863,10.977215072453932,4.870486339895671,0.9981698941203642,0.8114834690848077,2.0
-417.0066150489177,-271.0819658844367,4.3523403232496225,0.999312092574749,0.9021190942766438,2.0
-186.5173547019034,507.6416960739339,5.8325825153206745,0.9995393529166141,0.9013448506940673,2.0
433.29190809220876,255.26962361923765,4.507874276403204,0.9988981161599719,0.8880702027014953,2.0
111.08169338738777,583.2235131525019,7.403431201972862,0.999474914219815,0.867094531937242,2.0
-211.58948413020786,-521.830266250178,4.476265194721408,0.9994033797717884,0.8923233575013622,2.0
-145.47049576503798,-528.2515055516759,5.990244423960293,0.9996213623201234,0.9199664984330189,2.0
-47.72549023480112,-570.4059976974461,6.7712418654745905,0.9992521715223464,0.8848447959711719,2.0
310.3931384210921,436.17894527857777,4.258611021352521,0.9983532746734968,0.8692276320475883,2.0
208.77194430894883,-346.8282059813345,4.718137748134803,0.9993604082267463,0.9059652033547789,2.0
-73.28689397488172,-560.0966432466475,6.73023844889182,0.9997158390127902,0.9313050898008921,2.0
485.9597984640443,48.05521574975618,6.527059338860882,0.9997130045992378,0.9121190148910164,2.0
-194.51539266769907,369.6278520664068,5.613144650102136,0.999459590040523,0.8778584596787353,2.0
-450.9639132119241,53.36915021792811,4.504177314556393,0.9989592226131595,0.8671032235645826,2.0
396.7788205112185,69.28377183433024,4.983930272736648,0.9993665191699287,0.9070818874684554,2.0
470.77977516869845,298.18844774035745,6.6877336905151985,0.999361830736977,0.9271799916283262,2.0
344.2688860940857,-320.49561586691044,5.90315707656742,0.9995089250083586,0.8944667199680175,2.0
284.6480236137179,476.7267591209344,5.449741574417004,0.9987480711206046,0.8634397378642572,2.0
-205.1190176862683,-533.9486087311387,4.782345356771441,0.9992151728434412,0.8770331820280451,2.0
-434.87238692479207,-25.558166637672503,4.458785529930692,0.9989977068446396,0.8896194137898698,2.0
-343.4236969973867,-153.4432185797243,4.82225670675542,0.9985867491230823,0.8777033909838582,2.0
484.25588454523324,3.2668401535253504,6.059700755400969,0.9993257881670077,0.8833890296808451,2.0
469.9753540547614,-188.2562514436477,7.3643297263915075,0.999678287761196,0.9246070481399528,2.0
-246.03610641827228,316.0837876180924,5.414261419662457,0.9994694697106631,0.9327687060958649,2.0
-374.318045119501,-296.5818250183158,5.616888793430619,0.999267597137182,0.8628213733364702,2.0
511.65050984535367,-89.0718915704027,6.304036335787094,0.9984810398924954,0.8268782708786793,2.0
122.22082313236955,-435.56767425676054,5.287191059719324,0.9990627275566939,0.8916236970503523,2.0
-152.36724973928713,524.6460061059702,5.903277852192182,0.9994834630249475,0.9321585149907872,2.0
-163.43837714919698,404.72498184108673,6.189451614059893,0.9990067108704839,0.8755153213262838,2.0
417.35754288601646,247.1826543671753,5.058762721888998,0.9990106735208933,0.8915513277234096,2.0
224.69463920253685,525.1309695680343,5.368362050074146,0.9986491941042371,0.8306975421756438,2.0
445.4132020353749,-213.87593357763174,5.587055616304935,0.9989345732960998,0.8633909511017381,2.0
-433.1048960192747,-260.4073036102688,6.39724586101644,0.9983372010332613,0.8187343036902458,2.0
478.5021451586213,-126.51558170495636,5.290066592677646,0.9984221818633922,0.8477166340052723,2.0
412.12728561878805,-252.9451993589476,5.026047049168883,0.9987560563005436,0.8874092306052085,2.0
-420.05854722757863,-224.5097136246036,6.315260130389578,0.9993428719104557,0.9265149144866899,2.0
462.0175214284657,-200.42431074661414,7.233409936038139,0.9992502443188704,0.8783936935177784,2.0
428.1542286774918,236.0578890141189,5.5566561397545655,0.9995879162672829,0.9176550625658051,2.0
-11.327819148949276,553.5559758983712,4.683101044264192,0.9991017947142077,0.9186943011346396,2.0
-490.6662478318777,-164.16006300064544,4.764300382166727,0.9995600843007385,0.907997845014806,2.0
437.59841819353517,-284.9923644946921,5.556717665980381,0.9986765219646968,0.8551692142310543,2.0
486.08992083059013,-134.4534417577198,5.746472816914652,0.999399391592846,0.906756101857246,2.0
-217.21571255555216,-370.54993746023587,4.276188391622855,0.9991300164398977,0.8978505216464399,2.0
-66.38483115220106,-519.7877262219199,5.560248803684844,0.9989615851914497,0.8652259585027656,2.0
-377.8929917748129,324.2220440280219,4.815706253884541,0.9979732979709683,0.8365784464980495,2.0
236.82915232935818,-391.2133104620433,5.600249805365023,0.9989099776960203,0.8421122077957766,2.0
450.7604987404911,-196.40319435353277,4.802729158096733,0.9986252365147389,0.8776686406609316,2.0
-233.26360253288092,-493.55010693896696,5.712873496030402,0.9976285748765474,0.8253981471697027,2.0
391.19819137608874,393.7033967082296,5.4194893326406905,0.9995206045601516,0.9156440402708899,2.0
-438.49063039419934,74.63090074703946,5.615710857262677,0.9996467509101296,0.92435104628097,2.0
-198.41323610025503,-366.51185446690573,4.906637630453483,0.9971787325506992,0.8480802170235295,2.0
103.01711519598945,594.4239976704598,6.40921944285795,0.9997252887263781,0.9325690896570457,2.0
-208.363412345741,381.506169899984,5.423154260283408,0.9992943648706774,0.8854974504542625,2.0
-359.2690207733466,-363.2094620623427,5.387272183882648,0.9983669541993618,0.8474647094574707,2.0
103.88728968760067,525.0250346858724,4.86809656849722,0.999296335188853,0.901455825621048,2.0
137.98309250887016,-326.99755014877076,5.4020363270675835,0.9994203628987596,0.8891424686239718,2.0
404.5091056381535,63.7532415588821,4.55040276959828,0.9995308595218309,0.9148915584545301,2.0
-239.85858164568288,-129.43770375151377,3.8557667826845496,0.9995733624773976,0.9169292459166493,2.0
-125.78951411653033,-540.2167067619721,5.947392082384905,0.9992862154046461,0.8624545786317944,2.0
139.49563568807616,-446.0352970792496,6.517860079564412,0.9994027731783086,0.9069056121961679,2.0
-201.72211862264632,-496.94319999840263,5.637585496974584,0.9989058687908212,0.8479873316215651,2.0
325.097205097331,384.6723188110947,6.629979384317947,0.9995866800769153,0.9178861154876654,2.0
417.8724679707253,-299.0754714531056,5.698480781153252,0.998856105629783,0.8600122872134478,2.0
-327.8718654827839,291.31722233889127,6.706240857625031,0.9991207727765867,0.8649130775971743,2.0
-507.56719651287847,-148.90547784283004,6.911197783399167,0.9996346117003848,0.9080563947887638,2.0
459.2723924651322,-96.30987768818687,5.195628581894602,0.9991826152029938,0.8982165890046409,2.0
-343.1719679532025,-340.4079528719084,6.211562202086529,0.9991449888118817,0.8755195323320013,2.0
-393.0249609905415,-288.8689527541344,6.264712533582995,0.9994688729743058,0.8926164923242389,2.0
474.86620537504996,45.170153783635996,4.966252571655954,0.9989419550604807,0.8660529026223575,2.0
465.06260965585983,287.9397232853876,5.1519591100597655,0.9983611793436084,0.8466796510843093,2.0
-482.1459585571061,-141.18809545604338,5.4800032660255935,0.998465825776698,0.8207081527008481,2.0
-162.81223899018903,-517.5477101722555,5.266498459705607,0.9994797644076373,0.9125443441239313,2.0
452.42127361313567,-289.94715011965326,5.685487456051975,0.9996609165764264,0.9239702273778317,2.0
393.84310425533744,332.7626268672722,4.773112268685272,0.9988898267949962,0.8617685390383407,2.0
461.2262426380139,84.3169311820493,5.625762500506855,0.9990684247359195,0.8696461123302697,2.0
521.3238407153962,151.25473901759284,5.332741630272282,0.9995043765602482,0.89605855376778,2.0
-364.5416794826004,301.44526593091894,6.093246322094981,0.9994732416775379,0.8766121953205565,2.0
232.25014826708724,564.4947350106836,5.34494914122917,0.9992728632708434,0.9014920411427334,2.0
-237.53641294287138,304.7711726111176,4.365085411021585,0.9986677866418463,0.8555037223193118,2.0
331.7368516401619,265.40209781014914,5.285009771970191,0.9992930954953816,0.8847555822550514,2.0
-440.88499776487345,-49.49648603857023,4.908773569752288,0.9991760434056106,0.8972993268130759,2.0
-182.0412610957879,374.15370292178636,7.674841753954524,0.9996955572900122,0.930516185708232,2.0
-177.45267517233592,488.81331024560865,4.5914427135906,0.999401922867028,0.9085434892049804,2.0
74.22456529626146,-385.13068168693087,4.935571522936039,0.99925470335334,0.8996628305079453,2.0
-166.04770952797222,540.0694725280867,5.494326412410022,0.9992387339533454,0.880247392110181,2.0
-383.8687778590934,315.6992527705099,5.684318391099728,0.9989193575284256,0.863992534274911,2.0
522.7906966314624,-54.77342855005046,3.7264703552155245,0.9990344995849902,0.8922630440126627,2.0
437.96105861628246,232.31529597731708,4.978802186701157,0.9989761662622323,0.8665283087945146,2.0
399.3181043482596,383.24837834205084,7.871943459287242,0.9987576310699408,0.8364910632767558,2.0
-420.6588410349391,-259.3125087344296,6.209535826923533,0.9989491306439653,0.8892553412817134,2.0
-228.20825796111419,-412.79578923746254,5.990477405850922,0.999478811824498,0.9112115528403214,2.0
-231.95320426955686,-526.3809389227882,5.795585378351254,0.9997470084434668,0.9313387091502497,2.0
-229.65878915971527,-514.275196343726,6.566714331239735,0.9996228910588987,0.9072924882142915,2.0
-163.76543676432334,-547.3354224577163,6.043982180372735,0.9994923836887419,0.9125886133996093,2.0
314.34004974297363,-346.3720746884071,5.658524315877112,0.999509488381357,0.8952110501442954,2.0
175.23603742912354,-445.9883795030284,6.0739758215151465,0.999342674830816,0.9061781099345515,2.0
269.3821855959665,-398.4297864558374,5.172516251829663,0.9990366744012107,0.8677200471367837,2.0
123.56485287348286,-419.95467423124944,5.014627049419112,0.9993815963035053,0.9088472477985958,2.0
-338.2068797261778,-360.9743828141335,5.060853173408667,0.9996981573102607,0.9291125592571328,2.0
-73.44216346727076,545.9346926062537,4.912935534327941,0.9989176172734375,0.8415452442351212,2.0
-475.46167025086766,-23.684175677584445,6.9581014624952555,0.9995541969128824,0.8868782732700059,2.0
163.01783825919932,-446.9298471013844,6.213815758322312,0.999432754778942,0.8902385817496332,2.0
507.03590041393176,-100.7960400820766,6.397235267065099,0.9984737988661837,0.8239794188028404,2.0
-86.0736226951656,-537.4133256639844,4.879637861987447,0.9995872481809218,0.9179378558987371,2.0
-452.992385743477,-29.266222221427924,6.419356118555419,0.999098130809437,0.8517798240595611,2.0
-520.0833803379722,-148.35032980461273,5.6703792776606825,0.9996387236093031,0.9273041973750608,2.0
-26.265207383596227,409.37928174455914,5.612290457578913,0.9993644989398123,0.9069244720431491,2.0
-83.02919081798115,545.8986205133798,4.731191331272251,0.9988728976992078,0.860320483277664,2.0
-325.658707986189,-326.2634248260041,5.45947086248566,0.9990021483855747,0.8569908436436401,2.0
311.07907375782605,-396.30144438542726,7.112844338184472,0.9993059436525775,0.8662163958814992,2.0
-167.60216401036124,490.29251759535134,5.013978827867027,0.9995058658618807,0.9129848168108,2.0
275.82407017863943,455.1405592646904,6.482502627436056,0.9995112276756434,0.9001976550366515,2.0
-351.3384146048431,-333.06528962644035,4.814694184859669,0.9994392030719773,0.8933972005333052,2.0
-423.0110987414489,-182.7734027106701,6.517711245882139,0.9996316217003952,0.9232568271269913,2.0
-350.13020675497904,229.47206995206088,4.804931109546314,0.999195673139162,0.8811471373686822,2.0
383.95793049629816,-367.54238921498427,6.364966823341907,0.9992281152277935,0.8485087893251881,2.0
233.8869349084115,-380.835421701392,5.231391028097704,0.9994044794619442,0.8870910066767618,2.0
-197.72401204921638,380.0852675152925,5.374825833695916,0.9992875763454967,0.9012094424570873,2.0
-15.345834063475328,515.7718733936847,4.989060890734164,0.9988747509430933,0.8621498719269585,2.0
-355.430318677002,-303.8356909201331,5.581934928906739,0.9989233251371722,0.8660781379717437,2.0
-440.71136020870017,-219.36363578278326,4.9061935629365525,0.9981498905687022,0.8130207629673084,2.0
-449.6680907584255,77.44393573154312,5.948516798699446,0.9994753176669089,0.8762012748750542,2.0
381.54477998375535,356.9454731586538,6.412813213253379,0.9995721374957859,0.9164404312350976,2.0
-212.76335967302808,363.3366712672056,5.928390918227728,0.9986514181016238,0.83270999193413,2.0
-407.8645757634459,-287.8958878739794,5.410096051710496,0.9995890614822979,0.9184137152070728,2.0
466.6110821630697,64.29510609629337,5.338948006112137,0.9987893983235527,0.8580320109500102,2.0
-205.05316332213576,-544.1449164167003,5.4574570293339395,0.9993812411585219,0.8678662796580133,2.0
-380.4459500158856,334.5974680196189,5.967337642145172,0.9985985871145364,0.8548087383697924,2.0
-243.1440615114083,297.3327387794508,4.991556863124431,0.9992293997750842,0.8782366268113401,2.0
-83.64055265161197,-550.583685800886,5.774817702863778,0.9997383805246518,0.9171989022767955,2.0
9.936312536081207,-451.97293843296325,5.25862976958053,0.9979585667434975,0.8338104039344519,2.0
-319.9693692286938,300.5345570273126,5.516792393491054,0.9987765150852673,0.8602017200494847,2.0
116.27081322298153,-427.10642607446397,5.131301366503686,0.9992353349879528,0.9226497623043868,2.0
-208.61614906934423,-483.14141963949214,5.943247118161668,0.9984075854914001,0.8545880480478818,2.0
223.78317884249824,555.120824018198,6.578832893339962,0.9989609723558609,0.8877503135405429,2.0
115.43031843372874,595.8101554176562,5.994000953609536,0.9992513843050926,0.906014543277051,2.0
474.4047290723519,-267.0812338656259,6.950076440196765,0.9995073816337482,0.8941922842768698,2.0
478.06422912898773,232.9396509442314,5.876477357720447,0.9992953335221628,0.887579527147065,2.0
113.4370682157939,-376.52383767099076,4.272878564978641,0.9988677556102441,0.8850261378848191,2.0
-152.3815237710531,-546.1400753418242,5.440422596378198,0.999598189519757,0.9181678466734057,2.0
452.4471532338354,-221.7211707063487,5.024625287358694,0.9988558690767785,0.8640991659418629,2.0
286.6654949474019,463.2674657177013,4.488315288301504,0.9996351154622025,0.9215891337452765,2.0
-338.9711087589126,176.52576206815885,4.661708843995319,0.9992320509631951,0.8984906525949827,2.0
-155.33393284823032,360.69742872025114,4.706778762359381,0.9992908411431649,0.9014216966212562,2.0
480.9741837880985,-7.79061026055411,5.387613253390366,0.9993512330981396,0.9054548958153361,2.0
-384.16932150284657,-299.92339010347956,4.84900393511311,0.9993692719966297,0.9275547252414648,2.0
521.2345842217144,-82.82611097056729,5.254255667522119,0.9981456823090825,0.83941211446166,2.0
-436.8105783694436,-161.05639991292028,6.073848199327775,0.9994120566417353,0.907330992468517,2.0
-435.8803428446837,-71.2464196812513,5.514176875160113,0.999432667301544,0.9082273129929962,2.0
236.40536551991937,-361.9879924230416,4.356458496222782,0.9994702294992821,0.891927427329832,2.0
3.138008269835328,-500.29357733291954,5.260874873988221,0.9995567525087161,0.8994219664711555,2.0
104.88707370079483,606.6626229512211,6.022148057217478,0.999308441328128,0.8811884848794417,2.0
-22.104124119584927,-566.7515569446865,6.347442362300483,0.999638077827049,0.9216174626246092,2.0
391.2052146555348,362.80121724339193,4.937843015412137,0.9981538104928448,0.8365188732992209,2.0
494.970511483087,6.396061795647522,5.145606048924921,0.9995822264267545,0.9175396033790827,2.0
490.05471560739574,277.3577945967919,7.636807505364934,0.9993448756319568,0.9272443156035892,2.0
-40.52669686654293,158.32068202594542,4.778724379801754,0.9983629215670503,0.8451648899939456,2.0
169.43161699688156,-409.1716299083744,4.543174389028416,0.9992894301206429,0.901931837776595,2.0
510.23306639785375,37.032772638929046,5.714763705154736,0.9996768996441011,0.9239580374369851,2.0
-426.30416602427215,-269.6143166603347,5.103289470179778,0.9994411040913057,0.9096442244524251,2.0
-277.4233085152374,-433.37088690019135,6.753687014352408,0.9987285232789543,0.8368533343559696,2.0
-496.7602437803546,37.431372095646026,5.465924165935505,0.9993429401153062,0.8846935097778156,2.0
11.24629481720036,-530.0665940120313,5.620371671022579,0.9986189146318576,0.8307436043985954,2.0
533.6985725518372,150.3312806427671,7.122829360844592,0.9993995757534403,0.8890228356025391,2.0
-436.87497710819514,-195.45933203659254,6.4934523946209195,0.9991228971680121,0.8720637957460406,2.0
-163.11949498303048,526.5408740075461,4.883391035456957,0.999412261753753,0.9292236921319645,2.0
-462.91963493436793,-22.401973551472857,5.706889836090768,0.9994577613805464,0.9124819757685316,2.0
-29.344201837751164,225.6151618528231,4.486884092669282,0.9982766738368191,0.8149199582197648,2.0
-224.42975966851486,-549.053176231541,6.677328816622323,0.9995438099393587,0.9038857770397154,2.0
488.9137567826415,75.54900524045472,4.658051609307671,0.9995744486645414,0.9192130715643517,2.0
-29.216078959171238,208.16840808094224,4.892555724466553,0.9993337792366958,0.9034998441317944,2.0
184.00359521765535,-438.47231628903813,5.549019149192693,0.9988678437321016,0.8625586230880554,2.0
-56.420852177561336,538.1241599559581,4.6131318720662495,0.9995191771757934,0.9163874308436487,2.0
-186.5127188521227,-412.22420004395826,5.827191669207474,0.9995129071362576,0.9147101175375729,2.0
-200.89710274595487,-410.84656419825143,6.266011539880387,0.999445942949101,0.890176516791915,2.0
-455.90282598814497,-64.82938874537874,5.7857886824199,0.9987751795778191,0.8826540375754747,2.0
-386.19688227192347,-332.7256707216797,4.919661528903654,0.9986090514072459,0.8552007272968702,2.0
447.5068563723788,229.57444938276086,4.996830616886575,0.9996147467571728,0.9249220395773975,2.0
110.32417844205635,511.7238760152396,4.342533067117027,0.9991993341429856,0.8977465226823554,2.0
-411.66760111209953,-185.15425287810135,5.029802922229046,0.9990567212726748,0.8917565352720321,2.0
458.11122492069467,57.04235307509157,5.889501286722606,0.9994334573579509,0.8919267027200036,2.0
-482.2207534057756,-130.50569898892869,5.2789743286477355,0.9976101898536538,0.8244290895201408,2.0
-213.6666310840809,-548.3177565061249,4.153833560804631,0.9991319495411253,0.8943864452072801,2.0
463.0947975624151,-219.73196077304226,4.776492727086804,0.9990900432088518,0.8701741004024148,2.0
118.78845590884127,628.5646141168522,5.509775374916859,0.9993069619265812,0.9252533711502209,2.0
-363.6928619274195,-297.1844430553235,5.08868375969161,0.9991186618095588,0.8776869463111933,2.0
319.59938281923456,451.6723478405801,6.059523704115536,0.9995115301487271,0.9127292743698596,2.0
258.3475808681493,486.5331314750222,5.844341190680069,0.9993153432460296,0.8839177864941753,2.0
526.393469535583,-92.35153000294835,5.627240897082948,0.9995715858085116,0.9009176897592024,2.0
-382.87115926430835,-317.44983961437725,3.9064817397090255,0.9985373601965545,0.852547841393418,2.0
456.3819710840362,212.76994654501135,4.781548175091637,0.9988204156331624,0.8660781268782747,2.0
-362.8214085810219,216.75809167766283,5.548609780536903,0.9989777920417762,0.8665741949623735,2.0
-440.6122469776274,-171.49469122911276,5.104484428000882,0.9991324240646794,0.869521492165838,2.0
243.98024525715581,-383.2277988132773,5.180989485615719,0.9989629844466018,0.8459944971557091,2.0
3.6275831185887992,532.4309112358505,5.588602656132776,0.9994749246176792,0.8929819601514964,2.0
319.50058405091784,-356.08182556494535,5.383144864961995,0.9991158987347476,0.8540128731139609,2.0
287.60953837880936,453.3690844568009,5.488393022269761,0.9992383420369239,0.8795740045568374,2.0
-157.16702446646903,534.4280412649586,5.0617838303534315,0.998526689653,0.8260000710525466,2.0
437.75480334097745,326.8304358502178,5.083743086240415,0.9980384014055842,0.832897452738723,2.0
-11.174023289178644,-487.27836376097605,4.421206785469102,0.9993337137596964,0.8835939442663382,2.0
-387.63386157217997,326.16660281510525,5.148868566195145,0.9996552022476058,0.9224922137853733,2.0
-156.140075197911,370.29199684467915,4.968982264747386,0.9992917652711727,0.8804313334117722,2.0
122.61402141236046,587.5794403055653,4.9537987698405725,0.9996642913513278,0.9233643068876787,2.0
438.18931078426147,-301.81996620774083,4.541187784104471,0.9982159132727877,0.8666857818438191,2.0
297.23194838053325,-358.3545477064713,7.132607019171081,0.999603565473573,0.9189595442481284,2.0
54.32498835002647,-450.7129369489381,6.134297825841494,0.9995987598269953,0.8897097618003208,2.0
-411.6310403179721,353.4321882228323,5.561382329970528,0.9989124300588248,0.8860519019456362,2.0
409.2262525537734,-160.62943251186095,5.2069078924696806,0.9991502473207833,0.8961639903543782,2.0
-373.2836038641564,-316.82988271047316,5.761340044161461,0.9993707077265563,0.889972202874573,2.0
514.8416829913914,-73.84571353180233,5.3745778514573725,0.9995207699440475,0.9135188192519074,2.0
-503.4894155999826,-137.55938154809937,5.172735797006128,0.9995799768237057,0.9011344947143397,2.0
-21.40327492235869,-586.3305588191711,5.94595959674331,0.9993913418446713,0.8933447735251543,2.0
162.5915848720025,-436.04231805415355,4.7454021068147005,0.9985561652091909,0.8484760832266809,2.0
377.7232723211041,-395.59406969761363,5.337857086217326,0.999081308637915,0.8503611050128159,2.0
92.40342145906453,-399.3000579923604,5.13107184476058,0.999018730588144,0.8901077808058535,2.0
-236.4484790024908,-504.2823051145129,5.555349926998354,0.99925275713923,0.9004911223160044,2.0
-372.6393542756429,-121.69291091714236,5.589708638526615,0.9913861736133684,0.7377807035204564,2.0
150.21029797345088,-451.13302180388825,5.424806444712909,0.9987304343349078,0.856118211164695,2.0
-99.91295696141276,-546.0630690499816,4.299765973457611,0.9994549036246135,0.9095362015396249,2.0
239.53907490014757,515.3185777335159,5.164312440245651,0.9991922041429769,0.8786094718063182,2.0
456.82479429575585,299.22790127628747,6.868339678079194,0.9993745741069985,0.9057576217410828,2.0
504.8468048993903,61.262731406902915,6.1940280255946965,0.999457404248086,0.8912693012774942,2.0
-26.747908707721955,-576.9375590003343,4.885225683046972,0.9993629312183013,0.8868404704504765,2.0
524.5406187802859,169.0753304773755,5.266638560885336,0.999481511184459,0.91119683579537,2.0
-327.485106975648,309.86531592208524,6.5278865064976355,0.9993820639846668,0.8914673925857445,2.0
-216.3127953384214,345.4415337055112,5.258596965674559,0.9984424457160035,0.8234760842687919,2.0
465.1839353001699,218.09129115578747,5.590294712399775,0.9983819585310124,0.8172969188285598,2.0
270.3011780554665,534.6572057011467,5.405915199088712,0.9987716848141754,0.851047202100448,2.0
481.022901813304,266.32044369843874,6.753924903416597,0.9988328971957112,0.8660979102477359,2.0
-139.35246261441307,496.0103927821821,4.618609259618388,0.9989076183866497,0.8860219250044912,2.0
129.71222978206015,574.9585031204183,6.3448994354417385,0.999774391180339,0.9326972566390785,2.0
-164.55534271031692,-534.7841197150007,6.371054955061173,0.9997926837210799,0.920683055050402,2.0
447.43004751022085,218.56687921224486,5.92578348820994,0.9992631709252147,0.8799508424359105,2.0
253.64958681772623,-384.9289470381335,4.68300689893202,0.9992339264882021,0.8858294095645779,2.0
-394.7264591318031,299.00355963261035,5.293102393142739,0.9995001816771312,0.9123041021409855,2.0
499.71043219989815,225.5035671203146,6.6540177706258286,0.9992976285941171,0.9050397507041421,2.0
58.9280235586203,-439.70633849364623,5.830643627314994,0.9994865390078517,0.8767760472233681,2.0
-36.02134736037334,-583.2177760274682,6.3649263421929065,0.9991188931853324,0.8539749680934324,2.0
15.316592094009836,-540.6069104909586,5.7776914075935055,0.9989328271266011,0.8952501608892998,2.0
205.97496356482281,-391.4730144014397,6.654479921563255,0.9994134890387134,0.9083211710992435,2.0
-445.644156338501,3.7682723840145296,4.6493775246372735,0.9991405504229985,0.857098009563685,2.0
-54.269677848740486,553.1493643995121,7.626294873317917,0.9990339932591789,0.867087554264974,2.0
-221.3991104847851,-487.5888581389802,7.709705296929546,0.9980964267194675,0.7921014904790612,2.0
532.1462146587276,-81.34067608175994,5.83924556603138,0.9986120471750504,0.8338886662724969,2.0
-447.7298230062073,-212.49738695490876,4.946205107375349,0.9997525101304738,0.9236978047816052,2.0
-301.562156567297,-413.3238643236162,7.269779953074246,0.9991520829392034,0.8208172480332866,2.0
22.654619399680065,-502.4208002812132,5.327462176351663,0.9995196721076898,0.9133696608601223,2.0
-290.90489679276317,-439.06120512025126,7.989291175717101,0.9991872612420618,0.8586221849130908,2.0
-436.1359956968993,-182.36353083981234,6.676634296822628,0.9993643501409007,0.8700369147665781,2.0
299.86105574693465,448.4124920800851,5.3538297569930835,0.9994604561346961,0.9111785212788085,2.0
313.77840806287725,-372.64872899870466,5.025716957233895,0.9987445547509595,0.8328866084892398,2.0
-78.08388591483232,565.8637614152118,5.983107513209386,0.9989339761702583,0.8633232089266859,2.0
-308.24830317388626,299.7798028870323,6.305406661879544,0.9991741749422803,0.8749948924231064,2.0
505.84063883985317,-23.98517418873863,5.678921279547794,0.9995713835368314,0.8997622490027711,2.0
441.3794304331269,209.75165824977606,4.8246468531877005,0.9993033015387389,0.9095330698526152,2.0
382.4103101172252,369.4206735727686,6.143449796027878,0.9989837035540369,0.8437942445455656,2.0
46.874195934376736,-440.7767498084081,6.297533530135507,0.9991307040099384,0.8677545015762024,2.0
-256.4396696539593,308.8291831098673,6.122602180256146,0.9994842087545861,0.9111631033941958,2.0
524.9364850489114,-73.59519662488135,4.774738824292304,0.9979161027562599,0.8070400039828892,2.0
171.15923600210272,-467.8485350128243,4.796431179587431,0.9986637060607882,0.8788021681757991,2.0
-32.03319472113543,417.21904874267733,4.158433954126268,0.9994231427831839,0.9086372050641677,2.0
90.99178640970271,519.6838247976062,4.823287266201809,0.9992455663271483,0.8992916505890163,2.0
240.19117231395387,539.3133338148077,4.865450916854386,0.9996276643264118,0.9257500356529914,2.0
516.3648074962562,205.66332973177418,6.107018552642507,0.9990783885229433,0.8527655616164714,2.0
-40.24732987709317,549.6230502792523,6.95259440519658,0.9989315180791569,0.8699443651861982,2.0
479.60552858488467,68.20262614758087,5.26874861388335,0.9995858686891061,0.9173520340907917,2.0
-210.86402513316304,-493.18589776547884,4.347038597150113,0.9974242631639381,0.8595294155356228,2.0
-498.8241792396693,25.848516037712393,6.348594161867264,0.9996166488575079,0.9050438840891583,2.0
160.94602430562634,-464.78601750428555,5.945651725290539,0.9986803299761418,0.8547753578538414,2.0
255.84715785762623,-366.47132795589613,4.986377186082332,0.9989213480704828,0.8867533373710991,2.0
-423.89259429192543,-288.8836737640726,7.233145507441227,0.999430634217951,0.913663645927191,2.0
488.4113633193172,60.695938529598926,6.337215688563681,0.9993755955974875,0.8872136255725439,2.0
441.54464434403434,344.16246366667485,5.484227511279444,0.9972501512495422,0.8152641168145086,2.0
-26.758591254386776,-496.49208777393267,5.21979806084093,0.9992829677128245,0.8806892708814065,2.0
284.1531301378579,-366.30009074895275,5.648638457864778,0.9993440268887279,0.9044468140768562,2.0
-423.6656903106252,-43.798181438339284,5.082431421550932,0.9991167974792404,0.8717144626326659,2.0
468.58280495539304,75.38983426866406,5.995431695703448,0.9993820573897463,0.8866552747483422,2.0
-155.1162318073359,558.8025495896231,8.01618145099186,0.9992701596321386,0.8812756161263577,2.0
32.98846058877964,582.1148069759034,4.676429892479418,0.999233277817842,0.9014939572274564,2.0
-165.65298532151206,468.8683419380881,5.518796680357871,0.9990288248694542,0.8469676264460604,2.0
484.48694080209214,-164.2891411170041,5.714444380839357,0.9996361661323034,0.9218915193079087,2.0
-484.9244546969583,-42.71114571498244,5.533654087263903,0.9992215173881924,0.8766245445192113,2.0
470.59859657316724,19.583133525807106,5.69956114770509,0.9992277584579798,0.8798521477476504,2.0
-300.43099513879247,310.1077630652824,6.7163915298858425,0.9996379045090651,0.9148639496912867,2.0
-93.0303983946842,-569.3462353456846,5.929414246296547,0.9995345015963708,0.9208275485968772,2.0
203.30156319225213,532.5411126667407,5.483445535878836,0.9991225592796092,0.9190400085972599,2.0
-93.9422787139708,-552.9084237080875,4.819031490141033,0.9991222514404655,0.852093534378773,2.0
-393.13991947532384,311.08227498978437,4.749365011590726,0.9984767174984082,0.8476866965267977,2.0
-214.8468937544709,373.74486282068995,4.7410016253654295,0.9991792530873265,0.8962841819236115,2.0
544.7424357984141,-98.79968363459761,6.7971576929921955,0.9991654177275339,0.8551459812938031,2.0
-269.1864839876893,-393.9139587442346,5.114206489401977,0.9989842039914958,0.8723861525096788,2.0
38.881189769709245,-537.3501333400948,5.769674089547079,0.9994253514028557,0.9103336226497669,2.0
65.94179572757055,-448.7852388142213,5.690858812956751,0.9994314335457212,0.9082134318512461,2.0
-442.97019990884183,-230.20894646692471,6.230971317807763,0.9995624236426585,0.8896515050432164,2.0
-430.4157212762879,-219.0666152812715,5.481488094128504,0.9988051431595671,0.8674685333233159,2.0
-205.15604202123114,371.39835547554856,5.198898334368139,0.9997063017740604,0.9289394220228435,2.0
347.6520297502179,390.6879592894544,6.195340022281488,0.9989801495907981,0.8345422969561306,2.0
-452.007342579328,-17.197416417859053,5.7229920668676,0.9995467206659758,0.8808490782164016,2.0
-210.3313361437422,-567.4287465544666,4.698021213733293,0.9982897824584437,0.8677774206023516,2.0
-313.25453659651816,-417.72055741135443,5.29137169008762,0.9991069790418563,0.8745583657117416,2.0
-334.9800989480742,240.31532449669314,4.1753764051174995,0.998757818080062,0.856701948153634,2.0
16.06502705702735,-520.8607022532233,4.842159811032517,0.998687994169695,0.8575119877255006,2.0
-389.51869112756583,-323.393869006816,5.037525343177324,0.9994328491744453,0.8914802952596149,2.0
-448.68037832842964,-159.1865211801414,5.586052727533968,0.9982034248484337,0.8659727662094743,2.0
201.96400646030062,-461.3828914995934,5.4672684978666535,0.9987793932955525,0.8840919238504278,2.0
34.30738560701991,-429.57478976160763,6.185570803481095,0.9989565113521938,0.8665297096766019,2.0
-140.67239937574584,350.5840089345873,6.342448437790527,0.9994547001992676,0.9111886108782689,2.0
341.9846917162998,283.07174657357814,4.692496448831246,0.9977413513089158,0.8274975101922691,2.0
-241.32398887053603,-534.6887460074337,6.74856186078618,0.9993328829468738,0.888953475371067,2.0
12.993496018987663,-490.8278346249842,5.514632534223372,0.9991258585027546,0.8944500078047098,2.0
-11.412409380063071,-505.2389251749734,5.506164584875458,0.9993255793730221,0.8887054762223798,2.0
405.9436053094082,-343.37497961009973,5.11984964788916,0.9979013035058096,0.8370126034216999,2.0
-258.30297481838375,258.72162798234325,5.652191446936848,0.9993113443421718,0.8664341936368619,2.0
-397.04097152556596,150.31929975035752,6.392878816159277,0.999348644742549,0.8688813671906699,2.0
327.67943533132546,397.3676158708393,6.378977589515135,0.9991822231352369,0.8750849580732939,2.0
-436.7721524112705,-208.55774401772788,6.664826527646669,0.9994524060938644,0.8918052457045149,2.0
-225.4318224998403,376.33101712032675,6.202035262358982,0.9996055617778496,0.9069530644625549,2.0
-369.71916155209146,-306.4153847457284,5.2708180053611144,0.9997345517180652,0.9288810118421003,2.0
-61.38186657798493,563.4233969199357,4.9597151646352335,0.9984360245976865,0.8486913822394587,2.0
-508.388061512086,16.762080801756593,4.77068172561657,0.9992423087103026,0.8782866333660245,2.0
-461.2617157470417,-92.24126027306619,5.436919982724295,0.9992314766700434,0.9020507332931711,2.0
456.6906295659156,224.88730403232418,5.358614236690608,0.9986185166706664,0.8280053554095032,2.0
-407.850926121613,-273.34391809682705,5.020208203815968,0.9990293239810794,0.8693162124271928,2.0
413.04098870081015,-230.42384271144223,7.147453900273277,0.9989120362667651,0.8628811701266983,2.0
34.615514268799004,571.4553379963362,5.223075071075901,0.9991740772703764,0.8987939259142934,2.0
248.14670384445895,533.1096091098344,5.2651412845087515,0.9993744069258818,0.886766800899638,2.0
533.5595433255509,-99.4064561612058,4.474781569540087,0.9981207683358738,0.8369607085365258,2.0
545.5685769471941,166.1009363618792,6.403906182460428,0.9994047974643601,0.8922596306355909,2.0
425.49792334716204,-282.372555557699,6.907828971900211,0.9987584975547551,0.859796659677442,2.0
-91.13651683801982,475.74023669723175,5.964320958768148,0.9991178316605385,0.8720540891332837,2.0
32.814961031273725,-528.8193702159941,4.7500964090615305,0.9992647373864514,0.9010937323580356,2.0
-409.33080527239156,130.4564577508774,6.380431285534616,0.9991752485837734,0.8962606332670193,2.0
398.2694659209797,-384.7930153989647,6.892799440386725,0.9997600185802388,0.9181147468356111,2.0
14.867841545591697,-473.9973193215747,5.688727291057963,0.9988094182373619,0.883831896237097,2.0
449.79755496631947,-301.57524514138777,5.797998459557871,0.9993603855249557,0.9271770033922543,2.0
-243.86549205211855,-491.31284457800257,5.242109775618825,0.9980045409782999,0.8329147499806191,2.0
-403.7001839968579,-297.9556043478086,5.52547733952904,0.9995097246648463,0.8957941777065372,2.0
-147.7025632385836,514.419463374757,5.411110214623948,0.9986385931004181,0.8515648756501288,2.0
-220.07145821538418,-573.2450153971953,5.687138868222373,0.9996068010481414,0.9219628398906424,2.0
-15.761660229701933,-515.34218701394,5.555848773715685,0.998932613631841,0.8631432434482308,2.0
-318.41859551426813,318.64574022126965,5.727663050568557,0.9996072043626933,0.9193793397113456,2.0
-498.9677385193026,14.594901145488691,4.927615365207076,0.9995648842040085,0.8988345835125314,2.0
247.72240111117014,-393.2138181517263,5.512354160869048,0.9995836233032133,0.8895668635541735,2.0
-206.16610952849223,-556.5517645281496,7.027461377525134,0.9995387441056877,0.885286527977749,2.0
-40.570490284600616,532.6445722508831,6.679681972985869,0.9996706231166987,0.9099087880207887,2.0
443.74729918335015,334.3705162815452,4.647197714414569,0.9974849539413588,0.8178694525145516,2.0
-82.190637745489,-567.9630700719922,5.059964842116626,0.9990064606872973,0.8744038390960811,2.0
12.923738654086899,-500.84651600339083,4.573008705025199,0.9986534683823074,0.8560696927169558,2.0
-149.4679777151839,-558.1495974536476,6.95456151929127,0.9996161704877502,0.920589262846675,2.0
127.11212404022451,-445.9907474154621,5.9326393548670024,0.9991401021565143,0.8794621492370301,2.0
158.1699451015739,-455.5703701921881,3.7473894372414427,0.9982409505353581,0.8665941235249768,2.0
-455.7794839050259,-207.27065155984224,4.682735469631465,0.9996515595691707,0.9235182869284178,2.0
270.11358767844564,-351.65347188984475,5.477458397650469,0.9993483436644156,0.9042424624372432,2.0
505.1949913102664,-68.4585710813581,5.710210572677204,0.9994828550104852,0.8951674936599677,2.0
402.20304540265124,-326.86811358638965,5.0198633093238785,0.9990046628819899,0.8714561575886793,2.0
-156.03220369859466,545.1338448251335,5.78292616539092,0.998552583224175,0.810571272553677,2.0
-230.2976402031397,-538.8811557603509,5.130580025862494,0.9989280327268573,0.88868383745743,2.0
357.8021196142653,-387.8081232985818,5.9494980988795545,0.9998331629414484,0.9280641070102648,2.0
-443.1469203228295,-266.5924342392266,5.509564973303275,0.9983332092012925,0.8307754626728853,2.0
76.07213055738384,-420.831958215482,5.656623733340695,0.9991517672141554,0.8995127085551179,2.0
-343.3798252503804,339.0416371834151,6.5535552845717415,0.9990417896293933,0.8506116132120614,2.0
11.498504994555807,561.648602633588,7.215587343910403,0.999594640603716,0.9070850841938713,2.0
-445.25514275263464,-253.73175498644244,7.537976173454925,0.9996373455901478,0.9273455618725278,2.0
-513.7641409320197,-124.67867068789829,5.202599477643286,0.99661524031983,0.8011478097719025,2.0
-166.03431428790168,479.87807661426496,5.54857358189206,0.9992287960931986,0.8794124630304014,2.0
74.21413524943252,-432.3833683717227,6.072172044149177,0.9996774009973627,0.9246508901286956,2.0
-312.8302695164124,-356.43412708863184,4.930715865285326,0.9990776439936869,0.8741818407510985,2.0
-438.12935034058376,-59.63689105011115,5.637752364350275,0.9993981685657365,0.90806953384307,2.0
-326.7367696180574,-403.7613207592847,4.924313448659845,0.9980261174307887,0.8331303272131028,2.0
432.27057657215136,-317.6785700439871,5.675069544797235,0.9994541869701933,0.9313653514192589,2.0
324.14269751169815,-378.985345216856,7.1780353476685415,0.9994417081476898,0.879322898197273,2.0
-102.69457386293598,-557.3900223929452,5.066645258265899,0.9992158260896056,0.8768406791699528,2.0
491.2522359795501,-110.59563127137992,6.290607275730746,0.9994496965456032,0.9122993417754639,2.0
-431.9202718769877,-278.78888906360316,5.690749066872271,0.9997460919593392,0.9299175711316732,2.0
506.77595970530535,-160.7410355916894,6.629443204946387,0.9996300583478696,0.9225831434809697,2.0
481.7908508649663,-176.12664325368607,6.464271725682974,0.9997641856724477,0.9210506333887738,2.0
458.35870376979653,245.51260899764105,4.490460340194779,0.9993465324547175,0.9041694263810905,2.0
-366.38786367738635,238.95102727393473,5.213976352386215,0.9991888596586597,0.9220488169201823,2.0
-387.1725256067886,157.38835608465965,5.806082049814085,0.9992839410247851,0.8813882825686272,2.0
-459.6346705163236,-159.76839544109598,5.4750647176434395,0.9985882547788005,0.8507044049943103,2.0
-184.5211596440054,-484.0351919320486,5.518035581737193,0.9987160411102394,0.8588694179858094,2.0
-404.1182857125956,-204.43255528350846,4.068444607066271,0.999253387588278,0.8797683637512608,2.0
497.00904749522624,52.67421467359054,5.482484398645126,0.9990559511121266,0.8485967485633332,2.0
-501.2739477213084,-26.69319541982621,5.817500509170228,0.999622222323847,0.9201433160144992,2.0
520.9285178445441,-63.97821703484914,5.718995739131458,0.9992506211337577,0.9007461249162771,2.0
-31.81024019783123,156.98317714156008,4.093240920401137,0.9990417981532315,0.8910263367171285,2.0
-485.19682670883515,-30.735746097099216,5.104445158546969,0.9995264433622435,0.9146100522447245,2.0
417.4566630325167,354.85581149165967,5.544191678728118,0.9989570892883519,0.884830753280424,2.0
-431.059678185093,-230.22793983416832,5.715485534952323,0.9996549270473042,0.9259096110192754,2.0
-171.9272368154004,262.0746374452119,4.857615975746828,0.9991127863757484,0.8938277735224439,2.0
3.5717158756952383,552.8606707593976,4.397946784728191,0.9993311913454469,0.9053063060220976,2.0
418.89790216727386,-138.4416784296325,4.402314007178343,0.9990066334634251,0.8698378254810231,2.0
-219.46053086804966,-561.1393223671158,6.456636215004575,0.9994263423077273,0.8923053358849974,2.0
-459.2393491844772,59.10021145602794,5.607928885941723,0.9996058957946611,0.905757203309746,2.0
-372.4872802291204,-379.4833002300652,6.310296739751912,0.9995906998801479,0.9255131499363578,2.0
-426.78416052004275,-201.75094105494767,5.476222376681243,0.9987191711235689,0.8550817087087069,2.0
395.0141788102322,-405.00947462807426,4.4551233908609476,0.9995501814298202,0.9164665796569785,2.0
-30.06362057621957,-592.5978012563304,4.817981943357111,0.9984591572894844,0.8722868979972094,2.0
-385.1033651266842,304.38251926820783,5.767366854389892,0.9989647596599768,0.8446599956648161,2.0
33.035667279427734,-506.8674656490913,6.013394086330163,0.9994652176291876,0.9104763352277926,2.0
-155.47041525421741,451.2733559875469,5.037375520531601,0.9991843096355193,0.874723058162497,2.0
132.78608172352153,-436.29159316962256,5.371330869519636,0.9984780087686654,0.8208184776102143,2.0
493.9990076151558,-173.3311205957706,6.068595055497687,0.9993802958256748,0.8953302251046011,2.0
157.46352770782715,540.5349451533978,5.119332066159339,0.9996766031552282,0.9241488863991156,2.0
431.5598847291524,289.26344132337806,4.734307282988774,0.9975954788081738,0.7963906562220374,2.0
493.5797350358967,-40.247613577011535,5.695851577371876,0.9997274405503693,0.9302026451922012,2.0
-467.08433193794997,-101.37954443957213,5.461760719458058,0.9994277528211075,0.9103600913931108,2.0
-531.6687278635004,-129.404984598752,5.5099868668994,0.9991202484217978,0.8734232442717048,2.0
-250.8326879703817,250.44659184201677,5.539512161966832,0.999518819872615,0.9131483988727837,2.0
307.32526568124734,-365.02318984048736,5.016909283666202,0.9993725772242416,0.9065912331843806,2.0
338.61247331087856,409.61924625694667,5.449698328743462,0.9993060592271598,0.9253491218375767,2.0
-410.5318212308595,-307.8610834523567,6.549208974184042,0.9990245701173319,0.8694236664414294,2.0
21.884170032687372,553.9873891892157,5.453640481363773,0.9992162517356811,0.8993132838067907,2.0
546.9809719746246,153.41487935671904,6.426920582658937,0.9996426937427408,0.9256328598214131,2.0
262.3623591589472,-376.8022613581162,7.283321660043363,0.9995937967965017,0.9007273399162153,2.0
269.72343955320343,-364.31948416883637,7.2487014057385375,0.9997097649540466,0.926615772886597,2.0
-440.25586823319634,-275.0459921703678,3.4833425006650165,0.9985017139579346,0.8743229560526302,2.0
-400.304848188477,-212.6256253551225,4.998720641654628,0.9990787867769461,0.8744773363691426,2.0
235.31097643582353,554.610028379909,5.06970722738271,0.9970369177466156,0.7832908451366304,2.0
394.8243483279898,342.43289839523965,4.24823771145246,0.9988851936134424,0.8866879971073013,2.0
135.42767578884818,603.727170107313,3.8771175368265407,0.9982995319022757,0.8421150692540699,2.0
259.1645717308699,-394.03213461456033,5.999461755421271,0.9996629031698311,0.9230224026572531,2.0
-474.74773882635685,-168.46667037724944,5.2979049931493165,0.9990656097793237,0.8961137790405315,2.0
452.25246875713435,328.52724145209714,5.756138855662252,0.9983714480524192,0.8424437470719645,2.0
-447.0350161561188,-202.07482145824278,5.507016552548265,0.9996923951572148,0.9169983735054688,2.0
188.67401882090655,-417.19051327407544,4.92019988818902,0.9987141355423658,0.8796138983795017,2.0
456.08403078397424,235.74045955891665,5.576670416301679,0.9992868075682789,0.8701368579274184,2.0
419.4678331299214,-164.9425384341547,5.97410065863469,0.9984068310962597,0.8217196700872043,2.0
232.19779727418526,545.08657223176,5.036239825524621,0.9986223428230282,0.8535099328056004,2.0
152.45214592679102,-471.70656297843044,5.119935095417784,0.9976118378538658,0.7945009933954859,2.0
484.95852355938223,-206.48635968835734,5.684838653045205,0.999184186710867,0.8965619636873295,2.0
83.71158529493758,-439.8921210194949,6.078802613170331,0.9996880969031894,0.9255170807491628,2.0
31.92947174646978,-453.0515765445117,5.013642522348937,0.9986712361154428,0.8576379269592752,2.0
-513.5069325653357,32.76833900893889,4.175003474293862,0.9991820514569355,0.89681536624029,2.0
-185.49586694484097,-402.22911717868305,4.289295088423626,0.997840057064829,0.8307584204580057,2.0
373.99420034861777,-285.33061450025514,5.8882160031527215,0.9991621369373944,0.8787959398818893,2.0
337.3578408460158,392.85232684292464,4.364090793310615,0.9990938144407807,0.8946695955962571,2.0
24.869785303052314,-492.6164436073103,4.768451389289233,0.9993395230000857,0.9040574536723,2.0
-182.88038932631304,-564.0138379270894,5.486500283562851,0.9993192099325591,0.9044350669975736,2.0
149.03755035641615,573.1092271801471,6.444335971524325,0.9993197803680488,0.9026681821279097,2.0
-3.4038435854002977,575.1064990604962,4.828480656451183,0.9996612816621652,0.9231715997575142,2.0
-405.86898993351735,289.69342101169593,7.215136379824782,0.9993362032637398,0.9045177432127904,2.0
-147.05917203089678,538.013880781972,5.712077448309351,0.9994399492925303,0.8896278636793565,2.0
-329.0904599143651,321.59865182194403,5.392779935220176,0.998588599243059,0.8269796241881788,2.0
412.58311221210187,-262.8447537858365,4.980611102322024,0.9975657792051653,0.8234253666210449,2.0
554.7021021461054,-90.40669013573908,6.267723753668512,0.9995955379471209,0.8918687186910534,2.0
256.3242605488363,512.3553969600976,6.495370768214866,0.9997362745837988,0.9305412963608255,2.0
-460.0148133786346,-274.957068274394,6.001260540260811,0.9993088056673352,0.8898275566341396,2.0
-313.81441426735034,340.0722680811892,5.774627275411695,0.9996763959034953,0.9240819404321045,2.0
-461.1315884745029,-46.008661153029315,5.9788927684766175,0.9996853058515005,0.9252637371337123,2.0
-415.8800899132823,117.88794470847392,6.3901042118037354,0.9994106341170736,0.9086751896103396,2.0
-513.1329807333237,-138.8782883202642,4.584132309880646,0.9996333469586248,0.9211206121255793,2.0
-131.90612143902368,-510.5598151362645,3.7633818448633076,0.9984257458888628,0.845081938045856,2.0
-245.6171689832562,-524.0490628970757,4.780252488936734,0.9992234094871094,0.9224004404352292,2.0
-370.1274422950649,257.46922674825913,3.8796629093077684,0.9988094838619305,0.8850631804389255,2.0
-176.98945217728357,478.76076390859384,5.517618608075125,0.9991436449008739,0.8732531320602941,2.0
516.1217062199877,249.80039557621294,6.8590902027398,0.9991476063637844,0.8734444700269334,2.0
-206.93929195657134,413.72466174570474,5.7355420034213465,0.9988711642903256,0.8686190919335258,2.0
543.1627252445875,142.33367811609685,5.314340718927676,0.9994534308041958,0.8811165948065948,2.0
-225.42617659327573,242.23071627467553,4.810527942268264,0.9996992530730767,0.9275062951237233,2.0
-8.373577918607682,-599.7615340871607,4.7871909035072635,0.9991378810669678,0.8736172333566684,2.0
295.1026672971667,-383.2669522651862,7.677834754125344,0.9994343120595968,0.8903755618839897,2.0
-174.3007471728831,498.3773031673515,5.527341164169105,0.9992342031664903,0.8627294951137603,2.0
-40.2842927451113,-482.73423743133725,5.352580114931965,0.998675477893153,0.8573849607272367,2.0
485.1962936254462,-17.930901300350445,5.633128340231319,0.9996822187036875,0.9252412880575605,2.0
535.4516951460865,-69.42545128864721,6.627093564524611,0.9985659999084616,0.8302988210312737,2.0
-396.6851242070456,161.10719379339784,4.4449983348362,0.9990522510207775,0.8683247995242686,2.0
-462.2683910627461,-149.48765382898557,5.195668332173225,0.9992316653284621,0.8986815071904077,2.0
484.2752213196606,25.794803347245438,4.952263037355128,0.9995283559717381,0.9145508245533633,2.0
-358.9203396269634,-277.38118870512955,5.608336576585647,0.9992662185705414,0.9000386787040194,2.0
24.694788522033733,-461.5618241115829,6.199639505055375,0.9995306066439362,0.896413996826187,2.0
257.0685919612426,-420.0626800387763,8.782476463073372,0.9996762995868188,0.9243811906480479,2.0
-465.97566007137164,-111.6063829500156,4.88653655920809,0.9976499735483875,0.832609307072867,2.0
-470.59201677845067,-158.38866075195602,5.636921053714192,0.999359253931372,0.9065971327150584,2.0
-449.97511089764276,-41.27893653422233,6.0366447913580705,0.9994658075797647,0.9313572425563488,2.0
-241.2542317792896,372.9917983313569,4.4549303902754405,0.9973274170514634,0.8477826505497964,2.0
533.7953813275583,163.14054502079333,5.77203420451877,0.9990205698312347,0.8710229177078656,2.0
-348.8685993289268,-360.3436505778714,5.452636187620406,0.9993769083578318,0.9053603742061137,2.0
-466.12493681995835,-205.3762559353241,5.871139687149281,0.999585639259145,0.9180464533765871,2.0
322.24141434735714,-366.5276212170866,5.4765781296988125,0.9990166138716473,0.8459476419431498,2.0
394.8899086736488,-347.03383291314026,6.605452767479295,0.9992454861095609,0.8773883045416536,2.0
-174.39607113199926,510.4705488082531,6.635090988263653,0.9995969897263741,0.9070374007699213,2.0
445.87251958207065,-318.86999181336296,5.828640276317514,0.9991737458430959,0.8785367759253693,2.0
118.16757879059695,533.4612418146027,5.498119121739699,0.9991358737574699,0.8527179726919338,2.0
-422.21030435001353,-304.1264704582883,5.79977804739732,0.999186651219538,0.9210814737328068,2.0
397.0784208398197,310.477966160893,5.4488237311470495,0.9988462125026462,0.8854503558443655,2.0
411.2571704814053,-145.85317060626278,6.27178892320169,0.9997447267444487,0.9327863523370945,2.0
-176.25263789610034,468.16085527464594,5.169287228630249,0.9988240576533494,0.8366124095200256,2.0
111.45061100515473,503.0379436633439,4.457830505137388,0.9993186750643227,0.907567961914935,2.0
-385.25827569759593,292.37182662440193,6.313052006396032,0.9990736595240723,0.8517235967791525,2.0
-451.3795206813124,-53.58613983163442,6.41686507677211,0.9992105379966988,0.8772509306413523,2.0
321.40650835585996,-404.163082086805,5.893600918047264,0.9998209208968245,0.9289705535674836,2.0
279.4603953407343,-356.6292141473883,5.1584935616858285,0.9992925822733543,0.9013951506932419,2.0
118.894813271283,574.2768624894426,4.526214840353247,0.9993596484727759,0.906731517638613,2.0
314.3074171298614,412.51079604699925,5.030152472048036,0.9992008755646284,0.8799409926919022,2.0
-13.818846849349276,543.7980004495182,5.45073303215644,0.9994304543786018,0.908420983494339,2.0
159.18690526990991,-480.3096343771533,5.89516194229838,0.9981075244768322,0.8667062908538742,2.0
160.12681810190156,569.3239044678721,5.34884681091875,0.9988543281475855,0.8615824265690674,2.0
524.7207485324647,225.14555294266867,5.761188143233754,0.9986723823548613,0.8373857015254763,2.0
-244.320897781314,-513.0926513543894,6.3207508466934526,0.9993504377691919,0.8867198968451966,2.0
147.47314660918917,-461.9981579292908,5.844963818456513,0.9994904346192041,0.9124795795089914,2.0
-172.75130296569918,-557.0685021778186,6.831897757557984,0.999562392631466,0.9175936753977681,2.0
-29.393555555037477,502.3163292425151,4.74586030485724,0.9996808391021488,0.9273625560612004,2.0
-31.132298855299528,540.7781089734151,5.829051703001231,0.9992322790057144,0.8999219593848387,2.0
424.3902701278328,-225.28498826955695,5.392414534616212,0.9989985588738048,0.8904595873078816,2.0
-458.670876340108,70.2595485260317,5.5980201088707044,0.9997400548047148,0.9156161744475725,2.0
466.9199807933043,229.33499580429745,5.851539275485769,0.998842586401866,0.8449937039279852,2.0
386.84009313414265,338.8255817915458,4.558583810049173,0.9987039890580841,0.8547319878868003,2.0
3.685794022347162,-469.9529378018138,5.67717461498113,0.9994443392897685,0.8932729824509069,2.0
-137.08822250186105,533.6155756794774,5.237889392772188,0.9994729460467482,0.9318228444938538,2.0
309.2949561484797,-268.7312520980587,4.908957491824493,0.9996189714655115,0.907553215127989,2.0
142.07058353300434,-471.7556075669596,5.346145706911123,0.998498383890357,0.8239369724319151,2.0
547.3851995169656,-71.11982088545277,5.491498448287601,0.9993530747428672,0.8875298112764166,2.0
-448.9965892340172,-275.30017665338687,5.0344180980043705,0.9994729880931154,0.9166221392433921,2.0
259.18141898061185,534.1359116424098,5.7348755138393575,0.9997247037944769,0.9171744371355872,2.0
-208.66122741677188,-432.51128936027493,4.592085192896327,0.9976531209518302,0.8220402629971563,2.0
421.8443990903713,-310.89082655785296,6.837387319646474,0.9993943909219873,0.9062018259167439,2.0
36.05853830054502,543.5332359492539,6.88872975938831,0.9997430674871723,0.9311276373778841,2.0
45.10480599396685,-334.665587626522,4.635112709095522,0.9995068635744786,0.9130079413422773,2.0
265.5092836989508,557.3118354432481,5.10320983530882,0.999057022719657,0.8921271468264002,2.0
-458.60414770070497,47.37462250174967,5.231594553627457,0.9997376462592785,0.9142237414602776,2.0
310.06708527856927,445.6369006819362,5.2742718539078055,0.9986179313961538,0.8289385685692825,2.0
-61.917867776182234,-530.2711829496168,5.897961818612241,0.9991256222535156,0.8525397821999793,2.0
318.27885322687047,-3.816822607584445,4.646963522357718,0.9991456772137763,0.8949031160006836,2.0
544.4320835058954,-82.77420450044912,6.570684032186222,0.9995700856719412,0.8831095454863331,2.0
-494.6962294962905,-36.541840843069046,6.072246327861712,0.9993740718224233,0.8671013439692487,2.0
-383.2811884119764,242.83382078559296,7.122725571862338,0.9995665574072761,0.898519047388809,2.0
120.44274209331878,565.0591226687393,4.850834866455455,0.9994294906608955,0.8736663711479251,2.0
295.4751819426899,460.07997228617694,4.901433815693061,0.9994715929933495,0.9136741800213178,2.0
71.88602466088388,-409.9415395953899,5.908289268479651,0.9990841815980376,0.8927740965835579,2.0
545.0143237513676,92.42600527750382,7.077607392029278,0.999377437075865,0.8607062985608663,2.0
254.0464736661838,524.1259355105752,5.539888854172873,0.9988544150003144,0.8446125025479125,2.0
-531.3222846318391,24.32158208473394,6.270902495385373,0.9992677237307728,0.8608253049359734,2.0
252.35116961315472,542.7563492167974,5.298259098809908,0.9994625343582779,0.8915759220909152,2.0
45.0297166307788,602.2817042953171,6.542773773623503,0.9994707727967229,0.9157276246250892,2.0
526.5790356299257,64.9771490547601,5.983605068152468,0.9993176185039717,0.8828003683419061,2.0
13.026886794074677,434.0338336072029,5.408834394797767,0.9986379664261164,0.8549851113524001,2.0
-285.20116639478016,320.0723254309109,5.869922636685382,0.9993156631818684,0.9041510327069804,2.0
-473.86807576321235,27.195759705979583,4.7082493062995825,0.9989727897264842,0.8456791073829824,2.0
542.0844113994008,-58.16500924110413,6.5658565655961025,0.9989126410843903,0.8747218132432868,2.0
-316.85063992873137,-266.8227337370068,4.710367327663906,0.9992363092310522,0.9014390239246367,2.0
-346.2134609527701,-372.4589186368028,7.0018440146915335,0.9997568734832993,0.9312294298130246,2.0
80.50338912510536,596.5004968661368,4.926577177010913,0.9994807152683212,0.9121791575895022,2.0
-310.60595906396003,312.68973066785816,3.7996950671247225,0.999564673650552,0.9165881660578791,2.0
416.4069781309595,-344.9830837098395,5.494226939515177,0.9995438111576579,0.9164459318324515,2.0
412.3533223649785,-333.2023111710901,7.015171617131505,0.9985447986618462,0.8284893231600801,2.0
334.29592550515116,420.2892447195898,6.139665634593372,0.9989450194487511,0.8637455036195343,2.0
27.00722739972397,531.8498205217699,6.131419924223584,0.9995177590830564,0.8963980772342137,2.0
437.6713432285851,242.63567610555117,5.41016482626778,0.9991631071545589,0.8756227693109997,2.0
357.8579090569802,419.80389250031567,5.346464126321186,0.9991481000738045,0.8952589382512375,2.0
545.298815096814,115.27508210051575,4.726242141734722,0.9983080599715755,0.8420882260629406,2.0
-197.91667972861066,-583.4632412311578,7.172436041351466,0.9989996660323106,0.8669727363583957,2.0
262.7204785679951,-406.8696505578338,5.641650577896971,0.9985433304636341,0.8489268162959406,2.0
309.4501903029308,-355.5535255723985,4.721706316104198,0.9995342102869369,0.9142175079434047,2.0
-184.41241735737808,462.3936268496025,4.865847187994553,0.9994446632458208,0.9003506913307697,2.0
38.748806500123656,-478.2658634703793,5.427332300465887,0.99928368090901,0.8666968973688228,2.0
264.6248187281183,545.4415999430958,6.8472023327397435,0.9993091616849771,0.8645549393276967,2.0
29.397674669384767,-479.35870646936036,4.044478488737009,0.9984285226690056,0.8467952015839657,2.0
-13.329256378546246,424.25237660971436,5.5603791524280695,0.9990899498707744,0.877228831830455,2.0
-417.88235520065723,-317.0572146161593,5.312806107910621,0.998381520059351,0.8669171528045193,2.0
-481.98522666488435,-197.853354725111,4.696999787711241,0.9983734862132532,0.8718445130770481,2.0
-458.3935765945584,83.35646611279178,4.628028848187538,0.9997184585860697,0.9305423354357671,2.0
281.2286017178148,425.4700981227506,5.207863545798812,0.9994865611969034,0.932750132555954,2.0
149.9794415918462,-294.96454824552825,4.38464627289711,0.999526586838645,0.9157870848579863,2.0
35.49623300246858,-461.76981005662265,4.442972446191689,0.9995303682118225,0.9140806692797028,2.0
86.88475421604784,-421.1888032903169,5.2438696522976205,0.9988487703732492,0.8844650887009364,2.0
502.89330567908183,252.34354365556484,6.663980140260917,0.9996827900394178,0.9256112914751201,2.0
530.5069275194909,-58.894534863071996,5.052033580531526,0.9995265153170909,0.898477395477793,2.0
-87.85359625007709,-560.1167428219388,4.667051164770087,0.9993940504099598,0.8927866690282744,2.0
455.5012446451442,318.64560658938035,4.741224641758069,0.9985605376908062,0.8768696994378207,2.0
-20.96619167329115,-598.4079793995054,5.975335565854273,0.9994948375273166,0.9168251249206268,2.0
-181.90800483614814,448.88443281897474,6.377546302309277,0.9993407195624977,0.8835693197057699,2.0
-475.72790108363836,-108.09395526305558,5.511088675692164,0.9996734604916232,0.9085115584430001,2.0
-485.2999925921985,-151.76846207923097,5.637709611906712,0.9991754988969793,0.8963140409359363,2.0
451.2777559694375,309.89742517394967,5.05204802275274,0.9980203218366347,0.8319257649752702,2.0
-349.85954392012616,-388.92132030101004,4.947388313248587,0.9988375895336725,0.862469303075056,2.0
386.1911320271444,-401.5649375870724,5.052820595110509,0.9996531503866573,0.9221816258129588,2.0
516.6899681596201,58.11539945217904,6.119383981614649,0.9994222963188457,0.9081300469397228,2.0
274.5737666980267,-389.31098373320833,5.378353127463529,0.9993082615015149,0.904482532959667,2.0
-518.2705962558625,10.360271331856076,7.0455604274965316,0.999717669812843,0.9119222826888023,2.0
-306.21664433835986,320.5773808916785,5.258247711723414,0.9996475891705731,0.9080248613302131,2.0
128.50106962727884,512.5711110771747,6.589376733251193,0.9994173578173486,0.8894510743374039,2.0
-298.5184049273438,22.037815127404492,4.536415559836626,0.9983490756068739,0.8711034962814369,2.0
-215.61610587169935,-465.4725716378505,5.876670035511326,0.9997250872423531,0.9323916648348611,2.0
405.56642828027697,-355.4302601467418,7.03462056699396,0.9989220551355831,0.8639034689102699,2.0
469.33829339135406,250.21498623717432,6.4298621686046324,0.9992379402559337,0.901067180353396,2.0
-224.89659943908958,388.0853751644399,5.621440809555868,0.9992839952738516,0.8820869955648029,2.0
-295.99710931187894,320.8934924089463,4.998583560143554,0.9991856081922039,0.8760402069577775,2.0
533.1075904576122,75.33493749209399,6.306886931349956,0.9995556821151121,0.9155344932036342,2.0
-227.6328925372948,-567.5483883526502,3.820552068321224,0.999193441400057,0.8972654297673301,2.0
-185.70401674242476,472.4233777374015,5.250281394187488,0.9996183803485793,0.9307136290173476,2.0
-258.4752084895785,-412.94850033322155,5.221061204178208,0.9992841300922882,0.8804451585787125,2.0
-246.21734166840534,306.24112012223424,4.479725238460743,0.9989042778538446,0.8626621500619293,2.0
-268.83413682800045,-413.32633194153465,5.1941067312846005,0.9990843415820185,0.8707228357810926,2.0
435.56860249745654,-216.82398619761565,4.758486203907459,0.9989373705968604,0.8668612543786819,2.0
375.90196947626487,-375.6358412599015,5.1193198326267275,0.9992337897233986,0.89980907821903,2.0
-453.8299549869749,-284.939109254907,5.800654233261794,0.9987085023516865,0.8315549712725334,2.0
-175.37961541983896,-413.47794022551966,5.4056531217988795,0.9986470011819026,0.8585287668054301,2.0
442.9116562924509,252.28371912159372,5.631610886601761,0.998964380318834,0.8645520419418284,2.0
274.44785452960326,476.0916083845478,4.848127268223059,0.9978563388668323,0.8120413443914263,2.0
-247.62449407229897,-501.55869882235044,5.74616268016,0.9992706815610878,0.9014674688300255,2.0
-126.28498240334346,546.6809794524729,6.149463616183376,0.9991991347153889,0.8763132925062038,2.0
-478.44000622610656,-207.03207149198457,5.2135303328497145,0.9992721492222568,0.9027237309041458,2.0
319.1759041980282,440.20554431767124,5.379476956329964,0.9994570046371292,0.890880974685692,2.0
178.8079558108749,542.8220819943938,4.574519791835097,0.9990027474225598,0.8685804471824902,2.0
-184.69740929345943,-552.0573294094628,6.195810701220023,0.9994910254830071,0.9326053173179729,2.0
151.88758784065527,552.088338316658,3.9432428747170682,0.9992177074538063,0.8824483659002315,2.0
-266.09624334037676,315.5743029423923,5.711757611084718,0.9991778487150891,0.8742109642721283,2.0
-433.7643744987215,-306.0844292292072,6.0033004272104655,0.9988839763498973,0.8641883393076951,2.0
279.4899796677469,468.4109940865845,4.373821527414255,0.9994274602074426,0.8901070468078276,2.0
458.44013895026666,-181.66535700029323,5.96919289387784,0.9995593871847231,0.9162161860094012,2.0
-228.40132693333092,-432.1325391103226,5.244975011812798,0.9982740570939825,0.8149455774148772,2.0
401.14283642245726,337.36834587679544,3.906047922875889,0.9980251415332323,0.8337841038100935,2.0
-446.52604819034474,-188.81769825470062,5.309322639300681,0.998652417235974,0.8657759955853452,2.0
-353.6687874910471,-292.37647216526983,6.043776694706011,0.9997529284035929,0.9203368309945126,2.0
-382.1319199137755,255.05750219340086,5.20173865984785,0.9990516320035051,0.8682694328149891,2.0
266.5023236710136,522.8602888944497,7.07052639483591,0.999132382457926,0.8735231837013585,2.0
-365.3077628110684,282.6373124416034,5.487952144010712,0.9989026176396563,0.8624933915939017,2.0
385.6985360276841,403.1928928237933,5.575759337108231,0.9996501936880822,0.9226829452068056,2.0
279.05033596976614,445.3365566393834,3.878225488831978,0.9994256975677586,0.9096206179027753,2.0
-223.31642928427274,398.99090253299966,5.462272395393977,0.9990454366331787,0.8925033968109912,2.0
-453.9847679282252,-140.23027415698218,7.282711949440014,0.9997485817915149,0.9305656317531552,2.0
-398.5987475847907,248.8923395628617,5.250253696393235,0.9993688715995404,0.9050084382269631,2.0
212.28831596499612,473.16382913277585,4.803812467524433,0.9990269502408737,0.8712210957510735,2.0
-233.09094211620945,-423.41249698220145,4.734521262678752,0.9991931606504738,0.9216394741277282,2.0
132.22969179335817,-475.2231753903031,5.154765274959011,0.9991690426119997,0.8959160307920444,2.0
-529.2143368908152,-140.78453857025715,6.185748005251968,0.9984337809155539,0.8490177606724092,2.0
-170.5617850305993,520.882893970811,4.523860087736932,0.9990461147203221,0.8754453205973238,2.0
-238.77214541255347,-408.3485163812513,5.520353511433025,0.9991559098574281,0.8859029637351985,2.0
-483.9776574853924,-84.76432421288195,6.559081317040084,0.9992265504683464,0.9229112783057086,2.0
-496.82735711357645,-58.853726730669756,6.113433094708302,0.9994678493674233,0.9119046878959238,2.0
521.628297436663,74.99071686374529,5.229534858112574,0.9993463636735589,0.9040178526493678,2.0
93.21525391127976,-411.6695442924112,6.2448091908623855,0.999263107405802,0.9006517435673601,2.0
399.98651938596794,-137.8695037925689,5.33147138743786,0.9995765989252401,0.9025472629158452,2.0
-269.2180197151137,-403.5955261123234,4.6074947950030625,0.9983919343413206,0.8456433248172742,2.0
329.0663956895516,432.4798677141305,7.200185628635866,0.9994248837097116,0.8739356344708122,2.0
324.3282344132443,408.8539240288037,5.665585136476014,0.9991946313490646,0.9017422313067156,2.0
170.48476119293628,304.5282231895738,4.604849007888286,0.9994826698231669,0.8925571884679996,2.0
490.3193418810852,-183.5928992261846,4.908017145309933,0.9987382488891698,0.8592126046748046,2.0
-213.95631901958072,391.1568706869671,5.785260549443272,0.999451054586019,0.8928261550414953,2.0
-301.0108463909136,331.9415362279943,7.178864200907438,0.9995660820050676,0.8992900845370538,2.0
239.88867785153465,-401.426503353313,5.136690454057943,0.9985370931985691,0.8486479748827248,2.0
-520.1027705493656,22.3835203293292,5.153890605370244,0.9995959146686434,0.9188834189104501,2.0
-193.89576558219787,-560.8940212167073,6.00874568287651,0.9995870497291895,0.9026207267695986,2.0
123.07245034409418,-468.39422680060716,6.320809934175688,0.9997229103456734,0.9302017845738618,2.0
201.99067281742472,567.6376677145872,4.878537808572142,0.9985349647888685,0.852622755275059,2.0
-442.3969220396992,-283.96179209565327,5.738831948600388,0.9993329712859045,0.904434192916071,2.0
-222.54838468493358,-422.96029537906134,5.708157298304235,0.9991273954204627,0.8941376684516478,2.0
-101.58224178628703,470.87646752334206,5.63575536873349,0.9989869091484221,0.8665564199607451,2.0
-495.73056389493786,58.78165208643289,4.812302697243388,0.9992021198445824,0.8996143563288053,2.0
-50.189778763099056,-532.5054022124757,6.104685508614617,0.9994762953371504,0.9128570056188626,2.0
-423.24223105088413,-211.52564202902357,4.984520260697034,0.999132419266683,0.8944127817266784,2.0
-508.643902575505,-56.10393222762992,6.092651258696214,0.9992205999191739,0.8792958100703512,2.0
510.3807497325652,-56.76716538211278,7.128200906030458,0.9995342926037302,0.9147402333127699,2.0
191.41529686033124,-448.09517109971677,6.631393451865445,0.9996413204921089,0.9223330850914542,2.0
364.40544496329204,405.28283502469327,6.2652949631312165,0.9997517855173155,0.9321385078915229,2.0
-415.78570195331463,-328.02264112592235,5.979884698336921,0.9973716129022311,0.7917862683523901,2.0
462.7022875377905,278.6226888761155,4.512948023899396,0.9992728371796853,0.900811403699043,2.0
279.7610997058928,504.15192264267984,5.900908734445553,0.9993858649422678,0.9104498384664941,2.0
496.4538285504504,214.07075397903847,5.022464429261375,0.9984207979503101,0.8719651719406689,2.0
320.93183222794437,462.8500248825848,5.256515168243312,0.9990702382694333,0.8761374928136596,2.0
-386.9898570147231,216.99535925948518,6.532968448016256,0.9992019110404554,0.8820341998374391,2.0
16.0321067293389,-589.4202906510861,4.727054886691692,0.9989506764135269,0.8873600157247883,2.0
444.04985028581314,-345.2731815194469,4.3186778418521055,0.9994555140027315,0.9314785475902905,2.0
250.9128716367603,-404.71903611707427,6.450575519502491,0.9993892325703929,0.9115205977017052,2.0
-252.8921974399389,294.087633703261,5.319571207302969,0.9995719665958195,0.9166810324959759,2.0
340.6090183310371,447.28598949315784,6.818115947389431,0.9997117113925297,0.928225012865204,2.0
-333.94303934888836,347.6883123965991,6.324024324251708,0.9993762278395779,0.9063328346129125,2.0
-363.9057709073695,15.30268009341899,5.146337791502339,0.9991587935135434,0.8734114184345703,2.0
557.0873222055428,161.5471354463837,6.00523949668735,0.9993689538397784,0.9100971611195685,2.0
442.01008981899247,-225.5385680048554,6.125753975187965,0.9997276282567361,0.9284810878481898,2.0
-465.17199304711085,-285.8967444927212,5.664563775419926,0.9993686927186096,0.9277815229564933,2.0
552.8949111790369,144.13264746843586,4.626340368474024,0.9986737613526797,0.8337405877353684,2.0
-523.0522167840043,32.50002225056065,5.410022800463358,0.9994387675012859,0.8916408854425302,2.0
-63.34680408303799,-553.076642444163,5.327768765640166,0.9995659078136351,0.8991475826250079,2.0
-518.4268114712524,-177.5646283300046,7.657692299714091,0.9991352819752412,0.8354295468288184,2.0
276.881884562742,-376.9240353258859,7.288229390663169,0.9995005030197758,0.8937418531466957,2.0
-248.97905062393224,-482.8515372951502,4.739536465833332,0.9983613245501395,0.8696758758201631,2.0
-334.4773796195941,-279.3947087922768,5.335927422569874,0.9993765140028328,0.8857806386052826,2.0
345.94589229571085,424.6712720129376,6.36430460798165,0.9994781782345534,0.8927699672374074,2.0
-248.59458495897252,-404.40420249581194,5.071682656876136,0.9988368128121257,0.8719918826639523,2.0
426.7537743501724,-216.10243192667238,4.151105189459569,0.9982640564362514,0.8679715885151109,2.0
-491.66532871368184,-205.8948241738202,7.71238540199287,0.9993926108766658,0.887841117610236,2.0
-195.91755925216918,-549.7749273940783,5.322214716115286,0.9989756830078659,0.8494160431104106,2.0
-246.33380060355452,-439.9379035557759,6.513647416079555,0.9994869026396922,0.9134403172736721,2.0
-457.0452842804933,-183.44217983531996,6.511078107164115,0.9994106877597415,0.878853776056953,2.0
-200.45921929795986,469.81706856641824,5.687038154043642,0.9989710475890595,0.8675942691036869,2.0
399.2308773757606,369.73370049371334,5.759861822599224,0.9981849894407053,0.8660841785752712,2.0
342.5641224233624,400.2901314806986,4.753587725035559,0.9986308328923039,0.855506798290512,2.0
-490.77250291029895,-95.88286110208455,6.584813400144342,0.9989149078503261,0.8701116018021083,2.0
-394.3818514791824,285.9368660907192,4.933355605858394,0.9984810370861233,0.8493409136647485,2.0
-94.24799615182835,-580.2177079360565,4.884597503326223,0.9996564857718058,0.9243688982282081,2.0
-265.742608849177,-527.0905799060645,5.680049037801474,0.9993873502692066,0.9281881055771938,2.0
322.14177227802213,420.3204154435417,6.084328600778757,0.9989824685073572,0.8661025017569407,2.0
-2.7380779614602537,-576.7253078922407,6.311179937212021,0.998713102222574,0.8641991102591642,2.0
-404.07442795133284,234.3879038756491,5.887924425752829,0.9994033595278438,0.9077894873710273,2.0
-115.6035461235536,-541.810797042723,4.393863049839444,0.9994115181560485,0.8908204558444889,2.0
-480.88601220281805,-224.69264566601095,5.207507785765569,0.9989573808077301,0.8681017130674172,2.0
113.32635244487184,524.6284789240935,4.62985953418223,0.9991889677599269,0.8967527991828589,2.0
-321.78138580697515,-335.647044767069,4.708995281315709,0.9997018613957159,0.9280208160356803,2.0
432.4361299537166,-232.77405760696783,5.667637306120261,0.9993794159354904,0.9058691289084677,2.0
-451.0195591908559,92.58070293524352,4.911660549047114,0.999602180008332,0.9188104974194126,2.0
160.66035451792925,530.7169598297892,5.233672713565877,0.9989012380184686,0.8655880027952295,2.0
-67.52820089935423,554.7307050060107,5.726594900687398,0.9997307700033918,0.9266476676393741,2.0
-113.55598843240085,-559.7103944320277,6.073757817498044,0.9995427803371271,0.8971771874143867,2.0
-393.2736831775155,228.3743246212192,6.532968448016256,0.9995104803448797,0.9135425334508215,2.0
-106.61266209509968,-539.0040930925851,5.039244858301318,0.9996610619820316,0.9264834924195285,2.0
-324.8567861692829,332.7973761862159,6.643438073977631,0.9995190114744932,0.897612796255718,2.0
405.85332552507816,410.6990754768619,6.8189763994322625,0.9997229850541297,0.9191173682392652,2.0
-197.3744598321352,-392.8715359018814,6.379786338152355,0.9992844926984293,0.9041891578716962,2.0
516.5744240425208,-107.95401169993525,5.6159595448727195,0.9987379907058868,0.8578658843118523,2.0
69.26925820619701,623.5288976960516,6.618189792032097,0.9991470913755693,0.882453569420048,2.0
22.124717287747206,586.6225285732107,7.145402524120758,0.9991094645169274,0.8683401346728188,2.0
-218.52090869300372,409.91748334758705,6.556710496000833,0.998539435781445,0.8271473536942128,2.0
-446.8806950613994,-178.9264887169776,4.6775415633009,0.9973211731032989,0.7855952489612825,2.0
-173.71318901993166,531.221700915952,6.2805761143179195,0.9996028326642459,0.9203295936275451,2.0
219.40994522142293,458.52804139167733,4.6908105410732786,0.998906124205819,0.8619490335199979,2.0
-336.39201382209575,329.44725056743044,5.392779935220176,0.9991932264598586,0.8859822852053649,2.0
501.41888132683584,-183.7619081210285,6.157769902676511,0.9995851175943353,0.9023964232475692,2.0
-436.2008900524869,-294.1526229543685,6.255223583209856,0.9986895013530072,0.8542578332260395,2.0
-433.5820182779803,-315.9702805559467,3.9277750720572655,0.999071756185472,0.8923256463214672,2.0
465.56390969224424,239.77336667168169,4.768756545742418,0.9981676949484066,0.8421556051037427,2.0
-162.05645122416252,-570.3561277375202,7.824183291329592,0.9994188942745414,0.9302718085669203,2.0
-518.6589880182497,-2.764750636744634,6.1255856805052,0.9994939670289175,0.912128432284458,2.0
470.30772725575486,261.5670687940589,5.065264591264767,0.99773873590773,0.8250899399487713,2.0
-156.69228218630778,-526.1562228122942,5.330890643910199,0.9995594580900448,0.8978645595135004,2.0
-123.62757592238108,534.254273804987,6.621113589341442,0.9994845151644293,0.9112051360607735,2.0
-197.07516089429123,-104.51711473044647,5.223561025566974,0.9985632469672708,0.854150601562878,2.0
-11.235821818481604,-583.5217763189154,4.680314441095604,0.998196222622494,0.867950557346608,2.0
300.92116368638403,45.608452938132984,5.088232829008222,0.9990372660110509,0.89312671936227,2.0
-515.9647509229025,-32.03868562996455,5.156832333950894,0.9996880964759158,0.92494161167129,2.0
-193.18293840102518,463.4676567413395,4.021343243590885,0.9990436519076105,0.8914514503037442,2.0
-454.55038491710707,-264.0459759761439,6.276728923878555,0.9989497331572814,0.887699016356221,2.0
-400.3983406705886,317.21799092336914,4.802478287310262,0.9993036956356454,0.8841805937022243,2.0
-94.25530113844795,556.3590265217006,5.429808063375418,0.9992656101415827,0.9000513000395448,2.0
297.02363941084656,476.60776369454277,7.0308474070863385,0.9986398106255432,0.8569887672759549,2.0
475.40764724663745,222.01893766519765,5.436938110334143,0.9977927180491711,0.7990389998915134,2.0
-104.53075766420628,561.3766084744396,6.057124574581396,0.999641875291167,0.9217063636906674,2.0
-515.8351769974204,42.078256761205004,5.47218295416791,0.9993344157090442,0.8837694261338859,2.0
-404.6911879545672,165.10970669912052,4.549949276199375,0.9989773398267527,0.8654416636520069,2.0
329.4174646387152,-358.9867634190008,4.976219531599911,0.9995472215204577,0.9159563817478441,2.0
576.365175204902,-83.08955543323052,6.226686329285828,0.9990628702419891,0.8748951805393791,2.0
36.190182941412466,-439.9968698670829,4.450514876370072,0.9994176371649521,0.9085802454559788,2.0
281.882149681848,491.6762230780021,4.789080016496363,0.9982417464562945,0.8920121996927575,2.0
519.0134502698297,-185.29526471182587,4.357439038596719,0.9985717631938303,0.8756048797213573,2.0
514.8305762651967,-32.0461518727741,6.391386760286515,0.9995003229809973,0.8951381131958466,2.0
498.22822382618347,-15.11374736044364,6.041313988736873,0.9989557439493152,0.8682094831094188,2.0
444.8074146857798,270.35697746791203,5.686540798697474,0.9987055744338229,0.8587818591993004,2.0
-72.12076801509794,-572.9883455286088,6.268387810494109,0.999011856967436,0.8687886054629194,2.0
348.7628249588185,-329.98527670940996,4.63546995666755,0.9989511033624769,0.8889853777671725,2.0
-228.74265094053675,-474.941256187292,7.080267869698524,0.9987947724950993,0.9111841272681417,2.0
-172.3079386777755,441.5376477696929,5.772259811302217,0.9987511782295864,0.8372297824244191,2.0
-255.4954857066199,-510.80490368847677,5.113556181558383,0.9996705740637836,0.9096875476443911,2.0
130.24927123846894,563.5482535479829,5.114044618730493,0.9992230521665266,0.8772978467678578,2.0
-313.2163334345771,-405.74244932265134,6.676180354835789,0.9997670648545258,0.9329003073996295,2.0
542.354544004205,81.08000108742598,4.64537515581869,0.9984363896223772,0.8244332603542616,2.0
-201.02841027093993,459.321003734853,4.890113812816245,0.9988904375722171,0.8632287233980913,2.0
170.23616798138076,548.6204289496383,5.800723766004034,0.9998034920906144,0.9223171449356411,2.0
-248.3698760535378,-414.45788608199854,5.049517993885529,0.9989876242778161,0.8656752082216859,2.0
77.43950840977747,616.1180948423395,4.457678691272132,0.9990787655385331,0.8697211659400498,2.0
424.9721857157758,-352.1325981150264,5.707442243489074,0.9990646402136223,0.885276238498666,2.0
394.2781676051422,412.9441679484373,4.980451530305994,0.9993708191850913,0.9140776539340484,2.0
-181.56215915777943,540.4141709564221,4.360846626650597,0.998893400383768,0.8861707289582994,2.0
-137.74173453349852,544.3769229817729,5.607500290358218,0.9989097459165954,0.8429271899315696,2.0
-547.770736690794,37.19343228988159,6.4867115566221685,0.9992598619001963,0.8689472394658321,2.0
-160.38874215700935,439.201436004925,6.456605626149655,0.9993898861025543,0.9135557915036495,2.0
-475.25029941121977,-283.9110055482243,4.677385250403216,0.998615804112336,0.8522537315521215,2.0
-418.10987397904574,-167.45645311766717,5.188684755368411,0.9995564235245207,0.9154431806137594,2.0
-186.68447777664315,484.0623291087417,5.597119222601879,0.9992025200368535,0.8776716239614248,2.0
182.2834365718968,-456.9002279294225,6.11364785175265,0.9992525476344488,0.8998648297705021,2.0
-200.27858113289594,-570.7733548068156,5.833922133721596,0.9994938630139156,0.9331548030281739,0.0
-151.99487134486424,-516.8079596126445,5.16946126808052,0.9993665283636881,0.9056572576753619,2.0
-146.65945684562203,548.1305779748033,4.111666209981121,0.9989491503024291,0.8875566843023047,2.0
-209.09178279865628,401.79125011323305,5.960817695417025,0.9992348049245954,0.8790137880095376,2.0
-110.85440553721658,-113.43471234360773,4.9913637984410775,0.9979419195548582,0.8324952691844033,2.0
88.59609949108956,612.5448814030747,5.789830231538915,0.9993104221701486,0.8834836831453367,2.0
-547.1893758984378,-175.73782108095338,5.300384791270956,0.9996523852009696,0.9259451933794366,2.0
373.0490011920056,-417.9827222050211,7.1374509791002945,0.9993066495663224,0.8678123732350821,2.0
-112.50631793184718,534.7885656685218,4.575726186130335,0.9981278436624131,0.80906567899982,2.0
-248.02569180506146,-370.66357140748863,6.151831484365505,0.9993750059328282,0.8853903672715016,2.0
153.32276232867167,561.1952148803601,5.312575694803417,0.9993357573120308,0.8867738735053319,2.0
-483.76264305774674,-215.31767014952837,4.668220132105519,0.9986271325557694,0.8459374606472616,2.0
-496.74989086467565,-119.04874671793996,5.962121702513722,0.9988272846077532,0.8885645580484205,2.0
564.0656055166535,-76.81326474035015,5.267517365459234,0.9997361426330136,0.9323053039773632,2.0
246.35140723176747,-361.29682821593497,5.639349780907834,0.999649312788051,0.923753427388226,2.0
227.7999241302765,590.5775515278433,4.972027722346546,0.9977797242830214,0.8577669079330601,2.0
-331.8740937696663,-389.79810052195813,6.56933005037378,0.9997641909149904,0.9317454175388754,2.0
-413.8112737292105,-214.79367772419883,5.051918626784448,0.9994424626275011,0.9305086232145714,2.0
-147.15745864590545,420.49763368122916,5.376118285791938,0.9989591512231449,0.8749636566319512,2.0
-406.0887699216112,265.62293940762686,6.416961536527805,0.9995330349761925,0.9144041460342862,2.0
-160.67592755488974,352.1126121144915,5.458467515286222,0.9993918533911071,0.8878538412495968,2.0
20.83935869619637,-483.2912911411098,5.445719407260894,0.9987187245074121,0.8558294285601311,2.0
459.5812718426219,261.0961700894724,5.753063599978484,0.9993349395697138,0.9102952284280434,2.0
-415.49955050775975,164.26637590358197,6.34553488198822,0.9989880921516361,0.848269252661218,2.0
-19.35534699764072,-546.5645998885474,6.041657078490036,0.9996792900969397,0.9287195605923584,2.0
-186.6331811461009,401.80902095140755,5.472073812569586,0.99942899350642,0.8987336340775891,2.0
426.67863007364815,-374.04639825887665,4.787588449867437,0.9992737437436118,0.9011289184039165,2.0
-109.11413569706556,-549.1373236446731,5.433546630146364,0.9994106219974201,0.8699473832561846,2.0
215.49097683425205,574.5332033614358,4.316627729666422,0.9979866628918194,0.8092079221197617,2.0
-116.95329774630338,7.138959410421706,4.688819163490435,0.9997176486991103,0.9278246186923015,2.0
-418.2628601912131,308.9537742618526,5.226792001313277,0.9980614454554625,0.8358917008890132,2.0
-194.13049733529533,-449.4951097025984,5.284395308343723,0.99917533562371,0.8783969939379382,2.0
8.548355953927823,-549.3528379314976,5.304649963772206,0.999474433325167,0.9131912246639724,2.0
-132.1783614878817,-109.12123452884178,5.649454074787429,0.9989561821952602,0.8651374847342603,2.0
236.86122817504935,-411.85935512083154,5.786707343643532,0.9993175144830906,0.9024433199377282,2.0
534.0551530095967,-48.54381858140949,5.923177176738797,0.9997701602161005,0.9321712885435881,2.0
-448.93625313330466,-238.27887830269592,3.855399163027488,0.9985884123014166,0.8520155325529339,2.0
285.90683513648736,534.0104462418915,6.426279545595907,0.9991669476093616,0.896569659343072,2.0
-209.79452613323787,475.3475068176955,5.263550662603211,0.9979959418461192,0.8372161415639474,2.0
-429.07280113750045,-171.31336330438748,6.470833578766993,0.9997251104762231,0.9129610385377486,2.0
547.1966403453878,178.0043740418623,5.685186450125171,0.9981995062879011,0.8234577462189874,2.0
529.2141992802402,-5.61817833178444,4.470434471478899,0.997409186606687,0.8181433719418137,2.0
-176.44448896401235,-575.180211247985,7.470363278817284,0.9990879538514107,0.8732968750314808,2.0
-250.19180309250837,325.4928182392735,4.446551803711274,0.9991142088341797,0.9192367930714527,2.0
533.9613628428625,-122.76656398489583,7.633408750937267,0.9991139434144878,0.8759188091862408,2.0
128.26389789434006,610.5896802743424,6.110303290265096,0.9993971857574426,0.8867642686657118,2.0
-483.2365749660589,27.53654717415631,4.7082493062995825,0.9993947023679877,0.9064395599692094,2.0
-59.54261154505126,-577.9207109141371,7.335294253141685,0.9988998552928194,0.8417403377765672,2.0
-21.482449753383147,537.8110157453485,4.3310452726024256,0.9984360414956522,0.8476053471682871,2.0
-418.5628801876491,182.96596048816778,5.136687469457798,0.9986518303469996,0.8611526182141,2.0
110.96125136386573,567.3603136685678,4.9458929765894135,0.9994512972308066,0.8985890884084089,2.0
-181.97151861863907,-518.1424611490097,6.168466130329996,0.9995747946108655,0.8989881955945426,2.0
-541.7023891502057,-155.51952670275998,5.41695089588088,0.9996453486626099,0.9222161545210469,2.0
-205.54991353598106,-99.24074969528213,4.788848512887823,0.9995311291926817,0.8957206738381494,2.0
-506.36941695271014,-36.918589975393736,5.642280255686772,0.9995327744228615,0.8796477641711237,2.0
-453.66136192491734,-312.4742249752942,4.4720963971809224,0.9982810780968168,0.8404134231643471,2.0
217.27606082434252,585.4960895990789,6.845365899557347,0.9985282934598295,0.8298451876679365,2.0
328.7404682984469,444.9516281471207,5.339054925326722,0.9988388180302598,0.8384767766963385,2.0
-178.6050600320515,522.5573920572033,3.72278544717965,0.9990375527986263,0.8927819714999888,2.0
190.67595199211587,552.5809129707867,4.7491549982597165,0.9993998195769125,0.907595020267288,2.0
-494.06632765123277,-292.5332522413008,7.265924961655024,0.998784649950492,0.8342536868149693,2.0
-456.6128286985328,-234.0226640426628,4.951418264891946,0.9993071623374683,0.9054324791439562,2.0
227.49062331359676,428.8240716517766,5.552208941013591,0.999345289509606,0.9267119526084778,2.0
473.0645951740993,1.4904753708866603,5.318609251297678,0.998922883062297,0.8632155443285583,2.0
163.532136785437,558.8269561563627,5.192695092262228,0.9997571556654649,0.9310759286227558,2.0
570.9537579515421,166.19104950802583,6.772833628303888,0.9991406847321749,0.8949209405159225,2.0
-476.0306841304764,-36.15442068571652,5.571165413846578,0.9992241003817547,0.8607972506307578,2.0
-388.68164523059517,276.89896759458884,5.785917871092612,0.9997314420170086,0.9138155627516448,2.0
277.16509469996436,527.4262551294174,4.586734742953563,0.9990190505348651,0.8952274978961234,2.0
-246.6207984777567,-425.1203756430308,5.812401986648123,0.9993624980298484,0.8848122427834904,2.0
-203.18168229264143,-470.76799148410083,7.648110731539381,0.9996544213042393,0.9304759055405403,2.0
299.6806368653819,489.81169853742927,6.583681266628936,0.9978814123495472,0.8103238012845684,2.0
-68.99053514466462,-586.0338794051027,5.188262559052329,0.9993423434952472,0.9271294062193521,2.0
-534.9058681481522,35.07479213772906,5.1137226607345525,0.9990084894385344,0.8665814618691507,2.0
-531.2976786667911,12.729369335796674,5.391410311764904,0.999305921073525,0.8873375982583227,2.0
514.2895952835099,-43.75748640685722,5.379345872468302,0.9995422321624504,0.9153639651941157,2.0
-217.94623757908778,70.31819626815718,3.667756724490265,0.9991139132821188,0.8730847503597863,2.0
-541.5825896901041,27.979347741254514,4.682137552572261,0.9985543335179716,0.8489574559643713,2.0
-270.9363538258175,-423.41501854758616,5.1788330639980895,0.9991332856543148,0.8944670231163073,2.0
267.9314374194633,492.7125708826285,5.602747735157296,0.999253737199601,0.8787324550396781,2.0
556.1870569685706,111.56384786954384,6.85105797312407,0.9993846102993263,0.9065301759865774,2.0
403.4749473597246,-374.21037397636877,4.942386405130501,0.9989663297736728,0.890776518980052,2.0
-440.19118320646726,-241.61900508790856,5.5470007160893235,0.9995346940604304,0.9157699037652137,2.0
394.34079800953987,-374.3907554169143,4.251630952728832,0.9984958778969412,0.8499517141704069,2.0
-472.4881599193427,2.212361586915466,4.589297370077702,0.9995620170889109,0.9166764673690706,2.0
506.35119208936095,-112.33788694414874,5.266311331603875,0.9986346606174187,0.8782321832103812,2.0
555.0561529042475,171.73159879666693,4.450529485259797,0.998470597087066,0.8727440176485919,2.0
509.1793269299498,-10.020882884678757,6.119044901330942,0.9989224646799291,0.8633617404816822,2.0
-196.97014836749585,485.9501992127161,4.922966155688191,0.9982099026311719,0.8398946863089336,2.0
434.0599973884741,-263.6871767343519,4.7011412043421625,0.9992957361390785,0.9044035269985518,2.0
-402.20753961633255,332.9419856594703,5.299457304796261,0.9994157446118019,0.9131507263808574,2.0
130.20976411615146,595.4049539472009,5.984464657655811,0.9997692254203849,0.9319556862037087,2.0
-383.889100587043,266.10491692592376,6.043859630922095,0.9993352828679221,0.8873236685698239,2.0
19.763163064690048,-551.4580453607746,6.0556863369359775,0.9985842099092755,0.8775822900469159,2.0
180.6231372816166,568.3182992037695,5.3676381523213035,0.9992334187499594,0.9031111177673533,2.0
447.1935701816469,-280.6119483262354,5.038974289854228,0.9994193847576822,0.8892449067917866,2.0
-218.2335657219332,-435.9318447857949,5.663543948396585,0.9991311577309069,0.8950896968092631,2.0
-401.5859235867258,101.24418916422256,5.0477817768079785,0.9992327390080734,0.901276622256055,2.0
141.71021984007047,596.7226409346073,5.589129460985813,0.9993587842818082,0.90525612296486,2.0
-191.87656038903987,541.8698676792623,6.096938348008341,0.9997586125638473,0.9311223017955274,2.0
-313.34231562056027,328.73578187349204,5.614070008249886,0.999162570137231,0.8537498752697544,2.0
573.3121716477159,154.1438733955267,5.601830865410946,0.9988155311499851,0.8839133606991161,2.0
-408.7351314443787,143.79756997763656,7.055499523566371,0.9989033788022778,0.8198032935982622,2.0
-537.9065299820074,4.149137040577481,5.470160242024023,0.999697002524789,0.9121017355800756,2.0
-373.8370282481541,249.80290835793008,4.670779390356897,0.9987682092493623,0.8596960118257445,2.0
4.055236780849222,543.2377969629854,5.2718262780948075,0.9994791595118907,0.8924510361503608,2.0
-493.496838367029,-219.27903766444803,5.849850677881408,0.9995820507037045,0.9083079396139204,2.0
-401.18528382351644,277.20502639331517,6.209154478379515,0.9983670001432287,0.820135788677706,2.0
309.9158524096894,480.5872064693545,6.504139971743352,0.9997263075472363,0.9238289414585975,2.0
-139.53305527535775,384.096071764592,4.770266755865975,0.9994637478150888,0.8914979316204655,2.0
-402.8696673359668,306.7400045377835,5.982974857154789,0.9991896999268618,0.8634846280230962,2.0
-518.9198267675225,-21.997171742595622,5.218431416990069,0.9993681356267866,0.927407058099356,2.0
-527.6950779703515,3.2614484707225193,4.793678014701555,0.9988652806419877,0.8441512006647448,2.0
-317.28388899017443,309.3170605064295,3.7096149423868128,0.9990664940098855,0.8713004799149707,2.0
427.4368874370963,-363.4461765264354,5.8757865815936325,0.9994282411892166,0.9015585599581338,2.0
294.01433605390207,556.1073525896915,5.195797145329785,0.9990608819004488,0.8929026241500778,2.0
363.90768642806734,-368.31102384715507,5.218972682298372,0.9992071904829601,0.8992149485534623,2.0
-140.05208007542885,555.5608362342144,5.880673841551182,0.9992458420069353,0.9012879044536297,2.0
463.61385880238856,329.1907380446811,5.720110448575082,0.9985516955580889,0.8499374092805845,2.0
206.33033064017113,591.7613484395706,5.866997559453925,0.9986026966762751,0.8773171361607343,2.0
566.1199758863656,201.96403875467936,5.235898504617517,0.999362632692008,0.8681517068586784,2.0
97.24909567027323,622.3286152727817,7.334584800029016,0.9992424135575616,0.8593235616386764,2.0
-527.250778498117,43.10782143499327,6.046035587855626,0.9991431686591368,0.8524225637681626,2.0
-147.14558555365005,569.5024316822538,5.43993879504093,0.998379662881885,0.8734824314887715,2.0
568.0596389085011,112.60619007899481,5.165422121349571,0.9986675564092329,0.8719580219057195,2.0
545.6523013282372,105.0096203831529,5.6167601740317386,0.9987154340628872,0.8381492325773795,2.0
-215.5585172959529,-587.7320076740023,5.7838025091480825,0.998845501884794,0.883865629060444,2.0
-440.09975121060626,-321.442874545284,4.635359842474896,0.9978666431038592,0.8029958027458347,2.0
-226.7509501704283,-442.03921381210597,4.897553483153693,0.9975879773035023,0.827073966080451,2.0
-538.4221301948949,-146.15462993386367,4.556274217533908,0.9982690098512373,0.8176657239558555,2.0
456.37381314821147,-211.87883366071253,5.605759031070206,0.9992313092234015,0.8803159093179097,2.0
469.08855725250623,271.5480599495632,5.065264591264767,0.9991451611521098,0.8959182706978447,2.0
-530.4954775575873,-152.29134706336995,5.502385987729974,0.9985833988268977,0.8365058081205063,2.0
-61.01875474549245,-564.4237591171216,6.292957218253779,0.9996461792207616,0.9092087777988135,2.0
-254.36320048133993,-432.1601923185605,4.710221144503892,0.9990795883615657,0.8894714603353694,2.0
514.5269813940672,-118.10431724746762,4.81551616684396,0.9971797342229606,0.7837363533701249,2.0
-175.21213102150816,556.0969702117018,5.0020380440924015,0.9987480826962554,0.884119825769966,2.0
-430.4442130084622,308.4528589341725,7.076700816970207,0.998936194289902,0.8698405590147541,2.0
575.4214204712001,-95.82546896209115,6.637731989180086,0.9988645225677578,0.8602659877490593,2.0
174.30393377581356,559.2717228626722,5.619323801715798,0.9995977406790275,0.903132430256024,2.0
-486.08454741214297,7.869306811656571,5.310631719904738,0.999344412530723,0.9037353365665995,2.0
-353.17674831965206,346.2146596819966,5.674163256707498,0.9991799397807342,0.9208657658897779,2.0
179.26657245429234,-473.91239238705407,5.409197266416764,0.9992121411099159,0.899348851453221,2.0
-153.30860231926795,-535.8294524790219,4.952262226451589,0.999412200463678,0.8879032442571209,2.0
-429.4482648955695,-327.66957502786425,7.786571750976574,0.9994273503391866,0.8908878649426621,2.0
451.6648616085446,-270.3399107478432,6.200497350765935,0.9995862218870433,0.9000689465364562,2.0
285.4444373625913,-188.01670218350193,3.316471504746928,0.9995594810759179,0.9166590524969775,2.0
-191.78490637047233,521.9638813704772,6.317119231306894,0.9991502599686576,0.8593585441880001,2.0
-552.3466129249482,13.221191805468527,5.098842695676435,0.9987681985181769,0.8620852942925287,2.0
466.9249661255522,9.633635136514583,4.939440936934337,0.9988632040523497,0.8390328362986093,2.0
-396.7925533077394,325.29986691358465,4.0868659835920935,0.9994768078969329,0.9121371112090048,2.0
-198.00979481819456,-459.1314635890691,5.165511715186202,0.9988786065027023,0.864683389575861,2.0
259.35781009491467,-54.54555207761391,3.5840190569708086,0.9985968140556127,0.8771447890557065,2.0
516.9144201712138,-19.613066330136434,6.273178023458389,0.9990536622281134,0.8511221767609548,2.0
-237.7212092636641,264.46806861973744,5.950258114115249,0.9996831514259374,0.913936295648191,2.0
334.68241907358623,-388.19003126875185,6.900636456679321,0.9988110422637482,0.8400408313570208,2.0
-401.2314904412166,189.7547355578736,5.116393004733035,0.9985427499040163,0.8755078369767175,2.0
453.99556138224773,275.37866991675776,4.817137313124161,0.99958481177703,0.917260985173281,2.0
-456.34274234192003,-245.3449120042705,6.436081134226501,0.9990511681651062,0.84919047241858,2.0
565.0014307850988,96.0863580909165,6.084092227127964,0.9997299520671766,0.9309764969159925,2.0
-506.51742144115786,7.151493100430149,5.0665065124562005,0.9994503980028344,0.9130050553811989,2.0
-478.4800790689935,-236.07571093128112,6.506767856757974,0.9990572771885828,0.8668390213514167,2.0
-225.5609524039265,127.40294161013456,5.695917393821499,0.9995180515978439,0.9134997023785296,2.0
526.6602945174893,-38.444387368692794,6.625239832651472,0.9996099472835217,0.9023901745537962,2.0
-530.7016818347419,-47.578195278069444,6.052996315538074,0.9995469070591381,0.9194184253258834,2.0
-472.96974315883296,-310.0797254295087,5.662332935849181,0.999475584847387,0.9109065609386002,2.0
-333.32909831180524,365.18241790342233,3.977461139865706,0.9990046572595999,0.9182096643871156,2.0
-421.86232496802654,85.20389930475844,5.224213180546808,0.9993480886423087,0.90622476763968,2.0
-50.880992799082115,566.242768437624,5.965812411360228,0.9987834208390723,0.8358252116240162,2.0
445.4066718944437,280.17091489756274,4.23924858299258,0.9978970078441249,0.8586410954732874,2.0
563.4138788501816,174.23743831494858,4.343550485001084,0.9978248792346389,0.8302098198597373,2.0
433.22892011259927,-253.76533073657714,5.280374259659529,0.9997330340745864,0.914202309113791,2.0
-35.61774560877452,-571.5068294372818,5.441981847112082,0.9988161118791755,0.8837204532104773,2.0
-429.64054708666185,140.6553122181077,6.577049211057825,0.9995890146002692,0.9205142944715545,2.0
-485.34529399620067,-283.33877357896296,5.489347824614056,0.9987971431101264,0.859984870656414,2.0
-415.0949428451636,-69.42299800991015,4.175596364922181,0.9989100526994128,0.8864126214193108,2.0
191.4242640129109,563.7081645593252,6.454757268786447,0.9992801572682226,0.8621726518083676,2.0
-412.6712995978031,175.02512370987495,4.8142376956119,0.9988931688107667,0.8622196538699153,2.0
21.740887293959826,-528.8592786812843,4.993090669476448,0.9993062492284134,0.8826803848555878,2.0
38.55329013893654,335.06961180280183,4.770672494804445,0.9980198088271587,0.8332337389863582,2.0
205.16860759857198,579.0006205485705,7.0123177657228,0.9984314320242669,0.7993982654666101,2.0
465.103748595664,-286.2987515868505,5.194152744693034,0.9992284000646617,0.8820247828579035,2.0
464.01020440277404,341.069747779508,6.229576212317313,0.9994547323252027,0.9313259448864913,2.0
-392.6307753051101,-343.58747607723757,5.171046121704607,0.9987795476062657,0.8617587001099549,2.0
-78.30204431601368,-582.2474574002221,4.920600578410575,0.9987682788956137,0.8601166299062307,2.0
-135.12992656772414,-548.3055943199656,6.457389383967346,0.9996970699261646,0.9288431969963031,2.0
-443.6014065788078,-331.0084010959369,5.62433592564628,0.9990832555496989,0.8703096999353218,2.0
-538.7372492018733,44.77563844961346,5.366777432980531,0.9989915383750134,0.8658814665469807,2.0
-341.182964227539,-288.19155601888036,5.771862704108388,0.9993208772858662,0.9034619921388262,2.0
-441.42478524285264,97.05596367857392,5.713592137130287,0.9995362388908204,0.8963841068975106,2.0
449.6154502877196,-371.03663130677853,6.144679840854434,0.9994434795954285,0.909273111863708,2.0
170.3715974216924,569.0620504526154,4.975060246915064,0.9988778958495237,0.8623909832225627,2.0
-197.88037609296157,435.85133966744513,5.142968993504411,0.9993746761555586,0.8866557477133999,2.0
505.91489467512923,-214.6401273027318,6.240371996482539,0.9995645996718657,0.9163848395217145,2.0
-394.83775916422553,267.93267651594743,5.119600119863136,0.9983850399169865,0.8227505246291594,2.0
277.7124067130258,543.7654081027945,6.4045072604204085,0.9988957239128532,0.8407629562766372,2.0
-412.16920012318116,300.43059471996764,5.338831697488619,0.998059011035319,0.8341111969550106,2.0
569.4304044772359,-106.67769897847026,5.831162247066987,0.9991560244606955,0.859663172268523,2.0
-188.09049948661075,-463.1502234556275,5.577365662426404,0.9996759690206675,0.9239411857164747,2.0
-239.90608408432485,-417.8591991750065,4.123611878916072,0.9983316062133668,0.8415880487001531,2.0
-207.67313438428914,486.2326989878047,5.885445717777297,0.998273832642706,0.857814199269278,2.0
12.67922543034281,-462.69993556979176,5.924020801735535,0.9986807938977958,0.8570671532461551,2.0
-209.56008971615455,-577.8659796297053,5.856442686714196,0.998389496556499,0.8450586442848893,2.0
-449.8306468301756,-221.8170702188246,4.615090767402241,0.9990298007127242,0.8907803862278566,2.0
-552.0542032915725,-156.32568575533674,4.996553398809668,0.9994415484189036,0.9097960711452923,2.0
437.80533363063415,-375.30477848264184,6.45694986627464,0.9997391384618628,0.9303738478677377,2.0
-505.29726957239774,-5.33937247332331,7.538673056041858,0.9996891264663674,0.9249240802954998,2.0
-514.1271586162727,-45.452280566149696,5.923772498419842,0.9996869250069226,0.9248551516637711,2.0
-303.4088933998865,344.35719993239826,5.510994613279994,0.9996007501815181,0.9190310008710845,2.0
-234.1387574480901,-376.0752605865982,3.808919140763131,0.9982957890935714,0.8474119487277855,2.0
538.3253074866407,-108.6053318361855,4.978470631874834,0.9988363079971097,0.883780714725565,2.0
-481.97227248265807,-13.352448274059887,5.310631719904739,0.9992697645229093,0.8809608042020095,2.0
-548.1818607397646,21.74981145991476,4.455114946771278,0.9989712446240809,0.8695309399072956,2.0
-264.8983810794687,-432.6198479128355,5.892198468863855,0.9983963863607686,0.8219502680238143,2.0
-114.46358505449014,584.6811389044307,5.231195466921823,0.9981033327745659,0.844357325699524,2.0
-454.9794745219849,-194.94466450044152,5.2128924326770925,0.9992474523834246,0.9016003142176361,2.0
569.3953494397558,132.65780343684293,3.912849881899153,0.9993771929453518,0.8889160723310295,2.0
-422.96207252651897,318.58179340832174,5.544346378690202,0.9994098895022637,0.8922585557187126,2.0
-171.86085818741236,-520.0894116283268,4.173585393038352,0.99885639713957,0.8598414356485621,2.0
563.7900541534956,-97.28018834625533,5.173472726956173,0.9985120751997897,0.8261192699541655,2.0
410.90558322686127,365.3394575275419,6.828937805820191,0.9986703649594295,0.8674851446587605,2.0
147.8898031455177,617.8281398004806,4.914845471948575,0.9997286040573414,0.9165211183577872,2.0
578.8766541241,111.73671598450079,5.780016711959043,0.9986647891486209,0.8319282198199768,2.0
-434.3754286512258,-356.8916024904119,6.145319667569427,0.9993864140692933,0.9281859752238111,2.0
469.4520785461296,-233.6305210307281,5.804430067871452,0.9981671822801705,0.8411216998372537,2.0
557.6692081310736,182.00426957179891,5.358334023268885,0.9995251351748664,0.9138881256280488,2.0
342.69203101998716,-365.2529157157277,5.782421968217104,0.9988996260496261,0.863316947196766,2.0
367.9717052268796,-400.1462059080339,5.474813186414156,0.9990145377607695,0.8533593610261057,2.0
-419.9254721392316,128.00348876913284,4.581989311847287,0.9980039355011364,0.8353214649062983,2.0
94.12366671733565,-449.6213977345286,7.960312025058467,0.999468140631838,0.931842326942554,2.0
-464.4664522723613,-34.336330403540764,6.192639012457836,0.9994990218409661,0.9139360923985632,2.0
-230.04183410721672,251.22855536712024,5.327624784702381,0.9989954160815324,0.8735916544263119,2.0
-212.8933038844969,502.86214087174284,6.346902260095236,0.9981454981620302,0.8404381933376905,2.0
-175.02039912147723,-529.2076591924334,5.517270792091632,0.9996662262337218,0.9231956847225361,2.0
377.95864588196247,-385.40795341536295,4.908753506501392,0.9987821314011835,0.8380552915904306,2.0
302.70322605113853,466.4130257368562,4.761425656766529,0.9976656876154677,0.829705988162535,2.0
135.6153667474643,254.1315951837897,4.627038361283846,0.9980973648285288,0.8637910011329666,2.0
-450.1408188383842,-321.71334720337296,5.463762315114987,0.999360320578202,0.9053649103027418,2.0
488.1964831987752,334.20893894834546,6.032764765261042,0.999282408026842,0.9111973212945438,2.0
-496.4689220232224,4.713131408685821,5.295000167988157,0.9997616778049916,0.9317452204839324,2.0
417.0375717989708,-359.60504978353333,5.276345315300788,0.9979311063457498,0.8305460471313327,2.0
-234.28076322947484,242.8883212990652,4.088398592480389,0.998779399568853,0.8613860634506985,2.0
516.0148078830968,193.01368518023088,6.614223370673131,0.99908907567193,0.8717382177188663,2.0
-196.7742227987609,417.5792063027994,5.222188655548955,0.9985710487156062,0.8530687826647264,2.0
455.265499301835,-252.1127926054909,6.467686051816592,0.9991999781769808,0.8759626132831835,2.0
-463.06489192060366,-171.54969566548618,6.873563807416329,0.9988561611566518,0.8379995716733291,2.0
-479.9214989583163,-294.66715126324345,7.113032890810794,0.9991845230576439,0.8564278989543685,2.0
-136.33408727385572,566.5625490583715,5.819272478840184,0.9988720110547865,0.8639539819776401,2.0
-492.11873819457924,-11.485434108060167,5.059730974293054,0.9992462895327457,0.8991124643059676,2.0
-530.0574258057121,61.796752652551746,5.17348935314854,0.9987782499484176,0.8490206037062941,2.0
-197.6106942088831,406.07648743947334,6.351163474426344,0.9995730056862011,0.8932183010475251,2.0
-71.89416321620371,-153.59020204762876,4.9739976700275905,0.9976233614875044,0.8222209418604534,2.0
126.26220426674001,-457.2064899742234,5.332149087506128,0.9992089724652572,0.8866303761686646,2.0
471.0521628361841,351.2985607564818,5.166502322989935,0.9973669299625724,0.8481149664443557,2.0
355.25717327837924,-377.36607169769337,4.810860415934763,0.9992202480076796,0.9062931913270565,2.0
-172.19363994457342,-508.8070729371593,7.158267538350654,0.9995822143384535,0.9192038606058444,2.0
-214.62035269719564,-598.6091132226685,5.2212186027955205,0.9986310961746173,0.8770472311089119,2.0
-488.408689867135,-254.07075196933118,5.420943551285909,0.9988938151573477,0.8681982750406069,2.0
16.0913582406365,574.8541902736881,6.084460197741318,0.9996879620849276,0.9158149112336462,2.0
-188.51911790371432,439.67441171086807,5.007157426675977,0.9992896874589285,0.8806305395744364,2.0
368.7935995300901,-389.56350070647756,5.211784933725773,0.9989793601220405,0.8675714788106225,2.0
-48.809993315571795,577.3712930074174,5.402861917767094,0.9995434081125077,0.9166481108156914,2.0
-407.67884804848313,155.90393144602106,5.170785365056318,0.9990485570596755,0.8934623850490789,2.0
509.7845209555237,-203.33201867358306,5.768627319586685,0.999116871946024,0.8958843613585573,2.0
-468.93098722190007,-182.24406259958351,5.404032407537857,0.9994118117702153,0.9317213309716558,2.0
459.52767813450237,-229.04279108993904,5.241457952404736,0.9984299128697057,0.8485213781336227,2.0
-543.9764260134484,-5.792915116973664,5.380936603770674,0.9995157470909816,0.9187485783605525,2.0
-466.4890466529086,-238.64685697159246,5.771123406938816,0.9996120745052163,0.9235191842939887,2.0
116.70855662353107,607.5398833741493,5.884730067693397,0.9990264552136379,0.8687058108345411,2.0
-39.89390667819376,498.7265783854772,6.382024869113223,0.9996472912633904,0.9237609401457804,2.0
185.56375916042774,579.3898875101947,4.748708764283239,0.9990776362021555,0.8736970752573218,2.0
158.3452127418179,588.2540470554208,6.36530556371763,0.9997301395013547,0.9286718374238003,2.0
-428.61200214270457,327.9647556297331,5.469308859812625,0.9986752847229184,0.8540904149564941,2.0
-410.2575207797335,89.2754505665686,6.563941941517051,0.9997023192768222,0.9259898972270615,2.0
562.0151454205125,150.23438032948255,6.417856572780435,0.9990201901004021,0.8672809808622244,2.0
-416.8484898559038,260.97236815767354,5.373553997537938,0.9991021795398518,0.8955885146630794,2.0
-541.9433178533916,14.180651409812642,5.373366268946382,0.9997539150760745,0.916607755624432,2.0
195.54157319858442,-425.1267267122694,5.650301386644289,0.9990148762400551,0.8671173455825465,2.0
558.6578332625385,-110.72553883522036,5.713980572850633,0.9993150645214515,0.9042778309728571,2.0
145.87957535171302,585.5172896063401,6.433114476437215,0.9993899379327115,0.8899580587539948,2.0
506.7768700844416,-125.90069148028886,6.297322548172317,0.9985578132711967,0.8506734167406157,2.0
400.3497624812906,-155.31910884322363,5.2069078924696806,0.9991023131325781,0.8931305272376625,2.0
-189.19426075850103,-473.9040078194025,5.26543538756777,0.9996616888852147,0.925422803898462,2.0
-460.8403048292833,-317.8843816177814,4.581699063236948,0.9993015699850893,0.924944270493818,2.0
459.2703141237029,-359.40854036563263,6.08185246977541,0.9996930773320437,0.926411065185155,2.0
-421.7083876340221,295.99543738442054,5.252435467446354,0.999181902836491,0.8968476799253056,2.0
274.07441937232477,553.7015688321216,4.259262622350887,0.9982565773806069,0.8672821431077753,2.0
-478.68912752005474,-74.38338122298845,5.182959391881164,0.9987016755828978,0.8805645963436118,2.0
-488.7345683918176,-2.055241521013056,5.015857966875898,0.9992769462963214,0.8816753090543091,2.0
-53.98999352917588,-100.81698603700384,4.599480348356614,0.9993425329584478,0.8845975763500588,2.0
570.8813850925636,84.82021317893746,5.1510978709709745,0.9990463455144234,0.8702376636772865,2.0
174.99258243029712,501.1814859511005,5.537228436832221,0.9991350710400625,0.874346952024933,2.0
-549.6746583566935,50.547108163002704,7.0609122651303755,0.9993267645005307,0.883233212831284,2.0
468.72335685103525,-211.29518494114646,5.406117430446713,0.9993785157955364,0.9063191370023255,2.0
-469.514896639639,-226.89486497829236,6.412798269887035,0.9989799333053943,0.8469794485069808,2.0
286.42247820240914,550.1926158383882,4.477508927501129,0.9992097078251685,0.8997655777499904,2.0
493.72080245900264,-200.9468604617346,4.747481730605919,0.9991658746148914,0.899150603444906,2.0
510.7836883345894,-190.93507731174932,5.691565988000652,0.9987983866351604,0.8586935569329781,2.0
-525.7571120769992,-29.48679117312137,4.991202125103334,0.998795445981915,0.8370166372834682,2.0
-304.04981783235115,355.6214709121912,5.806913489562506,0.998839333767907,0.8634040425337892,2.0
163.50245062984573,611.3309774851895,4.522034148276422,0.9995764443687087,0.9171573504160828,2.0
-532.3828883170811,52.37394618201378,4.599145723915062,0.9989170723413399,0.8863069481521909,2.0
406.6644737465435,396.0559389992945,7.020836380985941,0.9987561799641079,0.8593824143475448,2.0
-190.23909314266098,427.16583125953446,6.4712425190442495,0.999254237928089,0.9019256942586317,2.0
117.73440958909421,-451.4753393552469,5.01676301027023,0.9980184076776157,0.8082629205293409,2.0
-200.84654957830426,497.181257873888,7.032077631126674,0.9994059348098902,0.8941449466556182,2.0
-264.6650114139996,-514.6203266533839,4.855541937202187,0.9990201391089801,0.8703208616258279,2.0
-430.9222271918304,-248.33351553297823,5.958547979228035,0.9989284884475,0.8880608906848316,2.0
-415.2443953897763,277.61125224871097,7.98006631352999,0.9995045985148406,0.9330525118919185,0.0
545.6045321012807,70.95539561879814,6.035440615646238,0.9995628626398174,0.9159844050843039,2.0
-494.80077363176133,-307.0497066411183,7.3666179494017605,0.9993186118816475,0.8696340342331174,2.0
536.4180855131472,174.3180936459259,5.780128185112374,0.999226058464535,0.8987317809620085,2.0
-230.78555643153197,-559.263896164986,5.075221297201603,0.9994564965831447,0.911546882616079,2.0
-428.7844394596659,163.3172929661713,6.819797338181659,0.9995983431192403,0.9193188826243898,2.0
278.4790225633085,561.9710577518604,5.179497859815084,0.9989079748876054,0.8862191415322855,2.0
114.45256826011565,445.7512110975522,4.591767574544291,0.9984746262788281,0.875235036813292,2.0
-443.68339650399696,-311.92902932553636,5.595045928576309,0.9990834711403198,0.8931835365058337,2.0
107.35207714920885,-451.02417751692684,5.472650851129378,0.9980332353238605,0.8385829591185168,2.0
10.230175962578327,584.2568252958763,5.031958272416899,0.9992665758716771,0.9010165058446493,2.0
-535.0925377990321,-24.97127198524387,5.434716991823673,0.9994225896726203,0.9089947865008244,2.0
-418.70524932021306,137.34409154370385,4.876000552313809,0.9994233535016152,0.9100683078471903,2.0
423.79397674924263,225.65828196034363,5.7657580588943915,0.9996775467018998,0.9247370678512719,2.0
-238.42923057672132,-431.85666779377476,4.8463691930280905,0.9990949731976462,0.8928054803349272,2.0
548.7059640611972,190.53582747788482,7.0617950852430695,0.9981113333976462,0.7661518047437101,2.0
-180.90502857305975,-422.2622148909174,5.062706754593045,0.998756579627457,0.8821391215512253,2.0
-490.5610765597805,-231.24828819154,6.511419352679604,0.9996882142230408,0.8985413162872449,2.0
187.7317816028386,609.2884405962296,7.124765124817344,0.9991173803599525,0.876871124456312,2.0
464.2439896293829,319.46303884046176,4.099331721264818,0.9977252033732096,0.8241194266267544,2.0
-13.037611116796631,-592.1449956154779,4.194405909068804,0.9985910579548188,0.8536548837813763,2.0
-490.5371708543042,-243.30454419194436,5.580904748386929,0.9997444511423631,0.9303316828681298,2.0
467.76376780472015,-256.2737836644703,5.791768122175266,0.9995566840905119,0.9175299964618399,2.0
-466.5351089224705,-81.88942250565967,4.307119435707794,0.9992981842700783,0.9038162018057393,2.0
-241.99362063716904,404.99562960383383,6.470932597589839,0.9993395662503417,0.872894048007696,2.0
-533.8049058535985,-161.95898178067188,4.8090719773775215,0.9983142774053243,0.8441963125706337,2.0
-119.51924368264393,556.012754643547,5.441985690958909,0.9994893865946443,0.9176215631405119,2.0
-420.23272486863056,95.52707150830533,5.256483914840339,0.999431500678743,0.9099887333883907,2.0
-421.18949253331886,347.8225298369661,5.600949557682372,0.9992034486036653,0.8998593407046995,2.0
-556.3082135421491,28.172121641086555,5.968980543096524,0.9998405801617725,0.9331870023373902,0.0
143.600229175559,608.3223195030364,5.538047017963229,0.9997548884555997,0.9310203495802943,2.0
-471.7032634463545,-45.37842155441256,4.646934158282144,0.9995219274921356,0.9135837024619873,2.0
-465.2384090958592,77.63826329947433,4.30624927223892,0.9997261080425581,0.9291348590109653,2.0
-443.9148897529008,86.26866037812522,4.622039477533576,0.9994740535233468,0.9112567676978641,2.0
-3.8668103201335478,-591.0292367956912,5.07053408609591,0.9997113818335089,0.9271174792448788,2.0
-185.6391460544078,-583.7607957956218,5.18706937034348,0.9989767016545624,0.9148008687288194,2.0
504.4345501782586,188.47938091778823,5.91411383387906,0.999017729052414,0.8912056075322714,2.0
-550.0536480030698,3.0452819457573734,5.406814995363245,0.9991223346705066,0.8939656071502606,2.0
-294.441688757149,364.15776466120786,5.842496486794682,0.9993917587785205,0.9061798289760515,2.0
-0.8290384758877173,587.0576407331565,6.4349812958275825,0.9993268015896104,0.9034664135197654,2.0
-59.16715737769261,574.0570025468157,5.495959995850277,0.999150365781966,0.8771354286474037,2.0
-418.2347316824816,152.44125096145052,5.867649001790699,0.9990921032884743,0.8935601173487359,2.0
489.0322038859249,-122.82830049939797,5.959285285563625,0.9993052612628388,0.925121139086661,2.0
407.28785467998694,343.55175072885396,4.896290999006674,0.9977142155464526,0.8578357522936866,2.0
537.4720679693878,193.2212172568034,4.582866989184617,0.9984084069368714,0.8739409890597617,2.0
-192.71741470218174,393.1226175694471,5.138426246816652,0.9996766125614771,0.9158437325194727,2.0
134.80934203868816,-463.77229269915784,5.521094463151305,0.999339406940737,0.9263211148811515,2.0
465.3163361033299,-244.7139255621811,6.066355733535733,0.9994732740477069,0.8920588187095138,2.0
-393.6652484865591,-299.75808144754626,4.707436669572684,0.9987835152483489,0.858163446620471,2.0
-375.14505782089856,234.13625930755452,4.844082131870214,0.9989996313105203,0.8682511715869347,2.0
-522.6403608678562,-157.80870848434068,4.140557111815564,0.9995018119779878,0.9163282380513517,2.0
-416.01516347463115,229.52539847801492,5.6836555197474885,0.9996925671376155,0.9312659529563777,2.0
-282.63908934756614,362.9587320396559,6.0706869778397206,0.9987537037102086,0.8844235169100202,2.0
416.56067151522245,404.0834586108128,5.821043511229558,0.9985449331537873,0.8505841133435904,2.0
-256.70527025826686,-583.9957362372503,6.137797014005687,0.999450389780683,0.9106669263515452,2.0
575.8650899424658,93.6828927003205,5.090321136478364,0.9988692966786393,0.8437006023725246,2.0
-411.7228865824548,-202.17733672720755,3.8986359609563137,0.9994662709446284,0.9320686827243726,2.0
-477.8484157891657,69.6180842456893,5.3254949788635555,0.9994178952828832,0.9074109494289462,2.0
459.2947202292146,-262.52707443503226,4.766712143963245,0.9989803102309806,0.867856259914562,2.0
560.7774049098175,137.22652946137794,5.877585208264483,0.9993166526466919,0.8887057626983816,2.0
-87.3557312480439,-589.7354603521295,6.906257257128153,0.9992583620308009,0.8827802716137488,2.0
-1.708315458022925,-565.0618570205664,5.3317191975415215,0.9995678004907961,0.9172813343620266,2.0
481.2660184803775,351.5855322102935,5.167790134882679,0.9988608030004223,0.9123645792390712,2.0
-440.7196991739318,332.7680795464955,3.9521054629864967,0.9994517881210678,0.9327486600196734,2.0
452.90224283683835,-381.7506263591701,5.133250641207922,0.9988476713808546,0.8599296688407909,2.0
-435.6043963650326,175.01153903564537,4.829790070554922,0.9989125670461866,0.9130842758800277,2.0
-500.61231267888616,-47.06212262426732,6.043946724122987,0.999682448362671,0.9260465191749682,2.0
573.8317561173291,-124.73070978280812,5.108471495622791,0.9993666963532837,0.9073537664283532,2.0
-464.83817155947327,-191.52526353966218,4.782112105968167,0.9990893356280387,0.893669319909369,2.0
474.44192899302516,-222.08833137667168,6.861643592376878,0.9991938229819429,0.8783697527334751,2.0
-520.0311756085607,65.98647185169398,5.766533514614596,0.9990283055657823,0.8678004631315093,2.0
3.9105548091780133,-616.1702802068539,5.179358904466089,0.9975877579834094,0.8212877314464769,2.0
539.2950112175196,184.17287691263726,4.35963231031396,0.999280751349762,0.9065218375711375,2.0
-53.99546308831786,-590.253787071004,6.275673969553232,0.999153163263402,0.8986399080597046,2.0
561.1179641259232,192.37784274511745,5.615136760660226,0.9977762713045641,0.8099739360464466,2.0
5.6573762427140295,572.0772632913844,4.755506884227499,0.9996124976763531,0.9212485861414229,2.0
571.3639219536973,142.29151503966293,5.932845259447123,0.9987172050013374,0.8446838032702402,2.0
84.52858276586848,623.0220093623074,5.482656950083206,0.9991780023852347,0.8791214091621311,2.0
-194.96016864326782,449.45993468078046,6.742320643988904,0.9996729698449931,0.9246671842272867,2.0
139.3488753163695,623.393749255283,5.311717566592562,0.9986876980054153,0.8866131149513004,2.0
-417.72986118548584,328.25395278988486,5.471330074445178,0.9994850957491599,0.8954327032491366,2.0
-498.3195113957805,-104.55674348843084,5.028954530609994,0.9983274675120909,0.8997607505648801,2.0
200.98489600982623,558.2827073564828,4.588028846029933,0.9990077936318057,0.8895363401691082,2.0
-405.64424391542235,-332.8460322749181,5.321483402165912,0.9983170850142878,0.8415216190377547,2.0
-432.53750189100566,294.86119496768947,5.684326937882976,0.9993522240609799,0.9046626292081552,2.0
410.77120036176353,423.01949948609723,6.485706668502902,0.9996771086519955,0.9248214149251832,2.0
-542.2973266827033,-32.117570439677756,4.749944368976264,0.9995807470439967,0.9174466250070865,2.0
26.363639135917293,576.0870549708691,4.311342862588701,0.9973407145710937,0.79322646599003,2.0
285.1053450561111,-391.67466758729097,5.44823198705581,0.9993571020417592,0.9066946601773052,2.0
312.43756625196045,543.2244855567548,5.976353907538679,0.9993899323746153,0.90599871115921,2.0
547.1941187231696,-116.59852536282314,7.033861996677502,0.9993864860265482,0.9059505632728276,2.0
273.75118949737237,572.1983710361907,6.159101712115997,0.9990053939496526,0.8672022755297734,2.0
472.56684922975296,322.46021211826866,4.819823294822756,0.9991818624591124,0.9028584360090935,2.0
-14.731266053632831,-617.2699227687617,4.765355734000513,0.999286873516479,0.9337383154030591,0.0
206.74979372900165,-422.45317707948055,5.507232014164389,0.9992694684950195,0.9007097611943357,2.0
-216.88099845602602,492.1623313469492,5.251896757884505,0.993595948353777,0.7981362215325989,2.0
555.3860098981038,-101.38374832219272,4.2551290187651345,0.9978190402625828,0.8577093402328206,2.0
-485.4714150269285,-115.65125472801738,5.924420445499548,0.9986960235043721,0.8830606928206098,2.0
134.4441445112799,585.2659136848445,5.0374674226356415,0.9995543664120454,0.9154979276626137,2.0
290.3324108194164,496.6461650375193,5.141387892558776,0.9970493461672492,0.8417637284508116,2.0
162.21249695771277,520.3861814491777,5.277863302280277,0.9987309150775457,0.8808334459285078,2.0
537.7302709024549,121.47431232751701,5.137703988789526,0.9983229486498241,0.8456368661125052,2.0
-46.98279438735041,-581.8402592790893,4.720748078199882,0.9994186591137236,0.9076438305142787,2.0
3.9941376445649004,-585.353044379712,4.6622133554718355,0.9996007714626521,0.91854174918824,2.0
-467.170530726063,-70.65304190836271,6.999361330815213,0.9989628522282965,0.8448265343141904,2.0
-254.46061976395316,-532.0810841774646,6.726617727105842,0.9994583968748175,0.9133065648983107,2.0
462.94245694992554,-387.9898400475902,5.929537713783836,0.9997247559797681,0.9156401162595225,2.0
-182.14747696398368,391.8014677781549,5.549800138677526,0.9990059922647355,0.8692898800774636,2.0
496.5548754401581,-131.1896956782909,5.282341743266339,0.999309326069134,0.9252660225138135,2.0
-448.4419926584779,-362.4342655621014,6.11478022344259,0.9994693249807697,0.9315081801449032,2.0
-480.7821289486683,-247.18610473134893,4.944082237187262,0.9980935826074202,0.8417489933247305,2.0
-428.1942945384536,257.3598789609436,6.610109924878005,0.9994031675600411,0.908371215160379,2.0
527.7806760833931,-107.64585674890519,5.676795331726957,0.9987471081020559,0.8555633308918368,2.0
5.019776852168391,597.6241685585745,5.71937887585541,0.9989347925923071,0.8656672172192746,2.0
-145.97666027703767,360.22938002378356,4.706778762359381,0.9992432548624888,0.8996745076679229,2.0
-432.57198700429177,339.05717375353663,6.389873529812073,0.9992314804199071,0.8844481186573522,2.0
481.23382785770247,326.16569411332614,4.683060102916964,0.9968759113148108,0.7753275763808474,2.0
-293.71846817541655,353.5758133828104,4.8282224348686835,0.9980831563266749,0.8639826111487952,2.0
159.7005132235055,14.774779482125652,4.9059356906494855,0.9992484641980592,0.9013332800421174,2.0
585.71513495421,94.04374712957782,4.809903017062637,0.9992729084499967,0.892649505512886,2.0
477.09286251157107,-242.42212894347972,5.970724017477945,0.998146540911639,0.8423702242820895,2.0
-521.5633253893274,54.03916947397309,6.334403984480454,0.9995523230163414,0.9079253705811118,2.0
-486.49577859361705,-59.58793371680522,4.303245543325323,0.9987081912897973,0.8588213380530241,2.0
-460.01219527307563,165.69376492151278,6.428591022940909,0.9992669538199489,0.9008371335723232,2.0
262.23500587701534,573.2636128270223,5.48771726101088,0.9986559676161557,0.878024927661519,2.0
-470.72071345650767,-275.65165369273666,4.784620377231427,0.9992737799185507,0.9011071058185428,2.0
-549.2324018189868,-15.861336879742758,5.291205851872525,0.9995337361290161,0.9151734228978421,2.0
534.6422368939776,206.3057217576772,3.880598073010112,0.9982745131529461,0.8408038799008689,2.0
-533.2712012260774,-36.371901092052966,5.255513909724215,0.9994729903603131,0.9063940026928934,2.0
-557.4351009057657,-6.79946153114389,6.957162979723237,0.9996490641825649,0.9247533034614938,2.0
-100.65289579593711,-589.9326689029069,6.443615346975248,0.9996346884364005,0.9212171409592264,2.0
458.6529324619616,33.28258911542831,5.365753059010923,0.9994288948109825,0.9096562263847027,2.0
413.5408672303647,383.4150195669362,6.433346827858,0.9993675586468505,0.9073095778385306,2.0
-115.45962559621944,543.9173740411649,5.0683849171258855,0.9994587634531572,0.909819106953798,2.0
530.3968860478562,182.7968431019671,4.67774113286865,0.9990435536520688,0.8697761139242548,2.0
541.5264876290616,130.7029217085789,4.918347725754955,0.9987456321794618,0.880478884116046,2.0
239.31562045257877,572.8420603360255,5.63050263357885,0.9989171985453762,0.8914612642982648,2.0
-529.3622577684031,72.66868607501884,5.759197324921184,0.9994717543868342,0.8921660187945637,2.0
-366.69440299172186,-344.8769568294921,5.376359752880456,0.9984237006739041,0.8473102353465679,2.0
442.29327166039326,316.5804547055812,6.220674869465004,0.9990884765886661,0.8927993918576663,2.0
-537.5739661323081,-174.12222627770512,4.469541805074347,0.9995546904654103,0.9170463827439298,2.0
-478.01936172170207,-96.60220219478212,6.242027733792096,0.9996379947768911,0.9218467174438058,2.0
-189.37246068931174,-527.3579155825023,5.690752933661302,0.9995841380046515,0.9172390731202509,2.0
-456.83124738196636,-302.7037634660747,5.872607542735071,0.9990943874403112,0.8930511728592437,2.0
-241.3162300420964,-558.6455307967349,5.51963447602716,0.999500576082172,0.9120462558280092,2.0
-320.26255498511404,-385.77700781868685,5.760087974245322,0.99892902349523,0.8653138522506262,2.0
-433.0671876712718,88.27494766380484,6.452033428196357,0.9996550963291619,0.9227118275166625,2.0
150.2936859321878,630.1793260086664,7.676020719387923,0.9994405502562697,0.9214478263920481,2.0
296.85167006462996,-398.03452836876494,7.274020199270527,0.9994525518929025,0.9101339542327573,2.0
-136.72755631394085,450.54168219468505,5.436114679891691,0.9988849877383543,0.8859159633441747,2.0
449.01852111528433,260.7564709675419,4.8954883743748745,0.9980932323747316,0.8363508442074404,2.0
-125.5971557491381,441.0881641280595,4.318276419227471,0.9992998745182776,0.9034253916797351,2.0
562.8131063423017,124.06192254841415,6.9432137758907935,0.9997098837751686,0.9287850547973561,2.0
-110.58795008815157,388.5578942838002,4.99333346040632,0.999627196832514,0.9209634657511044,2.0
486.63509143369015,-218.05475814143,6.074599422666805,0.998852549977413,0.8630721489102307,2.0
-469.8423749677205,62.36130456178979,5.5298949575404,0.9995865371250374,0.918308943633465,2.0
318.0642428689553,553.5332879032869,5.8288738349306985,0.9990502395345353,0.8699250169615818,2.0
-227.87846087524287,489.03621620480914,6.479653403030281,0.9932819077207055,0.740579217190847,2.0
610.2487115228777,97.23790973828976,6.3290503826992035,0.9993947244117052,0.9095206783510467,2.0
194.14845912296653,586.1247215210356,6.218865959611349,0.9989526115521892,0.8905181395913013,2.0
-333.3432061906769,-378.09882471813376,5.253378619197174,0.9991164472208514,0.8745684311154717,2.0
152.85472467435198,599.1476554382364,5.864331375025612,0.9995096458687283,0.8978069234797448,2.0
-408.48447958361373,253.66072175693526,5.773252936617884,0.9996878458298978,0.9258895380019573,2.0
-231.3586446761547,-575.9836138561462,5.442500828755755,0.9990538586672245,0.8702753786722313,2.0
-451.04711555817056,327.18890429417456,6.5197861152860614,0.9993628738825973,0.8755552239602725,2.0
-205.72093231258467,426.46808533901583,7.108637112559764,0.9997275129209906,0.9310472618521705,2.0
-564.0352381734439,17.34195292221079,7.371709558098705,0.9996305092777683,0.9296592393384497,2.0
529.6834395525163,214.66236426038273,5.889855960785135,0.9992078969264471,0.8752194701470152,2.0
-22.579790171356592,-609.4025711387077,5.157338739126804,0.9977619260206784,0.838752880867569,2.0
170.12580486905733,536.7673989604352,6.071365927504129,0.9995563334204208,0.9199913500938662,2.0
505.849664265076,-137.8342975280589,5.793816965916993,0.9985472417986548,0.8756238835313891,2.0
-253.1452589411057,-562.3502368912747,6.918915538072328,0.9984343652276009,0.8801332358608245,2.0
-185.66794206895494,495.7301881884639,6.170709545274275,0.999535733674758,0.9010201329847684,2.0
-477.5789488704452,-63.723792296883694,5.591057622952922,0.9988648836549627,0.861978894139588,2.0
536.4648136217944,107.4340647132662,3.9266674964753117,0.9993499892593868,0.9046459076208031,2.0
578.091066292734,183.37165028679667,4.6809697420748915,0.9959955539210813,0.8264158802365126,2.0
425.6931656071978,420.6625647691639,3.9092785836949293,0.9983350167873215,0.8690115630897642,2.0
-489.43129263976886,-51.47127547258105,4.381137042880728,0.9989976801323972,0.877537897737439,2.0
-540.7721367309988,65.54926882417529,6.250607126822204,0.9994549551284876,0.9311473753610314,2.0
495.1894870020399,-210.76446975771313,5.206203027477501,0.9995816721307489,0.9183276551859371,2.0
453.74847188910377,252.93450038908452,4.2980385190201735,0.9993192873426407,0.9057033954701788,2.0
-4.573650021877148,-609.5524916703281,5.657336006219402,0.9994538311152433,0.9310005041440406,2.0
442.76882163869277,-293.80567723150824,4.758432984324509,0.9981730265791307,0.8384411212315533,2.0
-359.3744146065649,-374.90330885653407,6.4167162199277925,0.9990314434716694,0.8766589102225611,2.0
-532.8929954052804,-5.8140326990806415,5.71619597606113,0.999535739948863,0.9011814529444345,2.0
288.7108881801127,565.5996398765006,5.754554880781757,0.9984801455971319,0.8468129141415953,2.0
523.5998291012029,-116.77947415523909,4.450505369210712,0.9973591526840556,0.8486679538959837,2.0
-42.70323694918195,-591.9273115014516,4.678725310243102,0.9993650126661464,0.9286149037433273,2.0
-476.24525386668836,15.556566611967046,7.226057764378428,0.9996145017591641,0.9025597772011809,2.0
-437.5878796145713,132.58283426429475,4.709394369024486,0.9988811765141855,0.8856586447136672,2.0
495.1411617621233,-162.23079536270853,5.165389841272822,0.9987680690444705,0.8600861490347129,2.0
107.5109547990124,-470.9510970151213,6.004608180290448,0.9990150784146584,0.8674847956595558,2.0
199.02243608032032,-414.2451507779267,5.835898534748935,0.9990388051974739,0.8684763233326344,2.0
9.57834546352575,-596.5950509895317,4.988155604591483,0.9991412663502812,0.8963457839074447,2.0
175.73899494080422,577.7396704461393,5.271872693001208,0.9992500892619751,0.8610656198329824,2.0
-428.7441549917177,151.8437160460162,4.72101146702176,0.9982652724662603,0.8390422503517471,2.0
-60.75891314874622,583.6698901780353,4.319038775623988,0.9986251817380443,0.8772610633739183,2.0
-68.35514639917324,569.9048543765499,4.642714334710543,0.9977829185823921,0.8266915855672415,2.0
489.38430701194375,34.38981609480497,4.955962426691076,0.9996294501362581,0.9204692401406154,2.0
481.60128050943865,305.61408685778133,5.042476910495395,0.9991540870136808,0.8964419064004115,2.0
304.5822392066183,552.3221464981768,6.097010691317814,0.9994451072604883,0.892592354508735,2.0
-31.968906396634196,-603.295870356245,6.135910602659254,0.9985352529123827,0.8236869857380473,2.0
551.128011241095,122.83646497588009,4.867262469501113,0.9994267159665047,0.9306252080070349,2.0
-209.33362370413406,440.20258070291044,7.151235894865417,0.9996201991619736,0.9205930479593409,2.0
471.22708429239924,-397.38318883783205,6.617532966729307,0.9993956645001978,0.8991778754730931,2.0
-226.41018386487085,457.5273995040373,5.210091565820922,0.9992969580022696,0.9033444720424312,2.0
42.536895046062696,-451.90369030875604,5.737217665293726,0.9988001113353077,0.863795022967816,2.0
-481.4105677238562,-272.04794313438816,6.539537992912045,0.9995313360066008,0.9150303087567508,2.0
-439.5823044309644,154.5599707717006,6.51194363692616,0.9993010743091412,0.8833147680845509,2.0
550.2885976532478,135.0010358920946,4.918347725754955,0.9989298711838595,0.8755620776240206,2.0
499.28774616176133,-146.77728709271722,5.384940406544532,0.9987750268309697,0.8822652645872948,2.0
-303.0349808944895,373.3186914306587,5.39204832933272,0.9993043983946859,0.9251813689537404,2.0
243.8645697873538,548.938171444335,5.2501637870982325,0.9995696098919401,0.9265751701837203,2.0
546.5629496628829,-47.45315152596357,5.150489879954256,0.9985997158027081,0.8818962227688769,2.0
558.434114078457,-121.78956954336164,5.432803958300876,0.9982269065694093,0.8377032230816007,2.0
-505.5081106032617,42.93773186294182,4.926808033533361,0.9993942264602552,0.9069502457465373,2.0
-89.43405671437984,587.747977753587,5.913266557264023,0.9978577703876298,0.8135726304900539,2.0
-395.9481950191324,79.75125616180539,5.745040576005144,0.9987044766844951,0.8805256848940425,2.0
-430.21913731201664,101.10485399769857,6.237718052878728,0.9995865169634445,0.9180272172404609,2.0
-425.2507798533912,-340.0778185049491,5.3667615328469624,0.9993677990194739,0.9055531226069,2.0
6.695854678112155,608.1211068475689,4.949437200899484,0.9986002744024719,0.857408150721686,2.0
-95.1774695089163,485.58349411197077,4.73102025395459,0.9993300054202701,0.9040328075004136,2.0
554.7399581031567,202.19482740251786,6.168827605280436,0.9984049886976187,0.8035884654368511,2.0
154.03642762021667,609.9910023914243,5.064650631332857,0.9996886278237381,0.9101011901631034,2.0
37.24605176125607,-549.2756053535675,6.340307570871947,0.9988716265086092,0.8381118460162819,2.0
-394.7447595450179,239.6130115297429,4.84834001845597,0.9988937803309919,0.8622759721850295,2.0
-479.6038118010764,-260.68243944748514,5.0326922707546595,0.9991156632359833,0.8946804253107534,2.0
109.17532274770119,617.447663136358,5.63934872715489,0.9989656920235169,0.8892853723362055,2.0
0.8118518304039569,-599.9974815385672,4.457938831571911,0.9992320074205939,0.8988104840907739,2.0
334.2158653801658,-402.0949237477873,7.107236131287111,0.9993563014864597,0.8669524203429632,2.0
-359.87590725849174,-386.6040985105837,5.404787525753046,0.9981022293909569,0.838593287515503,2.0
-274.8662677428793,-485.75476215821675,5.7086479055291095,0.9996661785214023,0.924039774366118,2.0
438.13754983673243,-360.2922913166502,5.348459741537932,0.9994189366386441,0.9295372727849888,2.0
-438.9475437622916,320.21787358202596,7.5231491858431925,0.9992467809295688,0.8782205632190236,2.0
527.7639640548095,192.30759264255516,5.245321803350129,0.9987209312733656,0.8575335377178996,2.0
-183.1575836190596,-536.7755450635133,5.634753310491358,0.9992885971596007,0.8810717106190344,2.0
474.644251814155,-202.09399845063754,5.594884372141052,0.9984555813442616,0.8468508009934951,2.0
216.63782742433813,-405.9394704960933,5.868844036602345,0.999566421562571,0.9166878562627622,2.0
283.1471482229473,-411.5780395318767,4.714651369931303,0.9988661184062818,0.8604286344435167,2.0
-208.91011415874763,452.7269965500694,5.446370309875368,0.9994305579193324,0.9301993135484724,2.0
138.60160528548835,-488.4234971644192,5.507881303204591,0.9991695705411262,0.8972324506814798,2.0
-574.449055572981,25.07254276975898,5.678410673077913,0.9992534837561855,0.905362627280158,2.0
188.47797313785685,596.5397924079165,5.732882220912535,0.9988593489511152,0.8857264496406266,2.0
481.12092083468303,316.0693701244268,5.47756312991086,0.9990195177861401,0.8679708992935574,2.0
429.98679432481816,42.62752910323147,4.699476746320686,0.9992419650296637,0.8990404584595013,2.0
177.21344928379688,597.7695426846205,5.656065741620537,0.999435124663816,0.9111309561715436,2.0
-278.3491863817712,373.0081523973208,4.977089560158039,0.997672917666109,0.8543092720934039,2.0
300.2145811267688,565.6792927775921,5.8288738349306985,0.9991192689627143,0.8942919906711261,2.0
-535.0975405993246,85.56762817152972,5.683809781331197,0.9994639978503377,0.9125849353751604,2.0
-368.9907679912023,-357.03936428710676,5.195515646803348,0.9997245987773684,0.928457712266806,2.0
-373.8941392328322,354.4381601799548,5.461662667978105,0.9994405824994573,0.9302998796047776,2.0
199.56296062116448,602.2624278643262,6.7332092438378535,0.999105785136744,0.8958873072301377,2.0
585.9317372761191,66.90589981929219,5.237940913927356,0.9994601997349141,0.9097067413745884,2.0
-538.7724862713677,-15.006432716141411,5.251976416072136,0.9990589944274721,0.8687882197268431,2.0
-266.1375747860676,-494.2826266229595,6.538785645864798,0.9996979772649869,0.9259998337286571,2.0
-436.841691320692,110.72453134706961,5.498192898727488,0.9993158430026711,0.9027356016169704,2.0
295.2239102046282,545.362167351026,5.590589684859723,0.9997563342340887,0.9312420339337762,2.0
-540.0722007211,-136.35100073224797,5.430399209463181,0.9995288495353194,0.9141573456202603,2.0
160.57918884025656,642.510732739865,5.178107738662024,0.9994643267102044,0.9103693361715841,2.0
-185.28517917433413,531.5351995258295,5.329407331618582,0.9992356423852602,0.9013169906343951,2.0
-539.8851308463784,-53.27708310396537,4.8206235167996425,0.9988486958746627,0.8650130553284313,2.0
-104.78864395141176,-578.4252386380801,5.830822219807298,0.9997074737445246,0.928359715013067,2.0
-302.38396548438953,-344.8640574614112,4.822596142135127,0.9980413459632662,0.8366776388326911,2.0
-481.6767749160372,-161.36807383061105,4.688266318722152,0.9990447211474018,0.8925273466812099,2.0
275.0078568138308,485.44134068627085,4.609141834281488,0.9976507566571051,0.8235188543236684,2.0
-218.845847743447,481.22584350061726,5.665847056096864,0.9972691070702093,0.8508602622964804,2.0
126.73915366703655,-485.70146643809267,6.726631607730133,0.9993577934269626,0.8855510849728847,2.0
297.1343719158016,535.0442803043338,4.9417670000528755,0.998682281007593,0.8823613287628987,2.0
-447.40890305692767,131.13479707035344,5.269607569201054,0.9995831044267945,0.9182885947071552,2.0
581.3918088966736,212.44886511090004,6.0477038979495354,0.9970869487728411,0.7826832007976009,2.0
-43.89098022364758,-523.3314897439682,5.056391826061059,0.9991722729720371,0.8983703347556576,2.0
272.0135064573216,584.2857733337286,6.1006275375159,0.9997393900786423,0.9310269876700042,2.0
310.7692856380039,561.9994060474088,5.431575955953287,0.9986842459854124,0.8550809140658691,2.0
-220.29203810324407,-538.206458290083,4.945389318951645,0.9995829267021332,0.9209025699502814,2.0
-310.1859187019927,-393.77886276454274,5.701067784958634,0.9987646504110038,0.8596986855669999,2.0
484.0517348488598,-382.23197472857,5.499869773401595,0.9986861262292276,0.8324888530532254,2.0
442.85141470107504,-386.89642206694805,6.208189382657959,0.9995821660056684,0.9016813603228446,2.0
534.8018960715285,-29.701580856161968,5.368601623873908,0.9995724864927268,0.917866762931359,2.0
-497.8300334929646,-259.7170983350349,5.65177174371906,0.9989562836862118,0.8653943460738147,2.0
332.79361115518594,-319.84131937756996,5.6394401628213116,0.9996449284905454,0.9230215171409759,2.0
570.0810962790034,211.82301988936914,5.416910617936166,0.9986387527277358,0.8875307477325173,2.0
345.76338560430736,-406.5120572910402,5.297119908863978,0.999658995217599,0.9238440158912953,2.0
-233.35258389908373,398.04741589230446,4.67458186149884,0.9987140269073045,0.8541723653025939,2.0
-263.0442565899217,347.76504439638677,6.052490093202799,0.9980246486935972,0.8252190984102813,2.0
-550.9632393646682,-39.66223736524006,5.149937329914485,0.9991806643882706,0.8967881286542536,2.0
-238.45333041916223,484.77886371839554,5.316453669692759,0.9892903502248794,0.7136256360182077,2.0
397.927400070321,423.6915522197754,6.42808220765962,0.999528620836787,0.8993517770227224,2.0
-510.8598652941271,51.03793759908282,4.82679726200092,0.9988663199804023,0.861769837922335,2.0
16.697746804404385,598.5308090715836,6.069757077806295,0.9984302192193781,0.8732540225928862,2.0
-249.03374873660547,-574.3891513961981,5.981085921691555,0.9974584807741653,0.8517526362127993,2.0
-239.0379743781353,-568.9203701639723,5.055905238124275,0.9994451558501245,0.9306982174671532,2.0
510.4862681910513,-148.60815600693232,6.0224005755449905,0.9990305382198085,0.8753781874644617,2.0
-523.2722927719373,-39.27272661360445,5.157828768921776,0.9991388951845329,0.8683187645273605,2.0
46.63356738663505,-573.5318617937817,5.619180644808459,0.9994082320249875,0.9291978050238711,2.0
-577.4329384164481,34.96677626335768,4.727671003805831,0.9980813801939636,0.8342097817528542,2.0
-541.1990414525757,-43.27392800626686,5.311586717538161,0.9992965107260439,0.8651870845733103,2.0
-496.3492186979186,-155.09823068338324,5.965630085658829,0.9987037736884756,0.8350424598048117,2.0
-228.73997054253462,-452.99199488631587,6.363833208979227,0.9988273055258184,0.8857598653270384,2.0
279.8672746651898,-401.6022779635125,5.828469915297455,0.9994853951528776,0.8928577627356403,2.0
591.4384821209464,86.32412304444087,4.847479068674914,0.9993492625733301,0.8841773698656705,2.0
-85.0036562368301,598.8485261808776,6.0961893661282085,0.9988155802074787,0.8359976725193702,2.0
-494.2072864889557,-269.83758884074695,4.41419345529471,0.9990028866099331,0.8904548017571013,2.0
267.05372177319254,596.6288026761811,7.223141464727086,0.9990884116330598,0.8770904838843561,2.0
115.00395230191283,637.9280586896036,4.666272416925134,0.9987636755195257,0.8583366142619183,2.0
-210.85492605381756,514.7123428737142,5.793731895779951,0.998910859016146,0.8717799998336255,2.0
29.696651932950083,615.7083814368589,7.6477372048670995,0.9988070735457956,0.885095047739645,2.0
179.71122847635561,587.3136826228849,5.122630498439039,0.9997608549308536,0.9317153396452347,2.0
205.861124184628,-405.96007560341485,4.9578087909722255,0.9994119891348756,0.9086770618524979,2.0
-503.291052126293,-268.5489349682761,4.803527613770023,0.9988035972997351,0.8629623421735084,2.0
199.92314056834462,613.6591709960028,4.726220574763814,0.9993894771421552,0.9284682102807147,2.0
272.73746745133656,-435.486615592464,5.634485568842219,0.9991753867121734,0.8974563125624859,2.0
73.38333363378979,-463.6418708639801,7.9182168637410735,0.9997343906867863,0.9289798064533716,2.0
-161.17877522806742,-557.8289958920566,4.830906889867252,0.997856961987274,0.8287254895863205,2.0
331.1719963273,456.1431061395776,6.151713922344639,0.9997021915857162,0.9265847276083644,2.0
-254.91765630004272,390.56611329522127,5.76613943705468,0.9985108063799258,0.8746726261034059,2.0
-560.2550166098233,-19.878344395301866,6.486190896903281,0.9993516070174046,0.8935308343037626,2.0
420.9551920710973,-383.3813265502276,6.082441599921563,0.9994544592208214,0.9316296809550138,2.0
-505.0680297402091,58.38826453851,4.6139191532526835,0.9989690817850126,0.9145821135493343,2.0
-378.49280484983177,-424.2714023863589,6.039525296661537,0.999506943627694,0.9146666152514176,2.0
496.45726059735944,-101.46839118152137,4.253799182806603,0.9992555074922697,0.9009791233806805,2.0
387.16810840057525,-390.2916421453095,5.539751599287663,0.9995217226457478,0.8970882910575984,2.0
-495.2207890854941,-171.68157380104302,4.066352334596206,0.9980330365068517,0.8370477038793352,2.0
-368.9856820539975,225.97062774787284,5.416902644449621,0.99961687158601,0.9199827813119028,2.0
162.69297076929968,621.5446428907353,5.754870153122757,0.9997534435407047,0.9324171095000404,2.0
162.8212111685895,632.4516784678492,5.1725128045106485,0.9978533063840601,0.8153716794156365,2.0
-488.2987324775484,-263.6460859327794,4.202661166146002,0.9990267580447503,0.890215248466204,2.0
-240.43152572308543,253.52981485389805,5.3592728646479,0.9994339427878272,0.8912587563302995,2.0
-549.1388117066588,74.54827999166875,6.120514166251046,0.9983312764963646,0.8160143986809621,2.0
491.6515861460156,-5.62583069217782,5.575478280083994,0.9987756167299826,0.8563830063101564,2.0
-449.684149257505,311.75322374321723,6.2140639252506205,0.999503561753524,0.9186218984044954,2.0
-233.6288435990769,383.12284358608787,4.456336598797791,0.9997250994519663,0.9304718125223997,2.0
572.1007782787727,103.8719402863261,4.471299914666271,0.9997585876325907,0.9328751708811076,2.0
-287.3939387454725,-503.5510941561969,5.77706066343862,0.9992855893516848,0.8846810030993946,2.0
587.1665811828616,-60.03997448766936,6.293095345653565,0.9986877012894887,0.8803179145736195,2.0
-214.11119412889545,-530.7200624093559,4.806661663909386,0.9995146770726748,0.9130621739049202,2.0
552.2864041663225,212.64432912625998,4.625446524398319,0.9983540521435624,0.870323466961712,2.0
-439.6424256850122,252.40934520521023,5.945411523834329,0.9993917923775278,0.9287868258302131,2.0
-472.61106179214755,-196.99486386697717,4.782112105968167,0.9990618029880356,0.8915080153581458,2.0
414.4463025410191,442.39929566905096,4.664965788092658,0.9991102158430551,0.893606999350576,2.0
459.1467860891942,-399.5443846264275,5.727430449015298,0.9993296750906989,0.9042593865323982,2.0
323.210896392408,-392.88139113191323,5.538582335498223,0.9996090714814138,0.9270892696845585,2.0
325.4821356511107,569.6363973582504,5.488240637756604,0.9989298062067292,0.8672768863712671,2.0
580.700216122021,101.77876668985486,4.412076111807384,0.9983181621326026,0.8353687490852632,2.0
-268.8218047671043,-569.4945165577733,4.92948362995941,0.998880180543595,0.8885979384543862,2.0
121.24034972635658,-498.26653042424863,5.039432876589851,0.9994346803353524,0.9300400018819063,2.0
572.1582086319684,192.276108372496,5.556255121709312,0.9977583969092095,0.8303885829211193,2.0
508.3941761452211,323.9743209710831,6.7863975228045845,0.9992407306918081,0.9043285984062239,2.0
-263.8261655997309,368.01795133555,5.08031524717503,0.9991869062392454,0.8966731161929464,2.0
478.5636108128633,34.989990032075056,5.916901445656886,0.9995636828050632,0.8989395933410156,2.0
-257.80113979429854,-501.52065431083275,4.479498392960662,0.9990575056629578,0.8702381946860803,2.0
520.809591551048,-197.91135895620798,6.610303614073883,0.9986802269213813,0.8339026813924987,2.0
-543.2215227684836,-186.73810497159732,6.443751891084743,0.9992251283180968,0.9001331416501891,2.0
496.02774602624334,42.0583346860376,5.2218121283883265,0.9995182362475915,0.8951669831682759,2.0
-442.6029732382541,142.2409651221183,6.244383911446959,0.9992592440541015,0.8805730004125057,2.0
-324.90952450689684,-356.95445963413215,5.531099567342097,0.99944756814459,0.9307805246388134,2.0
228.41123190558292,-402.5107500408358,6.445614473474461,0.9996804424851891,0.9262453520202536,2.0
-559.4947979635182,-46.01152851900939,5.554852274233081,0.9993197344923194,0.9048375197136793,2.0
-227.25423283258039,345.99005947478156,5.7370599577241705,0.9996926931536348,0.9255578561947524,2.0
342.51487258413937,461.6357950112252,6.313717512783225,0.9997137572928558,0.9272430772284302,2.0
540.2095720365454,-39.02695489935511,5.437970588748818,0.9996641629332662,0.9068413562701237,2.0
501.97061950423,-196.38005988468439,4.747481730605919,0.998603876884792,0.8517097145465603,2.0
59.829698815586255,-462.65309551993613,5.7333295920354805,0.9994881573054041,0.9197738103474542,2.0
165.249559251729,600.3380016589987,6.642603271347252,0.999629527577498,0.9220794972250734,2.0
329.00518017866216,-412.8352459054145,4.897762601027706,0.9990401418941925,0.8791588069553464,2.0
424.57438752923906,386.29910586490166,4.953440922306151,0.998837956706686,0.8835086248589199,2.0
-510.7093385426442,71.01481872708828,4.905842414250936,0.9989233847410411,0.913377861615973,2.0
598.4552498467316,79.78532504968578,4.786468402636316,0.9994517945919326,0.9092333161132828,2.0
-567.2407089494933,33.7281020598469,5.60905805862599,0.9994362703554763,0.9119516443723823,2.0
216.79351218024073,-422.3585350139046,4.591693432112206,0.9992672786642031,0.904867420876441,2.0
-356.53313566008137,-396.95363760574514,5.522879166209418,0.9987736973401422,0.8394780341421857,2.0
484.0989706412967,-394.368302223736,6.691032413541198,0.9993534634199501,0.905461299334658,2.0
404.25288943416524,435.6580058707533,7.0473426606141985,0.9994650079500452,0.91012164113743,2.0
517.3571774101687,-139.46384866100405,5.4341167211647425,0.9997444395861613,0.9311201554324343,2.0
198.9520151132839,-472.6456681994069,6.287311736846461,0.9994146206608667,0.9296316420588039,2.0
607.99904479205,66.48656652382681,5.871648166600019,0.9995658564721487,0.8996794702910922,2.0
30.08813809213218,-558.2300342680963,5.188898629797756,0.9993863596382726,0.9282424066070912,2.0
331.4775181668262,469.5682993336879,7.319207912886675,0.9995286514419007,0.8966797797788517,2.0
303.77136419405065,514.6284292690575,5.720014154388737,0.9994441934104884,0.9091867075316183,2.0
107.18317637214786,630.9405259536529,5.866537494651748,0.9995987268328901,0.9203702545169313,2.0
41.035723992564826,-560.1981588989087,5.293758901918347,0.9993290810890775,0.9261532588976561,2.0
-460.28265193429115,308.4003372760301,4.9190546487463,0.9995610514643036,0.8998135366589107,2.0
606.9671266159829,76.61571585085841,4.341847795043171,0.9993999059898009,0.9067347712695167,2.0
491.2044783908402,311.39159996772946,5.618633290624479,0.9993316785030719,0.9260501580886346,2.0
-6.973377781843249,623.3070869266655,5.192394301949223,0.99947077566869,0.9135771980917483,2.0
504.9638557082257,-173.27638106527073,4.938556320146611,0.9994108356657619,0.8879500749075412,2.0
-508.46355761121356,-260.20105843149764,5.046758585476166,0.999061344708743,0.875437176389531,2.0
453.04332110566367,-391.35688186725315,4.541330958009818,0.9986605970345089,0.8603723603440219,2.0
291.70284173911705,593.2474250337333,5.420749881123275,0.9991635678400606,0.8960872129350989,2.0
532.5784929485426,-198.92225003546028,5.323753160424956,0.9984587225812311,0.9025125583204685,2.0
544.0933987555932,233.2472325168752,5.537330779679905,0.9987558604225354,0.8564882005263825,2.0
494.65924294931887,-191.45703366604297,4.116855975302424,0.9988539759537866,0.8604457783729278,2.0
395.56710914813937,-395.9638472437775,4.629511867581398,0.9995351058001024,0.8969576695940567,2.0
-70.29273658708327,580.0462804026016,5.773010591408977,0.998905442741957,0.8865519092201147,2.0
-245.75440155492726,382.7404477712592,6.406690934414134,0.9988381235149388,0.885010649068245,2.0
510.9713311579666,238.7809048833156,5.390367509629987,0.9986235384120843,0.853054443005743,2.0
17.836097083023766,620.721232007877,4.307413316265098,0.9994429836219622,0.9175854250305605,2.0
545.8071462242777,-30.21822866696395,5.026984741225229,0.9988315061751456,0.8891392776440334,2.0
-317.978280089038,-365.42182047845205,5.484672132810464,0.998709030189443,0.855209592191004,2.0
-509.35784516258263,-167.6567190460714,5.860735863843356,0.9991369094639803,0.8971105556182445,2.0
565.6903864980974,-87.1218256919764,5.210421902434946,0.999546267535937,0.9028404574853993,2.0
-520.7957602160849,-56.11353602398273,6.131713487680511,0.9994627606243423,0.9312152264656476,2.0
-298.67724583811764,-367.7944621849449,4.966901624313514,0.9984557668947394,0.8478246817796082,2.0
-312.62039659778577,-379.31041385907014,4.3107024374730765,0.999280067114499,0.9244579556442318,2.0
-348.51011002012876,221.79977102057765,3.07809826073683,0.9983810640098445,0.871357597340977,2.0
-316.3157652058357,353.0362187703623,6.8120104553920875,0.9995378462415215,0.918562491835687,2.0
-440.4983611199747,166.25158024790798,5.294437534385868,0.9986326330974806,0.8533866249142325,2.0
436.61396008438214,-334.68318017943693,4.818978690160496,0.998268798879278,0.8674018398304492,2.0
273.09141684469415,-410.5749397917909,5.451243645691271,0.9989193627390166,0.8650089520872878,2.0
-409.35321044664073,-176.05168192529982,4.425264335307481,0.9992767146299295,0.9241354301632728,2.0
-525.1636903046591,82.31613803095829,4.798519366425309,0.9995417895488614,0.9147890179029425,2.0
356.4906344764155,-399.6971966972501,6.034168294147926,0.9997731333254788,0.9193481065151343,2.0
194.0468597966791,574.7704845177591,4.957777090091662,0.999137223787462,0.8964280062028065,2.0
289.23497112373866,485.7094341815089,4.681947034180988,0.999531813384177,0.9280835078702081,2.0
-173.6577227712928,-541.9917945250686,5.262300578262203,0.9993564336769387,0.9077831383496336,2.0
-5.356267728197139,-620.7261541669113,5.254388014029387,0.9981841762525825,0.8981771485712441,2.0
576.6733967772931,202.14979101363443,5.370535562722182,0.998984200265116,0.8903176852632373,2.0
7.8593047790138515,-606.6165066109778,5.254388014029386,0.9988055499119433,0.8614099999497923,2.0
147.5557867516055,-481.49134504030206,5.893523032574108,0.998504951007337,0.8230544864305063,2.0
-224.16772798577998,363.5085565059694,5.582964212264525,0.9984490627517643,0.8480079598683465,2.0
418.1960063696954,393.6242225944852,4.834092449691253,0.9983019790477091,0.8172875716770354,2.0
-279.18895490195507,-495.97342834871057,5.41440600758156,0.9997690118441906,0.9321354381210822,2.0
483.7456236392851,-193.47221316300778,7.02976550635226,0.9995148965360259,0.9148478686372955,2.0
241.5639681306323,-423.99590224915926,7.287161983186495,0.999524047006723,0.9148390800294028,2.0
351.303110409656,454.28848966515744,5.180884757542987,0.9995970603353772,0.919636545597082,2.0
-217.6753793987218,538.960532216632,5.114593224248416,0.999278148033073,0.8822882536120861,2.0
-441.58996726679476,302.0092267234295,5.91754434424887,0.99826006622354,0.8435746727575206,2.0
409.8453364822916,155.0996341976462,4.08833958194559,0.9987763549226235,0.8633911389460454,2.0
422.8509489310639,324.23850723069086,3.5208878484249757,0.9952179469110419,0.7897449011423641,2.0
-543.1424868611861,94.97214288073734,6.1146806306086345,0.9993698107574676,0.8855331439008506,2.0
333.869913889534,-422.36436966898793,5.858032559284997,0.9995626304222262,0.917344390541226,2.0
498.61750025983736,318.7161419701409,4.403762887823306,0.9972877507528818,0.8457186272900103,2.0
403.1949429127319,160.55587653250484,4.534508866672608,0.9994183043890031,0.8918690948039685,2.0
489.83074245761503,321.8815658923677,5.043583117316491,0.9977314001634201,0.8005440867366023,2.0
573.5954169500751,120.47449875000969,4.481795901982272,0.9987312131237052,0.83678586682515,2.0
121.82048383050346,652.9834417147636,5.146037564354612,0.9995775805058539,0.917505611572939,2.0
-549.10956145895,-49.889810031984155,5.031610784629277,0.9997342429941072,0.9288378894763358,2.0
-11.371729821321036,-569.7589934556912,4.849406441507691,0.9988449797128485,0.8611969947846194,2.0
-391.0691715405126,-313.0595157873239,5.457444100802334,0.9993090011595344,0.9031857104490117,2.0
306.9901552945471,533.6590913511136,5.0966339874769915,0.9985186255637575,0.8475452290257298,2.0
-254.40481145823586,-492.28130094385205,5.414007852165797,0.9990806079974218,0.8702546283826114,2.0
336.5075785266812,551.0069531591189,5.354786573132885,0.9992723717105204,0.8806407159311297,2.0
-125.27640050796433,565.1475632781294,5.37063548047284,0.9996739618989956,0.9268537475894514,2.0
-276.69172001168886,-562.2617679384925,5.835206586546779,0.9987526863796842,0.8595738203658703,2.0
393.4184593923963,465.18317916760316,5.320680152080529,0.9993064276693246,0.8819779093935303,2.0
-575.1049050851175,90.92250444249689,5.19292471062032,0.9994660251903392,0.8928291389418189,2.0
-233.19883480626766,368.51967625263063,4.854567177940591,0.9984604666173645,0.87610557115052,2.0
522.6196343808265,-148.03045799717663,4.649060447116117,0.9995104017672046,0.9129905936763619,2.0
-67.28794569498089,590.4590730389963,5.170335130393775,0.9964253036462695,0.8031563594425989,2.0
583.8641966194594,192.50915805853978,6.292472333092823,0.9963028033842914,0.7690515126282277,2.0
-572.5651139646214,43.585772193706084,5.235454759289933,0.9993858271200162,0.9282146407708289,2.0
444.2499216442498,389.4895582508496,6.176230926341647,0.9983812222544084,0.8700668495815651,2.0
239.41202048079745,529.7144227350138,4.140052432152331,0.9992117738789053,0.878236640230109,2.0
116.3021560889991,187.60030826654074,4.8713657639434915,0.998846986595347,0.864847360335184,2.0
481.788364009805,-304.616208870035,6.0062744814530244,0.9992784826579972,0.9252507621956514,2.0
282.6698166074884,587.8382942140238,5.16121869190363,0.9983380005905295,0.8500558366077591,2.0
461.6218229633112,310.4175916309938,5.396970148254514,0.9982695480048025,0.8396341741040159,2.0
-335.75997339009814,31.234305428893173,5.191326842768385,0.9986600780230124,0.8573896494543926,2.0
113.64837107208366,-461.19581825538086,5.581319953806251,0.9993934799979511,0.8955863126010992,2.0
-470.46834690116026,-89.42006007953978,4.227864502452674,0.9992717276625429,0.9010915660435312,2.0
540.2676877577975,-185.73854709517315,5.920831526204636,0.9982970013762381,0.86814045246429,2.0
622.252046581868,195.04941168478078,6.277266439539929,0.998761074277076,0.9428702584331794,0.0
-353.3900991106367,33.6829030451393,4.22839697954533,0.9997442788585303,0.9328506100800915,2.0
588.901047197242,-84.18567076139138,6.414619726859643,0.9994889148254561,0.9114012584528126,2.0
604.2174488802091,87.68247710570989,5.032112014149009,0.9986965956282183,0.855336882065076,2.0
-459.5310476227877,318.7462627168856,5.487799648578324,0.9996969737741359,0.9262522175673156,2.0
565.6098194132395,-26.170993407089775,5.453381009619703,0.9981619919619307,0.8377312463873494,2.0
587.7561828156867,77.07807598917826,5.144082773127403,0.999577707216938,0.9174914897240087,2.0
-561.4891682664125,-33.38446460521264,7.155599675277316,0.9993396621869709,0.8850293024770167,2.0
294.48948449267795,610.046134601251,5.496612629435604,0.9978230235395898,0.8577893683622485,2.0
-505.1626656304933,92.030772604904,6.197641703085342,0.9995692953798248,0.899299997096972,2.0
-455.9391404256117,102.26767687882753,5.941668285865564,0.99964721203574,0.9059681863051148,2.0
-414.33829697034787,-339.3489147876216,5.610807796531786,0.9967448226262091,0.7910697318682515,2.0
495.23989122543367,-395.51122668067364,4.586074379556508,0.998372281879747,0.844689594841101,2.0
276.00100558926357,-421.8746227720089,6.288725896253432,0.9995131300809154,0.9164802508854656,2.0
-258.8745879626401,-443.04034670701697,6.245403752642309,0.9987343847249672,0.8843561119421083,2.0
345.36950460033916,-395.2761271587247,5.969182072455109,0.9996857967355192,0.9186953049893515,2.0
170.65173074437126,639.4411576253351,5.389718473027676,0.9991415717446627,0.8736021541847172,2.0
311.82931702362856,-383.3622322112357,5.918990132204727,0.9994312144401687,0.9109305739932896,2.0
-268.3427149968654,-476.4013089701329,5.5604586762576815,0.9993311494391953,0.9260800814425222,2.0
-272.8648617333824,355.28579847132505,6.4710928823151175,0.9981312413404858,0.8381493968155781,2.0
445.4382172116743,-399.4274784679541,6.618043359511455,0.9992518646312039,0.8831770193637415,2.0
-531.732642428671,-61.805254332053565,6.268094547060069,0.9994762077647324,0.9318105410633147,2.0
-479.29823998544543,-52.511691321307175,5.811188308233795,0.9995155983267155,0.8893093664989856,2.0
-11.06994527459195,581.6087388359324,5.249137349140695,0.9987106433324303,0.8602659763997917,2.0
581.830609259681,136.57012277411962,6.095285373835817,0.998969392964241,0.872719708409787,2.0
-395.7107164276869,-334.2046854635615,4.780187276066679,0.9985186516017184,0.849009735551517,2.0
-356.5444879832941,-407.9617947125286,5.533940221137216,0.9990490419235724,0.8769259569054428,2.0
-101.71556785394219,-601.5181797692193,5.230236638797876,0.9988302877733481,0.863950086849937,2.0
-520.2674825278821,-259.1997593198223,6.876405220094534,0.9993908186225088,0.8906345950567827,2.0
-258.9125605478252,-423.3326080478684,5.221061204178208,0.9994926573468479,0.9303384170847103,2.0
-443.64628113370446,184.7555765132152,5.392750254590936,0.9981303361557989,0.8639682734133057,2.0
511.56866557531714,-404.77495959129556,5.863394296269048,0.9994276403431511,0.9298411767113596,2.0
-403.7221582291068,343.475277665164,4.935060914428585,0.9994709228983526,0.9322764396355588,2.0
-231.7845027820758,355.92245066096945,5.220471960780241,0.9993829122880984,0.90590716483764,2.0
355.28244530643065,560.6205541451507,6.389888254794161,0.9976145821325714,0.8107198690783041,2.0
345.52387087337337,-420.19210413378806,5.8660611075486,0.9995805687653386,0.9180040447096021,2.0
17.287205252253774,610.4560498159582,5.985590330957421,0.9976471646032357,0.8130875189403122,2.0
369.88170044717066,428.942035808831,5.511324730480116,0.9994966088079053,0.9328297731360619,2.0
304.44716192956565,-375.23402750058506,4.699275398766004,0.9994441161917982,0.9312377331148778,2.0
255.1337085093924,553.0484665028803,5.3931952909571725,0.9989769928720112,0.8937608924726288,2.0
-547.203123781886,-129.7538502782923,4.344166409511258,0.9992101084606216,0.9218150688177432,2.0
-470.85824685488006,311.3756149006379,6.0928825668687425,0.9996051465371105,0.9210696880473223,2.0
33.18901122698252,-614.5019315811776,4.5726945765903,0.9984642975916488,0.9057979062192724,2.0
-269.2211477468599,376.1930463170734,4.782313642096238,0.9990455849044746,0.9171733582494453,2.0
-564.720915511607,-62.34327300880745,6.263172009466432,0.9988334360383174,0.8427476858877712,2.0
-383.5916837449712,-345.57981241828975,4.155666473607115,0.9986310464354193,0.8796252496666063,2.0
7.0604245332238325,-559.5606420680432,5.071633984429779,0.9993066281138662,0.9022502667041296,2.0
-544.2861222922058,-63.61643590558132,6.488620180374378,0.9991787566346356,0.8743885384508743,2.0
542.990317403184,201.80823202985667,5.669867860502297,0.9984039058182306,0.822284040741322,2.0
307.5734500901548,591.3681502425429,4.808399333649889,0.9997021771242303,0.9296311517073955,2.0
-203.67256140486867,523.6642689252766,5.749782569229346,0.9992126498043481,0.87736224298601,2.0
-369.27552900949814,-367.9278228516771,5.723900418935151,0.9993156901049781,0.8658325669222865,2.0
-499.7153940149539,-164.70445579244887,4.304299199355771,0.9980722163191734,0.8545152406988993,2.0
-560.2202425236713,77.40379482635447,5.414807576841185,0.9986812752147612,0.8790904671280158,2.0
-82.30569626360835,577.6045104860984,6.547966055227905,0.999484479065917,0.9111600210985554,2.0
457.0956258451776,-280.19975362925857,4.909618570745017,0.9995576449387491,0.9154864182157325,2.0
338.3406853313351,-412.8430122112102,4.446694777592208,0.9995288607934727,0.9206926222941668,2.0
458.6931032479354,-422.0807427818609,5.6981240271201195,0.9996670611741264,0.9237114095161305,2.0
-451.0261793634013,150.55335250768036,5.648139422006736,0.9992648648741926,0.8796327585561553,2.0
428.21931545092804,351.9363668312506,5.621275696473827,0.9992543855331618,0.9084202725828135,2.0
-402.5464756827357,-353.961336953115,4.34251350947394,0.9952834466693856,0.814703081902311,2.0
-305.2728599150916,-561.9841429124463,5.747428613124021,0.9994553110637807,0.931050615759223,2.0
450.98147479172883,-350.9382889923324,4.67328807419061,0.9995093120269298,0.9135690133291859,2.0
520.1308197742542,-127.88413317174282,6.510144130811428,0.9996910269442583,0.9253012855639416,2.0
123.89556667093393,642.6379561986677,5.4337538345360015,0.9995581062551578,0.8997305959188518,2.0
513.6540110973564,-169.5319076517629,4.562814256423719,0.9993761792100001,0.8872237922619806,2.0
-220.23340589489516,468.3737642087798,7.3348669964624404,0.9993458117023183,0.8860324257420787,2.0
291.678127571554,-445.9022729890297,5.632369844619995,0.9996860051352665,0.9300546660504241,2.0
-53.82143718234123,589.3868526257511,4.727421065756266,0.9984160524446887,0.8742610944076337,2.0
-230.34227377328838,407.7287836603147,5.5142214767099675,0.9994851469769817,0.895519937132685,2.0
339.5193366029879,561.0751851989623,5.194481715043681,0.9996171105101807,0.9225724585858771,2.0
-233.35017812379576,233.67275880019264,5.224001231124865,0.9991108506032315,0.854651810659056,2.0
586.1897279416004,-100.10201826475311,5.047154402515283,0.9985660855396776,0.8769647867825833,2.0
-270.46132805872315,-443.2580780659398,5.398314372587195,0.9991969001356422,0.8768262993052366,2.0
-378.9153097154738,-363.38374555286555,5.000612230311057,0.9989697980875006,0.9154138408646934,2.0
622.034855192502,103.33579527655927,5.77506582454652,0.9987870364807482,0.8830625010438383,2.0
-198.80018327227822,510.86886847569895,6.88725930384524,0.9994169150732761,0.8966659760825878,2.0
-218.15149057202092,522.6489367897918,5.025986908554208,0.9994402653464373,0.9087181226874881,2.0
-109.34280919366353,-609.3779569507486,5.755460506470729,0.999430914216478,0.9102033971786161,2.0
86.3836863459,634.6506620762352,6.188548866891823,0.9995163737819317,0.8989245209829521,2.0
391.9356955166784,433.9101747183627,5.469838556794652,0.9986641647144302,0.8307667309361902,2.0
-383.6463123609997,-354.54791978852506,4.850425752098696,0.9984803588684097,0.8798830861071404,2.0
317.01530888467937,533.1700117707833,5.001145175604709,0.9993949040279703,0.9284587687584812,2.0
24.072675172291135,630.9431267446977,7.720440616643192,0.9997015331150184,0.8975119399575179,2.0
-114.86969818325805,565.3966749530205,5.0806515212834995,0.9992449104164365,0.8778295102114139,2.0
502.0849131769882,-382.891806029718,5.418134335268144,0.999026219718743,0.8698223967012069,2.0
-227.32724450658452,214.7612639206434,4.860906440437892,0.9995528981569953,0.9155788198269641,2.0
48.97207418874468,-460.81182201821093,5.33612321124793,0.9986864005609052,0.8323039096070943,2.0
-193.50616022788768,272.26421864468824,4.577257867175692,0.9985143222020597,0.8493712596137007,2.0
541.6175349956259,213.49434664278812,6.1719673411569325,0.99871217740766,0.8354617087591543,2.0
169.83179532507958,655.1654078164734,6.179077567101227,0.9997032906060004,0.9268850358814893,2.0
-454.09316091108985,139.6382090158709,5.572784712554939,0.9997563389717803,0.9314896683068851,2.0
552.2912169478811,-38.49253934769954,5.576041929611512,0.9981685962636886,0.8370167575226746,2.0
436.16078498843007,368.133902972213,6.010661919358159,0.9982538368627439,0.8772709875964769,2.0
-421.56861006650956,-361.6843278472855,7.527183796718045,0.9994329052786722,0.929966520912014,2.0
-280.2915396737006,342.78384410911593,4.130865127406555,0.9988888258177551,0.9125451258840735,2.0
-528.0710323589947,-244.5857932570891,4.593439584986904,0.9994036822125538,0.9288111245645686,2.0
191.7681334204255,-485.66753321752066,5.664755376043215,0.9989175708014852,0.9453693573167459,0.0
-353.954292607646,-420.39502065016524,5.906167690005549,0.9994979857718912,0.9332039168932286,0.0
-434.6632933916961,121.43682656613736,5.498192898727488,0.9992255710877959,0.8982528033229924,2.0
-491.35906441427943,-191.61152362313172,6.665503094925064,0.9985503905112856,0.8483727462946902,2.0
283.7623470775841,613.4594092205496,5.870871470520144,0.9983859503374513,0.8202640115701972,2.0
-586.456745875473,40.60260049498429,6.00288190884721,0.9990017304348074,0.889248071112591,2.0
-203.03007837142184,392.4225496329918,5.236227999954062,0.9996604185634346,0.923643474676286,2.0
-458.6814309191287,-224.6112659466493,4.742069599536501,0.998411331819348,0.845244769219723,2.0
-416.6256447318475,199.8813245532532,6.057686081287845,0.9989196994282494,0.8638190688102699,2.0
559.6379777225341,217.0226075855659,4.018998480571638,0.9970697454176443,0.8457079476781082,2.0
-549.3726645968725,-145.19522788563756,6.496841339041987,0.9996100853528836,0.9192756861524137,2.0
408.2530922997151,-123.15912202335633,4.093409869471797,0.9995269994694423,0.9137173462056785,2.0
-14.25456783394021,-628.8387200953229,6.933620959483422,0.9985443256844456,0.877644957648632,2.0
529.5138608472139,-16.74785464617512,6.727198328895153,0.9992099239392542,0.8786652340988987,2.0
-576.7420873663093,62.68234855516874,6.243666935053748,0.9986415213040654,0.85889793816117,2.0
505.98345585509935,311.1242848249024,6.279431147867663,0.9991196645063184,0.896466838303349,2.0
104.37546711224427,654.2245249562025,6.131286673412194,0.9995273165715073,0.9149943057758382,2.0
-78.01825857433586,589.3674485655712,5.743076751055358,0.9983936742273241,0.8728048634515467,2.0
8.259657954600637,-570.9096402021224,6.265003026261977,0.998337389382718,0.8500813713073658,2.0
307.600597915123,580.9103095409813,5.645312737441866,0.9989548176454941,0.8644607958745318,2.0
-562.1725616610718,47.56054348085771,5.845885934577918,0.999356334338268,0.9044799482732048,2.0
596.0849382712044,210.99658692419112,4.935946840500639,0.9933848116080363,0.7506854780278879,2.0
292.6768001905786,-409.5830703747336,5.0773265945126465,0.9990464954052483,0.8919318432880772,2.0
-285.98492791580526,-584.3436932721398,4.8367426837359515,0.9989866502775355,0.9165549692950196,2.0
403.43986242029854,-410.3237755803663,5.545384583970312,0.9993624861344275,0.8662494704104862,2.0
-467.95058155455644,100.18168196864062,6.272619211152847,0.9998587248145105,0.9304833395265382,2.0
-529.590530124653,-266.94128971783346,5.288783623518755,0.9994939422785455,0.9150590395956166,2.0
-290.7966371252264,-451.97021824803625,4.975629806187079,0.9994356668496813,0.9114342859119609,2.0
600.8447410571262,128.98228413191947,5.005759054400771,0.9973888773821455,0.8152275030680389,2.0
-240.180181417906,343.70557108964965,5.222607513444244,0.9989094864906402,0.8863587202987506,2.0
-6.382929143563708,-495.72994158063227,5.3186962395571555,0.9990109089413034,0.8539398977053276,2.0
-129.71677726280276,576.3460900929199,6.083146394890196,0.999078444304105,0.8716322622033347,2.0
554.9228515819786,-79.8002017032496,4.3646644649493815,0.9996795728782715,0.9263601271558518,2.0
-165.4559615768193,550.7089404961638,5.200175322920637,0.9988596180440953,0.8661625718191145,2.0
536.4828717828918,224.5476157243179,6.1082288065911206,0.9988932672281331,0.8838366817796657,2.0
-240.07508479847218,417.44289446735473,6.208098327045381,0.999281613935383,0.9242444119768107,2.0
-556.6042832732169,-129.90822274719443,5.11809556261616,0.999195666982214,0.8795232247206173,2.0
515.1793486456045,262.5070242724999,5.968327422568612,0.9994204811715071,0.9307855328763031,2.0
-113.01728786886835,-505.45217985353884,6.099639620933915,0.999026998707887,0.8700411320656796,2.0
341.4892962510637,237.29124924070643,5.4045475840098485,0.9990731911473987,0.8922450923001655,2.0
337.93565877808265,524.2351033911648,5.189383407971835,0.9995504907765331,0.9217380649680145,2.0
257.7715518526435,563.7891567228377,5.069963592770312,0.998128744852265,0.8653922919642264,2.0
31.61122160295728,-470.49265622649204,5.142253576637765,0.9994817116362789,0.8955752290173606,2.0
186.07005687155254,536.7092448310349,4.9678160014341515,0.999054873589648,0.8924105327089454,2.0
528.7889899574035,-188.30558340241785,5.9393478962127775,0.9989215347003068,0.86429231836267,2.0
-102.26838990437538,586.0586172405253,7.179100998376587,0.9984574200269298,0.8253634824794448,2.0
-37.98746338495015,596.2046053811032,6.1483788589166855,0.9993852955700558,0.906246249484551,2.0
225.0293405832225,-414.9955242846381,6.510875165337145,0.9996034592862231,0.9039101989120867,2.0
-466.336579926192,338.8393709358168,4.487214774218752,0.9994737632043402,0.893388865000366,2.0
-506.6482135292098,-179.53769610419465,4.341240173433672,0.999282680893036,0.9065625838054674,2.0
551.2058818548356,-200.34428551484024,5.27292625438336,0.9960026548295121,0.7909168284568995,2.0
455.4723304118023,-409.78446982044966,5.201644044878902,0.999555853425614,0.9162791644278047,2.0
-183.21122943406863,516.6476812086268,3.812554401983665,0.9989747270623233,0.8889257717934186,2.0
10.184073252274795,-625.0580002801279,5.820238542946258,0.9982677394730263,0.8484204896815675,2.0
-272.4803180473789,-539.3771121459279,4.9802667400868215,0.9987346445283743,0.908598206696074,2.0
130.10065465805948,632.758846699666,6.279698526239046,0.9995828076236013,0.9172764291749735,2.0
452.35305808219437,339.77255548263923,5.589409860057002,0.9981651980267665,0.8367098826963,2.0
-96.78719237149758,573.4968553438522,6.609425915871655,0.9993324324310108,0.9044539233168646,2.0
-419.0071659268233,249.34481077088896,5.6248867112401415,0.9995985786217444,0.919806850512419,2.0
-124.7979233025989,-600.9379311677059,7.032930948246686,0.9995790461733224,0.9189950844713682,2.0
507.8455037365528,287.4822649307528,5.951558094612929,0.9991862173347783,0.896832580255913,2.0
533.14290863864,137.40730709655878,5.886093342394559,0.9991086011477307,0.873468055577503,2.0
-467.3440525615518,125.47672873799249,5.464912359751686,0.9997254674842113,0.9286668525844377,2.0
313.80907162263316,508.79812893062797,5.615584801006102,0.9991955858962163,0.8972098738369683,2.0
380.8696891726167,448.7183866068431,8.295445125046774,0.999756444107835,0.9317493382417845,2.0
632.8950243908695,71.39502339111677,5.28477657899176,0.999208862829986,0.9008706355402109,2.0
119.88116554496777,618.0353981758255,5.161124584729749,0.9979551172921602,0.8028226353428748,2.0
-265.9356075388251,-505.33871939287786,4.557568572837215,0.9990507081323577,0.8681440145111037,2.0
488.21457870380556,296.7680782585395,6.074207912603837,0.9992676859789296,0.891978172982611,2.0
-563.571802043322,87.5664487426557,5.3568826644720655,0.9987151850718082,0.856143859621518,2.0
520.089974625965,-176.27892939280633,4.782970057779287,0.9985320558331588,0.8295177926723164,2.0
180.98055276707862,636.9106552094821,5.2978781662844625,0.9986909281580203,0.8544280672860196,2.0
-463.7241674477591,-216.11813217363746,5.188328287692006,0.9994537050174384,0.9104450361490769,2.0
-263.6775536525844,336.22359760635464,5.600256084433438,0.9995041372012036,0.9331162171357914,0.0
-580.8637397247511,50.625885828530954,5.556046046468548,0.999339953292133,0.9085044981923521,2.0
-47.84056834771269,541.0953280454933,4.501813667350617,0.9994689948557884,0.9103667470689621,2.0
463.1016012545829,-271.88803421598504,5.381743845066671,0.99929407424163,0.8629662483853638,2.0
512.3601463010117,-384.5079540475842,5.062871729451775,0.9985521481975629,0.8497165343814861,2.0
-564.8362189227528,-75.23289251179105,6.706723950506546,0.9992320627266588,0.8816637723433464,2.0
181.28892497972527,551.7230274205425,4.713412076863111,0.9993957409981671,0.90674633986468,2.0
433.4466924520581,390.07879411347915,4.762753406336266,0.9979280204856779,0.8132488182127123,2.0
346.8829618144364,567.2386645773983,4.426964212265219,0.9976018079567845,0.8665731941203422,2.0
445.32747906603237,-411.0416581061048,5.053180106117136,0.9993864459357769,0.9074140830339071,2.0
288.55501983606143,-421.12620675162395,6.310267020392029,0.9996584573140114,0.9074056570873242,2.0
0.5156623923474217,-454.3051051864471,4.41079088626498,0.9988502660854096,0.8872823769261736,2.0
158.33860631862945,652.9661640673688,5.567210164683836,0.9990759683081808,0.8706537722159179,2.0
554.8009930942922,231.26248634346905,5.419145450678384,0.9994526685860494,0.9308253428150168,2.0
-241.61359376191555,353.659361199967,4.922565501737719,0.9982958001107802,0.841539244006942,2.0
-72.9286594885319,600.3527185449846,6.148114518155783,0.9992366484651842,0.8988044558930818,2.0
511.56655059708794,-180.18373914493196,4.6575780513585,0.9991266331294797,0.8950155148733752,2.0
102.76138520173109,-460.72998887680563,5.3230287826240525,0.999292760303385,0.8899415093640409,2.0
471.0002590679475,-278.2825731146972,4.810106224269941,0.9992442957090399,0.8820187105071922,2.0
524.8781085381136,-27.231597824304583,4.781886288624626,0.9991355970750189,0.8736264152140285,2.0
165.17952044789462,578.7496119122569,5.38680257847856,0.9994808745921544,0.9110515212453116,2.0
-431.9253036034855,200.06232060511485,6.181930364904676,0.998358016213626,0.8709454657368276,2.0
472.2573672359741,310.02230640038505,5.333933557778717,0.9983799487729639,0.845826713627364,2.0
-216.659702768715,-476.0531608670252,4.799560168003453,0.9995035515973648,0.9140586806571477,2.0
560.4375151253953,-47.14863089348809,6.422680587557292,0.9987610266770237,0.8811051936010901,2.0
537.3867050450664,63.75255911025113,4.9485004508219985,0.9994164301784189,0.9292982754042595,2.0
-10.597460745490194,595.5058055269523,5.941281274804125,0.9994094877087143,0.9292256793609958,2.0
354.23707918208834,468.25005960758483,7.175112303977337,0.9998216847391896,0.9290742998208698,2.0
-112.23026977011934,-598.1707165284824,5.872675008300018,0.9991629116148327,0.8747489600873514,2.0
-384.3827170834307,-373.8696706519344,6.917154726972853,0.9986491503608222,0.8297036255904434,2.0
298.08145815774424,-426.8301212051585,4.837262052692249,0.9988530064776097,0.8598314925611027,2.0
-504.20358745117437,-250.17141192914357,5.877930132359915,0.9995774383055979,0.9031925757601612,2.0
-44.32006489567597,586.8876009360029,5.171592329084624,0.9989827685592159,0.8656027112403359,2.0
-255.1539404656195,-466.2949075083753,6.5719000743560505,0.9994999994014563,0.912136539514354,2.0
-80.81494971677914,613.1005662085936,6.2830723025762625,0.9989153843751367,0.8968504959913294,2.0
530.887794331859,-218.52910361707916,6.105055551816133,0.9993220501086099,0.8685440432968365,2.0
-520.3091143685903,-270.84719152498707,4.802816386699062,0.9995174370683799,0.8954698341856536,2.0
-37.26554657485102,-612.8806175543618,4.911711580205212,0.9983264305658593,0.8689685578690776,2.0
-252.5539385668472,353.819732506219,6.076051898959629,0.9996004978272095,0.9084575543947826,2.0
278.78521885095836,596.7154676633427,4.627567718194548,0.9971153313559704,0.8136844200160147,2.0
178.10787829897174,647.1443588478575,5.391473233711283,0.9990773369068703,0.8694782342890653,2.0
142.45018762998353,-270.96776096097386,5.152260385247695,0.9996410207702783,0.9225310971501098,2.0
-238.40561856347634,390.5728726675723,4.414088472337233,0.9988495033709383,0.8920260552033422,2.0
-368.85701203261533,-395.0421194309883,7.024365655007485,0.9990094052502162,0.8671734887901912,2.0
268.7436100962605,608.6756524409778,4.408173607553255,0.9993019201789521,0.9253833519709006,2.0
-425.695034344768,286.0145957129041,5.556450181927588,0.9983694828779281,0.8460416194444402,2.0
-461.33282887055105,133.0577748175487,4.237970031662655,0.9990984354064029,0.8729195251554346,2.0
-392.460971399028,257.651860637551,5.501901689952354,0.9993070970054305,0.9021687264418424,2.0
-279.31370311732553,-475.4839635015866,5.51993400730079,0.9990134263669191,0.8507577949656813,2.0
-274.8679857668513,-519.2442189698039,6.419755881986122,0.998969904367059,0.865967956346099,2.0
403.51656126246303,-400.34216646092386,4.475060582912904,0.9995921557906692,0.9186449433215274,2.0
599.9613506345254,108.99854530837548,6.458733763402471,0.9990449940816193,0.8739918485731053,2.0
449.8422362992734,349.39975402588226,4.480049450180595,0.9960202064246015,0.8250626904285601,2.0
393.9009770995447,444.22193557422577,5.0776569632398,0.9994090830598386,0.9295330525470884,2.0
-574.6616749867504,116.86121386429039,4.925516086742728,0.9991642061986158,0.9203444323928811,2.0
-186.42181880861386,-607.5449460904987,7.296001881161945,0.9994089493631143,0.9295117049886321,2.0
486.53689308142225,-233.70176119023472,6.959429843592906,0.9994711716156055,0.9318576526226482,2.0
-196.95020877101024,532.0241768469864,5.017059842110082,0.9994603084699558,0.8912477741557765,2.0
498.5213207932284,-404.9340831145951,5.450121889488363,0.9994670885096232,0.931814596158789,2.0
353.2095470045527,-413.0739703818293,4.661269220758032,0.9992989963377356,0.9025037548739033,2.0
62.95749963917031,-476.11288349137436,6.205253604110155,0.9996928756005607,0.9265151751405528,2.0
-322.6729848266719,-413.02955102519735,5.2885991191988255,0.9987773729198887,0.8616762959882395,2.0
113.40688630966913,-441.8383618731482,5.590694710175786,0.9991929552198624,0.8756029599616054,2.0
-380.21960408267074,67.9349926255916,5.286716529907087,0.9995187038113401,0.8959464582398105,2.0
-436.08426854094967,-338.99156862329545,5.387456389289984,0.9993002242053867,0.8821323178499367,2.0
464.41346361600563,-413.6026180630164,4.560731947297574,0.9992378283511754,0.9012557805519817,2.0
360.75344659893926,-419.8662150760846,5.349790127747486,0.9992951555227853,0.8917736958170293,2.0
-195.04104291099964,554.8827236986323,7.319928409357281,0.9997385233942019,0.9309761623807399,2.0
-382.30940175584453,-386.0879243725989,5.539667010025582,0.9995030361243598,0.9186616683694404,2.0
13.9762807558627,539.9773289449058,4.429072227398172,0.9995765052338403,0.9178112391670445,2.0
-268.1239784532658,-580.6888812749415,5.796342615949653,0.9996288626625283,0.9209170363392353,2.0
-382.9270552227449,-149.24837045503568,6.409937005183767,0.9981543763374316,0.8462587304676488,2.0
141.56533796871608,-499.2975079498299,5.806174987107295,0.9994143313813141,0.9005126331756372,2.0
-141.9576255194877,580.6449691658984,6.943605644443173,0.9993275200443713,0.9040471041245831,2.0
143.74532095866456,-511.11907160713184,5.796667736225628,0.99947670409093,0.9318298438715639,2.0
-555.6724278105834,96.09114382567724,6.349195563805209,0.9989516523830205,0.8636529575708403,2.0
631.3087147327708,93.33051761068127,5.867898403659861,0.9995729108332768,0.916827301690301,2.0
-537.4523396569474,-284.3670213532847,5.072904029930613,0.9992038910581053,0.9085938476433,2.0
427.06916246502476,396.97610827494316,4.689971580599894,0.99933900912912,0.9041289684690667,2.0
-257.0523255034809,-520.7312956082948,4.948121044879205,0.9996642911989687,0.9261316758119187,2.0
-501.95903040506306,-197.9161838641145,5.373157462270174,0.9992711987175936,0.9009660776338266,2.0
-280.56943134957703,-448.2845493579334,5.924865174884926,0.9994067187884433,0.8909867332697236,2.0
-367.1114177114104,-407.0135035810096,5.145240547765989,0.9988145144929848,0.8598533581699964,2.0
-570.96788394332,53.394758030915995,4.778799810626476,0.9977297639901921,0.7962333643161266,2.0
-462.9908156636181,329.3026813270116,5.646309521308735,0.9995149051464705,0.8789483129908747,2.0
351.04715471992614,445.2730444375693,3.8655882470542053,0.9991336209597201,0.897205183340772,2.0
192.40725136358935,622.5415359407043,6.95384576565617,0.9996711078759682,0.908154881064812,2.0
415.12292170212396,-371.6973448978512,7.056462833164717,0.9992318969128515,0.8784546152887687,2.0
-262.2234007476743,358.4323142537958,4.6999133298115945,0.998439640303587,0.8449972487924735,2.0
311.3194229844314,523.520640348187,6.001000085026176,0.9992753436731762,0.9006924437102766,2.0
-475.70422986009277,332.37963925955023,6.908912068898778,0.9995553461382742,0.9041468461470192,2.0
-380.5354168127913,-396.25140392580926,4.8268819060217405,0.9982736004727927,0.8712010101320317,2.0
-132.6585057638217,294.3226975899748,3.6367628978361037,0.9986593379367062,0.8590633025844503,2.0
24.145237041198893,-616.1267650697465,4.681135639292446,0.9988262637851685,0.8586814713911862,2.0
-109.03714740155318,598.301565593306,6.8848905430684555,0.9991170847312494,0.8785657644733956,2.0
285.0927322037218,576.8694158306375,6.188153457296312,0.9984865741841601,0.8467395217869377,2.0
331.80218648497123,515.7751491820312,5.3218140366905615,0.9993715421999549,0.9277717744602373,2.0
-408.1108922040999,324.84072434249407,4.7783718114884834,0.9992451453493485,0.8992903305539707,2.0
16.53452402096691,-635.3169592965584,6.385917978049911,0.9982970278578673,0.8484999950149863,2.0
447.6625876803783,-421.1916709660798,5.4088603859321545,0.9995527523866463,0.9152141007685581,2.0
-385.39385412191814,-408.50599651707876,5.050708704211318,0.9991258838750131,0.8944373156617559,2.0
589.945655141666,144.46072899121214,5.1350000390967026,0.9992210171421291,0.9222151139833269,2.0
195.85483372999934,542.6036357462295,6.526407574208499,0.9995150563150282,0.9153903181656028,2.0
-587.2451523253625,59.011982082476074,5.007403307479993,0.9981661462539594,0.8750552801347405,2.0
-568.7893164072688,70.9941045940992,5.381620810766567,0.9982006476533767,0.841506804234424,2.0
-18.6832948735783,588.303094867725,4.959813985696523,0.9982958230551165,0.8398046406388031,2.0
-308.70731121112357,-502.8034352008637,6.714319982142058,0.9990705269079471,0.8716959436488889,2.0
-434.1528913576527,189.08956551967313,5.168828700637998,0.9970207220043314,0.8157005279546589,2.0
357.6910951260522,572.4297171110414,5.807586098720863,0.9983337025701271,0.8718373623015263,2.0
-578.8398633151935,-81.41091109405978,7.521095286888397,0.9997158120053355,0.9302507319190658,2.0
567.4966679139512,-117.11355508145492,4.8529778482130395,0.998454722057315,0.846353502382956,2.0
541.115611407281,-20.73957856918864,5.635559691805484,0.9982798657086353,0.8170326617851548,2.0
519.5098808114565,316.83836450228546,6.392555025580486,0.9997823894711895,0.9213610374796373,2.0
258.9395719594189,585.1415158801508,6.931139132143881,0.9994047993589082,0.9288975317508,2.0
385.61600854162987,-416.2836129247184,5.600584503422974,0.999506031479637,0.9197347875882983,2.0
476.2896236630567,-287.81921828976084,6.116194155450458,0.9998235377931926,0.9277440859466436,2.0
304.6232615797695,-435.25632866416436,5.889228577613248,0.9993658677918447,0.9012862229578313,2.0
-474.5826322091081,79.65423461265999,5.277647874113677,0.9993243116627745,0.8849530391938754,2.0
-576.5385420830746,-117.23603521008671,7.020772867492023,0.9995615889119055,0.9179535428396509,2.0
-413.51242536750414,240.0760657068478,5.2024497415883,0.9988415143116661,0.8607652638835437,2.0
-501.7045851570247,-238.00862017460508,6.555893184749488,0.9997675860752423,0.9187847435807742,2.0
365.8813339201076,463.17014606423794,5.539108178881295,0.9997058277995157,0.9306558283639663,2.0
-275.8451997598266,-506.2737389105809,5.445549761604561,0.9996434599050851,0.921879600971869,2.0
341.3849354946657,-430.37409786853925,5.1832940253172275,0.9988936895442023,0.8613891287382184,2.0
529.5355023104058,-156.76101892842615,6.084317162724715,0.9995120948705314,0.9131499264675331,2.0
551.730131098199,82.57420599113792,4.897785894463087,0.9991978251640095,0.8973129020454621,2.0
537.4227687777429,-209.20068498732124,5.343212448914356,0.9993756996101966,0.9060815978834007,2.0
526.979029692457,-207.9501111934603,5.214655867538307,0.9993237438924369,0.882192371289935,2.0
42.1040839706723,-468.4578620963484,4.987440394142737,0.999501133395907,0.9135278326369783,2.0
-376.26691409228766,-408.143287715413,4.1407084024298975,0.9990531614165301,0.8949268998070544,2.0
-26.901176890657265,580.2877596684326,6.595966275266768,0.9995063665079578,0.9131214719152912,2.0
-254.1248049253619,341.34729359175145,5.080721120282624,0.9979104768871557,0.8921540006366273,2.0
-287.7221875080135,-482.20764038868543,5.3039629661054875,0.9994867069518923,0.9322581367081778,2.0
326.92101543494493,527.7058077022856,6.370083924200928,0.9995633965268201,0.8884693681228337,2.0
-445.48677959031625,-67.19594799269167,4.968061604593543,0.9987917750515797,0.8577668272272139,2.0
311.95907670655754,466.69299804596136,4.5551050016545656,0.9992455153836134,0.8845633750831953,2.0
517.9120998135778,45.988387909393666,6.115030767070671,0.999693156944952,0.9256770392000911,2.0
-556.6345149527439,-55.47637223918076,4.37001989571004,0.9995189345818937,0.898065875267507,2.0
-119.37649987794374,-590.0879685052939,4.994114822721875,0.9991588048179842,0.9202573109313296,2.0
533.0574172102739,-167.17333222373006,4.3259279967524655,0.9986706417665423,0.8788047399299059,2.0
334.3803762456348,504.45424386350845,5.175106665209306,0.9993173230875723,0.925650936512057,2.0
-11.131322476419925,-559.1540265867026,5.817108066750373,0.9994411186915889,0.9122862173049863,2.0
567.5532971848999,-37.239269845153906,5.887404716741123,0.9985757565029809,0.8757413732449735,2.0
620.5664910524356,92.7909458631662,4.945174196727105,0.998600305690548,0.8521192424811057,2.0
359.879285262952,549.2600912249471,6.062831152565778,0.9967902982223604,0.7962122600139733,2.0
-123.82483945880388,584.698484886361,4.217963636948031,0.9980657853168913,0.8625141036176468,2.0
-35.350986730637956,586.3671801385645,3.869460774885699,0.9990157102125707,0.9159139955377978,2.0
444.2015688158293,-258.8970766789848,6.5714413966471446,0.9995744772577339,0.9170385200124614,2.0
133.00384097708397,-506.99832228295986,5.776975695788773,0.9990025906399593,0.8697760992104981,2.0
-463.2751839600877,110.79427991378378,5.3396992363860605,0.9994577519869106,0.8949137118502691,2.0
97.79004746120975,-426.03563641641284,6.76602825852266,0.9994839067855357,0.9112201892648211,2.0
45.308251172324745,-504.86421876124405,6.4710161349558355,0.9996355744117174,0.9208175099890656,2.0
-59.41539086441064,600.0639760631439,7.425821693212556,0.9979788088264959,0.8165019520748468,2.0
-90.84614081747601,608.1723361730144,4.993350231940843,0.9975266971460958,0.8188623888601945,2.0
-497.45030063855603,-279.7299624375079,6.060883863823303,0.9994261412161201,0.9308224193343754,2.0
-53.3501010621271,-602.7236586348179,6.299446090032673,0.9992212379661365,0.9014801070895777,2.0
596.8702990977442,94.92192492825882,5.352353031253923,0.9992603499053401,0.9033017733407586,2.0
-502.1696002686516,-187.64229555200205,4.958024232742446,0.9980343304199479,0.8129092726313747,2.0
362.4538773410619,-409.3661835008367,5.349790127747486,0.9990929238343305,0.874751125989943,2.0
-511.774121467004,-242.90132946513447,4.672053886258014,0.9992573085411051,0.9004781598517151,2.0
-424.156044228959,191.61994013252078,5.18528559631176,0.9994736544121131,0.9159640834172548,2.0
-503.951250648634,-127.35461289212073,5.070913345746438,0.998357695863697,0.852604878427715,2.0
-61.196910322022426,38.56018960688075,5.08769332131102,0.9989549107438696,0.8897634163045003,2.0
-553.983753825234,-94.85496133949964,5.305894336339411,0.9990741543671938,0.8932093344282869,2.0
328.64630963430596,538.2493396649827,4.342079216588333,0.9994569977242405,0.9106090511293344,2.0
-290.4340166278953,-518.5383727247811,5.126812023972605,0.999279005805821,0.9013220865906478,2.0
506.5198418319244,47.47722966017706,5.410760232535879,0.9995062384879669,0.9128798338834869,2.0
461.76071340441655,-296.9173707817109,6.00925595202601,0.9993090930265988,0.9038769870032816,2.0
526.4321788394311,307.65032863056047,5.146884361444807,0.9982954978454927,0.8490775604997527,2.0
-130.11264152619364,-589.2706752133306,5.840946675543531,0.9992490447719149,0.8994970496325027,2.0
461.58312701225844,367.0588925604097,5.856849968620099,0.9987302725030234,0.8847732657107233,2.0
473.9125820725443,-385.7928156525752,5.294151026919824,0.9996505034321851,0.9252422613642522,2.0
-527.3581082992489,-278.2833035264075,5.47647275662746,0.9994063200291768,0.8884778554748904,2.0
396.5478021279188,-419.26000347183384,5.785361174550416,0.9992424586666635,0.8780871780305902,2.0
-600.6088516896245,63.411323836259655,5.486749982751935,0.9992478481953608,0.906047628302201,2.0
-456.46330621721523,-343.62064701707686,5.123137156881724,0.999611913688059,0.9207393000523031,2.0
-323.5285474916624,344.06639390042346,4.769074784876017,0.998460872182068,0.8469458000210561,2.0
-581.8319486874385,74.61252852801,6.753822153923371,0.9995124822496791,0.9160899488749745,2.0
497.4801971758724,328.29281279565424,4.989466686228475,0.9995581723775719,0.9199496721269258,2.0
-484.3943244880649,341.845371356739,6.016001360505224,0.999108046535538,0.8750324669235677,2.0
20.787853707789857,-624.9732938956278,4.8359169515669835,0.9986155803403575,0.8549906284196596,2.0
342.30992750477293,540.6999584533387,5.365622890811706,0.9995119507890681,0.9134841546572626,2.0
475.4383299915344,-417.921907579558,7.339031347098483,0.999567450512058,0.9186444985880295,2.0
542.2027143190977,-196.1654616437885,4.810239351156435,0.9966837069949456,0.8354030169183511,2.0
644.7467745419443,71.25519853143973,6.642374273738361,0.999348307716011,0.9042512536147994,2.0
299.44380579303277,-417.07395358530647,5.0773265945126465,0.998923386409778,0.8644806901140277,2.0
540.2812273298981,-8.21096240246463,7.000624428569909,0.9990994878543938,0.8938719307778329,2.0
320.3384601387353,-453.7119278644001,7.352904462557738,0.9995711517402942,0.9167927996967842,2.0
632.2517412288319,103.92341038267293,4.553496473374849,0.9982442612542901,0.8669270309962833,2.0
-468.7164022292234,-358.1354034336901,5.37439669169348,0.9995594428408786,0.9174560984080177,2.0
-322.1735438574902,-423.73198496580835,5.507886997917088,0.9983995595033168,0.8201409395244146,2.0
-575.5299625794316,-68.23792030346698,6.127059146237344,0.9988766147082472,0.8610390162166134,2.0
523.1729238273016,-226.93141702495814,5.371230656294398,0.998697180624875,0.859046847692721,2.0
571.4506845233063,-132.8172119827843,3.35746729055104,0.999159032566838,0.8954329409951938,2.0
345.6687815615914,488.0634014321735,6.47092777250931,0.9990323102251503,0.8538849699869953,2.0
405.0371304063137,450.2841494341002,7.662902963143024,0.999220725671539,0.8390135811127843,2.0
17.444012745850742,-563.0885987599421,5.93693940224609,0.9979530381439422,0.837306747885217,2.0
303.50430768048625,502.36360693745905,6.598605552997271,0.9994991264784822,0.9121998460017927,2.0
443.96990122547675,377.96883511290565,5.473165950330427,0.9973720208994117,0.8383852968545141,2.0
-25.842881433063845,-620.9628791529854,6.994884742564997,0.9989247193862959,0.8856209344698385,2.0
-474.0259245131142,-216.33095092702206,5.148248143707879,0.9990594154494339,0.8751432733849807,2.0
349.79028693810454,415.0074212762553,4.1023149270675585,0.998514489926394,0.8738325456217396,2.0
-416.7476646273996,210.8479435676703,5.007147843173187,0.9983281057470942,0.8423993875356613,2.0
439.67119332782147,356.0346055404081,6.616241602156854,0.9994713416166938,0.9136852932241267,2.0
-446.1038621862186,106.40112274869834,4.773812914824021,0.9992217348622838,0.8776330196331867,2.0
107.3495042100666,-433.0396624668161,5.1478743475421815,0.9993924050433156,0.9285212625974347,2.0
-479.33066073683284,-3.848275504880799,4.589297370077702,0.99954937584208,0.91504574372402,2.0
-389.7367251132056,-399.4944390382325,5.017114571506192,0.99853832513976,0.8481818900459165,2.0
-3.8152281605270932,605.2669257644578,6.0260669229495605,0.9984725639387514,0.8227448518939328,2.0
-290.34857264247995,-492.68537852847606,5.5580973528651,0.9990988713088552,0.8932680108678152,2.0
271.6317312756741,511.7184928439259,5.296822450180059,0.9987100598798624,0.8873796239944922,2.0
-531.8113173077885,-187.51125025857522,5.095471326555791,0.9985828821715044,0.882492264076711,2.0
-118.54566074313585,575.1357656037284,5.198767759956892,0.9994984720290885,0.9123878081542788,2.0
523.2712046119238,-166.52347522989103,5.5575209652721105,0.9987159382242338,0.8340857760856568,2.0
41.36356336541658,298.44266633177824,5.710324345822789,0.9989869803028102,0.8886735617518738,2.0
448.24446550208233,367.2331111579987,6.248021177252226,0.9971063124283529,0.8099994420101746,2.0
-564.4347030509908,61.15056155801373,5.434307866028528,0.9991568348511322,0.8958819830628767,2.0
-26.33566842420995,595.4770496197563,5.60146289467542,0.9993643867645198,0.9273667584913711,2.0
319.47731073659156,-414.7307316308895,4.864424122503332,0.9992602487122793,0.8842608090826138,2.0
531.6151031138546,-144.155623792143,5.184630893315803,0.9994290522389705,0.9086322528500689,2.0
590.9481289248855,-39.894962328251424,5.796520312748737,0.9996304404005271,0.9225121414903993,2.0
-230.03110021477679,447.5304335922137,5.474823584669474,0.999284481469958,0.901066641251157,2.0
520.5267983198363,330.0937112537799,6.915792287425259,0.9991920035548544,0.9078672824645139,2.0
505.49605582432946,-393.65457670118116,5.906498316285608,0.9993384478366704,0.906408462132628,2.0
-565.5670238365357,-103.96005879787872,4.6749665829022025,0.9990817480035457,0.9189685714957561,2.0
-446.36764067012354,-341.4084326962616,5.208318761196177,0.9991609687893288,0.8985034900563902,2.0
-424.73446938261117,237.9497043907215,6.291233232623964,0.999497783679751,0.9328311827275032,2.0
21.209172344464214,-605.6596032312525,6.244285529597578,0.9995778229013544,0.9177885085549303,2.0
286.6622953385339,602.6831748473016,5.350966307647397,0.998346542797867,0.8424164938684509,2.0
-551.4243839139764,-120.23254662518336,5.886458779901261,0.9994175223824225,0.9112832432641378,2.0
646.5491558138943,90.15633977037938,5.842156005603739,0.9989699109630393,0.8649287052160206,2.0
403.97659818242204,463.2837030257597,5.454087585769283,0.9990523675520538,0.8711760239458807,2.0
-121.75779262413839,-614.0910856435198,6.544143770527249,0.9990442231897916,0.8692975000475867,2.0
14.335892974408731,-614.8371357781107,5.259540600038142,0.9993043887584192,0.8811386514636358,2.0
128.97465248317084,664.0147866111558,4.833693128393929,0.9993058672527358,0.9038406842033533,2.0
347.87979971703305,550.6416056196634,6.081784748082818,0.9992321278776162,0.8606409106242213,2.0
-254.77679952974938,364.37751540851934,4.730217295037682,0.9992610746463473,0.9053957652109929,2.0
493.50021455264505,-273.335667022104,4.627058871788093,0.9996233373538496,0.9224147594328068,2.0
282.80665745463324,-431.236468106456,5.353336974246264,0.9990559875596172,0.8701328844539284,2.0
-486.68864128077354,-178.7656071170541,7.107523320371697,0.9994712515918937,0.9326165316732671,2.0
-205.88121268942567,551.0075266700288,4.250679221561313,0.9991471987731049,0.8977889732633995,2.0
-230.7725117619971,476.5503574920198,6.10047871554123,0.998442291965094,0.8743835022841282,2.0
575.5259605054682,66.37427052776421,5.229455132707332,0.9992549887550051,0.9001899240309449,2.0
-205.24895819093084,540.1683790759607,6.641626138618595,0.9998067372584942,0.928068518511669,2.0
391.53820836943885,-429.0501740195766,5.264223535014267,0.9994244469252916,0.8916871059170622,2.0
-288.51758441104573,387.24673191062305,4.824205072015229,0.9988139692257996,0.9436898509415215,0.0
-46.97946557970152,603.6388848180294,5.579356830843034,0.9994126001344278,0.9292653140190684,2.0
77.8190271598498,629.4760276638748,3.8781789749500652,0.9979000945875655,0.8329317613875977,2.0
516.1545571275906,305.50898622762094,5.444600230412818,0.9983990398742529,0.829649507841298,2.0
36.264597645416416,626.6831178124866,5.225439049284302,0.9989715005070731,0.8919618856089707,2.0
311.2080884072155,492.3819452118815,5.36423760892272,0.9985072338074652,0.8968873094739883,2.0
-545.9495089159974,-279.03757996360474,5.021175163880964,0.9978225348644721,0.7997291712778098,2.0
27.574978568505802,-702.3061978779692,5.051150442209769,0.997973221773676,0.8696509125870713,2.0
94.16338075414008,-436.95676907926554,4.808161019175697,0.9984953512114451,0.88053695734613,2.0
343.28419369381055,499.37153947030816,5.142325272201046,0.9990678992940853,0.8708106510399728,2.0
572.7307050591509,-47.180642479480724,5.082326040000719,0.9994651418591856,0.931318611438856,2.0
545.1894910040949,-131.1210784145726,6.4884734801688415,0.9988128933868242,0.8850865240500466,2.0
580.1547951361676,-133.87005261761206,5.441288542539755,0.9993657466617949,0.8868958621671263,2.0
33.62074875835789,-487.67737269155117,5.317899386488807,0.9995163664025638,0.8963054097832495,2.0
-595.9091261504449,53.83055681471369,5.203892289667235,0.9986025638492708,0.8870257841935308,2.0
575.9862635897256,128.48814838407642,3.912849881899153,0.999418259723638,0.8909173923001441,2.0
518.1231545411041,-156.96097125103898,5.390231761883367,0.9983307098251398,0.8196068979315831,2.0
356.9289430913774,488.90503794380896,4.899521577655215,0.9989474145902822,0.8690102896389769,2.0
25.48924438094508,643.9019297543433,5.340970993373511,0.9995520680804498,0.8998380253068355,2.0
42.248835846770724,582.9816588392256,4.676429892479418,0.9993148814386116,0.9022892883994172,2.0
282.56105707722486,625.8626605692193,6.667852660442423,0.9993198288104319,0.903108784751536,2.0
530.5215839943197,-176.83352072264026,5.717711866621696,0.9994588340288295,0.9097169840639489,2.0
-336.87784410469783,-433.26212910505416,4.501734510954891,0.9989924310011656,0.8890706809696649,2.0
30.8268620161993,-629.6559445620893,6.334664349882764,0.9992959613926757,0.9093514957875033,2.0
-431.4117408471894,-347.1821253086083,4.098210190276994,0.9981839589701602,0.8669317653769287,2.0
-568.1143755873596,-51.8026590561216,4.904365052610759,0.9979710933771674,0.8309454691656225,2.0
-472.1094669319358,300.49792079021006,4.9136578520757555,0.9994310705401611,0.9299533312329135,2.0
-605.3418972785207,50.311334690195125,4.977696622153961,0.9980098403710054,0.8615714447385808,2.0
-63.561087357916406,622.0892286267622,4.237462289532434,0.9993228838414063,0.9037208526351403,2.0
487.1331231446765,-367.7923234725787,4.8719645544629975,0.9990458637877854,0.8708683655572551,2.0
-453.0623607248416,190.14249060269967,5.547560511671207,0.9987080931376949,0.8809932671832063,2.0
-68.01074714614177,612.1403645312316,6.690796912680918,0.9983975266474743,0.8568960889593153,2.0
-469.1277923211925,353.85608056651415,6.732530092402416,0.9973788227168897,0.8646914238127021,2.0
637.0217219336784,82.40245954705453,6.499567707538478,0.9997016680043171,0.9276580218201991,2.0
-529.2769775320647,-200.09218956481237,6.671453591869423,0.9995602353955377,0.9194567390761873,2.0
-520.5482700503853,-238.14999685511071,5.358137038410788,0.9992826645176197,0.9019710323679713,2.0
-474.58856319390134,112.87248914572083,6.217634732786124,0.9993842596604365,0.9066144733522278,2.0
-398.81798339204653,-325.4809459246764,4.524089520404066,0.9994586889184869,0.9100474885834816,2.0
533.0050533642193,-228.8059425649178,4.440516231403608,0.9992082030415786,0.8989305525839869,2.0
-29.945269675621244,569.4986811805938,4.685444582655442,0.9989041995147668,0.8878511453444294,2.0
-187.9593984451733,412.2692767236845,5.120856774727396,0.9995617600152377,0.9258512477707128,2.0
-345.15096686672734,-398.8394634141947,6.0932276928099505,0.9990815014350483,0.8698786954946391,2.0
215.2246329470031,-214.15645682186926,4.095689287051774,0.9991422431298653,0.895250348191871,2.0
9.600682733853404,628.4989466879024,6.508148274672824,0.9993935070770251,0.9285280751219074,2.0
614.4593310807102,83.81341307103091,5.991891128877671,0.9990921196341163,0.870446095934289,2.0
-119.93000805558049,593.4434294100324,5.146167288620842,0.9985312760178401,0.8572319781085183,2.0
173.54832665584678,627.5821681579665,6.706601421256852,0.9990905659477608,0.872754365471519,2.0
382.25242503162286,-433.84425593452875,5.225697014357698,0.9996720540503156,0.9245296838119955,2.0
-113.18142957575252,-623.6274732934164,6.368229816333088,0.9986452984730614,0.8516171940476145,2.0
556.6980845607864,72.70555183045407,5.247819973603502,0.9993976035075218,0.9066102983028839,2.0
594.343752794959,-214.28691762938848,5.298625271042463,0.9989227346020246,0.9149285669619668,2.0
-237.2944643914511,494.99611434693264,4.673168474348158,0.998722781340622,0.9275082413651049,2.0
309.3512050441146,-423.5135390181176,6.7708394123765565,0.9998064688225898,0.9207391639490398,2.0
142.33985398401697,656.1996169437205,5.514532944385493,0.9995903957868468,0.9179097032433594,2.0
-509.70116050793564,-17.2532808723474,5.218431416990069,0.9991703039730593,0.8962151614245434,2.0
-396.75206549820126,-392.54123590952474,4.92486569435039,0.9990778459901428,0.9185317181999845,2.0
308.8858981404158,-409.9683361364511,6.806125774065508,0.9994045942846648,0.8912517690098015,2.0
-378.80250064162635,193.28242369598811,6.105910276582852,0.9994701200624427,0.9322338130084166,2.0
-449.5376200449595,-351.24737281599823,5.205005649003918,0.9989017526878752,0.8671901697826401,2.0
219.20702848844587,214.0785654559415,4.1811844009867905,0.9988501227148805,0.8723706545198692,2.0
541.0670538229144,300.33871412477333,4.871480495806661,0.999521033069997,0.9139499504443237,2.0
296.99816804473016,576.7871612687312,5.792941060858575,0.9991109792536388,0.8726943617827121,2.0
-602.5666985881601,-74.7545812513215,7.0974300777370045,0.9994477838790683,0.9306775181004725,2.0
306.0776299681455,611.478511767955,6.326317060694518,0.9982643396441465,0.8717090392395617,2.0
-458.7802145266335,348.7138805328246,4.887691424953689,0.9991602921684068,0.8969232244663289,2.0
586.5088594975508,-20.512354125278208,6.011347284089511,0.9993041583573035,0.9250941198250178,2.0
-442.13349130259974,218.35425194906063,4.377500647566111,0.9991486261854539,0.9200227647856768,2.0
581.5487189160187,-43.82535007040714,4.4170470810679525,0.9983237808361638,0.846084768450536,2.0
527.3891008720861,-236.27916562956594,4.939893037430746,0.9990939549419096,0.8731688361923966,2.0
9.573397000687866,617.52585842805,4.573986009529478,0.9977121656315893,0.835313949624045,2.0
148.5902608714896,646.0902529465723,6.4140800394947926,0.9996236820277177,0.9200578753051757,2.0
-334.3981902538632,-409.4050254433443,4.665157609218394,0.9987019455472633,0.879933944866191,2.0
-242.17307577485167,475.0037604026568,5.378068790026806,0.9960220631261512,0.8279116890588167,2.0
262.25617719452396,-432.98066629385033,5.19734071896621,0.9993913302556947,0.9285977158313555,2.0
332.23671371644656,490.07724371348604,7.207490596055992,0.9993875117360137,0.9080760367909023,2.0
596.1739089196965,191.1202948501842,6.155677286805807,0.9995178116105988,0.9171220865867794,2.0
-459.30888878742235,199.08740225972306,5.424374171196141,0.9991014209312767,0.9200672504106908,2.0
-553.1639016256797,63.127733275834906,6.080504698514449,0.9989575222504243,0.8881460997345665,2.0
639.2411574776037,112.97080680268893,6.946062314596294,0.9988802242066568,0.888465922389708,2.0
-433.57593209213934,-43.03395459337328,4.908773569752288,0.999257741606284,0.8998174738355451,2.0
544.7813739394319,-175.62452416628634,5.292974480330567,0.9978471497167308,0.8588301582256882,2.0
-473.97538381581273,343.73198474588605,4.616639066636325,0.9981883792248628,0.8504838764554239,2.0
606.572909649401,192.08981106222117,4.313694662174438,0.9992250669077964,0.9273760838989654,2.0
-482.67047678125465,-306.2091885176545,4.827290404408032,0.9987712715286409,0.8592940784999331,2.0
-580.4912337444711,-49.32306818402034,7.792948621286428,0.9992959207890971,0.8820857206069007,2.0
-230.5820535783642,560.5771108999539,6.593615143247573,0.9993246299504112,0.9261323556939943,2.0
181.2130602564267,619.1428544544706,4.795228482267593,0.997990639149303,0.863433681001986,2.0
-424.4756494448691,-31.3818848948408,4.073509679412559,0.999475515603088,0.9110186894538402,2.0
-587.7523741285131,-89.77912431496934,4.729121568710584,0.9994033223692907,0.907895585805812,2.0
339.5115680254598,478.6212736382675,4.85891320292065,0.9990192069652143,0.8937911786126286,2.0
593.7291111566665,-107.89638803389172,5.875405881011631,0.9990002788283403,0.8670536866428143,2.0
211.2594643846622,-166.8908035781046,3.7752323799714467,0.9988275965254889,0.8866730854732039,2.0
590.1462529312303,102.92918963922851,5.180537979699264,0.9979795446706683,0.8052099323892381,2.0
492.5778032925708,-258.7088115282224,5.511867469178504,0.9973572009150935,0.8265065423842255,2.0
-331.5630997191835,-418.77510173907353,5.180443261584044,0.9989503285241197,0.8885381373640561,2.0
588.7924208459247,182.40106664514298,5.0960882272911325,0.9981084190054785,0.8961218017613406,2.0
-129.6012798757917,591.5330565590926,4.7993357879864185,0.9982007340061239,0.8678349928763471,2.0
475.83076746714556,-372.4326587933879,7.376014029203043,0.9995413003582051,0.9012347084605999,2.0
432.0082869306285,340.13761044627813,5.03405148156108,0.9960192570148977,0.8256663570296133,2.0
97.20024694879005,634.3039042253871,4.697189276732382,0.9987515479075966,0.8582305780939654,2.0
538.5388554050871,-151.04716261791708,4.642567801217255,0.9982991423325152,0.840205387019361,2.0
480.59198764565724,-437.84132571872294,4.986424750885562,0.9996119372128344,0.9203459172845075,2.0
36.30498667469517,638.5852018811238,6.7413104808677184,0.9995584909389584,0.8993385312114895,2.0
-537.1018936983885,-274.1380504767128,5.171944960110742,0.9988586193118617,0.8474678943838313,2.0
277.0585014617824,605.6212900548426,4.501322094003745,0.9990593074320856,0.891681022699131,2.0
266.63649303864185,629.5232579828349,5.537215927605218,0.9990348646735842,0.9024546170793398,2.0
517.419821955005,-394.3901775794504,6.12130401467282,0.9985923249055123,0.8257931409789746,2.0
-578.1224708474997,-35.52116476035549,5.483081511819429,0.9993774365747966,0.9280137333076486,2.0
200.96435618096248,-441.5589932412991,4.993470083287417,0.9983416559992007,0.8166696130497721,2.0
526.6265999977585,288.7235481228928,5.149789910152554,0.9992492726162452,0.8788053783607809,2.0
-470.39265763947014,322.1111032580463,4.716094481867333,0.9989643938955018,0.8890879002259419,2.0
372.60804491747353,-116.3137080069008,4.573552155989352,0.9988604648543372,0.8844185752802891,2.0
200.19340187258496,643.5294304937128,6.085255749018552,0.9996877820677187,0.9251835898107994,2.0
-569.0488387710383,-129.49825094899646,7.396131983390482,0.9996997515776705,0.9261615822534688,2.0
554.1986209528905,-61.74842799150692,6.121404276878096,0.9996028610053155,0.9116999435462976,2.0
-546.6173826910159,-289.0618572672002,5.121216593730797,0.9982794250931375,0.8680553502123436,2.0
-270.5318816004839,-454.59572651208833,5.981677601051114,0.9996063986365665,0.9189120723764749,2.0
556.0233330002687,-131.2590279180031,4.441630487391488,0.9966371077798373,0.8070566280469165,2.0
320.9554366719328,-424.319676881186,4.875211036666658,0.9995982073385913,0.9030274162504355,2.0
-502.8573829445271,79.40790828692091,6.670031761143306,0.9994472227089334,0.8961546717821504,2.0
-459.5422199043172,-353.29079105069553,5.0566881202887854,0.9993078324337944,0.8832274706422968,2.0
-448.0380733881239,201.9836416514927,6.317329235966932,0.9992400852450437,0.9228383158504042,2.0
-303.2296152008887,-489.4598774565271,7.784508026457928,0.9995908486465047,0.9180507052797988,2.0
-511.00453352068,-275.3898205130562,5.584292276786221,0.9992893688425869,0.9041864464602168,2.0
551.896668041948,-20.335032544810442,5.225442932481697,0.9993346022434253,0.9262236429808759,2.0
556.7125406609794,-71.4251762381854,3.8830757916595666,0.9994532595202757,0.9174207088317313,2.0
-15.987993972968612,608.9376418964739,6.787516245901073,0.9994317909451317,0.9302570616234039,2.0
448.34186584893644,-360.11110769668204,4.920077231365957,0.9988388346153366,0.859727709404143,2.0
529.9015945052814,321.7568815614665,5.143028282561449,0.9996124157902289,0.9213031192363889,2.0
-39.001192621697484,563.2951928092301,6.355027109008979,0.9994651238817776,0.9125091648922572,2.0
537.8601389162793,311.9785105532112,7.185621449362827,0.9990937031527943,0.8941120375365122,2.0
-518.0493463005355,-283.50794528211486,5.239552093730672,0.9989717459700918,0.8667877512696328,2.0
-485.9514278761958,-314.89578522980673,4.521623701152779,0.9985522682670737,0.8752467597931155,2.0
-265.39718067761714,-463.29503003555874,4.169280966149197,0.9986378906805564,0.8778371361078777,2.0
-227.4456704436193,419.5414426744761,6.681072276015884,0.998913292754138,0.8677740805899129,2.0
-253.06272722462046,450.48679098557903,5.540659976584509,0.999021908589044,0.8923743216205208,2.0
559.6578387391808,61.84861912266113,6.053779418044979,0.9996098060810391,0.9192541089930467,2.0
-457.38976339990296,399.31421826997445,8.276958810482027,0.9993063662447592,0.9528646445812669,0.0
-471.3456282092773,288.4930727270087,6.829960266915184,0.9993659995895926,0.9276415659866606,2.0
-393.4363995281683,-382.51859170542906,5.723509265777761,0.9980018905228574,0.8622718067706988,2.0
395.66754595190173,-438.39701188239087,5.000629070145913,0.9993152161949144,0.9025189758642843,2.0
652.2496267730259,80.57295471242084,5.384614537301909,0.9993019030017913,0.9250168437957382,2.0
432.8755729189573,379.52239317797586,5.834147496826949,0.9989651286360216,0.8712718140457195,2.0
-143.7473235193377,-587.4547190349774,7.978658438507005,0.9997029371185037,0.9264551652827148,2.0
589.3536484932173,112.85417368786757,4.854439268838345,0.9979858771593718,0.8381584804450422,2.0
113.27026786928027,647.458893686194,5.07988809240876,0.9992866036183,0.8807380407404696,2.0
326.876977482305,547.369271378166,4.995329973171526,0.9991726494671711,0.897117193222091,2.0
596.0753478767631,-96.93809812705936,5.3905505257194495,0.9991602276358225,0.8958138359064985,2.0
52.34738114737458,-471.1130189798957,5.5712987136982015,0.9992938396895265,0.8884372364421081,2.0
-456.1948462249611,124.5278346682321,5.763247491573809,0.9994948245305108,0.8934333382326709,2.0
184.03990893346528,526.5162886966273,5.485500203529726,0.9990941902498252,0.893503089575882,2.0
564.4849637786509,225.5215582143136,5.8973429673394175,0.9981428258719295,0.8417168379054649,2.0
517.2986911401925,294.382081396836,5.813093980747061,0.9993208007788978,0.9029895202814264,2.0
-634.7072982942525,49.66357719693519,4.703407935894732,0.9981182666561106,0.8957473132468987,2.0
658.2047967192984,69.28097837731218,7.03582157565127,0.9995484856981172,0.9164720809526663,2.0
103.71713048616218,642.4087722556484,5.761581292168943,0.9994914723942445,0.9127388428441982,2.0
-585.3506252740091,-100.39273628448326,6.197498575676097,0.9997323107297749,0.9294071990486257,2.0
482.35968615700585,-357.15968493429295,6.842480498161511,0.9993475751579066,0.9053679943048952,2.0
-318.213501895493,284.2637384805927,5.318388494418967,0.9991057131263333,0.8941055071666608,2.0
524.6237372780105,-369.30993874030736,6.208707751740685,0.9996434627814001,0.9242813342402093,2.0
-320.746561014026,-508.4711457940211,6.676433414318442,0.9994776213688797,0.9320335563268173,2.0
366.8157805367073,-429.28603473429445,5.857249555786916,0.9993090488439753,0.9169465040280791,2.0
349.82822338224366,-435.43055238612993,4.714550142593275,0.998906812005871,0.8624127346553573,2.0
533.1051031392075,332.3519892101812,5.967833113632394,0.9989478246178128,0.8579265836089327,2.0
-284.8644438868099,-424.45839001558113,4.929953493059616,0.9990928917607355,0.8945062274731106,2.0
-28.619548309219542,555.9737629906705,6.38158204110981,0.9993708835592194,0.9083593647021933,2.0
500.4703094401845,33.02983479463033,4.875458697266721,0.9995503688933944,0.9151029706233654,2.0
41.495473242096615,-622.0610252179504,6.7777430047043215,0.9989006282523645,0.8990546707616084,2.0
-140.35377362024724,593.6813845463787,6.278530463011346,0.9987739215582881,0.881430765125759,2.0
-521.50247311463,-190.5193408621841,5.7390662741662855,0.9981420408806806,0.8089267713719862,2.0
473.68175362554086,-430.34486108819925,5.252239670848102,0.9992954276689361,0.8811755203418304,2.0
503.00227528918526,-265.27467436739425,6.9703266432235935,0.9982791529127956,0.8673148358464879,2.0
532.906337594363,236.39356711185744,6.142376611219931,0.9995183567808467,0.9133572239825947,2.0
-107.14000052245615,614.4678870641476,4.381819431174758,0.9993106029359246,0.9529603819002623,0.0
321.30423593024295,483.8896280965351,5.402503897480486,0.99948555313144,0.9125912365691277,2.0
529.244105560682,298.2193042207968,4.739377451163229,0.999597614758165,0.9234474177579715,2.0
-556.5441666389207,-281.3175055433369,5.875492373826296,0.9992768241158544,0.9007283251745671,2.0
594.2624769165365,-29.453456927224316,5.20725719538885,0.9986774327810871,0.8817845678744253,2.0
-282.7185585379578,4.017976966898308,5.266809532708558,0.998976729342923,0.8674288046016372,2.0
516.4692217075358,-418.91127942084194,5.545481055445531,0.9994711323139918,0.9103917134652617,2.0
492.95720874391327,-386.72713395924393,4.534585439092525,0.9991346605564974,0.8949033181349009,2.0
453.21234830654726,-326.07965951870443,4.534697417168967,0.9975606217575573,0.7914496309382635,2.0
450.98920869785917,-241.5060125203134,5.0562835720620365,0.999147825275816,0.9209690713671108,2.0
-83.02618488758004,628.8569636608577,6.151906092306409,0.9992387418631113,0.9235163136790087,2.0
501.5373680059383,-1.5456199712775331,5.192099476901563,0.9990368599065802,0.8946225745581863,2.0
381.60669022995677,-424.8221260039694,3.846267932989973,0.9995850408623375,0.9193593924882679,2.0
316.3586704738662,-434.08394574064204,5.94895930501842,0.9995160037148058,0.8954397173694855,2.0
-412.53969900329554,337.9134452177472,5.532665879453065,0.9996907515299428,0.9260282955564934,2.0
191.62182113171062,-462.86303534393005,5.0324007836107585,0.9993934873845091,0.9287637017133942,2.0
-342.0899221440164,-423.6343698614946,6.49362598578207,0.9988406573558545,0.8386080012465614,2.0
599.0877442801687,61.402863686221274,4.426576711250335,0.9996374690488123,0.9297070259250942,2.0
-35.685652973767475,-631.895861223527,3.8722501324936065,0.9949584321687722,0.7734647846971945,2.0
559.1669559874505,-207.91731598050262,5.853390979468295,0.997228910730148,0.8238081957120762,2.0
296.11605844985104,627.3123551788509,5.434838914445562,0.9996165286410595,0.919436433897824,2.0
-453.2203349359376,300.15015166682144,5.9789131224636485,0.998444941879817,0.8265432583417849,2.0
392.96492891482325,454.6629371765561,5.247129931718173,0.999060758474888,0.8941274721427042,2.0
-552.736236828285,-305.6172060286238,4.886423025315165,0.999446958121938,0.9305832165122001,2.0
424.1625016613258,364.8520226231278,6.577340100453927,0.9982875000482339,0.8481839857229172,2.0
493.36225576515557,-376.1962621528684,5.649244803138001,0.9992063244303345,0.8773462826905569,2.0
-13.375046259511137,571.0650592090276,5.6221083883465655,0.9989904973116275,0.8891047058956648,2.0
-456.0745516125338,338.4042671608555,5.823404802425021,0.9993211511479259,0.8491193733570728,2.0
-479.0253139569166,363.5835145717052,6.769899291579075,0.997769192501965,0.8408597774336369,2.0
572.4833138165794,-141.9388186533824,5.744496673864174,0.9994469616982714,0.9128324629429119,2.0
554.912172208805,285.8890949443188,5.3155749240215275,0.9989141853342963,0.8927364023697562,2.0
-54.86175693198491,613.1665436694802,6.659795404765835,0.9969589253873584,0.8404663028461753,2.0
-527.582454985144,-290.1781588426933,6.458733655288975,0.999120746752607,0.8526135949429957,2.0
-494.0941645370044,347.5254407764575,5.314291759249982,0.9985105414448646,0.8741874361075986,2.0
650.4165437720626,105.37203825864322,6.702567269074196,0.9987773796361299,0.8843330614375607,2.0
-306.0826529013961,-423.577860287193,4.003072782799664,0.998241155983004,0.8407370037625199,2.0
-445.2757345601845,291.05757558199906,5.693606245918426,0.9990935903563749,0.8935856502905589,2.0
555.3861721865726,-173.1891991552317,5.708024704773934,0.9978967872053334,0.8582546710313075,2.0
-123.04455500851337,-552.0029840456513,6.197783723712178,0.9997097807781348,0.9292863649874131,2.0
-345.1963106185363,-411.23956405372127,6.364716932290724,0.9989974507832483,0.8663037828228022,2.0
296.7421756574018,645.2922410394077,7.031092774850016,0.9994555963780232,0.9309610544514074,2.0
612.142659906419,109.12047933504786,5.796375318963209,0.9977855293641552,0.7987208313312892,2.0
-242.46558452853037,431.1771313382506,4.476321168963717,0.9988317186106084,0.8850430341112461,2.0
-481.3064810885345,352.23560928260235,4.865877386372157,0.9993531692727409,0.9081054021902358,2.0
349.3054243875539,435.2797014360597,4.809059658247761,0.9995755531733926,0.9209756115458024,2.0
-90.00182458076314,-602.9375554961913,6.656890519594949,0.9993429949936733,0.9267688634320855,2.0
-614.8830570830888,51.84150601276845,4.769501537387912,0.9988187857517853,0.8834502706081968,2.0
-569.945708498895,-42.07781709070264,5.062602792095978,0.9983145373978056,0.8416455225652417,2.0
-462.2601991945954,176.00239706704951,4.203729385600577,0.9973931352266928,0.8158614476228103,2.0
-426.75759075483967,209.95158479945974,5.1136201810986766,0.998045175239944,0.8648850345732522,2.0
-467.7613233347281,-347.1626820348237,5.227666629913595,0.9995553107818264,0.9159229416802284,2.0
-318.4010598065514,-496.21131019964446,5.051537578692863,0.9995401645416604,0.9160814232885429,2.0
561.4191470492851,81.63513943162805,4.897785894463087,0.9990415080872058,0.8694024009367763,2.0
-575.1976669842431,-105.23448091597582,5.095968025927749,0.999297295202521,0.8823423998880291,2.0
160.01045970479234,549.7998866697568,4.523032650071363,0.9995210120456661,0.8953743325251682,2.0
-432.18555660231254,351.3746716399491,6.02741519705986,0.9988249131795588,0.8609228934263027,2.0
-445.6887448976431,120.18633288787566,5.655010238241669,0.9994973043028353,0.91248507714832,2.0
-218.70236528219345,-447.75847764118106,5.019011922613654,0.9991926381044375,0.897840546749379,2.0
562.1250725880429,-195.78403395319876,6.735907180363642,0.9973703566246761,0.8172637320670081,2.0
-390.68127878774635,-185.9933189440653,5.203567908336963,0.9997605899406731,0.9316597746181893,2.0
223.85199755627482,576.536823425941,4.327371971343234,0.9983043680786926,0.8414606588346283,2.0
-455.492118659238,-332.2058089212118,6.378728724830107,0.9993059060808385,0.8823496824048623,2.0
-560.9258428221076,-140.2544109230587,6.121590504780424,0.9996431440815632,0.923172550612674,2.0
528.0098553371771,246.85285230094,5.464113691190719,0.9990550307759731,0.8708877174245124,2.0
-606.1727761885837,39.46879998653155,6.005340724175159,0.9976082113323189,0.8277823496972154,2.0
258.3816579612143,-356.15595073209045,5.713406395394549,0.9993537797311544,0.9268930580870622,2.0
340.40711481891003,433.6728280513344,4.248971396578567,0.9993161290321716,0.9074690873078357,2.0
-250.02785881453613,-453.3169967371072,7.440818709635712,0.9988645896775575,0.8630330978178393,2.0
-358.1316605892411,-325.9821798983921,5.045557599025664,0.9990315927890807,0.8703925336362608,2.0
49.119733483166016,-481.70311586528027,5.559558001958921,0.9993067221738466,0.9018830967263385,2.0
-183.51704544762168,550.4682788182346,5.0850815254031065,0.9993310820736752,0.9089165928022221,2.0
-571.8424465248106,81.08189231463894,5.225388678495347,0.9986639760339484,0.8534343131954137,2.0
513.5990815190377,-274.1239197695218,5.641591138008184,0.9988948218330763,0.8862438534697343,2.0
-552.1463390141407,-271.2979273769035,4.9905048363152265,0.9985608745924712,0.8788589739940309,2.0
-287.5734217423881,-565.2129716792855,5.537671469034788,0.9987725845489219,0.8598531351553038,2.0
60.965934917206475,-565.0786464764155,5.22543808861814,0.9991592293581614,0.8954416852051265,2.0
605.5907836081353,-44.70646159418867,6.305181322881472,0.9996155218052781,0.9196617357143868,2.0
-252.01119126330966,432.1711176032694,5.189384853975197,0.9993367494895107,0.905883465332698,2.0
254.3569788120249,597.8851038299715,5.636449787217829,0.9982879988048045,0.8676306260533524,2.0
490.4915217102525,-417.4045411692241,7.8032119477368695,0.9995154987680434,0.9013445757909138,2.0
169.7859083154737,-192.23350678459036,4.121757973064401,0.9985318938041682,0.874578321274326,2.0
-134.38513805577355,-611.0715496597622,6.507775628758063,0.9993071193851755,0.8815906186263078,2.0
561.6246773890665,-163.50674782019175,5.935577589504066,0.9982721244874347,0.8413056794159174,2.0
327.85808679174704,-431.5259486382635,5.13026929910859,0.9996961210736102,0.9257123403032531,2.0
541.1664109946922,-167.33357356796805,3.8503255698133105,0.9976338679162678,0.853904890799372,2.0
496.8399720189204,-224.8494998466923,6.269109138157807,0.9994243695227922,0.9297117832457121,2.0
274.2354591091603,618.0658075455992,4.803715127755297,0.998307331754676,0.8684938438066127,2.0
576.5082521664539,44.79567685395937,6.172482135934334,0.9994511039602919,0.9139485613274584,2.0
564.5369681187442,-65.92680974791412,5.083149690417475,0.9990920677511899,0.8928053513240404,2.0
519.2321340221259,179.95128775727375,6.881440955150667,0.9997438970367247,0.9298757177844951,2.0
-17.372132954755788,620.9941889588591,5.427832387476018,0.9993796585688486,0.9293991687833635,2.0
501.1387378417031,-253.94212721240902,4.345251442413533,0.9993172784463037,0.9257023812897603,2.0
-516.5321342889484,-293.82896987979564,5.236826769532815,0.9991847148399984,0.897562522595611,2.0
512.2132352287466,-372.76398209251164,6.729445372938083,0.9995780750352392,0.9005500898311162,2.0
-558.4492586586149,38.17203678915234,4.313835907906204,0.9982129652695172,0.8420490576531883,2.0
583.9569032705458,122.4343206942886,6.10914181240581,0.9995264383612633,0.9023085138143179,2.0
-586.8802053747619,-16.243933283601883,5.350378535457995,0.9994430613885867,0.9228067361117429,2.0
-174.46774307736527,546.2742623921845,4.908185017785407,0.9990159602376653,0.8716852640077039,2.0
-486.9865168859575,56.114284849690215,4.370311173793165,0.9992300784405439,0.880700920669507,2.0
591.1336772123309,-136.67713003159818,5.938527415761277,0.9995276136244107,0.9139174016204914,2.0
-326.45463298614555,-434.3651167727887,6.039254069844215,0.9992193610840108,0.8988351013047591,2.0
-133.92340570862692,-569.736620165279,5.254839165151624,0.9991611197832578,0.9211341928419396,2.0
537.6824551572008,250.5149903744905,4.923072429270197,0.9995932983414024,0.9196949071380756,2.0
471.0545701717166,-360.93248921891274,5.1503739570197835,0.9984890527401933,0.8471532264630276,2.0
561.7125191676448,-183.05459367189022,6.143045130762013,0.9981279881232682,0.864362012860374,2.0
600.0359189630659,-63.558201781470665,5.035660166364367,0.9991897362886523,0.8800840794859431,2.0
319.29471031946207,473.33403013396855,5.372732690570753,0.9997237123549091,0.91339358800319,2.0
542.7458739381378,-159.14890014624214,4.569135170526998,0.9984164977052211,0.8710248758677528,2.0
670.9186176269665,68.2164229737746,5.781857686922038,0.999468536901768,0.9314762791608618,2.0
-224.38006735418736,500.27623827732134,5.51061609871829,0.99717351099551,0.8514589092274414,2.0
-468.07792486090733,-299.72147731876066,5.8428075623648095,0.9991126221013729,0.8949214885563588,2.0
-574.9729231977612,-94.30997507024341,5.855962081907688,0.9996565814060998,0.9263759828843705,2.0
-508.12664453303245,-206.27193711818202,5.063234581371466,0.999243351894653,0.8993059725697343,2.0
539.6408250890235,323.77540637269504,4.823899842890128,0.9991451803190724,0.8894278044295079,2.0
400.1882089848364,473.16142918420235,5.183840580905702,0.9989042145900845,0.863486286139204,2.0
-538.6436172092288,-296.9487812631679,6.203218038902717,0.9989323091043366,0.8878348476513935,2.0
408.06761447850283,-420.74272316866166,5.893013317038679,0.9992275959624282,0.880698742596133,2.0
-488.42322849500937,-354.26172517033814,5.587280906641387,0.9993843385665944,0.9115531620920784,2.0
534.8883787606613,-399.0665003790277,4.955220286385754,0.9984866895140622,0.8471273165686035,2.0
488.8710547190434,-434.8716903396264,3.8363834611464025,0.9995286835880283,0.8965506925577188,2.0
584.7815144437194,-30.727918258692586,4.442143209970142,0.9979519706255571,0.8595457042743286,2.0
-182.65020374273107,-595.7630365887896,5.165403163605494,0.9984781626657799,0.8742758125123586,2.0
-511.6422145047141,-187.69487788340166,4.60432474752804,0.9982012191195031,0.8653247738080057,2.0
321.06992119395363,494.0405027537992,4.73525633295258,0.9985154337363846,0.9036139885171047,2.0
539.6919294928904,340.38305548975535,4.491665011364624,0.9985093545939925,0.8482334703500694,2.0
352.9215659716762,541.0274982134323,4.800017974592063,0.9989252982632759,0.8917526266829776,2.0
-21.683526256641795,564.7569365139999,4.881500541151649,0.9989687318558677,0.8903122577738221,2.0
567.5124115996338,315.5401390157672,6.120852389790344,0.9991045268972291,0.8708219800888599,2.0
390.29389712951223,478.6660234293422,6.214209913365344,0.9994210263538656,0.9296548910458415,2.0
-150.3281467060514,599.2397245014373,5.252261487171786,0.9985106922944664,0.875271965762711,2.0
-426.2463782590571,-313.2777526680969,3.9277750720572655,0.9992485951445882,0.9244794659075903,2.0
-199.97958738100152,-605.0613282886369,5.715854608658101,0.9993071895053427,0.9251608643145749,2.0
577.061263925465,-114.50466246686761,5.120422683117529,0.9995161014449633,0.9159167198060357,2.0
8.204504951043825,639.0266216290353,4.207485928011916,0.9985504713843474,0.8816684959064839,2.0
-560.3865536003544,-264.3277628906059,5.903230849171387,0.999044651203362,0.8733695022830573,2.0
-456.0732983632126,364.66925423850074,5.080529024718566,0.9991472266040797,0.8983594890175962,2.0
-550.8804940925463,-26.98380900259813,5.288996896122059,0.9995813841416953,0.9232560891393893,2.0
-311.3778329836728,-479.69167748983523,5.001070107705132,0.9987642251251203,0.8825934243654046,2.0
-274.78749178114805,-465.4378341292835,5.51993400730079,0.9994128859164716,0.9123949499409497,2.0
-274.31678711990514,430.3449919778821,5.435435814707734,0.9992581221564045,0.9239362585567168,2.0
-451.84702358396976,176.56491474699772,6.303930423157796,0.9993764753663532,0.9285513986877407,2.0
-449.4801030501271,161.14478864756396,5.109490379412285,0.9990260594032105,0.8904867566770355,2.0
553.0187523161576,53.07154266810571,5.005835743996044,0.9991764089524301,0.9217278646073818,2.0
-490.3943393296998,358.12972173930797,5.987652840898121,0.9984388434960837,0.8585969726133901,2.0
-71.65242888913181,627.2523481197958,5.411695636268979,0.9992109267078287,0.899143393675561,2.0
588.0519057782047,-49.54422861242825,4.336188634290401,0.9971542755119966,0.8117623983209894,2.0
-353.1470474552007,-447.43401165337093,5.600728726257718,0.9984590581189197,0.8449789578449697,2.0
-94.4680709030558,530.9305413355792,4.846882231268465,0.9989889886998476,0.8905025102015723,2.0
-623.7279570909126,46.98047996239904,5.387411421076485,0.9966813732699116,0.843962660005604,2.0
376.9149957333944,-406.1938868169438,5.3498317974894745,0.9990912931772316,0.8764916967838419,2.0
606.4671673883381,-29.510123595613578,7.100966200994909,0.9994689357076976,0.9315402757473777,2.0
12.152590623930296,-580.9919273774843,4.618483358015611,0.9989604923140478,0.8922059597472859,2.0
575.6459704816024,-22.85610622185304,5.1965721209440074,0.9989922019796581,0.9154599800507891,2.0
526.8249163668405,202.37936630415047,4.918432246763966,0.9992482225511472,0.9000309509712652,2.0
129.29976837969727,621.584770795402,4.98318628946238,0.9985001734926949,0.8474494789897555,2.0
662.8857617184884,104.1661407581437,5.93682937067119,0.9991966696168741,0.9237378583781135,2.0
-296.00831461457886,-579.3825781268602,6.441183013748393,0.9993957078196422,0.9284739251653049,2.0
415.57295160802136,433.27146877513934,4.591891355609638,0.9988079046949745,0.8832281121097834,2.0
-479.72616233716093,169.43163667962577,6.080418578317721,0.9992858377660679,0.9244115189763895,2.0
37.94309508052536,-638.9076819395608,5.436733408070848,0.9951818676982249,0.7786505863859626,2.0
347.18624413241554,-447.21039043347264,7.411938698713325,0.9995722751081407,0.9007875040582929,2.0
-506.097202915895,-299.0615925210601,6.504308220391237,0.9993897509123362,0.9084344270756507,2.0
409.0787708455185,477.84642232226844,4.925356322314286,0.9993442344074194,0.9265864993109183,2.0
-373.6751729748612,343.6248011167829,5.417801393763828,0.9981801715698541,0.8131074522955916,2.0
373.87122061570767,551.2851206213275,5.936826490087939,0.9993955748115959,0.9303146455308771,2.0
-407.384402632514,-320.114440825134,5.623934485522127,0.9996110276842385,0.9329989922995876,2.0
591.7229009094189,-164.9443920392151,5.132696107986203,0.9994580987252198,0.9311083476795777,2.0
324.86018842705016,-441.72026732092485,5.5297514217425014,0.9991565936417319,0.8756776261840724,2.0
417.9701242765602,-398.6829318803894,6.7749524902925575,0.9992860515639246,0.926014854292564,2.0
-126.0406987768267,610.1915834498353,5.579333073455349,0.9996868549780876,0.9273700551772015,2.0
-163.83080860536123,-602.4537303226018,4.724913586185332,0.9989694839079398,0.9157388193971013,2.0
-467.35889584482265,86.97064348364243,5.0587544239250795,0.9995269658728486,0.9169619485094327,2.0
348.4752175464148,532.0091584558525,5.324145085290239,0.9993020022437108,0.9035675100112334,2.0
498.60965194236866,293.2015801958642,4.98740182009808,0.9988043356440387,0.8620613108609309,2.0
-66.48864429172846,636.2228405766912,4.998979074621311,0.9990420320126264,0.8945737721091869,2.0
510.4380117394821,-254.4314076828312,5.0167544626573575,0.999291480619267,0.9013956085810824,2.0
53.4527935714141,-490.8146616092769,4.5920423610575405,0.999014839328506,0.8697881796500777,2.0
540.1050002413039,349.39843497967405,4.591260230087771,0.9992214343478159,0.9027563802179683,2.0
-498.06430296095823,-179.45274800788397,4.262619694634039,0.9992500014643259,0.904041416210361,2.0
599.9547491903236,-80.30528505673026,5.356393199564202,0.9979661949267569,0.8330788799820846,2.0
348.4077111565741,477.8769997664006,4.104222422090729,0.9993055305576871,0.8812947751047074,2.0
-488.2320089530674,66.07918686042062,5.693815439932659,0.9996769236567817,0.9262759257339314,2.0
-545.006787799728,-111.26819627279654,5.193144080350735,0.9978759752990678,0.8319115969382309,2.0
139.71297968554285,638.8025070994187,5.124676893927919,0.9994332105671114,0.9111787861873785,2.0
573.527110690427,-184.42159231810535,5.852990879696232,0.9987449191969335,0.8814992223271643,2.0
-519.4828738753785,-225.5718847351434,7.330613689823625,0.9996689068643145,0.9246631733991462,2.0
-124.42271610719799,-576.3269833707986,6.398193739332039,0.9993210138616843,0.9257334561185224,2.0
535.6505877915492,-371.9815454801162,5.18454136360637,0.9994653771292819,0.931670827534497,2.0
16.51352886183297,640.0909917503471,4.207485928011916,0.9988928350478026,0.8876703197643725,2.0
617.8549986136377,131.61972002313888,5.258450615569704,0.9975879564327577,0.8517093821534154,2.0
-584.266425948399,110.22413589640149,6.817803328473785,0.9995867512961362,0.9176757450822028,2.0
422.5225921982682,376.3371527189923,5.066949146762381,0.9990639194354878,0.8925008886554054,2.0
618.97250925849,53.08327830618918,5.148455178663661,0.9993803068039325,0.9067866650348559,2.0
-596.1821402483655,37.57209905882426,4.286056275633176,0.9970040253137276,0.8414139016270744,2.0
-589.185340729116,-38.6328680570204,6.084108633077,0.9983732093008207,0.8184070748979824,2.0
-213.4746705916437,547.2840484163648,4.240721506632927,0.9996732225078779,0.9293928031849493,2.0
-311.1488432150508,363.3645558468795,4.763865398541528,0.9992301974959278,0.9009238831571229,2.0
525.168576180267,-403.1070608897912,5.629395787084319,0.9990192188557315,0.8910159722812397,2.0
133.12008272907516,645.3873300594167,4.219812612871962,0.9995312847929645,0.9144067930277234,2.0
413.25401139125483,488.54566620446104,4.731161448280196,0.9970278735099776,0.8419109908517739,2.0
62.19744493984556,-487.171553372928,4.906344685193052,0.9996821852770991,0.908548909760113,2.0
62.71982458212445,-553.9229008394412,6.126198411867141,0.999563665292253,0.9165515098885265,2.0
528.1665723026317,-391.79327381343984,5.009472127850045,0.9989794830157382,0.8889558313743456,2.0
-627.7048513388879,56.884626048490155,5.468189957242755,0.9964371139783357,0.7982988818102896,2.0
-528.1037802770314,-312.9766805556253,6.132508966921608,0.9989824802789937,0.8688173222061245,2.0
258.5035583428448,608.5236494142079,5.8944263354634066,0.998354377906474,0.8219785634014072,2.0
368.05473874062534,540.1298590136935,6.395122033151581,0.9972379830904853,0.8464728881844016,2.0
-504.62339765133146,347.73312255607505,5.326187292023225,0.9969968521901443,0.8096984382770155,2.0
616.0923252163501,-38.319017940894156,6.058987819250621,0.9994653209510034,0.9332329602637622,0.0
491.79500383594177,-298.2058487443607,5.982658243340305,0.9984292953850264,0.8543287650101093,2.0
-460.20922238292155,92.97470059385526,4.326007917974096,0.9991769644892889,0.8759978995154829,2.0
581.1484798990235,84.93329723437535,5.1510978709709745,0.9997355736322125,0.9296103218930513,2.0
-486.02970793917603,-364.4347614282185,4.927041314394496,0.9990387536729702,0.8911198916052603,2.0
-231.60981128104564,-463.59747243009974,4.755704479263502,0.996743407835742,0.8372215743832705,2.0
269.80978756082806,502.3555634142482,4.271762414346239,0.999078474313841,0.8944300841429763,2.0
-340.9256452101408,-445.52738377401505,6.843723227311527,0.9991453367168893,0.8954434931910836,2.0
-124.95365988399574,624.4569628984933,5.028272216672917,0.9867839576644677,0.7438952369457414,2.0
507.0699414688541,299.4077553055336,5.53388772610299,0.9996410125537892,0.9223378667316982,2.0
-509.3557332112133,-217.12378547319852,5.919302228771004,0.9994133677623233,0.9080529131998379,2.0
614.9468116435813,73.7077370441482,4.19241528087866,0.9981676355908715,0.8145881922083674,2.0
531.1672079817992,272.91533666533553,5.236675149619649,0.9993313715258859,0.9030997418752671,2.0
203.27075302323863,-432.1011761527486,4.8114575174734515,0.9990106315024964,0.8898510868463713,2.0
-474.2887975330816,187.18041093158413,5.114084676723553,0.9976243688287026,0.855289119087791,2.0
-58.42094996551752,629.9954000327959,5.226744452161113,0.9996916271613505,0.9250800437834861,2.0
203.7523869542864,-451.12057170584995,5.049174936806437,0.9986097506143139,0.8772598438973468,2.0
570.5774410325736,55.90746570119768,6.412786568781056,0.999528009042907,0.9149756234039598,2.0
-245.1485958975082,504.2697173182594,7.602574470659913,0.9994589867815296,0.9310922263651105,2.0
-563.9916672380117,-88.46779001999244,6.640833219472605,0.9993190534734769,0.9033077965024932,2.0
378.49142266308803,474.29339670513065,6.454485492117405,0.9990677657017472,0.8716318037796905,2.0
-502.45886047918276,-226.0820305209481,5.430071443088252,0.9996235472646687,0.9205327628291621,2.0
-463.52981271600197,185.90429012548776,5.853693855860721,0.9986004963638375,0.878367971779904,2.0
-451.22549160765914,355.51831464200603,5.319293946006532,0.9995708886686054,0.9163949857263929,2.0
-288.3882484640185,-538.686924487155,4.854140445687884,0.9983033261766007,0.8422981788649028,2.0
-583.1646881902,97.95981606601227,5.543684954529127,0.9996113225312646,0.9202629592950042,2.0
74.5969636462702,-484.022864516934,7.906881652385688,0.9998317827286138,0.9277236592479,2.0
-519.1440879092419,-305.35899695684344,4.815015373576111,0.9993889409577187,0.9292891462864992,2.0
-645.0712795750628,42.1512271138839,5.732958851336102,0.9992388564416236,0.924942273112789,2.0
442.2832550814801,-236.56944399878796,4.94091526129398,0.9991397058385371,0.8732324636660489,2.0
50.774207948767774,-563.6950301926347,5.118588084341249,0.9990978067595994,0.8929636741900029,2.0
-447.13851496998524,336.28597122016555,3.4000735428006723,0.9991239189723014,0.8741969703631771,2.0
531.8113382631354,-381.9402560202095,5.555002594153116,0.9989454031140446,0.8636120343845124,2.0
522.7302771933889,279.10566877008006,5.280925489696469,0.9992032436490386,0.8980413349418849,2.0
563.261222691017,335.6715212917005,3.9621901824627788,0.9991043037507804,0.9185168592326537,2.0
337.2639078158789,572.8055411939519,6.793940949094404,0.9989125145111039,0.8421826864188734,2.0
454.47978837281653,-434.6103242921617,5.395184020987936,0.9993390208389131,0.8840428317823409,2.0
597.2604156472196,-53.26322589834588,5.692118387389474,0.998737135593205,0.8561804495856823,2.0
-501.5064273913417,357.7165596669228,5.226032941638291,0.9983530402647062,0.8691861072669678,2.0
-521.0321829405509,-132.4842142271922,5.612404347599554,0.9979500013798238,0.8443411735320746,2.0
665.829232630531,78.3103907113764,4.828066391822501,0.9994697204456179,0.931523086756124,2.0
549.932694672051,306.7281928820004,6.101814930717629,0.998526764204408,0.8533030688298019,2.0
336.0745732730201,-439.9923323684683,5.869280718050633,0.9993357122664387,0.8839272749474999,2.0
48.738772187253524,664.243277073523,5.530304919585723,0.9946084918116501,0.8479862557342178,2.0
-269.7254073543392,441.8415219786886,7.024821882359015,0.9995329510093927,0.9163972174999319,2.0
-602.0701109014523,-27.167396103504778,5.023443002348762,0.9993398957188961,0.9263994752814689,2.0
525.5483752498186,-413.6452942816959,4.997697752523575,0.9988510154027757,0.885483916782682,2.0
424.5998869733863,-411.25618557467095,4.819557350504698,0.9996988533881609,0.9270552019113865,2.0
-188.79086434082595,384.2788510505388,4.557573669655358,0.9985666261747527,0.8555634938076285,2.0
-616.3075424205982,70.23933034549712,5.1593733630960195,0.9987296101140818,0.94239385510097,0.0
-518.9999645286865,-165.20686675723113,4.140557111815564,0.9992941566236082,0.9034009514349169,2.0
579.7669774942725,33.11861840089357,4.3503328286819185,0.9994291532905273,0.9300113889018733,2.0
-490.99281187454653,-342.98514399291975,6.052208240678675,0.9990606564476445,0.850717182736249,2.0
402.5420511754365,488.3666579980687,6.115796043984106,0.9988292515913471,0.9109186546819555,2.0
583.6699967082169,-146.28021834016585,6.27896632164759,0.9996928250935083,0.9162320477272925,2.0
-415.10493281200723,-350.3546598137108,5.624076045230423,0.9966924426242446,0.8367576795123647,2.0
-47.01271846023126,631.6067956213033,6.324721316967657,0.9979123325038523,0.8394872382368089,2.0
401.1868637177528,-428.3824751783947,4.4278393335005655,0.9995757755548471,0.9182992096798284,2.0
-585.5593735456775,-61.87461399566985,5.837401665230557,0.9986608565068422,0.8780870685128788,2.0
292.5524949623379,-435.1517120101157,5.207640720072267,0.9992964524362751,0.9014415025437217,2.0
24.17802483988611,-594.7886664813183,5.091338421271853,0.9990992021102654,0.8932118183432357,2.0
368.76843640060514,-441.01646423052927,5.081933927126419,0.9996800315408612,0.9255830074929634,2.0
623.932905466326,77.34666632797406,5.534855175997794,0.999453956662806,0.9116244546721662,2.0
355.3632878371336,-428.07953838588753,4.531653571395896,0.9994481594652914,0.9310295372332986,2.0
556.1139182149127,-398.5552953877998,5.186374456352986,0.999106943752324,0.8713792359631993,2.0
378.87536598715786,539.9750487671115,4.569280017330522,0.997670424044004,0.8889649186427727,2.0
-567.1334737225949,97.29797477659837,5.051977003267144,0.9995053404770224,0.9124592473920587,2.0
677.5852097791915,90.80502358086767,6.340279374699863,0.99927858428592,0.9016593143690268,2.0
365.8767307811224,557.9952559344451,4.557796424141379,0.999371297410088,0.9077924721408166,2.0
-324.7821779075069,-445.82137290694993,5.615652125466003,0.9988190707125196,0.8832013310355237,2.0
240.0922009795207,607.7055854804219,4.130012746670705,0.9990557264772273,0.9186110740253959,2.0
-38.51904759367614,641.497215330368,6.824965790748642,0.9993623350535373,0.928104130637442,2.0
365.8570807721557,474.96178663210907,6.28796800510372,0.9992645215235268,0.8830828670534916,2.0
56.06805350492698,-525.2609634477758,4.097469086841602,0.9994338469770048,0.9115623825757198,2.0
-442.6334212799313,350.89573149264197,4.482765215945373,0.9993185065476503,0.9041182557835323,2.0
-597.5627893905187,94.57822347170497,6.256001222678611,0.9994982133688416,0.9330024403449991,0.0
-478.09168826111966,-331.26184018797454,5.888990956713266,0.9993559928575978,0.926956286921488,2.0
433.9250645106333,-344.9457444583817,5.863292470225106,0.9992129277977533,0.8995967491468893,2.0
-335.005894554051,-400.06371298874274,4.207737875002871,0.9983912323280745,0.8719410912559916,2.0
-523.8610262125818,-121.60839872122607,5.448258041892971,0.9988152684470636,0.9108434849494621,2.0
-341.83989919480405,-383.42345224287203,4.843758019197496,0.9990398538219795,0.8914313681367941,2.0
-528.40759506629,-301.734581660064,5.2048264138686,0.9979432585084532,0.8308323436334294,2.0
552.5709394910324,-156.23085458539651,5.762097063913936,0.9986514419201985,0.879262980377924,2.0
554.9483678058981,355.00022287136477,5.996946195718121,0.9991523435479696,0.8757440035676312,2.0
27.026825493508458,-641.65381944526,6.012766092105187,0.9972520662758122,0.8160532581739122,2.0
608.1841905444203,-56.47248383791808,5.783538295716188,0.9994181776849664,0.9148325416866812,2.0
77.5540695150454,-450.32717526960255,6.078802613170331,0.999546243438722,0.9150195463546077,2.0
-413.27816947527026,-388.5596641338268,5.289762994809009,0.9981669853559344,0.9349656140127719,0.0
416.9596330058032,-440.30490533538836,6.209211665973163,0.9994431670879043,0.9089013622052063,2.0
-322.53881543185753,365.6298112645015,6.894688130986475,0.9995115476011847,0.9146776567243219,2.0
-594.4529666528206,83.01234090417734,5.828233862177136,0.9992509157896634,0.9027265000193722,2.0
595.6587612024756,-148.1442061853749,4.211680406838496,0.9993182947206901,0.9255530383847718,2.0
-637.909112899467,59.139153498223166,5.093397090103254,0.9982238085396106,0.8980836876034889,2.0
-141.43579994811012,625.1084599359771,5.169231625441415,0.9984303497036778,0.8783523524845127,2.0
20.30647019414719,659.6803260160036,5.147288201844996,0.9991299658650916,0.8946153342286958,2.0
356.5259499565257,479.77491667521156,4.271683714451604,0.9992061458465442,0.9002707819364256,2.0
520.0326700021508,-243.8938347153355,5.7140956775895155,0.9991984046124812,0.8971779491385664,2.0
294.2731079990015,-370.378412029663,5.3091146837048635,0.9990806639884001,0.8935528517586708,2.0
604.359518384708,181.6888999633224,6.396521995959446,0.9991033428085244,0.8953230747416657,2.0
483.5186885803625,-427.98568635807635,4.901444630218304,0.9996585586710708,0.9256449384040849,2.0
-91.97836942359808,619.7421655178154,6.726969297629799,0.9993105435103501,0.9094736779087111,2.0
447.8022657601453,198.24977864437756,4.208945073196127,0.9987140751792447,0.8812624953554011,2.0
-207.16807642455473,562.2497890811381,6.720089349672729,0.9994191473050344,0.9318187654436763,2.0
50.03183130806625,-551.8169065523987,6.76924935165481,0.9995845288048011,0.9193718802292592,2.0
-137.37349557004714,-559.80950656179,5.318813235484384,0.9991120493036925,0.8936364126191461,2.0
480.9799217828109,287.2967242415266,5.914698917344757,0.9989967067165005,0.8905244466635955,2.0
-550.0675413333382,85.9006891563374,5.364769037779296,0.9986586131868693,0.8784051070001062,2.0
414.38592451558475,-410.54749332935864,5.445577020587622,0.9996772709499805,0.924796760443452,2.0
-576.8932163479021,-257.6249392080818,4.419849197912877,0.9993327704529215,0.9044279353874682,2.0
-515.8415203786681,344.41361035818863,6.533735592195647,0.9978741856758953,0.8369333078553751,2.0
210.9552652904008,-443.7897186454686,5.293909909551652,0.9992744728355427,0.9006738340260185,2.0
-346.8352576773736,-434.66997448295064,5.6078112587287965,0.9981783739028426,0.8401230601165841,2.0
-38.013590662087836,-623.0479117743109,5.372249395381334,0.9991392299488475,0.90110092203475,2.0
552.5630791322303,327.4726728601828,5.661564917828171,0.9994938406126034,0.9326868007455437,2.0
483.64883626628824,-277.91934340193137,6.252913713065888,0.9997069941564568,0.9140983331246383,2.0
-34.1880081941064,617.7305726976904,7.975485053321621,0.9993822159245732,0.9546419980262364,0.0
363.1566277550669,450.7319101343645,7.233794720105589,0.9997766302488864,0.9328343923081054,2.0
418.5806852249386,474.2901078018366,5.288148561084526,0.9983724232306658,0.8717818072546869,2.0
523.9280093623075,-270.46325003090067,5.3964610847334695,0.999363951063814,0.9277023926351069,2.0
-453.2740548167328,112.87558058548314,4.9193582505815865,0.9995321004766614,0.9143563659939586,2.0
463.8376433268455,-431.031331757885,4.672931104781549,0.9989768598493102,0.864969552967559,2.0
-193.5360459728443,-595.5887858925868,5.8213011634211105,0.9982526792158641,0.8388840670474027,2.0
67.62062428961765,635.1841292312815,5.184903000607703,0.9993727346972983,0.907363422701962,2.0
514.7869593286414,-263.5109233740105,5.106644115116775,0.9970640352998208,0.8178020430612731,2.0
427.5837223864613,-444.6785061794768,5.347960446147599,0.9994403307912316,0.9306282990724755,2.0
-233.94985127849245,549.7072307085386,4.876770832576379,0.9986241920794656,0.878102328437384,2.0
-256.37854561603814,421.6890313304056,6.0354949244290275,0.9995329762247833,0.9153612661730219,2.0
339.4652856052954,585.0826307217499,5.760683556681732,0.9988562420219883,0.8842724949433429,2.0
455.18263700756984,392.0689314882491,5.19179895214076,0.9973494760693533,0.8471066741725163,2.0
47.272695667368595,-652.506996454485,6.202256125726263,0.9991651383919299,0.8748758570140861,2.0
511.03583217789543,-439.68878237117127,4.624499062245887,0.9989848237867306,0.88904078780397,2.0
420.74906589308245,495.2286629047828,5.442878185661533,0.9979496019420152,0.8596179099370918,2.0
-538.8205111428877,76.250472387919,4.410594241784203,0.9986513048119441,0.878050829879827,2.0
-292.25929925002805,-555.848342342102,4.997195474552078,0.999337480262841,0.9044472728515911,2.0
530.8912246799231,-291.22368809868516,5.726112262653649,0.9993453239454451,0.9267241989145792,2.0
582.9139150495419,-181.44564856068456,4.076937751810704,0.9987064980654498,0.908367649640081,2.0
421.6077478020855,483.90760051297303,4.923829556469432,0.9973679407735859,0.8481726325225774,2.0
-483.61165774358165,181.13152044309152,6.066942022365919,0.9995223737467541,0.9156758197946092,2.0
500.83497908918565,-438.54207787417846,5.690973868989282,0.9988983575287603,0.8691308595378643,2.0
283.50837390658836,-452.1914566951713,4.717354758087482,0.9988215813452656,0.8858660894119281,2.0
543.5874800384872,332.2511510639337,4.571922041767761,0.9987839047005617,0.8579489441183134,2.0
-51.58309353508054,641.5224004650864,4.750426598883291,0.996831330824417,0.8392873258643314,2.0
-204.76917500008938,-594.4084343469508,5.566106484888372,0.9991959828691759,0.921597530441589,2.0
-501.88344136612545,-325.53557070021924,5.605019397249395,0.9994902132191728,0.9119519507057223,2.0
331.10772297486153,-460.8654820891753,5.651264370900187,0.9987032454463676,0.8545633775167851,2.0
-410.3809974291393,-368.56802523809324,5.606251855300791,0.9963113365404104,0.841399696251579,2.0
435.28890520024777,-431.48241747751086,4.114863076455857,0.9985258765823485,0.8760121156114784,2.0
589.3708118411608,-174.9126286839326,5.173781515238715,0.9993565201912946,0.9061844021474494,2.0
-100.21340818443693,605.7581386307169,4.7730992971324655,0.9985071788564902,0.9038456344623977,2.0
425.4984273763925,-335.27828216811326,6.405746995754865,0.999173943896515,0.9213728596244056,2.0
63.299412264838516,-575.6497182197802,5.6644134937427015,0.9993019789530401,0.8819372019287366,2.0
-579.3858581970086,-23.18422966649634,4.867667609846061,0.9994292739749604,0.9210557738613986,2.0
32.872110753443934,658.8277575434689,4.34884690678207,0.9995512889796198,0.9162509963786521,2.0
299.3449397298012,586.8729222439897,4.605772872889996,0.9986800239147982,0.8557989250779762,2.0
-467.2332714884861,-335.9672314138113,6.024227988687174,0.9992665684607558,0.9018630205731504,2.0
335.2443288801582,-450.9403441803659,5.164242534024519,0.9990601791131709,0.8917954511333808,2.0
575.3297100759816,222.20210586644208,5.509771321592052,0.9993575850404091,0.9270761877355623,2.0
43.35402424410082,-492.8441360111263,5.75155068205759,0.9995665149823827,0.9162730936364316,2.0
-251.34632744027778,411.80083356471425,5.126461279237566,0.9991739595140222,0.8984817859362313,2.0
405.9126350567265,-436.9575086505461,5.3927181160052955,0.999492055411402,0.9139605420695487,2.0
-538.1779805625632,117.11912282285094,5.250780768051693,0.9986956912520217,0.8914382980949663,2.0
-259.16859918099095,-482.48952688694925,5.529962106487992,0.9991358416254837,0.8950491795837849,2.0
390.3541589730779,492.1930791058206,6.777032817944092,0.9992851893740115,0.9064048693158157,2.0
539.0285529709985,-408.89235216652435,5.795252443803125,0.9991907211621738,0.8972223856612218,2.0
-501.82569684404467,-339.48198376250883,5.3641452287718,0.9990537954050315,0.870454807728673,2.0
504.787706498352,-415.29892021023204,6.727699384216432,0.9988745830386039,0.84072773256957,2.0
-581.9083739427613,-266.0342238895636,5.425022563645247,0.9991974271290428,0.8989019640031832,2.0
-359.2438790576871,-436.4530862259798,7.038874389729112,0.9989948471660609,0.8661480129043728,2.0
-542.7075841422239,-166.10639005322764,5.090921975516962,0.9990008893827128,0.8919179551239023,2.0
656.3183327013093,94.97630095779861,5.1431729900794165,0.9995059425838103,0.9333202103545087,0.0
2.3165503366890365,-489.82942991085133,5.271028229868679,0.9988921125778311,0.852412026041597,2.0
-445.32597712896313,365.13899807854773,5.763301804193124,0.9992497008119892,0.9231680161747025,2.0
591.9702836979119,-71.72701748256827,6.474722546305438,0.9987452946561041,0.8646950761717561,2.0
328.46337085175435,558.752272128064,5.846317028013245,0.9996342797236766,0.9211474577297687,2.0
-591.6295692732816,-80.52114550380783,5.357817829695006,0.9989508730930103,0.890241820785388,2.0
581.9699457284163,173.18612602373574,6.367885880810779,0.9980446757273572,0.8376712814160874,2.0
-108.44804248889743,573.2501774165945,5.108530297084731,0.9994257515280464,0.909006863156422,2.0
366.62568855408915,487.411825776031,4.96849051665218,0.9994856126667624,0.9322016657940804,2.0
584.6197485214584,-123.6030882222482,5.80168629448898,0.999270576550997,0.8798539309179875,2.0
-349.24572024873174,-457.47003399526636,5.252725100482517,0.9987178029279876,0.8809795979068663,2.0
292.382424751662,-456.88779337899797,5.3868201879378645,0.9995670284192024,0.922672901993325,2.0
455.9039728533587,-317.72951630130746,4.297235776839723,0.9989638748219267,0.8907703018238581,2.0
-422.14307254827406,338.2092582022768,4.102095187477376,0.9994167943117819,0.9082879980560997,2.0
-532.1652660642482,-254.3582602247349,6.0545683260683925,0.9991184885739067,0.8958606372235771,2.0
518.5390938448587,-216.02716989626396,6.509908633012095,0.9996781326126833,0.9113759239232248,2.0
586.0831401689469,-113.99742173344865,3.966599920249306,0.9987032759753843,0.8794218593609081,2.0
556.5371306201115,-387.2316872040729,6.197415550413221,0.9995976736710017,0.9184867053497985,2.0
-632.9957420200341,39.08504044419228,6.129612185454314,0.9987448423459705,0.8812492862012228,2.0
-391.92771470879404,365.6643235421945,6.143672798398972,0.9992167715655433,0.9004706282324271,2.0
-507.93414029372366,327.5674735669436,4.465249644334661,0.9974490363659307,0.8197651958867891,2.0
-618.7452103626379,35.4360840411116,7.3750041463148746,0.9977250347864103,0.8547741010301216,2.0
549.4517318445505,344.28755011809557,6.080955767629518,0.9994550481543839,0.895727979436329,2.0
455.33325234332057,377.0086766276714,5.936426639255909,0.9991130577854875,0.8883597020921841,2.0
-406.9305373231917,223.51397955116803,5.218956738063068,0.99965976723988,0.9287819427578944,2.0
-26.070995137648517,-633.9015232173766,6.090259254899914,0.9975603754030017,0.8524265354751994,2.0
58.59375496409903,-543.1521799473037,5.463046230039791,0.9991221094040309,0.8742845062707174,2.0
640.5134297659345,99.14528618971157,5.067079239010026,0.9985065743255116,0.8479824273530858,2.0
-602.257620599491,-17.39541704248591,4.815273437010627,0.9992179914271154,0.9222037806677781,2.0
529.4297484553788,-134.38339256045634,4.882255562681933,0.9992360718119858,0.8986468369801247,2.0
667.719190443807,95.04163540461047,4.4561129337064855,0.9984265369374875,0.8442129957993993,2.0
-586.8151038893963,-28.54540619889369,4.354206114032435,0.9990081516176627,0.9162445261760033,2.0
-563.1189744775553,-163.18286705800443,4.9723719083326205,0.9993466314722866,0.9065046425019178,2.0
-564.7064236839578,114.59085537151276,5.357529666554848,0.9993439813979634,0.9265128745669949,2.0
-520.6001159889323,-210.2716703811226,6.727041869515637,0.999644051898063,0.9241703658362909,2.0
131.18860247184222,-496.4502492384622,4.957795237719338,0.9995998767052816,0.929968162577037,2.0
594.163096849514,-126.8855582730936,4.362133717858273,0.9985245862541078,0.8746833632106947,2.0
546.1333644074596,-364.5509314290954,6.367817582873249,0.9994993659409561,0.9132048637961854,2.0
580.6614055556611,147.16732833965142,4.613242918344768,0.9983941907858892,0.8449130727467883,2.0
306.38011366681144,-446.56363071142425,5.631682496792364,0.9993639885869137,0.9072004279591733,2.0
257.58061207560326,278.9533177716729,4.696581645764554,0.9992589904009007,0.9001886340269658,2.0
309.27861741740895,-455.63956626898226,3.9395055630323106,0.998773793028297,0.8842434198939542,2.0
444.548445389906,-329.37920907038625,4.818978690160496,0.9986692177677038,0.8790476668650724,2.0
327.29789031891653,581.3858022379408,6.429827799669799,0.9995195560791289,0.9163983753351618,2.0
-478.95479879646683,-345.0058058154254,6.212159091774415,0.9996470892841174,0.9231585592102027,2.0
274.0453174724305,-447.08432414331435,6.121546088741009,0.9993906569215484,0.9283070544054983,2.0
507.3130575819659,15.311695131056482,4.734860101547527,0.9988214177655012,0.8861520408332657,2.0
597.0092749651341,50.612331223361494,4.349499028420561,0.9990591842362156,0.8962826265748656,2.0
-447.6772753998079,343.8537197284285,4.210421052941885,0.9996741162231035,0.9242109138346073,2.0
-39.51359680554685,-650.9564895150513,5.163619963198091,0.9969670264665126,0.8427308492611001,2.0
-96.00314907869937,596.6485722967197,5.180841089475823,0.9992977121587495,0.9032940298941051,2.0
419.4790560909038,-420.3207551886805,5.60936670837026,0.9989825535032982,0.8769708880486582,2.0
72.79272507312317,-582.4284508210719,6.035880840094988,0.9996351300400611,0.9094978635574908,2.0
523.6861926031572,-260.60493217930645,4.396039904923223,0.9966931777855492,0.8364688296927275,2.0
0.06177764698533622,662.3986007938015,4.990843779654716,0.9984500391950312,0.8262871133386108,2.0
620.2178665192495,64.5595900333487,6.436333023716014,0.9996066189744033,0.9193076686198899,2.0
-40.97551808285269,653.4325493720173,5.4378937506687075,0.9993771247040621,0.9288268800196448,2.0
315.6289908811688,586.8838649271189,4.422966485108382,0.9992184864412866,0.9064419409764262,2.0
-571.3664304994045,-265.44361837041953,5.185963881694359,0.9991445080669542,0.8750448334397904,2.0
499.57015356090113,-237.45272523203315,6.6952820623922165,0.9987791647266835,0.8572407211200975,2.0
377.2212066314237,516.0134849843672,4.8253693291919495,0.9984804322261827,0.8941425809281044,2.0
568.8133865506788,74.53296976608976,5.388719694034951,0.9995337489320848,0.9148009682353382,2.0
322.9996355028938,142.9429127902499,4.7817162868120064,0.9989853890638579,0.8673530661841714,2.0
-364.2042455430157,-448.8030199707692,5.619645123835346,0.9990940501232246,0.8961504558840643,2.0
548.7318578912436,-437.5797638067272,7.091923552399146,0.9994066656948736,0.9095392540667464,2.0
-422.37964425625455,173.29110167248334,5.103659311485098,0.9980626332826593,0.8354745323357032,2.0
-213.76004251916692,-609.4230473792553,5.711494473332529,0.9992804225276363,0.9241969207514414,2.0
-532.2982629156652,95.60012508951348,4.805363346559864,0.9980016727768114,0.8321499661744667,2.0
-273.8219679485448,-551.8807095357537,4.974580257225702,0.9986535932232737,0.88129789191884,2.0
-310.5596857534243,-551.3134184726661,5.094590278105281,0.9996607668489291,0.9208235050056555,2.0
443.6991208146663,-441.1671203137735,4.304426542117117,0.9989712280912905,0.9147672105569132,2.0
-286.39900747948786,-466.23777589009677,6.19294201713688,0.9991079954446945,0.8709182365174039,2.0
16.85375994365924,-647.3672998134612,5.756431111452468,0.9984560595444889,0.8479572978021971,2.0
564.6184197249573,357.9800275023502,4.210495195230808,0.9978134752249044,0.857374970475612,2.0
408.7251657081981,-447.852343994287,5.019561843628625,0.999288952937907,0.9246217073440403,2.0
48.87861773507723,-540.3047283562985,4.6930856236037855,0.9995948515755809,0.9185702239159057,2.0
-88.90268880539027,565.1658480311032,4.940599026176225,0.9986054460773544,0.8767420149387982,2.0
-486.09791350169115,80.12364995785916,6.295354451574649,0.9996675719552351,0.923714038671885,2.0
431.51996411419714,-387.108673951331,5.181650517081396,0.9994210029875564,0.9295026308056984,2.0
-649.6218865053515,28.808234553527324,4.3577543483591,0.9993030498659038,0.9083342298773849,2.0
-362.9348644068916,-415.538520836984,4.395987532780266,0.9990153285750968,0.8721706246240974,2.0
-513.7490320684224,357.7609535161599,7.104136540479581,0.999296109759663,0.925879207900455,2.0
-509.59919900809155,-359.6890597564046,7.17637137785686,0.9995622299191356,0.9159479156754803,2.0
-436.92231180771165,282.62645972045095,6.2595165873320955,0.9993649628484724,0.9272863318698169,2.0
593.6873893320075,173.235224574151,5.408041313563863,0.9984636381203641,0.87414535283555,2.0
-588.6976893393588,-287.8815927601825,6.643673776342604,0.9990747501641928,0.8967090706652864,2.0
565.9188205003572,-56.49219447617518,4.51961216437559,0.9980125657283658,0.862948370525025,2.0
73.36432288819566,-570.9412748474464,5.493158597661803,0.9995535970715688,0.9164682812721624,2.0
-494.84699426819805,188.48148942984486,7.144375592021994,0.998164373648253,0.8661771954684135,2.0
-434.1084689743828,65.59064103068643,4.452253482013028,0.9997485749997098,0.9302727561360894,2.0
-500.1945079493898,-350.61946378187355,5.949345489099482,0.9992754457094597,0.8799881896749684,2.0
498.6472708428959,-288.7257072115208,5.85407640847937,0.9978505321636256,0.8576260354199509,2.0
-519.6553206296529,328.1299247893168,5.76042907130447,0.9994089792756325,0.9292365000474384,2.0
-51.40820692508381,651.1240567133743,4.966538177796144,0.9982349880807838,0.8667671193503401,2.0
-507.6536267295072,-116.16285020460697,5.436559702080187,0.9972357069031055,0.8449873769691016,2.0
684.3672187058181,100.39593730375742,5.485930626574912,0.9990494464406111,0.8931397772231404,2.0
544.2711531954257,-275.6019122816781,5.97028238611289,0.9974433222211629,0.8179487161789114,2.0
-105.59435589777945,-478.7440486414648,4.833217272716729,0.9995863770181858,0.9262369177121997,2.0
-403.73259787762015,-343.85942015640717,5.959845548423312,0.9988344794191472,0.86865095792345,2.0
487.23877532326753,-288.39821060447787,4.85965916235531,0.9997035181952441,0.9293792412623595,2.0
-153.7322810622431,-597.7943455334336,6.452741214653645,0.9994811073764425,0.9112008226248653,2.0
27.746831166704983,667.246967822472,5.5300137625694425,0.9995416871461833,0.9184354382036275,2.0
512.5463684513487,277.58302954307266,5.094201566547856,0.9990560869682744,0.9171870274472201,2.0
315.00486468731674,597.2738397784424,4.718939590395466,0.9996788317600188,0.9262331268024063,2.0
323.4892608725646,592.2737339853136,5.163840445162161,0.9989965498964931,0.8458230404342988,2.0
-573.4108871819801,-249.3343994018465,4.613829928066191,0.999027998945235,0.891853243229606,2.0
-237.8519433389134,-600.1088661728168,5.12782868498936,0.9983130180106536,0.8693365405033535,2.0
-517.5888066245694,-314.5340493110983,4.537974121334656,0.999308666784972,0.9019559441372067,2.0
-530.155401116509,-178.4449954439736,4.155844753825331,0.9991662653119793,0.8974125631504735,2.0
436.79423164410315,399.66220178916035,5.4405886839669515,0.9993917199351547,0.9074214958973628,2.0
-641.4265733070519,32.468681016964,4.673855502085612,0.9984026799988046,0.8451398124174093,2.0
-298.1988194564898,-534.9635039932592,5.688268105235951,0.999512125501802,0.9130008729356699,2.0
-41.869881187664205,-341.529520536202,4.892082682292639,0.9976930848197602,0.8542869058108756,2.0
424.48394979499966,411.65998867519636,5.24604040865925,0.9986269364968483,0.8784740871607465,2.0
596.1606846753626,120.06440029404031,5.17191673043915,0.9983676154659739,0.8700464064635121,2.0
-85.711940116652,-576.6964478077259,4.373124248524587,0.9996852766614946,0.9262154905557369,2.0
469.06347350139276,376.01596870209784,5.939359306386147,0.9981829622102558,0.8649831730541357,2.0
568.3825665464198,182.27831839033445,5.194687150720814,0.99873513382528,0.8810225118828577,2.0
171.15770765738017,-482.50675021637426,6.443394303427933,0.997901109958152,0.8384118001459128,2.0
580.5953860133301,299.98840219151947,5.073192904662679,0.9988736267178685,0.9136799813922404,2.0
303.47902110776596,621.4307474111428,4.036177160789512,0.9983222208952074,0.843979886699258,2.0
478.22194371270285,-447.53691034736283,5.032447332115585,0.9989731123404365,0.8928299217817853,2.0
-536.8626306873238,105.69002600413678,6.347790221502984,0.9992096630169135,0.8787364587576975,2.0
-515.708256754824,-199.58601222552682,5.096524719568433,0.9989423999967115,0.8882207618770072,2.0
83.24284919372177,-496.1516959847349,7.010069751254129,0.999322936736814,0.8899192015448003,2.0
377.87130039390286,505.84837243460504,5.432185572554991,0.9994433917009904,0.9111081061145261,2.0
486.27985418612616,-267.0364134614206,4.990998710768972,0.9989267585080764,0.8651070663243969,2.0
-553.1971179563906,-72.61393818941032,5.254107670736235,0.9997544261351557,0.9311352938981127,2.0
588.8158026989746,203.32296956948045,5.84668208507348,0.9960712306066347,0.8283626045716016,2.0
-477.1188079315192,138.34319545356615,6.695632371876037,0.9993984350783871,0.9288806195828238,2.0
35.73535953241898,672.9670749666791,4.3463859826482345,0.9991759105796987,0.896849551278306,2.0
-103.90067201058987,-567.4963203297937,5.16744216462836,0.9988717421536139,0.8631574743182249,2.0
323.1926334829808,-467.8219914090205,4.95549866462358,0.9991834964004139,0.9209749102431234,2.0
510.42786665960705,-228.37449263353585,7.572379689933078,0.9995127293070752,0.9334525105078126,0.0
-196.4601669300553,-616.3145925451014,6.1491831728570885,0.9984990694611489,0.8750170904543868,2.0
674.0489721831068,101.99000348769594,5.000375810544381,0.9989570113353006,0.8908063584954472,2.0
607.3271510445701,54.083160744579,6.598714064155476,0.9995904451706621,0.9106899222745045,2.0
91.59134523441594,172.55246301128548,5.5201576359560995,0.9993063416549426,0.9019239242499452,2.0
-13.931349532855567,631.0009920554919,5.203432001208308,0.9996571153795072,0.9248071213720438,2.0
571.9412127819558,-165.48864371439268,4.642452810075914,0.9990772688280528,0.8942912800660715,2.0
611.9224729265212,-120.1559506571565,6.632537102765435,0.9994235758978104,0.9295866626700612,2.0
557.9109034321104,365.5669262063472,5.026708144161282,0.9986710930389192,0.8809603192230535,2.0
461.92020974201984,-377.0644056639071,5.085112903548838,0.9993338627663161,0.9034169647109919,2.0
131.89566314141715,654.5850210131289,5.097402151907929,0.999288429974013,0.8810572753364452,2.0
-502.3558384613737,-377.30076678331267,6.329632648406806,0.9993237704601773,0.9258214338545852,2.0
39.687665380049175,-518.4022929419267,5.310759914533875,0.9995598668901992,0.9170467524081645,2.0
540.1430895336883,-419.19084681554637,4.627926067055939,0.9993424487110433,0.9269437879070163,2.0
322.2013716505179,620.038670732686,5.662187672459439,0.9994674777164623,0.9314649577985414,2.0
-553.2557167781825,-166.76232943685605,5.560193481586951,0.999010342006077,0.8498189873455173,2.0
-509.30356233867684,25.61068346575122,4.175003474293862,0.9991435022859126,0.8947367518220617,2.0
604.186746782791,169.59634015389355,5.81488418028188,0.9979995050736936,0.831740403409176,2.0
224.38843245180337,-428.4177091731979,5.077161504511384,0.9993458619898198,0.9265626845476693,2.0
-462.97359421786194,153.08133085926377,6.6135596785387945,0.9993269829841875,0.9043059523906916,2.0
508.39722643914683,-428.44126668741757,6.989988511764384,0.9993320000805275,0.8849809497983473,2.0
-483.08187549116377,91.5149943553598,5.521732535416256,0.9996429291909138,0.9218655464519903,2.0
-513.2086287939645,-339.5218813971002,6.114406988225461,0.9995193902544613,0.9337416223222978,0.0
495.6607356528316,-429.1515215036003,5.061895668027396,0.9997092145284937,0.9282119242665501,2.0
328.9583028246646,611.6156507268504,5.208513166147728,0.9990360054361119,0.8907084109825146,2.0
-555.2892232939284,-295.402363190197,5.699175021033765,0.9991175621864129,0.8946779108602211,2.0
490.49962006255447,-152.83706761891168,5.384940406544532,0.9983219004335151,0.8706996938770403,2.0
380.2982572087924,434.24961394257843,6.242849677207523,0.9991390650733604,0.8539546981657415,2.0
558.186015729581,299.9820245473402,4.66651852127333,0.9981901873646923,0.8680148755363476,2.0
-393.34884425826016,-353.66011349358564,5.02003136309001,0.996946609241821,0.8069698198778921,2.0
561.3025618604033,209.50369172498975,3.7580620058455447,0.9965345122056852,0.8020741137859104,2.0
556.0811486473045,-29.143065353006968,4.596384269705962,0.9985225205784046,0.8741198943567156,2.0
38.92889548011609,664.9661955595888,4.3463859826482345,0.9996738138239856,0.9362195098943975,0.0
390.8516218616999,549.7319866400366,5.131811583025061,0.993995334176407,0.7681176297146696,2.0
314.7403823636674,572.2681032769873,5.645312737441866,0.9990594235826742,0.8915657335874391,2.0
-370.7132550408014,-440.2803973994265,5.142385543789381,0.9986056276320406,0.8809590810304828,2.0
430.88101046698904,-422.3887112652696,6.072603356699009,0.999375749120285,0.928132089707656,2.0
-563.1746942007,-116.80902656260926,6.429858984788941,0.9994240913580762,0.9296701897910499,2.0
-609.0407108578993,-44.963061611259114,6.105103920870772,0.999434470635907,0.9300517736917108,2.0
573.7165336561227,-71.51215981046661,5.728877382442204,0.9993913831643129,0.9286286519869541,2.0
-407.114729862236,-167.5502459360791,4.425264335307481,0.9989940493258896,0.8896573962641244,2.0
-102.32878708024124,-618.4161125468892,5.754434428139484,0.9993180575590078,0.9257948904093332,2.0
629.873317558514,59.48037976420943,4.530454819733112,0.9994135921040123,0.92989228256164,2.0
494.0335401226453,25.809320230944348,4.8357545072478825,0.9994137466822259,0.8884994743333962,2.0
522.1849981680477,-432.570561086532,6.43979788389296,0.9994103840304142,0.9299029863719449,2.0
-502.46426150932626,176.90483255349747,6.892939082374524,0.9980342177750969,0.8625991876587757,2.0
444.52186341043694,-431.25274620000033,5.173159640032287,0.9993891955390856,0.9064546736225502,2.0
-409.78684830182686,-358.72923654970765,4.49558703004052,0.9930219634528205,0.7910214753415422,2.0
383.4955160139794,464.41000963218636,4.695064970768083,0.9991433959717997,0.9199119168509463,2.0
429.43623419378264,489.3132153737872,4.738882932013532,0.9958883884177896,0.8229454290952685,2.0
205.68443907504764,-98.90420530352907,5.905138184456424,0.9982348487552967,0.845413738978426,2.0
-224.13401832926868,547.1084000658877,5.338752302940846,0.9989514326468756,0.8658497221118907,2.0
464.9245600253596,-368.1529334951743,4.38021149691193,0.9986618410642442,0.8523889342014085,2.0
512.3974829277047,1.8639833317292869,6.27317802345839,0.9987722341132802,0.8376468685162293,2.0
421.9210383697237,465.0931186455695,4.6064329300166165,0.997903862551736,0.8667202731614454,2.0
-588.9521472719468,-275.15724404548945,6.182370936362284,0.9992555762195707,0.9237570853581771,2.0
-53.475769769698616,-632.3845141342707,4.678961683037927,0.9986253216071329,0.9061602830309591,2.0
368.16448778756416,416.65422108367125,5.502342920058731,0.999450180574167,0.9307995635316223,2.0
-225.71619923830644,-584.6002125191425,4.933166430790542,0.9984429279621996,0.8717661336138002,2.0
408.4366826050441,-392.94300496740186,4.437110256638272,0.9991660246425705,0.9273069531839861,2.0
392.1276915127135,-447.9709388642232,5.265266959188672,0.9991354936831202,0.8947661361423483,2.0
84.09010997506917,-569.7748008014074,5.349409998923391,0.9994918965999373,0.932642128990068,2.0
63.035410436784915,-532.6050452584858,6.051651341231668,0.9992337161244272,0.884471479950801,2.0
-658.8666828061761,26.971777829759436,5.0807594318737195,0.9985153312185757,0.8355372820440875,2.0
-297.75416019138805,-509.7778534844445,6.3519300803869925,0.9994025149362867,0.9086998256150327,2.0
606.5968216967447,118.74179026076621,5.425845686542188,0.9978673299508168,0.8283692250850414,2.0
490.28079657580435,-445.829267554507,7.234787575106516,0.999480939031532,0.9181222704233618,2.0
528.8755624399992,-280.1904538409554,5.574791887510322,0.9989014161129743,0.8868525908868039,2.0
106.45249765799221,274.71718038226317,3.628077525799047,0.9972326638232377,0.8832690645101291,2.0
342.3435430276131,-464.0100042294316,6.100999353121503,0.9993753747599532,0.9276975875083217,2.0
601.7084078250373,-115.007035100843,4.902609584717444,0.9986722265364394,0.9071806411319904,2.0
588.5589302609252,162.88376939289998,6.0224182900131265,0.9980838163588633,0.8950698765662679,2.0
43.67116255875769,686.397620790191,5.093727483272721,0.9992318907638932,0.9225586887948998,2.0
393.5403942054037,533.4263949894939,4.7198360807930175,0.999292313067793,0.9262716748101644,2.0
-610.7853151905309,60.75949145615593,5.10378798909779,0.9993576298457655,0.927411512678052,2.0
336.653666849385,604.8055906706081,5.128506673688754,0.9989663817462517,0.8744152681933155,2.0
-561.4187575595026,-172.3979116759469,4.432965771030962,0.9989288324724354,0.8893318569393646,2.0
370.11366556636955,440.0796010999464,5.536049056404773,0.9994925966077098,0.911713713132617,2.0
-548.3766804067345,104.98914300247455,5.236310328694539,0.9986731435532122,0.8545140803871232,2.0
539.1662613021424,-389.8211907309975,5.300212813994265,0.9987180893697997,0.8543095267480736,2.0
-564.2235015348635,-246.52368220161497,4.4942655020912765,0.9990484591949507,0.8955820682267699,2.0
579.67552984273,-158.02913946898764,6.139480395664119,0.9992129046599125,0.8694655630201218,2.0
-382.43825708263927,-461.1564639394717,5.988252753168705,0.999268814691843,0.9237963573591013,2.0
-630.0114874313872,25.620658097544496,7.760983929430373,0.9986304076404867,0.8805877226141036,2.0
-514.5602492698648,84.27578277052453,6.023353150956967,0.9997658672883301,0.9328325761143127,2.0
-209.01733956875597,-620.9932592103129,5.248606696187548,0.9992134500518813,0.9221247724041943,2.0
428.52919821379743,515.2343808324345,4.757880250698825,0.9962414988212344,0.8688580541373578,2.0
-326.02485541001363,-480.34324283917636,6.728653948785109,0.9991604480887497,0.8988068636271241,2.0
543.7995943593605,359.2840952202088,6.025079540181546,0.9992901308884395,0.9016868388514783,2.0
-558.5174978685195,-236.2120724079252,7.326812521808729,0.9994560765363104,0.9138700373443976,2.0
-375.7275771852888,365.6625069981015,5.9762359982459,0.9994935940122324,0.9154269369238303,2.0
-3.7424160097999626,-481.50805955969963,5.029593014337612,0.9996871735932077,0.9311567228903599,2.0
-507.41633656924006,188.95250298608616,5.547137057086604,0.9992104085529383,0.932332892334975,2.0
609.6468741470378,127.57207811161571,4.030122798051842,0.9958701345177464,0.8227765095969866,2.0
-494.5800311285103,87.83673523629997,5.2207833934532415,0.9988718086578044,0.8630289587409858,2.0
529.1360538795313,-423.2042054351293,5.2927295047141865,0.998754162640005,0.881044539124992,2.0
-496.76944076535545,-361.4075784498619,5.419034846715202,0.9996528360655886,0.9248934493620306,2.0
516.8608554219821,12.408336748827445,5.283752559898399,0.9975339750793578,0.7982671020590268,2.0
-242.2421290510057,-464.09675212966386,5.983919864934639,0.998520013935733,0.875716846604126,2.0
628.9162248914429,41.88820162372101,4.730799569670838,0.9994298032991282,0.9300000259819805,2.0
361.61130534299076,582.6762503075583,5.269765665935622,0.9987735041866392,0.8838470087902426,2.0
81.569261605004,645.3734683561266,5.615725099288867,0.9995074461512775,0.9134938926206039,2.0
580.7144115380293,362.09183004786064,5.982002005839868,0.9994925609047143,0.9333572889484459,0.0
318.0746722171022,607.8998835028242,6.35532905250732,0.9984409453714878,0.8632858025916068,2.0
-494.2897763398126,-332.656172691519,4.868342342904001,0.9982663923005368,0.8394067870447549,2.0
263.8258693535088,618.7154296191649,5.7163429273291575,0.9985247173379066,0.8516534971770995,2.0
-31.155534834526264,-656.6851122746232,5.182690151766511,0.9986006452676189,0.9405202428326547,0.0
306.4211680961803,630.2617051523223,5.323528109742002,0.999315995592059,0.8844764987063888,2.0
562.2163908384872,-15.436552833793911,5.912738262802869,0.9988570888875847,0.9117929115204553,2.0
114.39122866644378,-490.55316740907773,5.335659398582244,0.9992029096809366,0.8972619848177751,2.0
554.1200333538529,-372.62156733937496,5.05143119794838,0.9992746319829743,0.902169892250576,2.0
353.2035876117431,497.9400435429598,4.913239181281256,0.9995880006990039,0.9175444710327937,2.0
-229.99008738404785,520.8539865451748,4.768245959396366,0.9993596823564012,0.9285453212900873,2.0
-533.3364367320116,332.64026276940933,5.378386657087014,0.997421425699145,0.8849000312412978,2.0
-519.1258249183576,-350.2935498070671,6.297826090148536,0.9995089094285551,0.9332592556497719,0.0
-494.84044775303784,210.15344152380084,8.086328535549143,0.9994991386480342,0.9576944585889835,0.0
-61.266941814456985,645.6850875232977,5.8942739462737626,0.9992532332951963,0.9233847430564784,2.0
679.2404416013886,124.7502086005102,5.858860428175486,0.9993790661224892,0.9289001569155168,2.0
319.05855935267425,-478.53833420160566,6.600288947564573,0.9991337712489051,0.8724643167714871,2.0
-317.19553421257336,-486.9374476705039,4.350028273587418,0.9988977366528863,0.885893045659291,2.0
93.1393280850599,-589.2849259976736,4.281572352201366,0.9994624994355309,0.9321355943435472,2.0
359.3933200118367,-437.20358573207216,5.065268259834857,0.9990926323714634,0.8737562892824937,2.0
611.0101090849801,220.954833929183,4.826553869764063,0.9980620388625777,0.862405930049868,2.0
53.84527710760854,645.025503949714,5.634201651272693,0.9983674536948847,0.8713090865528101,2.0
-39.33574142928678,663.1461739808935,4.471169794606833,0.9985301773828941,0.8517325902847663,2.0
-571.8542222482399,-169.50035376926664,5.875001065483296,0.9988667908490726,0.8870909902537484,2.0
561.0229119046769,-268.19713563532656,4.156747249107437,0.9934043716399007,0.7934197941113128,2.0
-521.4199764835381,98.35120167562883,6.505621158634361,0.9994361799329718,0.9301133750762308,2.0
-296.3911040095641,-460.6102963613522,5.349111698269819,0.9992303621297084,0.9018198003311311,2.0
-132.90532425575003,628.1704654732002,4.060764326377874,0.9893838501770265,0.7614653821501266,2.0
121.9168487223231,348.5618046290205,5.3225965318742166,0.9982281510518467,0.8729748325417046,2.0
335.876954131263,533.4963283499209,4.342079216588333,0.9990073836963955,0.8675880917776828,2.0
501.2443240721158,-369.39606328822236,4.798882413519533,0.999346121463449,0.9048210511119287,2.0
-93.92782175869672,32.596016616959105,4.680003612978693,0.998509523353588,0.8572632907987204,2.0
383.00850046268005,-453.0155342154477,5.217393968948723,0.9993272587646619,0.9093121052161985,2.0
-133.17644969830786,618.5665744051864,5.409029860454213,0.9954911602337001,0.8362783921017009,2.0
333.5054573496601,593.9709107167157,5.038497007113657,0.9983843030966388,0.846606718882889,2.0
567.317918065409,366.12378375481893,4.474973519848581,0.9977117697785691,0.855181864520008,2.0
-125.17484370900384,-626.0652974465011,5.956597529293926,0.9994449176126079,0.9317622479421079,2.0
-327.99173614288065,-499.3384725070291,5.0607675326149195,0.999000413931432,0.8954100388491246,2.0
46.39494150813547,-526.4538130879598,5.198115196944283,0.9997528031585432,0.9304707473979555,2.0
349.6729331598813,507.1084399616466,4.947538685412527,0.9993617120108963,0.905431665609088,2.0
-158.81950206837868,425.75044550690535,5.701969914108032,0.9992196388282705,0.8998229223786612,2.0
327.2305895268275,601.5658683998727,4.907609528207016,0.9976883989559581,0.8281843852722519,2.0
536.4527403489868,291.5253228214973,5.108704411028126,0.9997278417584483,0.9324098507549688,2.0
-566.434060645217,-289.46857524266085,7.003810797559413,0.9993147368363078,0.8817290249647441,2.0
-651.5967322253204,18.529519372370316,6.159165751084062,0.9982545295031063,0.8165771668527297,2.0
-577.2345907951789,-281.1594915259855,6.681799864646717,0.9995867792017895,0.9181944703575422,2.0
476.4190233555787,-464.1594176790696,4.527632390841349,0.9992990488998612,0.9137362790014549,2.0
-491.6783883464204,97.62720461795726,5.058195648709063,0.9991181961082293,0.896834211435372,2.0
673.4417243550105,113.64363854938162,6.756740725653055,0.9994800287760205,0.9319811531038881,2.0
-382.3656698144853,-440.04211606808,6.607711082239182,0.9992883480776508,0.9035627836503726,2.0
-153.59039628873367,650.9897335470438,6.350811727934684,0.9992638528397589,0.9244522873914391,2.0
50.80910996921378,-516.0976850567578,6.082588712086449,0.9995816114378304,0.9017226183139655,2.0
-371.96446241528355,-415.8125902531402,4.6776642836377835,0.9996223059623005,0.9207290676584329,2.0
519.7959260185465,-6.6625826515458675,5.072920343725348,0.9991227848243904,0.8938707319516319,2.0
61.41504728755956,-585.8852583032732,4.8020340237211325,0.9993402641952165,0.9045812446954751,2.0
-220.23822234980102,-619.2856571608837,6.194425362283712,0.9995066607238949,0.9333494682897686,0.0
-8.207653078913326,-641.4644137246285,4.489911580594767,0.9965963553304922,0.9202403328625541,2.0
468.3513940070733,-351.2347739972895,4.992057768536412,0.9991768374560138,0.904882111761175,2.0
53.04953430020639,-532.7310863057405,3.982354641652091,0.9992035520783676,0.8787916119307246,2.0
290.7110787841497,507.1129962652871,5.470328529407344,0.9982217374624089,0.8760984801439401,2.0
450.27833138771945,-456.3675892459743,5.938408067395908,0.9994810569923714,0.9113938043111909,2.0
63.03595864907321,-517.6255990924532,6.28576544638942,0.9994502044002235,0.8907029602953197,2.0
122.09198105951513,-508.5433098660398,5.331525311627189,0.9985940777906857,0.850562864026569,2.0
-240.50670702228882,-581.6131100386793,5.361047965143937,0.9976442478183808,0.8581943678555181,2.0
-0.6440187301252122,642.2810478150758,5.267170352760621,0.99919137716822,0.8985950051873051,2.0
243.83138825173515,624.1685232830935,4.0976384391566825,0.999394917105312,0.9289964119131583,2.0
463.11236479803114,-325.2156546069602,5.483392938359252,0.9990925506960137,0.8943843419369111,2.0
312.1325086422011,622.0840618488842,4.68121517374123,0.9993004768780125,0.9053103587293222,2.0
442.7507623677698,509.14068533855453,3.7902097511241903,0.9982094116884005,0.9099506641079695,2.0
-512.0169524963144,-371.5602093499133,4.999867294822076,0.9990086592664584,0.9163051276794166,2.0
609.9007961976522,151.71288337813664,6.164887204535831,0.9976819273461532,0.836042227434688,2.0
417.39145045942695,451.3643970676474,4.821674303164698,0.9983903374211279,0.8735432565411355,2.0
16.38763921654086,649.7961356466168,5.552901679085413,0.9990045933277782,0.8676616431458566,2.0
73.4272874425988,676.1812575485937,6.3548421127333485,0.9995449058799741,0.9148514396865363,2.0
56.3485836337002,655.5243252067527,5.147991985616584,0.9993754286304084,0.927842250359046,2.0
689.7523060531084,109.21503140178562,4.934136032741389,0.9984918554703242,0.8749283989973637,2.0
431.7076262959698,-401.4188305712759,7.348886585860442,0.9992823823949533,0.9073918491272639,2.0
63.960888743549276,648.6194235744771,5.189358082095185,0.9986880169752901,0.8799675512844107,2.0
590.4719512522333,220.30634307568755,6.127664313940537,0.9962247561744839,0.7932975955913449,2.0
-128.79808050615594,523.5883029197214,5.3001965784720575,0.9993409659043452,0.9264602884211331,2.0
-232.85224487826184,465.5821625950454,5.140513508086072,0.999378979678545,0.912862801091799,2.0
-549.6816968586581,116.36386311363337,6.291525010216292,0.9994919706608856,0.9191182480490522,2.0
-522.3431594378985,186.71413819464897,5.547628604214834,0.999201304357054,0.9266386038399076,2.0
359.7376823639689,-447.4247035422723,5.215631543450363,0.9987500295891601,0.8825713379743246,2.0
459.5263872684057,-349.3022633222897,4.057726701614998,0.9996071461578185,0.920546089031946,2.0
-119.28167744273631,602.9124410959196,4.372888628560876,0.9995676911715405,0.8989006444340647,2.0
-580.5915914477699,-241.70631126648001,5.92911781324542,0.9993598125525638,0.9281420476231,2.0
314.4601619606043,636.3130395885289,4.809656976726756,0.9992194732845976,0.9221449367611788,2.0
-403.13598099858547,174.2914407607611,4.8142376956119,0.999024851391361,0.8908140946495162,2.0
450.4499809767231,-232.11653797208547,4.413394081648786,0.9987966548998898,0.8826353121367373,2.0
-535.2680604974811,-117.83755985282123,6.675041166947596,0.9990029805577878,0.8904648716363731,2.0
-366.2586077722165,385.03071231200096,6.194429647171479,0.9994205957926692,0.908972247188401,2.0
591.1380546016528,130.78240806794136,4.97186121281951,0.998165179134759,0.865441761913883,2.0
13.547277572627397,-658.7427737896841,6.1817729015005725,0.9994274931787167,0.9303351388311545,2.0
462.8676304600774,385.19923732583015,5.253385999651271,0.9980734861173874,0.8652259347192206,2.0
378.68147294177095,-443.5792859458003,5.213341692655816,0.9997644443655342,0.9331993926738456,0.0
548.8440011662615,-284.949965064266,4.6155289316834,0.9966285347951486,0.839285279947335,2.0
146.43275638831258,-42.75464345242907,5.071182183122533,0.9976105853689338,0.8290409652988155,2.0
91.01608380749646,-579.0134422541882,6.258374255327231,0.9996507128604687,0.9238974942679068,2.0
153.3512890518567,-48.30910964797005,3.8427380852925923,0.9989430035575553,0.8637119326847071,2.0
627.8785590291403,130.80006541914378,4.926368334242095,0.9984788129018951,0.9033454699004039,2.0
344.4757223240652,596.5169488820007,6.277944691399227,0.9996668966638844,0.9154683946322048,2.0
-642.0284901876372,23.25523897715329,4.621424185126935,0.9972428660647261,0.8502638338107783,2.0
-663.7812844863945,17.116315783616162,5.97803430122992,0.9997094617763076,0.9317635259113098,2.0
46.22431344598819,-632.7728083991403,5.109735617389619,0.9926443475732589,0.7872412886870803,2.0
-114.97860858333398,625.254103380632,5.467263492138405,0.9900750510574455,0.8195390455090132,2.0
-138.28384071581866,607.4383714903521,7.009081303253425,0.9991628242042687,0.9066979953219845,2.0
333.5095510044984,-494.07880414771813,4.884820911299868,0.9987856410875011,0.9432479229902091,0.0
54.6242423526933,-598.8722326811358,4.685038107975337,0.9970281313809772,0.8125196818584381,2.0
529.9856961881339,257.7754255461918,5.6779163705731275,0.9997130034260658,0.9286546303974704,2.0
-59.4770364659581,657.8889609011237,5.637454099891703,0.9992334461023136,0.8993047745085709,2.0
217.02912178874726,-98.2489984227768,5.2461036159443095,0.9991070604786428,0.8985179783166246,2.0
-487.4968279238061,-324.8090973685097,5.594463028431634,0.9989673942497183,0.8879805468643156,2.0
-283.17932425499407,-512.6167697831621,4.290478312438172,0.9981965450007604,0.8400078154234029,2.0
502.20465779902855,-351.98289486705613,4.892120302391169,0.9990134651744554,0.8907974665725792,2.0
358.8278062973751,430.7947577179337,5.7515614066278955,0.9993560827932498,0.8857470568988378,2.0
383.6239378072301,557.6772046838563,5.821772033385111,0.99692596511489,0.842456043445705,2.0
638.4426363428084,29.328128833381225,3.8071283896302988,0.9993799127838939,0.9295816752050718,2.0
522.3106717713845,-47.56792732916435,3.540296900486632,0.9986840689079672,0.8802174417170198,2.0
580.9083985683365,-169.154035091721,5.094038219239484,0.999534667106244,0.9145890841995152,2.0
574.273228473471,-195.75981935255547,5.61297016776765,0.9960023565727548,0.8044012348688782,2.0
637.1942409808667,47.390188618200284,5.1963455929804185,0.9994979745535111,0.9327587140155857,2.0
164.29276658156567,-504.29048216435274,4.403586223369143,0.9987932683736686,0.8856616020349919,2.0
-369.40111002133654,-430.2831494052432,4.9294982834636265,0.9989871488965385,0.9154235153593114,2.0
-332.10039440871475,-454.83540804925167,6.088975385171716,0.9982741188032035,0.8411285382714635,2.0
517.842783431747,-446.59714518499305,5.129924458225841,0.9993315164091489,0.9269809577681956,2.0
-498.62009207289816,166.1377552481487,4.679326420030332,0.9984641442271187,0.9143740843762554,2.0
-48.89138818351134,661.0463061298552,5.36856270854629,0.9988390422129219,0.8854718267752372,2.0
377.14283204265956,-463.11950349342965,4.819832490461521,0.9980819188811664,0.8368420713204451,2.0
26.722447144849276,-653.460977565957,5.887146014937193,0.9988071901330966,0.8597649250650697,2.0
-585.3979009392,-300.389113199057,6.407152782516179,0.9987770845535953,0.8594931044997857,2.0
35.5354078331189,-664.3258936058188,4.9942546540949975,0.999209667212343,0.8976162308617852,2.0
79.5103338245208,-646.9413295871082,4.895618620165626,0.99861708387275,0.9407524128121652,0.0
459.0940235405869,-308.2801755958719,5.745405672563828,0.9987745354038532,0.8570484928213293,2.0
272.5599612190979,-321.1564246167895,5.074390880828422,0.9984956040573517,0.8465269478193793,2.0
-375.7645808295035,-451.01473913931795,6.237870015283436,0.998940437713064,0.8653214694920021,2.0
471.8893008943879,-455.5639552282417,5.248279135775093,0.9991480710093447,0.8956888118308316,2.0
430.28971377993923,498.69691717382324,4.846542391417043,0.9947761864477483,0.7361870280708308,2.0
-152.31014754573644,629.9117638093729,5.987661806744787,0.9991842281666491,0.8969472120808227,2.0
557.6630470823801,-143.51316401436645,8.044334255422406,0.9992584783913718,0.8920530854182475,2.0
-528.4589167434323,-218.071028398293,4.406070600992926,0.9992084559828339,0.9020837322606745,2.0
49.56767576525935,675.3409551281677,5.908374069066513,0.9947612850498976,0.853762841500911,2.0
464.88122026997786,-341.7299926706509,5.2000578501570285,0.9992905565639958,0.9245573068899043,2.0
572.4303531065319,373.12623070413827,4.324840869150363,0.9971604901171525,0.8810383097452321,2.0
-533.7367267729537,-210.5739403272706,4.78511242567398,0.9992913681712364,0.9064189169001374,2.0
143.62981942602158,666.2630991703553,4.705161263598614,0.9995002247572512,0.9335578236885967,0.0
542.2192115324334,258.8535352818883,4.609799934235544,0.999340988944936,0.9282012900470779,2.0
568.8950505376246,350.6704418950393,4.329310471956287,0.9992110733071428,0.9219418993027698,2.0
-137.30901014674683,637.5405032630499,6.49573021636333,0.9987719999976512,0.9102537907817877,2.0
-539.2240322104042,-325.5517446707478,6.128516474054998,0.9994960481268663,0.9329482955873277,2.0
-147.4555629093526,-609.3269745030689,6.73348865387925,0.99966137015173,0.9262388477983007,2.0
317.34390116958457,655.2999209273705,3.9912145762575313,0.998896536423104,0.9129185811085524,2.0
630.2389949800623,121.0024051614805,5.246289448822803,0.9981029103890302,0.8650865689916871,2.0
-538.8339186965758,128.54302228981516,6.297552172237347,0.9993299663167458,0.9262763317242884,2.0
-234.287552593918,-590.2811016382165,5.439697440595085,0.9981773227550262,0.8656963077626998,2.0
149.38494404014227,-492.06044598470476,4.9061779765034625,0.9989071864022988,0.8861392314381613,2.0
321.04889335894893,517.3120958494743,5.615584801006102,0.9989536451963827,0.864693755490785,2.0
82.9301545127505,-586.8794579561361,5.049997079747188,0.9994671469762314,0.8970404713539243,2.0
-600.505443971309,-37.39005753369871,5.387128146885859,0.9988320064649573,0.8837321584711301,2.0
-577.6832935954818,-292.4852458035108,4.715751320714368,0.9984915764858695,0.8731504639290782,2.0
4.90729774954415,652.3199476467086,6.279407910170049,0.9992037804937063,0.8972969077327846,2.0
564.1490857011395,-133.37174289949303,4.000957845764832,0.9995305182116291,0.9205192079264168,2.0
-257.6212819122516,440.83825739016766,5.198616764221015,0.9988024417173972,0.8615767177486628,2.0
653.9438890690612,45.80281539646488,5.067239509159529,0.999506968539829,0.933259529938335,0.0
-582.0018926911771,-162.53560869241102,6.547798350319701,0.9993262155932295,0.926872053584293,2.0
552.3918635197616,257.37472594967363,5.741256986677674,0.9991455533283401,0.8948992369823441,2.0
-45.30815914798657,671.9681738588207,6.21089784334701,0.9989142418970293,0.8686913909188261,2.0
115.7472129891718,-527.6670202769513,4.878939973523054,0.9992529390593085,0.9012595783127662,2.0
-363.86165886240724,361.22073712653724,6.625754468280103,0.9994598580213987,0.9312452902235021,2.0
611.9404825827754,232.3026884328774,6.65009067436192,0.9992957034153204,0.9253222354530446,2.0
74.60852811417753,-594.704276042346,6.428327892110907,0.9993790115035649,0.8896849113183678,2.0
521.4149875942163,-380.0974622505757,5.069092609316646,0.9991868169654378,0.8788611982910394,2.0
346.6653237637146,608.0379481553928,5.467418953606698,0.9991498932110456,0.8793585517675103,2.0
-462.20833368905653,-255.45420527019613,5.334465723996518,0.9984036699368587,0.8707474814308598,2.0
270.54723947573353,640.7713585293521,6.464988690941492,0.999390091048879,0.9282951280089873,2.0
-490.7121246977683,172.26502599511508,5.353549436469062,0.9991442142525864,0.9002127796313784,2.0
476.8088690228269,383.9804549519247,5.303094192227833,0.9986538755537492,0.908050890050882,2.0
-479.7352851890245,102.18143628738663,5.702530047244972,0.9995869413931286,0.9198860684046374,2.0
509.18596351526907,-244.33011789635418,5.219135249620162,0.9987565698385753,0.8825868647124655,2.0
168.49632615013337,667.2953963719251,6.050195492051376,0.9994344447924708,0.9117509600752078,2.0
-237.19083975194548,534.7458982052294,6.145344652801372,0.9996200323622859,0.9209026495877073,2.0
59.805607057203176,-507.03847902139813,4.835986940595198,0.999481314411296,0.9321253029625767,2.0
-258.6428549843581,-595.3349718185217,5.4458385491517,0.9991645246895321,0.9203404373819011,2.0
497.26825774515186,302.9219353059578,4.877497807017517,0.9992626240942467,0.9145611393095904,2.0
-239.64648195760662,453.57708713000574,5.9459988254020235,0.9991304706253558,0.8965767728287433,2.0
568.2071567722517,-153.21429812348737,6.385788693112976,0.9985200022201733,0.8483582145419026,2.0
359.2665950351557,519.3552133799233,5.553481613953418,0.9990941251098707,0.8969359928392338,2.0
100.68959125257602,-598.475567559201,5.058297227640326,0.999098211082121,0.9184686827062789,2.0
-517.2329198806461,196.05008198794513,5.136080786456908,0.9989460871923838,0.8896595536624119,2.0
-227.12938891747888,537.8470858932036,4.441199867080191,0.999171511167033,0.8971427430673986,2.0
466.72906202441817,-315.55991640285123,4.87612229968168,0.998972088036918,0.8674798165758547,2.0
-108.22488103330362,550.9379824162689,5.052475136325037,0.9995799567457895,0.9169987224248338,2.0
-581.4243177655056,-175.70809648888374,4.994798725084917,0.9991075741788329,0.9189869637838471,2.0
-149.70711634244054,619.3242074043093,5.004957771630681,0.9984691915469809,0.8724605994250417,2.0
348.72595756445605,579.0150596283358,5.38887192549347,0.9992351129436015,0.9078413675302025,2.0
-411.35830528768986,190.1286649951518,5.116393004733035,0.998343342409127,0.8689171153909476,2.0
-415.43093653028757,219.80180429265758,4.114926736527367,0.9981573022255968,0.8357040771376231,2.0
-524.5554738718722,146.38930209489902,6.523629585170349,0.9994317301297628,0.9300003771300582,2.0
-159.23176710835148,638.9684158766637,5.486525260884061,0.9993516337882101,0.9269064346307918,2.0
-19.376530002104822,-654.6470332554469,5.804144867989398,0.9992053023088766,0.9506887754019698,0.0
565.5384752551912,45.83472211378406,4.922654190597142,0.9981717138504828,0.8432743823840975,2.0
-572.0121150379954,-232.45810963738316,6.77518461244269,0.9993372033590455,0.92636964997945,2.0
-280.1669563837338,-530.9445606421126,6.524356105923854,0.9990573199900848,0.8917426838575988,2.0
575.8228608785807,-57.23101829293934,5.489343756456914,0.9989449834877434,0.8891099227216577,2.0
556.9982831266537,-419.01369633406017,3.9407568467190677,0.9992518539674565,0.9232099155530583,2.0
73.2635570132296,-526.9528468495987,5.725110093596098,0.9993272568970766,0.9267073264494177,2.0
587.9000838353505,47.00044441649679,5.506403592307369,0.9993531177329688,0.9073240803316395,2.0
319.95492262098264,643.7728644336939,4.527224422823493,0.9991000004279671,0.9183478621840411,2.0
573.062645046,-207.0006132620188,5.729992714351715,0.9993207384666456,0.9157664335351375,2.0
-262.74192780715583,431.36575880829105,5.599455519527351,0.9995226140713097,0.8972163423627342,2.0
554.9379897367681,41.78043315751546,6.530376760726114,0.9994158717519678,0.9294682216137268,2.0
502.8656368385853,-277.95910140274015,5.85407640847937,0.9977645790254536,0.8347949714570172,2.0
-333.0347430625313,-490.2026594979479,5.451300172288761,0.998932877093239,0.8873098472696564,2.0
-566.3959836480268,-255.54794784581264,4.821037287127502,0.9990014285318304,0.8937164273404868,2.0
-593.6649233808821,71.80096331784947,5.486749982751935,0.9988266789536041,0.8831430250733978,2.0
455.8260689867919,-469.58593686991964,6.0550688925751395,0.9996570081459265,0.9231918531013306,2.0
645.6046240868237,34.20773214451707,4.91476623888607,0.9987801469430887,0.8889769898100687,2.0
-443.17943029680805,-373.2321189474448,5.967097967128839,0.9994291033570187,0.9298235397620652,2.0
482.50936381516533,-253.11173796249355,6.149920194902126,0.9986268250693139,0.9060483274104131,2.0
87.02653820029647,-519.2986903077278,8.047451861935627,0.9996340960153529,0.924364253200337,2.0
289.35728597229524,635.5674280148761,5.271641013315516,0.99870043221275,0.8839046990265571,2.0
-326.32013065775277,-466.5997839565209,7.130063160866263,0.9987529416507127,0.8564751678207123,2.0
-398.4304157316306,-449.1266623857571,4.951911442410173,0.9995095757094448,0.9126339963270529,2.0
-294.45177163229306,-546.2442513130696,4.897494686616132,0.9991674157050007,0.8748006576260072,2.0
486.4690844377662,380.6372124117154,4.662967179712458,0.9985142423245099,0.9051640714085677,2.0
-148.0630597911218,-623.75785232526,5.548207400198067,0.9993189688082167,0.9258580843156361,2.0
422.83605695710907,506.12254987325645,5.749115881594565,0.9992592617091889,0.9240602496871384,2.0
598.1551873184659,138.56654194019805,5.05263644830038,0.9986583214599315,0.8791148803908643,2.0
541.6508692840591,-141.98080909616894,5.018894155493173,0.9990624489342306,0.9176360418755054,2.0
55.75755195882713,-618.8544755446156,6.789629230489861,0.9972981759679301,0.8834654205634209,2.0
310.95054286836876,-506.994404530091,4.730936878576644,0.9989828908326829,0.9174344413628137,2.0
473.7927852517551,332.1822588317299,4.997502381001794,0.997839728762603,0.8387920890474985,2.0
-283.89957783750924,351.4568965122757,5.327134027941427,0.9983795216998229,0.8732611257596105,2.0
-547.7055304211591,-228.6556787334114,5.942941776553412,0.9988709165295822,0.9130900403133956,2.0
-427.6875606007118,227.5558581374951,4.603458554880127,0.998496207047845,0.8752139059222203,2.0
457.723811835394,-334.472711372049,5.068305681416115,0.9992629574166048,0.9236244329663873,2.0
-543.365428542246,-265.39213891180935,5.633036246793302,0.9995015205605183,0.9126808095113961,2.0
-603.1928263593355,-54.80283621713437,5.126416942797829,0.9983934072174161,0.871252016464517,2.0
589.0989132171803,232.5259526147343,6.369928500995114,0.9980929161171684,0.8580062380731537,2.0
602.3427166133683,217.8569343583013,4.495564570076156,0.9966504778627591,0.8347758416471891,2.0
-565.6594302602774,-274.49608955800045,5.579221877257648,0.9993666244736678,0.9076514103146738,2.0
427.0231702790979,-24.029019148550834,5.10327658247164,0.9994461373830164,0.9102802958680024,2.0
474.4443247721214,-323.31152223993973,6.089799568405729,0.9992075367226757,0.9031748792001469,2.0
441.93130743070054,-95.52727894012814,5.1235200913108105,0.9995025033001076,0.9329520733434181,2.0
307.20108062548417,653.5282899172242,6.373369481647395,0.9994464501684502,0.932052513602542,2.0
-448.1570768208065,-294.9907666650686,5.814729552493084,0.9989640764667492,0.8879826381085416,2.0
524.6688934549861,266.095739833661,4.240233013300136,0.9988522969105139,0.8846283748254229,2.0
-525.0097289711132,210.82635693465267,4.679690614273382,0.9987494911663934,0.8816070146955751,2.0
-382.63166106755494,348.6524965497435,4.907139966292997,0.9994488435560855,0.9102232837403395,2.0
71.8756649760709,-503.2584164925847,6.457572493713978,0.9997028486191181,0.930958087934547,2.0
54.55393896698237,685.6567238396063,5.882264450021348,0.9947002085795894,0.8226327050670523,2.0
-290.9098823863461,-528.0241927862232,4.423604502769563,0.9994076977925398,0.9289558993753967,2.0
25.7775652493258,-664.0475414073575,4.8219789085051445,0.9988870956102575,0.8862723390010913,2.0
592.5946912701031,367.06836589895426,7.00179493086235,0.999589344527414,0.9300198874201523,2.0
-244.41923304552836,442.03545440250133,6.593343387076957,0.9997012808074894,0.9264717270687765,2.0
68.09956602293444,-603.8929607677812,4.920671453327869,0.9986156533733159,0.9059194459151754,2.0
367.3316620175957,499.295906221445,6.984781184240415,0.9997521345666195,0.9217429848137924,2.0
-597.5917360917206,-166.72862262124414,4.595505890299892,0.9994562998032746,0.9103023620798067,2.0
-113.80118416423882,-571.2222635450474,5.487608751395163,0.9988910398084229,0.888110999967005,2.0
439.72957286191655,484.5157967550387,6.767139501627561,0.9990232679242732,0.9161322364272507,2.0
-642.8656474239351,9.776909238942762,6.284425103939269,0.9993941595585244,0.9284103205067228,2.0
370.66815370760975,-453.09979258133563,7.187511837968381,0.9993640020798233,0.8704043241941206,2.0
556.5432645129254,247.57031049618413,4.984451504312787,0.9991524351223432,0.9200463868866477,2.0
-11.115757324314083,678.1668912055991,4.965894584798729,0.9990222025146056,0.8919239911357768,2.0
-286.5564418189947,333.19397914924133,7.38961727841054,0.9995850471778691,0.917515675988117,2.0
-172.59705281526345,567.3417065213589,6.643323172347564,0.9994281181545088,0.9298453972548831,2.0
620.54606410956,116.55800523758123,5.498118888332554,0.9992996883115461,0.9248955454609319,2.0
-337.4862151764805,-473.73871497419157,6.197915318788891,0.9994724292773252,0.9318833199661258,2.0
-103.52356996776874,-631.397148677007,6.125878291869984,0.9993563657075621,0.9282716019221661,2.0
44.824726002171744,653.0614213163889,6.575994308634648,0.9980393033987793,0.8971424120539017,2.0
-388.1136268840938,-418.4099672070086,5.289113329314066,0.998971451526488,0.8883981564405781,2.0
-258.83143614796074,-611.8046152541853,4.831669619613639,0.9990216655552433,0.92126881620648,2.0
-595.5167372852235,-9.219148354836957,5.852704942622392,0.999494577906956,0.9326053427190999,2.0
-434.7601358570904,362.28538464743684,5.27296226303548,0.9985126816314549,0.8735874330160507,2.0
-554.6512557042894,-63.546384281067006,3.954690792433885,0.9982258270833579,0.8543629348908922,2.0
-36.32742611297919,-641.0248212949568,5.356518446845409,0.999269484591591,0.9242654898828998,2.0
245.16152456742182,650.6247699185523,4.847404153617321,0.9990686000813581,0.8936468144562854,2.0
600.1764594734644,147.71326677132126,4.380724092167281,0.9994062834434755,0.9307527195271044,2.0
167.50845381530962,-494.3887842605999,6.0903238253324385,0.9992474631754211,0.9239138148499333,2.0
465.0844055733439,-474.36344275485294,4.421625469286587,0.9990403671231903,0.8921678553417465,2.0
-397.60102868533966,214.27195282204343,4.496002740749072,0.9990446181217125,0.9171127957728312,2.0
92.2610533548216,-603.1975228850396,4.681530705823137,0.9992394647700132,0.9039931801581823,2.0
-301.14234020937965,-552.7206253373984,4.465522611672424,0.9984774324640571,0.8230379434064,2.0
92.0654823580726,-464.6377914960612,6.110267866950914,0.9996659847505686,0.9230846516260911,2.0
-395.233499371207,-426.40675968316793,5.499662771111226,0.9991174034819955,0.9190921218368857,2.0
353.04338173665684,588.7919403255613,5.312049685133096,0.999505828693314,0.9184177096683249,2.0
495.18216460291916,-360.3815644606062,6.100765553501132,0.9997396864875845,0.9295525939963813,2.0
368.9598110093203,510.97957151511605,4.854835993752005,0.9996840821142211,0.924674242527047,2.0
-472.5375185302086,-253.1884869345946,5.334465723996518,0.9988471227145957,0.8844353698896852,2.0
-387.08645968868547,-450.87479429439924,5.169458394116149,0.9990640752712043,0.9173457466955122,2.0
-435.1225124022845,233.77514833813464,4.891934712425241,0.9992371397177581,0.9227910128483116,2.0
467.76852282062475,-466.06762929101467,4.336860167300149,0.999679437283075,0.9310233990137764,2.0
-358.3094290777451,376.7525466896575,5.360195388718102,0.9993054341146151,0.9253789327865288,2.0
-587.2957757514429,-310.697918552473,4.180487199507374,0.9975328235637102,0.851901322283846,2.0
589.6594018365186,354.73311402666013,5.681835318858422,0.999426850240611,0.8993139673511786,2.0
307.2061321860058,-478.44886642913826,5.343620021861816,0.9984129594426256,0.8727220937474954,2.0
-538.2802854235481,-218.98792452235102,4.8255925184724555,0.9987938833844742,0.9151270117264863,2.0
-428.86396668155317,129.59376448207314,4.581989311847287,0.9980684441459454,0.8330287356892715,2.0
110.75595720478445,-506.22077648412375,6.307530451636152,0.9994718824564025,0.9319790754073259,2.0
-592.1357984205748,-160.2092218214265,3.939287406707069,0.9987961649962831,0.9160024891737656,2.0
57.002208549769776,634.4078304752453,5.532055389152312,0.999271231167066,0.9242476580416701,2.0
-22.626381023317414,680.2494430086359,6.8072304110733715,0.9993119042508287,0.9038983798247004,2.0
-375.54696679557657,377.4237105433154,5.851175953107214,0.9986504288607112,0.8299158255222908,2.0
115.82264555257446,-479.4201418141633,5.948014779441837,0.9990723106625571,0.8928687415900595,2.0
-654.8087829341974,7.331604891577118,5.610863894997228,0.9984799744430115,0.8744452149072506,2.0
-366.8517683385451,371.8890514853864,4.5403105198879965,0.9981705813193563,0.8650108761548035,2.0
532.8049009655058,-262.4510713288669,5.041143033762212,0.9970452570665924,0.8078894908968242,2.0
450.2699959050844,489.21595686300486,4.9085470902874375,0.9978549496414482,0.891258671767888,2.0
-572.8835308202179,-317.0023974289659,6.43266060684365,0.9994595469761888,0.9311189615637919,2.0
434.2227167342561,507.5340711894343,5.018836844843217,0.9957768005120378,0.791154210973952,2.0
358.7676252631704,-469.15401990581285,5.1122715167457535,0.9990959926193321,0.8931812878624521,2.0
-344.9086037450918,-311.679103711877,4.597776522648407,0.9989408633716192,0.8883318522401525,2.0
-510.4656529717294,101.96769427847478,5.121996700260436,0.9987752407704404,0.8828664179449175,2.0
585.3401560037009,-199.93036361532896,6.424606050546116,0.9973287926218132,0.8476444165996586,2.0
475.3911621930881,-312.6320647288788,4.3257299138140155,0.9990137382445613,0.9165032851527268,2.0
-561.6364231208499,105.19098574087018,4.611104935060418,0.9986359892977149,0.879539887419358,2.0
-514.3078433913699,212.17527807121704,6.182101741012453,0.999468012067845,0.9316005765779609,2.0
118.24279184051008,-518.114990661404,5.06199803477127,0.9991109620824148,0.8952122747240877,2.0
-69.07011498668443,660.6505242515778,4.400015924322746,0.9993951520712737,0.928659765033057,2.0
478.7786792320775,202.5904814508667,5.214503953340869,0.9985928963845017,0.8785237731357924,2.0
549.2810922531903,16.26318075829623,6.281748367698605,0.9987010893760196,0.8798834980400402,2.0
-549.7614895776679,148.7332130605407,7.600848063995718,0.9996964409510946,0.9278854505295282,2.0
677.2976537605333,78.31842162726247,6.232286496193746,0.9994504804316457,0.9309896758396897,2.0
36.64982697191166,-649.1499720050067,5.027664387490131,0.9977797919173576,0.8568382381025456,2.0
-614.1303378654842,-58.39589681140108,6.491719527911144,0.9993847891162357,0.928318110041687,2.0
447.93105790284693,-87.37284923251501,5.057076086407352,0.9990811543715827,0.8928076833569948,2.0
248.3406671730338,636.4324302338978,5.417890195122647,0.9995399107776021,0.9176552261393552,2.0
568.9035913828005,36.119092338146,5.387694469707115,0.9997507273418261,0.9305763067472542,2.0
-156.98605153180537,-620.900630677146,3.901562864060784,0.9989672622308591,0.9178152517032264,2.0
-115.71673969493465,611.394870521892,4.8576948044017225,0.9992196082504861,0.9028691923393729,2.0
34.178154780075594,-674.2157762034833,5.05115560882178,0.9993327123608162,0.9262025170023923,2.0
380.87914823388286,485.3797208078566,4.931223587756946,0.9994271989937079,0.9080519730706854,2.0
67.44340468926102,-494.06520723512335,3.782121022164393,0.9994314315818202,0.9087307091814866,2.0
74.30203898816578,-516.207168454733,5.134776200731279,0.9986878217865164,0.8799946843545006,2.0
-320.39200054142987,-396.36910325378864,4.924313448659845,0.9980815779365484,0.8623946578527267,2.0
-264.5759990614339,410.88744565536155,4.8164059070472875,0.9992750588603339,0.9243931223194586,2.0
119.59656812926535,663.0093239937974,4.658423979408203,0.9992061219209938,0.8992208182047363,2.0
599.5264105487973,227.17183312094363,5.357904339996554,0.9977128799842876,0.8433397604509852,2.0
407.55513339762797,513.6394481678346,6.21530050580617,0.9988083902742128,0.9436022600358641,0.0
475.6914289198803,342.1234420599386,5.231556731586958,0.9986919215292666,0.9076003809369022,2.0
-297.1825877791023,-568.4257156324164,4.676717070140289,0.9980555348991352,0.8621820956586957,2.0
3.464008786247133,672.5146226154698,5.75201426269166,0.999095461782844,0.8943004116529358,2.0
370.4038193179105,526.3956744980169,7.711919788156612,0.9989157937945113,0.8891033336088306,2.0
542.814045387084,370.39704286630786,5.1969451130715125,0.9991381592006504,0.9199780562813501,2.0
-525.6497482279922,201.04618083936165,4.742484754486315,0.9986536034827038,0.9068048435341098,2.0
-41.075870349628616,689.7904946799578,5.713384181472996,0.9992393497127994,0.8996679724240823,2.0
-543.6451433947967,-254.3071069566844,5.514435573965924,0.9987233516991055,0.8814340120755012,2.0
-653.5711950733104,-13.134650100089804,5.687326847019179,0.9983389869431725,0.9040764071123332,2.0
608.7861850948989,345.54152556911293,3.672114103593994,0.9991030436469285,0.9189448531460305,2.0
-240.29829133795258,523.170821677252,5.868623419931045,0.9993693030265436,0.9079875686755412,2.0
10.477168745802894,663.7393619653317,5.536989983999778,0.9995443364095679,0.9167977828039806,2.0
-685.7289750479646,11.938336271228373,5.496734791367023,0.9987997935158899,0.9284934903700102,2.0
-282.82397259171853,-573.2538478461789,3.850399065384863,0.9993927940781392,0.929085102262994,2.0
155.43486213029246,665.349200702091,7.222394055030835,0.9994459310815925,0.8903725843367595,2.0
-398.6300725746527,-413.00140665168385,4.502089154631261,0.9990156564561542,0.9162552864863462,2.0
57.536383217513716,-631.7775138185856,6.535814193791022,0.9945502520295126,0.7842021684011735,2.0
-161.28754216100552,570.373946878568,5.1523114842841995,0.9991374278752931,0.9202404201363755,2.0
58.87090147060151,-607.5760915036428,5.129496564498215,0.9962515725087193,0.8340578791744839,2.0
-303.92421411553755,-543.8192526091974,4.916876785834678,0.9989601745227067,0.8594649623294845,2.0
611.4025079021369,162.2503035980643,4.5929124404716,0.9980455739067512,0.8943992224950931,2.0
362.30819616066583,610.8559459057899,5.196668206071169,0.9990406490143638,0.9210855805402197,2.0
155.31815818247827,-509.3868170931257,5.968762149985951,0.9995185651092562,0.9138899332896058,2.0
488.4300169561005,393.0460141814191,3.284368510344679,0.9974950388391671,0.8859808159457622,2.0
193.86889454019757,668.3887681509829,4.58034990159547,0.999137744869024,0.9195214328108126,2.0
577.0944388978442,-219.8457480640137,4.467276712612359,0.9968090589783551,0.8375008461686453,2.0
527.6658510889821,-251.80881901424397,5.348167137319739,0.9990566106381916,0.8917459656463764,2.0
83.495318966072,-473.26822303436484,6.091031548272447,0.9995829066164547,0.9175272897066922,2.0
33.72541405455766,649.7686122071252,4.792818264105428,0.9994172352804884,0.9112945432184789,2.0
362.91661971339107,595.8075061267452,4.305314996096096,0.999053497258629,0.8966734100052909,2.0
27.494524283550763,-536.1506036362574,4.346452950298035,0.9991509723443758,0.8958512108057717,2.0
106.26590839138734,-518.6219490666299,6.960866325998712,0.9993099375234487,0.8844088293738914,2.0
-57.06145966346448,669.1518616582605,5.951939197871903,0.9991767050451588,0.8962566212414302,2.0
-232.43741322539228,507.99017235525673,5.740923861634077,0.9987471354792002,0.8825663267759145,2.0
344.06869243212077,617.797332138131,4.677589200244215,0.9988721090113817,0.9159262461860255,2.0
546.8362234682378,292.32497022620163,5.0392908982872795,0.999657065136505,0.9225267320759137,2.0
524.7110255110795,4.038149946821731,6.266044403036988,0.9992760411370997,0.881266277448596,2.0
-160.5166972933271,598.0314644854581,5.079362947414732,0.9993963215442869,0.9288426422246356,2.0
-247.70645065774593,-596.0507900618193,5.5989513714005215,0.9992831989637239,0.9062693966509152,2.0
610.6044851027302,-137.6356666852462,5.874470740696566,0.9992991706693778,0.9251084022824551,2.0
-479.8077451542304,124.97372672193741,7.034345384468074,0.9994482506954091,0.9146474692746853,2.0
387.8361891150459,-467.0663936986526,6.677710854606941,0.9993635419045404,0.9158242370989348,2.0
102.14372350858403,-613.4028144509459,7.870514493639985,0.9994967721207267,0.9329396404178719,2.0
-391.7474930921964,352.1298995189348,4.892959767201219,0.9992415907166545,0.8994552614659675,2.0
-609.9124452596124,-183.64099248747402,5.953751258036031,0.9992077670465186,0.9002388775082656,2.0
301.4486888468128,-454.7476535809947,3.982200882971468,0.9988858125183457,0.8863872945187236,2.0
-164.57492293607402,-612.4471347822783,5.393440851668169,0.9992004240492619,0.9217175368278273,2.0
-563.2848557539423,-189.8052005817708,5.323017651740038,0.999318312015016,0.9265084256184254,2.0
-550.4665905738544,-83.82843584691811,6.31234882024222,0.9997054588523195,0.9279047865440061,2.0
-249.86417230541642,527.1716046944786,4.586912091698155,0.9974629658892925,0.81916939124634,2.0
27.37109368679869,-568.4482249515188,5.443383811539175,0.9987857679359293,0.8833467373824111,2.0
547.6756723180358,243.10307844795295,5.0182643005348195,0.9992592242268996,0.9234620318173667,2.0
590.3081468371856,57.43829825080297,5.237940913927356,0.9995849283105351,0.901866466972152,2.0
-549.4921731520723,-216.10111597351033,6.8670408219750225,0.9979651090640658,0.8641641336408709,2.0
301.0580258296133,-489.22018771057844,7.16650636126762,0.9994790896485465,0.9321721205295429,2.0
-584.6894101844892,87.5750325840995,4.983610698125442,0.9996736774916753,0.9241610365138689,2.0
497.4863559624788,16.41451196404287,5.220188810885107,0.9990693777670462,0.8712894229822661,2.0
501.56487678067595,387.6096966342809,5.762995408649538,0.998605258925781,0.9405852172961514,0.0
-47.66563814644053,-643.2796403823388,6.179857620821117,0.9990852566526246,0.9199576464079251,2.0
63.384440674503026,-595.2798372483211,4.837122135748857,0.9994896315466829,0.9124867664297509,2.0
-554.5737760717894,136.96582778227153,5.182386216687872,0.9992556631321167,0.9235555881019414,2.0
82.02110839830398,-507.68124718103076,4.633502800216644,0.9994273653218424,0.9101442315607793,2.0
367.6490603653877,-464.7413736393027,4.872177636629521,0.9991975846461789,0.8982739871908805,2.0
3.0483947720795683,684.1364224226731,5.970950698218867,0.9993829906707293,0.9287980926473373,2.0
61.51534487903308,675.5861430719623,5.632598586353115,0.999482938913983,0.9320846558888463,2.0
-544.1540368903551,137.94215758260907,4.590865272399962,0.9988492969485493,0.8884746844858566,2.0
254.71408092688392,649.156747948172,4.896714341326131,0.9991215053496639,0.9190000409711727,2.0
-502.40010507562727,336.55437910617263,6.171444730173382,0.9993582843676884,0.9274069112956105,2.0
252.1036505814188,618.47473539342,5.995733490936895,0.9996452351764548,0.9256189629972391,2.0
42.460302346999,-599.1390509001303,7.592701905047269,0.9995245858662056,0.9237773466603996,2.0
572.7819308518905,25.111685552130798,6.315070085729259,0.9997349777525792,0.9292007130215529,2.0
378.8288474594463,495.2904603181966,5.2307689867777984,0.9989762810364131,0.8672898198495018,2.0
486.14147295345725,-318.1426965235589,6.815286423333879,0.9994962274901772,0.9330356507257008,0.0
540.706068884836,-288.7831578771242,4.466037240060423,0.998830243696458,0.9109179307190614,2.0
450.33772658706016,206.20848966625536,4.208945073196127,0.9990997780204158,0.9184210084178084,2.0
475.65048906685035,-474.46064917767956,5.856306067445383,0.9995631351488091,0.9175158811344406,2.0
-223.05779622163357,513.6471654371132,5.273468156435859,0.9994058791992697,0.9076768179541761,2.0
232.23614757818746,580.9916075068417,5.240022224868048,0.9990101417702129,0.8896911398551072,2.0
-595.3306413998904,105.71082906839332,5.192459803966949,0.9993179278346552,0.9255487412214977,2.0
446.20601284042823,411.0661776529218,6.309117478821801,0.9993619646490473,0.9131874571481016,2.0
59.30825603567478,665.2050267074515,5.048481168672804,0.9990031305633271,0.8895771025646793,2.0
490.9065337874847,352.1842819205866,4.578533907328878,0.9972981377440557,0.846817467737332,2.0
-542.3361188858498,-75.35795422846253,5.480636248128775,0.9994604230038151,0.9314191293098675,2.0
51.56801108848763,-641.9345355886672,5.259856126209019,0.9993062203544201,0.9094947829883705,2.0
491.7734498494707,-348.11980021706313,6.304633781426683,0.9993617598049649,0.9280303030256851,2.0
-321.2815759015764,-549.2288243194944,5.871660774029195,0.9995088106618887,0.9128435801509464,2.0
-380.5602781296018,387.34271323203,5.3477647326472635,0.998534306974757,0.876290956743637,2.0
-637.8889189625932,-60.63112470495848,6.237625670514835,0.9994493955820829,0.9306756672415266,2.0
17.44166089047451,-669.1884089213202,5.034388055061272,0.9990744513260281,0.892353030788054,2.0
-466.883709912316,365.8854294826823,5.837552682235645,0.9907728683807224,0.7457936729135847,2.0
-398.75759595993424,-403.59859656500106,4.966453869869249,0.9993260539074208,0.9259676261257449,2.0
589.6385125832763,34.114733385183484,5.653144445329725,0.9995014963030978,0.9340877403141177,0.0
59.753803465334975,-497.56011943835745,4.694027111649702,0.9993933588138959,0.9082357030678702,2.0
420.53925981748546,426.4558667640568,3.9092785836949293,0.998695607181,0.879643188283456,2.0
534.5272773856077,-271.83048267253463,4.621091385455895,0.996770533441967,0.8372288179116358,2.0
423.25540197750473,531.1489690051341,5.399982057798005,0.9986395717371613,0.9073354245695461,2.0
189.72229118467916,648.2597162048522,5.439188590429112,0.9997631207255123,0.9324408154394077,2.0
608.1079055200784,-69.1832012173483,4.86529340007172,0.9990400677105967,0.9177144631385162,2.0
514.5982453999964,24.16667309233841,6.814140103838343,0.9993670755919173,0.9283331043920406,2.0
156.85540851567458,-498.5286159792059,5.0421683333495,0.9993618032413969,0.9060503729617111,2.0
687.8449455490147,118.65031213587976,4.751277661560075,0.9993211739964095,0.925740611301985,2.0
-168.26668964766472,616.5919137205309,4.21526298284265,0.9983543811160634,0.872724767572144,2.0
601.8586467425503,236.50320738367006,4.4087699145313,0.995534060976241,0.8178889784173548,2.0
-235.2232528365978,-610.577147231329,5.762678657601599,0.9993728716206874,0.9286387425580479,2.0
-649.2439476399002,54.409769954011665,7.314248044253227,0.9993747399770545,0.9278017487610773,2.0
-44.1489296944142,-632.9864400488227,4.776582231025527,0.9980622133346876,0.862123314294504,2.0
-404.4389069564286,-464.34986895027015,5.0783610693198655,0.9991044622501081,0.8935618108034424,2.0
463.7052027640992,-449.74639313844557,4.874958202376861,0.9990985478021077,0.9183717374642574,2.0
-554.0754561026016,-249.37538270816685,6.124672669957264,0.9993459632438122,0.9272136471594354,2.0
566.7753334293407,-217.13438604371746,6.298706424127122,0.9968796647225333,0.8114481181841047,2.0
103.94259276268718,-492.9302239110578,5.444955273975531,0.999457575918659,0.9309945684727308,2.0
90.95258573922386,-484.5501612061596,7.023413248418522,0.9993887523195457,0.9286886990258938,2.0
51.2515742337706,-588.971999638485,5.8576408756213025,0.9995859966323867,0.926248290373632,2.0
131.87065363294383,675.0916240840974,5.072684476459797,0.9994201945305835,0.9299438291200786,2.0
-10.260989580963955,658.4737232194627,6.097068254567383,0.999691109747471,0.9312952218689319,2.0
378.267498118171,587.4952640858656,4.787848439178574,0.9977760748735723,0.8572208928719975,2.0
-313.8396917211249,374.3993982686014,5.546646206649642,0.9991364457775893,0.9197089554784552,2.0
-340.1932474197139,-462.6830140687756,5.252725100482517,0.9990373060405995,0.8908186282648576,2.0
-665.7431389185244,5.821457628086725,5.496678035984338,0.9994867863135016,0.9191812858936386,2.0
45.61510674916117,-663.6901312129779,5.1607827415839385,0.999484048106747,0.9322251861793094,2.0
-314.410042362083,-441.6861698373231,5.626332362627856,0.999351451228632,0.9267747095403552,2.0
-267.573667277999,326.28953188256594,5.160212314892354,0.9993808390311671,0.9077677165620033,2.0
553.3617115049816,-7.309368739265113,6.228008006281638,0.998385591150065,0.8701823284861356,2.0
-374.53704573379036,-76.80795466840229,5.557873184125206,0.9986603337556017,0.8533587861423848,2.0
599.7881011373508,158.51385310319827,6.188605723985163,0.9978947151318155,0.8615142259959603,2.0
81.49221968115202,658.4217308950473,4.860534560775283,0.9992579663407886,0.9239239814282217,2.0
90.24712476157057,-611.8571309540642,4.236866440780757,0.9980929696171484,0.8741900382510097,2.0
302.5317327118588,-469.0270030482309,5.240964541465023,0.9991775568748196,0.9212976695138491,2.0
418.8828285950204,542.0168437915515,6.400081782603647,0.9978637841359884,0.8755562180845025,2.0
-474.04761543351964,374.50917688974386,5.294398348458994,0.9989600431043522,0.916330588768072,2.0
-591.5060888130826,-174.4288830688321,5.2586854472881,0.9988657566783263,0.8886193898455199,2.0
-69.14243349717421,684.115933244392,4.641081471262827,0.9974709678207504,0.8892217210744036,2.0
355.91239000733316,602.4479268520805,5.412247151984736,0.9992645610754451,0.9010504037078937,2.0
497.9444403650914,342.94164637202294,7.145945294727879,0.9994638330251115,0.9312601678204493,2.0
510.94196243617387,-346.7996096669519,5.326357141478633,0.9994720976021756,0.9317132733027864,2.0
-312.03488220605976,-258.0599726888084,5.349180908687957,0.9994978145365955,0.9327837017064505,2.0
-372.712458474248,394.54157799887724,5.3653250425943,0.9994064757302039,0.9289481889235889,2.0
-250.95262978146445,479.41428945379386,4.575279373297578,0.9935367085099036,0.7982374161043881,2.0
-164.61642326387545,607.6830063473519,5.459940799550455,0.9995592312763163,0.9161051083226641,2.0
330.2490984662881,-475.6016492873319,5.040090921107141,0.9993134191122455,0.9258842627170407,2.0
58.30776868554124,-655.0758340765294,5.1984242891554855,0.9987064318101521,0.909747891801134,2.0
-199.8063294999163,-628.8225460814515,6.9167231925123165,0.9993704265247881,0.9286693230027937,2.0
-641.7247801160532,-8.857995289938318,6.206303074600133,0.9994669872606314,0.9314239609846992,2.0
501.10567555089483,-316.0466908808599,6.746744868707832,0.9994411957501333,0.9303083503713515,2.0
546.018397585476,-380.52469171858075,6.314480278407501,0.9995926661940796,0.9186944953739837,2.0
580.0486299896959,239.18177926821403,4.968646525717518,0.9973834743641695,0.8327479682412966,2.0
200.70946637746667,631.3712839597732,5.2174671620292035,0.9994945904218767,0.9325976703215946,2.0
-248.31163621171729,536.7730988185702,5.2151562068820105,0.998779271595794,0.8566327795430557,2.0
-232.88841046201924,430.04879944463397,5.241973541862784,0.9988083118691033,0.8835520736394359,2.0
637.1717839798499,37.91540306450365,4.340721070855796,0.9990343540861033,0.8910839871694924,2.0
240.01146611865664,631.5547353372123,4.2595210931229435,0.9994055499143168,0.9080980678083804,2.0
-313.53768141193467,-541.683419829428,4.998422514917892,0.9993447278998842,0.9112597995585939,2.0
-35.48304023912622,679.3520505583349,6.182506397854629,0.9989011404820707,0.8882206062656153,2.0
376.8059313108219,598.4165909763104,6.368139390089149,0.9994690005565678,0.9332953515645009,0.0
181.084265095827,666.0483634049117,6.659332197492868,0.9997007894348386,0.9275689252102114,2.0
384.824593725581,-483.32041580504983,5.11717096913853,0.9994466166181518,0.9307220780850054,2.0
334.80012745719654,279.1085556719775,3.5928739332547326,0.9974749622167776,0.852302233624491,2.0
74.42221500211441,-615.0203545302895,5.563583195099404,0.9992902390944108,0.9015988504544342,2.0
408.28580927640604,546.057206017883,5.231918987449651,0.992993415076749,0.839084280754484,2.0
486.17680067168817,401.5825186287488,5.641449161606224,0.9981640895217166,0.8677763718622784,2.0
434.7825966615416,410.0989625959227,5.258550625291236,0.9984723737150742,0.8539385129216387,2.0
-456.2927644272431,289.0819867018458,5.568871074957741,0.9988896615660298,0.8645612132483432,2.0
376.7373616107828,-474.6690537461649,6.784486448526099,0.9995892728606554,0.9070862933464083,2.0
-394.3900082159164,-459.4477709011438,6.168525808790829,0.9991388683407699,0.8752629749039732,2.0
460.8545678260984,-459.59385169325105,5.162691875886491,0.9996289786819466,0.921489684352822,2.0
-62.975433185844715,-633.5330806321655,4.981300297501991,0.9991835135240524,0.9214200224361357,2.0
-244.8244212831989,-627.2817974671093,6.385234238507701,0.9991044684408225,0.9217074102534228,2.0
86.95661430442411,-595.6222839499742,4.608718929074808,0.9995289926007896,0.9139043232611136,2.0
-493.19076286291886,-371.02878345140766,4.88156731873268,0.9986500958772109,0.8833836688671802,2.0
-137.50072136816064,-622.3011334213402,5.20213299067548,0.9992314288223857,0.9231880132311946,2.0
-211.94868084977034,530.5829784233991,5.092836536480502,0.9990997485965558,0.8707928016791514,2.0
-242.49718243636968,545.0168968913589,4.945637808798795,0.9992323398454224,0.9225546372901702,2.0
-527.161486196206,-168.80480941020534,4.8090719773775215,0.998643190104931,0.8852972155436661,2.0
592.842686004414,340.91850548558386,5.749140444807756,0.9993031064744579,0.9254364610560947,2.0
-155.770109403319,-493.7638708669772,5.16844540755313,0.9988013200366986,0.8822764800799646,2.0
-253.2946311660452,401.5248606955581,5.402751753823479,0.9989892790815365,0.8899830918921373,2.0
-596.0703743983245,-47.45505854043608,5.191973637621543,0.999058838299317,0.9171603583486978,2.0
-401.00537580857315,357.7399253186469,5.984565391041205,0.9992161473231878,0.8990304838319669,2.0
-605.2811266143406,-159.43459422215744,6.0468999727749155,0.9991988402403313,0.9276363258914565,2.0
339.89528998689684,-474.9090010151,4.6906612011377735,0.9993544207704992,0.9268821471180472,2.0
616.3100754140404,37.344195640942736,5.387202202107214,0.9995840161038454,0.9602252808297237,0.0
97.05804146875298,-511.1304143608931,4.979624199797994,0.998505475103713,0.8747359517844463,2.0
97.17930971279306,-474.412475130152,4.9636971001660655,0.9987232845399379,0.8827487941243403,2.0
-407.0435961617002,213.26903102045145,5.06216922906007,0.9990840333119553,0.8711885941027043,2.0
355.4317562121703,621.1149012203111,7.260169734474765,0.9994748794604181,0.9317987408054591,2.0
-405.1083417599869,-436.86976666314405,7.069103209239807,0.9994520788470453,0.9307641233526377,2.0
583.520893139239,-211.93068023879903,5.844945337990913,0.9984825413193679,0.8612842807560506,2.0
452.74668631460924,357.7124624857086,4.480049450180595,0.9947702034552928,0.8097515858382802,2.0
-620.2008782095663,-48.07951099934147,5.556940269486592,0.9989544753428448,0.8877143503455074,2.0
150.86557127230287,676.9225060513179,5.283639333470798,0.9993598787146869,0.9271414793795456,2.0
-336.5356033468684,357.7677137955573,4.144041057210543,0.9992830925035302,0.925652146942487,2.0
548.9680475726506,-414.13140328061763,5.506868232424713,0.9994354909039744,0.9097507046226192,2.0
-275.5109479637432,-574.8317004062922,3.6705168298227107,0.9991067061196767,0.8934137120053942,2.0
-572.3639013156704,-195.35329855839822,4.949944290167229,0.9982151480257218,0.9005937553947797,2.0
-159.46124880533026,616.3416776570725,4.65509104001438,0.9995273779148449,0.9345868753185509,0.0
452.8565960325587,401.9013870428836,5.031409431848349,0.9982581045494714,0.8799422517680032,2.0
-263.0132528387522,516.9104357061428,5.602447634972093,0.9994313053876898,0.9299005764926668,2.0
473.7065597631587,-490.01479801109974,4.5366157844427475,0.9986492975345463,0.9080139307849334,2.0
599.8616106703994,357.6379038826301,4.9850562602744075,0.9986865765464714,0.8794638807837397,2.0
492.1887839587441,-308.64663022218417,4.548342124578792,0.9987117982732175,0.9080231850523592,2.0
-347.86576087918473,-479.2438539636295,4.756574453848466,0.9989748624670467,0.9156136933978619,2.0
-563.9815756448793,-180.46916788002073,4.103053012178208,0.998536150754364,0.8741846368331887,2.0
-504.140212169203,-315.15089733421917,5.066212193892621,0.999281885521616,0.9048965882304932,2.0
-536.8056942979935,145.307915427539,5.863660738189689,0.9991431776394012,0.8970226001307076,2.0
-491.98412025437716,108.70135350387618,6.094628501803636,0.9993557031599233,0.9273811329208602,2.0
552.5896488344598,4.669289625370209,5.883360643890856,0.9988948923082759,0.9125838539088774,2.0
435.4637408115879,421.2560760994003,5.941644055231277,0.9996568697658639,0.9245646651881364,2.0
410.97016621587903,534.1083322381556,4.834626943503688,0.9983283612748655,0.9065636111483428,2.0
-19.08501199628662,665.4048933212199,5.183966197251287,0.9992467249243497,0.9234019565884256,2.0
576.1484364192318,-371.2254692816005,6.613147292379002,0.9994295769311585,0.9088358560636733,2.0
282.5933367145847,-482.3741634365673,5.182198780881017,0.999397570287301,0.9285512374752672,2.0
452.4943002083449,-445.242556518975,5.463805790480967,0.9993226322193753,0.903400254570677,2.0
198.1822491408683,654.467296975248,5.073915332548751,0.9995951584707083,0.9201215339364766,2.0
-243.4635197771953,464.3228624938163,5.563995394174174,0.997821968913031,0.8438782944371348,2.0
-148.43096448307062,65.37159597010555,5.098364320944012,0.99884172536717,0.9118076615487497,2.0
-471.41773968608834,176.684946266492,5.046980997344841,0.9990547022737886,0.9185446810908531,2.0
-533.6718039340151,206.49068825050676,5.059540852321925,0.9983759871088576,0.8735415202921218,2.0
-461.3227319950027,278.8125899848583,5.9549248697315456,0.9994625263893756,0.9322680417785778,2.0
33.33468808335781,-590.4694750474002,5.091338421271853,0.9990096457692638,0.9180109928843568,2.0
586.4996257383435,-248.19703839975898,6.369092227384191,0.9991107088199944,0.9488148290281071,0.0
549.5464696964755,-251.44854984219376,7.167493329502792,0.9994893032922455,0.9327516339383497,2.0
-462.2297029885822,375.695727378193,5.4381464976762635,0.9926565596781871,0.8381010126327132,2.0
-4.0980989894541855,632.8568762393629,4.831793273693488,0.9993306668840238,0.9052589916507868,2.0
-507.82252168067095,-106.16203298465025,4.731599729331083,0.9955176174002628,0.8195969741506931,2.0
394.4878208150183,-477.8130593385778,6.0555967710752405,0.9994134413253909,0.9315560691516974,2.0
321.64265409575063,-490.0195833695433,5.240584253255583,0.9994303991089802,0.9313809707744505,2.0
594.8546864085708,12.55164768622149,6.929897704918349,0.9994147038711803,0.9292756026107918,2.0
-463.2763062966011,296.6605288251573,4.774008203026139,0.9975820717208725,0.8301231899376579,2.0
536.8079106921581,-431.74500663133546,6.274789011851496,0.9992873549547094,0.924631897949009,2.0
-7.155158373270855,686.8973856955748,4.667466207947895,0.9993356732480906,0.927146962248899,2.0
-265.5223418293283,-558.8325362363305,5.940428156063765,0.9992623074437146,0.9236349944522659,2.0
214.85146379159917,643.114733681245,7.177324249763793,0.999579481842094,0.9600817429435032,0.0
183.11214538103636,655.3401598009568,4.27829187830804,0.9987355586133528,0.8575271873537001,2.0
-553.4896463386068,-190.5136828977169,4.593385353756564,0.9975451503731214,0.8508220800770616,2.0
-283.0374044375091,-547.3321345042638,5.398454039896102,0.9991376395846094,0.9195829474813754,2.0
-307.3592016970897,-469.74125148294246,5.820018255389141,0.9993022208005399,0.9249777570075411,2.0
-304.2621116580738,-436.99654389266374,5.626332362627856,0.9988629487044662,0.8875655079815081,2.0
0.3132203031538306,-691.8508019381654,6.276936196574739,0.9961847451760474,0.8690798322757397,2.0
-37.07832721340497,434.22587328962106,4.749537136671212,0.9985034108639654,0.8498531498374058,2.0
573.1346613835583,-411.5579953512033,5.733899350120795,0.9992784083183643,0.9242256936021832,2.0
312.3295715561787,-490.29804362036697,4.1266820354497025,0.9994653187700425,0.9318355228367005,2.0
369.01282699415214,589.2529044149605,4.708672846010249,0.9987696067011655,0.8817411091117515,2.0
-268.23256150624167,420.8810599677809,5.878591585721228,0.9995317981954271,0.9151223685286414,2.0
-674.5515692571577,12.681788909949173,5.717881063540897,0.9996406364796111,0.9262748724520647,2.0
15.70247984573913,-678.3093753591858,4.312392978657413,0.9985811175471523,0.8493971232753859,2.0
428.2493404917024,455.59169114940704,6.923769770989109,0.9994321115045097,0.9300598737384042,2.0
462.7755487995816,-440.29596481982645,4.69831017697218,0.9991769278562499,0.8985857862049225,2.0
413.2930175717145,464.97462724272793,4.060067396272437,0.9994828822129557,0.9323778668281515,2.0
509.588132131768,-335.74716739458387,5.871816385911876,0.9995072418692685,0.9332537371418851,0.0
609.4002545258284,354.32602854399454,5.1931535678841465,0.9994045431418167,0.9298058954497375,2.0
484.4986369795056,-481.34310119137746,5.414360963353821,0.9993564204151228,0.9271837268261524,2.0
-48.41827555917081,-614.3402540744797,6.4059269591475045,0.9994836973358606,0.9325815680792688,2.0
-405.002844745096,-475.2591385051873,5.905858278154486,0.9994292581928689,0.9306291790189741,2.0
-177.56676621349752,621.3764461807284,6.337945384039041,0.9994620650654641,0.931189364672102,2.0
504.26031687279567,404.7060809692776,5.443116754244958,0.9985632398992751,0.9059455383894477,2.0
398.9736449797232,563.5350269715348,5.241626783218951,0.9935504184557534,0.8438913308000215,2.0
-514.0675802272661,149.92367904005098,4.632760414565639,0.9949313480372773,0.7798385119685873,2.0
-601.934403163326,-175.736998613861,5.349470458662632,0.9985831545862022,0.869572319222857,2.0
130.33604279074592,343.42495046153385,4.362223008600087,0.9992014669857147,0.9217860455486346,2.0
-550.8814169243183,127.53202942231589,5.016575320179629,0.9991932225249998,0.9214419924404581,2.0
-52.63643982507424,431.01112387641433,4.27584705298192,0.9989699393409049,0.916458244227367,2.0
-477.7449600252002,-355.2450528876205,4.134855698583974,0.9995492786073582,0.9171763950054561,2.0
-150.08526899989022,609.4109153761173,5.004957771630681,0.9987656712836449,0.8821845931950482,2.0
488.6474966232854,410.71585056072837,3.948594517866982,0.9974608987924568,0.8856558400183944,2.0
527.6890245237935,16.122032236732743,6.2304233570896566,0.9993650003198208,0.9051845140857765,2.0
-72.66758587820632,-633.9153072275832,4.7845051837582355,0.999240364999621,0.9228560510025935,2.0
-471.4696292752944,277.41400853008724,4.34906132069788,0.9985698163489534,0.9064317205880137,2.0
-51.07721186624676,688.078049792887,4.495654235045152,0.9992786062299538,0.9242816637542696,2.0
-333.82998863939036,-352.52573649241754,4.493640377821002,0.9982689970777742,0.8418947523531688,2.0
367.6786211789712,602.0027181145653,3.5328397393568567,0.999038094047307,0.9224988248102738,2.0
-218.6183818848844,556.9415478775726,6.016978905312453,0.9985431521036267,0.8755670584402194,2.0
-16.879699053587405,690.6047419950075,5.094991422205707,0.9993369121996682,0.9262314209117036,2.0
582.9352144558798,345.9280052296537,5.447055896753966,0.9993052591392937,0.9268868252634574,2.0
-407.44203516275155,-454.29033714395865,5.471100766051769,0.9995364362198894,0.9146340661868766,2.0
548.1487156904242,-210.61378464756467,5.529849728635548,0.9992533337659683,0.9017876497976859,2.0
446.07502670186284,422.0466372273959,4.749289842869955,0.9991928338272428,0.9222394031447964,2.0
69.58891578999594,665.2453047998087,5.288767752126917,0.9995264343899148,0.9340551124844276,0.0
-342.82211982878994,-487.30960241727996,4.823454637866266,0.9992608603814832,0.9235562049689067,2.0
546.2131396416424,-397.081158347469,4.884107070993099,0.9993340201205172,0.9261751656095937,2.0
-329.73969116125653,-531.9453196886545,5.23357415841204,0.9992921451698277,0.9046206622512897,2.0
459.72190375644306,420.09192298664595,5.813456577971474,0.9989455210106447,0.9458408779626171,0.0
-296.49545060026765,-471.5462454811978,5.27591599888893,0.9992450041489623,0.9233171985096268,2.0
-424.0658906157442,219.18295373486342,4.603458554880127,0.9984289229402092,0.8730835537037381,2.0
-94.8990382445123,-637.1147923019556,4.292432018358094,0.9990251138616884,0.9164313573243275,2.0
-432.7147019385231,-368.4472655594785,5.616726863147123,0.9985214524044803,0.8748026597997665,2.0
-84.07425894430156,-622.5155356163477,4.513727885565102,0.9990794000789897,0.9178452871505203,2.0
562.8711887378331,291.8988481436254,4.76993428271677,0.9973692942515298,0.8487764190323642,2.0
319.5174442001735,-503.84850922689947,4.50856380521241,0.9979844507706809,0.8935054496969933,2.0
356.7737978216845,440.13763025772147,3.8655882470542053,0.9993609916537177,0.9280105101386769,2.0
561.8397088206572,-436.0299380783473,6.18839679427724,0.999484805634133,0.9332281216148974,0.0
97.43441845152549,-501.13253176316044,5.091868049415221,0.9993583597183149,0.9270377040885257,2.0
-29.892237250564712,667.0488768507668,5.828903940617354,0.9993956195286544,0.9284923921942546,2.0
258.71712365113626,639.6389504131124,5.504235266956712,0.9989825132220536,0.889315551961549,2.0
590.1585543204117,-155.20253006948133,4.791906867331058,0.9982968895479262,0.816927897072293,2.0
-273.07128638897143,404.52644382096923,5.867599069049846,0.9994545393527158,0.9309613614860653,2.0
190.45736258914494,660.0486594902067,4.507010517717195,0.9987227647210498,0.8557306259312949,2.0
-504.2438349155201,109.21013401528148,4.501482782748336,0.9987395489722357,0.9090837910205033,2.0
238.735937898395,640.8979045747666,5.217062845265028,0.999381620629473,0.9065799631949887,2.0
359.38366119292533,508.86783666265666,4.975258967666585,0.9995219809421318,0.9154915412219266,2.0
593.4239455925429,252.47511847062435,5.201628031637072,0.9985651904364344,0.9049000424294555,2.0
-670.3657647494467,48.41687013926726,4.675926889073633,0.9969752001649689,0.8781685295665419,2.0
588.4320988960503,243.18799771236186,4.428786676944547,0.9962990782169561,0.7929757124175943,2.0
73.4947734965624,652.4667782931892,5.189358082095185,0.9988117574612372,0.8837731581387209,2.0
-626.9712728489168,-34.5969372460503,7.472058724640568,0.9993735271420638,0.9544312181369138,0.0
258.06128069658416,626.1071934791112,3.708068320583386,0.9993502569425733,0.9102882063415129,2.0
105.50586589551638,-539.9608943606449,5.404037792213815,0.9994858415555298,0.9325383237636116,2.0
241.03578791912005,659.7889276818865,5.241744347442681,0.9997443961478,0.9324259765282403,2.0
353.0768799666398,-481.8217218905123,4.990526297058511,0.9987941439370838,0.9106093571602776,2.0
552.9441524110307,375.61833082362534,6.286682016914637,0.9993361106603503,0.9262858746336131,2.0
11.039127761510757,-687.5612947570002,5.516740513522576,0.9964197865026566,0.8367815941012919,2.0
562.6879071464467,-377.89105289712643,5.043978662019817,0.9992144857468857,0.8994826622362093,2.0
292.23434629074217,-472.4982911335526,5.716131818661546,0.9992736223707887,0.9240215620659092,2.0
-512.4859156737964,334.5419011736354,3.9359950738589773,0.9983047984216136,0.86944788341245,2.0
434.5121246721335,-275.80985848890845,4.207266884586086,0.9985450572830715,0.8765613154516189,2.0
110.08903442590373,-602.9012067065172,5.419036370906871,0.9982669293868163,0.8692047396140372,2.0
-478.2224863868527,384.84182080566654,5.96550381966449,0.9994771555944602,0.9570865870001058,0.0
-530.6442124500097,218.88092727594284,5.223988188366772,0.9990003670235704,0.8905511061172287,2.0
555.9725702705015,27.331592794782956,6.765582399033414,0.9993558926716168,0.9279920016867467,2.0
580.850957784442,14.240558800456828,7.263508744202049,0.9994055268725404,0.8899659836785345,2.0
546.5275823254149,-425.9904109433916,4.749879661278165,0.9995168384092583,0.9336191146465496,0.0
-539.6823960412008,-313.96297825155904,5.550732897685012,0.9990418038530903,0.8911224252194261,2.0
472.87407758199197,-500.64245547753427,6.2277972666444255,0.999372094063084,0.9276905628965885,2.0
601.9292611112697,343.0558548632512,3.672114103593994,0.9986170583954795,0.9087744139186565,2.0
-624.5552760121823,-184.647668826657,6.206402859096877,0.998843202497477,0.9441534128188734,0.0
-680.4014520120693,0.7827905343120262,7.019063013829566,0.9983724329741809,0.8736865769751008,2.0
-260.6891433346246,528.9623003639841,6.493027676734571,0.9993824489847388,0.928043399401074,2.0
382.2635385427435,578.5109728263803,5.165427082168724,0.9982065610813572,0.8978452773212249,2.0
-73.8698499681795,-623.460335833682,5.806420857210433,0.9995339231330653,0.9343959942686745,0.0
-392.891752111639,390.3175354953728,7.44264727404055,0.9993945744216786,0.9285077312509525,2.0
-254.33490318620412,461.57563952492933,5.720859351809198,0.9981488042096855,0.868410667116371,2.0
20.990935848098772,-685.6263799287552,4.777777542773998,0.997435166095796,0.8542722313319836,2.0
400.62938774548377,-454.45720001537626,5.501754081168627,0.9993800949369438,0.9278662445492777,2.0
541.0411799606604,274.03872990830024,4.761744194881926,0.999331526816855,0.9260331800106455,2.0
534.585544108849,-245.58825915690178,4.024686614649704,0.9982530642441204,0.8666145307709353,2.0
-595.7811836974583,-197.22941156536587,6.898402322300301,0.999456078285545,0.9316181856516669,2.0
578.6513327071872,283.35165848014844,5.5498547512699155,0.998748529531219,0.9426793509417445,0.0
-545.2490161283449,-100.81173542005413,5.337671261849577,0.9993536581833062,0.9268533142617511,2.0
629.6265768509808,31.85069214732018,5.390945169302917,0.9993602155636638,0.8867521605079226,2.0
324.1941914193536,506.0208397834031,5.207681709500879,0.9992479672418595,0.9230769298586217,2.0
-252.87496672871208,494.723066144554,4.5381672019159955,0.9975884284450783,0.9287998118110262,2.0
609.3317766189417,-158.155883024615,4.55354971951183,0.9972593872812068,0.8818635446627598,2.0
441.8915319143939,498.563052590488,6.843594809048361,0.999610140014206,0.9248147709672289,2.0
547.1293967875038,-239.2379195612474,5.3600800772767805,0.999312722890851,0.9266163449731948,2.0
-476.72391660670996,-363.7591568185157,4.458573631606798,0.9993614893876209,0.9092441924361572,2.0
81.67454730989962,-624.4495535447431,6.3977294260144255,0.9993116965939218,0.9269121533175733,2.0
-499.1932051601047,118.48751716033593,6.152298463545389,0.9993192307339483,0.925731036395274,2.0
486.5188285180116,363.5336970742569,7.69656167374346,0.9995011103777242,0.9329701956929781,2.0
-590.9618220867173,19.591153570563847,3.7819422769910838,0.9989679291358641,0.915470136839237,2.0
580.9586563847217,249.6455717365776,5.547675438223308,0.9993609751589702,0.9142240329389502,2.0
627.7432460389102,22.882443194735835,3.834091131520394,0.9987068022938924,0.9081798077138408,2.0
-555.2966777673172,-106.88787386061333,6.088941053597254,0.999334566470458,0.9263531171291836,2.0
-329.6520322410389,-542.2221618362568,5.102148046971804,0.9994507644224401,0.9307159669421413,2.0
349.295609845986,-472.61463134260146,5.045679387216106,0.9983930323929294,0.8438375934604557,2.0
-364.0870494840739,349.01511642044704,5.674163256707498,0.9986983108484084,0.8791307060117511,2.0
569.6174993695535,236.13306872539656,6.043603311658728,0.998487372183658,0.9031190913357633,2.0
-413.82360260019493,364.98578506515196,6.269687551064844,0.9994517817844883,0.9309137276063805,2.0
-274.81986520312677,534.0419922841949,5.877879133614119,0.9992307833898812,0.9225552122886105,2.0
188.58174577006517,689.1484156180743,6.732306184335577,0.9991717544885332,0.9500078330783281,0.0
-383.7291044168888,358.3519847223461,4.886481762532486,0.9995834592405578,0.9185560262357254,2.0
-414.25029221665847,-469.9201226773016,4.86792020657518,0.998540535237228,0.9041952343775492,2.0
558.4192834154617,-408.8217605316824,5.374871745113902,0.9996284013471846,0.9204698701784298,2.0
-256.99374553054656,-550.6518180167552,5.568125814862495,0.997999375730932,0.8950073354075762,2.0
-387.79349417685984,377.48868556277114,6.470255543541891,0.9989273395785916,0.887708400942265,2.0
-549.8252945608302,-198.5935523979197,4.404029238508001,0.9971837734277738,0.8816681068157115,2.0
604.1694169520941,205.73044477434783,4.900667478558562,0.9965466600311627,0.8725498744135685,2.0
-440.42931540769155,241.7765351009028,4.787104120144284,0.9991099810413512,0.9186477912792386,2.0
-514.2961592206826,140.2879202769596,5.110795929001768,0.9989258865632132,0.894379938444003,2.0
-164.7111605502966,-621.6537126170765,3.901562864060784,0.9988771563608079,0.9160360745091332,2.0
483.32167130379355,-501.4320918858119,4.339411378865457,0.9986894321777735,0.9080827277792152,2.0
-45.45423613590312,-205.67093357314383,5.224771204016791,0.9964714689362257,0.8352113251545803,2.0
-393.78202783128796,-440.4719838680284,4.917642437418217,0.9982385533877939,0.8711027199291466,2.0
-29.5784787540956,693.2988027890447,6.38409132734521,0.9994347628634126,0.9301098157225396,2.0
281.8139861620801,-472.50339095498344,4.7887751473726246,0.9990412515656607,0.9169161859658572,2.0
439.64258807512095,-310.6956772285309,4.541187784104471,0.9982959077007452,0.8685528122289898,2.0
233.55428453063942,599.9309304101743,6.102064564170277,0.9994601785130848,0.9315678586645496,2.0
-423.46000968941337,-449.95281086842107,4.632049169848143,0.9979219966309926,0.8996534620689707,2.0
510.7435339289465,-324.10137467502597,5.900546369705047,0.999313015397811,0.9257475287823546,2.0
-506.7126391364458,145.4543695358482,4.089913444352993,0.9987685759488245,0.9187835610077368,2.0
68.9970861154477,-625.6783394292728,6.450378391291731,0.9993715132238741,0.9227451948735338,2.0
106.61533233978736,-530.0900159703589,4.6046793471387915,0.9985525051074072,0.8799382694289503,2.0
-541.4331513417097,233.0663810025389,4.605439510478108,0.9990541671498702,0.9169884530624838,2.0
-271.57193437176704,474.4265783444629,6.310013390136244,0.9983159116026188,0.900689882033392,2.0
-634.3497335435346,0.901600335254796,6.096336497363494,0.9994056770772264,0.9289652945375712,2.0
-259.82771461678215,-573.3937401402328,4.963670884457795,0.9984941450945976,0.8756857662892592,2.0
-202.07549012498475,572.7486272949698,4.904864660089856,0.9994895404313155,0.9327316492295591,2.0
-13.825997822700662,-606.6969377202184,4.097532053076312,0.9980889937008092,0.8635468126994066,2.0
-642.419785629394,-50.254255276741716,5.170305747547417,0.9984968250589915,0.8743654036015862,2.0
-3.493086592620221,-667.2773577100915,4.906800044564382,0.995284354516947,0.8596612659779623,2.0
628.131013023327,50.84991686187319,4.3197276378794305,0.9992154955176149,0.8980259599162601,2.0
-249.9035018062796,-606.8310488267983,5.425942616376234,0.999710162172121,0.9272595652803551,2.0
-258.6374548487053,322.5454660104096,4.559219485462027,0.9991621871117808,0.8977665583188873,2.0
445.24189342692677,-470.1676950416128,4.592190377414618,0.9991782543235783,0.8964145157726127,2.0
566.4446220618601,-239.10034022437114,5.848305359345678,0.9985087602250907,0.9392552564475639,0.0
-609.6793696687225,-196.61571052439987,7.1085087581978685,0.9994351953878878,0.9302111655251527,2.0
-331.052813549186,-368.07945722829663,5.060853173408667,0.9995982397036762,0.9181765294457636,2.0
-465.62435129746615,141.53266768031713,5.315893442468512,0.9988700497500825,0.8866917062877644,2.0
-428.2680263736469,181.16084512337352,4.829790070554922,0.9972504693339145,0.8130180662792733,2.0
-211.0407776383966,572.306459991282,4.123005442560664,0.9990612704492633,0.9179471850614188,2.0
-7.219522001669116,669.0991181741865,4.965894584798729,0.9993825223388934,0.9133297657073864,2.0
-193.75034766545656,608.0632685383462,4.737036331606279,0.998241517317321,0.9026712779564003,2.0
565.7687377822002,-419.0873990171018,4.881620872553694,0.9990776153424088,0.894738806062968,2.0
-139.33871227441722,-600.1691545427869,5.523898165524942,0.9994938072635816,0.9149451885386729,2.0
560.8476176134747,17.131463419172647,4.622181686039871,0.9990823953110545,0.9196595318913849,2.0
566.793405451592,304.4284950189226,5.076403093376948,0.9994461770078154,0.9308080539186204,2.0
537.782231333901,-253.9104134777896,4.965238879001282,0.997905182504138,0.8610789151079694,2.0
-305.4219561539624,-454.17583647914336,5.803290955117979,0.9994794827195859,0.9320420602394544,2.0
545.3793965055045,282.56248556102764,4.867121033118076,0.9990106451577229,0.89287383752503,2.0
242.94871990391454,674.1033177221534,5.670176394205828,0.9983476298211543,0.9053950462292415,2.0
468.9576410208205,-482.3689933882064,4.5366157844427475,0.9990597711684263,0.893406336933375,2.0
-596.8620520714092,-63.450795489915954,5.666537301108166,0.9986474290978005,0.8785053121304609,2.0
542.1940187455867,-265.1206929390585,4.820129930176611,0.9979381915488479,0.8592383529515153,2.0
435.5056165282936,-439.6408804973648,4.103290009321939,0.9986402089695579,0.8776500533534233,2.0
-670.4338566049327,28.427645710324263,6.635004068612076,0.9994084577580346,0.9315277356905834,2.0
-610.7762636153246,-169.50505721624972,5.5646870360767595,0.9977737502543955,0.8566228145601744,2.0
-350.95590533633856,-468.76215294201154,6.260812271793369,0.999376502973281,0.9277583776512766,2.0
-467.73254162924354,389.9184856164435,3.726332094091601,0.9962249609127044,0.9174773140237823,2.0
348.2485863692283,407.0144235384718,4.1023149270675585,0.9987946203012403,0.8823227531437063,2.0
248.4531678857231,607.2845616499617,4.290674125631934,0.9993257142267056,0.9263515738073224,2.0
-252.07662251307667,517.4817721848689,5.41831161484342,0.9994355746997118,0.930175687042569,2.0
494.7258439733831,416.46164331851054,4.51601445464678,0.9988528811279869,0.9115985135043533,2.0
555.1765011783488,-308.27978977967217,6.043720093270998,0.9994901623593301,0.9336166031098413,0.0
-275.9834716380064,393.5395460445459,5.575066892493953,0.9993977865627328,0.9287953111115629,2.0
-246.71792384272743,-473.7361650960954,4.739536465833332,0.9983496837628749,0.8698711395519102,2.0
-470.0596076713037,-320.2799216221514,5.005057821861894,0.9994250931697553,0.9296801713530017,2.0
620.3880393931224,222.22483733409047,4.7224712334664405,0.9991249785195107,0.9194695565611304,2.0
603.6757690828308,-128.8297858453672,5.425505470982111,0.9986491414492815,0.8782465520806858,2.0
529.2040099608358,-443.5689688989685,6.702105151502444,0.9994551262832078,0.9314595357498017,2.0
234.73221650315065,650.9273729314056,5.645594839274078,0.9992537807002562,0.8858881266420975,2.0
378.80503747935853,568.1521838899224,5.899060258162422,0.9980576416842344,0.895368155458596,2.0
191.47790758262167,636.2839753146653,5.2978781662844625,0.9991581512828774,0.8961821294311939,2.0
564.5272029481004,-367.3569342546674,5.71627746447392,0.9993571594491103,0.9274775509821651,2.0
-423.8153729221285,-470.92737835104305,4.866828151882809,0.9969070800122618,0.8806842324492801,2.0
-225.4366487909323,437.658928916175,5.474823584669474,0.9994780274052012,0.9318810067621802,2.0
-511.5689330761988,-321.6920895196406,4.861809050804957,0.9994833501065329,0.9119089637560529,2.0
-348.0543509758003,-528.5022911377847,6.229714671158867,0.9994587249929728,0.9325440269324118,2.0
2.030324799203817,-423.1414746503126,5.353953348177163,0.9975338840798188,0.8515754058255676,2.0
-483.16376064266746,192.57500807002322,5.414007851565023,0.9967342384490202,0.8152800493503781,2.0
-526.6241759404124,-325.46241481948783,6.529319339747961,0.9995118466175897,0.9341218791325364,0.0
237.60604162005552,589.59241801404,4.967745733478676,0.9986407541064658,0.8776236732158246,2.0
-513.0861194569803,319.58859212575334,5.0999899347191615,0.9992083691872796,0.9223740988984825,2.0
-19.976701328876075,701.6002149877671,6.3906657246411545,0.9995212457065769,0.9344236950380139,0.0
-684.3257840980658,-10.998176704964013,5.59836356908782,0.9968082666036616,0.8757962481423491,2.0
235.82411105374413,667.5186932400818,4.117162848145274,0.9989933096294744,0.9190081897714973,2.0
29.6439945582161,-691.6301454189488,5.866218963190898,0.9993521585088511,0.9119723638312732,2.0
538.4189832357287,22.31253651735374,6.2304233570896566,0.9994246640151307,0.9296593330229841,2.0
604.3607020481696,-146.15439878023548,4.768242586414676,0.9992282939401543,0.9239567951679688,2.0
-67.53286474532767,669.2649185912817,4.400015924322746,0.9993868329595388,0.9283661371900863,2.0
-572.758066754323,-180.01021503032825,4.752344733996088,0.9983628635941929,0.8423433827408595,2.0
123.28476123103509,671.2384235755834,4.393853862541185,0.9993679875679061,0.9065371676607963,2.0
-583.15509994393,-4.924032843941698,5.783876414838343,0.9991442983721494,0.9494641976202245,0.0
-657.0902070477381,36.57041318006212,4.745415596342824,0.9990035400760495,0.9163536451504211,2.0
560.9911040564556,344.84637980539736,5.542694516357222,0.9993526681406919,0.9053938795444494,2.0
-257.8124705064932,-623.7112740702333,7.217597492453829,0.9992730642788774,0.9248836095442952,2.0
460.9529809044299,507.91081960716076,7.427647046255781,0.9993763535231104,0.9544995664787163,0.0
-258.0120880993466,540.1832466597507,5.130507866542252,0.9989075114216734,0.8876127463718941,2.0
449.15451190006763,-478.21426777302077,4.404215424628809,0.9993727088306084,0.9278450336969283,2.0
508.99760639386795,-307.32071309920735,5.112874052182383,0.9986428372200371,0.9064391744505452,2.0
591.4004124263543,-225.77963130344176,6.675391814296709,0.9989335012272087,0.9144857998237216,2.0
364.70279759722496,-478.3128575065947,5.852571661172473,0.9991798389287517,0.8978539847685808,2.0
566.2483209814644,326.88757866422964,5.374897477894519,0.9994005389761883,0.9297605961370775,2.0
-63.60939717401451,677.0775286772739,4.4049845701731005,0.9979760069112671,0.8315634555056677,2.0
605.5323533980019,-206.94240399870208,6.357582763378688,0.9990115015586694,0.9469883251495469,0.0
219.85243151252612,-439.64096874670287,4.587209594778211,0.9994711111728316,0.9334491090274234,0.0
612.0638826168043,-80.12445807638856,6.856255936000375,0.9994538694025699,0.9310362957986681,2.0
61.104366257689364,-645.431053559184,4.984192065866253,0.9970498582435026,0.8440732482490723,2.0
-651.139367239445,-2.665786579307621,5.1451469295577725,0.998346396010971,0.8693204865500279,2.0
618.5705319516347,20.806268676490195,5.645446152668304,0.999507673633557,0.9331984642283557,0.0
-656.7105203645693,-40.54030232419323,4.112683316748448,0.9977813983426312,0.8954189367251696,2.0
287.0525646508876,-490.4793858726879,4.141015552400248,0.9971514676338216,0.8858925424064417,2.0
-88.74790572489113,-630.4980874943558,4.804112587600102,0.9993739899169313,0.9276810469102351,2.0
-55.02870119436421,679.8602119747967,4.679957901195319,0.9993964577219794,0.928552900053148,2.0
140.847443801556,680.1776286682394,5.315549303447006,0.9993967444345015,0.9285261697404796,2.0
-542.0146254913676,212.38938449595338,5.277334320042541,0.9986121300961955,0.9057160976724292,2.0
-244.62227522953464,-615.8788966566453,5.088177028058035,0.9991715825084575,0.897723684335806,2.0
573.0179137317446,292.7072897599327,5.55191629289841,0.9973732780834147,0.8488433543199457,2.0
-527.2867804956198,229.66275415882936,6.150426112489869,0.999548179139136,0.9356126358944328,0.0
123.26781323252428,-548.2220207412673,5.565634869199914,0.9992354407539822,0.9513171785913203,0.0
537.1506231531176,-237.11406141163792,4.898508074746067,0.9990229833727892,0.8674844032352385,2.0
604.6231382751813,-90.13898838091262,5.605851720173104,0.9993582069451813,0.9270284766423006,2.0
0.044093095877049904,615.7359415941215,5.192394301949223,0.9990296567372756,0.8696873639332126,2.0
569.6250664363557,-428.108620162652,4.97669199733841,0.9994909434273876,0.9328653306345274,2.0
-599.1200458842878,-185.7910311924514,5.093317972112122,0.9993380894640941,0.9214113234184166,2.0
-177.72924891865168,609.8737733355615,5.246485609568338,0.9993299675806107,0.9272544695985117,2.0
-148.61242913296607,640.5274094851267,5.314278085971028,0.9981547125595363,0.8387562492694667,2.0
591.8594732524111,268.46216847768375,6.579651108779502,0.9993398153183373,0.9330088949749253,0.0
-139.04871815794218,520.7755208018801,5.395066556028346,0.9994117530888711,0.9291232073813112,2.0
623.4087459548318,212.5707504602928,5.454627007426899,0.9990516452385941,0.9197268554209771,2.0
-488.8390918039878,320.658523173212,6.617492448861356,0.9992302683003792,0.9512081621741257,0.0
202.91870663700578,672.0987707753806,5.266783834610061,0.998978428498514,0.9171557578149017,2.0
348.38819181141156,521.2087378638915,5.542026653441296,0.99949499067254,0.9326300549931514,2.0
233.12360501160944,-432.1030202878387,4.475246640454203,0.9990830509130448,0.917845433038324,2.0
-259.1887488738008,472.51654676597724,6.409015663368964,0.9968507884379609,0.8127113007910889,2.0
-336.8371969952856,-522.7028477020057,6.488883701731857,0.9994613701269742,0.9317211311468628,2.0
215.10189629154783,-431.5799026826846,4.803312462611877,0.9994330162518448,0.9144481438772728,2.0
-154.9734465848917,-388.7780434342285,4.194306848342365,0.9957280847943106,0.8215399365539608,2.0
308.58068694140775,-498.07979168084324,4.548699241892724,0.998721409583861,0.8861812166264896,2.0
119.7335722948149,-598.5864047382357,5.231273244986719,0.9980870839969399,0.898855900188839,2.0
-425.46793778957095,368.46082347317065,5.9656151640077395,0.9993280855624002,0.9259633962891868,2.0
-629.0971449697987,-53.699702415132805,5.037775536724218,0.9987021939937575,0.8792513549194322,2.0
-6.970508089481988,-683.8097334052081,4.9304034395524665,0.9913964532634437,0.8281389776265446,2.0
534.5914869646056,-360.2203392796264,6.028265958403389,0.9995202474804429,0.9338565969056315,0.0
34.59446145648099,682.1823154535228,4.993135317645537,0.9993566986650753,0.92792480099796,2.0
555.0147810309519,-290.72281789577977,3.9656065624908234,0.9977139949134743,0.889503700134998,2.0
-575.7736301792261,-306.1626219069434,4.877672943287082,0.9989683010176725,0.9153997508122653,2.0
-194.3104359308424,569.7573816649694,3.4925575961589095,0.996109929754015,0.8725821377598155,2.0
543.3609404689356,-353.44701252186485,5.117948488404181,0.9994758046902782,0.9325949835162924,2.0
-414.2377497033901,-445.56608301815555,5.634758727307372,0.999119249512406,0.8978210296315682,2.0
277.81162147030983,-497.9640400652967,7.903762510528371,0.9996764068077733,0.963410749361378,0.0
-184.95103465130268,575.3091515092026,7.5394277632820295,0.99970329207868,0.9644508474007238,0.0
-525.2342032813954,338.46675720232145,4.762271284160189,0.9966360196040838,0.87387181443774,2.0
-521.659678020194,127.04958207527496,6.2125447079079335,0.9991920104045869,0.9504167135910736,0.0
-46.41658764891749,620.6482752342998,4.8332397711873165,0.9929205664728581,0.7885098824970111,2.0
226.5423523370687,657.6511170216532,5.023685380471692,0.9991820106139285,0.9208985736204042,2.0
361.1584267757125,-490.7009494697916,7.114074560406644,0.9995195414455693,0.9337606776192882,0.0
24.557357804682493,-676.1928553031511,4.846117439504993,0.9993456739085417,0.9273125323103475,2.0
-622.7735143911212,-166.8215682997667,5.116093633962731,0.9924305378013273,0.8370792832145035,2.0
494.527639339995,374.2156815054038,5.761435383406471,0.9988008872801879,0.9102795372391793,2.0
-536.722975981398,225.85938164416757,4.088452279280415,0.9983307665389535,0.8691317471782118,2.0
510.17079145161017,-294.997626701597,7.362996926598969,0.9994939442105871,0.9325963374615083,2.0
555.8853522200699,316.7516430755401,5.631615889565489,0.9990964203627861,0.8929893175128054,2.0
-438.9185882205313,209.19015601771588,5.403062971789761,0.9986977434186107,0.8803647001806797,2.0
590.6219904978647,-237.10791487692805,3.9843808860426364,0.9971733003261933,0.8824834788938881,2.0
442.9946050295477,-484.0696093670581,4.160348790033599,0.9976103986608651,0.8931082745731558,2.0
551.8344344367799,-267.5398678715409,5.2129585329252475,0.9976815036984682,0.8547832062864136,2.0
-172.36754847403458,-346.0692005270345,4.391990103365088,0.9974319861672175,0.8512153687206901,2.0
-484.31329906798504,202.77122138365274,4.980194197387322,0.9968656488982713,0.8784822082410412,2.0
-276.6994297960528,-586.9563877853595,4.871580809126486,0.9994730270478175,0.9318414196277006,2.0
-434.7759110381346,-477.5348725433588,8.121791068291902,0.9995087263676371,0.9579651834131939,0.0
486.2593827813371,-492.07354714820974,5.537886221853477,0.999409318908362,0.9292909594243687,2.0
-610.9997657872954,20.288239558686737,6.238740129534135,0.9995385054888735,0.9346079352623947,0.0
588.2911000614918,-366.99160319185944,6.308130268763426,0.9993167648516035,0.9267434934623388,2.0
441.2877087593388,-461.8646000421354,4.665260126163583,0.9992664946928649,0.9238982918951081,2.0
569.0944500535646,13.073096984661788,4.622181686039871,0.9991893582306837,0.9223113433158243,2.0
-576.9931745759067,-13.783024899825532,4.894133149482857,0.9994303443535916,0.9298683812660669,2.0
82.03858882487447,-607.795748443732,4.986532034151651,0.9994749772510971,0.9317656538754859,2.0
580.0388811288211,-229.02401716158286,5.306335458895621,0.9954704035393452,0.7793954858075005,2.0
646.0538706390893,51.53157803894734,4.646556882560199,0.9988444442785853,0.9126947269757646,2.0
-517.9927175966536,161.4000159098111,7.703446350206032,0.9993954049639836,0.9549657831187782,0.0
698.2597239479861,127.68243103264076,6.192326138271239,0.9990195806061171,0.9471323298201919,0.0
-456.30152589060344,385.429657041697,5.889487926194807,0.9980763990120761,0.9339207131232892,0.0
-246.0871289453832,335.35594188657285,5.080721120282624,0.9971598708254398,0.8479345362201188,2.0
19.7329004405367,-696.1000002833143,5.032249740452022,0.9994635538700095,0.9354462896628963,0.0
-578.151756618759,-187.71096631396753,4.720649685011292,0.9990844541827294,0.9180534077719209,2.0
-266.0139691018896,388.68617053224284,5.575066892493953,0.9993290559169052,0.9265030339946067,2.0
247.4415944855425,589.9848393164956,4.967745733478676,0.998752362870323,0.9091971832624389,2.0
-693.7778681548527,-0.07842877417528907,6.458616125026633,0.9997247448120596,0.9653270069812688,0.0
608.527386607761,23.339005039058218,4.782158179154169,0.997896324056318,0.8967871202084637,2.0
218.6528451203745,653.4567561195792,4.000113162492364,0.9967220707012879,0.8784981210388141,2.0
-428.1723900727309,-439.0616847754718,7.389277302088485,0.9995679012422671,0.9597197897679419,0.0
-404.6790781892873,-420.90374077548677,5.530326426814518,0.9991811412476177,0.9213198150977714,2.0
-272.0710076919275,523.140745759577,5.460255125258273,0.9991728853374698,0.9212005652311305,2.0
35.766237600314035,-575.278782720277,5.466634445717852,0.9991988302634242,0.9214743829351253,2.0
-315.38849990142285,-459.92422549917865,5.774077079376229,0.999180732518125,0.9215576435559371,2.0
-267.96510539321787,542.5848181433639,5.163364286957501,0.9992452652364916,0.9243074909982725,2.0
454.2227833258421,497.93634446377837,4.79990213254517,0.9966634539640886,0.8762834479017345,2.0
325.3204527374541,651.4615788512632,4.920993667700446,0.9994012920258842,0.9289740712196869,2.0
-603.7943829350775,-320.60529400087404,5.130854290835567,0.9990468331656853,0.947624058534413,0.0
-402.9529439930627,-376.7963191300191,5.53142845423181,0.9988254422399026,0.9161709152930723,2.0
-583.3238708620969,-317.92028142525726,4.139837368070005,0.9985052024435457,0.9041310763353101,2.0
570.4959725136375,273.3076904793961,5.624499431643231,0.99869440951649,0.9103856604816452,2.0
-338.9939130027174,-533.5058649407337,4.183479178859433,0.9993181573746781,0.9279170921691936,2.0
-647.8540797527235,-41.85734370973994,4.901015627766529,0.9993793591129357,0.9281477494356245,2.0
-633.8442138505916,-44.86240569292051,5.07248461503768,0.9968602534309281,0.8457595106568799,2.0
381.3823013970387,302.9800009414152,5.194605059453656,0.9954699081534564,0.8198612565248286,2.0
-80.8237650676965,682.6108132595791,7.302896520796627,0.9995036075589956,0.957820209338592,0.0
112.10330396285534,270.3171264378209,3.628077525799047,0.9964775699199245,0.8363114161051237,2.0
-263.8119383241998,484.7848451927881,6.750259656760944,0.9994094500035837,0.9320088854469039,2.0
-185.42043350390878,603.3005068058327,4.924187156492586,0.9994316415116054,0.9300277325342786,2.0
188.79530841640576,-475.3466406430211,4.303398091279935,0.9986990746766959,0.9078032798110031,2.0
-436.1212403866012,224.6316817893414,4.377500647566111,0.9988461900498928,0.8841923315982682,2.0
-42.51441440859695,-601.2389812538864,4.678725310243102,0.999118087064904,0.8957075106021394,2.0
567.2006867533233,-401.22062709972096,6.269272508805451,0.9994903056325259,0.9151609684015365,2.0
125.46195754865045,-609.4518219976812,7.215002738708951,0.9994443005154253,0.9562092396561869,0.0
400.6840807650965,553.222296968177,5.561986829866206,0.9916489560932744,0.7771123184246559,2.0
585.7542603588685,258.82661719495326,4.865702500671694,0.9987844407882565,0.8863358211955582,2.0
462.1155872741658,356.1524551418086,5.166502322989935,0.99722360079075,0.8453668457058148,2.0
503.1089294079503,414.2197519427166,4.245803577221294,0.998384776848748,0.9014598913274217,2.0
589.3791117179637,23.32545963585092,5.249874744645964,0.9986851178681879,0.8801132709547913,2.0
-666.5147619495236,39.473682276729136,5.211124137485983,0.9976245572448625,0.8536847212508962,2.0
243.0524167255936,241.30201881096988,4.915671448994409,0.9973018897834417,0.8170730198091215,2.0
-171.52414595065068,-587.056220292022,5.453838537520094,0.999458323926024,0.9322962655725696,2.0
445.9445118688757,-494.16529478060323,6.506670930804328,0.9994943118441836,0.9575594790344854,0.0
577.6982068503238,-35.934409130625816,4.442143209970142,0.9979687226250425,0.8605811158300704,2.0
662.6171827279788,87.35570334964028,4.828066391822501,0.9992120882413776,0.8976236556081469,2.0
67.38788767626379,-637.6035280534028,5.225203927740579,0.9932912846935729,0.7966456306207291,2.0
-592.7042620044977,28.57904754504618,5.44250256283942,0.9994166241765661,0.9195328628320013,2.0
578.9482578861678,-358.6331945291083,6.3348817888628,0.9993893196044967,0.9306597367217713,2.0
582.3298443936716,-238.3744386230529,4.502460253056402,0.9949019278734027,0.8158612037714582,2.0
115.73652193698807,-537.633604680481,5.141935911794813,0.9995310979549705,0.9229231385881536,2.0
-596.5393134843563,-310.4291633439615,5.158333799494062,0.999386599987524,0.9293437233602295,2.0
-548.0626431842014,221.4265393826679,5.708356558762416,0.9991571896180635,0.920890649441097,2.0
-499.51725370884844,324.0635156579339,4.7771936592325455,0.9970857126830305,0.8818970825409973,2.0
-20.37012314007361,-377.866576602974,4.785432589751897,0.9969207250823592,0.8777972185270174,2.0
-599.7986659403753,18.704259842436887,5.145774953185992,0.9994548476813517,0.9328211901002501,2.0
-558.5079640710734,-206.05670225403873,6.848957734976609,0.9987860383287162,0.9432540718432325,0.0
6.195853593526433,-678.0679842501977,5.246138207569912,0.9985673786255655,0.8793278479865116,2.0
-632.0317434463026,-165.39832809025467,4.6957461070533535,0.9879208924355527,0.80765321988574,2.0
617.0336222475032,-153.313152025509,4.699754697084852,0.997059331887658,0.8793968509464195,2.0
-660.3591343576023,-49.86560055525436,6.044080736727594,0.9994379907282208,0.9560447552181122,0.0
-603.3443664926417,28.69415421106445,5.20424689198082,0.9992187032004041,0.9114737868113814,2.0
-666.112621147879,-13.771512714805969,7.042364376742526,0.9993159386763595,0.9530815181050366,0.0
-618.8975763331283,-175.56143158112033,4.720687076363725,0.992760814289472,0.7889155830046275,2.0
110.20776996287454,663.3917007683422,4.801436570093395,0.9992658632452847,0.9238712058946095,2.0
596.6516645571573,-200.0450776443146,5.086787549390331,0.996120329728107,0.8674739773105863,2.0
612.1307811456545,199.87298689441636,5.185551241618801,0.9962602184760017,0.8694764656605316,2.0
-430.48301403175924,-138.81603279733335,4.363829413135523,0.9970537652946707,0.8415888685753368,2.0
197.34887136058688,681.0458646007006,5.393458684664663,0.9976820995537279,0.8903141194569409,2.0
698.0396041129662,115.87233827754635,5.797398203181335,0.9983719002705825,0.9032558607119967,2.0
563.9436432121032,-299.6723332374934,6.290511162568074,0.9995889236196509,0.9378649714272705,0.0
-173.4646841139015,-596.3664896300899,4.109988166484557,0.9990608004343776,0.9174919254814896,2.0
104.66692066054429,342.5262006160088,4.566932534584269,0.9956620176372565,0.8207830797812371,2.0
-89.19924045368576,641.5460735282439,5.37591463138848,0.9983213542120425,0.9368296658013019,0.0
-135.1660989626037,655.0435514116613,4.956133784224067,0.9988597090457341,0.9444186540315838,0.0
181.8987724027649,-483.9196128646106,4.574735004521613,0.995792054083385,0.8638881727600736,2.0
560.6468615297044,262.5721754954458,4.10112614835411,0.9977961585935675,0.8908343590928021,2.0
255.1469235862437,672.518153063207,6.8085337313411385,0.9992239969441471,0.9510766426682293,0.0
-543.9424322626809,-305.53822621298366,3.9698683849846983,0.9979236437380684,0.8595252565514643,2.0
614.3875201926694,141.39878107724354,5.258450615569704,0.9976156398468453,0.887791555706186,2.0
292.3851908313975,518.7685959632113,6.4361453619102855,0.9993594771426835,0.9320111693081007,2.0
-263.27739945594567,-542.5119181333126,4.842538346539978,0.9983483713455942,0.900635394959698,2.0
559.4835230192753,272.0179840367989,5.539516867285331,0.9991008497513058,0.9188660634349015,2.0
411.91781684659804,524.1131248684762,5.368573966461127,0.995999739948434,0.8256786464177276,2.0
563.4345575813785,-258.3041055058464,6.214155846133816,0.9992019485080403,0.950619842480564,0.0
577.416261867738,309.85962799451517,5.364817272611034,0.9993775540706648,0.9278141777981652,2.0
113.39575071795495,-547.006816749391,4.526751370551649,0.9985576731410303,0.9266737733141223,2.0
81.44830609718402,668.2220312683421,4.997767039508328,0.9994681202738991,0.9314486448078545,2.0
-191.6699265145907,618.1441211215973,5.708424208329682,0.9992022125676158,0.9506252628105631,0.0
640.4307198354137,213.10123967376674,4.541609224170562,0.9986107801769438,0.94066316411073,0.0
599.5793517067845,-237.96580601854978,5.167042128984515,0.9991221229437277,0.9490336142530403,0.0
-292.2484570325584,375.38297024301187,5.65707151564638,0.9994871737797354,0.932274714095885,2.0
26.179911739703712,-713.1327308432933,6.028030698949274,0.9991778021431627,0.9501291993547955,0.0
-514.5219587871593,-98.33636892969086,5.762904590243092,0.9988899639752201,0.9449116031257088,0.0
-550.7778674730959,231.62712594379593,4.92484022129234,0.9991528505741312,0.9200576262778806,2.0
-510.6628352102528,130.4472332287932,5.459120549793092,0.998449565297659,0.9057697585956632,2.0
327.0638968619181,-500.0319670575751,4.093758630008848,0.9964451281400963,0.8715345104403944,2.0
599.8537660671255,-156.97692632722524,5.146314360594574,0.9986499038613005,0.9083848702070383,2.0
-507.3595698713405,201.81403902267226,6.370708004175259,0.9994974780467358,0.932812602853703,2.0
-513.838074788674,180.4007082169633,5.168901782408719,0.9976544738022199,0.8687791151727181,2.0
581.648261097721,373.8236689477064,5.0800456846542055,0.9989479656419752,0.9458825169549937,0.0
597.1379301743663,243.76359397876274,4.4087699145313,0.996347106133291,0.8304613557759761,2.0
459.8589765383494,409.22640018555546,5.2316442302216695,0.9977490941270309,0.8903768955366465,2.0
-668.1426850558756,58.013671176683914,5.35057829542622,0.9988643279554912,0.944493336835971,0.0
553.8557043620206,-298.46658213814965,3.9656065624908234,0.9967776755955494,0.8369586049059066,2.0
397.02630688915485,542.1496812508371,4.7198360807930175,0.9993209133256413,0.9099599618425035,2.0
-543.1499315574816,-205.1892846497104,5.147629468826784,0.9988986161153984,0.9450542336603446,0.0
421.4639743784739,521.302449405128,4.757880250698825,0.9952083771778837,0.8140222451140557,2.0
-577.0142928583624,-204.6366196709224,5.591631631222097,0.9990770046035415,0.9481796053234436,0.0
-574.8774847578551,-0.6975883110350103,3.69900460536016,0.9944368070714169,0.8513437490490128,2.0
-535.3553486852002,321.5795621556641,6.058555787494623,0.998896187552842,0.9450141229269494,0.0
-594.1509402147839,-319.92430082254225,4.682820567616801,0.9984902553947734,0.9088591980356729,2.0
387.8708839154028,540.6761577817244,4.569280017330522,0.9969286973852455,0.8243527219274022,2.0
-283.3931880580564,380.2843214062258,4.021235999311272,0.9963008462189359,0.8696558810827226,2.0
-625.1899010755279,66.52572526384114,4.6780398056619505,0.9964953035479353,0.8718794046374411,2.0
-25.353799707024052,-645.4753894254704,5.3175728476240165,0.9961843511324351,0.871685272575909,2.0
580.8193580023233,271.5003942983538,5.020838358701354,0.9973016886366972,0.8824747276772854,2.0
-571.0049404304541,6.19274588905751,4.369685541236937,0.9986380534620438,0.9410512909995244,0.0
-413.59867439695216,-378.47181941397884,5.0610328988277935,0.9953769529322763,0.8597672701958551,2.0
-362.74413198765114,-123.04410644893476,4.733987755883668,0.9887947244957523,0.7548615193030552,2.0
626.5527380690206,-154.99529484373392,5.146314360594574,0.9987110092245804,0.9421159438030426,0.0
-144.35252777230602,656.4064340148271,4.49070203886167,0.9970959183763576,0.8796215511419468,2.0
91.07772602835867,339.96282730760964,4.603808154707725,0.9826535456018631,0.7163394282194158,2.0
569.4288032306929,-228.3914044705847,5.490358647851412,0.9951686161849443,0.8142485897783326,2.0
5.640478385347914,-668.4448441612246,4.511792213123145,0.9967073925815095,0.8766788492220041,2.0
-78.66653272693648,641.1888806334046,5.37591463138848,0.9983213542120425,0.9368296658013019,0.0
496.3331975117229,397.34483314476347,5.523256082303801,0.9964553613758502,0.8322454654626269,2.0
567.0680765635556,-274.3087749765192,4.619219110096083,0.9985000880913646,0.9391386094209928,0.0
484.1873782884101,388.15053254384594,3.284368510344679,0.9958553497475069,0.8236377148125651,2.0
-694.1921944851474,-16.238043496107117,5.7767632285516965,0.9986280001183652,0.9409076173090928,0.0
77.02347233940145,-637.9435548746986,4.647530864435316,0.9958545506129082,0.8654004874825227,2.0
632.3168579356563,216.32498423292225,4.35144980313344,0.996992682310916,0.8782126247836417,2.0
61.08243976423927,695.1047616464708,5.882264450021348,0.9977962760379212,0.9308863413881863,2.0
-247.5662439582353,487.6463514571313,4.5381672019159955,0.9913706610687362,0.7756629009487677,2.0
398.5258193482126,573.727313487169,5.241626783218951,0.997369180733304,0.9267269283858025,2.0
-9.578864398884734,-674.6427906663021,4.9304034395524665,0.9934261670140837,0.842542965859606,2.0
-16.8975403186594,-641.1839781825743,4.489911580594767,0.9919181547555337,0.8316965450491779,2.0
-104.4805995302099,625.6667504961661,5.467263492138405,0.9953580872913439,0.9116820423663166,2.0
-467.5399306406171,382.7221217458575,3.726332094091601,0.9880260416767641,0.8111174986520023,2.0
-640.8332900441137,-167.18692436578274,4.6957461070533535,0.9945225303136727,0.9067602344093896,2.0
653.7425683806265,36.90076129937555,5.067239509159529,0.999506968539829,0.933259529938335,0.0
610.1124397603496,27.743828701705716,5.387202202107214,0.9995840161038454,0.9602252808297237,0.0
