x,y,r,a,f,inhibition_value
5.411715627668215,-18.489860153051417,6.316590137350857,0.7614361037461838,0.0,2.0
32.456381873258174,-5.085882881337787,7.6915110788447025,0.7394189947522098,0.0,2.0
-91.71665613761891,78.92062893582131,5.735027443401724,0.7497551131453236,0.0,2.0
-57.48548567287964,-205.60647193070307,7.506922411867437,0.7576231539096276,0.0,2.0
51.13511897803059,62.36745151637348,6.565502315154866,0.7544834878573856,0.0,2.0
-56.74449612857681,109.45819284200952,6.821507093250318,0.7806415419985251,0.0,2.0
60.56103132828147,-137.4800633141101,4.683664953771625,0.7488699995245772,0.0,2.0
-99.20506070867232,-62.32706691087032,5.044899580317953,0.6387157551247956,0.0,2.0
-70.71034891643966,62.30925765292569,6.106448905486581,0.7293063486873639,0.0,2.0
142.3052830830549,149.00676854435073,7.837084527046175,0.7926963141551393,0.0,2.0
-13.771874144315772,96.82451744313055,5.4617198930319075,0.7059268424441589,0.0,2.0
35.08178845506931,-90.44636408390015,7.198537614754076,0.8064037890895591,0.0,2.0
-24.753980387503155,-1.8251101627265072,5.750784855094178,0.7121509376835352,0.0,2.0
101.27389070741107,50.48073431100354,6.420063892379696,0.7654663555204355,0.0,2.0
-112.96143923752479,-30.93802386283956,5.4470939170477255,0.7069848724295249,0.0,2.0
157.71393968324026,37.17995021559538,6.0019340072908065,0.7441548476883695,0.0,2.0
81.00740714169672,178.92783337764598,5.98708476869491,0.7501414487329481,0.0,2.0
-68.82707761274598,-1.1549523082242235,5.594268944244477,0.7464772199661912,0.0,2.0
21.21847042865647,-102.97674398267151,5.5928554651830575,0.7328434898078134,0.0,2.0
-28.777443346419872,-46.09267866637897,6.756800990487951,0.7381760334356122,0.0,2.0
145.80040987025197,-25.861090887573965,6.907872550106421,0.7042226426295511,0.0,2.0
-64.85402624606466,25.110048155023023,6.634859807900061,0.748583467772178,0.0,2.0
117.30245213679156,-89.8955380658078,5.676794054163863,0.724793190453533,0.0,2.0
5.317890682713277,19.89140987100313,6.066944203590233,0.7615170777536555,0.0,2.0
73.92654070049349,-44.1934350876396,7.154536777453944,0.7420303012280776,0.0,2.0
41.50202031096268,-23.804432619199588,6.089982468940046,0.7617575045318503,0.0,2.0
41.95076616131769,-82.07006683273131,5.502718034026889,0.7455107384424116,0.0,2.0
-144.77507807662894,-173.35740618259976,6.364570559285284,0.7295103952240722,0.0,2.0
139.44346866114054,6.242082429920856,6.40079380967847,0.7161493495976624,0.0,2.0
7.262435047523514,-113.99586782145909,5.52213142488706,0.7463080105884808,0.0,2.0
-97.62586143396287,7.920191158664767,7.19504963782348,0.8060318361401452,0.0,2.0
-186.16913959465168,201.2426266560602,4.63647911712695,0.6512223691341908,0.0,2.0
-40.813337375620726,122.37838240370046,6.560571919556674,0.7129452166907102,0.030163763665018523,0.0
190.47368519840208,-133.20973946766978,6.238474028628382,0.7176291873410334,0.0,2.0
39.56458290933879,46.425030015986934,8.009411457269898,0.8149573904022264,0.0,2.0
111.28918372467513,49.79260305291616,6.196705778980569,0.758014821346464,0.0,2.0
-137.9402594206074,-20.158462839378753,6.522095587823994,0.831419870776261,0.0,2.0
-40.62644423932108,198.7212128068486,8.45817584065432,0.7756850424835928,0.0,2.0
135.82073783679675,-96.38945806891658,5.839243868374955,0.7504021298372113,0.0,2.0
-213.89044646925797,71.64705160481324,5.739921291073912,0.7527694098541404,0.0,2.0
-67.05836891969119,-91.85214544093327,6.708133777683436,0.7284692859988703,0.0,2.0
1.6771864247039268,-37.4553982215546,6.101246240647709,0.7529088658435509,0.0,2.0
-164.22540382687342,18.900708612478564,6.371106040626013,0.7104802271513986,0.0,2.0
-120.8807595790891,-105.68113392791373,7.837672776857224,0.7584268447895742,0.0,2.0
85.75730006266897,-365.52955249148926,6.6615026077530395,0.7592740557914264,0.007491908176035504,0.0
-7.129530853438697,145.10842371932407,5.81983894033412,0.6700075479967553,0.0,2.0
111.99213733687202,156.1318920049281,6.764448381339525,0.7896532897285107,0.0,2.0
-65.65909358065086,79.3287965635005,6.730941276315818,0.719785252298964,0.0,2.0
113.48525574997574,194.52608207421542,6.8119860515578505,0.7439948546701649,0.0,2.0
90.2251613947255,12.32993298094372,8.668346313904845,0.8504734753111448,0.0,2.0
15.119977212106892,-89.0992599361967,4.873873397683878,0.6624655793325863,0.0,2.0
-84.77248821673939,-10.460823876037255,6.992415252555953,0.7289880015747193,0.0,2.0
-45.761193752125955,68.69388936170338,5.377771622369519,0.7260614364821334,0.0,2.0
-345.118301848872,-213.73845207454826,6.251488346252399,0.7155042814609682,0.0,2.0
-165.3230827583109,66.23533489547236,6.719327799060565,0.7811250284631258,0.0,2.0
44.21251937790842,151.95654992369188,5.259579037616935,0.6535207982214558,0.0,2.0
243.2545675425422,91.04966662537096,6.24910680796871,0.7365663898426157,0.0,2.0
-357.4578590447362,-56.75953611907925,5.965866532289882,0.7696339465644999,0.0,2.0
29.67463357459656,-131.96597113322144,7.169573813647055,0.7868233728662236,0.0,2.0
-63.948773285613925,264.6780152731783,5.775470460863865,0.6838515708363588,0.0,2.0
41.84122703432255,58.35612877804883,5.488955426639201,0.779819546383426,0.0,2.0
-3.4093075689170522,5.771049193276406,6.095184587727572,0.7477485965347745,0.0,2.0
303.70083296853454,-85.51517461029133,5.926427872228465,0.7388472840382444,0.0,2.0
23.404236783665826,21.18955189988343,6.68880271252855,0.7351742764689786,0.0,2.0
125.04328094112346,38.31367817206325,6.065038456261307,0.7412337755825528,0.0,2.0
11.21922524202163,216.20468692305812,6.037953811376815,0.7384399895759457,0.0,2.0
-66.78322239916719,-125.20772655136798,7.125116955339522,0.7172218137720109,0.0,2.0
-39.66903670581802,-132.83176726647244,6.821893932508939,0.7537343548711524,0.0,2.0
-145.86351509615767,184.87243832027534,5.812314612033361,0.6583826043129073,0.0,2.0
-45.71265206994274,-206.02735054414742,7.351854308210433,0.7264747529948252,0.0,2.0
-48.19480097248586,-66.9066330667802,6.046001435970507,0.7269188384517056,0.0,2.0
67.86480642265423,-22.66646020697336,6.077819328416083,0.7483991037328693,0.0,2.0
52.63947816514054,-124.94303286791292,5.721995603335011,0.7293179803938924,0.0,2.0
16.25411516413305,145.0940319878003,5.713303440709846,0.7041970480714733,0.0,2.0
288.0456299548933,44.03504155556438,5.715706239187173,0.7140758695140328,0.0,2.0
-100.57525804882931,19.599685824390747,7.7536128911332165,0.7615694029061182,0.0,2.0
-77.2914427218113,-142.62643069801564,6.850400155400062,0.7400653576252795,0.0,2.0
52.24941391254998,17.8679397560104,6.687024797922646,0.7546105347709021,0.0,2.0
132.80520035761526,-11.060777147630539,5.933873383533148,0.7243800578278071,0.0,2.0
9.389929029604943,-66.30294811284672,6.922528915851809,0.7325898007904484,0.0,2.0
59.80120743807797,9.300049881602474,7.84929526539526,0.8177921041160514,0.0,2.0
-40.800268946305245,-15.991441105546999,7.069457640681388,0.7111852142645597,0.0,2.0
-12.85622734000697,11.111870099543047,6.776713878930705,0.7741955561522151,0.0,2.0
19.41184192764406,-63.533625991011995,6.7148247100700225,0.7295881814605112,0.0,2.0
84.84677529351954,-46.861594603182056,6.263662528700126,0.7662388458127501,0.0,2.0
-101.99434010396752,50.62128038819109,5.642127517928717,0.7412493130053661,0.0,2.0
-6.287259208846381,80.57374381114079,6.675905196331508,0.7724159930206346,0.0,2.0
0.035789588629686765,52.16802818524358,5.351294721948205,0.7245740721513103,0.0,2.0
17.486924937989482,70.76883532805157,6.642425382166822,0.7462913740761951,0.0,2.0
-79.5638251111386,35.42444499163694,6.631277689776964,0.827998101009375,0.0,2.0
157.21811357462323,73.00974872320343,6.417465831157686,0.7133200952960744,0.0,2.0
-283.6968174376571,44.663487464424435,6.832381047772422,0.7590482451103746,0.0,2.0
-57.24474931887273,-1.9472395292694311,7.85787124879725,0.7739819856120236,0.0,2.0
147.96160917880263,-52.36037455614957,5.376942413464047,0.756460223388629,0.0,2.0
42.8316282230347,-130.1367461433888,7.615212077372735,0.7947732016851389,0.0,2.0
-67.27646987280907,-40.389712858207666,4.927253356223204,0.6553339219298755,0.0,2.0
86.97323863984921,-96.42048324802575,6.344871126126032,0.6983046740517427,0.0,2.0
-127.06006892847475,-17.12731523632251,6.637948648487478,0.7697843663001649,0.0,2.0
-193.8096317602667,38.13873115631933,4.335317494639517,0.6891712219961232,0.0,2.0
-165.68797835013078,-39.87096805331389,6.350490756184761,0.828007638594312,0.0,2.0
19.585385905791984,-5.309333053800768,7.421382896778281,0.7956920925120606,0.0,2.0
-83.94889180895375,-38.59621860825592,6.705767901548893,0.7310803877101199,0.0,2.0
78.19278854151509,11.181084519084846,5.180628893891701,0.6646356496017611,0.0,2.0
-15.015424250865326,-126.07006388093642,5.1337485339046625,0.5954917844181058,0.0,2.0
116.46668880626466,333.2258278069314,7.315932435213682,0.7305971169413094,0.0,2.0
55.536800275198274,-48.06332954046865,6.723478375413717,0.7484699993065693,0.0,2.0
204.42986456372842,-177.22500248441202,5.333615267661766,0.6376295684099651,0.0,2.0
23.64086431850217,-41.49552212010478,7.724930054090436,0.7630757470365804,0.0,2.0
-38.09093142423503,-84.9548058312348,6.929400115156997,0.7166385007824871,0.0,2.0
11.974173599132115,-43.24375445311399,6.910303661571178,0.8072450921211908,0.0,2.0
-99.17559739376777,99.1520930630388,6.450909415405694,0.7744949876571159,0.0,2.0
71.91079926892174,-172.99308486597218,6.170025150732507,0.7122886663559064,0.0,2.0
-299.6962036749707,-438.7827569331638,5.201801536585458,0.9377061930083227,0.5754225896152979,0.0
-30.124580101206178,76.28428819727183,7.488021919179572,0.7866042931966136,0.0,2.0
-39.087222018711046,-44.32914412301776,5.737444605974774,0.7698931729751979,0.0,2.0
-80.92155017182453,184.2927946600386,6.333826044018699,0.7305237242094604,0.0,2.0
-20.854126219117287,37.53438671752197,6.124812176436331,0.7216723153907663,0.0,2.0
70.90639305526575,-33.199273670840185,7.178134596906209,0.7346458256174956,0.0,2.0
-22.010366007765683,-11.138967149077498,6.023671178567768,0.7376093725035178,0.0,2.0
119.85245839478068,93.93539417890257,6.045907824548359,0.7340616322945839,0.0,2.0
-25.165525968146095,259.1232987465569,6.018118831201282,0.7113569190791387,0.0,2.0
366.6248238809967,300.752624016576,7.281531796786076,0.7815288608666082,0.0,2.0
61.42599517557371,66.49645193273271,7.214945142602604,0.7388177339539236,0.0,2.0
-8.605658307833146,-441.9092252027278,5.189840635547131,0.7745096032538343,0.0,2.0
-82.16248355098587,-182.70238185517888,6.622755510692566,0.6944629810519535,0.0,2.0
-8.291197328149284,-50.81141451753257,6.5142888636047545,0.7454915171843348,0.0,2.0
-210.34778036573735,-39.350667224501635,6.638297465447696,0.7111331396326636,0.0,2.0
-22.831357431249383,-74.1308062072316,7.080286692778952,0.739631207126914,0.0,2.0
-95.91982760737432,-401.4849403583747,6.193551278332399,0.7112865531301977,0.0,2.0
150.07408374904296,-35.067603815771996,6.280857432890269,0.7100637057613179,0.0,2.0
109.01685495941173,-23.491023054680138,5.611074155916695,0.7332502151824888,0.0,2.0
9.357343010163984,-131.39049959615886,5.402772114258135,0.7886461338280263,0.0,2.0
94.59183913814134,-117.35992469575751,6.792878102634861,0.8293789498954834,0.0,2.0
-295.4182673347123,-6.453707053249292,4.718470194573385,0.6511748727264499,0.0,2.0
-104.26738832578438,-116.28221206960596,6.306650537265137,0.7389579258742517,0.0,2.0
-78.24786382390994,-125.70504119065663,6.707839371088034,0.7250299776438023,0.0,2.0
61.78217300217857,276.8921030235261,6.013321654963374,0.7342394887759097,0.0,2.0
-71.38522155308003,-55.82404593845992,5.5687071745590195,0.7184756661013496,0.0,2.0
110.57230645144982,9.665346950224674,7.380192744299394,0.7291166054575147,0.0,2.0
-176.0769128521485,108.04379451868131,6.81593659648583,0.75732754790856,0.0,2.0
260.7940540309325,-14.42007390174273,6.07327056527172,0.7377718248301098,0.0,2.0
-129.99578117045033,27.639409852102954,6.502924690196698,0.7297298662822135,0.0,2.0
-211.870306269277,11.038614985021603,6.505515065658159,0.725126131869002,0.0,2.0
179.2648941059994,-198.79781725230603,7.4090926639215295,0.7858472772130394,0.0,2.0
55.65531825403849,103.01144443730237,6.886226725061548,0.7073046050343418,0.0,2.0
69.33473920666158,32.318066812556744,5.720525272811702,0.7388921409208064,0.0,2.0
71.24944531004435,59.66433756137856,7.924260961532609,0.7949011555653465,0.0,2.0
36.99932006101041,-74.61541344416615,5.2832156138548125,0.6606898387694901,0.0,2.0
99.0683883890284,-137.23920854116434,6.6288869785658155,0.8155715761618485,0.0,2.0
-77.90400783666736,-64.03595566289863,6.914130356475595,0.7149691735282786,0.0,2.0
-98.93498944624736,-22.335769211110684,7.004497195363671,0.7956312649862542,0.0,2.0
239.91768383686204,18.95632274114373,6.81410728005571,0.7901025335433601,0.0,2.0
-45.54266923028826,-7.134316600698413,5.308784562174103,0.7397164653526581,0.0,2.0
-36.16942503860504,288.5833558524859,7.252351583031567,0.7474520390277094,0.0,2.0
-133.87430089220243,138.58877126987494,4.584990749549263,0.6348249726179704,0.0,2.0
68.07394887578441,41.97170043785329,6.701977271689757,0.7581594208002582,0.0,2.0
-49.27691969721527,16.97525744003376,5.6760964216731296,0.7297002715006922,0.0,2.0
-13.91444568765207,106.75970495009845,6.630281448651729,0.7367254379004693,0.0,2.0
-71.02021394229469,-27.05478091201938,6.430600800367609,0.7387983197411353,0.0,2.0
-143.658749520822,116.51322204904275,6.034301012017962,0.7093635637652318,0.0,2.0
28.119183098245788,46.20826112260136,5.437504908263795,0.7349747057121805,0.0,2.0
-76.69587153906662,133.98111970796535,6.1368793758913585,0.7538089693329912,0.0,2.0
-67.56591584117447,208.42506433209707,6.236680414396572,0.7227670738704891,0.0,2.0
-254.79308477050017,-106.27378117090463,6.08603768299396,0.71900814730512,0.0,2.0
217.58341168353496,86.91089473079775,5.726628131564544,0.7540274594934082,0.0,2.0
78.03820273992609,-25.8253882489572,6.293542790391031,0.7485494088318511,0.0,2.0
124.00766078361934,-58.79770566962644,7.4985988867863,0.7334968280353674,0.0,2.0
46.578200465539105,215.69075047672982,5.537445722615135,0.7531095864861179,0.0,2.0
-23.829851028172843,26.89945310449696,7.906145400461354,0.7980079949821741,0.0,2.0
20.547592942023126,-52.49128968565321,7.200921240659601,0.7491441641665713,0.0,2.0
12.445413360621085,108.00280725173873,5.952795630933833,0.7138142145567514,0.0,2.0
6.0247548245828195,8.91119970888927,6.217083358186153,0.8261028451557068,0.0,2.0
-155.3899316519769,64.75515721067805,6.246660987678544,0.6665663451340941,0.0,2.0
80.8773916936052,66.26606875027962,6.5213359117408265,0.7263720684638293,0.0,2.0
133.61994527789645,-56.76176785137375,5.079564146869346,0.6269460778626662,0.0,2.0
253.57829542350945,-114.86334815479402,5.550459678509198,0.6406807454504209,0.0,2.0
204.53464568057046,59.46028143848525,6.679529055415041,0.7403027078156108,0.0,2.0
-37.037309499567314,69.60603225150327,5.534915267187362,0.6414235233627444,0.0,2.0
-36.50614961197009,112.63152786970569,7.7047286977446054,0.7455188723167413,0.0,2.0
24.850163646191934,63.40722217768091,6.084340501572674,0.7365497480972922,0.0,2.0
-112.71336973391024,119.31061275104892,7.673111467557564,0.8198518616372216,0.0,2.0
37.6262478149964,84.68892917413221,5.172782040419824,0.7669247374738545,0.0,2.0
242.0111955152143,448.19413500007965,6.603110657300791,0.8828830834297557,0.19286503082665793,0.0
-19.11931233330578,58.129719541898105,7.7074718150486525,0.7856044833246806,0.0,2.0
29.15416529108757,-60.02199448837096,6.393097282494395,0.7589926726611091,0.0,2.0
-182.75075829133812,54.634792887338165,6.303796428300615,0.7210906043216015,0.0,2.0
169.32218053967176,182.54701965420966,6.601863683615141,0.7486088842714029,0.0,2.0
-18.11640655685992,-20.49460613579611,6.124164456410258,0.75069184757978,0.0,2.0
209.24237865288387,-31.00415365806925,6.429999133558743,0.7339493627325547,0.0,2.0
73.29930269863698,102.721321541512,7.216456644050633,0.7277820509562009,0.0,2.0
38.2232625244363,94.08394609420465,6.186570234027139,0.732648844113195,0.004972919899146029,0.0
96.64454919771488,33.2893882121465,6.176204147187056,0.7742710734794285,0.0,2.0
48.13762157055881,6.962452180927213,6.319624391403283,0.7634288764851004,0.0,2.0
100.47759808618981,-175.32716367093954,6.237242947993837,0.7447082793422426,0.0,2.0
-3.8059152832462693,34.617374501181544,6.295013732520974,0.7633221340789387,0.0,2.0
-25.045162486132057,-28.068602436481076,6.568413205472952,0.7322437143669105,0.0,2.0
101.41601374240157,182.97739433579295,6.405359482068612,0.7409842687854881,0.0,2.0
146.88083672806675,-115.32788357327352,6.660302226510313,0.7582550057087976,0.0,2.0
72.27257604043353,-81.48996633733131,6.4498842480286065,0.7487254354575705,0.0,2.0
-6.021456904006137,-124.26656420819724,6.452445261423838,0.7410907737589232,0.0,2.0
-112.43385492144836,-5.973954070797702,6.324954223920086,0.7509798909342578,0.0,2.0
-105.23508499556262,-29.016332185063895,4.244464829998909,0.6164684234192912,0.0,2.0
-16.67445536545769,-81.90005299037094,5.508178095009046,0.7539528851288773,0.0,2.0
-150.35757749992914,-100.34420405774127,5.299632826712844,0.6062524119717692,0.0,2.0
44.623009560853106,-4.855708132143832,7.800669306719437,0.8114320615382685,0.0,2.0
90.0435840028664,-86.223656331902,7.369039651395224,0.7400141457213435,0.0,2.0
-33.19028473880916,-8.029838677659704,7.738600113081834,0.7865548400515544,0.0,2.0
-164.64167666294722,366.15842810310943,6.018850980613783,0.7306764255277788,0.0,2.0
-1.8465353115387746,-72.26023721525114,6.953001968848742,0.7949746366318571,0.0,2.0
111.13237356164348,-12.649779319694032,6.781248169606372,0.7309933903627486,0.0,2.0
159.127444992472,-16.66648878065136,4.268119309593785,0.6053671926764275,0.0,2.0
73.85041045948331,114.54251470547628,5.9933834853682875,0.7227055228942459,0.0,2.0
193.43438734922438,269.61562067875315,8.338926093912601,0.7838641265386169,0.0,2.0
-23.25299494063274,176.30194214306303,4.832683811948568,0.619739420966197,0.0,2.0
159.6014486051181,-384.9944265098026,6.997226227665479,0.7197733431591947,0.03954489452637662,0.0
-214.6512027888481,-69.78190617290637,4.075770816551792,0.6541980402034857,0.0,2.0
-20.23397139180911,-491.4489541502561,5.979513677462126,0.7921552289981375,0.12495201619064836,0.0
-101.84991833440174,32.244265179510315,6.966669578172946,0.823839596453217,0.0,2.0
26.970216975182808,4.059776659135422,6.458888630549555,0.7224390975597805,0.0,2.0
-48.699157110196985,-84.67361840969622,6.843450641757789,0.7152797711568804,0.0,2.0
6.816711398625648,142.79003354871512,5.7985454322045165,0.7344745511981766,0.0,2.0
75.12832111251659,48.695296728828374,5.043394895355814,0.740836741423651,0.0,2.0
-56.33479107622988,118.86638858788154,4.91033176912206,0.6700183205532455,0.0,2.0
-135.78650053360656,208.6713284161849,7.082948865791309,0.8163418349301892,0.0,2.0
42.384747830108225,34.20044121215086,6.748877296942789,0.7226532246358557,0.0,2.0
-107.94309020837633,131.0986849666443,6.352881709630724,0.7786010715089339,0.0,2.0
31.976529486426532,162.07109809191502,6.6821614123765585,0.7385227460421196,0.0,2.0
-118.38922802145876,-45.06933536974504,4.88700271019672,0.6131171348541948,0.0,2.0
55.333653649741784,-9.383286683833854,6.762371357406566,0.7489959260898589,0.0,2.0
63.663140082423254,87.11488201882246,6.310053807903239,0.7405847419044762,0.0,2.0
228.70943341009232,245.50415404178506,5.725781168335761,0.7239345734564955,0.0,2.0
-79.56564276872489,16.568132893367306,7.1597073685802695,0.7687397865047683,0.0,2.0
-59.539108237593574,57.34316574937448,7.482373775365244,0.7707643654721573,0.0,2.0
-53.76952359797508,-75.32813004521341,6.564797975025054,0.6982343718299876,0.0,2.0
91.34955425908015,-1.4517552839199803,6.146986031159505,0.7467592638593671,0.0,2.0
-5.977335034208894,59.487733410861765,6.045018016864012,0.7146490759838421,0.0,2.0
165.77726909731282,-74.82279075284042,6.841450910032895,0.8288171789026816,0.0,2.0
-33.072111944923215,35.39775165590144,7.841713825379875,0.7854333649571137,0.0,2.0
43.593552989074205,-45.18927588595261,6.761101326832563,0.8340019787360027,0.0,2.0
-10.666827770705332,1.886480994266339,4.45465619288838,0.6312037522084586,0.0,2.0
58.81558768435805,45.90891067953082,5.84772118193434,0.7413847608075146,0.0,2.0
252.1323206277423,-271.9084099150251,6.551277169183104,0.7300933110302366,0.0,2.0
18.73301080987511,-179.02145737740219,6.109748017206082,0.7267322811270676,0.0,2.0
38.075596031600796,104.48794665372577,7.199960812717167,0.742264456284592,0.0,2.0
-125.56245115665982,205.7125641020496,6.250414817375622,0.7216679096318832,0.0,2.0
209.7719641649821,-72.6290953322236,5.984242965717857,0.7635195109935506,0.0,2.0
100.36212008503202,-85.23000944292988,6.312407753407846,0.7118901343863069,0.0,2.0
-201.91881947131245,26.487172094406816,5.2894334105240794,0.658947070238437,0.0,2.0
-149.99139339971754,-79.07623823427878,5.967979820675484,0.7336278009804705,0.0,2.0
164.4979630138573,23.07186078974325,5.352176438498344,0.5846515909146123,0.0,2.0
-160.45173358472525,-119.99342898154036,6.53236837604908,0.7483644137035723,0.0,2.0
-32.29127394626614,-36.330555194716844,6.545043575158601,0.7250637946690534,0.0,2.0
106.43090546945871,80.675801661703,6.10963933318396,0.7448065521938335,0.0,2.0
-85.81805859324054,7.660769670777093,6.2247311045019185,0.7476535738176598,0.0,2.0
-137.01278810857028,-240.8236642030455,6.3549629048187635,0.7061669765657683,0.0,2.0
126.24480434114854,-209.2500904623465,5.986160784692247,0.7390527565990913,0.0,2.0
-228.93463585585587,130.2974644203412,7.837486429364055,0.7914229836019373,0.0,2.0
14.106846036894753,61.167866140707666,6.653950483615463,0.7760207539217968,0.0,2.0
-103.84530551554275,-134.49687454844357,6.254851807456176,0.7387646285748439,0.0,2.0
-103.39308063455353,-78.7030092214706,6.574450918111211,0.8377347795675171,0.0,2.0
28.81130425707864,-235.7000058749232,6.749515021421368,0.737682343519417,0.0,2.0
147.21976826368495,-83.91864249366463,6.195293687615662,0.741328007674589,0.0,2.0
49.82046651298909,494.10048904080105,6.756134477088337,0.8460414853267036,0.19273812958587147,0.0
-42.89154170116259,8.666964428761768,6.961357585420957,0.7888763384241305,0.0,2.0
-16.234630478666915,144.4042240832036,6.410127475803567,0.7322688216353015,0.0,2.0
35.783014238880455,-30.576189670238886,5.619249132194259,0.683045718407632,0.0,2.0
-171.7757009206802,0.7436035089259647,5.5099767233843755,0.5983963127307043,0.0,2.0
-122.63758270603145,-7.623968584193297,5.917679662843427,0.741386147789967,0.0,2.0
317.0666248684285,53.55832916646455,6.8153130382575,0.7826122100501969,0.0,2.0
-3.1242578643632797,69.62963574688709,6.912603516315294,0.7800190379861662,0.0,2.0
118.75833200104904,28.044940045782575,7.704813541851888,0.7993246424871379,0.0,2.0
-88.87315681114534,-61.123965691093865,7.9048084326110075,0.7664914067914362,0.0,2.0
-150.20109415425748,-117.2888507119597,6.437583401244019,0.7648519375497033,0.0,2.0
-314.5050985958823,175.52437190785017,6.660557377685058,0.7276226275980106,0.0,2.0
-328.89449539442387,-30.209085440604927,6.22830722891185,0.7153017403235634,0.0,2.0
225.57748353189788,92.02186783472466,5.137997660753523,0.779566354984887,0.0,2.0
17.718640117627544,-32.83588974252889,5.533960394370763,0.7305426609422827,0.0,2.0
-129.3664149866393,1.27030424422531,7.129288750441546,0.7534509120634219,0.0,2.0
-115.37507058275781,-115.94686820980242,7.224369455527179,0.7819043371023101,0.0,2.0
22.983558403292108,30.84271930445597,5.7548038573596125,0.7357167175370233,0.0,2.0
81.13273391632562,96.23899302704794,6.215891768356363,0.7342602667753249,0.0,2.0
54.170839548909406,0.14896199030724636,4.987285153161085,0.6410050271966916,0.0,2.0
27.483732494820572,-83.7364424158228,4.8142798156555395,0.6914140025817622,0.001253943118826575,2.0
117.83582387804488,-20.499457773648277,6.034807582710907,0.7454015122448775,0.0,2.0
178.12974665050538,121.4679443046377,8.256058632967669,0.7374234249902913,0.0,2.0
269.92855563682883,-106.41499940562461,5.595030202002272,0.6182568324103375,0.0,2.0
-114.71745252774159,-64.65083675952366,6.48257522533835,0.7615545081534315,0.0,2.0
-61.741392142503635,-116.08906918442496,5.606127975686963,0.7097472205839757,0.0,2.0
-12.40263986841728,21.485406209833698,6.701432057613482,0.7400470379702753,0.0,2.0
-105.74715601194511,58.76797410389795,4.7156424605072464,0.6256188071542547,0.0,2.0
-107.09011373072393,-57.018394661626594,6.64361556110593,0.8096037111030395,0.0,2.0
-96.65361461153682,-257.1534216582317,6.606852314351713,0.7342181907102656,0.0,2.0
-227.76855762478064,19.756368515323,6.213420414616791,0.717193289596298,0.0,2.0
61.98035198689876,23.70552179906057,7.003929354946936,0.8144532763647258,0.0,2.0
9.403645637480738,-55.057182658092266,7.20971872455048,0.7975575977733589,0.0,2.0
-8.29480389706953,-62.492533702081104,7.2320443081178425,0.7876984158444543,0.0,2.0
69.46691140810502,14.96862679620684,6.681938463130794,0.7423550395730664,0.0019658187183909533,2.0
41.74211927955772,14.945666201061716,6.583989377675569,0.7420515135242738,0.0,2.0
-66.42788239991411,-142.3367828502946,5.574222339804825,0.7378787554643587,0.0,2.0
57.343117739552646,256.5461287543464,6.23848078456108,0.7204053451546247,0.0,2.0
-95.1462183063262,166.5513156902566,6.01760442347215,0.723086845261786,0.0,2.0
26.165921399104363,-14.758246861464592,7.121216179103748,0.7598395720510482,0.0,2.0
100.31735468129104,-40.44303296270202,5.971242504115353,0.7604098125076268,0.0,2.0
-14.825814776084083,-141.5817250375594,5.623393652714238,0.7231926162388064,0.0,2.0
-88.26441809003536,-161.45224651686235,7.18770195320842,0.7816290318412829,0.0,2.0
52.44707863521112,29.431931394778797,6.861766477195058,0.7513013976844497,0.0,2.0
21.852286608358778,110.43899691496328,6.345286481253554,0.7223138325690365,0.0,2.0
-150.5400336758407,354.8646714617436,6.40147452476523,0.7268294744309688,0.0,2.0
54.07954308548628,82.49060605006582,6.111962385123998,0.754473041677152,0.0,2.0
126.15461446774768,120.76521805806314,6.108734590372776,0.7465471723122257,0.0,2.0
37.90154840255747,4.885277568270399,6.009615382653813,0.7447494566744894,0.0,2.0
-44.76032415160265,-142.20621932009524,6.225792241470879,0.7550310826317769,0.0,2.0
-12.399942208881992,65.41484972440321,5.282840496295205,0.6206179737014541,0.0,2.0
-127.8866318305895,45.5206439231108,7.1182539102668425,0.7281086773826301,0.0,2.0
22.544571179155163,-138.76181162942132,4.790070391812835,0.6595225736838692,0.0,2.0
-203.09258588048692,116.6302305755646,6.135561461709168,0.7449052472932495,0.0,2.0
164.77896186604656,-230.08548755030765,6.281672892537121,0.7544062443027771,0.0,2.0
141.24181337356237,-4.308317382196284,7.1409531491618745,0.734182731462802,0.0,2.0
-75.62250505419524,-46.234087122467784,6.99392466907815,0.7902661662146868,0.0,2.0
-24.91209536894311,9.007212561369398,6.65077285467534,0.7915123687785356,0.0,2.0
-7.588673960561799,-80.87798068604911,5.337576133012207,0.7649136928470887,0.0,2.0
1.4408478291036744,-46.896286875665126,6.526441976825668,0.7497848076618868,0.0,2.0
106.0422838676533,-49.580035153062326,6.268406573535077,0.7230581318935884,0.0,2.0
-29.406611471673337,-105.0166278426117,5.383971281581502,0.7340455064961967,0.0,2.0
27.16919093424447,-72.6605226537629,7.6340973762480555,0.8463211827539777,0.0,2.0
259.4412519396887,121.65102888398881,6.603080126967145,0.7430076968024816,0.0,2.0
-30.061786335225854,54.277645714402105,7.44520243051055,0.7826120735809041,0.0,2.0
29.191825028970975,-178.9700509414705,6.881045135211425,0.7145857465883332,0.0,2.0
54.8708317970038,-115.69221893643514,6.36690488949446,0.7264792803965515,0.0,2.0
236.6450499580929,133.2635847342489,6.492798451233441,0.7218356549924111,0.0,2.0
16.313755403240354,127.74668385737567,6.895285013102372,0.7809089300037094,0.0,2.0
351.91102721445566,-33.47748630390872,5.534426331187608,0.7640790844750247,0.0,2.0
-9.272424478982106,-40.273411129423394,6.977277486338506,0.8096395363428505,0.0,2.0
-170.6090273082336,42.44771730699704,4.844510219758265,0.7315410891793429,0.0,2.0
49.88267728002001,51.560508586446105,6.761199029961345,0.7523038353707326,0.0,2.0
47.83824114181328,-16.4645782588293,5.818674798178858,0.772759849316488,0.0,2.0
-0.6691292844938491,-55.55570466010215,4.669537412836712,0.6230938908218621,0.0,2.0
48.61976868337706,-54.2647483065447,5.700483280357097,0.6545785679023232,0.0,2.0
-5.290304996800921,-96.95900349784276,6.339349633737067,0.7362158427350378,0.0,2.0
-174.4616757687159,-34.21254311021106,6.332991086864689,0.7420671578246019,0.0,2.0
-104.1204721971919,140.92895070110563,6.359533077545928,0.7873934402172077,0.0,2.0
-38.60505774262342,17.439173756398237,5.7427402099252465,0.716450534273683,0.0,2.0
-81.18575011989707,-28.525567651164927,6.058660056671831,0.720283377485817,0.0,2.0
22.770011036950468,53.9177726940911,6.510840159489943,0.7613411765673102,0.0,2.0
-53.7297166541245,8.668011383632429,6.162444903325291,0.7116336156408647,0.0,2.0
110.3656294132467,-82.12982027923181,6.710102994775523,0.7410089428815977,0.0,2.0
-42.01917648108612,169.69128828592403,6.766279174049993,0.7155565689909164,0.0,2.0
46.84008313688404,-188.76016709032962,8.089431995561002,0.7991218514363463,0.0,2.0
100.35252284720598,-58.03039304713593,7.407840852736348,0.7677797752424315,0.0,2.0
7.710879754454508,69.79299039870209,5.794442766235648,0.7399570439853702,0.0,2.0
-84.14887912968332,26.196638221862383,5.980750655011351,0.7589174119864619,0.0,2.0
-6.701625067391591,-4.526718100666107,5.255760363461865,0.723407152451127,0.0,2.0
236.6174342211858,-43.960780354305406,7.0496980307163035,0.8246948168167827,0.0,2.0
-118.57455515651182,130.10326963215803,7.100784802368246,0.758360032840031,0.0,2.0
-78.31934691166173,-19.015099460961142,6.4112572066639855,0.7139035832635889,0.0,2.0
-288.4065704467011,83.5653094204581,6.378036583178706,0.7030708627751823,0.0,2.0
-55.166333363664,-141.94339629433605,6.087054182080224,0.7314112951049553,0.0,2.0
141.73016698486106,-105.44129632982924,6.480945654564061,0.7579060675704309,0.0,2.0
99.22046106363916,23.452078858775124,6.100090681018421,0.7714768845977716,0.0,2.0
158.58770923628572,93.74890080186645,5.97369165897547,0.7624615338052925,0.0,2.0
64.2111561748642,194.91278194323723,5.411736402087913,0.665670413990826,0.0,2.0
198.240515608714,-159.91337725920587,7.295344511440976,0.7400011758379089,0.0,2.0
-248.26263976919026,334.60618887810165,6.237272993638814,0.7268257025728624,0.0,2.0
125.62925018732514,-29.051413714660775,7.935257170778557,0.7975632766106099,0.0,2.0
-130.79962455977824,-500.9920875926139,4.612209281614423,0.8443915532749768,0.3014856612045917,0.0
57.54008395032678,-19.864145530437764,6.254374886442432,0.7633373180877862,0.0,2.0
106.26440782292748,70.77422665848609,5.377218190801736,0.7675374779519085,0.0,2.0
-36.50146461505575,45.80911179460381,5.832451022387721,0.6722751307582532,0.0,2.0
88.58707163518092,-58.00784065180143,6.978798064963906,0.8140221932583246,0.0,2.0
33.960684139203266,-169.27956902287005,7.110594138304075,0.7163642300550402,0.0,2.0
-36.64582219113066,85.89307793613379,6.574350439669758,0.7505081873980723,0.0,2.0
-112.62287432834685,34.165488910136155,6.097788496702556,0.7615892425346253,0.0,2.0
-172.3169033149742,-68.49717137425706,4.3325167352360285,0.7516268682772754,0.0,2.0
75.09674522157732,-137.18376559448183,4.4048512740674655,0.6494152660993111,0.0,2.0
74.20634521876653,124.9415077438449,6.340210886343929,0.7365374560262032,0.0,2.0
66.43826131732061,141.9574417134049,6.172982076047494,0.7058017340585984,0.00485069254344788,0.0
-44.01545970739389,-95.38167586032645,7.358544837943156,0.7949062595335943,0.0,2.0
-245.7317332942857,67.10504007123447,4.427093736194349,0.5729730229866131,0.0,2.0
-32.04095733626365,-94.02419138692304,7.134196968906246,0.7884742587706781,0.0,2.0
55.225836331068734,-106.10306632526823,5.378385129066309,0.7288104911085759,0.0,2.0
-68.41170441809159,90.07568304601746,7.56543183825259,0.7172696137636965,0.0,2.0
71.24358777134638,-101.46327607581381,5.593741853042533,0.8142505205830971,0.0,2.0
-24.696008758624554,-55.565141401069944,6.699854691398209,0.7310012271623,0.0,2.0
-135.7120660877524,92.60981581216842,7.060014647189487,0.8104303148581596,0.0,2.0
-27.56872430052997,44.24808460390522,5.663046832705002,0.6133002024913393,0.0,2.0
-105.41885725825655,-13.161829484734126,6.657325052485585,0.7481886106288876,0.0,2.0
-68.87703073619728,-18.487813721352843,5.648328180315542,0.6024282629503267,0.0,2.0
-206.1346218134133,-174.58474009768628,4.587475662567699,0.6461549414992003,0.0,2.0
14.006619039257364,25.999797531777865,6.259021529680386,0.7542055514008168,0.0,2.0
31.397400828021865,112.40903121426274,6.456999455152477,0.7305897642602383,0.0,2.0
44.062716649760475,-118.18136688913783,7.237069197506393,0.7809774443199476,0.0,2.0
122.6247693381988,233.37861409581578,6.239929831972931,0.7416443650318298,0.0,2.0
52.13549682917996,158.01924162297135,6.551175826546734,0.8127487199867007,0.0,2.0
-5.706471164431802,-21.639964181802096,7.465403704472584,0.8037633350277967,0.0,2.0
-63.06580751747069,69.0032532238692,7.405700371607087,0.7460396800553935,0.0,2.0
-3.2038032918441606,25.14321157956615,5.882974020479102,0.7372761590991046,0.0,2.0
-141.22199954910786,-308.1659892941563,7.034032102386426,0.820855815778159,0.0,2.0
-419.43264244620224,15.505680311999233,7.283731064669784,0.7340764024991542,0.0,2.0
-97.90138600469993,-88.70477337256261,6.677834456324728,0.7629592538423074,0.0,2.0
128.7763333961144,30.509793276773504,4.3958627855559,0.63552329328126,0.0,2.0
29.870487271719817,215.82321979406055,5.690088751067981,0.7447580121480394,0.0,2.0
-119.97601872000033,-24.243505147112746,6.210282748909361,0.7365363635048325,0.0,2.0
213.47033559793036,163.72266246402256,5.701501913098671,0.7483572355346456,0.0,2.0
-121.25459907489825,110.77714518200555,6.7851922718314555,0.7356557378591989,0.0,2.0
-216.29697550635254,-132.93305664937355,6.286114227871227,0.7462257461544133,0.0,2.0
22.599974958930897,12.15081520689921,4.861930180614236,0.5763586160483226,0.0,2.0
98.71924831452277,105.80825807568742,7.1475652757789065,0.7400280089488166,0.0,2.0
-86.65185977426498,59.69344962602079,6.001699260852323,0.7332251970823429,0.0,2.0
1.4536294369137166,-104.55575593953948,6.78801503581586,0.7545586440617714,0.0,2.0
-158.77526536216305,144.56415523766503,6.860398247057711,0.7330433004886738,0.0,2.0
-36.31600230317777,-26.237579267059317,7.252840262701741,0.7334772697413064,0.0,2.0
135.14807954646145,-22.50004579663698,7.709057234473022,0.7308383510916352,0.0,2.0
-48.11899760418851,-24.40562357454811,7.258304875401329,0.7287684367999874,0.0,2.0
-116.15279921933858,-89.75222282438423,4.4338483973453755,0.6260116302087958,0.0,2.0
145.981671912585,-210.1520864104965,6.4188813072609605,0.731299480480084,0.0,2.0
-9.823017138591345,50.338711821352355,7.09482935833614,0.7508383276570966,0.0,2.0
127.72525452944049,-87.59941109390151,7.042119665545738,0.715406528259715,0.0,2.0
201.00454550027507,-38.88167129683559,7.998131342129212,0.8113738494418171,0.0,2.0
202.33665250129633,70.56296887995336,6.437898583875885,0.8083666587782428,0.0,2.0
-223.94461699727606,-111.68038298283847,5.884729277152597,0.7478331533011223,0.0,2.0
114.55662136641935,39.28945009708263,7.323269031948012,0.7516727184622329,0.0,2.0
91.69163379274676,52.427446524516746,5.133008598840648,0.7512463909816179,0.0,2.0
-216.833286434337,2.194523552183337,5.905935174761276,0.7322558438872255,0.0,2.0
-50.48329034528118,48.70475795551885,7.627866409299432,0.7716492784957627,0.0,2.0
-319.48391035869764,-120.65063181395492,6.355255454790296,0.7590060973086308,0.0,2.0
73.08792612881342,-5.131906479895412,6.812491610781626,0.7443265493946598,0.0,2.0
-284.48636523499187,236.71456661719435,7.125779370380618,0.7297183437047841,0.0,2.0
-82.43864424454311,75.78232657793107,5.8746588553884065,0.7838253362321834,0.0,2.0
-1.081465830537496,-156.99079284650517,6.7194012760789725,0.7912926656802374,0.0,2.0
-88.31172211910354,-107.15933774244098,6.520169847815904,0.7278710006278509,0.0,2.0
84.99873452240467,-18.977096530744543,6.0328760004292725,0.7539683240921761,0.0,2.0
128.9829034089546,56.15164008984647,6.547720803487471,0.7565504622796548,0.0,2.0
60.22480446780325,-30.071195929203327,6.698279008319605,0.743474395781827,0.0,2.0
0.26090761226334747,-131.81054549350176,5.495691415654373,0.7407981764479638,0.0,2.0
177.9597841357176,-108.14658333006552,6.261218685177916,0.7022296803264741,0.0,2.0
-9.45402049460635,-186.50198684139338,6.961930380732767,0.7479555722724648,0.0,2.0
34.55272489497895,65.42094966969637,6.435427079339801,0.7824045358108842,0.0,2.0
-17.749332546528983,193.5237452687737,7.242406994674097,0.7759383301051102,0.0,2.0
-112.96436046391564,-172.50471120536585,6.726279468113999,0.7275771357489929,0.0,2.0
-13.006085502233582,31.299747443630373,6.136233490332574,0.7206170095758181,0.0,2.0
-61.21947133704559,126.16856245179525,5.988035471360782,0.7441314738020485,0.0,2.0
-108.4177320802592,3.779827529624749,6.8016256935279085,0.7653927247614262,0.0,2.0
-3.161845673004151,15.346166600221526,6.011373868292455,0.7497847815962634,0.0,2.0
-93.25896492047455,26.312039707245408,5.479018337648216,0.6393875177984321,0.0,2.0
13.854939926005091,36.361965671021736,6.467273500979584,0.8280683809581233,0.0,2.0
-151.88613251603454,-89.9888687083046,7.112776506997239,0.7909426952808529,0.0,2.0
9.892710300986002,237.20698505075111,5.949209823642094,0.7378066363341478,0.0,2.0
212.42701737102493,39.888379996474725,6.114463211255509,0.7541979778725089,0.0,2.0
16.300447897271816,-74.17612296306149,6.347053876625921,0.7214328859005492,0.0,2.0
-131.13207391710714,73.3957514487806,7.128594264322028,0.8007958701411353,0.0,2.0
284.2267422575166,-345.4023630646793,6.7358363386596585,0.7804409103867599,0.0,2.0
251.4449359896707,162.65646479961916,6.646058372449776,0.7183929735806551,0.0,2.0
-74.25942392186818,109.90423459932467,5.156024661226427,0.7814317153725945,0.0,2.0
11.95255962009722,98.24314499604858,5.938574401991149,0.7460464384261354,0.0,2.0
98.20282197810977,66.80254691558261,5.645697356916675,0.7734093486272351,0.0,2.0
27.237908884891272,72.68585762149408,5.415960948260597,0.747595195789439,0.0,2.0
-134.3894575152046,37.04038062270909,6.5287769257858255,0.720992006870292,0.0,2.0
-30.947127576695554,95.09536011532592,6.658317247251724,0.7844381650688192,0.0,2.0
-183.46734439652957,-188.89323391475835,6.92215490751543,0.7433387168468456,0.0,2.0
-91.12289751280102,-1.5274470503499036,6.796183688901507,0.7511339153682727,0.0,2.0
163.08519217983772,146.8512547026062,5.59067842081241,0.7227425147910685,0.0,2.0
-5.388689780033566,90.77381830626356,6.367709464845678,0.716163992780824,0.0,2.0
-20.863262109764097,-37.995998047757446,7.138268024765086,0.7558095434493552,0.0,2.0
-86.91014961487731,43.031322582619964,5.675861837879652,0.744895798984991,0.0,2.0
59.58208738574124,55.94111685182318,6.2725689306864725,0.722446920937158,0.0,2.0
63.16340652046893,-1.8387148540058544,6.1420977907104914,0.745882435871284,0.0,2.0
-181.3557948235595,98.89355088416234,6.808397320805454,0.7347648498774414,0.0,2.0
100.36527537231028,-108.15059349797775,5.682260621725248,0.7856019566132811,0.0017011405038969277,2.0
52.826337720616145,72.77523999234563,5.567937297266718,0.7581751990346728,0.0,2.0
118.48280562475954,177.49022808186993,6.362728001243258,0.7451812815446347,0.0,2.0
1.9398501298953141,-82.15534587970082,5.439084008468683,0.7571065996163574,0.0,2.0
-26.453935756692218,-114.14589004993492,6.136771733019059,0.748258965558175,0.0,2.0
-163.8314196890244,49.06256669978234,5.252745279999003,0.7243766902564077,0.000461504244344078,2.0
14.88396989524255,170.13292207796306,7.348528530177111,0.7630399508995626,0.0,2.0
-14.034233365642322,-29.704776660308454,6.278824279501924,0.7492439086582647,0.0,2.0
128.91745068673404,21.631211342423434,7.021312110729551,0.7428658840577554,0.0,2.0
102.89252236639442,-75.15504188420446,6.387310451863575,0.7492716731253191,0.0,2.0
116.37852217407661,-116.46013818219924,7.516902046042771,0.7223148208051202,0.0,2.0
-53.891399220243954,27.020762854501886,7.616254307688926,0.7997444441097566,0.0,2.0
74.4928448041793,-121.24097218332773,8.076435013398536,0.8118207700215017,0.0,2.0
-49.463729291495675,-42.50409580066915,5.825197849061556,0.7592541539159525,0.0,2.0
-132.21030353925346,-36.78399602699215,5.564733687138947,0.7228937362470471,0.0,2.0
76.32935007180265,136.18109706254654,6.830966512462149,0.7589009947618295,0.0,2.0
-35.72920863289194,-55.02295428706885,6.855795109384139,0.8095195159177176,0.0,2.0
32.5926910935753,55.431286737488165,5.933121315635106,0.7563101947214681,0.0,2.0
-265.3834084592048,-49.40209669627431,6.089259216423961,0.7521355355744298,0.0,2.0
-168.4589764723462,-141.22897879221276,7.259396925158125,0.81837009512221,0.0,2.0
54.06299935082527,-141.35228709951457,4.380395076165643,0.6555348180714439,0.0,2.0
-94.62795462304096,-41.00113190597787,7.025964733553223,0.7768205802196826,0.0,2.0
68.86419986665122,-61.28049216796432,7.040430974364005,0.7475441863757448,0.0,2.0
-90.776836608971,-30.508552498168452,6.156437918549308,0.7381593630550595,0.0,2.0
-174.9597557224889,137.45953269023175,8.007272805377738,0.738178186169745,0.0,2.0
14.0735842687794,15.647170335177329,6.378200704806952,0.7407129206999258,0.0,2.0
-53.55628892064529,76.31903900523646,7.185493022478968,0.8032458016403516,0.0,2.0
-77.85982427531336,45.92137224752782,5.880727837983323,0.7377220528663376,0.0,2.0
-20.93255366819457,124.1357639601819,6.681098088716916,0.7106407322794788,0.0,2.0
-79.64068351661797,-0.9046814033545135,6.771254901562199,0.7466592634389989,0.0,2.0
261.52437810835846,-98.70628946208679,7.944961423765807,0.7875728712430176,0.0,2.0
-61.528403853854805,34.99585480700822,5.980970979568013,0.7340945491803534,0.0,2.0
-101.33181732931544,-3.5341324291901657,6.25099524143495,0.7426137053176192,0.0,2.0
-175.108155453838,-24.318663577087943,6.131764813656371,0.7451017348877405,0.0,2.0
77.49422644538686,-54.49601849527217,6.881185634880968,0.7311326521993808,0.0,2.0
-69.12379738558269,16.36834953811313,5.895313310023172,0.7351014597980924,0.0,2.0
120.5709280463308,3.9803708314114243,7.419693347764063,0.7262635630301753,0.0,2.0
-35.194952221946345,-170.14078139798576,4.645943996531463,0.5794400732917259,0.0,2.0
58.03379913757595,-244.33464556026925,6.289003441722316,0.7408563460848506,0.0,2.0
60.51286721312803,-201.1587894003277,6.44244383513491,0.7428718385597951,0.0,2.0
-147.3951180473148,57.9765619737707,7.559579382361626,0.7868329937242032,0.0,2.0
150.11981680083085,2.0859911773184887,6.638969132660857,0.71563327181702,0.0,2.0
64.58057356056219,109.66175588467217,7.61495183636629,0.7363460376444643,0.0,2.0
-33.629382101030856,-74.93883088355217,7.290630908037297,0.7303792791824477,0.0,2.0
81.60743560377527,2.4126532293479315,6.947396261239069,0.7601344307607967,0.0,2.0
111.67531614586625,-151.0033513198706,5.446611014269102,0.750938825644655,0.0,2.0
-90.04943326180947,16.93957587151545,6.211132539857228,0.7168784934954794,0.0,2.0
-85.62796801000711,-72.1423085454662,6.919098713406544,0.7168300429211323,0.0,2.0
-123.36383579074908,35.6909785744749,6.6037262652515265,0.6983416987459078,0.0,2.0
35.71704692759861,130.26939014514457,4.572430145810454,0.6302517754681484,0.0,2.0
-121.89423854856992,55.51883473865365,7.166993503530865,0.7878528607038313,0.0,2.0
-118.40859141414384,-54.4789186302849,6.837465290943554,0.7894614571879892,0.0,2.0
136.89933142480058,138.06444213503875,6.720776965701711,0.7214029265245668,0.0,2.0
65.80148605745188,-164.54874784748475,7.249836861467729,0.7384649219689584,0.0,2.0
-27.298890544390098,-83.87355409501346,5.891052018082479,0.7370500331799014,0.0,2.0
-72.76265358546615,-116.39822260215074,6.877443664397698,0.704414179142754,0.0,2.0
-30.701497329845495,-199.37814058125355,5.407813630792141,0.6700785083432389,0.0,2.0
167.7539783177435,-55.73996281026389,5.768592453966449,0.7347038973947957,0.0,2.0
-261.6168128686783,-139.88355452642432,5.652845944201092,0.7313920728185316,0.0,2.0
-60.18252650156719,-83.99925093684394,7.203491308266664,0.7147470659896785,0.0,2.0
-131.9422482495875,147.7948282854588,6.814239819133238,0.8146298079382502,0.0,2.0
130.6807845115888,-77.17043542247319,6.95362245720281,0.736516560570851,0.0,2.0
98.03697015218295,-210.66409971609775,5.155689505301235,0.6520258693581721,0.0,2.0
43.36182359171182,270.5989907862919,5.313866932124779,0.6972678936531074,0.0,2.0
352.3703628558677,47.068529925565755,6.8047111056569385,0.7438211909289207,0.0,2.0
63.11044977725174,-40.804755278867454,6.639637104643946,0.710228039648332,0.0,2.0
118.82684986606144,-144.3150798895918,5.702337700250049,0.7579596168819658,0.0,2.0
139.57959656032858,56.45966579007737,7.035410394232652,0.7624342101037308,0.0,2.0
65.73413686395487,-51.34057971756353,6.27293422588773,0.7363096684859369,0.0,2.0
72.75181858641413,162.09363361570274,6.143913276889818,0.7070921012463822,0.0,2.0
-86.70346151738534,-48.854328331624515,6.511854673827177,0.7239777042341231,0.0,2.0
226.26583697958952,30.042573495748567,6.353936335642964,0.7588150635290846,0.0,2.0
-34.85024354316544,-122.20554336855356,7.3444362965035035,0.7973959164200035,0.0,2.0
-23.44904559040786,202.55100075734057,4.9034250819976295,0.6306061472756469,0.0,2.0
16.589820397785815,5.745426863736648,6.353295457980778,0.7384881613893832,0.0,2.0
133.6888270862865,-131.01537888116894,6.307803164489982,0.7510046596095067,0.0,2.0
-91.41044454346564,-226.88069616612896,6.538547112491862,0.7167107358537114,0.0,2.0
128.008404929936,223.82769865988743,7.6488614104484,0.7377879892134572,0.0,2.0
-174.5899216405963,198.2945364320514,4.698627138339479,0.6470200995890883,0.0,2.0
-76.52161218997703,242.01950116361596,6.2921473734234326,0.6715558394694959,0.0,2.0
77.46557829067618,38.57557674609486,6.161721850503277,0.7513642571295411,0.0,2.0
-96.33910126907487,-53.050194847332754,6.794626293765798,0.7159600190810844,0.0,2.0
-170.91964084520058,-59.70419787126777,6.106287199258944,0.7600707706415181,0.0,2.0
-2.3522495552223184,130.18172950952928,5.944411443417702,0.7477309502569208,0.0,2.0
-88.54612438299613,-20.53775647223238,6.515911151592232,0.7253894790243011,0.0,2.0
-12.438347801124475,-72.71197629266955,6.1384937924658525,0.7269619993678029,0.0,2.0
1.9051450923025022,-2.1455428138101262,6.220909512700084,0.764510462765908,0.0,2.0
71.52615403744373,71.4428081063366,6.153487580470917,0.7303161265221556,0.0,2.0
-367.65822811338603,148.35273521555123,4.875114583495134,0.6451158158527901,0.0,2.0
-30.327094272928747,131.75951308026512,7.151769197530908,0.7652136940004395,0.0,2.0
193.05978720289949,216.44372211189906,6.589864415121579,0.7445596058286945,0.0,2.0
179.34262852331256,182.01836371503856,5.953247443456993,0.7183958068181381,0.0,2.0
237.54768379319913,-164.2373572972133,6.795991185641079,0.7471653865949605,0.0,2.0
-157.27619266709596,9.808057935792222,6.32108871994906,0.7417327022843818,0.0,2.0
27.22370441224174,-315.73978625936985,7.353819928915643,0.7574477528393457,0.0,2.0
317.339101953075,-185.98721109036586,5.5550631332949445,0.7716786630670843,0.0,2.0
105.62353076577135,250.26756289365034,5.288301656667527,0.6343352043069446,0.0,2.0
-4.19158177629118,110.70244835913385,6.30125389820112,0.7085945481357416,0.0,2.0
-54.91287582927932,192.9087177241546,6.635797032567946,0.7742326143048497,0.0025235339804642607,2.0
190.30086588887676,-144.01543526537088,6.609326217311326,0.7129076268909009,0.0,2.0
23.026373991399694,-169.03159861019387,6.911601530829003,0.7208396376273659,0.0,2.0
-28.87805971746557,-18.371333974464164,6.27125127783563,0.7238643094059987,0.0,2.0
111.04643836831758,-40.170144061408415,7.496926739616498,0.7628080577709969,0.0,2.0
80.9900348466892,19.64262538362923,6.016045781162837,0.7177129836098881,0.0,2.0
83.06249885887712,-8.573854624704149,6.712463242471194,0.738201191486752,0.0,2.0
34.76216597277643,-39.66880507622648,6.003900185622594,0.7530751683947692,0.0,2.0
254.46304851236718,-157.81670844075543,5.9503219383344685,0.7618104789124536,0.0,2.0
164.48349238187197,78.72071047812638,5.418773630765838,0.6473782749671534,0.0,2.0
61.54388749613535,-174.7333900025784,6.078421044762594,0.7245997490330762,0.0,2.0
-56.1034019475022,-125.04707862131065,6.845432700758636,0.7237101618348145,0.0,2.0
-227.8867115310053,-154.23473198892682,6.980810941461342,0.7439465367329654,0.0,2.0
-87.50334393969253,-89.69322809369464,5.66234507600407,0.7624987173724145,0.0,2.0
-33.83285888900586,-160.48583721073655,6.987809961559241,0.8136202066230525,0.0,2.0
-148.83382654941272,125.29007168222661,6.740161296813205,0.7478222391636927,0.0,2.0
61.989739952552476,-78.03996324647137,6.757877349354628,0.7890684457007536,0.0,2.0
-197.13760316840484,-62.235968125081,6.853341147756765,0.6907205014997706,0.0,2.0
52.43390040340094,-37.76312085952283,6.7485836481454875,0.7626006489393442,0.0,2.0
100.35132477787232,4.535653180189562,7.3084606628516795,0.7274226625273041,0.0,2.0
216.71562010820884,-223.42587993780637,5.633311471811183,0.6811519197358846,0.014366004902233618,0.0
-15.439579439889375,-168.3385896613242,6.501960110797749,0.708675956899364,0.0,2.0
31.65910187955518,-49.28007860744,6.286399104256274,0.740224131196095,0.0,2.0
-58.08442010719814,86.08753547654024,6.036161174998384,0.7195227142026328,0.0,2.0
131.3632463587583,72.00502610099961,4.711526064451085,0.6497016396308326,0.0,2.0
-4.997804024207808,-31.546309549113413,5.0207458386224,0.6361960339932186,0.0,2.0
116.45281547029668,84.67068218559558,5.67385565953396,0.7503355313939721,0.0,2.0
84.63642296483371,45.4074665295154,6.749808119974049,0.7664162253546348,0.0,2.0
-147.58432426880682,-36.63217562238562,6.100063044164453,0.7356497905373224,0.0,2.0
22.649459020267205,136.9888723393937,6.531445808933454,0.6986974453525595,0.0,2.0
-210.18172354618412,165.47904585845228,4.464306186451672,0.6663674594859483,0.0,2.0
-157.2648117415304,-10.548005898080008,7.819364534517892,0.7943425584555265,0.0,2.0
-21.64034841333371,101.48219017288196,5.365843593517666,0.7279817254847392,0.0,2.0
37.060726938345795,-65.9720167685399,5.861375135760815,0.7459675365581188,0.0,2.0
-107.7258039798285,-88.68978071422426,5.7820601787919825,0.7572489133587236,0.0,2.0
100.84429494988076,-25.796024707226557,4.6054387885504156,0.6286648808271935,0.0,2.0
-100.3315329827733,191.1764855102648,7.246533581518332,0.7575754081555849,0.0,2.0
-258.52378331393226,-219.972644907252,6.558155302145872,0.7355870374887823,0.0,2.0
-53.8650611021538,-33.225518264859524,6.894229108889241,0.745259186360327,0.0,2.0
12.89273116160231,88.22606315581214,6.793462571164924,0.8119056200871936,0.0,2.0
90.62839750775754,-39.14350391617967,5.446610066739152,0.7758686675358967,0.0,2.0
54.9335155262135,92.43396296079239,6.1328414751637945,0.7303967613383237,0.0,2.0
-140.10273170919248,47.39103532337919,7.623016079017963,0.7970363353205204,0.0,2.0
16.98476346807373,-112.89086744605537,6.191960141916638,0.73914644675728,0.0,2.0
129.67152459100066,10.574813708698041,7.190871975617633,0.7307433509059695,0.0,2.0
54.34073347768533,-70.18670823934413,7.07636898358369,0.7530895531584106,0.0,2.0
-170.75502862297864,-163.94372534749726,6.529915898597183,0.7243571814144117,0.0,2.0
181.94031830410137,-64.95539981563148,6.210456428156471,0.728225789676605,0.0,2.0
39.083914385256584,-55.822263420506076,6.671005338248394,0.7513526613311153,0.0,2.0
151.49113825128487,-18.333536261900726,5.12874418595446,0.5657039580807791,0.0,2.0
-73.14403915792822,-99.37918853564194,5.6999044426580925,0.7191339010597954,0.0,2.0
-114.14115069439542,-133.84915318326634,6.92220237414496,0.7313104553406451,0.0,2.0
-124.79898821359856,93.51104937288937,5.936127276749454,0.7453010824438815,0.0,2.0
24.16912405591806,-92.85308234922383,6.7438835284379355,0.8074204485155012,0.0,2.0
65.44243125821652,-12.600452490344015,6.6109215406086745,0.7499576571603866,0.0,2.0
-127.16130453283976,18.089895084879082,5.709746946715888,0.7522056714168848,0.0,2.0
101.3052262654716,-126.1132081734208,5.584582401745096,0.776396504738733,0.0,2.0
37.656550923367426,-14.816941659249334,6.184968366503739,0.7500163541538205,0.0,2.0
-61.944464175835165,142.35358942172115,5.839075056840529,0.7374644968197005,0.0,2.0
101.3802851979204,-16.79833100230896,7.0792622705111565,0.7349654478296017,0.0,2.0
-11.480914489709729,-12.667733434532044,6.779445779204838,0.746455137797383,0.0,2.0
-1.9479770933138618,43.76291356084051,5.458120811365106,0.7481865146049851,0.0,2.0
46.78682964967987,-91.00993905723064,6.931499061794683,0.8076117417714554,0.0,2.0
12.431174425004173,-25.115284258046987,5.773255232306162,0.7711372572247711,0.0,2.0
154.21436228700134,-44.98229814909622,6.222530326737769,0.724599076998481,0.0,2.0
-23.333635652909766,-98.55051515062547,5.908129408679878,0.6661300506665861,0.0,2.0
218.35645895400276,131.16186343616732,5.251621343021511,0.7678396419847958,0.0,2.0
112.53274080613059,-60.391422809910246,7.199453310996784,0.8106843063966234,0.0,2.0
-42.18773082223986,77.40968162313365,6.163729997090651,0.7410452538805268,0.0,2.0
31.543009389721416,180.47669495065793,7.275827515093623,0.805897028541358,0.0,2.0
-192.4607566873554,-79.36025531386011,4.892711445447101,0.7640002987797475,0.0,2.0
49.38548626942217,-471.02399354690914,6.375801421572661,0.7953374200190131,0.0020060794946696364,2.0
-260.5536351586124,15.394205131215784,6.939453701155356,0.7212474532185316,0.0,2.0
43.180527083075155,124.85618092079746,6.938239887713768,0.8004929722529126,0.0,2.0
-180.7257219672137,148.72845096342758,6.93364476133365,0.7933697147444074,0.0,2.0
-52.772237238930245,181.96954337782853,5.582142191736771,0.7393041859997613,0.0,2.0
-39.947193068296826,-0.6154225599638414,5.146791815379528,0.6521211595483847,0.0,2.0
-237.41995561102289,0.5115988826482782,6.562661171485488,0.732168832256367,0.0,2.0
-79.48770094356973,-334.1893669854623,7.469264646696208,0.7840796631354482,0.0,2.0
3.16044949542601,-27.871356539345022,5.594268944244478,0.7306135401909966,0.0,2.0
-85.27210516209321,282.6055143870659,6.6600241738885835,0.7679378433247538,0.0,2.0
262.96985045973565,-32.97877493496974,7.020989550817553,0.7978055355537409,0.0,2.0
72.6453928199429,91.46235921536523,5.424096345137969,0.7600171885687357,0.0,2.0
-200.3504234507595,-80.87403520479961,4.852038125407522,0.640686194229528,0.0,2.0
50.60821648020196,40.56670743108392,6.299471468430825,0.7580165033028304,0.0,2.0
-25.210832704061676,-222.39393521228163,6.366516614448389,0.7508361557461164,0.0,2.0
89.38980114991385,25.477586746038572,6.529131048262245,0.7790681799512882,0.0,2.0
-41.84822434912006,210.89633890503362,7.199216034503728,0.7901883098411593,0.0,2.0
2.2199312592933995,-185.42420433336417,6.876387522268299,0.8063529042574111,0.0,2.0
-63.89779466539023,7.716199206928957,6.404662778692325,0.7596320370794348,0.0,2.0
-81.58982498712872,104.26694139089018,6.2911298320260665,0.7535065466015352,0.0,2.0
182.72527415994801,-138.3605520756901,5.776688947226263,0.6369553062951165,0.0,2.0
-164.82734601465998,184.01124757666182,5.898282249687517,0.7624009398288997,0.0,2.0
157.89842622243737,-54.19481045061711,6.253874822934351,0.745202453907963,0.0,2.0
3.9531195474055703,104.34960827064455,5.841365233644476,0.7246705482521721,0.0,2.0
11.554704209945665,-241.89490069763644,6.041276090303113,0.7351754801364303,0.0,2.0
126.75874690435421,87.23311360479413,6.8795329571578145,0.7528791813200312,0.0,2.0
-80.63638916190669,-298.24624914810886,5.814282114212086,0.7607800383586203,0.0,2.0
53.80536344904757,122.95299932167607,6.865258903072054,0.7510070541221667,0.0,2.0
34.279088292403955,-113.73086804383333,6.175081558384957,0.7457472862142459,0.0007682998987032914,2.0
91.33201230028526,-194.6447068557352,7.661395497734962,0.8225558735500464,0.0,2.0
-113.69652724978737,-81.4808138868724,5.735141426802782,0.74992666627357,0.0,2.0
7.980008115444938,247.00330665605696,6.345223312156051,0.727600651869775,0.0,2.0
24.609790942588944,-121.05804181487892,7.366887896418335,0.79511670979828,0.0,2.0
95.97525683734966,263.86059039566106,6.06821762943395,0.7632005431280667,0.0,2.0
-105.40414478877892,-38.03106565417917,6.6931467378030085,0.7898545372648168,0.0,2.0
79.17237096558478,-65.42527432759961,6.9621186663962735,0.748201110353326,0.0,2.0
-97.01899876764186,41.866747519526506,6.078473685032712,0.773077230668002,0.0,2.0
277.8429526271845,134.6067715720056,7.575862527104114,0.8021584180998823,0.0,2.0
65.06297920146596,-111.85428432337629,7.517954701786229,0.7833583458282797,0.0,2.0
-166.1573595005337,-191.29326898126294,7.186438866902931,0.7513093014804798,0.0,2.0
-218.31820002042747,155.2260208669345,5.24260419194931,0.6401301316800949,0.0,2.0
131.18935998945565,180.9292923557382,7.47932822350458,0.8100369833216075,0.0,2.0
130.4122270922462,147.44272673708562,7.3055234557973785,0.7315720655394018,0.0,2.0
33.53125631735292,-208.1166313468828,5.470904553275709,0.7733742417077935,0.0019231398633241803,2.0
145.07589668588483,117.36740849395552,6.005908398557585,0.7475938639785671,0.0,2.0
-346.4798428063578,146.7309453600986,5.422356946352691,0.6140444862201484,0.0,2.0
232.32162410014828,210.25937296018174,4.386275028784767,0.6610170933634184,0.0,2.0
176.8202172230787,-283.7530346232112,5.371227207487393,0.6539862609165094,0.0,2.0
62.683982925230346,77.01882322585497,6.591209330742325,0.7409888868862375,0.0,2.0
-70.55088232675998,32.306701963687,4.913426028636619,0.6583229241773308,0.0,2.0
55.460850595918764,169.4424667304923,6.520652655233963,0.795036911446798,0.0,2.0
89.61635248061026,71.33731400644922,5.470752676329962,0.7649440931300104,0.0,2.0
-3.09871516511946,120.75327120285797,6.25791324747097,0.7267200509798178,0.0,2.0
-110.74939131014631,-47.53295847826437,5.720379121155263,0.7161955631679341,0.0,2.0
5.213407120862287,29.58151290591118,5.506918705610801,0.7534611012494694,0.0,2.0
141.60186823239155,-123.74937551973224,5.661413519128588,0.7695476001929245,0.0014176372222781195,2.0
94.1702004613905,42.99473898399372,5.798232729895278,0.7536262836736316,0.0,2.0
2.709501484771018,76.81499076894097,4.818086707547423,0.6505813101953546,0.0,2.0
-117.69245072661327,16.953801585862593,6.093020589574752,0.7584277940084555,0.0,2.0
-233.41183946598642,263.85459896586474,6.5653156907222865,0.7463937186549118,0.0,2.0
64.36043016714083,97.22627779083508,6.57259286524291,0.7062754169671845,0.0,2.0
-135.65519052264722,10.885030235964024,7.482903469953303,0.815594925074519,0.0,2.0
165.67167095051423,135.84663904715518,7.394120922510501,0.7903685104262117,0.0,2.0
46.621916279422116,-63.39929641069857,6.238088238949452,0.7344562423985532,0.0,2.0
65.4161274605507,-191.8759425085914,6.590785199695413,0.7110522287029057,0.0,2.0
-209.8151251877513,60.930008024042124,6.724560068028199,0.8182782548432987,0.0,2.0
-91.11536257765947,124.49472190508304,6.600923725849891,0.7697975067664805,0.0,2.0
212.75612391983293,-41.18189831412046,6.3393124566843815,0.7511296264352639,0.0,2.0
-52.581984653968135,37.985650757598265,5.105812357654089,0.7564758944152786,0.0,2.0
160.65320409555952,125.05391559404396,5.527169268828412,0.740902078416922,0.0,2.0
-110.34236788223794,150.37344764016382,6.457459812775457,0.8423026473744835,0.0,2.0
171.22157325810247,-3.1711360027816555,6.251062114713884,0.8044700998029649,0.0,2.0
95.44637642866758,153.71212575569683,4.924379663850194,0.7181520401689119,0.03703025426337146,0.0
-207.78797979961777,-104.91969189729026,7.158901692354227,0.7555712846563746,0.0,2.0
91.01849917260643,112.31071277126343,6.228604484894828,0.7096728271084226,0.0,2.0
-92.92921913726904,-97.85715997552118,6.177968678313523,0.7482708755751861,0.0,2.0
-124.52882752621832,139.31116827233814,6.650972535563195,0.7509131969700303,0.0,2.0
5.579758142914613,-93.01386443331103,7.080662795444476,0.8574437653992129,0.0,2.0
-137.00138649661835,-180.30240700218388,6.190680352551483,0.7619876253533296,0.0,2.0
-29.175028394028693,-334.8471396668477,6.545691040277634,0.7096993656279736,0.0,2.0
167.98823420025107,32.4460895280452,8.017042880660611,0.8140706862301926,0.0,2.0
147.25146951224949,-460.45446700868894,5.820211064549791,0.79823934296775,0.08951638929755507,0.0
-69.81730232815448,40.908838876664866,6.209857255779814,0.7274705429989955,0.0,2.0
-128.30478420697435,-113.6974175166011,6.117689108279631,0.7085385716139326,0.0,2.0
-93.61522293490893,-134.43615983231376,6.331739259760099,0.7541905385761399,0.0,2.0
-147.77482359502108,-26.48995944029121,6.463390908508676,0.7593148743177679,0.0,2.0
3.9397503909523315,-175.5865309451936,4.795617947010253,0.6145481582778088,0.0,2.0
-95.14671303309638,-11.922967142281719,5.9955323732221775,0.7384024675117288,0.0,2.0
-8.912803963949624,-149.64268549401868,6.8639357298955135,0.733167967417066,0.0,2.0
-43.96009169022122,32.446520213790244,6.463186496928013,0.724420874795384,4.149847313884336e-05,2.0
-43.00049165429766,-34.929216612628544,6.405899281075827,0.7384463521111377,0.0,2.0
-92.82559678827951,143.1781574002613,7.128895425749279,0.8266629870430977,0.0,2.0
-212.60139970513563,-22.68945549192803,5.277665421246525,0.7404267899339729,0.0,2.0
223.24878413533156,294.08200619130497,6.390553335053886,0.7037635420185202,0.0,2.0
28.3758912594272,-274.9381707433536,5.977699073030897,0.7225497924948211,0.0,2.0
27.084819434669978,-31.346027569354217,6.025864078181392,0.7298165992194426,0.0,2.0
391.37375801992357,121.0771447976267,5.223789105531061,0.6323787955989434,0.0,2.0
-368.55390215625886,-187.92180795372605,5.8700091851136715,0.7412027566058994,0.0,2.0
74.60728577134985,146.28492833177012,6.636792445755521,0.6923148275121439,0.009865023040340133,0.0
67.9024301951295,-246.00117171846142,6.755702815731994,0.7450691327605989,0.0,2.0
8.0372780669344,45.718847392605596,5.667185731995777,0.8291528868774233,0.0,2.0
22.12688931833205,87.52976599014909,4.768369434256179,0.6271519862138495,0.0,2.0
-73.94344674552768,-9.638153832875375,6.169298245972053,0.7098061942647794,0.0,2.0
-176.71643908849532,35.494390908043954,6.284721404226868,0.771095686547756,0.0,2.0
103.98974260903782,40.802848489620395,6.470898023303956,0.7321024732212098,0.0,2.0
-132.44712133741,-91.1123626392476,7.0670277264084085,0.7440035214173618,0.0,2.0
36.25381161382766,75.38502048619459,5.722776619137495,0.7625884660330221,0.0,2.0
-71.51480417469237,-82.6753282715872,6.0374742884157255,0.7159816795136695,0.0,2.0
-101.92975475358911,-191.38340196225676,6.957564283383249,0.7600209172925961,0.0,2.0
-133.1852829387283,-103.49008569076042,7.675005234974497,0.795147397758896,0.0,2.0
208.29532387516824,49.31703053682827,6.433998265152937,0.7241582709152837,0.0,2.0
-119.60067828682325,-246.9751396647868,5.3196792145619325,0.692048773568911,0.0,2.0
300.6242603140434,-52.5603186086487,7.153100633809335,0.8053048986011604,0.0,2.0
-116.6044279983909,-14.872450905640349,5.42570788326996,0.7626656619993989,0.0,2.0
144.30824301594743,47.41153443886733,6.23027520696726,0.7328385756243375,0.0,2.0
-122.56367675127903,195.9970952652165,6.985800086760748,0.7380974680798631,0.0,2.0
-60.429305758022075,45.06233165536042,6.54787213352637,0.7216649977204026,0.0,2.0
194.99116152789009,-2.743287426658292,5.755164652736459,0.7823356487604152,0.0,2.0
-58.17186658071241,-66.17681928161534,6.322028106771261,0.7020814313501619,0.0,2.0
121.99859912568901,-69.31047594697287,6.756264274466251,0.7513529911583706,0.0,2.0
-26.072944424676294,86.26697076768473,5.94213290005404,0.7031144598825837,0.0,2.0
51.175219231246245,147.26730302865994,6.0687682824306455,0.7289506318302079,0.0,2.0
-154.40760490080274,163.95979002737545,7.354122978232601,0.7915084729599698,0.0,2.0
121.35549997129053,-39.45471301885002,5.829648924945678,0.7116512631543557,0.0,2.0
-59.60628326333987,-167.6674137494255,6.739892536850918,0.7186984117371502,0.0,2.0
241.15401232079506,-98.92456299213275,6.332555230270254,0.7154838348602797,0.0,2.0
-158.65014873414998,93.762272445661,6.791420257469088,0.7688184833246868,0.0,2.0
220.25945615672583,4.273917511093633,5.949914248522368,0.7754631867265861,0.0,2.0
-111.43862424903885,52.06310119762197,6.511756399666138,0.7341635722606017,0.0,2.0
-19.29869990839678,47.26802076104343,5.954183180169886,0.6945954140359549,0.0,2.0
353.48517020029215,11.709195918579052,5.470544467569294,0.6668188785624288,0.0,2.0
183.44643396829736,143.8857443242161,5.697419873211059,0.7314847739728852,0.0,2.0
-92.70000941715081,51.07324195741188,6.293858763101254,0.741093126870276,0.0,2.0
-95.87847470571154,225.71002391552784,5.434268011940726,0.7523089946031365,0.0,2.0
-110.13742055338282,24.290518593381492,6.234911667964665,0.7257580886666601,0.0,2.0
46.07130662803187,88.28449123643863,5.7325504445035715,0.7555177456250776,0.0,2.0
82.20748365164016,55.6391914899612,6.799731556406412,0.7401604963528042,0.0,2.0
-21.150797224848283,69.09719225303184,6.096488374285477,0.7171658980888519,0.0,2.0
-166.39290901534227,-101.88766268670821,6.928116505540189,0.7205091184233823,0.0,2.0
-17.906658344093305,-47.564444639454365,5.719917185196745,0.721389666286639,0.0,2.0
-188.34199873724668,106.77167789504877,7.016348217165217,0.7423153375278542,0.0,2.0
143.072638113032,-308.83712078608966,6.535942027825195,0.7323073875393428,0.0,2.0
-135.78501667725413,20.66525577378077,4.969372393667486,0.650846397633341,0.0,2.0
55.35775106578103,113.66694402863948,5.550262014736086,0.660469236273269,0.0,2.0
-90.31496299014798,34.55350169803605,5.895313310023171,0.7645115719427299,0.0,2.0
57.68373337764322,-59.38803497623222,6.759147985708058,0.7961180223189837,0.0,2.0
75.3779148688586,-15.834378930151232,5.962385710280202,0.750974240024225,0.0,2.0
525.545027577516,-14.285845678124941,7.35449441884056,0.9605805696715396,0.5699990674168683,0.0
-279.88279556197216,128.39228669820753,6.422212381262956,0.7495673087430524,0.0,2.0
115.48177134595835,67.29904017975106,6.511604230295348,0.7576579024142734,0.0,2.0
97.42091919733937,-96.58216920781265,7.4375671262797605,0.7989125130113505,0.0,2.0
174.597714941456,5.921311296205267,5.697361900575594,0.7446958504777924,0.0,2.0
-11.228789205656687,127.42112034780388,5.675514490584205,0.7233204442304003,0.0,2.0
369.2551949777615,-47.52377715820224,7.133044210136741,0.7399425746724844,0.0,2.0
-110.12283548749004,-21.914979223358884,6.277990227756265,0.7401372128239752,0.0,2.0
13.520507763052105,-122.26296092248847,6.081734229119289,0.7586095199539469,0.0,2.0
-154.2164039654794,-52.67428576214848,5.677550988444046,0.7527231806071261,0.0,2.0
96.44337543778286,413.52300964567127,6.075890077025039,0.6989677387517269,0.0,2.0
159.4389332070442,105.42688694702203,7.252502027059545,0.8075297286982689,0.0,2.0
2.393942707654632,516.2261590319024,6.2336755977290155,0.8976699994370899,0.2951944550545926,0.0
-111.46233177651843,82.1895295949552,6.3373705344431075,0.8151517450623615,0.0,2.0
-130.5743723674165,62.67074186906851,6.534491655260273,0.7457929695191242,0.0,2.0
-131.02714129516747,-150.28802524158712,7.015900257296172,0.7711588469401591,0.0,2.0
20.659918681987218,94.92130990006109,4.6533127259741605,0.7534486665952465,0.0,2.0
-103.29277053827828,-97.62394851123084,5.9539595529022,0.7387173405229387,0.0,2.0
238.4373555250993,-229.1241525651131,6.350699810932293,0.754121028548944,0.0,2.0
-209.3884078121406,155.97737870023852,6.338192293931664,0.8295675938857233,0.0,2.0
71.36080414041943,-71.98115337806885,5.691553343157704,0.7454230562757116,0.0,2.0
151.25550496133528,-61.37705329636762,6.156788310004606,0.7514408271992206,0.0,2.0
40.308571811879574,-98.38003205316201,4.779923100329146,0.661945472274519,0.0,2.0
107.14364788123353,60.2482975513554,6.5245765799537265,0.8328434611917604,0.0,2.0
101.14785590565896,-6.234523287775807,6.715934948248531,0.7127474764386309,0.0,2.0
27.813971252734227,-159.07262545126858,6.862491977280283,0.744034115121791,0.0,2.0
70.84344913795653,4.920277694700117,5.82593609257791,0.7407591097565811,0.0,2.0
-185.42197272677993,-48.14412371907976,6.0098941873206835,0.7338687306962871,0.0,2.0
-14.805523410218774,203.62894506985003,6.1558762447111555,0.7282870946159102,0.0,2.0
-148.0048829970577,-6.941821735062523,4.66412574237595,0.6283204833922571,0.0,2.0
-69.23883522744283,51.674871199662896,7.009023536338399,0.7463466897734258,0.0,2.0
-59.05690471096817,16.84991791622774,5.601117844656418,0.7531798619085215,0.0,2.0
-46.568422947774906,220.82824838408303,5.477654731497527,0.7543134385239629,0.0,2.0
75.43732057305981,222.58065014622935,6.818637897055629,0.6968462791417295,0.0,2.0
261.67185702773645,80.4214366485452,6.437331070325919,0.7504550587477828,0.0,2.0
180.09362770960044,31.65783221276272,6.513697039836033,0.8122030116059975,0.0,2.0
-24.042213349569863,-124.03218635357709,6.8466383443090555,0.743094435014815,0.0,2.0
14.271844265555822,117.65467322695977,6.170478203009251,0.7211275767415184,0.0,2.0
3.964716522571832,-123.0271673271132,6.060843702828889,0.7533363201533075,0.0,2.0
-151.35903208654864,-155.4302340541109,6.708751015075588,0.7395935173198134,0.0,2.0
-29.235412204413727,-64.68939117425437,6.475642201364306,0.720917922841229,0.0,2.0
-166.49778065720622,77.09670944698306,7.12843233653243,0.7535724118252125,0.0,2.0
-195.25827170812445,-51.82848781903295,6.816227343662684,0.7306633840527995,0.0,2.0
255.7896633830622,-6.77799616830906,5.381340847513958,0.7364079454360116,0.0,2.0
80.668596631128,76.53166576940782,6.5986727034944614,0.7611082888587826,0.0,2.0
-2.8294701302963077,-114.51716818510883,6.7150235110156995,0.7508525703610067,0.0,2.0
156.67579414273675,17.909091800382647,6.689719779418658,0.747380980518438,0.0,2.0
-148.85133936861737,-194.11362674894067,7.010531830825104,0.7400936858118291,0.0,2.0
-125.94607797398476,120.89547984993102,7.673111467557564,0.7862114334399081,0.0,2.0
109.6560293844898,20.75070787552812,6.657375699341743,0.7394625551119922,0.0,2.0
-25.474168576635563,231.94194847675737,5.656124347266584,0.7204783218995083,0.0,2.0
-376.43080969585753,-171.3812796004512,6.101786406626365,0.7391958399493248,0.0,2.0
93.33003871335016,-22.56381151703584,5.195335503474062,0.7385126925370508,0.0,2.0
-56.63965496502857,134.7174788735608,6.2300366387097394,0.7433695068520123,0.0,2.0
-123.4608796821227,-170.9418454585245,6.410900329829062,0.7361247685744864,0.0,2.0
24.851419323945205,309.9765747617211,5.580239466707628,0.7444054878125268,0.0,2.0
324.45255614859974,137.09656967547053,6.94471305857019,0.8068459487071337,0.0,2.0
-164.76867899165353,119.34751573452866,5.73617977126527,0.6617292624330913,0.0,2.0
43.77708076227204,68.93831655274624,6.011020724149485,0.7638580459524574,0.0,2.0
-81.75275721372283,-152.25401867043877,6.492352009652265,0.7260593502312259,0.0,2.0
40.18864479542383,-199.05089348190447,6.6370036926303735,0.7311198359428489,0.0,2.0
0.05004941229821481,175.67210870380796,5.014744455572354,0.6516296491295979,0.0,2.0
-84.09658230944457,51.33594797245085,4.746986395304304,0.6396795090528163,0.0,2.0
-48.11627719235053,59.29606904249561,6.554325627007813,0.7177917679997705,0.0,2.0
-66.34143498074688,150.8551434958748,6.009657676495179,0.7434012326076599,0.0,2.0
-85.29995637811683,150.0122750969028,4.730956779173591,0.628903993678151,0.0,2.0
-267.09228517681765,44.30450812276261,6.876075551578316,0.7434259623776577,0.0,2.0
167.9766139434395,60.120723683749986,4.694728600777537,0.733127917758795,0.0,2.0
46.845615279754945,98.11817446587558,5.794442766235648,0.7009821800064772,0.0,2.0
-64.96004697457039,-74.4117854762682,6.8669651192664745,0.7217232261790112,0.0,2.0
-34.608731811931094,234.5446036783814,5.198284110121362,0.7492315886213585,0.0,2.0
294.11360213879044,-161.62402463194792,6.496939907559472,0.729830372826651,0.0,2.0
-71.9972161996141,101.15310075239398,5.023512868104864,0.7415934602063455,0.0,2.0
31.714314963086252,13.764573128392392,6.7794447642103535,0.7418977692352202,0.0,2.0
-228.3482871833356,-14.185417107817807,7.357512864136399,0.7234261744680593,0.0,2.0
-311.7371167712694,41.855137866756074,6.837406794763636,0.7216196732068575,0.0,2.0
-25.769398976139083,-170.62401012482044,7.695892650412402,0.8088284462111708,0.0,2.0
-136.3318537286102,301.76517303946656,7.100818658885079,0.7304515204273546,0.0,2.0
-45.750559301818114,-50.9514466489921,5.863854043667523,0.7573518713369373,0.0,2.0
101.45279028196529,14.739165336003035,5.330796539098772,0.6299175851088485,0.0,2.0
-59.76150447034005,-23.04310657797909,6.404249125567161,0.8093681438355045,0.0,2.0
-197.92536135655925,-174.63703487027527,6.124165299109413,0.7027888784376178,0.0,2.0
-43.22113730611775,94.37729493355283,6.869851442587587,0.7895320457814722,0.0,2.0
-47.70088305503145,85.15996787321613,5.762032191481612,0.7283060509034897,0.0,2.0
-24.83620349081502,-181.32258907117338,5.250685719096181,0.6694458424409184,0.0,2.0
115.45698248202481,-230.08868485939755,6.653753736061417,0.7504287551368646,0.0,2.0
-233.95068130470983,55.033283669880205,4.789380985419414,0.6153302788569741,0.0,2.0
106.95216870809855,30.77022850186847,6.311623929270065,0.7445245284388181,0.0,2.0
6.316337340962577,124.16320313742318,5.953239496938122,0.7509023004521552,0.0,2.0
133.9013265738042,-66.71041150352447,7.2629004237291745,0.799886240412826,0.0,2.0
-50.41898801824866,-194.88534475339284,7.576992869588836,0.7539293306545871,0.0,2.0
68.67755513940587,-182.5232599569099,6.659261245320677,0.743451322234016,0.0,2.0
94.21027918573985,-155.31033024232346,6.207304238784089,0.8073571703555,0.0,2.0
-12.873785255158479,117.26349533337076,6.880612618215262,0.7271493329437556,0.0,2.0
-43.71065550820728,-75.42023623648804,5.680980472537115,0.7071553512254581,0.0,2.0
-9.928007510747065,-233.39008562085087,8.159965244194444,0.7902158631677332,0.0,2.0
19.66153423777698,79.75149677891282,5.836755097837734,0.7337907724092323,0.0,2.0
-5.540598026003364,206.82445236661857,5.847016875794878,0.7200276204613942,0.0,2.0
-180.07211572755776,-5.831783347583347,8.22515609015241,0.7563705990710453,0.0,2.0
157.88341664732923,-26.20588737293931,7.826077869721528,0.780292399748399,0.0,2.0
-92.2570307842572,-80.36873216899816,6.365347323105557,0.7492379296078235,0.0,2.0
-11.022259188428299,154.13097414104578,6.383846776186959,0.8186319989845307,0.0,2.0
-119.04117354928488,1.4719238497001537,5.9745604168635085,0.7377757477394308,0.0,2.0
-58.494068118517326,166.6304814846226,6.325633870864714,0.7528345319305447,0.0,2.0
-122.3422624175628,-34.557858669020014,6.899020298800386,0.7828190300794776,0.0,2.0
-78.25112526895313,-107.35950657468219,6.328765721645883,0.7216356482392363,0.0,2.0
31.948686069065754,36.60540427101296,7.293529770361456,0.7469811615096097,0.0,2.0
-32.22622661810665,151.02782471044452,6.734965413569819,0.7130457734019355,0.0,2.0
140.522597157513,160.9381293932188,6.6091513068988,0.7322981435001502,0.0,2.0
87.99730699524312,-68.42459355115747,5.234098713056434,0.6585120432184736,0.0,2.0
105.21413442137498,-116.83681915673922,6.448040456905154,0.7513166998600517,0.0,2.0
-221.7194686531173,-5.893459536831742,4.740128952270778,0.7439559040280442,0.0,2.0
-93.96242502502838,262.0135015105284,8.041468120340046,0.8055813955726155,0.0,2.0
-174.72206330740175,61.53460501675029,6.843792000974,0.7407286161944979,0.0,2.0
-171.46772716065223,360.28562972532336,5.398129820685967,0.6842259654130218,0.0057172052082003115,0.0
-346.7139553843475,163.852827728875,6.664453667816134,0.7928161499622577,0.0,2.0
-240.31323124717957,-44.72854536700644,6.961598273920973,0.7251113807169002,0.0,2.0
-36.24029486740391,187.2076059812916,6.573523004116697,0.6830463564482128,0.0,2.0
-39.33600533661783,-150.80049363142578,5.72768063382985,0.7770409158856179,0.0,2.0
-53.88905486132556,66.2901164647587,5.019961147000471,0.5937386472230617,0.0,2.0
105.96272302111984,-101.26790268060202,5.224877400536578,0.6569017939606101,0.0,2.0
-96.90109043531429,61.07396741136065,7.263763482373727,0.793810109949243,0.0,2.0
45.05970381766311,78.72527618749531,5.763866809159701,0.7779508755870561,0.0,2.0
-223.62489523977337,202.14941187965,7.000183082463093,0.8173628369477685,0.0,2.0
93.3811259811338,122.49070777216998,6.650997883226502,0.7826935233602484,0.0,2.0
126.249566840287,170.41745454069505,7.105831336505101,0.7441278370388427,0.0,2.0
-171.23292084192988,-122.78593240034857,6.288346645209602,0.7353429272358194,0.0,2.0
-14.657622789879419,-116.34070387125283,7.266037638670525,0.7907187693888197,0.0,2.0
-254.92325963896332,373.47342786901294,5.929199954458226,0.7313507197784512,0.0,2.0
-23.25384265295854,112.9509875461399,6.806480046827489,0.7737993388132481,0.0,2.0
173.10112433757084,-274.32514942341237,7.881633101712365,0.7591621979895259,0.0,2.0
-166.03197133575813,-18.74518739169495,6.12944758286599,0.7320415658694311,0.0,2.0
189.26846037613566,-57.98981617970595,6.886641278669892,0.7094680919468149,0.0,2.0
-325.63042837181473,-2.97277081844712,5.933477284094659,0.7171268253525841,0.0,2.0
-290.0734364810054,66.03603788120208,6.8246419024854,0.7270256355850823,0.0,2.0
201.8358525943478,23.515676857349494,6.1738113663213525,0.7242913328285049,0.0,2.0
-65.83485687983195,116.49379288544495,6.746625662863807,0.8056939268336343,0.0,2.0
-75.99224524275843,152.02734124713385,6.3209197134711435,0.8136348911179674,0.0,2.0
-85.23737792596322,85.6058700541847,6.009015078601641,0.7418715883254192,0.0,2.0
92.32399853659948,-12.142708941430682,6.119413164340949,0.7203166449920735,0.0,2.0
-83.07071201372537,-98.51641438166979,5.502597985583419,0.7628069376755091,0.0,2.0
63.69928612731025,-94.28249731013368,5.028343466095185,0.7472605600834805,0.0,2.0
10.729768384972173,-150.11911775248865,7.341558472264611,0.8135584803891553,0.0,2.0
123.21125845965496,76.37269603624524,6.850810473747592,0.803957097584236,0.0,2.0
-157.05262728287747,-22.272841139979953,5.779774778481606,0.7508397348705188,0.0,2.0
-291.088941941034,-192.8395944469271,5.442768670594782,0.7109770577727871,0.0,2.0
-144.04595486267445,37.19570537366792,5.6611512822250045,0.7388141840605913,0.0,2.0
77.45707328753977,-190.78847161507312,6.992298884073587,0.8060692399836902,0.0,2.0
-126.82625815717283,155.80670126783147,5.709862639905814,0.7378879487206419,0.0,2.0
187.15440478954807,136.48182473976743,5.1012927010509275,0.687181151168395,0.0017400070658191004,2.0
133.24612737883285,45.99324564094088,6.599173228757082,0.8228292659603036,0.0,2.0
-29.6220533681988,-132.83536790538818,5.79529772782489,0.7443509147973913,0.0,2.0
87.336004380714,363.2519643707968,7.63486614455543,0.8056070720169439,0.0,2.0
-129.52066011542283,102.53113105317392,6.673728441298042,0.8160691018053597,0.0,2.0
-186.200825689244,76.75273758775116,7.104669435319311,0.8050606229200122,0.0,2.0
-452.71572069137096,-103.11953366288795,7.314037527446162,0.7724837346468975,0.0,2.0
-138.9311686409999,101.62043078102893,4.618885516038602,0.6502650583850649,0.0,2.0
-143.92992698645352,-125.20611579426887,5.787427317124091,0.7545102991849446,0.0,2.0
50.403735554566346,-149.50004569154817,6.825549161464695,0.7863705927878338,0.0,2.0
116.91274308970652,-49.71106623397202,6.736533026389156,0.7226858036251016,0.0,2.0
121.59311511893763,-8.206275795399819,7.654019464698199,0.8006665783812669,0.0,2.0
-134.6349137359395,-60.15980779986391,5.626886411752779,0.7425177614144199,0.0,2.0
-139.8372404183749,28.424607432523107,5.585972105357836,0.7507568070851189,0.0,2.0
29.077912515334948,81.74113375163718,5.934068488120896,0.763555970564795,0.0,2.0
295.19298959433524,-116.30155213574933,5.9574227747965525,0.7321928226937556,0.0,2.0
-54.92716723473225,-92.9111638033609,6.078256328711287,0.7018796936821945,0.0,2.0
-81.2215056224245,125.35808406342538,5.686328055987308,0.750940281899432,0.0,2.0
346.3860040044379,91.33963032941766,6.169438189464404,0.7483541694195919,0.0,2.0
118.11108872313947,57.53053332205618,6.515965009695844,0.749904476967386,0.0,2.0
-45.28252758521396,-107.10947784299945,6.342112065799557,0.8099092327340136,0.0,2.0
155.0040043435372,-88.66668719148704,5.319228566241843,0.6439511462977933,0.0,2.0
25.85331022752705,146.32757038986023,6.763715925499626,0.7191144169699232,0.0,2.0
-161.77773878715666,0.3190368656459902,6.460068418890307,0.7136034007138277,0.0,2.0
86.63797557559278,197.77055035133964,6.91936275025252,0.7278260790782902,0.0,2.0
-88.79573039546341,69.02124904766457,5.5325290198916095,0.7360985941915738,0.0,2.0
26.087294326755913,155.3126593044756,5.5024485466218644,0.619991925764493,0.0,2.0
-131.9528780380222,-69.95848656155778,5.803498950672149,0.7481983468795579,0.0,2.0
-138.04334521377942,57.475211979314246,4.706107115574255,0.5917190341345946,0.0,2.0
91.63239897229884,-216.729630089962,5.82558278090444,0.7185333059365405,0.0,2.0
89.25863585561247,90.76058977869776,6.036462692013867,0.7475077218062334,0.0,2.0
19.80867233902947,-82.49987342739537,5.426194865540452,0.7583402577626739,0.0,2.0
-121.90184724804524,-73.63812841189845,7.110823001567661,0.8089848353280508,0.0,2.0
92.35320906230349,-128.84702959905047,6.10536787150251,0.7872910128087627,0.0,2.0
47.85145550478679,-109.43961246530964,4.880578525669108,0.6584654198787716,0.0,2.0
122.1384901446334,47.909656520236844,6.495860846546903,0.7495812970300845,0.0,2.0
94.25869922304591,-145.2487010634229,4.929934678950019,0.6457011337833815,0.0,2.0
-125.09072738586197,-62.87523752334585,6.324117551406352,0.7485643595989444,0.0,2.0
33.78733564448874,25.173138818336078,7.290904612927493,0.7885684580961628,0.0,2.0
189.42907366139292,150.8629471822247,6.203804949769097,0.7596731597727341,0.0,2.0
-50.32163615400005,-133.49981322366835,6.184913851212304,0.73077666351176,0.0,2.0
178.3556589865539,110.17924218163223,6.673406738858659,0.7062718340493478,0.0,2.0
-29.670107611706136,-189.60800518298677,6.739818772745478,0.7871577976702575,0.0,2.0
287.4520998770649,-92.12854871383223,4.720781860342006,0.6369873250222674,0.0,2.0
146.4652134935707,259.41113784708125,5.497877599181136,0.7517233233439421,0.0,2.0
-128.44717330669621,393.4506133445114,6.102753084618825,0.7264758708489294,0.0,2.0
117.85549573085316,360.6890192487141,6.306957636453088,0.7526240756752524,0.0,2.0
34.85212703038983,-123.19874705424006,5.653005557855888,0.6269109231160725,0.0,2.0
51.066790976665025,366.3765948204351,7.216980335845899,0.777683617673546,0.0,2.0
408.24500939827055,260.7652891302545,6.1995948904079965,0.7475077793851302,0.06329174531377266,0.0
-102.90084150493111,110.30100637210654,6.744913744824584,0.8448105794845587,0.0017554475375862854,2.0
110.2405941705927,-201.11894041790788,6.058446248705502,0.7889176735632742,0.0,2.0
184.26443820102196,-179.24892287433096,7.098180940436381,0.7855961756425581,0.0,2.0
-78.91115818858067,-251.05196739969242,7.443361824702717,0.7499743664030504,0.0,2.0
46.30450322080073,-270.2037099014887,7.4071977979226755,0.7803295088269232,0.0,2.0
-18.610751772596018,-254.17343503689176,6.864970483081674,0.803737305798729,0.0,2.0
94.8476177032593,-48.547284848767774,6.166301612999422,0.7666875782894093,0.0,2.0
-61.84363700466357,-57.2470179844921,5.759049467222007,0.715086270563309,0.0,2.0
44.54868904099828,-168.62635405997875,5.93056055468357,0.7331119390187046,0.0,2.0
-269.17991479281244,-442.45484013663446,5.446423696315839,0.8693843230490765,0.34348932031852697,0.0
19.814736124913573,200.8621752578933,6.0425878075072665,0.7499192063918593,0.0,2.0
167.9350239540824,225.69512613578559,6.300166970922464,0.7492143365018274,0.0,2.0
55.45142474990692,-308.4772269694898,7.068729472030418,0.7540288163016492,0.0,2.0
-108.77382859653127,-211.17651186569952,5.602253345039779,0.7152915538153888,0.0,2.0
-19.482944076092068,78.87552267977006,6.512415759184994,0.7004300838214191,0.009420403053567622,0.0
-63.60424595809894,-32.81970332560716,5.882523682841694,0.7363025247921018,0.0,2.0
-132.82440149064513,-8.789854983490951,6.466609538590072,0.745390271106016,0.0,2.0
-266.4885452227401,-60.012891130101906,5.866065484583037,0.7520363258689259,0.0,2.0
30.116190362947385,205.00873833164735,6.992865454877858,0.8070671771317205,0.0,2.0
286.9879150891998,384.4557554468149,6.757373543483004,0.7513083074249006,0.0,2.0
-143.4031851888179,-270.3510268905634,5.756506227503365,0.6228589299213464,0.0,2.0
-98.81117638640367,-106.94967465787823,6.934929084123396,0.7392545322184133,0.0,2.0
191.89055341347245,-29.259500631623997,7.109491088249405,0.8003055138193244,0.0,2.0
-222.15227467150362,-122.65634970443334,7.547292414197234,0.8034949316199882,0.0,2.0
6.148595552165284,133.15395616158781,5.282684840739226,0.7309769625128579,0.0,2.0
-369.0552208919996,-292.193749929489,6.480054774290696,0.822894372913815,0.049939547195529746,0.0
183.55819047848726,92.54137324283462,7.025239464184498,0.8049311769828466,0.0,2.0
-113.88800662047187,71.79192085665304,5.242107456112567,0.7683007097767804,0.0009636363362083518,2.0
155.0600325544901,-70.48657744072858,5.95325423410951,0.7523532582596004,0.0,2.0
-208.89544262085118,-77.0949260505189,6.743738127467034,0.7920858618261171,0.0,2.0
-273.7056711991618,-54.209562268595825,5.790466576399036,0.7126225977822024,0.0,2.0
-182.15060575463346,-306.8390754665649,6.174654127109505,0.7656240186091415,0.0,2.0
-113.74317632340849,62.35719697274796,5.9980659693552925,0.7531075000488704,0.0,2.0
24.11208157461016,120.03308966169408,6.161882660320568,0.7149074557605106,0.0,2.0
-183.30294809040103,116.09210690622858,6.415149630817574,0.7373810138694024,0.0,2.0
-119.92420152354411,26.260888172621552,6.34497523858093,0.7214356162869321,0.0,2.0
76.76372833407136,-163.04553035660803,6.680900338198353,0.7980107187516169,0.0,2.0
-223.74969679557026,73.55625624303286,5.990407403939268,0.7486587054544831,0.0,2.0
174.17445806051953,-83.31319102663632,6.2358462432311725,0.7839238189022104,0.0,2.0
196.65093961511275,15.02963732239383,7.3807973640229205,0.7394963464676186,0.0,2.0
-74.19935274810116,7.493239011652315,6.223879853473668,0.7377868364937992,0.0,2.0
-44.7693021745934,-158.3275956678012,5.679499826761882,0.7692139953572417,0.0,2.0
126.19555082177936,137.74703361184748,6.523665304730208,0.7287405310505101,0.0,2.0
242.5111962903201,101.38238083133274,5.764272026891554,0.7544975735638573,0.0,2.0
57.36716549751429,138.86625576045304,6.7404313221466845,0.7897645007409283,0.0,2.0
222.01830512692118,-60.38832832804346,6.414641316858298,0.7474621532776845,0.0,2.0
130.40508326396426,99.57806507080296,7.6779749622318105,0.8082001976031731,0.0,2.0
105.59554055867281,166.14182079317698,7.238027553527547,0.7357411405360474,0.0,2.0
-17.397547161690586,-272.9397204063507,4.9952107421098395,0.6318751984300376,0.0,2.0
-139.33062865180625,191.4772891075042,5.773858149413291,0.7435942382876432,0.0,2.0
28.074860211804385,101.36169772768797,6.456999455152477,0.7822220871457537,0.0,2.0
-4.324342826868854,-140.29009073700033,6.877443664397697,0.7432909808812199,0.0,2.0
-44.59546392965385,371.0178283252141,7.460921763664502,0.7901716278407352,0.0,2.0
274.18203433950754,17.417826980510945,7.365303447204728,0.7540566093306376,0.0,2.0
-124.15418300433944,9.742431681744334,4.941445141901756,0.7681140870932279,0.0,2.0
135.82842161818468,212.69143274744374,8.1293877023879,0.7618836294472442,0.0,2.0
-84.54984909353065,114.94181956000276,7.094828388460404,0.8085317735671702,0.0,2.0
-104.85844041313682,181.30019336902635,6.866293206316333,0.7790596146524152,0.0,2.0
-88.3494756515708,176.2861525733902,7.985091317582437,0.8061848671634237,0.0,2.0
-191.03593824402728,-96.76268272551346,8.180298690435725,0.8085878956659756,0.0,2.0
-5.89715337870377,-175.55248748665497,7.905984819593467,0.7939665603750142,0.0,2.0
-93.81293435048315,-116.61985382388498,6.468088996113621,0.7382034805283834,0.0,2.0
123.48789909117284,-126.42850343660439,7.522524265008535,0.7805777077287779,0.0,2.0
-46.131061544282275,107.40737289317288,6.695320776758741,0.725847539394002,0.0,2.0
11.238672716108876,-104.95052755759814,6.374992487411153,0.7414067983111851,0.0025252365776370724,2.0
165.93491628869438,191.81954498328298,6.05401506226574,0.7395396067714256,0.0,2.0
267.59987668805957,8.771285264210197,6.449790230637852,0.7292344168681042,0.0,2.0
126.0615357546882,-137.5336103537775,5.967259726792357,0.752606589294528,0.0,2.0
193.30398842313267,-85.2101279059265,6.046266541915741,0.7437425701426716,0.0,2.0
142.76562849556407,178.76765475078892,6.508078505885539,0.7551778835209332,0.0,2.0
-197.8354944584232,77.50321076634275,6.450590334856032,0.7174748634466257,0.0,2.0
-140.87701253653188,-0.06513282733362917,7.057768678066037,0.8036305382192533,0.0,2.0
-4.975256827327554,100.65923235788657,6.486396474863396,0.7271363639357913,0.0,2.0
395.3209114900806,157.36727423154034,7.084989682386134,0.7655006819004438,0.0,2.0
-106.73246309396028,42.21754033692299,5.576295213313579,0.7773690287858811,0.0,2.0
191.3847791050422,6.1367269583520585,5.943092530320578,0.7017451719215227,0.0,2.0
-141.0548408520615,73.80574288574249,5.203705908212383,0.6877997811762878,0.0,2.0
153.3143573255554,148.17520826914955,5.899373820522107,0.7458298019394777,0.0,2.0
-201.68506081550152,200.10528853687555,5.43022846429621,0.7187551238666214,0.0,2.0
-520.613218197985,-91.65684863035574,6.7221884491910835,0.9775843401154055,0.7663012093118576,0.0
124.05834252116472,-246.10487564960374,6.029099360539373,0.7354144259259541,0.0,2.0
-202.44025121020766,-268.6384043584646,6.020135713603503,0.6795810050707823,0.0053846231332388625,0.0
141.03299277598262,-162.18451186253583,7.184393091354146,0.8036807691147569,0.0,2.0
241.36385998048434,2.004329247945781,6.620417718582161,0.7158346631792781,0.0,2.0
158.58583182203435,63.35189696002072,6.6860651655457675,0.7323052343314058,0.0,2.0
130.83692009848994,192.1793905403094,5.822179822462895,0.7375674089681515,0.0,2.0
-61.172390311974176,-134.35262305987897,6.003129953740633,0.7440760423401582,0.0,2.0
-89.58461119272167,189.27248685041823,5.867965346760155,0.7568433016827822,0.0,2.0
-300.7208289073422,146.72467905318607,6.885142385122149,0.7325045162505786,0.0,2.0
-9.4268092644501,-106.29757505091922,6.365969963023943,0.7271057106287906,0.0,2.0
-481.4693888643082,-19.500506523181667,5.100955961922079,0.7923757806269989,0.03721549401452867,0.0
44.05436533008124,24.242470312967512,5.747452695659257,0.6490837999966478,0.0,2.0
-116.95580855690879,43.90754932577566,6.803859126204914,0.7297897604528241,0.0,2.0
69.11011306484617,-153.66034323715635,6.602825913715698,0.806789514010276,0.0,2.0
-230.2627376353749,-43.39085046089853,5.927859102164537,0.6982469263282443,0.0,2.0
-99.49815828748828,-144.68023976358046,7.3935625308497075,0.799839526490585,0.0,2.0
-202.03014599141068,89.33494873783002,6.210895175146083,0.7227256546049406,0.0,2.0
419.15972083794304,-97.45735830330223,6.144953787389125,0.7501761055852817,0.03932555613803184,0.0
-113.08501939367336,-97.47693303706627,6.150534708369845,0.739477726499894,0.0,2.0
1.162329701623253,-227.59414017796408,6.36323451458065,0.8014115277961013,0.0,2.0
130.82602866247123,-0.7985140525627433,6.530826038238986,0.7230041371232971,0.0,2.0
118.96994862140032,113.31776927843319,6.5416400118899904,0.7346525719373806,0.0,2.0
138.6392975830876,17.20449631958547,6.260551692093447,0.7356497194444751,0.0,2.0
330.93069932710733,186.25058736645553,6.337086558178503,0.7400143530184019,0.0,2.0
-127.83423491930564,520.0988393187241,5.959764342491612,0.9438607678277792,0.5839714421118124,0.0
119.62696660279397,16.02260720190831,6.364362433181908,0.7221974683823734,0.0,2.0
148.6338999979459,108.01540746222346,6.382216525399721,0.752505554639218,0.0,2.0
-124.55464961232917,221.7868290547165,5.6236287427054,0.7607972854947146,0.0,2.0
37.43505005780012,-139.4690864096495,6.474164469877505,0.7306978631593929,0.0,2.0
93.81307616782387,163.1762827872748,7.092105910905992,0.7735587065006448,0.0,2.0
146.77491364474417,-95.09030109968258,7.3864109235596835,0.8146826274293634,0.0,2.0
-105.00785876299835,90.56278688892658,6.2971105016921385,0.7717242344671348,0.0,2.0
116.1144661589408,-169.80622281756692,5.684005072197211,0.7252608853891114,0.0,2.0
245.01852838898927,-62.167707243963726,7.620313783596099,0.8126005676501525,0.0,2.0
-383.93332913838145,300.3282903576904,5.876249867594375,0.8610726176983897,0.038457362527578205,0.0
-9.57662802161904,263.1596943903561,6.443603674690419,0.7863784078782248,0.0,2.0
-29.198903052035217,64.75664525901698,5.417911484044781,0.7285876807593287,0.0,2.0
66.9003267195961,132.0269742231609,5.907305046608922,0.7609094554228734,0.0,2.0
-168.2345991695323,-8.428951152105443,7.011002462216691,0.6835490434927572,0.0,2.0
-167.0499741752014,199.69135991990015,5.415504017396442,0.6444727058005474,0.0,2.0
-98.80993138567247,-32.0847807289647,4.362354990963025,0.6252268073102402,0.0,2.0
60.141123309217505,35.6444703627605,5.933843812886037,0.7570327751679243,0.0,2.0
-145.87928761986154,-58.32967850907711,6.789815658187932,0.8026093158003468,0.0,2.0
-75.66536657521674,-262.0438827782099,6.742244397360478,0.7246722764978163,0.0,2.0
-111.70123497533163,-73.39802171821641,4.921887726676901,0.6786450890838952,0.0,2.0
150.98488432660872,125.69273601668209,6.4714730268206635,0.7557762120032766,0.0,2.0
-81.28395848473616,-171.36308703847232,8.021367591065967,0.8006950998825964,0.0,2.0
81.34750153374078,-36.602822679800624,6.043815842872433,0.7556455140165307,0.0,2.0
-109.2263271065765,-106.75008799752591,6.365762423151456,0.7111731180877015,0.0,2.0
-200.8124831103165,284.78928115012764,6.817257415117317,0.8171707887598397,0.0,2.0
-146.77408651313388,10.079844112911173,6.089441220580144,0.7865184197958821,0.0,2.0
-193.09772397403611,-238.0854205127434,6.784621163165506,0.7846220959284802,0.0,2.0
-190.5751690380984,47.08210110789736,6.656111221488576,0.8126228400774481,0.0,2.0
-33.62086190141983,10.749781525342494,5.047257336096046,0.6367699279101874,0.0,2.0
154.75502258260192,46.207547329639475,5.209946283857258,0.7311856254306489,0.0,2.0
12.190882123072361,-169.81301672558797,7.42467835777565,0.7934206639838928,0.0,2.0
158.31585412350955,-116.32358391800332,8.108109793370051,0.8102722846174671,0.0,2.0
-11.538553644693826,40.674842128573744,5.359067980651338,0.737728414346468,0.0,2.0
84.16249706646501,128.78743816174634,7.142920089631347,0.7260021072678359,0.0,2.0
-83.54221413825965,-116.56919734764854,6.39816157438911,0.720569506113434,0.0,2.0
-26.534611007716585,142.3307191352272,6.95727944272966,0.7129297489180637,0.0,2.0
-258.845615102996,50.37177605630039,5.888516637375836,0.7397033549642039,0.0,2.0
-26.02502161504007,185.44411951042775,6.293413226061282,0.6881276168624968,0.0,2.0
135.80821936019575,-140.65841215118408,5.672603939667587,0.7529404946913326,0.0,2.0
57.922844187470126,-157.13412166683847,6.923824493489,0.7116689576800526,0.0,2.0
193.4593439947967,-253.57699315556957,4.473563288262767,0.6462207340320806,0.0,2.0
-52.45032692662168,-14.034524314761471,6.889246811890444,0.7412705566556786,0.0,2.0
28.111913223120965,193.64154612302352,7.024980386279824,0.8105857538039192,0.0,2.0
195.16233979817667,62.693609835671104,6.608033410711257,0.7261136990256571,0.0,2.0
-79.67015102098816,66.15031676997853,5.822930561299048,0.7685875788786025,0.0,2.0
-43.47324659274804,150.87870448839408,6.329888096104214,0.71409868424674,0.0,2.0
188.69304538448085,-166.9455564960839,8.083959328873997,0.7789689799534525,0.0,2.0
-27.730154906801072,-378.97382718313156,4.945400035079518,0.614532198416249,0.0,2.0
-94.89570955663497,88.76743345588977,6.3184755541954845,0.7729865485130352,0.0,2.0
78.99021900091029,204.76858096771286,6.867231160587246,0.7138899921335324,0.0,2.0
72.03209941452889,81.79106730244524,5.755895440672882,0.7632041125444609,0.0,2.0
-7.769890785282021,188.22295445870512,5.95093716060865,0.7305355681496604,0.0,2.0
-212.1547520584756,90.69121804839224,6.281514738613502,0.7386626791026443,0.0,2.0
13.560367209971794,-290.1101823215512,6.474088209569019,0.751020076985218,0.0,2.0
111.64837308193196,-125.65920058280619,6.500281941316637,0.7131448855969211,0.0,2.0
-37.96855426099586,102.09793749802789,5.794044334795311,0.6027995376022677,0.0,2.0
-100.66860464523303,-229.56775409559935,6.4473893222383385,0.7046460325420789,0.0,2.0
288.5769579173963,86.93087320319191,5.269917150467172,0.711408556159865,0.0,2.0
169.6282387274632,106.21506142944504,5.31637972115994,0.6368896871002788,0.0,2.0
51.0508453181735,-80.26007740510698,5.94585592092648,0.748472766570196,0.0,2.0
-196.93789645263266,180.7375597430088,6.346043241540536,0.7085166189293729,0.0,2.0
-72.60767058929754,-178.58334286379142,5.362579882524253,0.7309412232772142,0.0,2.0
82.94617085828838,118.35019102084884,6.481404311349462,0.7203188710577171,0.0,2.0
35.07789079609973,150.9006757555935,6.483634226710565,0.7819960474149956,0.0,2.0
247.47922418991834,-73.0533710953184,5.921075165360279,0.749831824327197,0.0,2.0
38.887436950379886,221.27693975183382,6.215639640069624,0.7327272080978414,0.0,2.0
136.58554654522754,-173.46520403739274,6.877636639210727,0.7300027528088872,0.0,2.0
-128.75173389896253,-53.17933714561824,5.908742582583071,0.7443478327358664,0.0,2.0
120.39598106481996,-106.96733235478136,5.780117646134283,0.687799439447476,0.0,2.0
-162.97912633842967,-170.63691954553983,6.4468384544511235,0.7284890513521065,0.0,2.0
87.34919863167457,35.70346623904053,5.279182354957589,0.7758603470202716,0.0,2.0
-207.94274212843223,80.3126641293801,7.352258167244934,0.7666693942762723,0.0,2.0
0.415096417480424,151.2543658682174,6.985752806008451,0.7958401926330506,0.0,2.0
188.67750459871874,-9.443128507234649,5.5991420319968865,0.7697225438190766,0.0,2.0
92.97703459303916,-76.39604730055568,6.177005155290027,0.7219606315661375,0.0,2.0
33.90679527640875,-150.26277528498505,6.719302965182605,0.7905498470032689,0.0,2.0
-129.93709164131508,187.76265963790792,7.23506127736855,0.8003447666614268,0.0,2.0
-123.39770104567486,-84.67376952201154,6.8873288155817765,0.7440074405162379,0.0,2.0
81.9490641191179,-76.65276755456077,6.8642710581343085,0.7986198611584534,0.0,2.0
105.50017970282744,-66.711060023306,4.859213457152326,0.6309571158883176,0.0,2.0
-19.25189599481555,-150.47509129578157,5.475671912005228,0.7537876967456971,0.0,2.0
170.24557666149525,304.6385666323298,5.375028818604022,0.7382874241132771,0.0,2.0
-418.04663743040476,85.56061042804176,6.91311611908649,0.8003890343793846,0.0,2.0
-75.79639330310829,82.3115137821858,5.622775978435094,0.7420127680648976,0.0,2.0
-92.04543548201286,106.65404296112473,6.65732608609914,0.7527898852310164,0.0,2.0
96.04439511116706,-32.04594965248252,5.480464315722266,0.7735290567404561,0.0,2.0
216.24000186698777,-124.7444839323868,5.394599417147662,0.7440225978803767,0.0,2.0
90.808141133017,181.05878513998533,5.911063681777773,0.7219422316176372,0.0,2.0
38.01087975912581,189.27102365865275,6.155232352546787,0.7409151473494388,0.0,2.0
-140.07753803939934,-41.16757966678079,5.47165821561655,0.7543190254327709,0.0,2.0
87.33715613351232,-29.26994461115024,5.836301783389412,0.7752598205312717,0.0,2.0
276.83126396965946,58.1456343226517,5.757796997252678,0.7312317764694463,0.0,2.0
430.84023353259505,34.88204491663947,4.526077673983881,0.6330146771753202,0.0,2.0
-108.72712673502453,13.577929565668477,5.750327156662695,0.7034166613569828,0.0,2.0
128.14301474344353,-47.898161663591786,7.262900423729174,0.7906938787216867,0.0,2.0
28.41370683322489,237.9248440951544,7.827449823139914,0.7332906551948605,0.0,2.0
-249.4418655035372,17.899784197867923,7.764768352052382,0.7404417641863789,0.0,2.0
80.21357119811086,29.660308117611187,5.7646976576329285,0.7509364824751734,0.0,2.0
-209.86592046031907,39.46776604824342,5.947078909515643,0.7468022274359869,0.0,2.0
9.654426747502784,-202.83771256076918,4.033083303297174,0.6050299437883389,0.0,2.0
-108.9370203873697,-153.0551925215303,6.873168565217687,0.7325308373799395,0.0,2.0
121.63600487042577,129.50320661255097,5.097673516912461,0.7419641830375441,0.0,2.0
-162.15833780922316,155.5001374685861,6.22605943157211,0.7417772613902492,0.0,2.0
-60.44455745459356,-150.54139202581197,7.229946004419088,0.749360873695014,0.0,2.0
-169.31285163432372,-84.63940837847052,5.9163975329712555,0.7181046420036151,0.0,2.0
-88.6516124840414,-125.66780590791213,5.9744510012131835,0.7468175013433165,0.0,2.0
46.850702082012376,165.79414458008932,4.993466472775743,0.6667832355180531,0.001939886123140417,2.0
191.3700149755337,45.644233583293335,5.407546571594451,0.7361665292999406,0.0,2.0
67.11810544180877,-236.2238159546905,6.157694024226405,0.7195883973619307,0.0,2.0
-67.26170806278198,-107.6283946652346,6.792733750411098,0.741083027592728,0.0,2.0
-108.40803010364584,-125.10746929945648,5.806173823738424,0.7312683780341546,0.0,2.0
-119.87013603741971,85.71953239311428,5.476787405010056,0.6694206153865307,0.0,2.0
-148.23381580528186,-16.66545341078098,6.337995922780934,0.7257391238403508,0.0,2.0
-350.3792388679643,67.14327213598031,6.056193814536301,0.7499947878740968,0.0,2.0
54.48941947484524,-224.57175709085794,5.88620228290396,0.7021348885065513,0.0,2.0
-98.7690287700778,-125.49963489192324,6.06051671699201,0.7536840112160597,0.0,2.0
-56.875635193636754,-108.02602204941338,5.4263185064264725,0.7260395030492701,0.0,2.0
143.5653489146671,-246.42594102978543,6.35194783363007,0.718021858029989,0.0,2.0
-259.99457371773883,95.61529718791162,5.26710960934135,0.7323057037651264,0.0,2.0
9.347093367167739,160.14028442161813,7.326494511223984,0.7960386606228734,0.0,2.0
-160.9441330399641,233.47631599302264,5.985195125759228,0.7216628196928921,0.0,2.0
-261.4042002480222,184.45548623709996,5.983428946386176,0.7455113227337092,0.0,2.0
-52.63140318780022,92.54269684269674,5.063004844078037,0.6267690572655504,0.0,2.0
-87.01824151085576,133.8392431680184,5.919466622187733,0.7694165648992879,0.0,2.0
34.18447387588964,337.2258178363289,5.701023115011889,0.7604014752165215,0.0,2.0
97.64943612513716,95.16391286792332,5.840870749297094,0.7216052370289235,0.0,2.0
114.65269107626186,-191.32662994772446,6.6822852412503435,0.8323838077116632,0.0,2.0
187.68936054076906,-112.55738141911453,6.5750179121977155,0.742945615240087,0.0,2.0
-261.56008570705035,174.46440959679373,5.752294627713457,0.7519744260104083,0.0,2.0
-262.20660592183646,-24.464564074578277,6.859977092171712,0.7820766712533889,0.0,2.0
116.49127581557548,-134.83033422236042,5.938852486435172,0.737642844306767,0.0,2.0
-155.27876883793041,-62.38678754017749,5.808221375821123,0.748526954151443,0.0,2.0
66.3894418053562,170.1838765409845,7.603362999086425,0.757821059080769,0.0,2.0
50.27050491561327,-200.48668166048586,5.930560554683569,0.7434524248892079,0.0,2.0
13.418576659469833,136.84852702152463,5.34632572046425,0.6370172427325399,0.0,2.0
97.74411051176605,173.51440313819293,6.952007290653152,0.7256562154306074,0.0,2.0
198.81800967535403,-126.55790193811862,6.9986139341196765,0.7488737630815626,0.0,2.0
224.25483911105155,56.94172006879479,6.872454079654842,0.7190003204424957,0.0,2.0
241.14863177861142,-33.61055734808323,5.932569163474541,0.7579450178717426,0.0,2.0
-176.12650542368385,81.97961020904809,6.911625673766928,0.7300350397952022,0.0,2.0
-1.459867849360506,-265.4842653232324,6.984027578444006,0.7939198075180203,0.0,2.0
138.40166157468437,-33.74004113478604,6.399555245585285,0.7980927020925627,0.0,2.0
293.4860048164692,-200.44276708627473,6.6071478035097355,0.7369139778814282,0.0,2.0
3.285105172349592,85.23754901752281,6.023398152377683,0.7432134139493134,0.0,2.0
-240.57072671138312,-247.82824693858865,6.452548437972816,0.7322300473575473,0.0,2.0
-140.77132065467376,-75.31011755394324,6.418520834074053,0.7340054197357422,0.0,2.0
-14.555419683350841,-97.84323017597109,5.208352705838004,0.7404845150561187,0.0,2.0
-121.96181514256429,67.32490071539158,5.976966766610494,0.7387110761018713,0.0,2.0
-341.2544836383403,-337.54008710325314,6.303272703895368,0.789285324062639,0.0,2.0
108.924034928188,-174.64644085768012,5.369043642766475,0.6395906193327078,0.0,2.0
-14.979759732327869,87.35315548497081,6.52510862567436,0.7460877943085885,0.0,2.0
89.53798363330273,101.20182016668433,6.078339536346787,0.7340624007380643,0.0,2.0
148.54612033709006,225.4844859536387,5.581195398862839,0.7049452530071192,0.0,2.0
142.7854065865558,-14.769728979567535,6.5679433380489405,0.6877002602676239,0.0,2.0
100.5824433405906,115.25670605698306,5.304624649717484,0.7001732891312334,0.0,2.0
17.784676989749613,-198.11035128614648,8.050796064395408,0.7858712947278769,0.0,2.0
141.3647040018269,82.66554381257747,5.209946283857258,0.6418742124274016,0.0,2.0
77.02719925943038,-250.753632431575,6.234952364565564,0.706453199699819,0.0,2.0
96.62384037235398,284.7669158600688,4.722421396518265,0.7536793877222657,0.0,2.0
151.29835449903655,98.68163311699571,5.431231743838938,0.6867473911125024,0.0,2.0
-113.33551652711178,-200.84684154896772,7.386411622251721,0.7694981995194814,0.0,2.0
129.98126291609327,-37.946364236405415,4.606533478231752,0.635087920291513,0.0,2.0
-119.15659296364126,-328.8366274841086,7.0789667131725,0.7229785014901505,0.0,2.0
-262.19970597689206,412.91821285241946,6.990909562652397,0.8531837312359991,0.005054931908374771,0.0
154.9158985910408,391.463267440837,5.091690662127898,0.6637879963466388,0.0,2.0
-185.15419510935044,-149.8473918762108,5.907011206956366,0.7484373237439451,0.0,2.0
293.49449551873687,-277.5425420732424,6.479697953150531,0.7302869178542538,0.0,2.0
124.88554883496421,-97.82417944932854,7.52954613522239,0.7532427805752029,0.0,2.0
10.827858407678072,226.66995206466535,6.483634226710565,0.7186424557410801,0.0,2.0
10.685710900513604,78.55983167537534,4.922257499920897,0.7636750516484742,0.0,2.0
-151.54837304868315,87.51042341465737,4.460660635895137,0.6426972188723149,0.0,2.0
-97.47918296366662,132.82446955804195,6.106746952088135,0.7850999977694624,0.0,2.0
335.8645448678717,-142.04608288067428,6.3769207779119625,0.7222643033438446,0.0,2.0
472.52695314883516,109.39551602653992,6.278869413333632,0.734791988083234,0.049146389747612464,0.0
-236.6929395770536,37.592048175965274,5.913605540755005,0.7760387609977915,0.0,2.0
-193.8992097609751,68.60549866645482,6.256673618990702,0.7432405849777979,0.0,2.0
189.62186379233916,-39.63742907895426,6.566089076553113,0.6996797654678102,0.0,2.0
151.51028699269546,-136.7096060792156,5.473469473334724,0.669492180501408,0.0,2.0
-16.125440889059956,182.30427245936542,7.148397016888552,0.7387612193967129,0.0,2.0
64.42067213192736,121.24169000219774,6.830966512462149,0.7822710563057717,0.0,2.0
197.204885802271,-116.44974192854073,5.595974654141815,0.7719210076157211,0.0,2.0
-101.77746001066365,122.35415666382164,6.639241200734403,0.7801180953401553,0.0,2.0
-96.18578656454753,-70.90760648339389,5.9379614115414165,0.7602774163871235,0.0,2.0
21.503432167449546,-243.89933739642828,6.607876819861908,0.7464697245041645,0.0,2.0
60.13587727612549,150.15972419280945,6.356495681915063,0.756666848934115,0.0,2.0
252.51840105099328,73.72463891168378,6.78948159342684,0.8377523779805318,0.0,2.0
167.53791884644312,13.953237151004574,7.096342687239507,0.8090619424136656,0.0,2.0
-11.198711736669313,-212.69032666718422,6.864609753102021,0.7944272976084308,0.0,2.0
-152.5355903562287,-239.95391744738004,4.31209469264594,0.5871211505103096,0.0,2.0
120.04988207818182,-79.64052218524324,6.608525027194217,0.7240996720866574,0.0,2.0
-70.15890133258308,181.204654770778,6.738667029130946,0.7930900837268211,0.0,2.0
-140.42821471677178,-142.8853527429426,6.545046729194203,0.7301642816817958,0.0,2.0
-138.7468512287086,-51.58866546320971,5.876794952806735,0.7574787254096272,0.0,2.0
-68.78371429640369,-315.24057227660825,5.743179267994747,0.7186889796943606,0.0,2.0
4.2364733546376065,-357.1208696837192,8.354517389941398,0.7849978101095536,0.0,2.0
-102.7695347468623,158.97413369084532,6.079778791581081,0.7264784243051188,0.0,2.0
111.22291049580919,184.79659480059428,6.248749755312794,0.7358901213958352,0.0,2.0
74.94467815171438,-110.26116959122012,5.699786736454673,0.639505411354138,0.0,2.0
-166.03168153559366,-74.94135473176046,5.613046687860931,0.7281674001029979,0.0,2.0
-134.28501704306603,-169.69520309647962,6.967099715731042,0.8010054478291484,0.0,2.0
160.63458318267843,-36.982005991780774,6.872279483082081,0.7101950931736506,0.0,2.0
-258.5764947138017,-115.01810006372752,5.973857674349077,0.7434582746277414,0.0,2.0
-118.55731998844136,101.14872663156048,6.006925713222268,0.7548319714921954,0.0,2.0
-19.484229052954117,-106.92035691340776,6.273042823063275,0.7241651188144749,0.0,2.0
-216.82435872368015,129.8590645121321,6.365647705826606,0.7342254349752357,0.0,2.0
286.845103668117,54.02444783806375,6.621122247689733,0.7289277993063399,0.0,2.0
-35.94053288220835,377.41872289641975,5.521694320365713,0.7361446598689024,0.0,2.0
8.583329098832083,188.33862536078067,6.150078788353731,0.7375175374480751,0.0,2.0
110.89349973940423,-1.786395504093379,6.655390881156859,0.7190741722246768,0.0,2.0
-176.43017054697805,17.75731845275015,7.775904269452495,0.809805555722112,0.0,2.0
204.7901247285228,-3.8070270960967716,6.067278640196147,0.7759447659743832,0.0,2.0
19.06066053737213,232.47926807963873,6.496662426311922,0.7000998449565531,0.0,2.0
308.6773856307346,-260.2591812752711,6.063841350695624,0.755081740134819,0.0,2.0
148.27727994984454,31.592650980740704,6.5897324537375255,0.7564692674768347,0.0,2.0
16.544900118598743,-261.37831127828326,6.044774129211791,0.7298458700531604,0.0,2.0
246.2710843871575,223.45643390632364,6.447098017902996,0.7096509410282231,0.0,2.0
-56.788658337492784,245.45120310387864,5.916492248553603,0.7289945662738287,0.0,2.0
251.8629906416334,140.05237389986516,6.510390908996605,0.7155377976671125,0.0,2.0
156.4413886766152,-79.70136044924038,5.843047462831343,0.7377649544337286,0.0,2.0
215.5661019024412,13.162976298792811,5.609441349759673,0.7650919047875606,0.0,2.0
137.99463454679417,28.014840127041854,6.243832080560089,0.813454011210109,0.0,2.0
56.310387316815095,201.2548342956002,6.860109121180207,0.8130258253621554,0.0,2.0
230.10841665968366,-94.99486700593151,8.28758368332052,0.7916707944403848,0.0,2.0
47.147173851330855,108.66281828830923,6.432322824007414,0.7210457798422263,0.0,2.0
-130.79350591186963,-139.73589323241094,6.710891545180925,0.6673649738071051,0.0,2.0
126.20355611570729,-17.570101434468175,5.319927402482697,0.6252685994206879,0.0,2.0
246.1224994615413,-7.044269093027793,6.303835725064737,0.7123506786949082,0.0,2.0
165.71817726583333,-212.06112054508364,5.812826174874195,0.7469424240256114,0.0,2.0
85.61465637677594,-147.97532828845877,7.062353438835456,0.8001453030812236,0.0,2.0
-105.3220416508752,-68.05297583486035,5.41278815994349,0.7789092529400253,0.0,2.0
125.34762345735702,-174.18585563072187,6.4188813072609605,0.80581178416554,0.0,2.0
-114.1910225612614,-253.44433089311005,4.890356832426823,0.6815678030533385,0.0,2.0
214.96473350147215,-4.272571424440706,6.15623868389443,0.7730722819886423,0.0,2.0
-151.71372822748756,1.0047876795467778,6.192760778775174,0.7595073060570234,0.0,2.0
152.58527507001236,-163.83523202085138,6.834567807576851,0.7295967526348114,0.0,2.0
-61.256890826653304,98.5547508515211,7.753104354116008,0.7867086513102569,0.0,2.0
7.309057580240201,397.2487625743793,6.979997169805827,0.7839084266179447,0.0,2.0
-197.1892730509461,2.445884926873302,5.891698795526123,0.7149349498323554,0.0,2.0
9.03745387660679,-9.365853919453947,6.2897608199292705,0.7572118490377261,0.0,2.0
61.631779967962466,210.87349826417906,6.076817845244071,0.7213710273966227,0.0,2.0
-15.622395065518674,-56.130152583139704,4.993835940858597,0.6015393859220617,0.0,2.0
97.68933447522417,58.48038777424415,5.033201555837963,0.6703208046047751,0.0,2.0
-81.51527040922502,142.4405738913281,6.294108851361512,0.7620519397484317,0.0,2.0
-68.05822338222318,170.6991911652544,6.637526208163202,0.7365323610681062,0.0,2.0
105.25822089112219,-246.96696117778174,5.811291869294666,0.7414103608370574,0.0,2.0
-18.867966910674724,-64.56208236638925,6.035938874925014,0.7065362890330958,0.0,2.0
-160.00793243378982,28.740213614825528,7.627478045308419,0.7885760954999405,0.0,2.0
89.9361739484662,62.004488747030585,5.555109294317582,0.7549768977418821,0.0,2.0
-98.01685802364801,71.7390337161459,6.649879907724432,0.7485972417334088,0.0,2.0
225.32479405082063,-23.924226130291224,7.175756587175296,0.7457909328913773,0.0,2.0
17.561033457160356,-159.31223107905498,5.909135609312762,0.7460941708451824,0.0,2.0
-282.8559384605347,9.633427341477915,6.594054479198088,0.7347148930078479,0.0,2.0
-49.292242099368615,161.9469171918695,6.651420243845722,0.789317293355352,0.0,2.0
23.516602231195563,185.7563875904452,4.733940802161276,0.622001051534424,0.0,2.0
142.06058264707235,99.38368413252742,6.421839102946014,0.7487236570763569,0.0,2.0
-32.80717972334371,176.75466319621663,7.202117057204551,0.7772051119167166,0.0,2.0
-132.86447117255818,255.51803773643104,6.653282268015656,0.739861147002017,0.0,2.0
167.94286487497368,69.7584465074437,6.69849037064728,0.8067113164517716,0.0,2.0
-129.43491311694518,285.8506893028442,5.677746076594259,0.7579538061379999,0.0,2.0
-167.99080950508738,9.502061494880957,7.006289815031089,0.7294606031980818,0.0,2.0
-126.10597130571566,-44.123269424763556,6.160942868545162,0.7325641043276141,0.0018885440865288653,2.0
-157.29234021200185,-138.07078167994064,6.01664967252377,0.7749935638958713,0.0,2.0
147.95960236765492,137.75988009508194,7.046293724947681,0.8112556125851662,0.0,2.0
77.89760071303189,-96.31690097273606,4.969372393667481,0.6445545307724637,0.0,2.0
-122.70040067866879,258.78398875026187,6.993993416523994,0.7861806677254577,0.0,2.0
152.58578710803064,-8.744400050775884,7.433703490119259,0.769697204248612,0.0,2.0
-116.59695173755489,-162.48106917922934,6.49362373836711,0.6978580520804184,0.0,2.0
-229.2311604972967,46.572623760608145,7.242407469730538,0.8092435358020629,0.0,2.0
212.46134145992897,-103.24454267026734,7.071479741992936,0.7494618908201301,0.0,2.0
-58.407448118537424,208.99678080004043,4.981479843761816,0.6373294863198273,0.0,2.0
306.66102372646304,-30.9688615042959,6.653111680655149,0.8017230971231755,0.0,2.0
-164.9611289459888,216.24395604509408,6.716648283172397,0.7269863947208174,0.0,2.0
-123.18013485350357,-95.33445049860013,5.84828715430046,0.7136179040753144,0.0,2.0
-202.39352711598247,-6.4814052161099776,6.688189292795705,0.7233517358696152,0.0,2.0
-140.32842477360808,-66.20706357856402,5.2921486973036,0.6492428259646866,0.0,2.0
81.77673629695164,-201.1583947661301,6.295512441073826,0.7501921168573594,0.0,2.0
-92.60193946169578,156.0802120831966,7.382240652583858,0.8104290098219492,0.0,2.0
-197.35682570332438,124.50352588945266,5.692468332984977,0.7389095636372354,0.0,2.0
-152.24935402590873,46.92285473793157,7.3788504699724955,0.7885679277639163,0.0,2.0
-186.00826959336027,-107.04948005105153,5.787342602123288,0.7132948946104068,0.0,2.0
89.9718674353865,-292.91834192567694,6.89350233227361,0.7280811526229469,0.0,2.0
-142.04661509586361,-96.1896108207924,6.723674873666503,0.7152002595698036,0.0,2.0
-128.77128998677725,83.96883874153148,6.2955908645224925,0.7387753275527608,0.0,2.0
211.56050798885354,-192.2629017283495,7.041746145913211,0.7175513804358467,0.0,2.0
3.5678151002460847,94.68873741382522,5.665000356987252,0.7269237564169769,0.0,2.0
177.38730785951253,-118.72242147447977,7.70740798080516,0.7967482984115659,0.0,2.0
0.771350693981093,193.0896166985958,5.875868117749996,0.7322754936272287,0.0,2.0
189.1008731999763,115.02739540354173,7.881737540225812,0.7760298337678876,0.0,2.0
65.4849230320263,-424.0329840055554,5.324631557165719,0.7826305138706846,0.0,2.0
-136.5670506805445,170.85234167189085,6.419601388993876,0.8042156446940023,0.0,2.0
148.03707399737172,12.136792963704707,6.810409536569056,0.7243810048606646,0.0,2.0
41.533026500449836,143.82136360065132,4.915761455364916,0.7689977920094957,0.0,2.0
75.9522971758141,-146.2144838363032,5.430760101208261,0.7263884492961217,0.0,2.0
132.97622410133556,233.58165294107394,5.6713668065440865,0.7321017250146272,0.0,2.0
66.79560779452271,50.73735371116573,4.802946338548413,0.6167166336352844,0.0,2.0
-321.5780155657961,44.84042433695458,6.561214181690107,0.7446918506249014,0.0,2.0
-203.38026265379608,-23.761191906005656,5.591143188575991,0.7367977655075264,0.0,2.0
-147.78952979357314,174.67769284841367,7.690054026838403,0.7945438577180896,0.0,2.0
-216.04868246175047,174.63992198661447,7.770339412607277,0.7679563709093241,0.0,2.0
-178.00423439199994,-53.63210500449131,5.553415427092144,0.7416379274498227,0.0,2.0
144.57384842769753,-227.45165534456626,5.950299279594794,0.7159325581425531,0.0,2.0
72.64278666976031,24.050444771381382,6.120415547651021,0.6861942722198865,0.0,2.0
-419.02102356332506,-142.63112104485512,5.725281865487314,0.6722933168528523,0.0,2.0
-35.925067680257925,-111.30087999992188,5.666137172933741,0.7671289214580899,0.0,2.0
-217.33932027292443,-14.3861188466237,6.388708105798996,0.7268493391084753,0.0,2.0
-244.69832221566986,174.37717278274073,6.430898135145469,0.7375505757003462,0.0,2.0
-57.7023899104529,291.5620048249955,5.522090595661685,0.7244676267624542,0.0,2.0
160.78968801243843,53.26205539087172,6.991106056954335,0.733948615729311,0.0,2.0
38.52148420640363,-160.28902112871216,6.24988608643531,0.7298289264618764,0.0,2.0
14.92843156594538,-96.88545358237145,5.50139735706717,0.6536693917197047,0.0,2.0
-352.6774322392389,-122.70272418256722,6.520517017662979,0.7165656418115635,0.0,2.0
-137.83779715609396,124.69835515204248,6.325738027988508,0.7355961654722157,0.0,2.0
116.02769848392053,166.94736284127282,6.767108461823907,0.7243657864356542,0.0,2.0
-95.38866967811705,-292.15327675827984,4.4936098964390645,0.6096127156683196,0.0,2.0
84.44662988481923,-113.50229884119686,6.421760346083062,0.7429578993709222,0.0,2.0
133.42606987153587,155.8532508679015,4.636968758675757,0.5834805965889713,0.0,2.0
-198.56685017588893,303.4072607657208,7.485398668555921,0.7809338434260115,0.0,2.0
-328.1616837279142,-120.83008056959925,5.2352239063776045,0.6232233597737292,0.0,2.0
123.50224702130276,158.12692957095658,7.2823384411770435,0.8000818028589958,0.0,2.0
182.74882283050675,216.7496873297117,5.5417833526957985,0.7380906927958719,0.0,2.0
171.62585626322036,-65.19996976854513,6.741852222419801,0.7429090237897426,0.0,2.0
-199.05011452876266,136.1811666532652,7.981616443222182,0.7891490032438545,0.0,2.0
-212.93775382461644,118.7494536065648,6.78974294317762,0.736089969197457,0.0,2.0
37.57484206355424,-277.445420577245,6.006623572715965,0.7283895522298198,0.0,2.0
-104.15333511851273,169.62377627808237,6.247296007269629,0.7160946032414403,0.0,2.0
80.60029206856251,86.40564463853292,5.608042431143311,0.759044086533183,0.0,2.0
-52.450301412509496,-242.98554761759138,6.197426138128834,0.6914342624989742,0.0,2.0
8.192418181722932,-160.12175764582994,5.712899049297924,0.6687009775420477,0.0,2.0
168.72298553386736,-29.07035973187359,6.516890824247331,0.7326286525662237,0.0,2.0
-259.32431830292364,142.83860586345705,5.822158770244444,0.7192851624137201,0.0,2.0
-10.873264383475123,282.47134711406795,6.554184879153028,0.7218454226715515,0.0,2.0
248.69950253141974,179.84815646110835,5.481734725494943,0.6392217634368353,0.0,2.0
109.30742827379967,-141.77212471636201,6.240419159283123,0.755955173504135,0.0,2.0
56.88168193171199,-87.77494535401283,6.196173297855389,0.7517674161801462,0.0,2.0
-243.5751116708544,28.423442358998322,7.12965937274793,0.7501682429553618,0.0,2.0
116.71265001404183,223.88033964941732,6.611462509823131,0.7846829057372547,0.0,2.0
61.89147093573494,160.47743364651893,5.965350394345139,0.7333487556519546,0.0,2.0
-82.4691829494944,197.3778618185557,7.461599209183346,0.8104061790261506,0.0,2.0
20.761283303786854,210.99217103927867,6.663711527767253,0.7468851402217408,0.0,2.0
197.2777764948276,105.05687793032511,7.491220551842733,0.7850673767653671,0.0,2.0
144.57470655853916,-42.96038728702908,6.249648266785262,0.7489687726698352,0.0,2.0
279.12605621484676,27.574300199059653,6.6662823912540015,0.7871310090790788,0.0,2.0
-213.91264761248917,-327.6910172590461,6.350751853455966,0.7072504587037541,0.0,2.0
60.953015831085395,179.5173412041661,6.507672483655684,0.7473463419730646,0.0,2.0
-130.07732931173143,-27.139491645073132,6.086077961802794,0.7525150926730377,0.0,2.0
29.50694585057431,91.44335043925204,6.022137387670583,0.7584441194934448,0.002246009496688648,2.0
-19.00355771625507,134.29953268143103,6.738103338173272,0.7359899381363145,0.0,2.0
-83.26672702093413,-241.47786600702796,5.256744744736261,0.7352040907956899,0.0,2.0
-71.20674247576744,234.47062210750656,6.385521735820976,0.7103933186786155,0.0,2.0
217.4012783581261,-68.18576495573048,4.740416555508849,0.6774616534917673,0.0,2.0
240.52380063090504,-123.8364717392079,5.219844701065885,0.738830199391233,0.0,2.0
-0.9617099080597106,139.0767316867316,5.532857982766436,0.7275926431723798,0.0,2.0
89.45474200774744,81.11058992577703,5.887632115258424,0.7581342883779013,0.0,2.0
166.69683013965195,115.95800568728511,7.616449455899731,0.7922220968998973,0.0,2.0
24.474783174355917,336.1346758199325,6.588990431746301,0.7345362036507646,0.0,2.0
-384.4057969364165,-40.36749855530503,6.133310421658106,0.7485772293055337,0.0,2.0
153.70869057976995,217.42051269916095,6.340536742534393,0.7624511875235527,0.0,2.0
-291.126430647114,-50.51120336391306,6.686201400568204,0.6969114925020631,0.0,2.0
-216.31725928751789,100.51113323128975,6.555309006015129,0.7611697765237265,0.0,2.0
97.87899273281757,76.03820765466655,5.944800375735417,0.7583248500536915,0.0,2.0
395.6180698282362,-87.76130968389253,7.274325482685315,0.7749259871432308,0.0,2.0
-133.77123053772794,-45.503348284775655,4.412118323720755,0.6031980542709917,0.0,2.0
-168.78688213529279,-153.0576692078246,6.473602726542122,0.7242652971002422,0.0,2.0
-37.155584543071306,304.9972921078331,4.950439908170848,0.6538677352287718,0.0,2.0
195.51492514128736,189.50458694543798,6.250738612029431,0.7092339319171118,0.0,2.0
-165.806543034321,-28.77325465784539,6.346328545071393,0.7525132992027116,0.0,2.0
-167.94944931643113,-112.60915209159116,7.271490440767773,0.7413224448312712,0.0,2.0
72.59630412419534,-218.56041439438823,6.891813044827428,0.8071716745137261,0.0,2.0
-112.32088330151906,162.9105319187741,7.476898987599263,0.7930352785851299,0.0,2.0
-102.42871801778037,-172.49867265008567,6.0490619303569515,0.7277159771016032,0.0,2.0
-158.25558748138346,83.46665614546653,5.300038239906261,0.7353764261620479,0.0,2.0
-238.15488203118778,19.27785220885227,6.51849953326574,0.7082327035593816,0.0,2.0
44.43227885769283,280.8675804906461,7.031729425483019,0.7403557153400795,0.0,2.0
66.02267627834405,-209.03337978284173,5.89412306807825,0.7056226228311068,0.0,2.0
180.92717857818144,22.892053706622246,4.503778428957423,0.6424060306841892,0.0,2.0
-192.31376607815056,29.23107532589161,6.047477971549131,0.8380358284579225,0.0,2.0
46.200723381882725,196.70451205604388,6.872423666377114,0.8234753850863064,0.0,2.0
177.713993437026,133.67811098438213,7.138109449408781,0.7662787029257326,0.0,2.0
86.97608282641251,139.09661389465256,6.048471727359189,0.7336987092724343,0.0,2.0
147.22302342234636,22.293883702568255,5.939881864906349,0.7216608907194657,0.0,2.0
288.47862113952925,220.77168549437175,6.7375347328851,0.7647013695264465,0.0,2.0
-200.4791988664101,-141.96918730108726,6.0251260624087895,0.7642160129108369,0.0,2.0
-139.18918102430356,-30.944778492715262,5.77245541707616,0.7629309754712018,0.0,2.0
-58.63844788738913,-186.8427545021152,5.214279058126495,0.6121285260271819,0.0,2.0
33.863804508552526,121.64720417227008,5.475083759999024,0.7206816034876055,0.0,2.0
-155.20024090267384,115.40909236221998,7.432237096360782,0.7899246022177163,0.0,2.0
-91.14753153866381,-151.48521712495997,5.4807063212398655,0.6165141229158494,0.0,2.0
176.85851448753965,100.5025279106477,5.773836697549765,0.728040373555403,0.0,2.0
-186.96489121476426,-58.22591260331488,6.397077935820545,0.721729915865156,0.0,2.0
227.93434439134813,47.01625450628615,6.716900429585033,0.724978832919388,0.0,2.0
-273.5460426893778,-80.81193776662477,5.507016715305896,0.7574978144237445,0.0,2.0
-114.65103549713946,202.96841270732455,6.782661026416046,0.7359035221423169,0.0,2.0
-22.265869935999117,-196.882826130454,5.772713789776063,0.7635871457000124,0.0,2.0
326.14143799357674,85.16019760425962,5.386519113000612,0.7430473502346882,0.0,2.0
169.5708498943787,-163.02685119356278,6.376961799034313,0.7436658330074234,0.0,2.0
-185.39833388505718,-17.69450134220921,7.283109440744215,0.7895706771865284,0.0,2.0
58.94646982322807,129.9807109240508,4.545460864947915,0.6299834112686444,0.0,2.0
200.17829174221544,-267.0959517576447,6.454365587815927,0.7649277877926598,0.0,2.0
44.91963652591914,-72.91584251279006,5.346850176057007,0.7191542998206254,0.0,2.0
-2.073087743107303,252.43593223400316,6.638285285669591,0.7791974642727456,0.0,2.0
-145.09098659841146,-107.44266300418593,6.833890695485468,0.7384656975123611,0.0,2.0
-163.87050115708826,135.71130042614928,6.736019978550288,0.7132799277329542,0.0,2.0
231.9064016773694,-84.4751497878605,5.6131829922565375,0.7040559719681633,0.0,2.0
-37.28361185500909,-102.55659213384669,4.714101285895194,0.6715844445892345,0.0,2.0
38.50835353873226,-238.92207289529154,6.623778075866153,0.710337138697945,0.0,2.0
341.86503539758803,134.45867018367002,6.6720723008123,0.7391025036527912,0.0,2.0
152.38988660692883,-105.31782964960503,6.864272060586222,0.7476833900007261,0.0,2.0
140.77018057217686,38.27386038109691,6.120739333537069,0.7370487254487039,0.0,2.0
-108.65320916324298,100.38199942983117,5.47292634755454,0.7789847742006231,0.0,2.0
-102.62065504389729,-290.3092832653583,4.992900203423041,0.7294385389404788,0.0,2.0
22.036498330531476,-149.01796613898188,6.911601530829002,0.8108861260101654,0.0,2.0
107.82231801242287,-92.20763408415195,6.107314270921541,0.7375777305115451,0.0,2.0
256.34030509437633,-178.00431838396014,7.2533903956126675,0.8028130812990635,0.0,2.0
314.6276294033886,163.5210984393385,6.133886387898617,0.8122233851562122,0.0,2.0
-77.87741999683709,173.69134855471552,6.14408771229416,0.7106456903400168,0.0,2.0
-34.469909221082865,-223.37580058382252,5.545365671730578,0.7281643166926143,0.0,2.0
-277.1631120610951,-90.44056915410944,6.001438850674072,0.6844987199879695,0.0,2.0
-138.7951965502493,-115.49662766626999,7.218515019179074,0.7488183988697799,0.0,2.0
-200.45952327553812,-34.55125528442784,7.117743966405687,0.7931521225261725,0.0,2.0
179.20146282296412,-148.0010350404696,7.248835213873357,0.7875196075629076,0.0,2.0
-186.39201197399944,138.21712177053212,7.661546610353514,0.715492877410148,0.0,2.0
-157.57077461297465,104.01897394453528,5.896097626460843,0.75623267811699,0.0,2.0
-2.6379254128531313,-206.6373195117482,5.281293994785872,0.7386971976131683,0.0,2.0
187.71461861969073,346.1674638230544,6.002508581398049,0.6899417327169567,0.0,2.0
151.84472915269046,-126.55933484579388,6.9339774627140836,0.8071779162085927,0.0,2.0
47.40731017787396,-323.8618063060953,6.460362799748039,0.7673797504782258,0.0,2.0
-199.52208968194526,155.14347614843294,5.633135458307617,0.7372559508928388,0.0,2.0
27.013227086042125,170.40830168686747,6.344637409132544,0.7322633165435296,0.0,2.0
13.164800823040725,-187.71568389281546,5.855343090845028,0.7439833236550448,0.0,2.0
-205.37819545456347,-55.73668817665083,6.244493283634597,0.7216677652068001,0.0,2.0
178.04395978271842,-98.4783470283415,5.519619661092542,0.6371262781298774,0.0,2.0
27.522068822145016,129.00235561776418,6.294108851361512,0.7323377255795828,0.0,2.0
-77.4078521786523,207.6118534697441,6.099597005910628,0.7420515464197652,0.0,2.0
81.34249736651762,-131.02245669142923,6.4162042102391705,0.8075372750109355,0.0,2.0
-139.322841487252,-252.09564716163098,6.115530119808997,0.7332544016761087,0.0,2.0
96.59118380128632,402.70127064543817,6.881038103902741,0.730474249376207,0.0,2.0
58.3726078705333,228.3554491617704,6.134807479655612,0.7328647053648502,0.0,2.0
41.80327707029352,180.0777044143968,6.058050982235159,0.7280582274922277,0.0,2.0
102.2268944660183,-148.39020373409357,6.152575585078607,0.7695834124075623,0.0,2.0
0.14908927991077767,183.89939825733336,5.103032308112365,0.7315875162777756,0.0,2.0
241.1419932962072,70.16463025715755,6.583395588624119,0.768824405309661,0.0,2.0
137.04778330322705,90.43934399390281,6.675782022181688,0.7342247664433209,0.0,2.0
-126.62364767662925,-161.06911109940563,6.331270304205943,0.7174999443081943,0.0,2.0
-305.5177109063637,88.05757991290646,6.069251781182017,0.736395003315316,0.0,2.0
22.92127089484577,39.21428811532094,4.586970236863424,0.6441754803787881,0.0,2.0
-71.90071442097329,217.03765035950855,6.31750282670298,0.7300117096540004,0.0,2.0
-192.0087662623015,58.332552399028835,6.694112807524781,0.7522915721966068,0.0,2.0
-261.8672027456187,229.6969755924869,7.236756343563971,0.7721505956082112,0.0,2.0
-243.89952799882138,194.10329497377506,5.766058793597362,0.7826431755649969,0.0,2.0
-319.2961698102672,-274.1280809429018,6.873745674906106,0.7408865188972895,0.0,2.0
183.80982480322183,-0.49959937259760384,6.758879726211095,0.7989304654269072,0.0,2.0
161.63478114668794,-63.78441827041939,6.319443095904421,0.7387471402748158,0.0,2.0
90.16696010768722,207.53985190973464,6.360093265252423,0.7235877208106195,0.0,2.0
147.02773450808093,66.21258441672784,7.140885214281146,0.8114687107094259,0.0,2.0
-43.212783942890375,-175.20583947522982,7.373387472766709,0.7662336666685621,0.0,2.0
-190.26887389254205,-141.76220356623142,6.112207532137639,0.7668079693339979,0.0,2.0
278.5660517888486,349.0739021015531,5.6571928363679165,0.7647944858929902,0.011305173201686633,0.0
-20.999680577062822,-240.68384256360122,7.988482849996918,0.7826185412064507,0.0,2.0
-66.17845572245196,-159.96607632286037,7.305772820535625,0.7256849746887195,0.0,2.0
86.41363163556305,226.44854079669665,7.251329465391659,0.7788495134751422,0.0,2.0
57.817414391922334,-184.1949725109853,6.659261245320677,0.728546309442871,0.0,2.0
-5.406665145918563,216.07359259400044,6.371819102304254,0.7433739197390256,0.0,2.0
167.18343121348653,87.55571999795986,6.5702439011326215,0.8024646449144582,0.0,2.0
-188.84035202791048,-69.4394794398265,7.479990605466307,0.7903501297930268,0.0,2.0
-240.47992588105444,-68.91584787278978,6.043558386035606,0.7372868443854492,0.0,2.0
155.4323349327153,116.14181646329206,6.227093545366954,0.7565030842574968,0.0,2.0
-362.9799825471248,110.09761270067384,6.079039609903965,0.7434435861744382,0.0,2.0
63.33316084429267,-68.47977020281155,4.823053502841175,0.6173095298823151,0.0,2.0
164.12724544222957,-85.81861941392805,6.208668019620597,0.7693626801054564,0.0,2.0
-270.8686589031706,179.0448923117005,6.986852924049386,0.7280547945186194,0.0,2.0
82.09298090364084,107.84864750627908,6.255696094010062,0.7319660717192039,0.0,2.0
-255.35556786589464,80.52449924392505,6.418340991926103,0.7834711409611818,0.0,2.0
-147.60151850619783,96.31506753515849,7.433392461070692,0.786785621129052,0.0,2.0
312.88265627009594,-70.02438725618507,7.362800200986752,0.8012405801766113,0.0,2.0
-170.25117289030416,174.8469792168208,6.659162304893981,0.7601173057150997,0.0,2.0
-76.83077665031142,225.76519148679276,6.241835097711716,0.7447765128131718,0.0,2.0
147.49224360203272,-172.95998697820664,6.962310159060784,0.7381425038185954,0.0,2.0
-133.79571517535092,-228.11175734335944,8.861626214690444,0.7651314142127726,0.0,2.0
-182.27068662295517,27.635705819529246,5.906284553572462,0.7747890620989654,0.0,2.0
77.27972339586783,-180.88947721079134,4.5152501974728905,0.6110805956708574,0.0,2.0
157.03215778021035,166.6127563461831,6.238632860047187,0.7480196194531971,0.0,2.0
86.31843590961624,-183.8237104206437,7.23010661040517,0.7646627340655336,0.0,2.0
50.787677038223116,-176.97725765080128,5.937685023694747,0.7413451820937638,0.0,2.0
211.35792297172856,22.251815479648453,5.736136885542128,0.7711275445585727,0.0,2.0
-74.88791585451271,-395.4265147564758,5.99319689568072,0.706206882530314,0.0,2.0
-241.03746598757442,47.607764753428555,7.404053247859186,0.7999050222589489,0.0,2.0
164.3388476394303,-46.64806601296051,5.920499371218848,0.7351057154722199,0.0,2.0
-164.76711940415447,-180.57916272715323,5.950659929992264,0.737394655492986,0.0,2.0
-18.35576981745868,160.91580280923245,5.365628308130909,0.7734308165099149,0.0,2.0
31.652950859898237,-22.805189472130802,5.048564604436776,0.7532966132306804,0.0,2.0
-19.869316918346808,-341.13947137929455,7.179944122477279,0.7873465356164965,0.0,2.0
-108.63641448136568,303.1732360086796,5.659333483971501,0.7052341447123949,0.0025208574949751247,2.0
54.48296514711952,-167.31340205606477,6.800606345013237,0.7443513990815835,0.0,2.0
259.70983126503165,-148.52461955413162,6.8327133927509625,0.7727511076321668,0.0,2.0
-184.05510145486545,-243.2979608077086,6.669718877226021,0.710834314365809,0.0,2.0
-155.34016076146034,-42.59408250837716,6.209963631795602,0.7550194122980074,0.0,2.0
56.1037696540771,189.61541514623065,6.685324121908704,0.8160133447608972,0.0,2.0
72.63277841733338,299.91779377130126,6.7471018905459825,0.801085883825777,0.0,2.0
-213.31961236471358,-179.43357325166684,6.6897942245085575,0.7834170847618035,0.0,2.0
-193.3372564082539,-42.33943257128832,5.452338660918124,0.7155032288877222,0.0,2.0
-77.89323176462786,56.48946550159287,5.2863405583613945,0.7308437685823951,0.0,2.0
87.28628913051766,171.8937831541162,5.8042254313227355,0.7209377140980607,0.0,2.0
15.750375900903936,-16.207048678892576,5.283839448315776,0.7776194785880081,0.0,2.0
139.84126125621196,188.53846295108127,6.1326535358879015,0.7448621870087675,0.0,2.0
-375.5259952821139,195.17223981757323,6.9191894539008905,0.7234231940608817,0.0,2.0
-181.573342860664,-124.58103591765762,6.730010399951262,0.7568640392023385,0.0,2.0
23.747020630727853,-188.28032824569286,6.706805768269373,0.7076163307892482,0.0,2.0
-114.07362216734792,140.26241060284906,5.780346213270525,0.7912456105371318,0.0018148502077115036,2.0
-29.17561083563286,195.463167911582,6.908279454873105,0.7152609256562174,0.0,2.0
-227.22045278556044,101.1661643583714,6.5193102038226165,0.7448599400938725,0.0,2.0
-141.25533052955436,-10.842743757617095,5.179514051637059,0.6771967744560903,0.0,2.0
1.32247021257853,-147.80832461406592,5.21772982884801,0.6352344390305225,0.0,2.0
404.95252405841563,86.17313912552129,6.5180709019242835,0.7404299443031618,0.0,2.0
-29.177400776761083,-151.15735617711485,6.273701770148519,0.755486986109743,0.0,2.0
-193.46423514134435,-25.38590347050103,6.242245183015787,0.7145607754679029,0.0,2.0
-130.16051912812364,163.83487498486434,4.975450806084453,0.6698093004011908,0.0,2.0
-142.2740790411965,134.09813985011758,6.786044852058537,0.8022359755308962,0.0,2.0
-151.8082471508826,-214.20880707035428,5.615253125006493,0.7175378293845149,0.0,2.0
-101.07601987193844,81.5679795832844,5.337947404094644,0.7480293843044945,0.0,2.0
-264.45951705820244,4.794144593641329,6.755507249079763,0.7272322909478045,0.0,2.0
-156.82117555537377,-32.55375052814661,6.417542496257433,0.7562939368373943,0.0,2.0
-206.93530811276636,-66.22097461486489,6.565126833709564,0.737833891631912,0.0,2.0
-63.19380175387326,-215.40102626975442,6.689522540927501,0.729756396862265,0.0,2.0
73.22884311181622,289.2357256070675,6.618053626917583,0.7472298087973321,0.0,2.0
29.622212737547134,-198.1996129571612,7.108131335695167,0.7279656266205906,0.0,2.0
-153.39279355043746,18.947023664246224,6.4403533805677755,0.7608276326378045,0.0,2.0
-74.21148549172888,-214.81267403474305,6.788721303625611,0.7216713291893768,0.0,2.0
137.33892643636858,-114.48125100542988,5.106331869269575,0.754156623828356,0.0,2.0
35.06680899768674,-188.52817085720395,6.960364595599815,0.7111164926227451,0.0,2.0
323.18046968550914,-86.49087645373713,7.163436314795006,0.8007546495850614,0.0,2.0
-102.1177449707924,247.083580467266,5.248762924308701,0.7251662170541823,0.0,2.0
-125.29353645105948,-215.84955335629476,7.364131676725983,0.7867081639065906,0.0,2.0
-175.91727283391745,71.60861132972894,5.966125791942876,0.7336362513856443,0.0,2.0
-148.75369222742611,27.751258988954454,5.938158120003647,0.7447637702286362,0.0,2.0
-51.35730067250928,-115.59423929486393,6.755286975172324,0.7564369515420257,0.0,2.0
19.2162362890754,102.28170228061539,4.6533127259741605,0.6192451635623307,0.0,2.0
-311.7918163238159,-99.99262299426933,7.046136436668198,0.786438771930604,0.0,2.0
98.44820038726775,141.36371414537268,7.531543154451322,0.8209106565991325,0.0,2.0
136.38505413539656,-209.1180473713485,5.243556923448817,0.7334810877698638,0.0,2.0
336.5144419180114,-12.930043026393916,6.083856364015609,0.7460431686604664,0.0,2.0
139.04060331503732,-50.548438982178475,5.43948060943599,0.7449322386726088,0.0,2.0
-49.56985878841129,-166.43245390820985,5.490731214549058,0.7242206660043548,0.0,2.0
283.1141359167799,-161.33578346017418,6.2309068924236355,0.7801973245541304,0.0,2.0
-85.66468436761085,165.69008153349114,5.846558325136841,0.7127911759903767,0.0,2.0
-46.18884635383289,188.98997281820206,6.1755896734837945,0.6509638073799576,0.0,2.0
-199.53517706826085,247.18435847925772,6.0101214221624355,0.7346119611397314,0.0,2.0
106.88661655786804,226.23589733271797,5.68416487014323,0.740940877857461,0.0,2.0
-286.10460342314656,-151.09859863759766,6.744797633354436,0.7965434841060477,0.0,2.0
135.53082464852423,-302.1188147376731,6.320550897613698,0.7280665519599289,0.0,2.0
50.30407158464279,263.8608171588724,6.606296255081871,0.700787953769499,0.0,2.0
-43.55888903424569,179.49666703769594,6.280200058371389,0.7091858082647782,0.0,2.0
-350.1957440984277,315.41044881579,6.872379094412309,0.8295590752201162,0.023481990445950687,0.0
107.1006728022732,-133.09254905937297,5.143197791533014,0.637094412479651,0.0,2.0
131.8237002531077,-183.18615681965323,6.595068778394413,0.7220029617337071,0.0,2.0
199.80759483468458,-58.383942768206275,7.167898709706298,0.7530027940015653,0.0,2.0
-131.4353566811373,-196.6785800938601,6.841909788756163,0.7426635689793614,0.0,2.0
18.80615988068834,-130.63953752113096,5.950187827695836,0.7574998235099638,0.0,2.0
40.2771527496345,232.93358415155714,7.659390559670311,0.7729934249229738,0.0,2.0
133.18365848552622,80.13054602120195,5.509684954569134,0.7206495840245113,0.0,2.0
52.406341967636074,-133.96122401636532,5.1842308147232234,0.7413455427946606,0.0,2.0
-309.0446476900844,-211.08445004708943,5.594864168549104,0.7479859315820138,0.0,2.0
310.09036304251117,152.64995871502262,6.01293771803139,0.7397961047534114,0.0,2.0
138.37213531300236,108.98276485482995,6.145082151498745,0.7663451285340153,0.0,2.0
196.55925339216213,79.242888037401,6.225907048964425,0.7795236049137486,0.0,2.0
-190.86084033278587,-116.64680042027429,6.952482873456013,0.811277217387487,0.0,2.0
-159.53157856936954,-148.2175660565239,6.5039666244063294,0.7463156230886066,0.0,2.0
-172.95532775067173,51.1913706404104,6.613322388038645,0.7563092518965842,0.0,2.0
50.341967368061965,-27.084581805410746,5.92102759019348,0.7716810417662318,0.0,2.0
-159.08275802212992,126.60020477927317,6.107422996318746,0.7318819167814404,0.0,2.0
150.500788060765,55.67016050522589,6.660724255406747,0.715491793965963,0.0,2.0
-168.16347075643793,99.6323547630017,7.035692560762008,0.8072220662048425,0.0,2.0
-176.52601596309987,-214.9457184395362,5.440907928034689,0.7342978862555253,0.0,2.0
111.16584963552813,-257.2662335766713,6.931280595954617,0.7351571386037988,0.0,2.0
165.66538989001663,43.60392456625784,6.384221871686857,0.7698075177365011,0.0,2.0
-13.32958652374522,-158.4407149543042,6.263585353374245,0.73335728080703,0.0,2.0
15.863911607099167,183.4891416429765,5.014744455572354,0.66191206981698,0.0,2.0
-199.1973450801585,106.93225238552564,6.107193572197305,0.7671635558321706,0.0,2.0
268.7819370969487,-89.17127734582581,6.424478171812917,0.7328017884829354,0.0,2.0
-11.739022483846679,-89.37280607700403,5.159419368627528,0.7619346722542156,0.0,2.0
-158.30297842565201,223.70142321791772,6.626544989301735,0.7427607372015436,0.0,2.0
331.59652926006464,312.0957121427696,4.813025242653796,0.7531020108593415,0.0,2.0
201.4217261604907,96.16264302058228,4.953666430980631,0.6578450758148922,0.0,2.0
-76.65562449175903,-161.12441608985495,6.310420204498806,0.7141654561858806,0.0,2.0
215.98004266134083,-114.07370227711468,7.337312183914141,0.8041833200914016,0.0,2.0
-71.65511025978289,142.65766952723203,5.7149151514351795,0.7567381534785329,0.0,2.0
-43.718259036953675,263.9459473941026,6.401072104200397,0.7234832616635509,0.0,2.0
-276.6116231003341,29.570710452950372,5.384569864960328,0.7635342501160833,0.0,2.0
-20.628171386162556,-90.14257561524903,5.745728406646952,0.7555027266901213,0.0,2.0
-65.28360241666512,225.96431242850787,7.309942237830562,0.7888164046247615,0.0,2.0
245.54586818577815,-432.66540130907447,5.65402185752942,0.7906085360142588,0.27549870343088795,0.0
-57.920176794287066,149.6899393502013,4.762643314689892,0.6656503152167312,0.0,2.0
170.88097285848298,-126.0846563495418,4.196885646692038,0.6557518063386699,0.0,2.0
125.48445678934209,65.54832126369621,6.106909209528779,0.758659809289554,0.0,2.0
-247.32001306804185,84.38981841490799,4.580179888345037,0.6478997667718139,0.0,2.0
-56.050751657361005,323.49531775909435,7.416862235787108,0.7358907858335035,0.0,2.0
-102.62875129908534,-47.029666994584815,5.258273520780117,0.6056537597390093,0.0,2.0
-135.50349894029392,-159.26328321742062,5.601412682295412,0.6375206307180689,0.0,2.0
-141.67134189322437,-85.41919768891276,6.471000639790128,0.7313891097165731,0.0,2.0
-164.37296112724695,-130.52696621549032,6.499927835076718,0.7757790422352402,0.0,2.0
-305.57419407104544,-145.3735011040742,5.271990856887244,0.7532720405931871,0.0,2.0
-132.12313246672215,-79.86749841289013,6.032110609176442,0.7341070703971906,0.0,2.0
-83.22967832909994,-134.10041885893045,5.66094616378135,0.7310912817856682,0.0,2.0
101.19094906755845,-219.30279456628392,6.388837622406602,0.7446561006980499,0.0,2.0
203.30862589885615,-99.28520886425379,6.062676852719053,0.7419334539842197,0.0,2.0
235.80393177235325,-24.81149802564697,6.277050690840913,0.7286785661743942,0.0,2.0
-153.87147679827748,-127.82215243166561,6.4279823766842235,0.7663192724501318,0.0,2.0
127.264386298754,-115.04414945719664,6.943117158394141,0.7303900310012856,0.0,2.0
162.11053468533015,-246.21856787923127,5.173867660862047,0.6332162868734093,0.0,2.0
210.52749351291862,4.756659884413234,5.883318914858799,0.7730663641027501,0.0,2.0
-234.96457588179268,-23.459434371782564,7.117743966405687,0.7730331609838045,0.0,2.0
234.34973760614116,106.1345374812635,6.056715063289292,0.7517765895819173,0.0,2.0
46.40569862448629,206.5079959313281,5.025115766739723,0.767245992033798,0.0,2.0
-32.99610501187658,-241.42490743883295,6.595068321919639,0.7291183990099732,0.0,2.0
184.3407264075471,-23.13249891906558,5.150850254791163,0.6253227787539852,0.0,2.0
145.13909750694307,-143.56536911598045,6.505768916673547,0.748029596967744,0.0,2.0
135.45255940769292,118.90521880120818,6.200303130946907,0.7537032030843125,0.0,2.0
167.16959277428722,348.8846192282366,6.658650981622061,0.7796298250653011,0.0,2.0
200.8910354133097,41.05882163156475,7.494746973631002,0.8093223646425534,0.0,2.0
-26.58244884137745,270.5712792902719,6.796707887764675,0.8089252793105789,0.0,2.0
128.69564934063413,-147.35223644755916,6.483391449145491,0.7721083066389963,0.0,2.0
-72.00805260822285,-134.1829966894412,6.438096450292626,0.7182307493856853,0.0,2.0
-21.968015543570466,211.7365847791202,6.609863673468369,0.803717243315984,0.0,2.0
334.9246326794028,-268.5270662192313,6.184392854794214,0.7662181429552305,0.0,2.0
-184.41095442264054,12.3721201365374,4.251540306327723,0.6226864752664648,0.0,2.0
-23.091613798817743,-159.69346665577467,5.949327655264542,0.7583861430308961,0.0,2.0
260.582993308862,137.14635879723,4.933252681221598,0.6343840882905393,0.0,2.0
104.09048247938856,-157.6762129001356,5.711829366775968,0.7516541383227568,0.0,2.0
-270.9848920560339,-16.23899472950287,6.940774746363926,0.7244944295112098,0.0,2.0
-173.69578341489498,-94.10078921348995,6.351895428515863,0.7996386139916197,0.0,2.0
-187.05011359029984,3.4450833788226007,7.176251141946363,0.7325331310209434,0.0,2.0
-336.94356101825804,247.34454528870666,5.828406442512797,0.7718245861522555,0.0,2.0
-65.47715253638168,192.25062054769185,5.3520838699073074,0.7024269967052698,0.0032740847691162126,0.0
264.59929587314025,-80.76687676377232,4.907399924047182,0.6277628213564352,0.0,2.0
10.110466299165173,-179.83277026673804,4.652426498961989,0.6480596083472929,0.0,2.0
153.35439643446898,-182.77685865219806,6.71502530429731,0.7292321334058273,0.0,2.0
389.56877145280066,76.3578009977913,6.4014277653959075,0.7068561249550468,0.0,2.0
93.27505956795059,374.5211248204379,7.185903328610213,0.802989790733025,0.0,2.0
-244.88531654291094,-19.6064885259859,6.031656539977809,0.7334976930993506,0.0,2.0
7.54117785127275,-259.0768731148954,5.668920407130985,0.74335320333614,0.0,2.0
-148.28504994458285,143.01642663172407,5.761459537432643,0.7347216043284598,0.0,2.0
143.03343523119202,-133.327999093002,6.005660917582779,0.7467642717452091,0.0,2.0
150.27861649605111,158.1880554017255,6.685472337207332,0.7202503009456465,0.0,2.0
89.16244124602663,-137.80505348036547,5.482152167885102,0.7474784189607672,0.0,2.0
-61.60336292895357,200.5136354641914,6.481086599427048,0.729781934373353,0.0,2.0
224.6132525871576,-180.3444342543037,5.5798490552842415,0.7394188630501378,0.0,2.0
-227.2067183262013,-455.62433728927203,5.917062745204165,0.8123754404079758,0.13933453426421247,0.0
11.332209406364704,206.59099099031627,6.029195016212328,0.7527057627811455,0.0,2.0
97.00346911089831,-184.73923769934729,6.2304610298483265,0.7422296320617706,0.0,2.0
329.73911093005887,-37.48337317810331,6.75951698419417,0.7335288181367561,0.0,2.0
-263.90474247968734,-281.1771184748889,6.595068810999753,0.740006860706806,0.0,2.0
158.02455993595672,8.248599066164322,5.398200736429523,0.7297664952327833,0.0,2.0
137.98875259137017,-86.48719812228669,6.365763504106115,0.753476336306044,0.0,2.0
-116.03860298843178,8.985844019928411,4.320664721694009,0.6349154025561832,0.0,2.0
43.51246193903827,-34.39634990737245,5.4424848555658984,0.7563247871252021,0.0,2.0
245.42983589907,-132.7690167084795,7.244169119680445,0.8103287530486292,0.0,2.0
173.19412608113842,144.58546420131387,7.535708189195786,0.7600541204260268,0.0,2.0
135.9827995129228,-42.59288615939653,4.821770363075642,0.6255161493434968,0.0,2.0
-247.18302777687322,37.57243571584095,6.151877657936228,0.7358268243961253,0.0,2.0
-184.2494967522498,65.6680445524278,6.120038056889051,0.7466519076710995,0.0,2.0
223.84336005131377,-42.47160318562024,6.85510641736502,0.7570888033881894,0.0,2.0
10.464664711254457,197.34779872256445,5.376835233999864,0.7397368778630036,0.0,2.0
31.38612127014848,-101.66890890850388,6.478804826906872,0.8200295434175366,0.0,2.0
-14.548317170161718,219.3450323470492,5.57092584623953,0.7228386803397063,0.0,2.0
190.32502892641375,26.07857891620387,6.910514513457084,0.7955839882587548,0.0,2.0
-195.4158001262592,-134.05150617716137,5.434864141880826,0.7320578547066576,0.0,2.0
26.058818555581944,-110.31763691357081,5.77897527020622,0.6805986888225171,0.0,2.0
256.6123641837864,-40.39080398223534,4.468902513571847,0.6597214457943033,0.0,2.0
39.03670081350025,409.7537280086318,5.91325134887341,0.7017736567953738,0.0,2.0
-73.25313935024502,72.74056967134042,5.501157199919268,0.7533529858295483,0.0,2.0
-156.80255481788768,-108.8277489013247,6.411260426516126,0.819836244176656,0.0,2.0
211.21585384224412,-92.91072782497547,5.121010316467005,0.7633550427115615,0.0,2.0
328.0593682569067,123.98420240473126,7.14611187309308,0.8103233530974697,0.0,2.0
-143.7192160548334,165.512556406296,4.975799312452131,0.6479841645759054,0.0,2.0
-222.61838467684737,28.179311043506154,6.505921222528389,0.7466844903572504,0.0,2.0
-223.72856141076423,-52.0801015453284,7.56128363143452,0.7958680878647021,0.0,2.0
2.4606684851668956,202.27003727758373,6.129421201013838,0.7585677033893731,0.0,2.0
85.68239040866567,-122.60508990348599,5.523687266596422,0.6514333841031473,0.0,2.0
-175.25565982062193,-15.440408380840498,5.6134288528047,0.6012956998441652,0.0,2.0
35.76335665804092,-267.02781779003215,6.862034976320985,0.7315132754787174,0.0,2.0
40.52580860113192,-178.50233467289254,6.831619236977078,0.7303429645076834,0.0,2.0
-71.09281737024841,125.84365382174909,6.273148127618589,0.7431362889584493,0.0,2.0
198.4665419841075,-149.79065895961844,6.426492347707605,0.6907409786166403,0.0,2.0
141.89278436086306,-59.270515696494385,5.339263081460472,0.7531930811805116,0.0,2.0
341.4498789447771,171.34364635093365,6.14744886162717,0.7576292644658916,0.0,2.0
-38.557880770416325,141.20967924896306,7.7342520777807025,0.7815815257547479,0.0,2.0
-195.26012091282774,164.10833423470794,6.280989173424008,0.7598590543318289,0.0,2.0
159.66342710105081,-312.0678591085914,5.742136834111701,0.7466033690593582,0.0,2.0
219.6891878892922,156.01813696053844,5.715821811755784,0.7647612484001878,0.0,2.0
-233.2036610631855,109.47405935067387,6.165526836868979,0.7399179865986126,0.0,2.0
-40.24346440194867,-215.22673294127225,6.108964379018751,0.7489041278969893,0.0,2.0
-7.3327894552280295,197.6459909009395,5.7485750016841095,0.7255705594357106,0.0,2.0
21.669436804309978,-23.788505315870523,5.679119684633129,0.7563750485036107,0.0,2.0
-63.13976150761953,-11.08831314490203,7.567700812307878,0.7212131839404914,0.0,2.0
-117.29115606616669,-125.35668995500158,5.064537670026057,0.598275324185781,0.0,2.0
-31.43479539722965,215.4385500010113,5.999649783810633,0.7431829939800945,0.0,2.0
1.9647284215203744,-167.13104883061152,5.623393652714238,0.700696632534281,0.0,2.0
-83.17617421130325,318.4863256257331,5.407984750907896,0.7458589039498799,0.0,2.0
211.26886302684412,180.9204621295485,6.869810250131687,0.7371362384672939,0.0,2.0
-172.8598866689812,260.71638777115055,6.688917867132773,0.7988021938892781,0.0,2.0
123.10911671999921,-163.35664048889504,6.442302712414628,0.7453280622748002,0.0,2.0
271.60676160691264,-11.577665714459462,7.367702233075166,0.7833689829148329,0.0,2.0
-76.06722809341964,163.21752888657662,6.740945310231992,0.7581552693657347,0.0,2.0
109.73315554354409,118.20391993352564,6.43400454840578,0.7147923413677568,0.0,2.0
-5.156106131149646,169.54850771795748,5.242076444453355,0.7444992621764615,0.0,2.0
93.71050773190447,-263.8433406609917,7.364983806990283,0.7517208580827757,0.0,2.0
231.27117855388707,141.0718919209498,5.803105217071762,0.736126140500322,0.0,2.0
-46.55573149085479,-260.13579931996975,6.082583808268815,0.760449957049538,0.0,2.0
-119.8784485310328,425.69562090522095,5.8583843309238395,0.7822216965833153,0.0,2.0
253.29509446929922,-308.7283913709935,7.031959876944723,0.7490852539760358,0.0,2.0
-165.84394616447204,-249.09108681076904,7.161923051318532,0.6890029533919728,0.0,2.0
-297.9249553116801,-43.11236213454761,6.479659623368262,0.7025089155959113,0.0,2.0
-6.560381556077075,-164.87113899082078,5.4554878169511545,0.6327135786314871,0.0,2.0
74.90462536339577,-229.67470624573932,6.349906558297143,0.7572728964652309,0.0,2.0
220.87108235044354,67.40254670434462,7.010066934753827,0.791825599302774,0.0,2.0
-100.71399129558527,149.76053478754483,5.30754138742024,0.6736852583951328,0.0,2.0
83.50611141778874,147.72155742054852,6.131775404460425,0.7150168355570681,0.040531176110266104,0.0
144.5220801180775,-68.29388548577785,5.92477984270994,0.7637845667681351,0.0,2.0
-165.64876669533328,110.05518433665083,6.176258182294925,0.7533566604575294,0.0,2.0
160.24919052248035,-135.73028056099915,6.191107163642578,0.7681898126904475,0.0,2.0
-74.80264554060605,25.296211448073365,5.2463275967567675,0.7471570025028523,0.0,2.0
186.50232146125919,16.360134416349194,6.680320184737687,0.7069712561813141,0.0,2.0
119.82220147128365,147.53752183755208,6.46075861500781,0.7246399503639075,0.0,2.0
-70.9919370303822,385.1774014102992,7.3133050282497125,0.7252732424266274,0.0,2.0
-183.51242433878426,-28.384820981509232,5.584493685517589,0.7442754194165618,0.0,2.0
-217.68714506955078,-253.33834498529149,6.287903966421808,0.7372971489623898,0.0,2.0
133.75976792784996,-312.57471380819595,6.114981690875528,0.7485473518870928,0.0,2.0
71.89036568806274,212.71951063055698,6.989274838618408,0.6901673458907257,0.0,2.0
316.21804474284096,96.45812643819238,5.600501054012609,0.7635222507281789,0.0,2.0
102.91116024790047,-276.3419353585166,5.974103125313077,0.6453230338476665,0.0,2.0
13.812865841649948,333.6067961690643,7.143692109046754,0.7194779087555473,0.0,2.0
98.23422536291073,85.89573601118991,6.026029655378921,0.7472837141207,0.0,2.0
-189.1563805636635,278.5222854621812,7.6800941569801715,0.7833964282255313,0.0,2.0
83.8097297737665,188.2520632263286,6.316463224555626,0.7243570912945736,0.0,2.0
204.01757393921133,333.74597358005974,5.2818208160977,0.5972163067398946,0.0,2.0
-45.55986144567468,-124.27986693646177,6.120955462326147,0.7075199170723325,0.0,2.0
204.54109665770414,273.9640506856398,7.052496884770871,0.7233275762986894,0.0,2.0
214.742973674916,-22.141971278698804,6.976077652010064,0.7470000070882786,0.0,2.0
56.47229824397535,293.6999134488737,6.22864197749988,0.7462353168137658,0.0,2.0
-167.04229492630793,320.09204217700943,5.089757898725968,0.6460660132274623,0.0,2.0
-253.9045169380865,70.36922501271806,7.064107754986406,0.7437733496130043,0.0,2.0
-218.2824427074952,53.79899700986507,6.211347323562997,0.737024326922193,0.0,2.0
-174.97431450144921,-132.46324578126254,5.967260303363736,0.7591128194780774,0.0,2.0
138.522753714868,-236.1403018814551,7.353965782461457,0.7278855411489396,0.0,2.0
-34.91581489145403,25.348281337721488,5.250480783406388,0.70792294060287,0.0,2.0
-56.09276769810265,-259.1592948789271,5.9281239053057995,0.7402204527557384,0.0004997985259476571,2.0
-161.42193085642305,40.3914855973519,6.401361942270626,0.7398918406959837,0.0,2.0
114.98249353529603,-30.527674208557467,5.789082132027575,0.7168255034348928,0.0,2.0
190.68845828196632,-17.924925554613505,5.205296529896049,0.7599993912940473,0.0,2.0
-89.87246410871862,-178.41779433797723,5.1094360457010835,0.5967866521007105,0.0,2.0
232.03601233623843,13.439215961915291,4.645077565864486,0.6476925040422217,0.0,2.0
-103.97143314345281,200.79118049423104,6.240141556893223,0.7286072795357118,0.0,2.0
-297.05363815009974,58.3483528631763,6.482714244058589,0.7266670957865281,0.0,2.0
186.41583239325752,-102.25688604130298,6.181370300062825,0.727677623809276,0.0,2.0
-15.27949152589945,272.9508191535531,6.509138247305531,0.7387568276747402,0.0,2.0
-112.21499671200839,-190.25063310036683,6.469979719409027,0.67492240440144,0.0,2.0
264.20702791044243,-52.84107209350405,6.4178941119545145,0.7774895152089984,0.0,2.0
-214.26777871242837,-113.883743374243,6.554653961305131,0.7337653771630611,0.0,2.0
182.97996561198204,172.71047556124125,6.298489114425958,0.7213814802337691,0.0,2.0
-30.44690640349342,121.27516928650057,6.456641909400923,0.6541705884134428,0.0,2.0
4.665466701176926,38.01210464807329,5.105944093552952,0.6773635643843954,0.0,2.0
-311.40253039397084,127.30408915645154,6.695241575498196,0.7401866116097781,0.0,2.0
497.93983065772665,70.40195496719184,6.060259809982722,0.8348120538517259,0.09862124643683036,0.0
-331.33048100867,370.04393508478387,6.181084888215936,0.7883882066131273,0.0,2.0
33.34358964260287,139.10678895495073,6.217339854967307,0.810930825321709,0.0,2.0
482.66831292592383,-37.552799523114935,7.045867315724213,0.8195129573896148,0.10451087250063665,0.0
-256.4469613050474,-258.7047650649178,6.762861547794315,0.7488082717279231,0.0,2.0
-119.86681426156412,-181.89371994208727,7.549567751398692,0.8009713834402162,0.0,2.0
-210.74871999047022,-124.00024624783593,6.625223994605404,0.7275193414514602,0.0,2.0
-106.6161370549439,-163.48086382025292,6.650426761425885,0.7088541585868197,0.0,2.0
-250.84081716719226,-96.83275580965915,7.37882832203051,0.7238899468716955,0.0,2.0
-14.68833153932654,171.29723078769027,6.4824242285919205,0.7998453371832411,0.0,2.0
-104.72715481697885,277.2900483087927,6.124202588401256,0.7051685749806182,0.0,2.0
-76.13758965010341,-204.4788075297659,6.985162508430744,0.7631663636983098,0.0,2.0
-114.36809329477819,92.68946792030674,5.835566619961266,0.75248387248267,0.0,2.0
-220.7527511253017,-203.8005308372655,6.198571877977862,0.8154464590659153,0.0,2.0
-49.57158334178232,-325.0115020001824,8.398463156555483,0.7997775083365649,0.0,2.0
279.8102678654021,91.32762211002762,6.936029326630538,0.7275803317431464,0.0,2.0
-214.5479877731709,242.69081748410474,5.389689451399938,0.6141946977291518,0.0,2.0
14.306591754977118,-139.96618390000407,6.052336898136332,0.7734761496462258,0.0,2.0
138.14857461613082,-151.24835729370594,6.143980195712313,0.7605975179453051,0.0,2.0
176.76627373078333,-212.12523729990068,7.63392769262217,0.7906025257421039,0.0,2.0
18.44878119910475,-221.12752124661804,6.83024144170479,0.7311773829170892,0.0,2.0
-51.969707479267186,-292.13270337065376,6.294764910001678,0.8013576308435949,0.0,2.0
16.384702165339053,345.63961737062425,8.02446376448967,0.7974862055992411,0.0,2.0
262.56712131925457,35.88096594222969,6.657829307445316,0.8003337577840848,0.0,2.0
248.7789283459213,151.02800095503025,7.982164947277017,0.7921808319848286,0.0,2.0
247.29268684619535,190.68847989237045,7.495499280256287,0.7670179718193582,0.0,2.0
331.2274164772051,23.721375931928115,5.7516522133561,0.7516260784138814,0.0,2.0
407.69038878227497,-258.7939628076686,4.9916258678874295,0.756552544747707,0.12593204894951507,0.0
-119.7972928031218,-152.25486511912638,7.279435594812956,0.734451592316458,0.0,2.0
-231.05732180688753,64.32152420236828,6.509702605824761,0.7961649976690676,0.0,2.0
216.61979108940585,30.661360007801097,5.777617996014254,0.7572424454805836,0.0,2.0
160.53209760140928,156.41657086361568,6.854088120475965,0.7582922818116775,0.0,2.0
-32.508446144950874,2.736255019827852,5.080652163663258,0.7141505913567763,0.0,2.0
131.7478897903734,-105.99524950577114,6.3199396045302665,0.7235755777568841,0.0,2.0
-62.69410941130031,-177.79753870875527,6.789888879136407,0.8001868024202372,0.0,2.0
271.6823979711243,-117.17040950669907,7.460520501078936,0.8046965409669555,0.0,2.0
112.47239695544445,-71.87934437028127,5.324193131472713,0.7798957357378277,0.0,2.0
184.3251001808699,62.04582528745675,6.823552755160485,0.786537101073352,0.0,2.0
-221.15610275434153,-163.07320004436812,6.836754622803491,0.7970389956552529,0.0,2.0
-120.63737682969385,147.79346058034642,5.574992583445172,0.7573297681719207,0.0,2.0
107.42993657999588,137.11901352799495,5.130410441263558,0.5987917677217998,0.0,2.0
271.66447655978277,33.882230157498924,5.079842818871808,0.6413896818686724,0.0,2.0
67.81871129571542,360.0985899680368,6.646643878180484,0.7976490197632442,0.0,2.0
-159.48850962684105,-82.12622389471755,6.484054223697133,0.7466098615614946,0.0,2.0
411.66027095580677,27.49641586896576,6.35723742562171,0.7545917528578262,0.0,2.0
156.4249045147064,132.79281735344446,4.914577254084132,0.6447447182516287,0.0,2.0
-101.8676769055233,235.73625173416036,7.266737336042219,0.7598229339488921,0.0,2.0
-29.58116283497368,18.087412215998587,4.809474935616728,0.7414530332676724,0.0,2.0
-27.75942883767535,241.4358919062877,6.211845825781342,0.7387331893783896,0.0,2.0
9.951782510376578,150.75527007209593,4.997854745689723,0.6011222831619866,0.0,2.0
-78.8473998017977,93.62184885378612,7.482110293520555,0.7526309516335722,0.0,2.0
-301.35891877345904,17.970549606083395,7.265288268677695,0.7973352899925827,0.0,2.0
133.09237298961423,299.8332729830912,6.774347448576427,0.7433941255402703,0.0,2.0
55.96588148573541,-193.4306452699202,4.855865898760627,0.5997612996777596,0.0,2.0
-133.76859716128206,-270.22106536624744,7.285887456686355,0.7860635492347537,0.0,2.0
99.22594259118733,243.86541228900424,6.40707405950256,0.7265910164105627,0.0,2.0
218.89766267629014,-134.2933533804081,6.215898825587475,0.7459175237413962,0.0,2.0
105.38033011342618,-32.08143820123903,5.093637552293613,0.7339118042067563,0.0,2.0
81.32166515363515,254.76453918023228,5.474880311305184,0.73668264133097,0.0,2.0
-15.497554654787795,-281.8634833379959,6.722374757039968,0.7602461426914813,0.0,2.0
-496.4126701950063,35.76387368760113,6.654143331295085,0.8086063788891308,0.03190463987528746,0.0
92.57117100684687,-358.32435351531535,5.781500778153994,0.7559293588709691,0.005880064819598336,0.0
-254.04900794816947,-168.46343754671628,7.213138316030963,0.7297126387904638,0.0,2.0
295.2489182135212,143.00077949903257,5.908159653970475,0.7341879713197496,0.0,2.0
79.95840144004751,-87.64290223847605,6.263662528700127,0.712268110358702,0.0,2.0
-93.48413642447241,199.3018067783262,6.121845753775984,0.7425882366161702,0.0,2.0
9.57887599931653,-33.727908970837255,4.849958971773658,0.6899628559723627,0.0,2.0
-115.54884300016188,-271.4312403813438,6.761457402137688,0.7931831130309269,0.0,2.0
-137.45127568616286,-330.9883816508917,6.206549790878445,0.7221711250002303,0.0,2.0
-231.9526477597543,141.2707077579522,7.094876639596688,0.721687337064314,0.0,2.0
116.51542055117808,137.56505385213862,5.999305412151005,0.7260347699806431,0.0,2.0
177.26578975789832,163.04731372108367,6.65410754138582,0.8026116982004255,0.0,2.0
-66.6884117283379,160.2002659378219,6.257792223372751,0.7362881359844455,0.0,2.0
141.07835201626781,127.96414883608537,6.919147444128717,0.7592897498885331,0.0,2.0
-74.09828136512215,190.7863960611757,6.1548704131007765,0.6916031226215894,0.0012556512982297072,2.0
-193.53196775452295,216.31291272201017,6.026112870477383,0.7215680988239556,0.0,2.0
-224.89055351523237,149.1225286494128,6.832526073023782,0.7497007994077473,0.0,2.0
-245.8160591872335,-148.28113425189053,6.880157320953,0.7133280479953408,0.0,2.0
184.44541823226464,80.7712263591089,7.168215138882203,0.8075302517499467,0.0,2.0
-71.54587410083269,-151.0543209785754,6.151125955529997,0.6995676281962306,0.0,2.0
131.0303665248073,128.93297091505022,5.717868699305426,0.7448227162535425,0.0,2.0
204.91860668488152,-238.53117656560534,5.778004087970984,0.6935209438043234,0.0,2.0
207.78942972924634,109.76421431017151,7.006296567183606,0.7285507736031572,0.0,2.0
-200.80828643168962,-221.846441462058,6.805121935327555,0.7063506497118284,0.0,2.0
-97.95377521798345,-221.1173190834131,4.436800673270541,0.6071975630642088,0.0,2.0
226.34630354099096,191.32504445472836,6.5542037769428525,0.7449232098344982,0.0,2.0
121.14351740374751,-153.6803735730379,6.063677692566939,0.7467808675746698,0.0,2.0
74.8107830861821,194.68783774362083,6.501642874181375,0.8028401462463731,0.0,2.0
-9.58608586787429,136.40503096233857,5.0076751807649265,0.7437354397599151,0.0,2.0
-50.037225877039766,254.28022756916715,6.862606661444087,0.7112853954025727,0.0,2.0
94.26758064721331,190.43503219001786,6.431706607572135,0.7384083478883702,0.0,2.0
-182.39432246727836,-92.09546147931626,4.150959453529782,0.5960162465147364,0.0,2.0
154.06762841000608,201.00729326417976,5.611413535968322,0.6513467544016378,0.0,2.0
-55.270247332812254,222.3416731916173,5.6868736394949595,0.7510417293849174,0.0,2.0
219.40775797530225,-32.83918400556081,6.297125526838597,0.730931962250621,0.0,2.0
-199.79136371928647,-124.87333613010435,7.322391138167755,0.7487624403034701,0.0,2.0
218.10202957695634,47.932807376638145,5.739411023090388,0.7249089414321095,0.0,2.0
29.713471205256365,226.54514842807237,7.415397731377475,0.719514105844081,0.0,2.0
40.95812219128425,-249.15547929855484,7.008340942364123,0.7517621269420317,0.0,2.0
-180.75663384735304,126.86094186141834,6.720900595023568,0.7950991654219158,0.0,2.0
-80.15663947063857,-370.9136868476843,5.562407820751346,0.6071770417216903,0.0,2.0
-284.32551100053985,-29.386499602015235,7.689173711971944,0.7168226882894199,0.0,2.0
126.44798060624798,-234.7453277685487,7.501949171612603,0.8013319157176806,0.0,2.0
177.36553603524328,-169.90951817271323,6.8715828048534835,0.7265437490300126,0.0,2.0
195.17977997967685,-208.5273155007257,6.95110527656434,0.7216925029265845,0.0,2.0
-347.4378329084778,35.713022601616046,6.757456742058471,0.7338471699769487,0.0,2.0
243.71044157762248,-200.5048616891921,7.07272924582568,0.7619293983450304,0.0,2.0
68.19868618305783,-141.80840004355693,6.20219394262601,0.750681514201731,0.0,2.0
60.612971802240594,-147.1787545802612,6.368149803874632,0.7091385726835163,0.0,2.0
140.36747693578172,-76.63475944635864,5.306001923196594,0.7509959639796047,0.0,2.0
5.505429618698396,-249.41801622916105,6.095107537069347,0.7429240826069038,0.0,2.0
68.6272724147398,-131.23730854022645,6.442506985549309,0.8010643091607038,0.0,2.0
80.18411721111,-290.14311244860846,5.686804782694121,0.6946534299048129,0.0,2.0
-238.5465021575061,101.05125270393391,6.419164311428629,0.7456216195192065,0.0,2.0
36.46944023378432,-228.00178429209146,6.303901219127372,0.7212592384112154,0.0,2.0
26.104354529621503,-263.98592303289456,6.535831251628399,0.7256309171733829,0.0,2.0
-68.09425481684717,-64.87384663800478,6.10428382792933,0.7047712590477346,0.0,2.0
257.7010146912773,249.60805567169697,5.984591581663317,0.7395051221817251,0.0,2.0
-158.5292933060593,-198.23874044206062,6.1431204153631755,0.7219890941526281,0.0,2.0
-180.8244242153651,301.66256893447076,5.971756368387533,0.7195128845752525,0.0,2.0
-220.38217876390428,63.92578950816485,6.896915209265515,0.7543272459204257,0.0,2.0
-78.47822836552822,367.0800301736374,9.080084030381459,0.8367707077719758,0.0,2.0
136.77952271268026,170.80707011606296,5.906410377311351,0.7244402511201923,0.0,2.0
14.697744811647869,254.5841387982308,6.1997641606731,0.7060457323670952,0.0,2.0
-153.2420270617071,134.90251310598512,6.076057139906525,0.7394776945349413,0.0,2.0
-49.640613375300035,-150.4790366326047,5.797378497875688,0.7470042465225163,0.0,2.0
-179.9423663291602,-167.46991967265723,5.896112068810023,0.7502128136483402,0.0,2.0
113.3460591168615,99.47902899367638,5.519514940503468,0.6532090905809993,0.0,2.0
113.42421813192438,-160.27551402771545,6.291864807895141,0.7493295349283676,0.0,2.0
-239.82593071598586,134.47279137026453,5.717544288403589,0.7277732447617451,0.0,2.0
183.15599208358304,50.92991753382285,5.607137288118419,0.7451599255015899,0.0,2.0
-160.56016939513955,-356.76016052567724,5.539320678451027,0.6492351753359268,0.0,2.0
390.7744899061394,-176.1301438891952,6.405262117023042,0.7521318702637433,0.0,2.0
17.680405631703167,191.91893050255055,5.450338898664902,0.7338771978786068,0.0,2.0
42.643476863417796,-153.35820595259904,4.300695422132179,0.6016265761692505,0.0,2.0
281.38159157940817,-228.1251584997272,5.552493749715743,0.5803329090987486,0.0,2.0
229.6070006027683,-14.512374428772478,6.332274739532651,0.7335336694620209,0.0,2.0
-136.81162543790487,158.33832771741456,6.419601388993876,0.808553800488444,0.0,2.0
-146.60290186458292,-183.69238516848463,6.583690203527911,0.7232910369642878,0.0,2.0
-175.35478095847895,-44.33492143445534,5.821030924854467,0.7593039324224614,0.0,2.0
-256.3148294334542,27.81597812774031,7.721771645600039,0.7922618421916667,0.0,2.0
-122.35048453883523,270.17774982826654,6.035543203293151,0.7079645331494938,0.0,2.0
120.89086905549912,104.0780522040573,5.72997240115225,0.7114229275171817,0.0,2.0
46.64509692355718,-231.65873802751972,7.3994123822107625,0.7346941106087791,0.0,2.0
-110.34891415434102,-143.23686084799888,5.9500212964550965,0.7082596578310499,0.0,2.0
-3.212005873736564,-195.521610374834,6.970370312333574,0.798578946625158,0.0,2.0
-137.64145450917187,-132.54554868636762,6.281356443772947,0.7273883372322073,0.0,2.0
-106.07692623406925,66.68703691113092,4.6796435787331125,0.7383296054496558,0.0,2.0
219.77348007650386,-13.154498781869547,5.90383744786653,0.7562882181945394,0.0,2.0
128.74431942824634,110.78691028875747,5.9969791670618395,0.7407587094432272,0.0,2.0
96.47569083835141,-67.23008931371155,5.786514113221628,0.71497570494221,0.0,2.0
263.3463166102286,18.06049350338477,6.0001764105668975,0.7051972525334876,0.0,2.0
18.335329561188654,-232.78160742123654,7.420807547458342,0.7890400999717556,0.0,2.0
-274.45644781314314,-109.09338414089918,6.236991544912241,0.7131858827362888,0.0,2.0
293.33063000112656,71.45494551191763,7.77582628496516,0.7877970432378093,0.0,2.0
296.85357615018546,49.52518539411971,7.083001448144091,0.7220813670278455,0.0,2.0
-73.16306490550701,-271.77127317534126,5.785102257745684,0.7236152984451344,0.0,2.0
-129.72148913280657,-186.56977384908097,5.519619816925349,0.7520643531128065,0.0,2.0
-281.15380913228665,-47.476489199497586,6.985493494943398,0.725375000883468,0.0,2.0
160.58260197359,-155.2459518065413,7.220711942028723,0.7962472037031287,0.0,2.0
-311.75085903649244,10.922866766781423,7.064540360878918,0.7837307904503747,0.0,2.0
70.13797225119555,-365.90044811716945,4.990599873269452,0.6172679473379918,0.0,2.0
-25.584314054860936,442.5546277396149,5.812637192645572,0.7296220915655727,0.0,2.0
173.52798208018768,78.62384679510701,5.692722176931721,0.7629616823347574,0.0,2.0
-51.62209650999066,-216.0831003727184,7.397715955068421,0.7603780586752317,0.0,2.0
202.55598598482058,-89.17270093931717,6.0905065808893255,0.7612142709006107,0.0,2.0
166.42705131269787,-144.4151853932665,7.106737676367027,0.8146338136605272,0.0,2.0
249.02459075369327,-166.84047311805034,6.57690477125108,0.8170126633378656,0.0,2.0
226.3528628421369,-69.61025236874644,6.083995409946987,0.8132774291432665,0.0,2.0
230.85440027431756,75.62755328426404,7.1247593765170745,0.8111340610615083,0.0,2.0
117.18980034207058,204.6309304936554,6.4156642057176425,0.7735727458495052,0.0,2.0
243.41545590959754,37.327509862778086,7.904501577033535,0.7849549946301476,0.0,2.0
-66.74419740927253,134.40770100846214,5.602592184741896,0.7401737883145758,0.0,2.0
407.7527036940227,-3.6077308049438583,7.223618352760925,0.7493249720297199,0.0,2.0
-146.87255205691167,-47.15830179387833,5.495931811641886,0.7658460421730943,0.0,2.0
-156.103801349108,-480.1531530252249,5.526942671914706,0.8614901713514768,0.2999433946031324,0.0
267.47207821506805,61.49222463675497,5.654120369330808,0.7457755122727642,0.0,2.0
-442.3011409652024,-198.535038539643,5.957647165390303,0.8613151525603614,0.12973670905454482,0.0
-337.86527406427643,-17.314448077579875,6.211314157898884,0.7173247696828303,0.0,2.0
97.26073267439668,-237.55303137809153,7.881947286122085,0.8034522834016188,0.0,2.0
-94.79235893619352,115.73418947338834,5.12009114348163,0.6524948317536279,0.0,2.0
-113.70611818574697,183.3906351908414,4.800814749670113,0.6483307001858644,0.0,2.0
-49.09771680596521,415.4056818333043,6.786132547282818,0.7501920927554921,0.0,2.0
-120.90418801197737,-141.89902557563502,6.885027514157536,0.705478117047455,0.0,2.0
29.073911748974915,-142.40457339250497,4.825245501514171,0.629145469874781,0.0,2.0
-338.30218898981127,95.43026446636148,5.2409954955366045,0.7354763899029593,0.0,2.0
56.78410395045905,-328.31515637426014,5.750970279900986,0.756471243212353,0.0,2.0
163.27380834864832,217.40526887953416,5.499664582053637,0.7369917811386453,0.0,2.0
-311.4439308152447,-365.88618918829076,6.99390497631714,0.7808337323504414,0.12578294514940636,0.0
122.58811253952213,-184.667633385688,5.936517186474401,0.6625487773510224,0.0,2.0
221.76916308139442,139.73539144581935,5.729042982608106,0.7620997689867184,0.0,2.0
-201.11684548398765,54.148409268645835,6.370510096362578,0.7362238955557938,0.0,2.0
103.71626412393906,192.42631610279614,5.444836950176217,0.7286394631057632,0.0,2.0
-21.672108211739527,152.32323334738578,5.594908214014607,0.7680089062249651,0.0,2.0
-176.25668807063235,-250.69670297066403,7.462573221128079,0.7058802093646193,0.0,2.0
-180.14494016830318,-140.65168204485428,5.877582618424776,0.7658345543006001,0.0,2.0
-183.32859800041174,-38.74021617609047,6.517232130731041,0.7378050078114102,0.0,2.0
122.16810874713423,285.8074805381825,5.461862217990393,0.7480051878474261,0.0,2.0
-296.3741522712027,92.35022465172497,6.164448837712401,0.7136203479302046,0.0,2.0
-174.50945160458826,91.92804450252905,5.758793468677305,0.6505838451794203,0.0,2.0
220.6545503657275,21.50618094310032,5.910379439413482,0.7669720122568305,0.0,2.0
100.0982478008128,210.07401140570798,6.439366872355665,0.8020283387107883,0.0,2.0
219.5023521660831,77.72511529769422,6.229301409970866,0.7575424741102962,0.0,2.0
-6.799230097138367,225.49059628420892,5.74312872148727,0.7202422534063558,0.0,2.0
-222.3381029484658,91.58238016892331,6.467222429369825,0.7495614916652564,0.0,2.0
-262.01944805911506,152.9126658426729,6.74503332926055,0.7940725256379277,0.0,2.0
-39.03734280897124,322.5815932648742,5.757829339349212,0.744815635921872,0.0,2.0
62.81138149171668,-122.3284261029877,5.9252655825803,0.7283289568392749,0.0,2.0
397.4652143404987,287.86234872997903,5.065235464696917,0.7207797955205374,0.17475220930010316,0.0
-157.10208784529317,-72.36331526632891,5.552463735800981,0.7376713120783857,0.0,2.0
401.4613879121742,-157.66190060348964,6.458289582443461,0.7365909935113301,0.0,2.0
127.31782535307376,259.17742485804473,5.987450386178639,0.7685534283465335,0.0,2.0
-285.13924921963445,136.63394040286988,5.399665449580684,0.7385444240365233,0.0,2.0
0.13035041625415905,-239.79077550023686,7.227228010062671,0.795212124590477,0.0,2.0
-191.4947352188099,-226.83117105514637,6.4011559530024975,0.719469179167035,0.0,2.0
-16.04210200831125,228.72835106372884,6.358015643383492,0.7421272036638003,0.0,2.0
-135.40379944069383,-216.32961607666277,6.267881693201892,0.6272241454840618,0.0,2.0
238.78599607705766,48.080688943661485,7.172810127451412,0.7681380538839447,0.0,2.0
40.12446083960179,-106.72462978373824,5.503498910238594,0.77123397123856,0.002506109533163564,2.0
-15.34853905551484,317.617345850754,5.231407513149806,0.5837699973018784,0.0,2.0
206.62026401597223,13.794236362168412,5.728761770386054,0.7351104372657337,0.0,2.0
-359.22613565613483,71.82498066412661,6.828252642695181,0.7495718701781335,0.0,2.0
-472.73405792296154,-122.77263401827223,5.362439042791072,0.786869283113154,0.13179762617746069,0.0
-106.40815703943262,331.527355137468,6.972329337068736,0.7267830284452574,0.0,2.0
19.282469105196878,282.7225324394474,5.966662297132391,0.6572410593072179,0.0,2.0
-231.8748041831302,-137.8159340911861,5.196941679509142,0.590119736399155,0.0,2.0
-110.37230473760094,-295.6187990615883,4.910394106959018,0.7270830807591905,0.0,2.0
-30.77219437750294,-214.48885926262466,5.697151593850098,0.7537935027049877,0.0,2.0
255.15594042843117,-57.43821639269058,6.191577774901471,0.7557953023229598,0.0,2.0
-138.26510922607775,180.93492696917596,5.294644907462938,0.731829012649467,0.0,2.0
257.78564856033597,208.5823770535361,6.929552915899863,0.7102172139879371,0.0,2.0
284.61101874548655,143.20617820981062,6.032524079375727,0.7300118559136548,0.0,2.0
20.24020819205216,221.44682957783814,6.789414575801223,0.7260642619083486,0.0,2.0
-221.62615414856901,110.87413257161461,7.265015493018975,0.8062584590468023,0.0,2.0
117.44524097460257,259.37981211127266,5.906714658712116,0.7643915898049478,0.0,2.0
146.86307543467422,168.78452960215645,6.323570771268704,0.7263957488182723,0.0,2.0
-93.01082227985168,-267.5468048362769,7.10034459240326,0.7365775616055451,0.0,2.0
75.42566402772067,185.68859611766837,4.637654114354092,0.637240140468527,0.0,2.0
207.65943576025538,-155.1324210568801,4.929265270238396,0.7605138727861184,0.0,2.0
148.55026401321092,-75.66083732975201,4.476201672881506,0.6439091642307163,0.0,2.0
234.1272550750447,86.19965497273711,6.48809016734878,0.7513206070464982,0.0,2.0
-81.93966063303169,-222.74364296737724,6.998389758907894,0.7704584545089441,0.0,2.0
-183.92036542644334,211.74248909200784,6.955712857952825,0.7870440126252827,0.0,2.0
138.02068883028917,200.1171895925732,7.320541273228048,0.7624916303740403,0.0,2.0
354.74616446995276,-230.19313874966628,7.626231389014876,0.7092940306893902,0.0,2.0
-392.6676280875669,57.032828793567425,6.646934266264795,0.7320612123848061,0.0,2.0
-143.9232542730147,-163.097623691279,6.650426761425885,0.7344758358682695,0.0,2.0
-87.92672097215106,-142.823423978568,6.492352009652265,0.7315802365976753,0.0,2.0
-411.5122360437378,2.307434406657655,4.479786263866043,0.6399337703301499,0.0,2.0
-370.28458103983724,359.39887788143653,7.210266056153426,0.8624297810109182,0.1339050839178708,0.0
-362.1615690230172,254.42213528628974,5.289669836240988,0.7438438530706645,0.0013467259764333858,2.0
23.05946773617874,252.96313219022414,5.408111531774791,0.6251144980191408,0.0,2.0
62.478403415787156,239.22911937357236,7.649206858262279,0.7934188072561186,0.0,2.0
210.84028772622776,-83.00489684333827,6.53001679731839,0.7588673620668587,0.0,2.0
131.64539677311046,-165.60694510831388,5.437811068740857,0.6480914095373463,0.0,2.0
-138.08123608290686,81.98076759217781,5.805775604753833,0.7298849969804464,0.0,2.0
466.91278241178503,3.04967187119515,6.358178649986915,0.8055705470247462,0.02738965610317048,0.0
-176.08329152777677,-105.14288333794242,6.421401909795303,0.7133687047234457,0.0,2.0
154.8558129742141,-228.80312544863148,6.558658919502059,0.7420530484157248,0.0,2.0
367.62748690661135,202.7655314750655,6.527886652065849,0.7795668132416828,0.0,2.0
354.55468430796293,-89.56093240352628,6.81678050513804,0.8084690624064875,0.003031538528203112,0.0
113.70077830996782,76.14926361908577,5.239996275397016,0.6470623351011024,0.0,2.0
-91.29112038080156,-188.2215712208611,6.74922140037002,0.6972651244577633,0.0,2.0
216.74759359208588,-51.23556752798094,6.654827245129119,0.7680382535820955,0.0,2.0
72.9153293575796,253.3633065781029,4.800116627738876,0.7633886893224875,0.0,2.0
-367.0153708790409,-177.16202274868337,7.392191936777992,0.7496560361621926,0.0,2.0
-102.16726093747411,-202.76133509759958,7.427792174302261,0.7510937617137647,0.0,2.0
-130.1773935068189,111.43172085664386,4.470036268849286,0.6260367249281278,0.0,2.0
-70.06363490462925,-169.77983385505016,5.541984345350019,0.7382100635105221,0.0,2.0
100.2470119582146,-202.04972709446187,5.902928264511561,0.7643589883709315,0.0,2.0
-215.52570351125306,-60.3514740098022,6.51340546565096,0.7899687007388856,0.0,2.0
-13.742249190266705,-195.3228705941419,4.991423914739644,0.7427537295756851,0.0,2.0
43.940945712268686,-209.76938707954628,7.481558698949911,0.8202656226746879,0.0,2.0
207.49175685131334,80.96608244986132,6.834477571791664,0.8096633649193541,0.0,2.0
193.70810868813467,-95.34986300201506,6.901283781544632,0.7597116534399511,0.0,2.0
-446.0392803260377,130.31012822730162,6.392806926764367,0.7918134112007953,0.0,2.0
153.35244210097983,176.55364154425266,6.555850628163361,0.7536959759576942,0.0,2.0
8.598643963022578,-307.84882179438716,5.9754678416905955,0.758048266175505,0.0,2.0
-279.07754729600015,19.94835283704934,6.194174280744159,0.7313678256965299,0.0,2.0
-315.9739109072025,0.7364946234820537,6.947653713461655,0.7454639112095115,0.0,2.0
-90.29440159656757,386.9362269262239,7.479874204135141,0.8001167463193641,0.0,2.0
-154.8711126297587,270.3723090712974,5.900485269823784,0.7355408892129461,0.0,2.0
39.92865296172582,303.09185625894685,6.526581642647851,0.6922441939040428,0.0,2.0
-184.27105212296624,88.87398888645934,6.683051333122242,0.7219432494168508,0.0,2.0
-207.48695423263615,266.45482583538256,6.848526510042926,0.7399731371160995,0.0,2.0
273.026147392629,-67.95568039070658,5.588650975331831,0.7698749531481669,0.0,2.0
120.42837365028643,-200.71604947745095,6.210070837030611,0.7664874971653016,0.0,2.0
-147.26094645027516,107.09978445013698,7.2558485850352845,0.73956577749655,0.0,2.0
-75.1356856714988,-73.69009839170353,5.838112472688026,0.7137247088349966,0.0,2.0
169.6518287233182,51.98209596008741,5.108729209038975,0.6434105713227334,0.0,2.0
-143.58447432838898,500.6855615919419,5.416871275443276,0.8504422317945167,0.3266166235136709,0.0
179.19062627746598,-41.274194289454385,6.623784438807762,0.6390069702980808,0.0,2.0
-144.51845325104335,-337.45820040929084,6.27222527290052,0.6735582264860772,0.0,2.0
-67.62236374238947,-233.70966805105448,5.342973620103588,0.6866440661271939,0.0,2.0
-10.827591369914167,-245.50890027324814,6.740676581529388,0.7297135426340844,0.0,2.0
121.75228810546008,186.99510116391266,6.382630528342183,0.7395300788838345,0.0,2.0
-221.36089758278936,363.26755124314025,7.23922053778813,0.8190910420372779,0.0,2.0
210.84175357199385,318.89251670306254,6.308188201692223,0.7261051035523556,0.0,2.0
-112.52397027900328,174.5594229098738,6.1929207826134425,0.7168706292563434,0.0,2.0
-50.63985950950336,-183.39506871974493,6.875666991169412,0.6936970743562776,0.0,2.0
161.568534583676,-106.89311172365383,4.6005605028841705,0.5803615735062477,0.0,2.0
103.50310580914766,-193.02452423991468,6.072386750210675,0.7855168920938284,0.0,2.0
109.52262806368422,108.23560081986935,6.720163136761305,0.7554366654167749,0.0,2.0
-428.43835954001577,105.17119036274963,6.484887222355429,0.7344773725648209,0.0,2.0
163.067727883889,395.75431454854856,5.962605252857443,0.7409574068755319,0.0,2.0
-3.797921496777508,336.24307576162454,6.6936735766298785,0.6997513727186023,0.0,2.0
-52.435051264319725,-57.89115307374653,6.090200536626213,0.7467536032830029,0.0,2.0
48.017000403360996,-159.58539471167165,5.082392066044449,0.7424963027618211,0.0,2.0
82.97304259753297,215.14881211726743,6.820901824842444,0.7106355468716634,0.0,2.0
176.4978783524309,86.1568240762148,4.324108446044211,0.656258802026397,0.0,2.0
-190.7842100467427,-33.85988317401542,5.575022514643826,0.6181527053720928,0.0,2.0
-193.67018474617416,96.79949434387876,7.081678148574517,0.8111733106009997,0.0,2.0
-136.104799957593,236.1853828847073,4.712665285286082,0.6439087594414715,0.0,2.0
-152.29926958154758,152.44485178552293,6.7673288593528245,0.7284388013138873,0.0,2.0
291.28080255127054,-144.0829145174313,6.923224163542115,0.7920529235543844,0.0,2.0
-72.5404188079524,-504.23183134517416,4.849879862203946,0.8816797531301501,0.3602829267832594,0.0
-55.37214604983291,-301.7364447651801,5.924354969136266,0.6967999828321695,0.0,2.0
-24.656762413139674,-141.98836429510285,6.605252362074785,0.7598973216226613,0.0,2.0
202.29556774082315,252.21333859812344,6.254248292736952,0.7530211336631667,0.0,2.0
-111.46512150008705,192.37912794429,6.450397918855317,0.8064988282309897,0.0,2.0
196.89415657669477,207.85405716400558,5.612756369152813,0.7083717594436197,0.0,2.0
-179.31478802884666,-114.80213904346962,6.52589316895135,0.7406470502852536,0.0,2.0
190.11038816116965,71.49029419709149,6.426396114273596,0.7499889934629448,0.0,2.0
-16.61174297339281,-178.54107832851787,5.903068147988318,0.7197954616122973,0.0,2.0
64.09092797177756,250.54922328041985,5.130297776069992,0.7390041877329239,0.0,2.0
-232.93907297916047,10.30912036009089,7.018207177933785,0.7265504025377532,0.0,2.0
-17.9957401054769,238.55473252688986,6.556209716823223,0.7155458267703829,0.0,2.0
81.6961090511911,-173.1828428578806,6.404599255128042,0.744497366327904,0.0,2.0
86.63803366683925,-245.37313221949785,7.892667667961682,0.7907305587380202,0.0,2.0
175.6000128887483,312.15874717107215,5.796477768382418,0.7108668474227202,0.0,2.0
308.68786503906614,43.68419801797294,7.387085304996404,0.8174764481671732,0.0,2.0
18.574872991651723,-272.1668631770753,7.4089812146307,0.7541968912178718,0.0,2.0
24.92013734166707,-206.57441906845895,4.980692247103915,0.6372344664318463,0.0,2.0
209.42764838555001,-12.714706455727411,6.067278640196147,0.7659476226927101,0.0,2.0
319.94739072148974,-19.30216715948508,6.328284296003498,0.731620908459439,0.0,2.0
-197.28532229094498,-15.89582200812727,7.190182959200301,0.7255060515706814,0.0,2.0
-34.66748229388415,-142.09669734419094,6.052227183143357,0.7472764089078046,0.0,2.0
39.5516448318252,203.67437947514915,4.162490754281094,0.666811511965139,0.0,2.0
-223.08765446996722,-142.7610125421646,8.03038063501205,0.7997999033237635,0.0,2.0
-222.05267733945772,11.330277048463037,6.43037153690666,0.7096446775873503,0.0,2.0
-253.65970197075148,7.038518756399737,6.111504995009827,0.7388072792417945,0.0,2.0
200.60582982167705,-138.52412065504612,7.541053596638417,0.7828698456617869,0.0,2.0
-388.89409067495046,38.725918932184115,6.124669475357687,0.733269801632658,0.0,2.0
195.96204410336486,-106.25846975217031,6.177180884133884,0.759834424307191,0.0,2.0
-209.7736833561911,108.57033692520189,6.378800245552276,0.7605829750487999,0.0,2.0
93.24181033149837,132.31186965082654,5.3426643593993965,0.6362750951461068,0.0,2.0
-147.43162150683318,-135.33764907863377,6.128046380970328,0.7584385033382792,0.0,2.0
166.0213783552124,4.5699135566286015,5.206846688987833,0.642445570588886,0.0,2.0
-125.23689155638974,-131.0496308124716,6.6729855120582755,0.7642137898506353,0.0,2.0
-86.71304188104591,-288.35212901351895,7.511211262341388,0.8098327372135384,0.0,2.0
-314.15887814313714,-128.01308878265874,5.231184557630086,0.7461085378958778,0.0432395332144239,0.0
-240.9102773176721,-94.94706117534335,5.970318085283167,0.7289864544707242,0.0,2.0
124.30311087649696,213.22589536373488,7.251636679221664,0.7047335464886587,0.0,2.0
-241.31431805229502,-138.3250436649957,7.310653851914839,0.73154907266294,0.0,2.0
91.43570216837682,-174.75550437443593,5.771425983558556,0.7136939243997046,0.0,2.0
-139.8017658563973,65.64405772484906,5.238105272026055,0.7513704354710513,0.0,2.0
146.35908814450184,-289.1444527629447,5.545693388464977,0.7517106837811752,0.0,2.0
-89.59029516534012,-341.802004427266,6.865217244547865,0.7198168387218603,0.0,2.0
170.27640199474575,-38.94058594639149,5.726109018125368,0.6971262272886645,0.0,2.0
176.63410810322907,262.3444062287511,6.5422904433146964,0.7845401146624594,0.0,2.0
169.2428302825944,126.69909290266371,5.34043831329569,0.6020616312475314,0.0,2.0
-174.36527450517676,286.88802048911185,4.9830544478612415,0.7284045101022432,0.0,2.0
162.00306624656412,252.01907721648612,5.871587879317448,0.7227096642027843,0.0,2.0
-83.10217140512434,157.44383755223103,4.622476897976475,0.6135461576585574,0.0,2.0
81.46676098066698,-139.96132727655615,4.366290754781797,0.6301570828972733,0.0,2.0
-9.855864044282383,244.7499423887402,6.789414575801223,0.7300203826099496,0.0,2.0
-166.65718783642012,-297.65435432276325,6.932072711257123,0.7108308857129118,0.0,2.0
1.3424868532001757,231.3157209549151,6.707975548567508,0.749347488149299,0.0,2.0
108.67503700904189,175.62141468571753,5.3837565613183544,0.7334349329233966,0.0,2.0
210.60944947747433,-61.136239734749935,7.0347655743383,0.8165126049711254,0.0,2.0
206.1172281066348,-49.674820190566194,6.394838417069268,0.7621434771180966,0.0,2.0
190.4918603813161,36.25045796439294,5.565987876282783,0.745952247043369,0.0,2.0
195.46210443514477,-48.67959400162411,5.531671852241525,0.7382319739077616,0.0,2.0
-303.9058628413258,-331.99595097620204,5.9807037612906075,0.8331137850725121,0.0809603063131884,0.0
-51.1218036621386,143.89467685567337,6.258441849999803,0.7999531700505746,0.0,2.0
3.04487932752294,211.50118954347292,4.961773224432213,0.7516876425771499,0.0,2.0
81.8092330544412,-299.34425436423004,5.447361642768407,0.7212591476827598,0.0,2.0
-159.51231839267498,174.426540354244,7.072799112277923,0.7485489645170104,0.0,2.0
50.43780826105156,131.91376660677395,5.106146407668464,0.708679247402955,0.0,2.0
-13.529558019287856,408.2574609543404,6.346709364639115,0.7090144888405953,0.0,2.0
116.45104722371549,-210.66320338621207,6.829346771081166,0.7703061003846077,0.0,2.0
369.67351687165177,-135.98369183957377,6.299378329575311,0.7208646591999402,0.0,2.0
288.7692886572009,6.1634223745590315,7.060021347959972,0.8024551816286926,0.0,2.0
-88.98557289883388,96.60427232613729,6.120550741584046,0.7251410895101456,0.0,2.0
111.3187407683588,-220.02895897105074,6.489706280736154,0.7337897766424459,0.0,2.0
176.73609602318407,-73.90120831653651,6.000909109681106,0.735559468981602,0.0,2.0
90.6822681835938,-205.8374889223546,6.132222936876205,0.7352616231060496,0.0,2.0
-208.29195302603603,183.6132707437432,8.239720600628116,0.7663005774948426,0.0,2.0
384.74287513657356,-121.9020841173543,6.604737695441217,0.7512891126909808,0.0,2.0
-223.06904172156354,-23.612688632509304,7.282157490114454,0.7047309086219258,0.0,2.0
51.77698544685682,-216.09649733139602,4.822010286578162,0.6247239317731014,0.0,2.0
133.27090696651823,-122.04626514262334,4.960924069630046,0.6553956761603167,0.0,2.0
240.2846447850313,-15.46082853577688,6.8839005652210545,0.7403175106834767,0.0,2.0
77.50526802986711,390.27456167006187,7.013209904228283,0.7515012327213533,0.0,2.0
-132.99438516787225,-123.91108801247606,6.398058327409289,0.730123463300172,0.0,2.0
-212.99002317495234,-49.406054313947784,6.714287200727391,0.7229264305924045,0.0,2.0
-262.86536744796575,-230.4431988870574,6.96762154903643,0.7397586407799482,0.0,2.0
-107.22387617656047,210.11806398157867,6.476561827307279,0.7358714983704564,0.0,2.0
57.22882237327745,-234.31232501934244,6.687164614901836,0.7392472545900748,0.0,2.0
148.00991699501753,89.68736121049626,5.908451143663309,0.8408944492150937,0.0006000446522786272,2.0
40.14750550795118,115.18610861475497,4.7081949878193,0.7426922281618529,0.0,2.0
260.0916724341058,155.65595042626308,6.802552270184672,0.7318085916225542,0.0,2.0
216.61840141583872,114.99735459156629,5.7445270107889606,0.7181856503873473,0.0,2.0
-51.33237342133144,172.86755630315437,5.339866193264053,0.7552392068442054,0.0,2.0
-222.013007897206,121.72399228980545,5.906606243422911,0.6219743007522028,0.0,2.0
160.00606303939554,-96.72491759406675,7.042871530537279,0.8052410513266579,0.0,2.0
-40.34784792933302,-186.8646198911531,7.4091370109854395,0.7225361782679143,0.0,2.0
-334.2904450942286,-55.41509984335512,6.288675325591892,0.7360493551055284,0.0,2.0
-199.95382758899828,-158.4310942427979,5.911790329711847,0.7267904788366341,0.0,2.0
-200.72663765873082,44.247798556470414,6.685250270351241,0.7403091193577467,0.0,2.0
-221.507631643258,-94.47948641142727,7.026203208881848,0.7643392407707871,0.0,2.0
-117.22210956806187,250.03700089697745,6.458109732312572,0.7463675418372853,0.0,2.0
-219.43905931733218,218.58516060788767,4.626945776710123,0.6111371850235273,0.0,2.0
157.1763687830063,140.68097472941648,4.594463131217192,0.6487553967876404,0.0,2.0
-316.5985193624128,-73.6497276326112,5.932043712201536,0.729704586673486,0.0,2.0
179.82907715670373,-31.4349423105046,7.323327053332034,0.767658222174805,0.0,2.0
316.01228756414025,16.31957270476396,6.68032346803831,0.682420174314304,0.0,2.0
198.70340392598195,51.58241333715087,5.575600124444226,0.7121233002251489,0.0,2.0
0.8067671240563782,319.02946310974465,5.822171216916229,0.7506025546426336,0.0,2.0
-133.15157145854684,345.82441817629774,7.527537373907517,0.7934967229458944,0.0,2.0
-270.4546488190916,189.46861115476136,6.543659727338227,0.6865266252859473,0.0,2.0
135.8844638172491,-338.5477985053581,6.071744451806515,0.7123876934631683,0.0,2.0
-299.9313777422176,-196.85749639750438,5.150213276075132,0.7314694210095537,0.0,2.0
230.63726378400906,-34.14971465450257,6.684762495062828,0.7591244447362018,0.0,2.0
2.6253165537955954,221.03398576469158,6.079820385123313,0.718289655034858,0.0,2.0
168.83757644070846,-309.78997182978406,5.987016060284872,0.7586114507623449,0.0,2.0
-130.38097722756007,266.28660517818486,5.989379205511194,0.7212707366320602,0.0,2.0
47.02882675265397,187.26276529600625,4.917911083276257,0.6601545935036763,0.0,2.0
-12.125601743061395,-264.48192718808406,6.724978320201354,0.7332550846661615,0.0,2.0
21.730141592625063,-344.0865813434177,6.61715535479507,0.7524697615394064,0.0,2.0
33.37755415349572,-256.48272058060167,5.90368359591063,0.7402037488411733,0.0,2.0
50.78589142256991,-251.37092031163036,5.626814107537679,0.7300211262644078,0.0,2.0
173.52562810307006,-178.83642608176356,5.788113017124525,0.6717339726685236,0.0,2.0
-86.59284307052131,225.3748724466738,5.396250248764895,0.7648868846270247,0.0,2.0
90.79448368572439,274.9917921776096,7.8024825070279045,0.8458370062792402,0.0,2.0
220.75322086481026,-86.80005440580548,7.255177357786821,0.7795473642222481,0.0,2.0
98.36467748989689,453.91826434698334,6.778980118688373,0.7659987066120285,0.0,2.0
240.50156550993566,60.15051768093217,5.268634071811387,0.7598112446233588,0.0,2.0
-141.92330681280652,-152.41545793689312,5.952685237244555,0.7232197149783605,0.0,2.0
-257.3755363289268,-2.847126773795848,6.639516625915295,0.7239035181990893,0.0,2.0
235.03222968838273,279.0264550178624,7.183627750962342,0.8303676196050301,0.0,2.0
-100.87627466452393,217.41134640224814,5.595299457818165,0.7305500034764931,0.0,2.0
128.72157849630568,-379.52840248297105,5.736991821647916,0.7195663287831129,0.0,2.0
-37.286957344334084,243.66987399678277,6.165573850726764,0.7409103845383852,0.0,2.0
149.01431319593402,-153.46217511706837,7.2280274982638675,0.7430515944061812,0.0,2.0
158.10411660770168,-173.9332657667077,5.761918590759611,0.7634286886335859,0.0,2.0
-41.82846415538529,-370.9304855169617,6.14213082248182,0.720504712857724,0.0,2.0
321.9375804457034,349.4868256782772,5.904254246691082,0.8547514357201579,0.07573842878246488,0.0
-441.97441065579267,-23.47983281044203,7.123620817510592,0.7192119440133405,0.0,2.0
107.01310852493533,-183.89071028408085,6.0093998297311195,0.7541755340650523,0.0,2.0
-239.05913099700675,-156.3270803582434,6.18327357845383,0.7369996981181329,0.0,2.0
224.33725974943127,12.833956476600349,5.380358719327385,0.7614043685221576,0.0,2.0
85.5373223339343,-233.7739702550837,6.804029789782723,0.737954362080731,0.0,2.0
-196.43781185643982,19.694096889947094,6.408942251952531,0.7577359926709379,0.0,2.0
-191.50552839838912,-6.882596733881991,6.887498409956505,0.6780433785568202,0.0,2.0
209.2560756318616,129.34845497626875,5.631643837048022,0.7354125719810487,0.0,2.0
274.1505845704732,-136.44538110716746,7.651940597183213,0.7584400648020556,0.0,2.0
-435.48008243585235,-299.5707787626067,6.856874737038624,0.9678374394615666,0.5937709563001782,0.0
-82.02734365782759,216.77586514532842,6.236680414396572,0.7519878055741599,0.0,2.0
-205.36243676831978,98.9140263174351,6.31886841468439,0.7746747462551976,0.0,2.0
225.66073299212147,148.79201616448344,5.9363015873839124,0.7586692812333581,0.0,2.0
-211.031227092413,29.112121132844646,6.400691142686244,0.8078682743281285,0.0,2.0
189.96314986005964,180.5477134174428,7.323743995093298,0.7519966024753175,0.0,2.0
159.70607262230192,-363.72375537175213,6.406079871120013,0.6991699919621345,0.0,2.0
35.83130488381566,-369.29060986985655,6.076431063818735,0.7534340917382735,0.0,2.0
365.71610808141224,-69.54595007725014,6.545439641002807,0.8251374086216452,0.0,2.0
-244.61633487561224,75.85178262088775,6.298659542118103,0.7759714010548885,0.0,2.0
-350.00134664824856,57.36926782096744,5.719998913888147,0.7547901767574973,0.0,2.0
223.3380089570261,-153.38318963182263,5.928968403213487,0.7596046436602071,0.0,2.0
-168.33427464386358,226.43377241044695,5.890731888078495,0.7206361635838073,0.0,2.0
-142.2510768040064,150.45416084506354,5.428996067092419,0.7329399928801344,0.0,2.0
-180.9791230111323,174.9156717654381,6.485480630703915,0.8164350588358109,0.0,2.0
377.11107456986826,154.72671797101597,6.643061138660695,0.7474516149499203,0.0,2.0
-148.68504723876765,-69.04914611999907,5.83907476222614,0.7380733416001043,0.0,2.0
166.3598651823457,260.19280335692366,5.9819314250458095,0.7062581986412155,0.0,2.0
-281.4453647555487,103.32866831152364,6.576782358636777,0.7787161642857906,0.0,2.0
87.13320167897803,-470.787758871085,5.591722507654441,0.7601713566279332,0.07545240373949492,0.0
-189.07776306432493,122.42615674964324,4.384540252688565,0.6439968099980133,0.0,2.0
-155.15590647178215,184.2794812157281,5.965295458115337,0.7385953135671512,0.0,2.0
-172.5673148089683,-174.2731851526584,5.787556765195852,0.7726957974018676,0.0,2.0
168.48392884262606,-194.14592085944557,6.974065382716265,0.7485625818742548,0.0,2.0
51.71439735976355,180.0489589453751,5.446701660500602,0.7491700496038857,0.0,2.0
-47.48260066314269,135.5176413922375,5.310404206387044,0.6492374075481876,0.0,2.0
207.21421047847932,31.62070152324697,6.030920409665069,0.7351344890199049,0.0,2.0
-131.6521524088736,53.683177944271584,4.670034731337429,0.5844053378611265,0.0,2.0
48.485515609990664,225.56286644879398,6.323531869188924,0.7481247868525853,0.0,2.0
-269.05776548909085,339.4625115395065,7.086311620105934,0.7583814384056362,0.0,2.0
-51.2327180739181,355.05940605933546,5.804899626864133,0.7538218669299905,0.0,2.0
-130.23772684739166,130.85027094065472,6.272042890160938,0.7193816013108268,0.0,2.0
222.93419164687947,-105.12157356186368,6.19375448572666,0.716053598010855,0.0,2.0
-247.81245556500312,128.46944269274059,6.388081690344549,0.7435600402387571,0.0,2.0
-196.6203939524044,-106.76196915101737,6.906414817508718,0.7165347344570152,0.0,2.0
-364.9193527486103,-137.19959406127805,5.785248669953746,0.7289633631775145,0.0,2.0
-396.64551764462396,120.72208314648586,6.032805559048781,0.7038482700045715,0.0,2.0
-335.35357046959206,-45.76912387781059,5.4492069027742795,0.7445947490305732,0.0,2.0
-232.31208693008466,-118.38630818891033,6.455887721335713,0.7541174744565409,0.0,2.0
-45.15710966101001,-314.7026847938623,5.919153841526415,0.6869023598477106,0.0,2.0
328.0539696642683,-58.83749968199238,5.846718222466372,0.7467249718852199,0.0,2.0
198.855111854612,-12.49588079871339,6.342281592509402,0.8401365523339188,0.0,2.0
-226.64934371456212,-84.26941091801606,6.892555598616327,0.8057263709358007,0.0,2.0
-178.5679018859897,-157.39769640518804,6.314919913421618,0.7399581795016202,0.0,2.0
348.8278074393349,4.169723225641922,5.747083296815889,0.750708924405609,0.0,2.0
312.74235297970813,73.32767501050549,5.918634174951906,0.7871546816952507,0.0,2.0
-7.386978499829448,178.47343679574794,5.298137171289858,0.717018167441134,0.0,2.0
36.50323578023018,197.62375849501632,4.399505429890987,0.6388352208742869,0.0,2.0
-169.9564888434644,127.27901077251077,6.0237825559925975,0.7188941795370212,0.0,2.0
299.7351697100129,-41.567471033499494,6.680063889184804,0.7801268376428594,0.0,2.0
48.435970922827,-354.13238478918953,4.8398167050046546,0.7157592646195314,0.0,2.0
-301.1705421317979,308.9093149914498,5.98793405428821,0.7320971395318745,0.02317440530669646,0.0
252.61591568958568,96.80523825680126,7.593414872416007,0.7995816158249891,0.0,2.0
179.02363632650471,244.3040294156733,6.106307905783498,0.7319063267340936,0.0,2.0
-215.67240868126825,-85.87878790018063,6.133569334881663,0.7341061575098097,0.0,2.0
184.95202016628087,158.15745650021657,4.881564558926547,0.6518228601469827,0.0,2.0
-201.48019514312497,34.6417121735643,5.790337787566883,0.7435826594007101,0.0,2.0
106.28908379009454,201.46972268459098,5.977809436448967,0.7416589620018269,0.0,2.0
160.77290069600278,268.4223229997899,7.032863781698751,0.7560090995786415,0.0,2.0
283.1932879490608,-99.27773556047553,6.381560359280429,0.7546839788881595,0.0,2.0
-37.14363833502903,271.7775239282433,5.187777759064193,0.7811544121174454,0.0,2.0
-172.21353937378302,208.45444972524885,6.909020736898158,0.768918785817957,0.0,2.0
167.24044995223792,97.70884698915943,5.773836697549765,0.743116309936036,0.0,2.0
370.12267723235817,-0.508320576950885,6.473579839915524,0.740669235796343,0.0,2.0
172.92856015671413,172.8964874430347,6.6401757344273395,0.7438312563530068,0.0,2.0
228.54437603249417,-51.987681504392654,6.9530829966887495,0.7526599834909591,0.0,2.0
-3.6789400699123656,-294.65025973759083,6.889560183708639,0.7443710769910669,0.0,2.0
-206.03759394875806,-87.70729776579687,6.269910026675391,0.7605747555327383,0.0,2.0
178.93850973020824,-129.8532685041953,6.427725453635474,0.791592077047016,0.0,2.0
-241.65393717071717,144.8259283912645,6.234303394578985,0.7212716499181105,0.0,2.0
147.0866908047457,-192.276964766258,6.754945090750179,0.7107678664436475,0.0,2.0
82.89063982193312,-212.27868616690566,6.506860627568534,0.7459957826724349,0.0,2.0
-32.408172767924604,166.9784559058261,5.503484219034863,0.6289009382369092,0.0,2.0
83.31130897782134,-223.03526109938346,7.10922394970791,0.7529150721257821,0.0,2.0
201.92910061754827,-79.19794860738277,5.67363053406942,0.7470692832293795,0.0,2.0
131.2419902421904,-201.12392913524977,6.021369917169039,0.7552406526913034,0.0,2.0
-81.66914878915065,-81.69289922264598,6.203896178660825,0.7458223665414849,0.0,2.0
-47.23779775238661,-234.31372582925906,6.557532087704019,0.7057613882679811,0.0,2.0
6.200554393684503,256.7086983042813,5.917144603644457,0.6243745076770344,0.0,2.0
-67.4016389744573,-253.72973261191606,7.488663087371692,0.7557474305422874,0.0,2.0
18.46456098778215,243.97699171384164,6.900589782274093,0.7807948660021867,0.0,2.0
-230.41959221979462,254.56979147627877,6.093264945880414,0.7305985289300356,0.0,2.0
234.88527175520673,-5.802201025574544,6.744485251057768,0.7300727419391569,0.0,2.0
-178.75027686507013,-85.45342184736282,5.541030690731166,0.7401190651994081,0.0,2.0
-149.9882472523303,-145.16864832109212,5.72987152502476,0.75025917900571,0.0,2.0
-19.84799451226492,-133.48993529889393,5.742424169184118,0.7259346365051741,0.0,2.0
323.0639960908242,-231.49690003038,7.735106523779782,0.8001609836174575,0.0,2.0
-184.80632211036811,-199.71260751691943,5.481429606071217,0.746739821819197,0.0,2.0
11.14767865619211,-279.84445456841485,6.099996348588896,0.7313801179148729,0.0,2.0
197.38690746430655,-21.629966543167004,4.395003613519547,0.6751964813332341,0.0,2.0
-19.552211022719,-229.85118001505518,4.845550012016296,0.622804600261295,0.0,2.0
-162.35988571512766,-56.59445911297322,5.18929303946209,0.7374537426600665,0.0,2.0
-202.76064676321968,-45.48242905393394,5.824122208448742,0.72402424876099,0.0,2.0
-193.52789362029583,146.94086811613124,7.208672365770173,0.7393917905496517,0.0,2.0
-426.5974250327635,-279.17978360784065,6.422396526251331,0.9312752189400247,0.37744284870701944,0.0
-330.47838057402026,-95.82259567321178,6.847836207763925,0.7283146872407791,0.0,2.0
-55.4474299262853,-49.382128016238966,5.038610479548117,0.7656057035728309,0.0,2.0
-53.37652681556758,-174.5033768613086,5.318638962924544,0.6024460011361354,0.0,2.0
-121.55884557059967,-226.93464056596892,7.282259895739745,0.6915844426313935,0.0,2.0
-169.29944905821765,-50.53920874822968,5.274143456688654,0.7551041406687169,0.0,2.0
163.90181821685223,-10.084758328464437,6.230421270292291,0.7595710983529844,0.0,2.0
-64.8369042982976,-48.60464822062118,6.332468435673889,0.7569819874997941,0.0,2.0
-251.0063718736387,45.75278481535704,5.449127071398901,0.6258080892545469,0.0,2.0
141.21237997426127,-200.9766298627188,6.252475367799485,0.7278451632507111,0.0,2.0
-174.62579450475306,-288.84084653960707,8.385583167380295,0.7812571141060568,0.0,2.0
-252.49154874302002,-122.28383229304877,5.9231073212426235,0.7542895716379536,0.0,2.0
61.21382463061791,-217.1461022427293,6.911016474372078,0.7629736248593492,0.0,2.0
-161.76841108553288,-48.310143370226605,4.852480225184011,0.6750317323439731,0.0,2.0
-199.07878757823912,-72.53558631659062,5.993604493617383,0.7025820552798977,0.0,2.0
204.95919618066858,-110.53116738354878,6.104373866952824,0.7604095642879286,0.0,2.0
108.33424766743764,90.53501602204737,6.658232244690257,0.8089945972764155,0.0,2.0
-200.53984467253753,62.886623334684984,4.555177845241106,0.6416467162171811,0.0,2.0
224.82086689650944,-4.741496946826655,5.714618794546675,0.7668542406363157,0.0,2.0
-193.6768322624621,115.44634553626429,5.810083896767749,0.7296127266157633,0.0,2.0
-138.88552126810833,-190.06651129296662,5.460419859461185,0.7385094819274888,0.0,2.0
199.17065958995502,152.2090647964331,6.1814504499181755,0.7175008752597051,0.0,2.0
-67.16659199999411,275.2061947624974,6.51659318934718,0.7773699035564128,0.0,2.0
202.89079227288218,162.31784412752478,7.180634001574636,0.7483419120008822,0.0,2.0
230.80768846625185,-331.2018073608523,4.902920023419422,0.6457376663466833,0.0,2.0
-223.1191319224771,395.74521237982214,6.217942309275724,0.7330378704716888,0.0,2.0
47.41472590453246,116.91226628031764,4.051834595611411,0.5839597091749629,0.0,2.0
-246.5826893277004,-274.04932326750856,4.629546053422716,0.6594653735928102,0.0,2.0
186.08340584352507,-190.18494460907283,6.062043493221524,0.736230236729428,0.0,2.0
311.21741645024855,-276.8164350956398,4.807793502014619,0.6176685023778903,0.0,2.0
186.49765277001637,103.19034624932625,6.0695846026549765,0.7485989905135885,0.0,2.0
-269.15402651952877,159.8732364495109,6.1551222008355,0.6528955603466448,0.0,2.0
97.02748714699435,200.02851717465128,5.674321345276971,0.7507516811333647,0.0,2.0
285.5250789391482,201.0554864968549,6.365597541682163,0.7377364440921373,0.0,2.0
-20.223003292425233,249.16168604801203,6.74519531162152,0.7779667740022814,0.0,2.0
282.9061595464166,-73.02420771860672,7.746150058364732,0.734308855428498,0.0,2.0
-239.2551842263516,-10.572346841645547,7.063733693296986,0.7823431123987402,0.0,2.0
63.52147483662177,-263.5406989526411,6.442546370801518,0.773115770451094,0.0,2.0
-218.72821675184494,-76.93351567227643,5.652918828402509,0.7390011690785679,0.0,2.0
-416.42380782237257,245.02668520722003,4.785135597147545,0.7613484932381085,0.08140800846695213,0.0
114.51212595381296,-99.38191173475686,5.601824814735662,0.7415937348979847,0.0,2.0
264.39446058262916,-62.81671916616622,6.121188375413048,0.7707582135872502,0.0,2.0
-87.60791666464603,207.7755819777631,6.544309563726864,0.7550944835580908,0.0,2.0
182.7087767939753,41.48684392345233,6.356015290935352,0.7663482920627241,0.0,2.0
-252.94158124311568,200.03929172828586,6.78345274436927,0.7629111082451935,0.0,2.0
-1.0975961279477382,-11.513841937915295,5.287838574455311,0.7504895753936898,0.0,2.0
-291.66812524996766,-99.8426757408411,6.438982298903508,0.7660888120633194,0.0,2.0
133.58399077850737,-245.3066450988992,6.468856986274235,0.7329435532361344,0.0,2.0
106.59310025342798,-210.34118095344195,5.71568810551865,0.7512236540606319,0.0,2.0
-203.19509338334257,172.0338561477883,7.278709820503967,0.7886448660074697,0.0,2.0
241.75088179246637,-463.06387116217155,7.004071066083043,0.9625981494734805,0.5613374870349523,0.0
319.19284286375876,6.8263677201762984,6.595625849427473,0.7449979027357821,0.0,2.0
-218.24939307569275,81.74699055428931,6.166035460337163,0.7462700990788931,0.0,2.0
213.43788622047444,-203.8154491909085,6.932834897959133,0.7189787117931269,0.0,2.0
444.1271582604881,-15.303445606506628,6.375505573063984,0.7820316057629589,0.0,2.0
-320.1105410278929,-21.153230214661125,7.880993999533019,0.7736884748721308,0.0,2.0
122.59055250162527,-221.41201658474327,7.445380574225677,0.8037693757472564,0.0,2.0
-234.165808603756,-76.65060141115708,5.82964922003651,0.7303637255220632,0.0,2.0
78.08658960638284,231.22416968028463,5.015201625779574,0.5897763916901632,0.0,2.0
-121.47810274500699,178.71364564395586,5.709573703832342,0.8002637680585433,0.0,2.0
86.9010826238128,-281.8890448033049,7.492290018164113,0.7071382044066319,0.0,2.0
104.72668220723068,-228.90045780883023,6.519842415448549,0.7375977411492538,0.0,2.0
-31.582623754705242,206.05060692426335,5.730383242868123,0.7311165098642468,0.0,2.0
-191.71842797447883,172.624723696189,5.364027583564026,0.7489084157101937,0.0,2.0
-275.1279890236499,119.33740062856339,6.502760541902925,0.6935427510889136,0.0,2.0
-209.85303249972668,49.45043001967944,6.0177485020901065,0.7363012304396686,0.0,2.0
-217.16794421880488,-31.92732932248946,6.282750561014258,0.6862415550566744,0.0,2.0
230.3892191525482,4.22517743955224,6.49352565190784,0.8034388907198633,0.0,2.0
-143.20340444465535,256.07048627005827,5.970055297749896,0.7201499805675861,0.0,2.0
-195.6530447588016,-260.95444577604496,7.9018061767670265,0.7961596880376346,0.0,2.0
263.7661594221091,175.7567023188845,6.399765923225812,0.716004110798647,0.0,2.0
329.27572091556954,-132.53860621431005,6.701061850198551,0.7294006716385084,0.0,2.0
195.39983278491187,170.68256085759162,6.8463735129227,0.7846831871173963,0.0,2.0
403.31223218887106,-105.82296483189123,5.633698550477654,0.7519271402148644,0.0,2.0
62.62537553151042,-102.18057466737497,5.409309491082482,0.673274538773741,0.0,2.0
-243.60543481837246,-194.4344030369711,5.871960541734277,0.757699975210406,0.0,2.0
247.0544800887134,11.063829698148282,6.170915192690898,0.7106375523246886,0.0,2.0
-189.84062536931862,267.37937337193193,7.15907488555212,0.7010063047402741,0.0,2.0
-218.00102679393623,-104.04867832681477,5.616172122255634,0.7410876034430105,0.0,2.0
-66.59976221136473,-202.43176041614012,4.572448298760387,0.5934427999047764,0.0,2.0
-160.84742643153092,-159.7885115072574,7.028811952952497,0.7250790912028747,0.0,2.0
211.56054351239044,-333.5692925448318,5.832531238711471,0.7083851521940902,0.0,2.0
384.26549180741785,-34.43401789606887,5.330882851909396,0.7724018042763987,0.001253728243504525,2.0
-42.44156381328981,-116.01351009940797,4.22484885798947,0.6389463275159679,0.0,2.0
67.96872489948068,203.01600450931372,6.454672122062262,0.7252500415641109,0.0,2.0
-23.564576789984375,221.95123635551028,6.060265646883211,0.730708726302458,0.0,2.0
-205.6809084450868,-150.44919589864546,6.622356519409751,0.7379834537034953,0.0,2.0
226.64687590111276,-163.14587846182792,5.842773909045388,0.7553331017127085,0.0,2.0
-259.98483376361645,-179.71502721941533,7.598366395586794,0.8077557189738322,0.0,2.0
38.36000996163838,211.55641240881653,5.600218801167329,0.7688031805303983,0.0,2.0
-0.11251006644511384,241.43008619299067,6.334680308016383,0.7316111182737115,0.0,2.0
50.79828696105934,303.54569130263104,8.36552547435782,0.7882282790550486,0.0,2.0
166.8419642127643,164.82732526787612,5.795084889805171,0.7525721718548872,0.0,2.0
-305.1289981255672,-285.28171226657804,6.350959883851763,0.7188526209187496,0.0,2.0
-203.36764277266317,-115.07351634033239,6.751643646957318,0.7102007249465369,0.0,2.0
-218.69683752951983,185.3425218106824,5.156938680365134,0.6313335728605887,0.0,2.0
64.80273736305644,220.58562108269373,6.303128345825394,0.7127227518113769,0.0,2.0
-95.56617852507374,182.89996057884642,4.731725047780161,0.5748205748183483,0.0,2.0
-353.07227161921827,180.79740394761671,6.4246726192265555,0.734628726762059,0.0,2.0
175.53389212241876,-257.46363038075935,4.901951500831243,0.5948071539207411,0.0,2.0
163.51244258373026,-326.86083068608895,4.560287593197845,0.6421508283822055,0.0,2.0
-37.98670288436353,-251.89030577878523,6.519120607777945,0.809753623999614,0.0,2.0
-8.527605782721153,-416.799539949838,7.38920044769271,0.8163728744092267,0.0,2.0
248.07741628403787,-184.4741392173653,5.495992456755382,0.7263601123521412,0.0,2.0
278.52862139261845,-21.51998943705512,7.797035794387239,0.7799336712243401,0.0,2.0
170.25757721358147,-221.31873919263373,6.42803416149292,0.7448173559297804,0.0,2.0
27.51724871720691,-224.8412096629172,5.979729174943156,0.7483307915277305,0.0,2.0
270.7554287484645,95.88404643192894,6.303773709747163,0.7118891716953636,0.0,2.0
47.70037943392591,-101.27742607543266,4.880578525669108,0.7698670366842948,0.0,2.0
198.70146648695282,341.63608775713004,7.594483255419507,0.7757814035538563,0.0,2.0
-264.1026016413401,-80.39125274754943,5.321913943772704,0.6867850503321324,0.0,2.0
479.21216983961483,205.49176612376857,6.504814473882272,0.9129167661207127,0.42990167609652136,0.0
-180.3392153527033,158.5574907655634,5.426714613830111,0.6797636594020372,0.0,2.0
-131.83734067300009,-281.34044461815466,5.803592544623225,0.7349506169615937,0.0,2.0
242.76597759419036,80.20797028779181,6.591524344572433,0.7705145410832904,0.0,2.0
266.79397362320424,-22.387848029079226,6.76335615381898,0.7252492542333414,0.0,2.0
-152.45350427328458,-266.65939984516274,7.449460885466335,0.7763371334367412,0.0,2.0
172.45756354177746,-13.428328921347955,5.530813307607804,0.7417152356877781,0.0,2.0
-141.31037852566647,227.32476672278366,7.333726597069266,0.7878849501614371,0.0,2.0
-294.67724693321486,-237.03453526442541,5.543623288661788,0.7132719685204648,0.0,2.0
-151.8629658898933,202.66031506727026,5.9469956009493545,0.7562022071006308,0.0,2.0
235.82019928824582,28.632817585586864,5.042683833515055,0.7461283355305544,0.0,2.0
-71.28743864868088,-224.5483097546981,6.600450178269236,0.7005701287172977,0.0,2.0
208.69053756374186,-247.93259344015132,6.544997250104179,0.780439977788251,0.0,2.0
-226.61211793066795,170.99855634060756,6.164401885041002,0.7392121116539916,0.0,2.0
170.86876630732675,-153.62298492166653,5.775087774065951,0.6445841854297744,0.0,2.0
377.8037285200712,-54.19950548014597,6.2657950135520215,0.73746277697881,0.0,2.0
119.53796514141976,388.39399201955445,5.991120390618433,0.804284980565604,0.0,2.0
-21.058946165845146,300.1990366041406,5.863330576110596,0.7846612292229482,0.0020479430834812584,2.0
230.06072756921188,21.34473562786595,5.616973135438144,0.7478545456935551,0.0,2.0
257.2592204065113,-130.9412997704967,6.698755527197136,0.7558417682788489,0.0,2.0
-528.2767305675211,56.277461087194744,7.11683224497027,0.9688662229989378,0.6220029330289,0.0
-383.64641112787353,-98.11758517301078,5.20914004070824,0.6302878471843211,0.0,2.0
195.9135108367672,281.46270154329034,6.450672039914381,0.7243144193460013,0.0,2.0
-46.78081781811155,-276.74596974803535,5.455964810403816,0.7250383502561301,0.0,2.0
5.405011650163581,-139.79828856803633,5.2113957836504925,0.7483125088257893,0.0,2.0
-437.0803955153539,142.56966238957057,5.486076497307121,0.6925822417333938,0.03055679438643707,0.0
170.56063680422164,155.13469072327416,6.110944399144179,0.7428591458591607,0.0,2.0
80.88138633089093,282.44253899064427,6.239979662410283,0.7434244384432714,0.0,2.0
-73.23698205398244,-324.54612311148657,6.56095624869637,0.7477252095761201,0.0,2.0
-199.29366255735079,190.6664269016887,6.360599717943485,0.7077732158860001,0.0,2.0
324.4035508390284,-194.55686025722633,6.803743696732165,0.8234494288585585,0.0,2.0
-82.16013375089385,-194.4553077992879,7.305772820535625,0.7523375129197079,0.0,2.0
242.12447254787523,-107.80898118123426,5.204535035696065,0.6415874393148303,0.0,2.0
149.91587345179278,185.9757062539039,5.708980721443282,0.7518015853131261,0.0,2.0
141.32093237884285,306.2388004571601,6.717846950654071,0.739030087692765,0.0,2.0
115.2044241215315,305.9103415229336,5.985821205208588,0.7662835556655784,0.0,2.0
4.93008040772219,114.36999060605856,6.082766012161618,0.7300045451027443,0.0,2.0
147.0582788059074,207.81327906487257,7.1510999885101345,0.7719728613656128,0.0,2.0
-80.03595181461006,-54.91705770762866,4.854859852359067,0.613207542060532,0.0,2.0
-185.54246649660976,-133.58414813831638,5.3446577383907155,0.7441983283121566,0.0,2.0
-261.0998142991801,164.68342464324306,6.184395306113042,0.7446930676373678,0.0,2.0
82.84630426868179,319.09683619483314,5.443073922651834,0.7472481520767851,0.0,2.0
-308.5005065747085,-200.81313407073125,5.328821783327349,0.7708191064041502,0.0007738308879589014,2.0
215.94666059505937,-272.5277804475607,5.82596558346379,0.6938697763501513,0.0,2.0
-220.78786915225203,-362.3165466495384,5.312207905011474,0.7055538969854047,0.05364203834501982,0.0
28.463197735289647,366.94314181225775,6.7904143081207735,0.7956076335415372,0.0,2.0
-299.8745309067395,109.76142036210373,6.058487278840876,0.7391714414978464,0.0,2.0
44.237546577905924,-221.02468636634327,6.488968263140222,0.7291289786731238,0.0,2.0
8.411569363105063,178.21030389815382,6.588742724388007,0.7469372789867784,0.0,2.0
208.85644435058302,-130.76796214258798,6.677105638760251,0.7381815041590365,0.0,2.0
-194.86564643520316,-150.53371385638107,5.820491562147115,0.77001077111315,0.0,2.0
271.10128834270176,263.4709691320608,6.77149012115076,0.7441709439868176,0.0,2.0
238.11862888210982,216.67718934474746,5.779750893063634,0.7279189548571614,0.0,2.0
188.20565176898833,-123.12031076162967,6.833565204720653,0.7457978437253288,0.0,2.0
-290.07786555920217,146.01414853798403,6.363396787681053,0.7328371835285973,0.0,2.0
205.88975804743598,144.8598774969884,6.7792638390238835,0.7468112061783075,0.0,2.0
183.23925838419694,-90.71751340464311,6.756491263698634,0.8112897895504801,0.0,2.0
-204.53778319103395,70.04841349366737,5.527930820048138,0.757203493574542,0.0,2.0
-32.41226521257909,225.6396713376942,6.248181787578368,0.7527206906261874,0.0,2.0
198.92558745048913,224.38732197382274,5.307466799020173,0.7383185696249561,0.0,2.0
-254.42012091021112,-209.5438116159712,5.834944429555717,0.7669531790865858,0.0023725307752679534,2.0
223.49584505593162,-217.50661274020055,6.539746825284599,0.6679598155709635,0.0,2.0
295.946926241809,30.2296938548699,6.1501127737418555,0.7146068794067446,0.0,2.0
55.41513239907778,218.7619161469991,5.628318088469325,0.7373074214314987,0.0,2.0
-381.68318730573776,-21.64765860522246,5.72475902400374,0.7777960050146667,0.0,2.0
366.68913185441085,-274.4682681936532,7.475534834695097,0.8015450920534396,0.010905981192707024,0.0
147.16893308515537,195.24591041620153,6.1875584016605405,0.72865965844066,0.0,2.0
-173.21169014336016,-237.91733905961033,8.077419649036443,0.7895860066036821,0.0,2.0
251.76573474073342,1.8276601003129997,6.630693194577188,0.7312405784958498,0.0,2.0
-250.81248785959593,232.9926593955428,7.618953809388715,0.7428101756365807,0.0,2.0
113.8985030547336,343.9324200833603,6.62573987723284,0.702773832173251,0.0,2.0
-257.7004094438381,39.12287667770136,6.679071383465711,0.7285338789382525,0.0,2.0
371.70383470032453,222.93222547080617,4.51052112061184,0.6405916768774875,0.0,2.0
-172.39005301269344,247.67993609720517,7.08562982547531,0.7861133945045337,0.0,2.0
220.64035383664543,-187.72764132280162,4.893622882215161,0.5849907695518786,0.0,2.0
319.1742993913389,264.4917151831062,7.709596289830619,0.7499565230149915,0.0,2.0
112.96271214076123,233.75865459590017,5.962685620549691,0.7628977889578054,0.0,2.0
436.41054928358864,223.06457715568007,6.353621654209023,0.7819531023295215,0.002718697805065791,0.0
-226.96033939387883,36.75710918722137,5.442334082072893,0.7507851387074275,0.0,2.0
231.7576579663497,65.004124992367,6.509734449462073,0.731786601396507,0.0,2.0
114.31066912724656,-326.66519926033567,5.403195886015585,0.649109604849018,0.0,2.0
252.33757501446144,20.20773206613172,7.143850981891939,0.7883121613373654,0.0,2.0
-153.25366880113197,213.66181056996018,6.589557284297542,0.8007728439323936,0.0,2.0
-41.24811258640671,297.3145864990006,5.931128411088417,0.7109667048642395,0.0,2.0
-61.88650871257065,216.34885556297945,5.393311472727597,0.7196280450251307,0.0,2.0
345.1051217612186,-200.58255090224196,6.491762657767152,0.7471654619900306,0.0,2.0
-77.64289673552571,-90.76178482048334,6.1416137945074265,0.750396855903476,0.0,2.0
-248.08788147848153,-218.1187997775453,7.454956746340858,0.7979335612535953,0.0,2.0
-179.20506064439584,-63.03770469746064,5.298230682416406,0.7262701557270517,0.0,2.0
-277.26346634933907,84.25390677387105,7.527858695764336,0.7847122006162539,0.0,2.0
236.9760554571398,-139.59809020268617,5.624680447424169,0.7648584585556326,0.0,2.0
-89.29425971894914,309.915089958321,6.9273630500075445,0.7524842157139403,0.0,2.0
-163.9362623672083,-65.96283954870701,5.923539036419744,0.7506441561799421,0.0,2.0
-232.81860707516014,28.63247078538113,5.827183806742837,0.7620472267071907,0.0,2.0
207.1292319965627,-120.2580490533809,5.832725834520586,0.7622986334378181,0.0,2.0
-201.75442666451144,11.083503690905971,6.413913838917609,0.7438328597209897,0.0,2.0
-41.061911195180855,227.80232623572067,4.78561236822633,0.7520407352687969,0.0,2.0
-284.07094277760575,-82.5898711415632,7.213172778023354,0.8077716261984094,0.0,2.0
207.54452573636877,-220.52592391722297,5.396043748087069,0.7372335879821155,0.0,2.0
-338.0460319739328,-158.19790808736116,6.221051025870781,0.7690218185285603,0.0,2.0
-92.640439153761,-198.408519901916,6.4211065464725126,0.706942401261252,0.0,2.0
-218.9711038980843,44.10920541676376,6.224945419006787,0.7492147584918855,0.0,2.0
10.287206263344087,-0.08164270519090418,5.150126471865933,0.6432282503785093,0.0,2.0
214.5318138917173,57.48757779750096,6.281048469456872,0.7114059989009638,0.0,2.0
-155.4678439885522,293.2758729300947,7.127174163804643,0.7289172083160758,0.0,2.0
-279.6983282504849,65.3538096262415,6.650514062431123,0.7144622298994863,0.0,2.0
231.2848337969326,200.94683908452492,6.993624521381293,0.8078966847118337,0.0,2.0
7.8583050874398745,-234.13048714114626,4.740912970266782,0.6435802153624636,0.0,2.0
-306.8394465395856,30.346433207016034,8.082120518900869,0.8258446682995846,0.0,2.0
-96.09022769066269,328.3514071264002,6.099053895984439,0.7273922254532815,0.0,2.0
-197.3972973421297,238.22049906000805,5.409264252385184,0.6806299598218134,0.0,2.0
280.95291493446234,-2.7472093480671145,6.722602122871752,0.8031181643779172,0.0,2.0
221.98300230215534,38.88077413081337,5.492569616863986,0.7522212803361781,0.0,2.0
-275.9297262189416,-63.77159034166445,6.090289724625109,0.7335844841516987,0.0,2.0
236.60053313217523,319.8457719117317,6.706889321610871,0.7988770133118176,0.0,2.0
-207.04150222160862,2.3643057880251797,5.819399532116707,0.7104973819741891,0.0,2.0
-123.80576542061445,343.1391978897998,4.436909514642737,0.6428897997665077,0.0,2.0
-153.18527524939714,-166.80480403885488,6.068496434763624,0.7130037745451714,0.0,2.0
273.4141915455252,-98.0705093777541,6.179616831481828,0.727306638463987,0.0,2.0
315.25595127421764,111.78660281463014,6.001522388824788,0.7537729879504242,0.0,2.0
252.71005036680648,-252.98072256035226,7.223594032073844,0.7472232851206934,0.0,2.0
412.0670072236838,60.340349274454795,5.841804885342014,0.7805841986813623,0.0,2.0
-248.1594957865224,-176.8890566282884,6.898315972092528,0.7304661059790094,0.0,2.0
-328.6640424627202,17.21303462297619,5.4255124122740614,0.6683025000084318,0.0,2.0
-154.82188959206778,-176.99725913001592,6.599373949577948,0.7382371885655024,0.0,2.0
-105.63121620843124,265.95106334131765,7.012858056625813,0.7862385837339245,0.0,2.0
250.05083215288943,-94.07213010844724,6.765089596577139,0.742126206157459,0.0,2.0
-176.2530388681399,-148.18084383770665,5.173675891966084,0.6459136280280826,0.0,2.0
92.78244724929316,217.51026076556715,5.947897903654492,0.7175050802333878,0.0,2.0
210.9587757630772,452.52690770767447,5.470683644428585,0.7974074980177764,0.04345096803543278,0.0
-227.34278198767532,-33.457195644939816,6.638297465447696,0.703106914188699,0.0,2.0
130.54132299564353,-259.6574229207813,4.170821971211034,0.6730163210097769,0.0,2.0
225.8422788076236,101.00404816105922,5.640083033403072,0.76367869734865,0.0,2.0
428.38783483205924,-181.2473082127596,5.206374456692536,0.8005396460950499,0.09367206179359013,0.0
246.16115931255456,-24.196895313619017,6.330703354139092,0.738034419517751,0.0,2.0
-352.7934378347461,253.71139746586488,6.357486644259631,0.7726164083384381,0.0,2.0
-190.48723320177479,-126.68630732354059,5.147209935339238,0.6208334440412036,0.0,2.0
111.21944708996222,128.70563993833233,6.686689199526823,0.7825772325090368,0.0,2.0
-250.09108048994693,-158.35633348962222,7.297630513384248,0.7298286366107956,0.0,2.0
-191.33180891114088,-182.14953575256996,6.4573712337810685,0.7339521239085988,0.0,2.0
-226.05661260345425,191.56467904377044,5.924473367687883,0.7591723160676336,0.0,2.0
-135.09283811843767,116.55978351094008,4.470036268849286,0.6486652222840015,0.0,2.0
-98.94138234674885,-156.07240140949233,6.497234355375122,0.7142707263675429,0.0,2.0
-33.26119759518379,-178.98467552317402,5.7722991064093225,0.6981438456690817,0.0,2.0
97.5859179818447,-165.42695928372459,6.502722314992904,0.7719340151774118,0.0,2.0
-71.63617330162383,199.740265500127,5.455662033573624,0.7211051475996912,0.0,2.0
-224.29906265742403,-61.73418179112818,4.091300547602872,0.6505382549937873,0.0,2.0
-181.48709489247162,192.8698119610529,6.614571639043572,0.8638425914950115,0.0,2.0
-85.93946893592195,244.7988102141972,6.871264482254852,0.7964506964063031,0.0,2.0
-189.36436808398113,-313.41266789773357,6.142885253372039,0.7336621445218522,0.0,2.0
234.2006237127291,96.17948827570429,6.112835834780915,0.7535307886207393,0.0,2.0
97.21427200150467,226.8087116950873,6.304804967713721,0.7277717003910306,0.0,2.0
370.0285969734706,114.4674987628744,5.200762184410425,0.7350908963055215,0.0,2.0
-104.41612557650673,-238.63623457338534,6.220871766094066,0.7040128452894596,0.0,2.0
-250.95829857793322,101.02243638825664,7.352416101447789,0.8078679262592078,0.0,2.0
-5.1033560711448684,291.69523645658916,6.669282456999532,0.7272300639343093,0.0,2.0
-97.54011852673631,-164.82194393654137,4.745874261993954,0.6106033088359425,0.0,2.0
35.135789191110526,267.1804374872964,5.414899918487619,0.6248235430939793,0.0,2.0
278.86186364101894,-126.36139298146331,6.532844455830958,0.7248896381127325,0.0,2.0
341.35627446738033,107.7784020138328,6.432095427224576,0.752879382551241,0.0,2.0
-258.70114062804345,302.12724708397826,5.71070554392726,0.728597837031769,0.0,2.0
-261.9019698647922,269.6639952758981,5.0202619956476795,0.7626043143123331,0.0,2.0
338.3482253996101,97.77745807999375,6.55097622210179,0.7530106590191818,0.0,2.0
137.02266564800453,276.5215107283665,6.322857947885149,0.7312096849464033,0.0,2.0
268.8110097775463,197.68563744757307,4.692007161015321,0.5614365571511084,0.05420944527163314,0.0
-189.19838194803253,156.32546296430255,6.149810674820538,0.739123988712767,0.0,2.0
-142.70379114928335,216.5396917240436,6.24555133839348,0.7486981776384386,0.0,2.0
-206.89152425210443,19.5510942151212,5.384493028916533,0.7280340593244491,0.0,2.0
312.47577477851854,62.78207562055722,5.239464981916677,0.6178285273894487,0.0,2.0
271.26908690010475,105.90618623180066,6.221842424042361,0.7534228830658484,0.0,2.0
-246.6653960925329,275.2878586721573,5.525617511087215,0.7612425133600741,0.0,2.0
252.88024665342488,-298.4575080467758,5.9546136354044865,0.7313555243312678,0.0,2.0
-233.98718874146823,-52.055007132589004,4.791492618745385,0.7150878472009884,0.0,2.0
-147.55207273039105,247.83163811541527,6.632697982606393,0.7438754196871573,0.0,2.0
-180.9005876106599,-356.58971448564967,6.263923417521387,0.648464846355932,0.0,2.0
-316.87131587615835,26.801572388892108,5.136603305028229,0.6482654763909298,0.0,2.0
-211.40383811404237,-142.0539662914283,6.218495204423906,0.7388248644842087,0.0,2.0
172.1178087259893,200.07233804251436,6.15100541732026,0.7487792200657784,0.0,2.0
187.86475481042746,126.99531819213668,6.377949261198437,0.7162185198914955,0.0,2.0
-140.92271862448396,-200.86688539830672,6.901127986777847,0.7340851708302766,0.0,2.0
-282.4669655683928,224.9260916974771,7.8888482725736635,0.8026753655902095,0.0,2.0
-50.435656967049106,126.30466955843488,6.528473376945837,0.7909844692349164,0.0,2.0
43.37507835005922,-259.2999903654634,6.403090485988658,0.7222335234794494,0.0,2.0
253.39305115441186,57.730901723943305,4.3716232556040335,0.6536569869888338,0.0,2.0
277.3468554635298,-178.4668795813778,7.325021157269736,0.7161726240939353,0.0,2.0
217.26092453857044,105.12988621283051,6.185883790032251,0.7361653653024773,0.0,2.0
27.643848587680584,476.0453879416873,7.281779148194138,0.8525159929194343,0.05362103296740922,0.0
76.42615306259624,-280.0575196217391,7.068729472030418,0.7013510741005798,0.0,2.0
-55.06631474382257,334.3850088093653,6.354401114266571,0.6861682625024667,0.0,2.0
-479.21154302433996,240.85711817089998,7.23249837720988,0.9791532989331841,0.7712187053630594,0.0
322.11258879356814,-97.51931816405947,6.9598815801389335,0.7635974161722557,0.0,2.0
-216.64941140438168,20.209396912412224,6.427468520316761,0.7342832929516232,0.0,2.0
-405.7722053765061,-71.10400775109855,5.579542094341272,0.7307232710738331,0.0,2.0
-118.45005413726811,213.6021545793945,6.881429377506383,0.8010937916055915,0.0,2.0
175.42905757202442,47.019897759473054,4.633544079539687,0.7463028582390188,0.0,2.0
-268.33614728703475,23.093238993683848,7.225970880567409,0.7398596707940145,0.0,2.0
2.853172256383374,416.14486898492765,7.29648994487814,0.7491340059660088,0.0,2.0
209.59013882045795,435.3024390378303,6.842087281706272,0.7736211019758849,0.0,2.0
-188.63607408801522,-159.69727325751575,6.599724284019678,0.8156056667273217,0.0,2.0
306.1157007574114,14.79448036243853,7.272882214360599,0.7322138517027246,0.0,2.0
-82.74806383419416,-269.8524789028041,5.893702770769591,0.7534964723991423,0.0,2.0
248.80397358980852,-83.5098451306166,5.96376230251403,0.7406782378105805,0.0,2.0
306.21097999942214,-300.61567302394855,5.751813786348443,0.6694310647027082,0.0,2.0
-244.06344846030336,109.50807640778055,6.247269847720198,0.7490432887992136,0.0,2.0
16.85497122736612,272.8201355499009,7.54402622947782,0.7903863653541412,0.0,2.0
-111.90143647559901,284.26967878803106,6.454052042291275,0.7481007087344804,0.0,2.0
191.79810517263613,87.10881721845931,4.945124483932046,0.6686775271132985,0.0,2.0
-174.9440029817314,-225.95838991931475,6.197293037610323,0.747941207109784,0.0,2.0
156.0946202656731,-264.11229137589885,6.888385652657243,0.7396048437471008,0.0,2.0
-27.663450548784347,-249.48516203841695,6.010141780210113,0.6600605867371503,0.0,2.0
-182.74500761297503,183.94128443513873,4.255210178544235,0.6527240318044273,0.0,2.0
129.16901101781204,391.06145870225123,5.850093095556653,0.6882480518026426,0.029497194669865154,0.0
122.24590719652662,-275.5392955830268,5.7380801416264955,0.7400371458468922,0.0,2.0
-64.68150262073975,-264.67717711631224,7.072752413106889,0.7389866116294157,0.0,2.0
-67.47106021955241,246.15666645221296,6.593985605802336,0.7931588018977052,0.0,2.0
251.2583300362375,-105.09300867365792,6.695993789085686,0.787894684395209,0.0,2.0
93.87014154483597,-226.63923827443503,6.081232840421203,0.7436832834099094,0.0,2.0
-232.74610562062105,92.44983912641248,6.3200963886241315,0.7318944279929034,0.0,2.0
-168.55312195238537,-319.10098271073593,6.446291108879607,0.7829333245874899,0.0,2.0
-193.15797724685245,85.74475975332125,6.237335756334734,0.6761727488139394,0.0,2.0
-124.12090957083481,-121.2506223533042,5.130885049758427,0.6513513831716166,0.0,2.0
-57.68827705867077,281.72078119415323,7.030347995646669,0.7540286717869509,0.0,2.0
-122.09091146559886,231.2154404772538,5.658408613789148,0.749014503193582,0.0,2.0
-61.48338715884653,-225.10138022484674,6.634826490563157,0.6925195417049964,0.0,2.0
45.71467514069779,243.5747737561935,6.932013028115773,0.7465104890294642,0.0,2.0
156.735780344394,84.24630722503399,6.250375184748585,0.7544395757300053,0.0,2.0
159.61378305192753,183.91306290933366,5.619412914507059,0.7456058425876564,0.0,2.0
-201.86190355469083,-96.44020215468754,5.764010365892008,0.7027496387691214,0.0,2.0
133.74470199513442,-226.13649319946967,6.903233785245803,0.7178573896170805,0.0,2.0
211.92112117961716,72.82957410129416,5.354571335327781,0.6630479699346401,0.0,2.0
41.98755972037152,134.99048234307025,5.260371970263305,0.7470921149558662,0.0,2.0
-243.24415921044542,-292.4185729618566,6.7590512073595,0.7446439523753847,0.0,2.0
290.53325031563014,-57.510822046795376,6.313289507362811,0.7281998834861378,0.0,2.0
232.92932801255049,-61.687332661335596,6.30830754311348,0.7653442286493124,0.0,2.0
-205.83354561833815,-133.65109691615427,6.011075957949396,0.752242018130521,0.0,2.0
63.11107169412403,318.0632342111284,6.731026063503889,0.7161180921809729,0.0,2.0
-61.423293159242306,-99.83170085014044,6.1837405434386365,0.7169715985534598,0.0,2.0
-154.73489103204128,-381.5540575884499,6.672680241350333,0.7397884277236669,0.0,2.0
-378.48031845609876,125.09150693361735,4.920432468631996,0.7657895776823684,0.0,2.0
252.23613108691168,85.08363927643941,6.477180548920362,0.755787466091689,0.0,2.0
389.1518330996647,330.40481229575863,7.2425625590318115,0.8639934878052735,0.1463390896494333,0.0
53.14182630461629,210.35157497495663,4.8886510719924585,0.6629764542803955,0.0,2.0
-126.35251139967238,-238.1466375275269,7.39745957379311,0.6851902182943771,0.0,2.0
-104.76045515259129,-265.75513180007226,7.628495823697369,0.8052946975474399,0.0,2.0
286.4351912507562,-323.53426382507274,6.809573885535736,0.7503663919870349,0.0,2.0
-246.57266191951777,-87.51561167320136,5.002511874963887,0.696241216951365,0.0,2.0
155.98432042565165,-374.760564510111,6.901268319071383,0.7597236605298675,0.0,2.0
150.76453035952193,-219.25485264975455,6.651767837120536,0.7408521231860858,0.0,2.0
-233.56490026350963,74.8131740493762,6.663748702078011,0.747911801150594,0.0,2.0
247.51490624764074,-41.8097655509524,6.503690682834281,0.7555853630659568,0.0,2.0
257.9066458560682,64.35832882720949,5.863351700548683,0.754180051960957,0.0,2.0
-47.89792037833602,473.374970595256,5.993476751126305,0.7413333097373621,0.05093791589155207,0.0
103.04972465056376,269.67226509676885,5.762685240233465,0.7494534691665854,0.00037197858052972143,2.0
106.65807518779594,259.82558920113013,6.9968911401428056,0.8105495873753272,0.0,2.0
-55.664445111673395,-386.4630424307167,7.686118058387635,0.7993578426662482,0.02750720735444351,0.0
268.6218182078583,149.99094310156198,5.3727047574262405,0.7517711371408919,0.0,2.0
269.46115716948174,283.02060712899214,7.446159816230164,0.8017001757289524,0.0,2.0
36.108006240792626,-405.0974745480118,6.675519657531614,0.7649635213302441,0.0,2.0
-250.28290058662688,54.18704853983931,5.510846162158216,0.7355019903189656,0.0,2.0
249.6956711262354,-344.10640428366355,5.205939031435003,0.6626448945156699,0.0,2.0
83.14183179699062,-269.970484563444,7.364983806990283,0.7589962644900187,0.0,2.0
231.67298714129075,-122.45490084819572,5.394599417147662,0.7316094003736799,0.0,2.0
-175.86531759643518,219.11713366176605,6.845432952061304,0.7421860810159776,0.0,2.0
263.7843304362909,-138.87200033121806,5.728944004386714,0.7294499113851249,0.0,2.0
289.3021043166681,447.10578399335895,6.104701163112297,0.9503301388703194,0.6028704189155375,0.0
48.18981732877761,139.55106214393857,4.595729818407992,0.6431737985073239,0.0,2.0
8.244072787593272,-218.34209303787438,6.527222011204715,0.7210744362205912,0.0,2.0
-136.93504337453265,245.58581762205662,6.7404070764578785,0.7975243586128059,0.0,2.0
273.98664707910524,-156.94577895292687,5.298873770226097,0.6220972149942537,0.0,2.0
118.91699504772828,-385.66861909083474,7.321745718092229,0.7828824741945756,0.0010071477848334804,2.0
338.8148144519273,-242.20191929057424,6.150117091830753,0.7460070008633201,0.0,2.0
4.876289898020191,-345.1335859064914,6.7727383599015525,0.7447011988368503,0.0,2.0
32.54667589156262,-294.93976115858294,6.616194298670867,0.7282311439709782,0.0,2.0
221.1235678855539,-171.1355256755425,6.529486073652583,0.7603357950283532,0.0,2.0
132.59614580419253,287.4240504185176,7.103268921161898,0.7863182599553814,0.0,2.0
-150.75106726952532,-204.62799132070367,5.741130018095809,0.7190435507531311,0.0,2.0
108.57706004203251,-343.0157187293552,6.092597601316189,0.8219736830184221,0.0,2.0
128.25045768249964,203.56008075593184,6.007283107205358,0.692288378675363,0.0,2.0
280.22241820940485,81.88800803532953,5.639145968602087,0.713289179289464,0.0,2.0
-8.17650438003709,234.884915234327,5.6241131164058995,0.7136842025045029,0.0,2.0
6.278163137240977,-297.906992163785,6.4009882543000005,0.7507233958737424,0.0,2.0
-272.0120876559114,12.19649756951139,7.190780589043651,0.72679780118277,0.0,2.0
87.85650121671156,-165.432328174811,6.303612767258923,0.7377038177112795,0.0,2.0
-42.447780102821156,359.598028721645,6.372126317246257,0.7402548633619943,0.0,2.0
-275.7780531443168,56.95881268340182,4.486382437226285,0.6368513625278355,0.0,2.0
54.842309541046724,-278.8637931742215,6.385470077703769,0.7833585156930394,0.0,2.0
209.14261115164,91.05287064286657,6.530807467916498,0.7461850760901207,0.0,2.0
161.9743571272994,-274.14257505173674,6.158746600325419,0.7362688328417843,0.0,2.0
138.77216844031366,224.81041861349257,6.661368869718446,0.7308630092981786,0.0,2.0
156.65127152019568,192.51442537075621,5.435851612724912,0.7443576555559289,0.0,2.0
179.49980718330355,71.41277343071874,5.834958433623098,0.7539584917596363,0.0,2.0
-129.62865581930936,-248.7139615276811,6.878813005615363,0.7311843539892637,0.0,2.0
198.0081653912968,31.672030386940484,5.089884494614313,0.6223703197761822,0.0,2.0
-171.72194093861938,157.0786442679538,5.758850972258778,0.7633180830766647,0.0,2.0
430.05146821060873,-136.28636563038194,5.766966800377608,0.7752842900155436,0.0017159848219977546,2.0
-65.55724632765794,308.70071075932657,6.919730135042087,0.7789330776188866,0.0,2.0
-273.8286722216474,73.60369101210247,6.03751631586666,0.7027603743165359,0.0,2.0
76.6623394420999,-239.97640724365465,6.01881190428723,0.7332359316015157,0.0,2.0
-246.85115590032922,118.94191279363525,5.383711028019508,0.7492236075395337,0.0,2.0
-190.79226122935373,332.8088444457281,5.426451318168399,0.7443813964745495,0.0,2.0
200.55877656497992,312.7806995549413,7.992466911784843,0.769429550925744,0.0,2.0
110.16155236466207,145.56845405824566,6.361313551670293,0.7272305876265351,0.0,2.0
-470.58745556873123,-150.87952665223293,6.251281976213955,0.8017748270585078,0.13790837969769673,0.0
-79.80210395979472,273.82639319763564,6.15871301173593,0.716189700924818,0.03327199956114493,0.0
-490.56483461793454,202.59917054722936,6.629133116944696,0.9791869493000334,0.7784886902402065,0.0
-8.030662890622315,325.2123522286104,7.507995140576357,0.7824269737226811,0.0,2.0
27.19752591218496,279.06674648908773,5.6193506930976405,0.7258267144573092,0.0,2.0
-204.65137595110255,146.68445687521358,5.809174254487455,0.7778863057224777,0.0,2.0
-156.8483352769208,387.7831781952259,7.175200846617641,0.7638176563710688,0.0,2.0
-268.3602176786352,-5.408435176612156,6.805388877580089,0.7347900638499024,0.0,2.0
-124.04478141630602,-203.9670218638804,6.0830383533243255,0.739482024815926,0.0,2.0
63.54908250834487,-300.6881732477112,6.608145937754165,0.7939778205849454,0.0,2.0
51.795035238047234,235.59107357576633,6.019655360674686,0.7235554840295882,0.0,2.0
213.77207410456856,-180.90131659985963,7.4728344638201385,0.7836402928763965,0.0,2.0
-192.24702841019607,-215.9286622500835,6.23926828314802,0.7212135918193598,0.0,2.0
286.51775310812724,-16.503897168185514,3.7829578218881843,0.5973009923316469,0.0,2.0
-277.55267696583843,-37.7028557885756,5.891881135974496,0.6659299031679552,0.0,2.0
112.56190574561968,-275.4442606193313,6.68759067206788,0.7409691790749967,0.0,2.0
-236.98943155238362,159.4230292552439,5.158107344640156,0.631887228892994,0.0,2.0
-81.27309950901825,302.0790620329844,5.875626211992956,0.7912353952318465,0.0,2.0
-268.00025889522044,-116.23330402465959,5.314484579056912,0.7425228822673678,0.0,2.0
-91.24673044806367,300.16889286752775,6.265625304956373,0.7305029671469253,0.0,2.0
-117.29695888990008,-210.17439815543557,5.382882734052807,0.6321074187604492,0.0,2.0
-169.457701281509,-259.5861212297165,6.2081559614859625,0.6979120408719939,0.0,2.0
288.1367786481246,167.14484318856492,5.860517760539705,0.7158888087703476,0.0,2.0
-524.1377328574306,-13.140775588934286,6.579366713406129,0.9175626808105554,0.3436829489813394,0.0
275.28917651403106,144.2027349517327,5.159454002941141,0.6317592287919154,0.0,2.0
288.5486614592143,107.07698181595835,7.245693577797023,0.732492175651125,0.0,2.0
327.8109040289953,50.16459986622263,6.847224128013022,0.7178810853370525,0.0,2.0
-297.7495679203394,200.94944704450248,6.060252127974314,0.7213911192524467,0.0,2.0
77.80143583844084,-153.89142657922224,3.8839152191826436,0.6588839085061114,0.0,2.0
-327.7564902604252,-171.37362438308634,5.551679482480096,0.7798753115150492,0.0,2.0
-243.48580861803552,8.902008636991157,6.13911338023585,0.7160518784764269,0.0,2.0
54.113779211768346,284.21101464227416,6.097105600211776,0.7428112994430265,0.0,2.0
-149.49672894602074,222.18154714981586,4.631222253420666,0.6014018498998797,0.0,2.0
260.00973025147636,260.49591943784066,7.196296511219156,0.806252773142935,0.0,2.0
264.72440303474866,-205.2285052290577,5.650552198409996,0.7563872106439972,0.0,2.0
-409.57387053118055,-61.04134673441617,7.8744809411471985,0.784793709449271,0.0,2.0
244.80535413187906,27.08520153299859,5.8788259552001705,0.6243359749833004,0.0,2.0
-343.831916466331,6.116052161594804,6.148676062938535,0.7462040768808357,0.0,2.0
366.0111275386153,280.6087600879387,7.665119440399086,0.8042630882973101,0.0,2.0
-264.4311297151597,115.8817223661895,6.558998839357368,0.7076077765183549,0.0,2.0
-112.11912453028042,108.41194192623406,5.219881653339511,0.6745297495439332,0.0,2.0
325.87715077681463,32.90055844527643,7.023291431885885,0.762390275816987,0.0,2.0
-110.47448387046809,218.34004943387845,5.080438083535081,0.6155940090381624,0.0,2.0
-159.64411378173824,193.89450551640414,6.787456330231209,0.8191181626207367,0.0,2.0
251.9324975234487,-32.43825071778842,6.811798540658533,0.7458363771065081,0.0,2.0
-227.89317526494742,83.18791328359686,5.847553497691705,0.7255481527383406,0.0,2.0
-259.47384263388415,60.527155257442146,6.277714971843096,0.7989020721812183,0.0,2.0
-35.46149221886471,-299.6364134680462,6.883948795417732,0.8007289499017856,0.0,2.0
202.40718980837354,-199.31293104659747,7.690311950072354,0.7861101931732554,0.0,2.0
185.46134398875262,-207.07977498754227,5.567701168906598,0.6053714456781262,0.0,2.0
161.8682512304012,-202.82706312724844,5.870722930101891,0.7328377122305073,0.0,2.0
-156.68842223224797,-187.17834897127045,6.282435124913342,0.7028455562695093,0.0,2.0
168.30489516266218,501.73949133335924,7.205140096381263,0.9557787523042407,0.5545277621890817,0.0
-278.05866219824793,-131.18484148540747,6.735615565119624,0.788439519538204,0.0,2.0
-60.821456465107474,254.95118121789105,7.080914369764953,0.7374328026461167,0.0,2.0
187.88292764408274,-305.9621846933351,6.581833909468727,0.7703701592356035,0.0,2.0
173.4919799193495,234.7019185513049,6.899470985281257,0.7320917129989404,0.0,2.0
-301.2620054779797,41.40981170744457,7.446511722012657,0.7178376407695569,0.0,2.0
74.41170883346604,-315.61467934146816,5.723855638961704,0.7202973352407985,0.0,2.0
-12.848355960614777,211.5936347960794,4.303612726994693,0.6043959315410073,0.0,2.0
418.20409308050347,42.7105198046007,4.957390917882591,0.6583813728696112,0.0,2.0
64.88269001049731,-226.6353755125098,6.028140365989141,0.7424633040629959,0.0,2.0
-144.57724065691983,237.98226736613609,6.150052215286131,0.7200427205295019,0.0,2.0
-248.72362653182913,-113.6250661190963,5.456017702002595,0.7627358572415016,0.0,2.0
-62.838148337535856,-274.77926062787276,6.792260025638262,0.7429337198989282,0.0,2.0
212.08448270884955,257.91414628762664,6.457825171638026,0.7526033721920372,0.0,2.0
208.65868788741966,-265.8433042380024,5.652290970179871,0.6777965178886887,0.032802851845885696,0.0
283.4950447521319,-205.12751345918818,5.786914809581918,0.6856567760444008,0.0,2.0
-209.10140961458296,-247.53693850333605,6.541716207878573,0.8022435707521816,0.0,2.0
158.02604183707928,-192.5840175179816,6.827024916772801,0.7217470383754047,0.0,2.0
283.95787708490906,-116.86778113693872,6.733534309914076,0.7434715969342707,0.0,2.0
-100.36433729675088,347.9155139199844,6.153318854390432,0.7287132780052994,0.0,2.0
-247.367897332674,302.98218887514514,8.293151762558285,0.7837429768040234,0.0,2.0
-197.9611281112172,263.4043449522032,5.590626803207031,0.5924892933662235,0.0,2.0
-253.10558211151698,-306.10677590406453,5.8032884699266605,0.726561326255795,0.0,2.0
-85.88827413364227,254.73884064653427,5.206218543981767,0.751043794429194,0.0,2.0
-257.92928333421986,-33.63059742923499,5.67047154408346,0.6687645928408619,0.0,2.0
84.70343863491149,-157.28146407142683,5.4431836693530915,0.6503661553864409,0.0,2.0
-367.0528846825222,-99.66982465007406,7.01908408689213,0.719847969738621,0.0,2.0
462.1924049858443,-167.64611086228086,6.0672202985333765,0.8830597134532316,0.20814418564121487,0.0
-230.78149151923503,118.88700209422952,6.374773232670775,0.7274383796090769,0.0,2.0
-257.16656820078197,-88.36916450858467,7.356626546355468,0.7140902794346231,0.0,2.0
193.3828870433333,159.8240156876738,5.310971888312957,0.7077851535335269,0.0,2.0
307.8376940845141,363.6076961901639,5.9624897122587495,0.77896051380529,0.0,2.0
-243.67595099431787,214.7821156418184,6.5184619924490494,0.7561713236613086,0.0,2.0
247.08073531036908,-233.96513324978955,5.9601162753502015,0.7354832094719279,0.0,2.0
-246.87044058473714,-129.82646018847132,6.246199277442808,0.7378102460808046,0.0,2.0
49.353282620836,-285.8970386707363,4.420584189699721,0.6494471747662339,0.0,2.0
41.09990581760423,159.97582187439184,6.009880734004547,0.7328224979462689,0.0,2.0
-11.91143128220499,-302.30785051960845,7.614313733866689,0.8034192031031006,0.0,2.0
-100.94179787243478,297.5863971616788,6.66628555244048,0.7694470869642613,0.0,2.0
142.35212976850585,-182.94335011892287,7.024934226312625,0.7068554833991151,0.0,2.0
208.9821696448545,100.28890117058482,5.547204341958789,0.7043828584232507,0.0,2.0
-179.1680305473784,-277.6872105595989,6.693742934174114,0.7439956754847278,0.0,2.0
276.40934261417823,124.22375389527333,5.24991909411101,0.7260318329609967,0.0,2.0
523.3429133985584,19.379774970937586,6.772611152385611,0.9363759127243191,0.41507817294694044,0.0
109.20405391877587,242.21817835963887,5.522932449986906,0.7488271792988938,0.0,2.0
-409.54635977044944,89.7092088309553,4.875320996224396,0.6327286419325666,0.0,2.0
-92.0083817956266,-208.00406834342394,4.98932669031822,0.7454558530592819,0.0,2.0
167.7808436738271,208.90099385264025,5.871461309342418,0.7451625349352574,0.0,2.0
-207.6502018890834,-15.198583484647534,5.1830516944623986,0.7531486601032189,0.0,2.0
184.24814157067084,-80.74435744413974,6.249391031524649,0.7442420117652584,0.0,2.0
3.2583232822121517,329.1441176956298,6.442640994553818,0.7404186767112342,0.0,2.0
-34.028628508703584,262.2941406019615,6.716912722921303,0.7467344322614351,0.0,2.0
125.49426394328943,491.55977429170207,6.567929317136621,0.8530012083783128,0.20761047093485202,0.0
402.69434545399434,22.663140453006562,6.52137572769199,0.7330960456555632,0.0,2.0
-117.90226539034805,-339.89122507890556,7.262656870584646,0.7012156514695328,0.0,2.0
-19.244943590995987,-319.4666714582715,5.97940487390602,0.7605300539185983,0.0,2.0
113.13174297254079,-459.2020394044073,6.885224883029499,0.7964178668888671,0.03186735235290035,0.0
-267.68348026301595,127.0998016780713,8.035171111928667,0.7759339386442652,0.0,2.0
-362.9940800305486,-243.68709620692002,5.945782414264866,0.7420614425162851,0.0,2.0
151.9906561578126,-201.8340500680959,6.864465280378207,0.7270808936426209,0.0,2.0
163.06777707499046,174.40149266325943,5.5892380260969325,0.7488335605460255,0.0,2.0
-331.66806040385194,-65.82898717736254,6.9760188385489155,0.7410505714415706,0.0,2.0
150.55344107285717,319.00777583821707,4.741929723427894,0.6399202755270801,0.0,2.0
37.98776008624003,170.54146154420894,5.943564906767419,0.8160636679237887,0.0,2.0
-29.27352343210259,105.1130497696386,5.934513754803289,0.6444059436514291,0.0,2.0
-145.36858280364643,-233.31577048411583,7.363481300443055,0.7646588101848071,0.0,2.0
-212.3388735065511,-6.234782530796012,6.145861464339621,0.7376976491657452,0.0,2.0
142.14949807376593,-273.495215993837,5.543593537038692,0.7299579866889704,0.0,2.0
-149.28512699047357,193.48376248642285,6.314345365416005,0.7427155971971692,0.0,2.0
-227.98186739272145,-211.02796919891355,5.856528069479527,0.8055910671296493,0.0,2.0
102.13633732601299,317.2013340525464,5.994617439491108,0.735975495208274,0.0,2.0
209.89526588845033,154.45252811661322,6.449226897729792,0.7204866999452695,0.0,2.0
312.35327564191255,88.68621908447432,4.486668932374379,0.7721319184727395,0.0,2.0
-97.92171015266277,175.28619192469054,4.436604962908453,0.5756379542897087,0.0,2.0
238.1061275267086,-53.98705343451438,4.6949638867507355,0.6874316810374859,0.0,2.0
122.44197290938585,267.96703552601934,5.977861451877798,0.7544631557621376,0.0,2.0
68.38870904637582,230.02040355553888,6.162311465984109,0.6910035786005234,0.0,2.0
194.71513611699055,142.58590026848995,6.043114321936141,0.8039051431659644,0.0,2.0
164.54463728373509,-183.04818869941894,6.909642311658024,0.8095383215468315,0.0,2.0
201.1549225214668,-68.8603358092666,6.3142538252016,0.7582139469359569,0.0,2.0
195.14227509583415,-176.31113344344107,6.592113095591533,0.7402421767353988,0.0,2.0
189.15695353793214,-362.7834785187651,5.501781326787399,0.652193188519716,0.0,2.0
294.38624418061136,185.054166025347,6.449121334017821,0.7189912661562291,0.0,2.0
-95.50185773391422,280.7584019202324,7.021895082108665,0.7343144083676347,0.0,2.0
-336.74426446182696,31.615349124276687,6.2652858739743555,0.7437653218980665,0.0,2.0
1.4518833361166055,-276.5806356987426,6.533657855441495,0.7570428668855524,0.0,2.0
-47.44177361634363,286.5387528406534,7.2769670226387495,0.7818009932567952,0.0,2.0
-88.40967928887186,-438.19632940014293,6.786600236006876,0.7744706812755573,0.0,2.0
-206.75092832695867,127.4644368849235,6.625984351649448,0.739818233463874,0.0,2.0
83.8136839307838,-415.2045935874004,6.519062141288211,0.7418804686594441,0.0,2.0
185.3179055612528,190.3517782748823,5.906372149896525,0.7469922570613345,0.0,2.0
-22.450400842936517,-265.15068803410844,7.044302001963601,0.7424316759346095,0.0,2.0
335.4977977465093,-67.63310327641331,6.851211665493465,0.8062025069897952,0.0,2.0
-218.96934899617312,442.75495709066007,6.560375378910207,0.8010673969310025,0.13757634063774168,0.0
84.44516781136801,-257.88555973940163,6.262016510658727,0.7116885768341762,0.0,2.0
-235.5884512191536,178.16547641910316,6.209798457318086,0.7362605792279332,0.0,2.0
-249.7324894233852,-48.90439337885701,6.284156824517363,0.7260522770793116,0.0,2.0
-335.8474924865048,130.27035575107774,6.542049168675128,0.7863537812803751,0.005695639378071926,0.0
-51.048947582367305,203.4230455506974,6.624239308364184,0.7361577318669824,0.0,2.0
-220.8196687853329,139.29514841120638,6.384713477497334,0.7405589562976506,0.0,2.0
375.742618885552,-97.87608793209937,6.500700846190279,0.7425730431958363,0.0,2.0
85.57655194507154,264.8132209217575,6.643588502183883,0.7202793388099566,0.0,2.0
216.35066885865027,-361.64375355767123,4.949551696079471,0.6899383538378134,0.053544625375241094,0.0
-250.08989603996446,-10.551906143689038,6.79061851188611,0.7303085110671022,0.0,2.0
324.46327283343413,-68.1094302349568,6.980513233382911,0.7704195166153165,0.0,2.0
-92.7364022195114,476.4129190461273,7.073973657682649,0.8363065504742326,0.0,2.0
431.2868520945563,-212.4355139750738,6.4938684471935,0.7989089150577993,0.026169380974693526,0.0
-217.88854153528774,35.53619828599137,5.022165167853605,0.6474750355800415,0.0,2.0
383.45909583974463,-230.5821097505345,5.71012647619829,0.7779769996308575,0.0,2.0
217.71839243903455,95.99607445342178,5.102587474252205,0.7647785810371955,0.0,2.0
162.75540267362248,200.5751457200341,5.666261498340816,0.719188922569477,0.0,2.0
-378.93380627943355,31.644372480784522,6.424009057217181,0.7379586270182324,0.0,2.0
-38.75906372593028,219.9508701737467,4.678399979142279,0.6185228229314879,0.0,2.0
30.996742909555522,-246.57111654374037,5.78797035541658,0.7433978511033092,0.0,2.0
98.17604142128513,326.3431268816149,6.03525240052577,0.7236392576715965,0.0,2.0
56.656386653544516,400.3680562625678,6.91228520069703,0.7874611518896594,0.0,2.0
0.12360435915388135,282.2424841716182,7.158711493401326,0.7386857561863007,0.0,2.0
-142.1506511206362,200.4443720609258,5.534589379408379,0.7656493811945446,0.0,2.0
-98.43566422477362,-181.0048597900426,6.3491391497007195,0.7205296303667157,0.0,2.0
5.961119782746269,290.9451114382606,5.7169846306890175,0.7556949442084823,0.0,2.0
-71.26901330970388,-195.21810075647502,6.351141667855231,0.6941985080057714,0.0,2.0
-211.69109548183485,-95.56731021940602,5.593757076034783,0.7171204137112183,0.0,2.0
91.352131137331,-106.14145047099814,5.652421249504377,0.7855988439291934,0.0,2.0
263.8884619195345,225.08949347458147,4.733134901102638,0.7804745172124673,0.0,2.0
-218.57150516376052,164.09449880777663,6.366828019940771,0.7301931393369206,0.0,2.0
-174.8247863303846,183.8578951192632,5.782460923476761,0.7792803818621239,0.0,2.0
-326.0469629478779,159.7139913700241,6.147190305618706,0.7109035890784209,0.0,2.0
295.47520211134645,14.515630989628391,5.770299699932162,0.7044307593205508,0.0,2.0
-227.85046201077643,159.85813118595897,6.650663053499562,0.7950396654360143,0.0,2.0
81.5534124247344,-104.19792790617045,6.044582028741046,0.7203842282055694,0.0,2.0
-42.120094305924965,-292.7622445516591,5.553311498688251,0.6856184947669957,0.0,2.0
-17.004635871566528,257.7831031426382,4.788372287126481,0.6025255691936906,0.0,2.0
-163.28563212876466,-91.57991303687122,5.9958083897928685,0.7159912274710579,0.0,2.0
-363.44216273837037,-13.260384464966391,5.977971992153826,0.7250875578671501,0.0,2.0
214.78441393752718,-150.4858770411161,5.21969231651708,0.780705684737459,0.0,2.0
-250.18094020352603,-70.43686360252157,5.88046207071322,0.7026306368585911,0.0,2.0
115.85146007137618,-179.57759346588503,6.002360482821088,0.7298815873850664,0.0,2.0
517.5230732109544,-51.54839077074795,6.426489599754555,0.9139208037771175,0.3482825773521647,0.0
-237.4056063531326,-34.69122896416615,7.078365900924287,0.7114875318189113,0.0,2.0
240.45767271644806,159.8689604883942,7.031707315690095,0.7424923439657831,0.0,2.0
-22.26105625878779,412.7002767879773,6.155295777099267,0.730327333505092,0.0,2.0
155.79224437778768,-145.13957756536104,5.65581000597543,0.7538116734786128,0.0,2.0
-210.34054878500234,138.12115779361645,6.2576371084277795,0.7554324461872218,0.0,2.0
-86.09118923522492,-259.43396145892575,6.529612402706016,0.7168187036973015,0.0,2.0
-17.880385638853266,-204.86672909714852,5.658350317469858,0.746106381412937,0.0,2.0
173.33379821684179,-48.46321876380282,5.289441378617889,0.7183317654249352,0.0,2.0
181.36023197604524,199.28564583828376,5.511183442497219,0.7450321013110504,0.0,2.0
-166.57209343287923,87.66879075787406,5.729352705456315,0.7345112054338155,0.0,2.0
-361.280447653754,-66.64683836015558,6.269926728923162,0.7494002928715077,0.0,2.0
-190.47899395691022,129.6217241618126,4.860149227661273,0.6244192652044365,0.0,2.0
-204.38831116894755,210.740162127178,7.202232065847999,0.7853116318641299,0.0,2.0
-14.628377602200265,335.6593034144052,7.47224621243191,0.6896252705567997,0.0,2.0
-383.07185867395407,-30.909053002523212,5.938455614687038,0.7738583830575796,0.0,2.0
-216.69070124140637,-152.1769387739009,6.833915616413601,0.7160061068069955,0.0,2.0
272.82842426028304,-30.18540712043031,5.559155806102137,0.6153007400931074,0.0,2.0
174.14999937324913,92.88749041247348,4.324108446044211,0.62521769836704,0.0,2.0
-26.659977286176947,-296.5150294441039,4.849306193305418,0.7547603675398444,0.0,2.0
142.61021033170658,-496.1763617007752,6.091722547095795,0.9097468206681845,0.26599119009321676,0.0
485.525105765393,-77.84108856266006,5.636973964295733,0.7682467354970177,0.09874769945569736,0.0
-237.7596822149003,-60.364433513691274,5.638219655739776,0.7402926116527623,0.0,2.0
330.15114340513446,-164.06197136239692,7.190110674441814,0.8117319333431944,0.0,2.0
-95.00235450959516,242.83281454153965,5.576810920668357,0.6275654428171729,0.0,2.0
245.77447990571008,234.0749177071018,6.982280674598046,0.7363927610460329,0.0,2.0
227.67795262338512,235.71825387063197,6.213427474654752,0.7314098009089962,0.0,2.0
106.80238718523302,-166.65852002847004,5.176611912222744,0.7230076538595501,0.0,2.0
239.96723018115185,182.4488937967233,6.452833364639823,0.7311458860030065,0.0,2.0
24.12002553381542,-253.96696115334208,5.7952701216613995,0.7580450178750462,0.0,2.0
-419.90312772139754,292.1781603047054,6.132373010025566,0.8586989833991105,0.24656565786608112,0.0
146.36177307914332,275.23047313746923,5.584336849953991,0.7269789036844749,0.0,2.0
-286.50873819706163,247.04693948846918,6.261532013449008,0.7291007926930333,0.0,2.0
-224.02305329978242,231.34360435261874,5.30923038620641,0.7256140850466397,0.0,2.0
-307.9012857735268,-46.56518646373192,7.328537443164112,0.7118616289508687,0.0,2.0
-342.4776204298876,-183.59929148420574,6.595785567483209,0.8133044056814509,0.0,2.0
-297.14675648499394,-148.00746859358009,5.231740901067417,0.7654836704159894,0.0,2.0
75.05636947142735,-261.83816504247943,7.169332788846579,0.7213132404637604,0.0,2.0
219.8619480235653,252.0867508881984,5.840779004446595,0.7344110059405389,0.0,2.0
-25.441607430365394,289.88745681341726,6.412639179089279,0.7382213816674378,0.0,2.0
206.5384292600795,171.80526118632676,6.114402581066422,0.7231807473996597,0.0,2.0
237.07449253358877,239.7411541770719,6.306000148170359,0.7358584600478062,0.0,2.0
-320.59892552937237,72.09879381525292,6.905850090713903,0.7321448630735055,0.0,2.0
-49.658739709047126,-337.32901726751487,7.4197674822473845,0.7620964860116612,0.0,2.0
-213.3778961278622,402.38400957123844,8.467751910317917,0.811931877797651,0.0,2.0
-293.0296436810275,8.511827889990483,5.594317991339445,0.7501174182038397,0.0,2.0
-92.79912153816538,-171.08358991681362,5.348951182722715,0.7308060433978255,0.0,2.0
179.35302101974864,-159.29735812530015,6.353715406665792,0.7092201934203352,0.0,2.0
-241.1961733786566,236.39332801044054,6.415497355507191,0.6953279548588669,0.0,2.0
101.1796914919014,-295.52816689164445,7.4135827920782615,0.7817964833142467,0.0,2.0
296.31975034608337,309.8684510199388,6.523584859988911,0.7062326976252157,0.0,2.0
255.769845308228,-229.302882779941,5.551541900423014,0.7639309776866432,0.0,2.0
-74.35746974205463,-35.83221023196242,5.795638489856925,0.7071743126448714,0.0,2.0
201.0553039557227,5.224260161440216,5.769837959231399,0.7450191370217765,0.0,2.0
75.55636067698484,-332.38821777889643,6.8889010875597245,0.7451062657693729,0.0,2.0
188.1940385451047,-245.58693353258536,6.815549355997623,0.7847389609854302,0.0,2.0
-128.23705026881342,-394.984691789375,6.351891078330561,0.7444555680492118,0.0,2.0
-61.924473141022304,237.25248132922604,5.902110025479736,0.7598911646096073,0.0,2.0
0.5247715536690167,264.06585176572645,6.688528931092486,0.7428575266137121,0.0,2.0
136.409813559463,-192.28121800677687,5.890773940355584,0.7357363535987769,0.0,2.0
-336.37048704490945,-7.403642441090048,6.858851607849136,0.7394085468705763,0.0,2.0
-308.0149106944834,365.4628617573711,5.222358378426799,0.7216448020217068,0.0424584519116572,0.0
-56.83220478330438,230.4939876226665,4.402653053979924,0.6611641086657128,0.0,2.0
-279.1605529700887,-119.14400829826836,7.605285783421329,0.7860002887503723,0.0,2.0
-46.85910509874111,244.83437241838254,6.195730662383791,0.7279311975207262,0.0,2.0
-128.8645010794237,-177.9657635471408,4.196885851638726,0.6564001350082135,0.0,2.0
-287.46696752506654,-261.8262720078106,5.9041873696480165,0.7618711072961687,0.0,2.0
140.71396269322724,-218.3358187665441,5.736410538936394,0.7169916445894902,0.0,2.0
225.17467769832672,110.847322771232,5.943981678339216,0.739095226375848,0.0,2.0
-311.459404509955,-27.900905162512878,6.054669860593276,0.7078541588408493,0.0,2.0
-248.33502391359562,-60.3672265267363,7.157794310265709,0.7946172494648539,0.0,2.0
-146.5977504630195,-297.3792692695856,6.162114340524037,0.7471538048574594,0.0,2.0
101.26003116559245,292.23500123510547,5.504740878471391,0.7459741898475742,0.0,2.0
44.159723866289774,313.3194734134522,5.803915387707043,0.7493798238157636,0.0,2.0
-49.945977974817765,521.6826156142699,4.940397583489876,0.8933290963246252,0.29932743401243445,0.0
-241.90998382813405,-230.15159056210953,6.9199598416228545,0.7269947818771197,0.0,2.0
35.517464855780936,275.7421909527226,5.900611217225715,0.7029574131975224,0.0,2.0
-223.3041711968555,261.66354309939265,6.122992361252076,0.7677910570724022,0.0,2.0
226.90441940521413,-113.48828332283534,5.055262579376238,0.733293823599731,0.0,2.0
-326.7329868946117,-75.88631179679538,6.670096466010914,0.7617215767489603,0.0,2.0
313.1168397232869,-81.1654951245411,6.485063842987395,0.716630499487392,0.0,2.0
-261.8731501887041,-123.56833125416878,5.420266863089524,0.7451466949596787,0.0,2.0
-298.6647141627301,-15.01388378077411,7.114483691642626,0.7632613117329703,0.0,2.0
143.8488906408862,336.99998944823614,6.917176000070732,0.7275532600526448,0.0,2.0
205.05125754507807,-21.084913291017543,5.333665824701711,0.7588534065995737,0.0,2.0
103.16916301021031,234.86647637809816,5.760736174308331,0.7353288865975038,0.0,2.0
180.11166634285348,-222.46943188126582,5.776346024962631,0.7280599130845674,0.0,2.0
436.3315555466784,-246.72677903081774,4.977095406128954,0.7795280681377974,0.128513020685144,0.0
180.96836265455005,-460.2759161631409,6.821164863122413,0.8102209342596357,0.05434893272825791,0.0
-79.98768651692154,391.5138976346648,6.473669941008857,0.701221290187263,0.0,2.0
223.88337339314177,225.24207497237873,6.318012557309266,0.7352212967155648,0.0,2.0
-0.18639400473299667,-256.1847606986468,4.632871297704917,0.6533749689005737,0.0,2.0
-208.38236912715877,-452.86767837192855,7.14016437513871,0.853733990673935,0.1082879779439638,0.0
-121.90512106313048,-193.2830361650052,6.405488661991685,0.7145915685235791,0.0,2.0
46.67942007629418,-140.05330115034576,4.456938479047896,0.7490017466601211,0.0,2.0
211.3235256704537,224.40952710637237,7.996138765346584,0.838100595874728,0.0,2.0
97.42480566621697,493.6250639489304,7.004461944609766,0.8352910850807619,0.074542329623745,0.0
-340.06671781040126,-99.42516033629897,6.047905182115438,0.708866779479451,0.0,2.0
38.7454732563201,-495.4872945473899,4.902712656398758,0.8228185027803162,0.279572724992116,0.0
-58.209822850060775,157.4513305528144,4.762643314689892,0.7304247722734731,0.0,2.0
8.60261130421761,-268.93510081879697,6.344598771793604,0.727543553592179,0.0,2.0
357.57738889440543,128.4649501268338,5.653379687002709,0.7340849029649531,0.0,2.0
236.15253549321946,150.0657493762067,6.785588660173983,0.7594693518228574,0.0,2.0
-241.64182091352106,59.23856417439095,6.651047802321525,0.7985508167120028,0.0,2.0
-52.14083377568976,-101.2817071496735,4.690852494296663,0.6713787012633736,0.0,2.0
-193.76758641285073,-193.61504717873277,7.3487539629609335,0.8052015930826011,0.0,2.0
-210.64332096620456,361.4988540598028,6.461355803482734,0.7379593835459117,0.0,2.0
20.602262349805596,262.4561442778261,6.201948053208506,0.7323369454349925,0.0,2.0
-243.99865119948942,-323.42421301759066,5.296298088116399,0.6745464894101671,0.0,2.0
-162.89205992380357,264.4617316264694,6.227518275189472,0.7468934871845531,0.0,2.0
44.941055186143885,292.2523414633586,7.19810789393499,0.7906653978440961,0.0,2.0
375.8589630738665,99.35686386974282,5.855774211031598,0.7571487695203324,0.0,2.0
68.29065998423057,-255.258252398842,5.407951211235125,0.6167720305677602,0.0,2.0
224.00143938552972,121.705267890875,6.22489574457414,0.7964555398194362,0.0,2.0
-407.4215256502066,195.1057830393071,6.129606568836059,0.7486478028864921,0.0,2.0
-137.48116364421426,109.19469177059118,4.618885516038602,0.766117506267395,0.0,2.0
-130.94309368272053,-313.6952916319966,6.580770614904027,0.7405977578809838,0.0,2.0
-157.87860806265863,-98.64618400057103,5.549041937925737,0.6276623572708776,0.0,2.0
-35.53174749944074,-206.78703644853098,4.871654725293214,0.7446347505209123,0.0,2.0
-303.12801478126266,-417.7436195745112,6.269541519873,0.8401357192114791,0.20329856244926375,0.0
321.1853199489218,104.31695295407205,5.851536574487336,0.7619689360629082,0.0,2.0
-108.1479305508119,-181.39853108521302,6.065256853518439,0.7115274176860349,0.0,2.0
-105.90922233406613,225.99870719908864,6.933281649549441,0.7445306351980183,0.0,2.0
-249.55015632250883,138.7905688110807,6.782898862189182,0.7439018246506476,0.0,2.0
-306.700989831793,-67.61009079246296,7.211672873143509,0.7962789204194666,0.0,2.0
-110.7392666219111,383.1409565423319,6.654317042923289,0.7515953444944186,0.0,2.0
12.890509235854495,-379.9228297735624,7.098030073268803,0.7438803203720707,0.0,2.0
142.55285722429306,233.8866413991705,5.572111493401728,0.7406423267203962,0.0,2.0
-146.59738947836806,287.03195601347016,6.233235530507153,0.7482658115162513,0.0,2.0
-30.60337407993507,251.27351022300957,6.129488839365205,0.7307366616725817,0.0,2.0
-279.0785886350557,-8.204331626098915,6.539330043512922,0.7455961362808171,0.0,2.0
-141.67227155941384,467.19934938910154,5.508533568764446,0.891721463996764,0.19303823823299282,0.0
285.1570445348138,16.920069823343088,6.978755605183509,0.787968210759836,0.0,2.0
238.22521087374324,9.870262554791697,4.645077565864486,0.5998276631244598,0.0,2.0
-8.273064842769195,-274.18240850958625,5.976635191810377,0.7344332741861873,0.0,2.0
-89.25720953222891,272.50953509888024,6.031420276431745,0.6915708233234787,0.0,2.0
10.644841682233157,-317.8562511913897,6.084144772981778,0.7773560402928357,0.0,2.0
-486.3805388380584,100.29699648295582,5.071761214255098,0.823902810698072,0.10335797788955607,0.0
188.51341348726538,-154.5732246596352,6.557953450895887,0.7080193704429791,0.0,2.0
-393.9678952505333,-149.89789479560014,6.840066261231128,0.7263823835490244,0.0,2.0
243.77151369804594,170.70192221573498,7.06768968338104,0.7835110232193748,0.0,2.0
300.3667187222307,6.129605345450816,6.571591850557024,0.722633542463618,0.0,2.0
362.91310855266084,177.44708847545456,5.645779464920202,0.7023911467204824,0.01819018269784465,0.0
69.32077819541199,269.8760356830865,5.923671899037705,0.7218781012634085,0.0,2.0
-256.3141529104994,251.105714712749,6.040661204907039,0.7359495940819797,0.0,2.0
-234.78691014677312,208.35693832286373,6.212955749589228,0.7350446570337107,0.0,2.0
-155.3596707247014,-248.1259028902416,6.381518104102136,0.7055897088126053,0.0,2.0
21.523136154849333,325.984057119725,6.6023860489159265,0.7340800132896287,0.0,2.0
-169.24528118793313,147.2857512971272,6.697146578204937,0.7469686218782903,0.0,2.0
225.9872437983453,173.63751153993144,6.747487386609766,0.7484726812892045,0.0,2.0
217.8881138572109,460.78215457846056,7.267943966333471,0.8616063010195115,0.22017184125287628,0.0
-37.80470766701788,-261.0781999727349,4.7745135027732974,0.6428462789459699,0.0,2.0
14.741103050979222,-251.77081229829832,6.044774129211791,0.742815298955102,0.0,2.0
-76.88173867194944,-232.9352689137853,6.110734954201758,0.7438681792181758,0.0,2.0
-77.3889822521557,250.71078452035832,5.137202080507925,0.7348997760396174,0.0,2.0
-151.3680727352327,230.9394200428708,5.914136557014055,0.70597635619221,0.0,2.0
158.41760701929516,225.57870206454015,5.0677243067443225,0.7542758357967565,0.0,2.0
-252.15113970155681,-139.60992331194007,6.424153426991695,0.7380729209253098,0.0,2.0
-267.5900204671436,-89.62266392999456,7.1222671742241594,0.7270556596752196,0.0,2.0
490.13532203741556,147.11373162611537,5.988874496754244,0.8148896963655019,0.16036168628516193,0.0
37.91976744262768,-330.8482196973323,6.864886410508246,0.7506649206462299,0.0,2.0
-175.59008345639148,-195.3650143597928,6.545451221514696,0.7226684613053854,0.0,2.0
264.2529040519429,-43.48968613079541,5.624915330718832,0.7582493627618951,0.00020785088732514745,2.0
19.04998319108065,411.41196279811663,5.571831459122228,0.7142280781485311,0.0,2.0
-159.17644645474263,-257.96533178063885,6.691966139283186,0.6955270172116106,0.0,2.0
114.62597800830733,-247.74114414853267,6.262979109483195,0.7392810076217655,0.0,2.0
-325.65067849186505,116.26166401628804,6.62655456217705,0.7297961450687344,0.0,2.0
-200.29023305325143,-351.9002137124557,6.6198939176235845,0.8012751811700203,0.0,2.0
199.434551351044,115.37564843113844,5.765188753933777,0.5851131715277239,0.0,2.0
-9.759357775587688,-313.58746059225825,6.919691352659208,0.8107066539156925,0.0,2.0
168.98816571498355,-133.33010876400823,5.01403653561904,0.7719039513242312,0.0,2.0
303.89029778963425,-13.28730837528489,5.925464708451566,0.7537749302246045,0.0,2.0
159.96206950310264,-1.2524525079147093,5.888881071504251,0.7175845705504995,0.0,2.0
-32.33011166771419,426.517005155181,6.152610945941558,0.8121871574676697,0.0,2.0
321.0424869511904,24.6857311074475,5.65266528927673,0.7174226177668609,0.0,2.0
213.79714365979393,-446.9980516039046,7.139332405318167,0.8357597569069493,0.07852787486076634,0.0
155.01175050344645,335.802892774974,6.206809182747847,0.8148687483899968,0.0,2.0
-160.51571029278128,-208.62218987374595,7.136420692526635,0.8135034540193197,0.0,2.0
281.94920651838254,73.21301754197435,5.635044477916839,0.7218124318720653,0.0,2.0
109.16835138910322,209.50753085806448,5.096580189155068,0.6607579343152786,0.0,2.0
-51.88015723339807,213.77910035768392,5.246036576758829,0.7575519780776656,0.0,2.0
-90.14225638160644,-299.29046774277765,6.4211065464725126,0.7357224218326306,0.0,2.0
-28.30091488352724,-231.86554043463124,6.150347589458756,0.7138963276055895,0.0,2.0
-90.94356395715332,234.14322124275643,6.478569967130471,0.7553591879433603,0.0,2.0
-290.98718238537026,191.84660912248341,7.522976072246638,0.7754694218523421,0.0,2.0
-5.735911612448029,-284.1895334091331,6.062547462070858,0.730276392238047,0.0,2.0
-262.554216813454,105.17145220990406,7.052315280849169,0.7936820225480886,0.0,2.0
249.48918917804514,121.76444262575099,6.125973708713627,0.7268701588198335,0.0,2.0
360.63382672341146,-39.94731576941575,6.883470695544026,0.7509217711916673,0.0,2.0
232.4047264500713,37.89166109380022,6.375981063983929,0.7189363118999431,0.0,2.0
-202.08790034953694,-387.6537760645399,6.007470941722943,0.7483140560647413,0.0,2.0
183.12668102529557,253.48498679743778,6.391932449921722,0.7314087384886085,0.0,2.0
254.42639590082743,50.00646584246287,5.593627986823935,0.7588759817299721,0.0,2.0
221.18414784700562,-231.78688366234763,5.988863909070236,0.7601300350994425,0.0,2.0
73.64827310482718,238.633639437833,6.3773114036143586,0.7272058005287324,0.0,2.0
231.6161262438144,-173.06505304323414,6.3847264777949935,0.8047923143892806,0.0,2.0
67.13055766582647,186.86626118095694,5.803770168896558,0.7582048418193258,0.0,2.0
257.3717251209655,10.286930069109369,6.302581587166647,0.7250719547064414,0.0,2.0
-287.351127014871,-0.7637858651063595,7.273886936075799,0.8230108142882493,0.0,2.0
207.74030148416514,120.02230921973383,6.100720513534557,0.7048524234351361,0.0,2.0
-21.316916075043785,-302.0815117092964,3.9515562084222347,0.6473374449751549,0.0,2.0
258.2557272875359,-87.43207456257183,6.7337703042586226,0.7213870040925675,0.0,2.0
179.06374965478196,-265.7224172431136,6.373179867465387,0.7192015245494037,0.0,2.0
-375.53012191464,152.95418479164215,6.662910922850959,0.712741352341424,0.0,2.0
-183.4889695152501,-221.02325747069085,6.320057601254848,0.7524770041549725,0.0,2.0
156.46798324194518,-211.13871912984476,5.605480318382814,0.7439965928787734,0.0,2.0
-323.16720941450217,204.97015211165066,6.389513149644544,0.7442810627464079,0.0,2.0
48.70361150173932,-241.90751619365105,5.813933938123294,0.7081448063964064,0.0,2.0
186.96861543178287,207.81234410854424,6.444468479015673,0.7599189585663179,0.0,2.0
-355.7001843927204,-38.79992600378362,7.353730099470396,0.7954230363484598,0.0,2.0
232.92504365348267,-105.81639457255385,6.382016387395492,0.6963880678123676,0.0,2.0
176.09948865458406,284.8898596599816,7.979123022555981,0.7974185079561042,0.0,2.0
-91.79398423404218,217.09718946132398,5.824785499337497,0.7725975375891883,0.0,2.0
62.284495720181084,351.3707999202399,5.307844065388235,0.7201539763110971,0.0,2.0
285.64769607404924,-83.37367943731333,6.857379691488136,0.7361377539568437,0.0,2.0
227.78114458724406,384.2945259666754,6.014216849358037,0.7647155306962691,0.0,2.0
256.63554593914785,-23.532553318885185,5.645881243668608,0.7447763034292098,0.0,2.0
278.6098348520047,48.37423783121129,6.143500198021882,0.726619833767259,0.0,2.0
-161.90446174733032,-239.3374103447049,6.698280806083969,0.6963569296967906,0.0,2.0
-226.3782853205103,2.2686011474903003,6.260024641738883,0.7162731755531485,0.0,2.0
57.70173382246601,467.73620340473474,7.78755376461737,0.8045392283669786,0.0,2.0
-3.3638547275075497,-88.33662590354041,5.305798637749152,0.6643234245656727,0.0,2.0
71.55055389834897,178.64789795731,5.2208784833128155,0.7159922355467835,0.0,2.0
-174.8191245224059,-77.12744372970063,6.168284841866124,0.7437784930063405,0.0,2.0
168.7893611721897,321.465575396794,7.542055780899487,0.7925281116914795,0.0,2.0
230.35178767402067,-145.79485398346844,5.188415451705225,0.7571245936570792,0.0,2.0
-88.06847982689999,-315.98605333291613,5.887219463244813,0.7351532546385032,0.0,2.0
154.59989193815198,-295.139103601452,7.077444321454464,0.7633100655854348,0.0,2.0
279.45430165507594,38.533174528035445,6.564026337127239,0.7363208372569131,0.0,2.0
-380.8004967605687,-124.66089410625172,6.5753477967894725,0.7272468928623556,0.0,2.0
-230.41768637042355,-5.313101318166751,5.183211337756337,0.5801061524189975,0.0,2.0
-376.6058910414604,163.7558421468281,6.662074345504397,0.7112990037323197,0.0,2.0
-26.494886715967002,-206.61952407632597,5.531485101744775,0.7496830147900693,0.0,2.0
-59.78285388589287,-284.96921740819175,6.007400444063292,0.7893583044052399,0.0,2.0
-210.12615571343412,-160.3581693930935,6.740480578909693,0.7543948135320193,0.0,2.0
-113.83074873274403,-313.16820728142426,6.013335458177268,0.6263668705073885,0.0,2.0
378.55867000927907,-7.66551934311196,6.768892249206642,0.8107986632623536,0.0,2.0
-71.610268503948,301.8123144265113,5.141566252825161,0.6141158936277352,0.0,2.0
-194.1124461771361,-282.960917218938,6.02707204491918,0.7358528755263832,0.0,2.0
-65.59493842576605,368.508722110755,5.239482752761043,0.763829825921794,0.0,2.0
-305.09601282578,-35.403210255761785,6.685188640988015,0.7088982576252519,0.0,2.0
281.39472330097686,-52.56010247728119,6.0267655267487035,0.7633107497623113,0.0,2.0
270.9052231634426,-0.588126473160176,6.492257017416419,0.7404158582968291,0.0,2.0
173.1536090710121,217.06713865451678,6.221077503062855,0.7575614746417355,0.0,2.0
-453.9220994020227,74.9549137294443,5.752663420915763,0.7392622228689476,0.0,2.0
-348.64771134796854,-56.591375277331416,5.030964393617353,0.6566482346697546,0.0,2.0
-15.217784733549964,367.0605200093867,7.002831973288074,0.7174256871497434,0.0,2.0
-89.88669702433754,-248.9165957972536,6.4604906135829445,0.7489328509348131,0.0,2.0
170.43838691246444,-455.67977654933304,7.279757913124687,0.8041388662860421,0.019249459481935006,0.0
246.62095262150677,-51.371377204828995,6.159465568687783,0.7550531297818868,0.0,2.0
14.302042040565187,51.76255952830394,4.864308721382408,0.6170103685304209,0.0,2.0
190.48304786868758,-199.17920365891644,6.089876115740795,0.7099867128599107,0.0,2.0
78.94811280607696,272.7035650368484,6.48254537125233,0.7259645710353304,0.0,2.0
-170.13875447502596,236.6575348924927,6.653406246535736,0.7340600177185993,0.0,2.0
-119.94349711061516,289.6781539483955,5.550214205546048,0.721653061649751,0.0,2.0
-310.30379642893195,70.25071759274643,6.889889957820493,0.713731165436905,0.0,2.0
169.26864638107327,-240.21362876912093,6.944592639506203,0.7972566172419234,0.0,2.0
-110.3764233907876,242.39583573710814,6.536194664227244,0.7338313712246687,0.0,2.0
254.76452742250953,296.3130810017809,6.110704620686574,0.735349123849511,0.0,2.0
-270.54978840610033,-164.4330585325029,5.540799935668983,0.7691796753955001,0.0,2.0
329.3860967709699,5.862771627108969,6.248409958232407,0.7272685564626556,0.0,2.0
4.536282362178965,-334.0590617831892,5.69255185342592,0.727759905020495,0.0,2.0
233.5303001427036,116.06420242558113,6.821171617260132,0.7408361438349492,0.0,2.0
-121.07307584265999,76.97359559065134,5.474887695289558,0.7727438595994828,0.0,2.0
426.95290963300477,254.75996193671895,6.474327811221593,0.7880800295754407,0.0,2.0
-146.99737418919085,276.8449441499377,6.178754910357118,0.7525699817430842,0.0,2.0
175.07818228887177,-401.70109509401976,6.0345709703865795,0.7682619875517314,0.0,2.0
345.5818597390131,-16.671139529022277,5.663973707487537,0.7695935375287122,0.0,2.0
-53.61507059225939,-429.26532967349493,6.144711477841842,0.6720163077646796,0.0,2.0
90.69504095730416,-397.6619577730386,5.727080796574709,0.7635734341819571,0.0,2.0
-361.2754758146143,214.31969071568466,7.913715518952971,0.7992132415909813,0.0,2.0
-250.75439895002975,61.82099536416054,4.500889865559775,0.6045437489494535,0.0,2.0
241.8175643945973,141.6931945641295,5.82492017146382,0.7130894711228413,0.0,2.0
-229.48146079353208,-337.9327830493674,6.703752215100514,0.8311602252540824,0.0,2.0
-19.338314268463037,-188.13799485424693,5.2511415945047055,0.760301475278304,0.0,2.0
299.9013390031919,134.5393066692176,6.337218453146498,0.7693486277212099,0.0,2.0
-285.58879222505345,93.45934649258453,7.236282713592174,0.7350769522033358,0.0,2.0
3.874543965961628,-287.1225876098364,6.344598771793604,0.7328232791333947,0.0,2.0
-63.403465705060654,-449.49877977342464,6.708805103982231,0.7277684643174506,0.0,2.0
-42.56766816169591,-268.9207030074907,6.334934487366828,0.7334816928980988,0.0,2.0
216.19781999669388,190.68469048827885,6.62497803151483,0.7093764007517508,0.0,2.0
-182.42349972035632,486.8011475827643,6.425726045692985,0.9037962118467318,0.4433765242278704,0.0
-201.76495826819263,-211.7979590804092,6.577667248533419,0.7098748015375335,0.0,2.0
158.28347024909445,209.1270095201272,5.905096086030805,0.7235359294221108,0.0,2.0
-319.7384445144168,18.002293490416754,6.522368772616608,0.7423098367855543,0.0,2.0
53.263390463236966,-260.6440605197057,6.19882511674597,0.7387264122955951,0.0,2.0
304.72854757068126,185.99098500402403,6.231125549799457,0.7133319402586852,0.0,2.0
-196.59591295554554,-321.9831863815849,7.350012502260604,0.7507200466114496,0.0,2.0
-277.5769607997133,-158.30332333930727,6.150998914902026,0.7490749541840046,0.0,2.0
300.62983051256094,-183.84903330919556,7.379648159562292,0.7427050659970831,0.0,2.0
235.2910744768709,227.45297394240626,7.90106419807072,0.8095035222750109,0.0,2.0
-154.2638515118102,240.27916818889852,6.013383447342503,0.723706439528636,0.0,2.0
42.25530251033826,-146.2372488248129,4.300695422132179,0.6123705198656537,0.0,2.0
305.88993329883095,55.34944083450058,7.545416180809839,0.7360642114802132,0.0,2.0
391.1373215137704,17.89614263069991,6.829142213948963,0.7952113677572109,0.0,2.0
332.2232171835629,40.79762621112041,6.523163139268098,0.701103940552153,0.0,2.0
144.81986257107775,217.55946347199333,4.972279763290967,0.5806084276005191,0.0,2.0
184.381354920051,399.837821752501,6.654544294382852,0.8152857993907653,0.0,2.0
325.9155246417337,407.0466320759758,6.676335241187453,0.9112302041034698,0.382601106375957,0.0
-153.70699512557164,258.65229749823663,6.994896540238628,0.8038986769206853,0.0,2.0
-300.92987033674905,-56.39996092464789,7.675318912339281,0.7669745991294948,0.0,2.0
471.1503313580285,-122.8664905728302,7.662611709793016,0.8323480414493963,0.015353315478855096,0.0
270.6929804797533,-147.4816898388255,6.684697708724645,0.79016462479334,0.0,2.0
68.54788505056962,-461.5000357090016,6.339393314801496,0.737031541500313,0.06275053185191254,0.0
257.0074702816708,361.1174917236689,5.782851665568343,0.7435590688928154,0.0,2.0
90.10159010429382,301.60749417862917,6.114711598845721,0.7329179453766606,0.0,2.0
-193.98712712234874,206.26758510157154,7.125512782137619,0.7545626778729482,0.0,2.0
108.77457355907038,324.97002305944454,7.055774464706405,0.7403729772192299,0.0,2.0
-127.67057930854385,295.7204903754294,6.519986708028265,0.7560273662904053,0.0,2.0
65.30026708195358,-281.9469483389834,7.044765188236628,0.7724607992038992,0.0,2.0
7.074335898935657,-194.74795618358976,5.404789157876085,0.7363803809539754,0.0,2.0
-380.2004461520021,10.027754637292507,7.098152281980319,0.7288571459836812,0.0,2.0
-300.7443841981117,127.84346053880446,6.512790779752869,0.7278235701788645,0.0,2.0
314.46466868587004,-144.4017688100656,7.30938468191859,0.7389299467010694,0.0,2.0
-269.4359553406828,145.30898991253736,6.147118052110541,0.7403417921706225,0.0,2.0
267.1226982561548,130.25359994320365,7.2098665984751635,0.7933072109303931,0.0,2.0
-139.58022651660244,376.99606970866216,8.358612004471107,0.8201199770852667,0.0,2.0
33.55834848417032,295.13524645999036,6.402025114164011,0.7337838850909448,0.0,2.0
-327.04777579015814,-141.3819208061013,7.959747621255547,0.7953697248731281,0.0,2.0
-16.056338977723275,-221.88685067357432,5.499431856670902,0.7268968844062125,0.0,2.0
234.80789275700218,-277.7393537122386,6.143846322338588,0.7403003643910654,0.0,2.0
-260.7672748705931,-13.16997379433887,6.637588798411191,0.722539645599996,0.0,2.0
83.59181835729022,335.52424779256984,6.053520826608978,0.6992726618043543,0.0,2.0
265.1640199624868,-216.1467501818013,7.157079245253579,0.7441637691013012,0.0,2.0
-164.22336996929727,254.31725060360992,6.417968091534878,0.7435181423786273,0.0,2.0
-190.0626183476707,232.34162387778937,6.209765214124746,0.80606118026627,0.0,2.0
247.80450194196794,46.10804413133589,4.487095585718472,0.5881658863678562,0.0,2.0
-54.48782599676743,464.21776788033236,7.54824122418595,0.8131261968871929,0.0,2.0
-231.82875113788032,-181.5289984518114,5.8140761106957255,0.740287931452695,0.0,2.0
-176.64359540994684,-204.96676442349346,6.031187604658598,0.7527430398983713,0.0,2.0
316.6503980391852,144.615609297088,6.504628591784595,0.7229827589488366,0.0,2.0
-67.16251540993736,286.8131754171278,6.28078889111472,0.8038545342999766,0.0,2.0
-257.5734398990604,132.61758471716024,6.2155136412838194,0.6957633131340348,0.0,2.0
-416.60008250547787,-14.994481977377625,5.7797670213126855,0.6674521195525034,0.0,2.0
331.305345425958,-48.61975903754157,7.34331654131921,0.7852151522138264,0.0,2.0
131.6903976551576,-216.49066576376953,5.900801773158031,0.6575422709901142,0.0,2.0
-25.655565786664706,-361.4288592754168,5.223942214421121,0.7314873278303253,0.0,2.0
38.63451170246192,251.10084979985567,5.345596464725896,0.7156087746974317,0.0,2.0
-328.84654471442155,37.60139014013068,5.525884477408341,0.7607394658936173,0.0,2.0
-387.6957134051075,-316.51311466270886,6.331766411794047,0.8211966440307685,0.0566731543927669,0.0
281.43773407948754,-142.98058768610005,5.773051973821096,0.6392481227614328,0.0023883152977601063,2.0
-305.718855271235,384.3405141926474,6.70708019829569,0.8914381571971024,0.20814651473890344,0.0
-411.03451735884613,-183.0657681065201,5.441433443491528,0.7690704387775444,0.0069376537841261245,0.0
-10.255153492877147,-133.10244394685662,5.636212440206702,0.7124524485091503,0.0,2.0
239.19157133098798,-190.08257220254956,7.46593633118133,0.7915920443406712,0.0,2.0
-238.81399834320493,124.91276731299851,5.537237031380525,0.7534397601206857,0.0,2.0
174.2675956124454,39.70381839899659,4.331740112951264,0.6276208210988379,0.0,2.0
299.2160312106426,102.62653976759348,7.198863510347134,0.780415075990442,0.0,2.0
187.3610778426616,165.50434708595856,5.049818221239676,0.6605054887320169,0.0,2.0
-295.26666523725265,-109.91098754713944,6.544606069571787,0.6857006370818419,0.0,2.0
389.9623953911161,-351.5357478785947,6.098629122467322,0.9247427134232378,0.44810072674220824,0.0
-230.83751835632467,-67.07810227688516,5.478491305252409,0.8242091314569587,0.0,2.0
327.62513834416524,147.44303534447067,6.543509975854152,0.7522205349192759,0.0,2.0
363.577188804172,89.11800087842366,5.016622587903648,0.6021637625012332,0.0,2.0
132.14637063658094,-274.7972782920399,7.0447183032297795,0.7565709057623109,0.0,2.0
-1.788728922391062,161.04091772452745,5.92009540298766,0.7657652311684525,0.0,2.0
267.5164168501834,-127.87874324804423,6.816218699665719,0.7226867286494112,0.0,2.0
-420.7469304203653,-31.109741019213473,7.187419995078617,0.7609386777282975,0.0,2.0
-114.42702394696941,-469.9844259659013,5.512102147746474,0.8122426807225561,0.03342333052278385,0.0
-239.09764263453775,116.51712702639831,4.530877359761497,0.6510956119579138,0.0,2.0
272.075809051641,-166.90255093454414,7.948219117281335,0.7821364443104111,0.0,2.0
-98.92593561128248,-275.6568077085464,5.703011535622527,0.7246001691459366,0.0,2.0
211.1644587922666,-170.24560248242216,6.545653195489622,0.7341574448399704,0.0,2.0
-257.57608261977026,241.0171722855249,6.399665961414469,0.7191892262379744,0.0,2.0
367.7329170416978,-78.87611256492319,4.775275641874994,0.660966502417749,0.0,2.0
48.1128248163612,253.41687729167623,5.787620967987218,0.6880165256882228,0.0,2.0
-6.837423573767197,-358.57047497835254,7.109264783355081,0.7218766895845902,0.0,2.0
232.78485624150414,-199.0427566198451,6.3081178093068475,0.696902096169624,0.0,2.0
-158.478020409061,55.97615673101417,5.944829023762199,0.734386787040438,0.0,2.0
372.5671305625007,250.46548902867633,5.312717464110936,0.7307229588358652,0.06484434609602685,0.0
92.32610641175177,-348.08997491458746,6.348326462444184,0.7208365337164432,0.0,2.0
-47.908651040831586,274.31849901724513,7.182057094580781,0.802054202951681,0.0,2.0
289.9641405722302,-125.83332517538496,7.007441239135447,0.7480763120803997,0.0,2.0
-147.29641725912822,-427.95906831834554,7.009255700705723,0.8031530486093663,0.0,2.0
225.61248361831983,83.92469717799477,4.679017684111262,0.6318329635952047,0.0,2.0
-21.413917445391473,325.7630788547226,8.246842708235254,0.7681591743702365,0.0,2.0
-156.82012068497932,281.6275008730254,7.3073184447851585,0.7966210922139099,0.0,2.0
187.81795697244283,-216.65244251523234,6.414506220050562,0.7392467124936736,0.0,2.0
-414.6258193426317,-252.85442640135685,6.231856862597182,0.763848119535346,0.09456691752052948,0.0
-97.38327827494957,208.58520991041075,5.473070149122623,0.7666661690185896,0.0,2.0
-30.895863833612122,298.38447876435106,6.36853325223333,0.7348259101194152,0.0,2.0
24.844111853584675,-423.62045737138675,7.5939831191095815,0.8063159931268622,0.0,2.0
-264.15308121440734,206.78554825114978,7.65597272482603,0.7978897535718332,0.0,2.0
-238.1818293947755,83.9925434124185,6.587376544003238,0.7284126310237571,0.0,2.0
-370.9113810337756,104.03669824922687,6.6235710659154945,0.7589874571479373,0.0,2.0
152.48637774013832,-355.5648246375545,7.328757153182054,0.7775361952657721,0.0,2.0
-243.6061597934208,-78.61930332938621,6.843768121465104,0.7462861747227415,0.0,2.0
-43.43926607099892,235.89967555988923,5.605266717760218,0.7628780724791115,0.0,2.0
-266.08607071577046,137.0455995447009,5.584959661004548,0.6140190972864603,0.0,2.0
-53.32000513171992,-268.66375567283416,6.2577162814454415,0.8052614072219622,0.0,2.0
360.9730096015405,-29.969358257017262,5.941496498673161,0.736315511303472,0.0,2.0
190.73929510040244,54.516994272585805,5.3128994485008425,0.6667512641941687,0.0,2.0
-199.85361707331916,-231.43155993714578,5.700368528493348,0.6232483324559177,0.0,2.0
303.7024332505409,-281.8767541753031,6.871150412024924,0.7226576409117935,0.0,2.0
-145.88049622536133,-245.10149992086488,6.165875037826916,0.7375361648588334,0.0,2.0
248.78538671052243,201.9429438025251,7.229632752998324,0.6979814558927847,0.0,2.0
-208.72254599672982,-30.023342832538642,4.878023657414125,0.6049166087628853,0.0,2.0
59.8285297429495,-253.72845595163963,5.5392572080002545,0.7329924660542892,0.0,2.0
372.12876701319254,28.242781474959248,5.822451315394763,0.7684379851569855,0.0,2.0
216.36913492322444,-160.62708059402775,6.180343392445998,0.8427661321098986,0.0,2.0
-189.96507688580002,187.73385073690227,5.536140787808783,0.7324175592407586,0.0,2.0
-99.37245744462174,-212.86031777113996,6.12455643913774,0.7320276596610003,0.0,2.0
-48.08058113654962,-251.26677100749606,5.659302478816471,0.7402024962217376,0.0,2.0
251.16264594052552,-15.516314989709551,5.817270600268551,0.7514014094009772,0.0,2.0
-223.23547547711746,-180.17117299582895,5.006166781382375,0.7275405612161034,0.0,2.0
-132.1122605978028,-259.4433173747685,6.604089783868604,0.7337935254729717,0.0,2.0
273.5214770994279,-188.82718867661532,7.471596900870223,0.7596707780385928,0.0,2.0
-488.5301321831984,28.869282568114517,6.146767161886306,0.7821296312948828,0.0,2.0
-41.40940414404613,-491.9264473596887,7.919308875308056,0.8574293705022932,0.027690671483635094,0.0
-8.408762647360682,-255.56573943086883,5.7841886867644785,0.7320383749118722,0.0,2.0
161.45081093574277,-165.90282176168054,4.938770939160962,0.6563056373654864,0.0,2.0
20.914260226366178,-332.8549430808198,6.242873693938235,0.7374114737746078,0.0,2.0
185.55979300652672,278.3235211485652,6.3720589765665006,0.6964581387339659,0.0,2.0
101.16465224828882,-256.0841279238093,6.424815551643592,0.713150985118671,0.0,2.0
-291.2745645327233,39.382756622225706,4.846512823639306,0.6779192778776991,0.0,2.0
299.3278169307731,193.8276329133438,5.812848500156036,0.7376097684710717,0.0,2.0
-65.01220701300149,-305.6004851251644,7.516519277601,0.7622157235348491,0.0,2.0
-398.15453846946696,46.26725936345407,7.89165818262486,0.8018781467430918,0.0,2.0
170.10219976046187,268.85320518671824,5.24297037630745,0.6377137479605539,0.0,2.0
337.5722925567978,-216.05352182744903,5.891177856899377,0.6567978117267529,0.05534218613221382,0.0
-181.3932230799005,-178.21067071834517,5.903278112693608,0.7477505300087715,0.0,2.0
-114.45641518994987,-261.619781463253,5.277063105841429,0.7387287192001882,0.0,2.0
-226.4948259567365,181.2611622958038,6.246159618067682,0.7650779125356484,0.0,2.0
-270.8001345799104,169.14651023259756,6.3330051440652815,0.7132718936518705,0.0,2.0
-4.995338604125523,272.95344569137205,6.560893255133578,0.7122834755057078,0.0,2.0
190.71636277279745,198.6896449916126,6.075734582849878,0.7230684535644445,0.0,2.0
-210.6038265979254,-218.40962301050612,6.1712294994674455,0.7211559873516706,0.0,2.0
-332.69010056284213,230.22144199658294,6.838680860417484,0.7491592934649334,0.0,2.0
21.423424350481834,177.63542122317904,5.525167012048243,0.6600495166758477,0.0,2.0
-126.6806210043689,247.3983775296801,6.096191378173353,0.7440985205468015,0.0,2.0
-39.332062048953695,-197.41205573826244,6.50654349768867,0.6988470304936089,0.0,2.0
-410.6904574508419,-138.47024514885547,5.905244930660177,0.7339949075810617,0.0,2.0
-237.94341460147967,-174.10336090117067,6.125675368963926,0.7461519107014046,0.0,2.0
-288.5838677711993,-244.16193329675514,6.465945973611205,0.7515348840663385,0.0,2.0
-54.51082954349079,-158.8356396721873,5.582364073088185,0.7275394477506636,0.0,2.0
15.91603700763722,-210.24883814732607,7.215519025943597,0.7792872509717398,0.0,2.0
253.00964984388148,31.932400821289423,5.99278514356875,0.7055362542110798,0.0,2.0
49.58423275335363,391.36803145679517,7.340897879498755,0.7466519785977649,0.0,2.0
310.70622245909215,-231.94440687781025,7.948733404913534,0.8099508984486308,0.0,2.0
-59.614166663742765,410.4413660333265,6.577330892585892,0.7417912977481844,0.0,2.0
199.92434473538486,88.06240651025692,5.113252890126606,0.7495528881262801,0.0,2.0
-183.25319666026942,-232.36952680928155,6.251630233525888,0.7382917781069788,0.0,2.0
-32.902975915174316,-288.18545172507817,6.820708379821794,0.8142730671779603,0.0,2.0
7.156328704777169,-75.46399180910674,5.216904859363862,0.6312725036721109,0.0,2.0
-143.0688597675062,-210.63735313633057,5.857768606741301,0.7263473152661037,0.0,2.0
16.541187233295382,-300.9513858088139,6.735689119858244,0.765340200918982,0.0,2.0
-83.66581426152432,-211.9493922408109,5.3365639497446535,0.7453247134011872,0.0,2.0
-359.946488893243,-381.18742985057696,6.854329548319747,0.9318799230039423,0.4720439824210084,0.0
-281.7022077468601,-18.574565477509825,6.798457244916578,0.7290755491205886,0.0,2.0
454.2480318882378,-100.0964939181037,6.609031956191589,0.8148988828231938,0.0514397562637244,0.0
-156.23551808172223,-296.4225800182342,6.296673322555338,0.7282088277291465,0.0,2.0
211.01708696504735,65.42760446561425,4.496213896279222,0.6395968118151553,0.0,2.0
278.6692929716934,152.93370172170802,7.108739191027089,0.8000886843117132,0.0,2.0
-289.96973265611376,32.132493748831614,4.457133103596061,0.6662634090837248,0.0,2.0
270.6860106863093,85.61224003103804,6.24269843648544,0.7314400748306948,0.0,2.0
195.4736086803302,-192.0774451273068,5.011005432659449,0.6385553966603389,0.0,2.0
-144.13137559843946,-221.32447502358113,6.855991767253733,0.686268364233806,0.0,2.0
-276.25032775883943,-296.1208344325333,6.400860982430455,0.7319957152884685,0.0,2.0
-100.10044748939696,-247.58727897357872,5.827878554940499,0.7548726951175119,0.0,2.0
108.76803295995634,-238.31494459136195,5.777718187383462,0.7496702106093069,0.0,2.0
-275.85791565602165,1.8905921538787833,6.239863666462091,0.7348071522096411,0.0,2.0
-299.0737931219667,-181.04890630028405,5.704343436595806,0.746971158824453,0.0,2.0
-295.2379175959643,119.28367030572198,5.9599915132585535,0.7408214362172052,0.0,2.0
-395.27326028121536,-160.90026034342378,6.5528052261076315,0.7485783110993022,0.0,2.0
217.0951807672079,418.7093528847618,6.096688415235309,0.8230127604079855,0.15476527128184825,0.0
-270.60117557904186,-186.14541427905704,7.190028818626386,0.8071710218772893,0.0,2.0
300.96170888389054,-106.52056417322628,7.454106651041,0.8005034777911798,0.0,2.0
129.65723203292464,320.40973454805106,6.146973647492828,0.7582973332108535,0.0,2.0
10.593115188632591,-82.90638812843991,5.044377152181873,0.7725174101019148,0.0,2.0
284.6860663440242,117.84362757312302,6.880568552458227,0.800978381077346,0.0,2.0
-25.943426825505668,-278.07273986562933,6.72646399230208,0.8059081372032931,0.0,2.0
-239.83055795239352,366.880030456835,5.833431930616123,0.7397439794939982,0.0,2.0
185.71275841196947,-72.28983767935811,4.635920358016549,0.6318862474618864,0.0,2.0
-177.97496572808453,239.8555739997559,3.9638502714164954,0.6053680776386375,0.0,2.0
-266.8569204930208,-37.488329237062274,7.173293733900127,0.7888931089781608,0.0,2.0
-2.3542161769187064,-369.1795517388181,6.673697960141656,0.8053677742529625,0.0,2.0
-230.89784778104823,-227.29357117850927,6.9585140388474125,0.754945789005926,0.0,2.0
-239.67652306209703,-112.04554686263295,5.446103351696238,0.7488062292193917,0.0,2.0
-291.69351072479486,-21.791202644493342,5.605524510598852,0.7075116016823616,0.0,2.0
91.52495529960183,147.47585318915876,4.7632827342098745,0.6202986713004446,0.0158701018140972,0.0
15.632428145782198,290.466229679223,5.278500570900212,0.7303470820801933,0.0,2.0
193.45576106185595,-75.67747585801692,5.98865683731701,0.7439861447772794,0.0,2.0
261.66053924011044,-110.6192305679538,6.870507358485221,0.7290184762511684,0.0,2.0
-270.73113388202034,-99.44714184520704,6.223419770160647,0.7062582218950822,0.0,2.0
200.5784482519943,-228.3633173819879,6.48150722597062,0.7314549788021383,0.0,2.0
-147.75437146813405,69.32921893335622,4.749143593295488,0.7605954578665192,0.0,2.0
-254.09346192478588,112.04424722142943,6.349386383250358,0.7433729884992932,0.0,2.0
33.902653075365954,-81.17304239178452,4.133924757289888,0.6290764192667083,0.0,2.0
189.78803815209756,-347.3208547738159,6.151005679514572,0.7416306822475673,0.0,2.0
-341.59177497802204,71.98047799486308,6.80642027338005,0.7914201874821397,0.0,2.0
-46.978332387095946,317.3999144569672,5.808687469259892,0.7386668025007056,0.0,2.0
-256.30802526490953,122.37390539507496,6.596464660210159,0.7314562274659817,0.0,2.0
-275.4058159745044,-149.12741317650665,5.973602026034286,0.7304728601296416,0.0,2.0
-122.39796928016305,-255.99771847999185,6.062547462070858,0.7243534661233018,0.0,2.0
-238.8734122077873,-221.68760703405275,5.308538121704481,0.5807076187303309,0.0,2.0
-202.19125135494676,-183.79362767770928,6.789293080914493,0.7804248639830843,0.0,2.0
193.49035200268887,256.931217889167,6.645079815340817,0.7347177776226878,0.0,2.0
-171.32943957570575,26.91727695461177,5.981413329956285,0.7224334669297302,0.0,2.0
177.4223629397548,208.29170991875264,5.66252963733166,0.7471273296648842,0.0,2.0
-383.17287428803377,92.31934881742723,5.5808757391007635,0.7319456173739061,0.0,2.0
-158.1043312964314,-277.6368297545107,6.530093063072162,0.7260625200139527,0.0,2.0
-173.96444544634625,-184.2930932375669,5.950659929992264,0.7319794052605249,0.0,2.0
271.5349177398033,169.43085218102283,5.956708913398896,0.7327605455784284,0.0,2.0
241.69693200852623,310.67253144997284,5.808317855420098,0.7184847521479398,0.0,2.0
-179.20464553905572,230.05181109126087,7.59602975176888,0.8014090751531542,0.0,2.0
195.56706481843014,-237.15349339662436,6.559313629823756,0.7447717768741202,0.0,2.0
351.5437496158804,-130.96338547719776,6.357894123422948,0.714795968007848,0.0,2.0
-285.1326029095018,154.53489152099243,6.020293393888683,0.7310492366679467,0.0,2.0
-46.86553947264838,306.80984846566986,6.88143856455962,0.8091277385140571,0.0,2.0
-81.61880836534715,234.01303711187722,5.626381179986036,0.7291450506038263,0.0,2.0
92.6015292336001,235.90447098970088,6.695062550217089,0.7239781455390402,0.0,2.0
-70.05509105419976,339.6184186326362,4.86523678271953,0.5614860781018253,0.0,2.0
268.4325514981327,120.73938548729456,5.085171686177725,0.6232051727090008,0.0,2.0
-148.1577661980799,79.51615249167365,6.101241588397227,0.8128093109858158,0.0,2.0
332.08687310802486,-152.71181798087972,6.6272531338113865,0.7430267879194363,0.0,2.0
-261.17776861803156,-98.41435074538435,5.456017702002595,0.6887685016627644,0.0,2.0
18.292215287540543,383.54931743919497,6.937468980515588,0.743302830153076,0.0,2.0
97.8186259626079,253.94569214558322,5.604618500522625,0.7267205428696015,0.0,2.0
-152.89461581414147,420.8357366691176,6.896749895840129,0.8043208448985542,0.0,2.0
-304.4592638059763,99.53732160168293,6.782795321274129,0.8144093495379149,0.0,2.0
-217.16686672973896,268.9096490825374,5.689878591232606,0.736313791715083,0.0,2.0
77.065464764254,170.87723649456015,5.380888010223094,0.7177942935252742,0.0,2.0
496.5683486339513,92.86741941353559,6.625960320016142,0.8425653599522996,0.07976954837431643,0.0
-49.73881006515734,-307.5806857711622,4.954953952104164,0.5978130279161856,0.0,2.0
92.45536520415985,318.69926470344654,5.760066105240514,0.7609034660988101,0.0,2.0
237.93563507094333,-69.8924469082312,5.761850593460574,0.7234467442949181,0.0,2.0
273.2383614787664,335.26793782781687,4.846271706048221,0.6582970329290159,0.0,2.0
91.0564077016257,-302.89935783727304,6.092597601316189,0.725956076279218,0.0,2.0
-165.60209451249372,165.15303931715582,5.932426423382811,0.7674665044392739,0.0,2.0
52.008049800327356,-363.7874073072704,6.345610687435139,0.705575851503545,0.0,2.0
149.1462429565068,-237.1937792660908,6.30895544479722,0.7285892048235075,0.0,2.0
177.47686578324476,-56.54889170152045,5.797833965483959,0.7230327183023273,0.0,2.0
-257.7080545843704,-150.08545099193367,7.262787441666985,0.8016336852362677,0.0,2.0
-228.42043051293516,-247.85707931696538,6.978231831133282,0.786278569737701,0.0,2.0
297.30032636226724,216.08946967775552,5.501350286076505,0.7360257367502481,0.0,2.0
88.70199178970492,246.82590634159118,7.441625599615711,0.795329764841893,0.0,2.0
140.74021965025554,317.4577994034253,7.180225880031007,0.8105959605785324,0.0,2.0
-76.96052927325195,333.43551973246343,6.501366089787779,0.7336360220320862,0.0,2.0
20.91988030915142,-282.7066154323565,5.863446686230832,0.7491755624150503,0.0,2.0
193.07417919972946,95.46814042170475,5.347658235690998,0.7316982307362101,0.0,2.0
141.46824450475182,294.9787760326694,5.809719812661795,0.7462840254269959,0.0,2.0
-63.63622269775694,-243.1828459463109,7.261548194938786,0.7251679458778059,0.0,2.0
-429.25803854589594,20.38667110031718,7.652741797664503,0.7304378659293348,0.0,2.0
-245.40472222479053,-340.40579947859726,4.042939908093871,0.6485678818623261,0.0,2.0
-304.5660175081621,50.966421291791164,5.668723839309886,0.7137657783410677,0.0,2.0
-10.871176498912353,253.8088806552688,4.960749817159173,0.6274075152407856,0.0,2.0
488.99584953683996,21.932648185078946,5.9547319469089395,0.8240963028828028,0.17008958858278017,0.0
-124.9664001133415,-274.1327735742797,5.594616992491673,0.6336512584362021,0.0,2.0
46.890689797513076,-303.1431081688058,5.406340187213851,0.7174881440532088,0.0,2.0
262.0023285748505,165.7206627574721,6.74707129467689,0.7228083663210184,0.0,2.0
250.5596721745917,-123.65430183858172,5.9784104280663986,0.7178110806817377,0.0,2.0
-110.36311390481433,293.76628525460035,5.383686224191932,0.7645342749058612,0.0,2.0
286.0046532223243,336.1388129851623,5.0575769304963005,0.7061593842842709,0.03443819978155132,0.0
64.54012561062201,-346.04963394228247,7.364745761197962,0.7609398627690162,0.0,2.0
-168.69556589583436,-278.33359402121357,6.421350942173899,0.7054977857665462,0.0,2.0
117.73151868210873,122.44361337520614,4.894584409004095,0.6006145675853298,0.0,2.0
-93.91947146296515,-308.5036898044541,6.40918107232924,0.7070786220809084,0.0,2.0
-362.2845151065551,22.058188203129806,5.070481433218388,0.7063323031103506,0.0,2.0
176.46774386294103,-187.64506161268093,6.265140760760262,0.7340672448762038,0.0,2.0
131.86281498582147,163.287153061286,4.636968758675757,0.5991504688767267,0.0,2.0
-27.54997923366698,-315.2152831471159,5.791806879752587,0.7402654775000588,0.0,2.0
410.8277845548772,95.20648730725311,6.589539132391874,0.7832368917966708,0.011938304712754439,0.0
-143.8216193119087,19.295800389339828,5.20213422803276,0.7836227544786142,0.0015674889043538857,2.0
217.0405343682992,-301.180561010153,5.8853748312416885,0.7481734844560711,0.0,2.0
-152.7286553991991,36.40792326737876,5.83763244718289,0.6480026628386797,0.0,2.0
409.2983415930232,-239.6887308013647,5.514743911966868,0.788185763994384,0.0,2.0
257.13067095097085,106.06192687987175,5.023745682227771,0.660628919119538,0.0,2.0
-93.68677836495637,-238.6247706393023,6.976492291337342,0.8008920829668299,0.0,2.0
39.97441766544652,365.4860145574091,6.543498161870584,0.6752361433946426,0.0,2.0
420.0789743989496,229.38418689124245,5.547738604289264,0.764786431394552,0.0,2.0
-56.906354519731764,-314.11720099362793,7.617089412083264,0.761327806635626,0.0,2.0
170.6012257039041,-204.0523719566797,5.295206481920161,0.6304751948765522,0.0,2.0
-303.5528438274091,-372.225958248323,6.626071698844051,0.7405095207268717,0.0,2.0
202.56656052689186,-186.31188044884382,6.333722019901226,0.8035823845484091,0.0,2.0
40.99721637854661,260.21599608076264,6.843922142833904,0.7225714698191256,0.0,2.0
-106.82338457738783,-354.74265845332764,6.3000295558751285,0.7649891456306787,0.0,2.0
-287.7054753797533,203.45952593830958,6.59382913790501,0.7295771756106748,0.0,2.0
-134.5653547685385,326.5423312283976,6.30163088998517,0.8147953243572841,0.0,2.0
-299.50147637667936,164.13966038585235,5.542295656165976,0.7632645553821159,0.0,2.0
261.68203810651283,90.81121668649732,6.42993833505915,0.7272756065397751,0.0,2.0
356.2361939803063,30.081768955991684,4.802862861657122,0.6689104899742632,0.0,2.0
151.8704387523333,-273.4282691186517,6.5447953873097715,0.7515612113905871,0.0,2.0
110.56940018577467,-518.690826323331,5.8728337988052655,0.9651803142078393,0.6510818421558615,0.0
517.0566475744203,138.60442499838123,5.720461360114812,0.9744818749171242,0.7594501139953498,0.0
248.36228447003433,-335.4372316077825,5.939180368562069,0.7484382777586358,0.0,2.0
-148.7200699163773,-255.75025115481097,6.2251576535646205,0.747081516269475,0.0,2.0
333.4770410339177,-95.32044484620162,6.98413712644003,0.8171039298731271,0.0,2.0
-163.88434347631681,-268.46438759170695,7.218882847815516,0.7357451327068628,0.0,2.0
-164.5112323676455,-228.21753311266093,7.013923571724909,0.7794131192476632,0.0,2.0
-347.35461055448343,362.6326076104889,7.89446974829787,0.8527892267941782,0.1174550048305459,0.0
311.3106575507481,25.278788073004115,6.04147107215056,0.7310603420528324,0.0,2.0
-194.096322221259,-383.16709066078056,5.2748896637054346,0.6244859073329838,0.0,2.0
-285.1615445449446,55.71420538621695,7.139509393848411,0.7685642421714319,0.0,2.0
117.59570818197159,-345.3973265235544,5.694460835897806,0.6577869229465405,0.0,2.0
284.90706708513943,247.1976853053146,6.55682374303687,0.7095836193457147,0.0,2.0
-187.69210676512108,-86.19196043718556,5.032791909363571,0.7505173861657658,0.0,2.0
-284.99619877092823,-66.29739364961542,5.662967167949375,0.7333723861072006,0.0,2.0
-132.80004262405342,198.47045409643079,5.442152168451161,0.7579923527985113,0.0,2.0
373.9074036641623,-125.84642741024436,7.641383650929824,0.8402274873806979,0.0,2.0
-390.3897954481172,-65.53306222731352,5.785990821379827,0.7095804370117001,0.0,2.0
-326.4718500947537,194.45404584403326,6.9949261443424415,0.7154421605703458,0.0,2.0
300.54575367943505,-22.60526036765056,6.253482487144108,0.7387408319878843,0.0,2.0
278.17377040294843,7.430459745319322,5.844619642745507,0.7467215059508846,0.0,2.0
-321.83325224225473,-254.13421975381743,7.064286224869048,0.7589142178000639,0.0,2.0
279.727322686141,109.40645516502993,4.342133360200653,0.5937859109458957,0.0,2.0
71.38856580812431,-200.03735745958542,6.768012122333232,0.7219083604760193,0.0,2.0
273.9493031717545,-79.55584478078794,6.915701572343604,0.79888204905676,0.0,2.0
272.69310167251604,76.3529959751834,5.772517329235547,0.7401936034465519,0.0,2.0
318.7261242418232,-133.55245784512087,7.133013852824082,0.7289894462906984,0.0,2.0
10.962857445276113,264.33253657380885,5.244513582051482,0.718913757851281,0.0,2.0
435.39404408245014,-153.25227955633184,6.362136806805889,0.7681737546451514,0.0,2.0
26.98353965761371,269.6966808667952,5.726071427137915,0.7286828766181703,0.0,2.0
270.05817753757026,-357.01758024065174,5.274699865574899,0.7822007246578251,0.0,2.0
-138.1031298324724,281.6924808689981,5.564932730292305,0.7673670420758847,0.0,2.0
121.87942958403185,-256.66035307079267,6.630232605638649,0.8049998476847939,0.0,2.0
-373.4813936600233,213.9451655361603,6.861701278083665,0.7422170810718208,0.0,2.0
-266.9928907211205,33.53079186784882,6.693027222281954,0.7139659528824165,0.0,2.0
160.62563995045545,-220.2807851787381,5.6435333810670505,0.742977236649308,0.0,2.0
314.37464187078126,-268.45028865656684,6.157244815844889,0.7519209906813201,0.0,2.0
262.5712322035187,-304.2967449837469,6.03614861740061,0.7415355848293059,0.0,2.0
310.6800662103224,-170.05450861432826,6.483912265504407,0.7390464931952841,0.0,2.0
-156.32834204898606,74.17534786539528,6.441635909141665,0.7368079668913537,0.0,2.0
102.61070827239216,123.48381561069115,5.064056843391923,0.6472279245780459,0.0,2.0
260.1252765863108,26.531708334750412,5.442914631926183,0.6521382472239606,0.0,2.0
-58.82694368664756,-41.42751204274551,4.927253356223204,0.7442805712013874,0.0,2.0
-40.08232284177045,253.59021181225964,6.16144754282268,0.7309032100128026,0.0,2.0
-361.12358615140806,45.93867910853511,5.8510744272800554,0.7318555158789611,0.011304390447399388,0.0
-28.31410628321974,308.34760394501524,6.345255981232039,0.8266805287477549,0.0,2.0
-447.8986084831459,-236.71110462843475,6.028514756196075,0.8471726710963718,0.19034203490059484,0.0
324.9808202843534,113.39850664492411,5.6754877794246275,0.75324524670471,0.0,2.0
-126.17228602195647,-358.6841611758951,7.889575700965948,0.79216939760754,0.0,2.0
307.4091126540447,-134.36914325811216,7.702877914801869,0.727026910975392,0.0,2.0
190.91934883449784,245.74281778184167,7.2708155706459445,0.8076272342729315,0.0,2.0
-138.44273835025595,272.33032715499365,5.7883611435262425,0.7367240467612098,0.0,2.0
175.7746639285802,191.04756070286638,5.896161085003161,0.7463120520256852,0.0,2.0
-202.63186027363844,-202.03723919613924,6.342060257533206,0.7213936333564652,0.0,2.0
344.4238156520811,-5.778761571729853,6.786046594883525,0.8191589170023285,0.0,2.0
-227.14645662999055,-102.7234959122161,5.111738710559142,0.7543409260058959,0.0,2.0
174.9625366816139,64.11660127080218,4.836667840611109,0.6543491808307693,0.0,2.0
383.090573240761,182.70026356927409,5.689603332841033,0.7345826195334821,0.0,2.0
235.98920723930775,191.12568989017473,5.602579557304733,0.7311819196775069,0.0,2.0
320.26155408920533,42.681613027295384,6.728148708290588,0.7502178011949955,0.0,2.0
148.72673308519336,77.86383768018537,6.813374229281893,0.7487186529822584,0.0,2.0
-159.24698777081292,375.3635358700084,7.82030913799118,0.7998302856523516,0.0,2.0
295.5769843965043,-31.722954774657943,7.024043842807483,0.7441993375479496,0.0,2.0
79.58606036633047,345.42894762714707,7.083354152703359,0.7564081604168031,0.0,2.0
266.83835229816475,-176.74980468028306,6.4118795469736884,0.6958481640092627,0.0,2.0
221.37081932008388,182.09069616391898,5.967968254602119,0.6988959565620692,0.0,2.0
307.63270728067073,283.6785522409504,6.159641963742438,0.761884439886836,0.0,2.0
-216.81187060924165,193.71345633325632,5.657343300067497,0.743133282566502,0.0,2.0
254.03469662753906,40.990816577206516,4.88410119677539,0.7440267970964658,0.0,2.0
289.6591446488263,-39.36647561912562,5.717170625167502,0.6569791987413474,0.0,2.0
-316.95819578543365,-9.888444944598486,6.934680896185709,0.7270350478335781,0.0,2.0
-220.27443714240465,251.2246465410585,6.496243112069219,0.788807530407218,0.0,2.0
-100.55013135583359,-501.60517483366016,8.256251967509336,0.9442033358679559,0.23619880893639192,0.0
-282.6969252195009,-57.18870848467876,5.551913619780851,0.6899611398601728,0.0,2.0
-188.06824813058688,341.4157588393487,5.321221177468307,0.7000037036920369,0.03020725135129145,0.0
-301.3086411396802,-102.36508504843682,6.067122127861113,0.641377232906961,0.0,2.0
12.961807439408231,-339.0936474204953,6.571557296239283,0.7253076740190222,0.0,2.0
72.72567070427465,336.1679054175801,7.733897471934976,0.7620925685985017,0.0,2.0
-115.18082465886347,264.6911548983784,5.2603288845012255,0.6463213330789142,0.0,2.0
-340.8930653943461,-320.1780847444316,7.7373693460619775,0.7974748084537568,0.0069464457546087165,0.0
-160.85675566209912,206.34713456286795,6.7212447230534345,0.7427493669543119,0.0,2.0
-64.50252096501033,-360.31123329321,5.642586028157464,0.83579141784028,0.0,2.0
-329.51338410695223,-152.87329604048975,5.8399979735748255,0.7444695420768908,0.0,2.0
-9.711654695835144,301.9731001876102,6.794882445491285,0.8319714626382086,0.0,2.0
-503.77185691073004,-121.48431947052389,6.353024404070621,0.8727465120631569,0.1454554778098005,0.0
30.423717177748273,-284.80654263149745,6.138898170948172,0.7604097834336055,0.0,2.0
-132.9894452640974,-207.25526091299054,5.613135106041669,0.7260051380277391,0.0,2.0
147.03030478203735,242.53903267518513,5.9819314250458095,0.7203132899372191,0.0,2.0
274.7249218436329,67.26550635862883,5.482939659644009,0.7589879025398735,0.0,2.0
341.2648028008637,-37.23161938887348,7.870327306407645,0.8024103649380563,0.0,2.0
-219.58161899868568,-194.21713066395827,4.759842591136132,0.7483921210737787,0.0,2.0
247.7955036079296,213.15466605092274,7.1117150383309236,0.7249065335084605,0.0,2.0
328.11715694574997,-206.0212924894575,6.6615335643519655,0.7889007333435015,0.0,2.0
-49.16009821262909,229.12687896135589,4.8904749373658145,0.7699071975730744,0.0,2.0
-278.35199513551413,266.7563931866776,6.176211911281905,0.7217168436997875,0.0,2.0
-222.4430637138179,-307.983454780586,7.03376796772517,0.7900885012270839,0.0,2.0
264.62660543465995,216.25599088002244,5.814120603635125,0.7403656236471907,0.0,2.0
-286.92261448442383,-126.37884454179007,5.465795317187717,0.6956033835871267,0.0030108747799668253,0.0
55.327801505747445,246.66752628145167,6.15662108020751,0.7006305944664901,0.0,2.0
230.4895702274725,270.4887048549891,4.548261149919418,0.6456763184158963,0.0,2.0
202.62636466556768,135.59490055769464,6.3911928991466125,0.7333591441870716,0.0,2.0
-308.09975527400275,183.15016555686262,5.540388289948296,0.7083276748195881,0.0,2.0
-226.41536247258878,-74.3412787621937,4.821770541461985,0.6620880678737973,0.0,2.0
-311.4350035067479,-293.6383909876802,6.050972958237857,0.7440335921810944,0.0,2.0
111.63062330075456,354.1048111962731,4.6616059219598585,0.7453460004815047,0.0,2.0
-519.5907143447586,93.89837224448145,7.767293140518836,0.965796450004754,0.6009088022841659,0.0
434.8742031932842,-30.352736907820088,6.3852317007236445,0.7430940312331777,0.0,2.0
263.7599495937794,-6.187725394890158,4.226300104366578,0.6486892408776217,0.0,2.0
93.92328543625247,-274.06051094328194,6.529252180616436,0.6695948277040854,0.0,2.0
33.51338679500981,356.3363871060106,7.474717034715001,0.741221380056113,0.0,2.0
292.14557615336486,-67.65976636114367,6.549931490177924,0.7178276961831832,0.0,2.0
-274.4766558256961,233.33472177226625,6.006132365062357,0.711677422717834,0.0,2.0
-7.443666084521678,-222.89583704430723,5.894151086833213,0.6441601055116707,0.0,2.0
-235.80916562395916,168.25260252027255,6.264027176124928,0.7358586611525425,0.0,2.0
-190.28704289999453,404.68370333810236,6.725449358356385,0.7770018900295748,0.049641973742284067,0.0
-272.2373453632833,-249.80074883563668,7.40829036576248,0.748543166417853,0.0,2.0
174.13605346327802,-230.394153108673,5.4036896027177335,0.7275410356963655,0.0,2.0
233.15683051779723,-155.10337690578214,6.992228151755168,0.7379560176875637,0.0,2.0
-251.08968627569567,-187.41986547680085,6.136880357003194,0.7483654716552597,0.0,2.0
-195.84180352848108,-165.89673657880644,5.605126614655713,0.6457262649615292,0.0,2.0
-4.106537514773606,440.9093033506269,4.944674484419849,0.7830317543255153,0.002536771336232498,2.0
324.9547160293994,-339.65763186659154,6.927294557041298,0.8182026864822205,0.0,2.0
388.7706400675106,341.4673621991308,5.831501642976936,0.866122918154854,0.23974850098675327,0.0
261.2639564127286,1.204277559202586,5.1628797339807635,0.7386759061591819,0.0,2.0
56.29460423843931,325.3139429641386,5.930663782273725,0.7639296857834648,0.0,2.0
288.0167059901518,34.67004801630131,5.919192204364431,0.7191721054379123,0.0,2.0
305.87128469599253,-116.8208027355493,6.277907439884227,0.7422385900988795,0.0,2.0
-416.33152164100557,-112.87773284639874,6.784259172009913,0.7128163466810913,0.0,2.0
-348.3442235486302,271.1228234037802,6.9317184358943225,0.8039569632991581,0.0,2.0
-289.60114436069654,17.755704039103083,6.692829824228857,0.7608532313287343,0.0,2.0
-9.666499013788215,-405.3568073578364,6.191874502092606,0.7421601904335587,0.0,2.0
230.52682392987103,358.1471345362769,6.405884494278159,0.7521757842800777,0.0,2.0
346.8115641692493,72.35134915382017,4.966066335092991,0.7346759563657836,0.0,2.0
453.5793645735313,-223.85639268467477,5.780493150493526,0.8785028422259418,0.2491980919569544,0.0
-360.3036738529896,-116.6059234117898,5.688112380667102,0.7096602999754545,0.0,2.0
233.44197057674634,55.708672910260724,5.171445214692841,0.608896497859471,0.0,2.0
284.46084164445574,-218.52206087681577,8.423781568422136,0.7673968755774176,0.0,2.0
37.33122011206388,-320.37668321095657,6.486486513955696,0.715939238306462,0.0,2.0
-292.9321756003961,-254.31198143482175,6.084178737892792,0.7459828690519839,0.0,2.0
-408.17120343309233,177.16076070802666,7.11945466413403,0.7918673610538118,0.033762975921410913,0.0
192.01145097422628,-66.79501646828302,5.121214176825965,0.7017545405358957,0.0,2.0
-319.9435047337944,246.6812656120062,6.199271450906239,0.7412941322635119,0.0,2.0
153.48588286057682,-246.38901530714818,6.325268491518519,0.7375763822288326,0.0,2.0
-126.70431402069889,306.7338108087195,6.451969548206979,0.7548157640391515,0.0,2.0
59.516318517514634,-130.0530131392663,4.683664953771625,0.6849334170798805,0.0,2.0
352.84296077911364,56.51171828453976,5.238878941217802,0.6550722313360319,0.0,2.0
45.4948958514753,355.6743934044117,7.802268364946483,0.7711335937642871,0.0,2.0
-226.01049156747823,298.93501698228613,5.992509669540411,0.7283854914113213,0.0,2.0
-221.6474695442757,-68.24456978903386,4.799800390111042,0.7756340758954527,0.0,2.0
284.80863129307875,64.04232378594986,6.697306861189377,0.7276540239717476,0.0,2.0
-235.2905881998854,188.06679972721855,6.185923905373343,0.7626170763530608,0.0,2.0
-146.03156102329177,298.3212202971763,6.922553238122316,0.7241580234606835,0.0,2.0
336.3361319838262,86.99897856786743,6.689846747013799,0.81185357373162,0.0,2.0
365.1358966354866,-387.94928528699654,5.985491872302088,0.9845666254116965,0.730999493590631,0.0
126.36847176862842,-192.8991271484351,6.105043411268312,0.7435934415619563,0.0,2.0
60.080038771388175,266.81726720970386,6.773146588926138,0.7223593501757353,0.0,2.0
309.95225561201624,-20.477548834092282,5.334081914321302,0.7544474335661793,0.0,2.0
-324.28538303079216,8.077971601888377,6.676122613775827,0.8021502868597589,0.0,2.0
34.61838841382466,311.95060725965743,6.433154448750598,0.7453406175413065,0.0,2.0
-167.76122537740812,-201.42030541869792,4.796685642171632,0.7458234799060414,0.0,2.0
388.97065029935555,-331.98758197682787,5.326833453380247,0.9041341191555122,0.5110008647366517,0.0
-188.39325344083193,-171.50288808437077,6.522514295060241,0.7390734079331422,0.0,2.0
-83.75248701498951,264.68376205225036,5.616822681394426,0.6827551294867604,0.0,2.0
23.12917976722007,-292.71599541544845,6.1800809412427595,0.732285038260724,0.0,2.0
-133.86339073410105,219.535172178526,4.822267143118781,0.7753478943214263,0.0,2.0
405.25789834143984,-63.548461986646835,6.690381005071343,0.73683315140529,0.0,2.0
66.6904460487054,259.42339566718925,5.692794701694659,0.73839279692229,0.0,2.0
320.30512097452583,66.9792775776706,6.968430393663978,0.7403184196462647,0.04781135864201685,0.0
369.4066288636069,140.91615054858724,6.339079060538275,0.7474022427765658,0.0015961170638038513,2.0
-253.3105530465137,210.72215707888137,6.644924550557867,0.734267800837008,0.0,2.0
-96.13610754506367,-419.7976987423608,6.23093341401205,0.7489143128113479,0.0,2.0
-200.1601259805531,-244.60283656363302,4.616543135764077,0.6529999603948196,0.0,2.0
-175.4489427661018,166.21561673847592,5.759309785462654,0.7562548287920302,0.0,2.0
-243.61691792729746,92.64202923231647,6.210788815085641,0.7314258244609599,0.0,2.0
-380.7535285599652,-66.44968832923924,6.208944085390312,0.7236949288013202,0.0,2.0
-93.32963423381186,290.479618537794,5.913476888309853,0.7147850887958292,0.0,2.0
64.95647817372587,-312.60536274019836,6.346140896758363,0.7423112093543679,0.0,2.0
35.023923019876854,285.5444898757884,6.369218883817954,0.7242063998631795,0.0,2.0
-108.34097178896663,465.40012274135455,6.525126149423294,0.7520463612931559,0.0,2.0
-52.44492663613977,237.174342055317,5.276253282182187,0.7534610028496725,0.0,2.0
108.94084868119509,276.7990198492501,5.371125358774329,0.7467315713814606,0.0,2.0
-80.52272953214764,380.0958140532724,6.9743778725218135,0.7089262205815009,0.0,2.0
-323.38530650213016,-57.88772399540269,7.238769883234167,0.7674762509897975,0.0,2.0
-41.407453408528646,-165.80354906402425,4.5354312082562105,0.608252101432023,0.0,2.0
240.25732103619058,-148.51549754552514,6.07686763316003,0.741494106389281,0.0,2.0
-185.41511059303247,165.96011594327902,5.700281538854403,0.7587533647166732,0.0,2.0
-177.05229329549542,278.38618081255663,5.494737827398328,0.7419812089952549,0.0,2.0
-247.12146426960186,-0.779714707818182,5.968893217488991,0.7404137193606836,0.0,2.0
-163.09718602937437,243.54896239950736,5.530768673949392,0.7196283071490821,0.0,2.0
119.63907902262447,-299.64839746016327,5.021661935132111,0.7456249428703796,0.0,2.0
22.278233540005605,298.6762963367198,7.125915527518992,0.8161209926514641,0.0,2.0
269.68511266999633,-384.59206786503364,5.273697877525392,0.7377800018078395,0.048527874495230765,0.0
-267.5927319835095,54.27152339587391,5.816277048959245,0.719478253822669,0.0,2.0
212.12184846742656,-140.78873921592765,6.022446319429862,0.733178486116838,0.0,2.0
-326.84116506966257,-211.54262827344328,6.631510627110634,0.7997735730261868,0.0,2.0
-113.1290370071512,232.99026825946237,6.034210889577125,0.7171607282086834,0.0,2.0
269.24850711568445,52.05862792533395,6.371268450748968,0.753504979472376,0.0,2.0
-257.5733811802068,-374.43423872888894,6.317614044470654,0.7398860660748392,0.0,2.0
149.18391036733973,-255.650465289777,6.561478462362275,0.758742227143324,0.0,2.0
206.811852499235,-147.1901510802712,5.121574807129648,0.6428926929712456,0.0,2.0
-294.9751309849129,-156.63580342003965,6.061352276926672,0.7504833147729276,0.0,2.0
-298.1167759321066,0.8743315324523081,5.259241731098683,0.7593097891401777,0.0,2.0
216.20880999528634,207.9061252884739,5.455915623121517,0.7529808988906318,0.0,2.0
221.49825410191784,-143.86283945067726,5.784597425015847,0.7826655319172311,0.0,2.0
-103.59656987744908,378.07015296345105,4.601554095502757,0.6393408638239144,0.0,2.0
218.06916365248694,-76.30698148010994,5.150746219342569,0.7428280397506041,0.0,2.0
-369.91330477408354,14.960436441936839,7.349804662391431,0.7927742493508667,0.0,2.0
-332.47615918809464,-106.06790631514673,5.942724545629729,0.7145250100186924,0.0,2.0
169.2389666817689,-102.49126042651325,6.952322906076945,0.7508905060979867,0.0,2.0
-268.8032454667226,-71.0399878051261,7.279282871535556,0.8133930080758156,0.0,2.0
-214.34136174757748,147.09244870749717,5.401481062657573,0.7754211232299337,0.0,2.0
59.47628023833267,309.218600600463,6.2692352460977885,0.626214332612496,0.0,2.0
-151.85753195819595,-372.18988482164076,5.444537701534699,0.6760869844665248,0.0,2.0
281.00711376399516,173.08124796884093,6.140165989632106,0.7197720254416479,0.0,2.0
-382.81466114183905,-283.56443507166716,5.726758184189934,0.7066255899398729,0.033159696696186666,0.0
-184.44622531884323,326.4137903943045,5.618818032800163,0.7231699324934517,0.0,2.0
-313.6427255978651,93.18707411418228,6.487196273950732,0.7332247772860233,0.0,2.0
256.32653942530425,-77.07038343071585,5.949567287224093,0.757536586746852,0.0,2.0
-305.940293906042,-6.801558030897826,6.87424415831262,0.7915480103310196,0.0,2.0
-76.72321898706976,-289.18516487845784,5.558487394910205,0.7167698650814764,0.0,2.0
302.9071270825004,-195.59230260442828,6.343539712051595,0.8242180216547127,0.0,2.0
200.8399004765485,198.7845419435657,7.1823300868356466,0.7279362542683451,0.0,2.0
59.08986605739174,-476.74371995058215,6.749446698956834,0.7838789123140201,0.0,2.0
-78.4664780495303,-315.3553263910912,6.1540589066351945,0.7700797758610017,0.0,2.0
-317.07430302961336,61.60284099337311,6.769958014380288,0.7347912612325668,0.0,2.0
268.7713615626986,26.17597777272385,5.526289907659065,0.7151165467752083,0.0,2.0
284.8918363521026,127.25053620940922,5.240755201959668,0.6612813338636775,0.0,2.0
156.23735128993678,259.72305694222666,5.213701177985818,0.7333395251869849,0.0,2.0
-149.16978414239043,-277.0946970603695,5.329379595059267,0.65051068522808,0.0,2.0
-403.8365890224613,-155.37916029820718,5.892052923544092,0.7737913351273087,0.0,2.0
-445.8807222819601,7.435417108594578,6.249085593912661,0.7499948577614355,0.0,2.0
-177.94943036305497,6.985193721488171,5.290775458542173,0.692479731659146,0.0,2.0
-245.26552198193937,164.34028909597092,6.361845866147872,0.7306814949973198,0.0,2.0
485.78115281836483,-94.90215107510951,6.568124968777649,0.874656770942746,0.1445696923806394,0.0
295.3341941608461,-78.02711305252899,6.940111528576221,0.7998023837017016,0.0,2.0
194.39123442399364,234.7907091351675,7.108370321547837,0.7220407771414257,0.0,2.0
-233.54547956527455,-294.74857476060623,5.984919320342036,0.74284848833104,0.0,2.0
-15.53376397957313,291.9143730687433,6.457531074694436,0.7635208989597221,0.0025388859610734654,2.0
375.0439718985695,240.15521320734305,7.607425820760109,0.756168244837094,0.0,2.0
-222.22156308875992,240.50047670076813,5.483011194281305,0.6877303739887171,0.0,2.0
-188.33235880570817,179.69321663030723,4.372810656507872,0.6433461978672497,0.0,2.0
-327.58595697996685,-12.666163138793255,6.346609295622273,0.705677682782619,0.0,2.0
-90.71343603259704,-216.94238782044022,5.46184895023264,0.7397298868954943,0.0,2.0
240.22257344679272,-79.5590518381806,6.133263265669604,0.749424402945056,0.0,2.0
99.38085307200804,-317.39841892363654,5.6870371001596896,0.7195279563942983,0.0,2.0
82.95061772736425,-341.5918092112955,7.765906918441095,0.7952396352469436,0.0,2.0
279.80516966133195,217.26360815858814,5.2258129953758825,0.7211379892611299,0.0,2.0
289.6648487980422,-107.52714627566544,6.767393108838225,0.7477394399592904,0.0,2.0
264.72227482751373,-157.56706203977248,6.371657246194611,0.7290486666189243,0.0,2.0
-402.23147650572645,-206.70714482578921,7.135340304603369,0.8120938599687596,0.0,2.0
-180.5099810643039,44.50715851351868,6.0376936827318675,0.7498403043662868,0.0,2.0
482.25213672964145,-143.39870811326966,5.4597578273142515,0.8072629749044441,0.17971168361206083,0.0
205.57062287811357,366.59342619012153,7.662057379253478,0.7990563903847215,0.0,2.0
-204.47551928290898,312.0703308224548,6.118830625782909,0.6477591527737848,0.0,2.0
70.8624208326389,-271.43657892226486,6.7689516233887925,0.7090631445676545,0.0,2.0
86.02970882181648,-329.46011695448544,6.310336172338839,0.8091786435444965,0.0,2.0
-168.02304929090144,34.81056616063107,4.556700663688149,0.6128896433380465,0.0,2.0
158.98526616809994,-237.9611051331168,5.380412514028934,0.7289014855580915,0.0,2.0
-280.747500888555,-100.25481487322321,6.860735252649131,0.7289099343751546,0.0,2.0
-104.38133299426447,-310.55551585242694,7.273381813498499,0.7016721639985753,0.0,2.0
434.57212218039336,176.52955393915198,5.249549784649554,0.7629681556547749,0.08266890281375189,0.0
335.4751630528253,271.8405054726399,5.016486288080757,0.6483199987474946,0.0,2.0
136.93781580727912,-292.17316584439266,6.102753912656078,0.7602333860524739,0.0,2.0
-269.6433846998976,63.65925341109043,6.470069455196647,0.7255870758567744,0.0,2.0
-116.76912598883523,416.03626872751255,6.109203517410506,0.7568260917928338,0.0,2.0
232.42019984317113,-75.87336567200889,4.7464594012774075,0.6420162320676838,0.0,2.0
-376.66564350419264,-103.6215379764919,5.648495040600459,0.7029654265813539,0.0,2.0
450.68883202013126,26.454201270283153,7.4048015700948175,0.7732545459876579,0.0072052805401686855,0.0
141.4595397739993,267.3555325865868,5.858973721209818,0.7443374001972933,0.0,2.0
305.0360409064162,-76.82598462603131,5.092368162116969,0.6325242193527533,0.0,2.0
-264.74450885104665,329.2181003334824,6.171473947291214,0.776027745125271,0.0,2.0
202.97609398109748,262.78353093840735,6.695784146384313,0.7115474566148041,0.0,2.0
385.29776795416626,-298.1780290625398,6.643348782336161,0.8230508467640787,0.059301601702342194,0.0
295.3625611763731,60.356758594493336,6.21847542474397,0.7033030922737683,0.0,2.0
62.371213257899115,-273.30330540510533,4.284599783930863,0.600062239408397,0.0,2.0
122.12106692899093,-407.1598807928326,6.728989374203428,0.7274004571346829,0.0,2.0
-219.0755319614323,-225.74685290128787,7.335618163002596,0.788225014500559,0.0,2.0
-9.575145425528188,384.93263900172474,6.62695876826816,0.7869760913296268,0.0,2.0
-272.3051241030705,102.04897585728153,4.211591800707776,0.6564724921373775,0.0,2.0
-326.0679438701045,-40.16820915039468,7.04125967345496,0.7929957869241826,0.0,2.0
-21.145179208709006,281.0465284258007,6.209708700287641,0.751508496564649,0.0,2.0
362.5452294064857,-19.56030833717755,7.031972368690468,0.7333072467017878,0.0,2.0
299.01711161619914,-61.60840389160663,5.024460622528649,0.6178026356583578,0.0,2.0
-67.50435552487689,-332.48787591468135,5.381812785539011,0.7382358851164419,0.0,2.0
205.18236669852035,-210.94567302718178,6.375511517657107,0.7146947469256841,0.0,2.0
-102.88607713766021,320.9572698118425,6.370294839309307,0.7570667845501572,0.0,2.0
-232.78719173604202,-164.3172885635461,6.824375713334117,0.7668909128866517,0.0,2.0
-430.2247255074522,31.308926122753203,7.392476774594514,0.7145056291521361,0.0,2.0
52.35780331663702,274.07703618108746,6.179753722780233,0.7123379474713215,0.0,2.0
-207.67385847505813,-258.5313372467132,6.331531616720789,0.8004797361301531,0.0,2.0
113.75336747218,284.42588541944457,5.355359719382841,0.7611441445514351,0.0,2.0
-19.574638375533688,-309.98970794400697,5.346874547512969,0.7491075321563162,0.0,2.0
-354.36401532272174,-85.89334261398083,6.979823368674959,0.7601868684254659,0.0,2.0
-266.34420401533737,80.94256225096629,6.8577979329820185,0.7381037913470697,0.0,2.0
-272.9026638137252,-27.485721069419785,7.5634568449845805,0.7273152457078391,0.0,2.0
241.0076132942872,-172.1031821292495,4.734098102732233,0.6254719722176075,0.0,2.0
179.56723829068582,152.47450587808748,4.984408883413366,0.7294244941011853,0.0,2.0
-257.6358853657647,-54.720220552541306,6.216516509808866,0.7312078081871155,0.0,2.0
302.41140547087633,-95.32626370026414,6.378247027610271,0.7493442157727113,0.0,2.0
-85.63212788814357,327.61384547969794,6.248596652758098,0.8158563910172867,0.0,2.0
260.0551025592463,145.88952831866487,6.063191053939554,0.7276856628425097,0.0,2.0
167.23406903466326,-263.3422320238719,7.699840881301478,0.7853641178125711,0.0,2.0
-77.79150388573403,287.0012658542648,4.691359195660652,0.5996055638569723,0.004564852143649028,0.0
234.66524234962475,-380.87089563490434,6.26085612383352,0.6710296890090167,0.0,2.0
-374.8794341220118,308.6415702972736,5.543378516690889,0.7113986119221802,0.03853139530438088,0.0
-301.97721503597745,-84.1611032709239,5.63226328770431,0.7100965242908178,0.0,2.0
164.65515719079406,-293.09345274874545,6.492912064630915,0.7613955599522715,0.0,2.0
-323.6346154461889,54.38302841422343,5.400250228120849,0.7238528534898387,0.0,2.0
281.55853801843256,-62.427412239479395,6.498089176311975,0.7218567119388731,0.0,2.0
-226.04996066618327,212.8040792970724,6.591023434202388,0.7440516024931073,0.0,2.0
303.1056901021673,76.85848544680346,6.477942282839873,0.7334430746712685,0.0,2.0
-106.43110243191651,74.85229518507536,5.177185625289999,0.6617824196858576,0.0,2.0
-113.21879290405653,324.28729763715927,6.022321313238013,0.7297919829283133,0.0,2.0
-186.15337924444194,36.815357717493285,5.284591956439831,0.7859134466368477,0.00011274217330821756,2.0
376.91861542939955,-107.89054181672114,5.30941558841327,0.7464020443381487,0.0,2.0
-211.73322047286197,202.16546517697958,6.66568160958742,0.7440808041338652,0.0,2.0
-45.727447462957066,-402.2306903838932,5.722874576789508,0.7423727116907399,0.0,2.0
-344.03969479369545,137.528762152967,6.508844998744548,0.7859510300541321,0.0,2.0
127.60009984177354,242.12886747177532,6.400472096346521,0.7661686268907658,0.0,2.0
-73.4200821373071,266.1935622507539,7.088373720166286,0.7654899397731386,0.0,2.0
289.5773532454242,-178.9025716239913,7.4707486990511365,0.7548028107127969,0.0,2.0
104.79284683454289,336.12499050975293,7.438531970145174,0.7623683117156361,0.0,2.0
-307.00524953490543,315.652139681323,4.66855992978048,0.7907114439908832,0.0,2.0
303.8729958244788,-409.9709178125887,5.250414594309624,0.8317169646620997,0.29419651533474744,0.0
5.877660819599468,272.899632280876,6.136083152398273,0.729129944767997,0.0,2.0
253.86488928203704,-140.3830265381593,5.9887208590520835,0.7350458561463961,0.0,2.0
387.82758609100193,49.9582878869087,5.898555954239681,0.7436983552744977,0.0,2.0
-271.3867704619823,-174.9828927225178,6.817402699006734,0.7616847549125716,0.0,2.0
-248.75850234599935,-37.470637652522285,6.9091045214153635,0.7789415474326276,0.0,2.0
264.68270951255494,70.95614712453073,6.669573406990172,0.7616978057964984,0.0,2.0
116.9701458764509,295.4396361428292,6.792281363591365,0.7981056475280703,0.0,2.0
10.193124759391369,282.1756427059353,5.881020285115402,0.7085819290152198,0.0,2.0
-164.0788184311881,298.80999046133627,5.725931744977343,0.7222989858506356,0.0,2.0
9.063603630648693,313.86200513541223,6.420588991626406,0.7391313772386228,0.0,2.0
-103.65163050044923,404.226516267657,6.112820347861994,0.7533557647458791,0.0,2.0
129.1328672766282,-332.0086558847054,5.668416171571497,0.7468132795302695,0.0,2.0
-284.19181596645103,-197.61793635462385,5.392042622295082,0.614780324516718,0.0,2.0
138.5934934576068,-255.66319747833407,6.283197607058328,0.8212319332939131,0.0,2.0
-187.80110941034945,-277.333565892151,4.5591648201133514,0.6427545591431448,0.0,2.0
-65.82222784978202,330.6253067186093,7.377937424224692,0.7742973864914997,0.0,2.0
246.42277402528654,-214.06834383196332,7.120388933722612,0.8177775379520871,0.0,2.0
10.511077472845507,-226.88348548008304,5.018168403165648,0.6094444889443468,0.0,2.0
157.1460954212307,354.7521494636166,7.602828969443385,0.7908914557894269,0.0,2.0
-89.14245763602739,-372.9774552861875,6.212294547419128,0.7025719977152994,0.0,2.0
379.8075325411876,-252.97515932107802,6.677988883494323,0.7610340387304328,0.0,2.0
288.81186810617487,96.78479322556717,6.556822201647932,0.6801287325264666,0.0,2.0
-484.2181639504189,74.08802880582355,5.411243657998911,0.7842611904688712,0.12250997566035053,0.0
-150.30734982660715,-316.0248390625017,6.456939743459016,0.7609605893410164,0.0,2.0
320.97762336308,-76.82136683679872,4.99252913706259,0.6223148094554596,0.0,2.0
-230.74304106321293,370.0163413485068,6.588509164371868,0.7489349458715533,0.0,2.0
-121.44447909054273,280.1470542129326,6.595754237097871,0.7389776548408389,0.0,2.0
322.703198504171,180.5139148667189,6.317040541450251,0.7128236029393723,0.0,2.0
-406.70717845509347,-347.1330633547332,7.0691558786616175,0.9762672484737425,0.7062842607412125,0.0
-1.1023006995079518,-216.0495591325305,6.501261984583804,0.7296220635941453,0.0,2.0
-13.215171961783764,-350.6687818704389,5.731363094787475,0.7041795049837246,0.0,2.0
421.4258202273434,-128.38759550454344,6.5334357547035955,0.7715486248240249,0.003638672118838966,0.0
-80.38081066125179,491.7197742013448,7.171907692444966,0.8826529149482626,0.1815483675894564,0.0
75.68053553470415,262.426398355111,6.3241033384422485,0.744501917139969,0.0,2.0
-199.3756910789037,273.82180540301243,7.083380381709046,0.687131029650862,0.0,2.0
198.57842671899525,125.26085439507462,6.979846967557951,0.7913439818848282,0.0,2.0
272.8660091380034,-48.5613193555688,5.246731186083983,0.7699267607700142,0.0,2.0
-315.8498306435009,-64.87791172319042,5.154079735876216,0.5777353872009496,0.0,2.0
-25.648444880449865,337.2074086238737,7.160202251042387,0.7070996874394454,0.0,2.0
205.7395925106254,189.54726303362355,6.203129634005854,0.699883609839166,0.0,2.0
-130.3002569874437,276.23941500489127,5.496133346464295,0.7453902167010729,0.0,2.0
-495.666203901864,-58.93673459613257,7.06356295714081,0.8291578679837087,0.060148537337444796,0.0
-153.71981838146758,-224.2968834793776,6.781590059755058,0.7268234808695418,0.0,2.0
-293.7392983792265,-89.68377683128921,6.147722499738891,0.7433094078273965,0.0,2.0
-264.45240537982045,-212.20202246228382,5.715413685678213,0.7531931411461821,0.0,2.0
-168.29162675334632,-218.3965377776605,5.945857005889398,0.7575685523325715,0.0,2.0
-100.11483636045809,309.48646928507145,7.148129346880694,0.8173714895227678,0.0,2.0
284.2986405166479,308.22162318800116,7.86521746901743,0.8493652518761289,0.0,2.0
118.31174675181882,-469.2669060467026,6.842107647136751,0.815752816494432,0.03034540781469632,0.0
348.01586087655573,-186.02260224666526,5.527578991055785,0.7490864356526635,0.0,2.0
318.87953659454956,199.4441229769072,5.486039304713684,0.6164710240871335,0.0,2.0
-309.2217383093575,-17.539643839950074,6.334908418159227,0.7109527515900353,0.0,2.0
71.14845266712543,279.4078667097043,5.808356876260778,0.7349660679820696,0.0,2.0
305.5242283719502,33.196073074928755,5.878455593598009,0.7470703510678421,0.0,2.0
39.116494436339465,392.03661781607667,5.042063246082018,0.7299912975662181,0.0,2.0
-215.90686924585992,210.74286791817426,6.225641890191076,0.718896303190474,0.0,2.0
-266.11086448462186,386.99406777896655,5.222367267227203,0.764602463671179,0.08772412133919194,0.0
-184.5103072260949,-210.10233821638636,6.003082885586933,0.7452189997051845,0.0,2.0
310.0656394799892,-353.0944361805757,6.870711787308551,0.8048846992357984,0.020508469440905272,0.0
-302.61283114225955,-93.50003448861136,6.333057230133767,0.7100444980211228,0.0,2.0
463.4494966436385,-59.179530383009954,6.943683398878971,0.7728385754894568,0.022778013395212134,0.0
-178.0506009194048,-261.5806685714502,5.135485939971335,0.6287982074179223,0.0,2.0
315.79606190833465,234.8601392294768,5.74885657258594,0.7395858423908105,0.0,2.0
-346.12767418044916,-139.17894428109312,5.26893188359732,0.7397922786730666,0.0,2.0
105.94740677470011,399.50107628794206,5.319614851561005,0.7203044723870252,0.0,2.0
45.279747348841425,-313.0348091734096,6.972378158369518,0.804981909215059,0.0,2.0
282.61164027936127,-32.654448590706295,6.691130302296553,0.7922910795891744,0.0,2.0
-70.55778161064099,-281.09216084815375,6.316136807292023,0.7261692165070965,0.0,2.0
-170.18828706290685,191.43453938836086,5.32099843904832,0.7650488840636726,0.0,2.0
-213.63724045862392,316.9073434235066,6.854365641765343,0.7771411975956989,0.0,2.0
182.70804663570146,269.4590720738129,4.931321103196399,0.6263199899355394,0.0,2.0
322.90384221987136,-2.6784373049014722,6.2068666064223565,0.7360467059343644,0.0,2.0
466.44833309471005,269.4244001307786,5.39415183631287,0.9405689966545743,0.5802711373652679,0.0
-129.96607141163057,-303.4821215601779,6.457441630870915,0.7302885973022807,0.0,2.0
151.73327083820283,251.41179990274466,6.651240362366266,0.754066206085607,0.0,2.0
40.49253871184467,-287.0776910815052,6.259273147275363,0.7891438244592386,0.0,2.0
101.04349586798222,219.12993285099515,4.514710680375319,0.6510745310952876,0.0,2.0
-493.48766295084664,191.4856226941034,5.510654481818126,0.9519601081996678,0.6099788345392931,0.0
-299.965010043076,-75.36481616006898,5.182709739239747,0.7354909526626076,0.0,2.0
-271.8965026647011,-275.4710805640542,6.229135816202024,0.7251890911887342,0.0,2.0
-481.21934594898863,-76.13534439286099,6.369380151998101,0.8741388455591309,0.08143927968759379,0.0
128.14025311077336,-285.26666017745646,6.97150758904104,0.8101665142354216,0.0,2.0
-199.80678633673716,230.3927397458384,5.181729801783057,0.7385675546697207,0.0,2.0
44.826397523558505,-442.37162999415875,7.37645995910774,0.7762211351411313,0.0,2.0
-234.83889737583883,-146.82806252111385,5.929641833371979,0.7243562284018561,0.0,2.0
387.7580626640959,-50.281130997130596,5.357328165022026,0.7414982441527552,0.0,2.0
373.5999839238198,-169.38835763197415,4.8416326236975085,0.7746367246025304,0.0,2.0
-121.22782851896297,-400.6819792769358,5.814442834418378,0.7556418868764887,0.0,2.0
-264.63374524287866,-107.33144741387916,6.08603768299396,0.7399359225976477,0.0,2.0
20.461300957622278,-373.1281654316207,5.539592680886102,0.7619865284493159,0.0,2.0
122.95685790765518,503.0935993894361,7.190570763347338,0.8725649226901909,0.24519713212021915,0.0
-139.81109395781846,-319.74204532739327,6.937198890904,0.7385460099274829,0.0,2.0
-244.1343745032364,154.2796072476596,6.315156228450837,0.7285645487736443,0.0,2.0
348.8904068412773,-167.63862707120472,5.537996178885153,0.7339566389689017,0.0,2.0
-411.58214715818525,168.22401381453284,5.493365469850131,0.7066076359160889,0.16535087209850582,0.0
34.974308658728,-217.5899119971516,5.683162426904439,0.7913332842054264,4.793842521878691e-05,2.0
-275.4659608419613,-196.89641868115373,6.431527334739231,0.7425733327263928,0.0,2.0
232.53326861420504,-182.30961503177997,4.689726407343298,0.6626000768242405,0.0,2.0
-234.34721563778317,198.28226341778907,6.625186733958774,0.7782169650935438,0.0,2.0
-252.66854900900123,-198.13843509387405,6.537170441910122,0.7690845629287798,0.0,2.0
324.67616749966896,-28.506127237338813,6.633247387426882,0.7349409523151895,0.0,2.0
258.96450382566695,196.37277294203153,7.788704750846118,0.7896396266105643,0.0,2.0
-180.2956725395784,253.77830056794542,5.8920143840025165,0.6609787719937725,0.0,2.0
58.78001437577412,343.4893897401154,4.661555560555214,0.6344908913250628,0.0,2.0
353.4651484975466,282.8609615506899,6.167974559886903,0.7301506999920025,0.0,2.0
-326.19734560155786,80.15586264690694,5.4089647252944,0.7186239723882768,0.0,2.0
283.9714507645771,-237.03031063812233,6.936169208567036,0.7395676504358419,0.0,2.0
348.14510908619087,126.67883515098114,6.343974966499707,0.7360691360809607,0.0,2.0
333.46356231015835,-234.04136056455204,5.7503910178775755,0.6693900512955858,0.0,2.0
-341.80455378959624,-259.7476186606586,7.089085841955631,0.7431564571142356,0.0,2.0
-187.24278316075683,19.939324321527423,5.302810707592061,0.7536079740059118,0.0,2.0
-320.80718805777167,-336.98523151373877,5.870919968507513,0.765418064147412,0.0,2.0
363.9903471169103,-181.45860451897306,6.019043902302044,0.8225942738451404,0.0,2.0
102.85401333699622,150.26882425403406,5.181984513716019,0.6657396093353163,0.003479471853614306,0.0
66.93297769552782,509.69090981155705,4.952016777553654,0.8708768092142686,0.30298769500042744,0.0
117.17415331826143,-362.22693978261594,5.962836345369642,0.755700965163308,0.0,2.0
295.62856303040405,82.14427785566676,4.8137001508047215,0.72943942003079,0.0,2.0
-244.34001420515725,184.3596457914597,5.79055934120517,0.765066273592389,0.0,2.0
-437.27396058588283,-130.17329779816788,6.358569454805112,0.7920154100167671,0.01143760982522246,0.0
66.72512436826361,-323.54606286389566,7.05291843420941,0.8283406652966627,0.0,2.0
-319.73722994342756,-166.13608620307335,5.8664807975342415,0.7453121120254649,0.0,2.0
7.765772694539066,305.0354326262334,5.4962685596283665,0.6340899577628588,0.0,2.0
494.4455028215521,-71.63857183898695,7.9591124646586335,0.8904427579592609,0.17871916168504737,0.0
-249.68789884474435,257.90946104250213,6.110248544115936,0.7718297224753883,0.0,2.0
184.8843133682187,-315.41775170430805,5.493558027436853,0.7616847433169377,0.0,2.0
452.6504930251064,103.43462300984075,5.144571122298937,0.6414391630148507,0.0,2.0
222.1676336876222,-197.1901550863795,7.585140333603719,0.7335630988081839,0.0,2.0
28.188905694800937,319.0970891246677,5.826202944589418,0.7455013899752541,0.0,2.0
362.228570186237,52.69623387065543,7.058356041434082,0.7865293818013598,0.0,2.0
-327.3248696819675,-49.290830345967066,5.085437534750399,0.6247244564536613,0.0,2.0
-79.99363791855373,-279.4353137926293,5.922326581803635,0.7459742519262578,0.0,2.0
-83.29434064173637,-324.32990660599444,5.930150309684377,0.7125552715420203,0.0,2.0
-145.82256458664972,158.2760415407534,4.907355623457255,0.6043531495065767,0.0,2.0
-251.11225023252985,-248.8784945735963,6.390000730821834,0.7310365122236743,0.0,2.0
-97.99312990950254,271.48511107398497,4.6848422536073375,0.57213009767294,0.0,2.0
-57.184522419494314,302.6672676179905,5.995604947158196,0.7394405525839889,0.0,2.0
-201.84266707628367,221.3372566155094,6.335716581596545,0.7426003874790172,0.0,2.0
83.73828462903536,-318.4522544885515,5.4746881278249315,0.7305621768342933,0.0018534474294997095,2.0
155.54570672436958,275.9429311023638,5.499437604543476,0.6815549019879271,0.0,2.0
-65.63350034225341,319.33850200469516,6.536422058248508,0.7011314280319153,0.0,2.0
152.82218000734804,233.8560551858127,6.99972290585913,0.7599768572609801,0.0,2.0
71.39461782460643,-91.68359771926254,5.103679178042796,0.7566278801879163,0.0,2.0
-15.055403777147525,439.69593202243436,7.82834027178374,0.8175361578272651,0.0,2.0
-156.64117539139107,249.258552707925,5.129195219923436,0.6443485184511356,0.0,2.0
-280.1735224366862,195.65616235315295,7.184232540958604,0.7113101191560163,0.0,2.0
377.15246514740915,-334.3908246575643,6.389768378473116,0.8614107755095362,0.3307019774664962,0.0
367.10458382324964,-104.85063370778656,6.999612526558587,0.7372828541162378,0.0,2.0
311.70086932515846,293.6774452267312,6.896119975502755,0.7679345908596383,0.0,2.0
124.99919858715505,-315.6061909286199,5.640245962924847,0.7405242394627967,0.0,2.0
363.86007961926884,121.8083165604183,6.021192623002999,0.7292184795738559,0.0,2.0
113.06360716823144,-293.245011731153,5.788218506509057,0.7261076698274385,0.0,2.0
-327.8577869418355,239.6408428660604,6.750989528544513,0.8230782598273447,0.0,2.0
312.22592274462943,-211.75332431255268,6.580589472085417,0.7445592078375509,0.0,2.0
290.2700242801839,150.90012008211588,6.2919055291456365,0.7366792898924691,0.0,2.0
272.41300627707795,303.40407268052985,5.963649840206796,0.7625872432822186,0.0,2.0
-39.077021706050544,398.8389488380754,6.883238240478349,0.7263756988927397,0.0,2.0
119.68744581088295,322.56018078065364,6.662652101818801,0.7542289791954637,0.0,2.0
1.601322075642056,-461.47265906244553,6.631437457101562,0.7536496209140382,0.0,2.0
-413.3567711936808,96.96369859675569,6.481626710382866,0.7245576141404931,0.0,2.0
177.3483941994644,478.56648082205317,6.045455245159373,0.8203530321714851,0.19349754313704293,0.0
473.5781203968492,141.30696533072822,7.826137102272267,0.8583284363245788,0.13528269489543196,0.0
-144.05509585299086,87.49757309515466,4.460660635895137,0.6328430650990233,0.0,2.0
377.8112309812276,165.79776664383934,7.068560864345544,0.7704333370651518,0.0,2.0
-11.608671786931547,-324.7695175815517,5.79007448199187,0.732990588184629,0.0,2.0
309.0945321692147,-39.68293760702833,4.951312467381612,0.6742177263008359,0.0,2.0
-55.930739546198105,312.7513884552037,6.245212778996374,0.72197581231878,0.0,2.0
-354.44397091621204,90.02483819914578,6.8978103124377785,0.7553811049400687,0.0,2.0
295.35370986630966,419.96413302952647,6.6120918609996675,0.8395536306960737,0.24739097917119443,0.0
-231.38163419740314,237.960601424054,7.23306415644888,0.7312483322424348,0.0,2.0
123.05027844957944,250.68405025527707,5.82019060558692,0.7567929704993598,0.0,2.0
289.7260030220861,-3.0307762627838537,4.285936576612666,0.6354080255701603,0.0,2.0
-35.4953702429763,-310.78210685080387,5.947655167460342,0.7248317013182689,0.0,2.0
-197.2312342550207,293.48847731474115,5.223305956739982,0.6610039812514518,0.0,2.0
184.9485246447718,-256.72832278545553,6.858833549439802,0.8043419003942478,0.0,2.0
-261.53172471831033,-421.2738289297545,6.868097336129535,0.8255724991424345,0.07062193436465937,0.0
240.234262386963,198.12872925116375,4.383261936838904,0.6239469172197712,0.0,2.0
38.06051773573074,346.3391273488237,5.94490393480447,0.7354847943904569,0.0,2.0
-273.71491201024133,215.4797955854122,6.5668688221367715,0.7557888307303062,0.0,2.0
-347.39319515196553,374.03558573767174,4.616834382680414,0.9037082746414754,0.2563510691724605,0.0
67.87765138870675,397.0687538922027,7.027970679421168,0.7955389966222984,0.0,2.0
290.6319227881958,-48.087056148296135,5.756271371759711,0.746440850265833,0.0,2.0
-238.182349458151,-316.1607138717127,6.314031746123336,0.7522377413344211,0.0,2.0
-242.55057947193654,-120.86901712465887,5.7345245395859,0.7640846179779067,0.0,2.0
346.04739448973004,-63.52047830507687,5.914319060117807,0.7341830415609752,0.0,2.0
-305.2549354357114,118.49230805998036,6.23728280196768,0.7382931421855251,0.0,2.0
312.6485116084768,-91.00998023776022,6.468745293951676,0.7144335451319993,0.0,2.0
197.92812169523586,-218.77216751375394,6.25432420801022,0.736384390830584,0.0,2.0
-62.06450183576774,-410.19011597512963,6.751990905623272,0.7405515200704847,0.0,2.0
-209.85544264443058,304.0104461387412,6.6613507601623025,0.7113119322992212,0.0,2.0
-234.49596152415234,218.751890329087,6.2485784481364135,0.7356736772677297,0.0,2.0
354.8745169010043,394.03540819162043,6.919835340483822,0.9549161223069983,0.7060242512382242,0.0
274.78848979353296,-211.17016252280845,7.669238134269806,0.7252422405208699,0.0,2.0
108.26786332329533,217.73490966878364,5.078792099433436,0.7380131996966992,0.0,2.0
-262.3336611948105,-324.3193357631856,5.8038131291452215,0.7159802523324336,0.0447197574280607,0.0
209.22596765933454,-419.5029955517344,7.1563372383270645,0.7699715927735942,0.0,2.0
317.50253147695975,-36.13315566334059,6.513434187872456,0.7964409442283259,0.0,2.0
-11.2369678977682,-394.4474261580167,6.487383985539411,0.7483949834258811,0.0,2.0
-163.55911484651284,-455.66808883394526,5.24829348022995,0.7904576664034483,0.1272735984190439,0.0
313.39890273592823,-251.1342696152712,6.57844576884697,0.7740029321737991,0.0,2.0
208.66838702643042,-378.445187819551,6.166246087012433,0.8207456604231784,0.0,2.0
-232.9553460671149,290.44331700695443,6.935556119104184,0.735192041024708,0.0,2.0
210.9935803981889,-293.1034259329016,6.626370760557217,0.7562745015722543,0.0,2.0
318.78056523502437,120.31423021691818,5.470860511754171,0.7275545719624262,0.0,2.0
211.58445489761172,308.81926315385766,5.392207224247246,0.7307468118226162,0.0,2.0
-235.74043702110222,-284.02518425457595,6.994521820768366,0.7386700327401418,0.0,2.0
-185.0679691387125,-296.7278080847725,6.043162216957834,0.7627691673688777,0.0,2.0
-117.75499370470494,-290.20834849270545,6.04610269259204,0.7105466045170208,0.0,2.0
308.31879366950477,-152.5350646190486,6.2901434233126015,0.7122878524071237,0.0,2.0
-237.12126603420555,246.758148417054,6.230487674131051,0.7168174141819063,0.0,2.0
-193.0341357663551,-205.1213864036682,6.366387049064665,0.753068369489512,0.0,2.0
303.78399614458266,202.3560053852902,5.892309573673843,0.7548190556752814,0.0,2.0
-304.02026209432614,265.00507618961484,5.913916778643999,0.7650824333115527,0.0,2.0
288.6973937428719,210.5652402346676,6.3897110336432705,0.7730282572546613,0.0,2.0
255.58212292382817,-67.38990397601391,5.838385839740639,0.771514629805695,0.0,2.0
257.2121194494916,184.54672708253804,6.858932870102784,0.7688803153096707,0.0,2.0
466.3359911099959,191.37196115212328,5.825948120559344,0.8603612796356614,0.2903630552121548,0.0
-196.34387417989316,-87.81834288600156,5.3176452541946695,0.7143013670091691,0.0,2.0
109.91751202411001,-302.59129239647694,6.936820992672667,0.7294328554736738,0.0,2.0
-343.8946747239104,15.942101896226921,5.960213182448593,0.7363335867985498,0.0,2.0
-128.75139195745845,-291.6562815602218,7.007103832149938,0.7941588844677465,0.0,2.0
57.691437693344824,-289.9477576091464,6.911112058135237,0.7977798191057239,0.0,2.0
221.739581500597,264.5261251472801,7.386193743678229,0.8503045228563012,0.0,2.0
11.266994969420322,323.1911647248007,6.3899282783129765,0.7121363798810937,0.0,2.0
179.4576396169675,-238.8645722722819,6.748952714446251,0.732622724727098,0.0,2.0
-327.8124858898615,380.3297549280773,6.62830356211185,0.8327213422331768,0.06661703987334094,0.0
133.3772738238187,338.5605940657728,6.208565015648387,0.7457801412976901,0.0,2.0
289.7001525257528,134.84532813455502,5.919329996106386,0.7599838153850127,0.0,2.0
214.32952145272736,-238.668602612966,5.974728531547157,0.7164103222281069,0.0,2.0
256.1902173566534,434.59390738241115,4.791926477521093,0.7558084726532063,0.07323981348642165,0.0
283.6263127621792,183.6135278002314,7.483834885113189,0.7995554478166675,0.0,2.0
-376.7336609194869,-315.6330440436889,5.896126201124849,0.8355297444494193,0.09496565691931028,0.0
1.3120685410983963,-62.82583364937624,5.0855891641196465,0.6105493461819124,0.0,2.0
56.23168132822392,-388.69873877768265,6.866490612619228,0.7320223745376102,0.0,2.0
-275.5035125532211,39.028000422176376,5.6653069007359225,0.7237465243478904,0.0,2.0
338.50184711547473,150.77595754265764,5.808186861577281,0.7483095317510866,0.0,2.0
-263.6244744969409,71.2674866532839,6.522881284684099,0.69341480782008,0.0,2.0
-409.16403885532475,289.31711666152745,6.223042579951632,0.8418229418003932,0.07567588612233353,0.0
82.9039078821043,373.27524881593916,5.864128007532873,0.6863928325278132,0.0,2.0
344.5536816482298,117.40656704590992,6.219931034226446,0.7484064967247944,0.0,2.0
-311.7224106389206,-160.2459977008517,5.144566576731261,0.7680714201792211,0.0,2.0
279.30793638385535,-440.20024257425814,7.226691224549018,0.9104229465953348,0.3181319959754589,0.0
-147.31593652205532,-416.0047605977859,6.575101357851608,0.7317325665069919,0.0,2.0
-226.4485768040607,56.231411457828955,4.7539405162597745,0.6402794818949603,0.0,2.0
187.5277359429987,310.50090344177204,7.885964010770758,0.7871288440232841,0.0,2.0
215.1905651592064,276.5967133050606,6.782889731884214,0.7959176764537252,0.02209292584149024,0.0
-97.8067784075974,359.28589593149394,6.2959500338265775,0.7978499828104795,0.0,2.0
428.8758160792321,54.88836957135554,6.897802830603657,0.7630414335591994,0.0,2.0
-211.51450654848065,-189.31256538739893,6.517739701981615,0.7229612816942408,0.0,2.0
274.39382103724347,115.1534586115992,5.800828108055387,0.7498530106835049,0.0,2.0
-58.08442236855323,419.2569408429156,5.109995408100944,0.6010774627371792,0.0,2.0
-314.2859240361001,81.45133527439363,7.14653506176392,0.7832261543683469,0.0,2.0
-274.3536880846724,-366.5168755858174,5.694440906956121,0.7103866080900555,0.024132694974900424,0.0
19.328665532042354,-322.15539148003336,5.799536162918003,0.724139893225314,0.0,2.0
15.698741294775264,-420.2851716949317,4.885624725986347,0.598572843971766,0.0,2.0
-116.56477355177346,-350.87501225178715,6.571016968727766,0.7093438656264032,0.0,2.0
-267.98327759213754,-155.50699125497871,5.435844254831695,0.7809829923220019,0.0,2.0
240.52456926073884,409.0365074631084,7.187871625371305,0.8376082940004173,0.0,2.0
98.372677325393,-328.44882299393265,7.321754147068847,0.8040437032333544,0.0,2.0
301.83083489580554,23.479510442272762,5.956904677896876,0.698518931916505,0.0,2.0
-191.2760067732101,254.66613718668137,7.089346414149953,0.8527924142715503,0.0,2.0
303.9879153339132,66.6606714944287,6.609579660012326,0.7260242023878802,0.0,2.0
-71.53209540199825,-297.6116325630844,5.770489304782169,0.7163829673201754,0.0,2.0
283.3986153509825,-195.76553650376613,6.034312682579971,0.7370178959307434,0.0,2.0
298.58442785910455,-430.27846400393065,7.493221349884263,0.9509688596674302,0.5504448003560913,0.0
-314.0313796837884,52.012031468251,5.79306135078936,0.7481647186109409,0.0,2.0
211.3823721115738,199.40873306324323,6.732393756251741,0.7172915225743687,0.0,2.0
157.7614866578196,325.83297789909074,6.222116108180836,0.7449917352650528,0.0,2.0
-345.74031767997684,127.96879985509318,5.259569532002399,0.7661911310782411,0.0,2.0
259.98625692457324,-167.3096033527983,6.8539108598721805,0.7554244082226961,0.0,2.0
-252.05196163411551,148.92703221039937,6.16884423558404,0.7208608316492108,0.0,2.0
-212.03099810310965,-198.84054589267984,5.751361413528198,0.7228677216192173,0.0,2.0
-146.54349746680245,266.3460286074361,6.260325200526291,0.7283498949650712,0.0,2.0
-135.61665567276899,364.93208811325724,7.317601363024004,0.7538745204238821,0.0,2.0
243.31603734451906,112.82372422557073,6.262479767364882,0.8213286453575643,0.0,2.0
216.7210247024404,-325.66039613681903,6.355106085451794,0.7471937169233421,0.0,2.0
425.41284873007135,-44.57597894497682,6.733286794374403,0.7390059824186371,0.0,2.0
180.46770630966645,321.04340542278953,7.276730057356139,0.7431371784650928,0.0,2.0
132.11853560098848,403.86176857720835,5.962826824881231,0.7519787879966541,0.0,2.0
362.8059477103391,24.659748677406277,5.929489793315542,0.7510296005601654,0.0,2.0
248.509275167704,63.99463289899322,5.444613492735383,0.7584933446724199,0.0,2.0
191.65453627798712,321.44776270231665,6.9529435168844635,0.7024144124911311,0.0,2.0
-179.1665885046465,310.9555223602053,5.819319827626358,0.7148242827065034,0.0,2.0
77.41921865437469,-360.51722262196375,6.72781122991888,0.7258069001839086,0.0,2.0
-260.0607166557885,-190.83275533148648,5.8035000622486566,0.7510942221474447,0.0,2.0
294.93371045769084,-88.66360005633426,5.5716039962866155,0.7524470062799791,0.0,2.0
-38.85941749815923,-65.9368613059234,5.787655595585652,0.7279902126861032,0.0,2.0
-341.92763832834186,-62.626382700064745,6.780384457135388,0.7721134558606234,0.0,2.0
260.48973084996896,-120.91367593037428,5.611064268521437,0.7324829842963481,0.0,2.0
294.9843806868777,114.78526954592986,6.26349415274674,0.7226317177104642,0.0,2.0
330.9873959953519,-278.8306243718252,6.6255533511090325,0.8281365554999883,0.0,2.0
-354.5969927564452,-238.69450980776617,6.072422710821839,0.7579643693117469,0.0,2.0
150.2566796010255,458.9742709581755,6.662481028168381,0.8518729359238224,0.07207099175660797,0.0
-109.02837543044475,-322.2169661369909,7.145284169509737,0.7675603227019787,0.0,2.0
0.9809254874939866,299.24530183705156,6.052697259521092,0.7427241171942793,0.0,2.0
46.67608772457102,322.6514446169461,5.611328290504622,0.7791877037951295,0.0,2.0
293.3198926834762,-98.21278545751795,5.1981591406944325,0.7606663128038732,0.0,2.0
-88.32424652830153,397.7722015231123,6.470403776519786,0.7460318547522518,0.0,2.0
367.2749986094414,387.7681524832765,5.442224861532051,0.9743866923033313,0.6858918386581314,0.0
225.5420583497199,-207.66534598717365,6.91317873371396,0.7646908145629976,0.0,2.0
-280.18940095656757,144.56809843238383,6.296607753311904,0.7396011298527374,0.0,2.0
137.42248016866603,242.34082636449386,6.046590670953362,0.7625222015164395,0.0,2.0
-89.54957406366668,-277.71585601733983,6.08299777158782,0.738842908519392,0.0,2.0
165.73291392878622,-335.5586819317443,6.303351252537343,0.7099780206538582,0.0,2.0
92.677085627538,292.8591024998653,5.744341976943769,0.7367220396585648,0.0,2.0
-252.74559159902583,267.9443379874143,6.291894866116063,0.7700156380156074,0.0,2.0
-162.9869706581925,-338.2881035703336,5.111821560397283,0.6117540450811784,0.0,2.0
-189.33671448588933,429.9995777191079,5.593095447918638,0.7279239617225051,0.03414436837891057,0.0
312.7131721173776,254.979332014134,6.516644781470472,0.7419574676804929,0.0,2.0
-311.25640188534936,-88.60922483245176,6.365226179595043,0.7586070919330254,0.0,2.0
-372.8196821056098,-209.5741968898196,7.3107514904818895,0.8168845806460266,0.0,2.0
-136.39270232367716,-352.63715830531413,6.813746981632907,0.7359613778198828,0.0,2.0
-306.0894536072866,137.08070499918978,6.48677299968738,0.7118888721708662,0.0,2.0
-127.13696944440974,-346.4312329237238,7.65292522570447,0.7256958311899151,0.0,2.0
55.14397073420452,-97.06781988742478,5.409736258628733,0.7469962304726887,0.0,2.0
188.5079439431373,225.61016253580544,6.949733223583258,0.7373303032566375,0.0,2.0
-241.3928491080582,-184.32031847018618,6.342685319075636,0.721742638180595,0.0,2.0
451.3333771894848,-200.3287739242356,7.351432518286527,0.8011534483575997,0.019866025282249542,0.0
-326.80257790069834,27.287868697880214,6.7577193939876965,0.8168304234741783,0.0,2.0
421.31396127125925,33.01436749810354,6.957363743302762,0.8037706429052213,0.0,2.0
-427.06810288161006,154.1376114722905,5.656578410893812,0.7624296499173359,0.007789367531127436,0.0
-74.38207987816178,294.1232303905431,6.252115687223745,0.7504450971728275,0.0,2.0
65.3194829900554,-86.63015491811444,4.495658032214017,0.6175675803311331,0.0,2.0
274.8707875065652,245.85147992458832,5.828645493534056,0.7202825430123475,0.0,2.0
-236.8608711072384,477.0113313568105,7.44201232845524,0.9442155188455827,0.5018676569054109,0.0
-209.3848728629831,249.68885529723144,6.999321993037459,0.7385639483676074,0.0,2.0
185.41089056030992,452.81410746335405,5.74699307615529,0.8253777972054014,0.10406061279464139,0.0
-213.84551984178074,259.0689006588076,5.806181490075059,0.7254708470980474,0.0,2.0
-27.198424828028227,-408.07548310837035,5.631323146059662,0.7331050137159877,0.0,2.0
14.200083266650482,-485.4503554882303,6.377458937875493,0.8126985595759835,0.03962001415467576,0.0
-228.23021435616792,-172.7100469635488,5.666778808473013,0.7283622065538725,0.0,2.0
381.8845028966032,199.14245500480592,5.883771891542067,0.712800284974576,0.029312996899574256,0.0
245.59857619824342,-142.21750409116,4.769907838807151,0.6342565648431114,0.0,2.0
311.50120386524253,-101.00927235865565,6.886602372394885,0.7336157420598026,0.0,2.0
-31.87798680364727,328.69942510916127,5.689504849593572,0.7043280111406743,0.0,2.0
494.166326415522,58.36559775701893,7.015330757440432,0.9159527626615838,0.19586878029741056,0.0
82.79219270019216,293.2749450067716,6.399798179477116,0.7986123121073107,0.0,2.0
-352.37529359299236,10.095491041629316,5.843733039150991,0.719655563464998,0.0,2.0
127.20496964484917,358.39037736612255,5.426192626506089,0.7456406093068799,0.0,2.0
97.31970991672439,-284.8353120457712,6.515142173018941,0.6792818061913732,0.0,2.0
395.10606164407716,-67.11913522205283,6.598333507617052,0.712602124823676,0.0,2.0
210.71230290675072,238.3034185681327,6.6708856194493045,0.7209970593052368,0.0,2.0
187.5574550048425,-235.41991351388486,4.658599175700384,0.6007958228255679,0.0,2.0
141.14508164398103,374.80119615693314,6.350795735434671,0.7483832501280067,0.04939887176189642,0.0
386.4107274098212,94.7340153161182,7.054986027589912,0.8110117965585469,0.0,2.0
107.76891433431109,-285.39286546514467,6.8694527480827805,0.7385978321518105,0.0,2.0
-280.74458920183054,-179.22940531657827,5.8567112846234926,0.7389995364434719,0.0,2.0
-21.09733642797947,-213.80873693169946,5.329061717317536,0.7391071840071423,0.0,2.0
-243.74385889360013,204.24641414450414,6.13075523669568,0.7525881542985305,0.0,2.0
-0.11726024268014675,308.82708531682704,5.734371657383698,0.7255407389644458,0.0,2.0
-293.733206882072,48.86089082627124,6.807324085388697,0.6949177514854424,0.0,2.0
263.9098867877587,-185.24460526539468,4.945320680358228,0.6525743315634166,0.0,2.0
-139.7697677158572,-288.6618792594829,6.620293057322292,0.7591126547407545,0.0,2.0
-241.94580249713215,-53.4991545198695,4.5748314468761375,0.591026448257021,0.0,2.0
82.96127734163375,163.11510186391956,6.569565207509207,0.7588240234917636,0.0,2.0
-420.07945006798343,218.87911324393826,6.814137062126792,0.7990963907251152,0.007902256277739808,0.0
-292.367859533304,-296.46232713571504,4.2879373985942335,0.6473250527260583,0.0,2.0
296.43405322559977,-219.62259931851938,6.719893288982014,0.712161288620905,0.0,2.0
131.43812797114654,310.42723818316165,6.415349271472521,0.7584022310684999,0.0,2.0
-184.74325167068727,-384.60765535214165,7.548553659941482,0.8008936304195174,0.0,2.0
183.923830983041,235.57680111191726,6.609882542200451,0.7158174849579259,0.0,2.0
117.61009580177667,-239.30777154262915,5.085786622251471,0.6361901616894248,0.0,2.0
443.64298910473616,-113.67015956789021,6.422227980094266,0.7570553154748979,0.0,2.0
340.12574000128023,-131.84249956634198,7.563791267883777,0.7331242819629665,0.0,2.0
-294.57035165208237,380.14931916142774,6.45297258256529,0.785130015231156,0.018298255858679505,0.0
-261.5278392662058,194.7945053982473,6.5034462733325,0.7299952505734046,0.0,2.0
-1.786401485390354,476.18481119271433,5.706169278421677,0.8138968535659638,0.05928003057723592,0.0
274.49568100363155,-272.0922988827043,5.761316775588967,0.7647646878831224,0.0,2.0
297.35320594570584,91.59365236956937,6.744035494612466,0.7482893050312184,0.0,2.0
377.50443168798733,-305.0349328229883,5.992287930122656,0.7834487207079617,0.11190272978408851,0.0
-224.97932767287162,-236.41742317913054,7.513739301805706,0.7286804671475654,0.0,2.0
-235.2845598334319,-128.3931658108879,6.815852171479679,0.8009111655866882,0.0,2.0
118.08105445278639,242.13516610070832,5.076190083917999,0.7736057299441342,0.0,2.0
338.25323432511254,-57.38474320064749,6.327900158771089,0.7396568737042652,0.0,2.0
-108.3160602689383,342.4513026914982,5.621475082163248,0.7424898846158914,0.0,2.0
1.43634897938899,-314.44455809610247,5.953195538053483,0.7628726643569672,0.0,2.0
178.34806993496443,225.65278080638024,5.992619796081536,0.7266234948472563,0.0,2.0
-2.835849573175925,-249.05177963186938,4.408421226803689,0.6111633132762452,0.0,2.0
69.83524629411525,465.625628533766,7.353356134598065,0.7787849833169708,0.0,2.0
-509.3654455390725,129.2838676083732,6.429233642513472,0.959311121965344,0.4931242062413059,0.0
-176.5940754219458,-325.48762895882203,5.846685507773396,0.7257575510739064,0.0,2.0
-293.16407705199634,-165.98682105429725,5.857166066663854,0.7362124427887011,0.0,2.0
359.96486351156665,4.637926001866947,6.619666272487531,0.801765401022408,0.0,2.0
-270.609527246127,199.0878012885501,5.849029505513833,0.6066607728278325,0.0,2.0
-336.66209240576717,-135.90777318402834,6.70476829636583,0.7327101800015576,0.0,2.0
-404.48203513140635,-41.838070663936094,7.280556107560432,0.8239634766946784,0.0,2.0
-108.29817158087387,-333.4831279284433,7.5760450349340935,0.7414554646595176,0.0,2.0
116.67319242975364,-266.26058300180426,6.210676013265794,0.7522519611954107,0.0,2.0
-473.96388268539397,-183.12195300283025,6.968423033940633,0.8575649240072581,0.23028213492983163,0.0
-298.3362525671915,-138.62735283470042,6.059734306222784,0.7857618084074279,0.0,2.0
68.44454482809887,432.88543768273297,6.272423154616878,0.7801179695851984,0.0,2.0
-69.3436482329776,-349.8543469848262,6.762950290841265,0.7835543813688154,0.0048968524709755235,0.0
18.649210058322627,316.4310273641185,5.45767288689587,0.740280368886985,0.0,2.0
-339.1370239036238,41.83212862596462,7.123206320070279,0.7424910300808195,0.0,2.0
-341.490890627485,294.6353839728309,6.255844030089669,0.7564476757698293,0.0,2.0
-387.20706222637983,178.39729439447385,5.658721585211332,0.6463464868633295,0.0,2.0
78.11014354401014,357.20931443499586,5.882124162097562,0.7220198005550454,0.0,2.0
-344.5188975415819,-42.24203989611129,6.467417636453589,0.7614469637413221,0.0,2.0
-374.15209296838634,-266.4057430390689,5.891857622914022,0.6906982423572928,0.01592149729502838,0.0
37.949334633986105,-390.0697293106394,4.239700292228042,0.6334128799825852,0.0,2.0
-326.94853707622815,423.7120263125793,6.403970818006666,0.9775058304563826,0.7659756285760632,0.0
-358.45327448305,-359.85078700279075,5.419710847383695,0.8867967174096798,0.20408612780034885,0.0
-318.7642098516286,-82.73723855472312,5.582619495370095,0.746306716029453,0.0,2.0
16.40153417441344,307.06370542128326,5.601188407473133,0.729778496460218,0.0,2.0
244.76552914533903,-157.10753590417897,5.893207241146615,0.7550359882444959,0.0,2.0
-305.3586465277583,156.3282026687158,6.204522249267403,0.7444715043358863,0.0,2.0
-386.7601873083108,48.84710279216481,6.435259171026346,0.7162042989757844,0.0,2.0
-115.21217646156441,-237.90694921124117,7.565067045142476,0.7239266784594152,0.0,2.0
18.923540364162648,521.3900973960133,4.935180099207372,0.8095753909316862,0.15955812975422742,0.0
242.8525410844374,371.94142851543745,7.202362567979821,0.7945272077072383,0.0,2.0
-311.7232476413789,146.95104943990273,7.078908390019734,0.7201267784030403,0.0,2.0
206.20718002192353,-487.90751078848695,6.474569131039157,0.9791339703068139,0.7467686248862754,0.0
285.61477720568365,-134.78189162304392,5.619204722640411,0.7354673267964141,0.0,2.0
-384.6450657550333,-58.49729153284522,5.505444034852881,0.6305820253217785,0.0,2.0
340.40634718434274,228.47307182289947,6.167117706265384,0.7133084143055786,0.0,2.0
-268.02418914283646,90.16318722418762,4.918020481343266,0.7296063255793379,0.0,2.0
167.09636836583218,-172.5683803571329,5.107108511310951,0.7623627849293952,0.0,2.0
-355.9165242082642,-161.51735252749708,6.097119213747946,0.7516620414976813,0.0,2.0
-162.13453878970506,-287.3913648136858,6.883109216875329,0.7312881473703584,0.0,2.0
248.25365609349623,303.5043814710473,6.495981043474074,0.7320503652146363,0.0,2.0
195.41415462642257,303.2319785306318,5.161874078163722,0.6184192668989129,0.0,2.0
-142.89117233199644,-496.85212432248693,5.411474453905216,0.9313279595851837,0.47326556048073465,0.0
-289.7298981709864,111.17589643519027,6.5931528068968905,0.7344046289830385,0.0,2.0
300.01454818727126,-172.2059179496156,7.662120665187996,0.7693887774224513,0.0,2.0
-252.80930293753573,90.4820094057323,5.362564965657604,0.7388557906707732,0.0,2.0
105.16463712958934,-266.55331608970454,6.737975109767836,0.777741994244004,0.0,2.0
-144.0998912828812,309.84528693069024,6.03508661316233,0.8088023074920837,0.0,2.0
-134.94596277112495,310.6053963962888,4.662332117442272,0.614151616165761,0.0,2.0
-354.4038942406583,-8.119478927525991,6.305273402047279,0.745898161535494,0.0,2.0
444.9107609449712,176.2948914275916,7.080028528223374,0.7786801669778676,0.0,2.0
-337.1960944352871,194.05814551181186,5.897473994763059,0.723231336978558,0.0,2.0
-389.1515967600614,28.04866596183135,7.454898682176133,0.7599984759517419,0.0,2.0
92.22835178444045,-254.0101179280208,4.936321029329662,0.5783537862757161,0.0,2.0
78.53662046064265,246.5258745723613,4.889426007641105,0.7471779335330908,0.0,2.0
428.2395084237499,119.01690556481422,7.599529991497858,0.7367469116207364,0.0,2.0
263.05284730468225,100.81039786146172,5.3128626574972815,0.7222940010839268,0.0,2.0
144.84588766359093,-298.67460732491065,5.930477557963391,0.7301113987854378,0.0,2.0
-145.51570620794502,208.23405408054526,4.412530621282329,0.6700593984289378,0.0,2.0
-20.31722727374573,345.69694860403973,5.242843457441013,0.716544705038692,0.0,2.0
249.87759012945858,-149.37969656821616,4.943998356342548,0.7712327515085876,0.0,2.0
37.5376474616469,321.04664963580257,5.380553572692279,0.7693302637941157,0.0,2.0
-113.36960116454806,273.76984326885724,6.119022890372326,0.7017167647280411,0.0,2.0
-417.3931906121895,-190.8381938941952,5.687311168873819,0.728420433863352,0.0,2.0
437.5493532015311,305.07048829634635,5.401280728750311,0.986385885772799,0.7998130302225183,0.0
-304.05183755948013,77.700311205776,5.73299452138051,0.7268930673693452,0.0,2.0
-457.4346524146982,-34.51402507819914,4.263321797444898,0.6237843417042376,0.0,2.0
26.324300200592685,-214.89113744480085,5.37270255613415,0.7749992742039896,0.0,2.0
-58.220098130571785,272.1429837521364,5.627162703130872,0.6128435420208154,0.0,2.0
473.32445098808705,85.87809898223085,4.864673099641686,0.7157964353911379,0.04346073856066058,0.0
42.3331610977544,-361.2648546777454,6.515427398750911,0.7410784588439842,0.0,2.0
-181.97546820254715,362.00983902770014,7.9793547589936225,0.8168842711085305,0.0,2.0
-291.04421842304953,-59.94059212604876,5.5422304156205415,0.6277849518917766,0.0,2.0
-15.750661634371554,-534.8693052879199,7.202007167298148,0.9696067055872708,0.7405368753865104,0.0
224.88901415599415,-267.1801288619218,5.9259088798299375,0.702228245377955,0.0,2.0
-280.12606949303876,184.79358525575822,6.93827602503503,0.6941819246589144,0.0,2.0
227.20162667288307,347.2452082293415,6.694302683325618,0.8253825630200144,0.0,2.0
-266.2324065695301,-131.94620958178461,5.923407114686576,0.7521299254835558,0.0,2.0
246.50357463015965,54.406643809200595,5.003159793051339,0.762070317401089,0.0,2.0
255.66140646147431,-48.071020392640364,4.867392256719955,0.7884764607382033,0.0,2.0
-266.62563540992693,-291.38275813541503,7.058003610999099,0.7425858558666998,0.0,2.0
-371.83958895971404,-7.9121718612416325,7.17663701722924,0.7500666930390384,0.0,2.0
247.16617637938737,-244.01821827169115,5.945912555698575,0.7770950885514067,0.0,2.0
-161.15962508394603,-373.26246123530615,6.5789635055154605,0.7487796192874963,0.0,2.0
193.59008489423599,-287.10214657810786,6.840123571491994,0.7726207862692133,0.0,2.0
130.69666110875224,-156.93455950249796,5.050856533598158,0.7736630270024234,0.0,2.0
-258.33541785452513,-64.49490062958989,5.894823496999481,0.7298390276970832,0.0,2.0
-316.9807015762465,136.97601682903135,7.185605962994026,0.738598620934212,0.0,2.0
-160.17747418862356,-313.5122718750834,5.9313964398573535,0.7774590142802588,0.000658207469968063,2.0
-38.424554911381996,159.56463020998666,6.952863167824473,0.7237950514607109,0.0,2.0
301.9100813173607,255.71570296619882,6.3832980885857395,0.7301896054349208,0.0,2.0
-235.5680023986499,-238.72939900969587,6.527462236164042,0.725549619240835,0.0,2.0
-138.2983091700619,263.30006493725045,5.3737477081619645,0.6098663692949805,0.0,2.0
319.53439697883783,-107.40367066821791,5.112047681669551,0.7514508884043041,0.0,2.0
-181.05663488561459,-374.3784600315132,5.612717808273897,0.7507410357894111,0.00019994903247072863,2.0
173.2506576876922,23.004680801349952,5.232348269296865,0.7382735934262313,0.0,2.0
-253.42214784834098,158.97276230225887,5.961626201917289,0.7404239916400187,0.0,2.0
112.7890864270154,268.2787633356902,5.936148576827345,0.7493458439637133,0.0,2.0
232.44572467022186,309.6047677982469,6.036747024721028,0.7438419252722867,0.0,2.0
-214.32971962303327,-236.19471159188973,6.0269933028845895,0.7032722218816969,0.0,2.0
335.5758191437032,14.118856216160085,6.208531765850664,0.7408801465102146,0.0,2.0
305.56892559196507,143.51974956967095,6.455288244843925,0.7600801697156588,0.0,2.0
221.29398075162547,200.21147741338626,5.548123526085536,0.7276507598718589,0.0,2.0
184.73358566889462,-49.30239697385991,7.1516603530962435,0.7134566265836844,0.0,2.0
-3.3988104208921204,354.63295093212815,6.462640020196179,0.7167146819096558,0.0,2.0
-102.90024846926333,287.7627936416026,5.599251369609999,0.7262399723445591,0.0,2.0
177.038687815956,15.387287408970229,4.651548054420735,0.7420081502667789,0.0,2.0
388.5876194132402,-12.583590045242559,6.198333997563592,0.7352374503725795,0.0,2.0
-166.48761072277048,57.162001441210506,3.969085572134271,0.6600836727026342,0.0,2.0
66.17646175749125,-291.82113475139056,4.2360676064812095,0.6237487712961719,0.0,2.0
-454.1327148543469,-8.820497473858076,6.2969995706168,0.7583279220334488,0.0,2.0
-338.62411866150353,-89.01630521676874,6.3158950134158065,0.7414754461419856,0.0,2.0
6.238546985700217,339.93324316089485,5.929201677140922,0.6996616289132963,0.0,2.0
-328.75658884310167,107.4570618657654,5.783123396620662,0.736133612359626,0.0,2.0
231.89928610015298,-243.38539228309202,5.049025228518873,0.7662146901688427,0.0,2.0
235.55690535481398,-431.6758377581193,7.360202839804993,0.8019090238102634,0.12498177874565096,0.0
-185.828656080765,382.1733946506292,6.35912864531588,0.7504219096954055,0.0,2.0
360.35287819725045,-157.0083875302257,5.112396250806294,0.7290355877923503,0.0,2.0
-247.39199955764872,246.0061151428561,6.995545834301834,0.8141264050283341,0.0,2.0
300.88988477055005,-125.52391452520529,7.121149958321327,0.7233256179198021,0.0,2.0
-29.62830126328769,-258.3251770392867,5.8850379680841405,0.708644267363654,0.0,2.0
272.8544526349728,-57.93039256330822,5.497122915670985,0.7758847540162181,0.0,2.0
77.53087652868615,414.67315987734537,7.282585277989444,0.8505310431460608,0.04226519665318931,0.0
-352.2465420707437,-198.29549533167003,5.549299203952731,0.7753168499625585,0.0,2.0
132.43967481667286,-412.2877229321682,7.125683799310446,0.7831225069361337,0.0,2.0
-395.9233066703485,-259.42090991611207,6.833714224712486,0.7940996676037659,0.01463430111562265,0.0
104.87147636624556,284.28917880262856,4.9154320968535234,0.7406314801022638,0.0,2.0
216.48525023002733,172.3283354616822,5.76051765449854,0.7222896060706336,0.0,2.0
278.5420449961109,-89.93173900402432,5.421618725856068,0.7464560151093361,0.0,2.0
-126.64225984266194,170.858514357726,5.367843907948127,0.7275872191756223,0.0,2.0
-234.49527616116197,151.39223754268167,5.158107344640156,0.7271010584329223,0.0,2.0
-360.1110700812416,-48.00172869080692,5.434919513834164,0.6882282900317159,0.0,2.0
-367.48956461551626,65.81278834685115,6.087092581870972,0.7532275015210786,0.0,2.0
-211.45195838765838,-208.31660497436326,6.279884768094105,0.7375867359070635,0.0,2.0
311.6100151745421,-53.679109913749244,5.504051814097624,0.7798002896420854,0.0,2.0
419.3288689154224,186.35563903314863,6.5035957198236325,0.7458323860744043,0.0,2.0
-231.3314750719122,-267.03857077659416,4.871376271811467,0.7435534471740515,0.0,2.0
359.3748740062862,261.24047390854497,6.017045791406924,0.7613298372878488,0.08267926585006105,0.0
-207.9465475745048,193.8998183900075,5.142314950701263,0.5976547044075913,0.0,2.0
-130.36467782344096,178.18217826054078,5.294644907462938,0.6531891426079025,0.0,2.0
261.9322333325694,45.81067240355244,5.772174010123454,0.7328644659113335,0.0,2.0
-98.69815486600606,-347.70207180031656,6.106115311267091,0.7497355210490004,0.0,2.0
-110.61922704650257,-228.08379737016725,7.127696918475551,0.7056413940870349,0.0,2.0
-280.93136223701794,-168.70028043504948,7.06409618762034,0.8114737589689531,0.0,2.0
333.3326251429556,-3.636358058445656,6.641981923834907,0.7486743269784533,0.0,2.0
-243.23541271794545,-166.2444707891623,5.699397835988637,0.7394172451041741,0.0,2.0
-139.8789579285392,142.89868924413912,4.547957825452159,0.6305653259394206,0.0,2.0
238.47215290961404,250.71599175508896,7.421881597219982,0.7715262620077264,0.0,2.0
279.7475389700564,-355.36266435723485,6.7515093535303965,0.7598046602985189,0.0,2.0
270.04988309127475,159.31947017545846,5.588693492221239,0.7568935704735018,0.0,2.0
77.7486880168437,310.68663615165775,5.355421394205901,0.7272570714215447,0.0,2.0
197.63217113794363,-303.5605917599768,5.7290070623819265,0.770463183686143,0.0,2.0
365.0663993798946,-94.47286089482893,7.1674739922765935,0.7553265214698387,0.0,2.0
-283.9344043498719,-215.60641775889107,4.7922077918673605,0.7445866795806393,0.0,2.0
-246.75358947240423,-239.31653680127295,6.57264390328801,0.7205601893768095,0.0,2.0
416.2508408852231,-39.24291743211441,6.51022369547544,0.7402094067472846,0.0,2.0
13.112524598370914,-510.45072254150045,4.682170190756383,0.8461012899904308,0.23928232341787467,0.0
357.95797707057386,196.7231528749566,6.469336102851491,0.7385079194004552,0.0,2.0
272.7846493920267,-39.17310391656577,6.224330333162932,0.7723442607452455,0.0,2.0
315.2787220026226,33.91392848886257,5.741714399608912,0.7559143346225627,0.0,2.0
158.90153293623217,366.6809160474144,5.069177462606521,0.741334404487151,0.0,2.0
342.0738767837732,238.76337554667958,7.325921542838171,0.7287546977005956,0.0,2.0
-107.33496670821638,-275.2345929508381,4.545220299986786,0.6230341820887921,0.0,2.0
270.51298596077993,-251.2561219895994,6.576838889745294,0.694229477682347,0.0,2.0
-281.65785251820057,172.8267466060073,7.369680141763967,0.7905569152471261,0.0,2.0
136.6622660953145,328.23906231330784,6.800057338507583,0.7515491448202629,0.0,2.0
228.61211928054493,255.30977558264684,6.654625676470092,0.715017510249441,0.022382496554157614,0.0
-266.99549094010206,238.23125408611443,5.445371800851132,0.6682821244109726,0.0,2.0
-179.61329563925926,203.42536059131987,4.698627138339479,0.6330218013704296,0.0,2.0
271.1195338943992,-298.4242576952806,6.724634734983801,0.7467828237343687,0.0,2.0
-203.61900346897332,162.4115948211256,4.270706120723688,0.6290008070934723,0.0,2.0
264.59542551350523,-194.8874400096126,6.75230416675892,0.7126263501070489,0.0,2.0
-285.17588877186586,-109.54066347757117,6.782527489799301,0.7057262423456501,0.0,2.0
-397.97200246151857,66.22172513347236,7.1376558453921515,0.7343653938314859,0.0,2.0
161.6715751063218,438.80503181608003,7.36473386308605,0.8319216273384432,0.0,2.0
460.92526891359495,-25.61703463357419,7.1282595300640805,0.8489390586465754,0.07139050867514758,0.0
-168.1574551592554,280.1069713174862,5.693193646917303,0.7416595449958989,0.0,2.0
-81.86848024524569,-379.73951823278964,5.769469695467787,0.7085047339418026,0.0,2.0
172.72274550231512,252.5945787135388,6.482443468267579,0.7277194219258445,0.0,2.0
-37.919587983886004,-232.5204112348005,6.298122160303699,0.7243517529322862,0.0,2.0
-439.09250048530373,-165.0115993960318,7.258894038050419,0.8298883335439764,0.0,2.0
-108.79190975977133,251.00030928055534,4.108467854177028,0.6082060106732045,0.0,2.0
318.55834637416524,-203.806209099502,5.608084436755033,0.7509377510250895,0.0,2.0
-102.74285194274141,255.9906191239111,5.652111952472969,0.7267741998654605,0.0,2.0
280.2595403286154,290.54976420496916,6.436321697842171,0.8167802246656619,0.0,2.0
-485.7634350925255,167.61508848965548,7.488932067040911,0.9293267954933985,0.29327858503992404,0.0
255.9653951238518,130.30995416018425,5.328754030081467,0.7102940395041527,0.0,2.0
252.06689485202494,286.2091436438286,6.37890724268089,0.8169654126525273,0.0,2.0
-369.35805097608704,75.76976433312119,6.183564131634067,0.7959496315145179,0.0,2.0
65.38976674890024,294.1156756805241,4.701462407892151,0.6339476663670709,0.0,2.0
120.20472085052246,-490.11569950109026,7.383553638650228,0.8400918336747143,0.09374428203893949,0.0
-433.96579165657573,76.10643834011363,5.983217760137809,0.7622714376447771,0.0,2.0
39.277095689869384,-380.1083179372035,7.105770782637496,0.7997894515636195,0.0,2.0
-386.34945748321553,-74.4509145099149,5.821729768542385,0.7467740410525,0.0,2.0
214.69046608347702,-213.8194177112272,6.157191137738853,0.716481104424818,0.0,2.0
-169.71808745647712,431.766784452011,5.247967249097458,0.7741146760971027,0.0,2.0
336.1733531406768,58.92004492165803,7.161098766735021,0.7800936946468557,0.0,2.0
210.36140234344097,-230.00975706488327,6.674322763810214,0.7266103217638956,0.0,2.0
-94.49782777363778,455.02206687102097,7.007924006676007,0.8148715321474689,0.0,2.0
373.1035695576345,-18.28747138332268,5.328148712036625,0.7093927532465385,0.0,2.0
390.9830740315617,-156.94377747981727,7.047916444200405,0.7505902264684841,0.0,2.0
-160.05482783321148,334.48884897272086,7.358818931659953,0.8115006714964811,0.0,2.0
148.62730344144,-385.82991157473054,7.995702641450642,0.7793538307628418,0.0,2.0
254.3704211741995,172.86983778821713,6.011436753821102,0.7232460258315855,0.0,2.0
174.70173056138592,365.72810666656585,5.93303023617766,0.7156403895114523,0.0,2.0
281.18646824866323,-11.81649170080295,4.54679828751965,0.6179795495449568,0.0,2.0
-244.68963870780723,-104.83835197216915,5.816078288752229,0.7310284996405353,0.0,2.0
324.14324962974973,207.8336545449561,7.678138491316278,0.7927793039106182,0.0,2.0
147.54291825970736,327.3405352318641,6.693530136908888,0.7421586298768703,0.0,2.0
175.49664903766134,330.30158182584455,5.342484968718485,0.7584885632733774,0.0,2.0
-43.87983656270099,-59.2631240920478,4.543633482291919,0.6238201993527854,0.0,2.0
-128.5468171298545,382.65937839425817,7.621255181572865,0.7411139042898908,0.0,2.0
-8.005165248133094,313.0750564146,6.497777839918163,0.7616172914499664,0.0,2.0
40.26177716767311,329.6655927510678,5.730609422152294,0.7774568351106393,0.0,2.0
-378.01810834924,67.90102287391959,6.387141278636107,0.8129231550553687,0.0,2.0
278.6376268460049,163.53185423356294,5.783862233041272,0.7209179344596972,0.0,2.0
175.17176545490037,-21.808095862175477,5.778382711417411,0.7341395077774816,0.0,2.0
-330.9343622025648,47.42169241191328,6.134982874975192,0.6987788526327472,0.0,2.0
-151.75364289407918,327.56128760155605,4.9203511816310135,0.7446769605936562,0.0,2.0
283.9908798845016,265.4709736350883,7.14811060539318,0.7895226521181328,0.0,2.0
-295.0047906023887,155.60080935699654,6.091848714787796,0.7591588790819307,0.0,2.0
239.56457753148018,-220.421724348889,4.786035241254865,0.6542196533838173,0.11917041240348943,0.0
330.8153456245905,69.16698155368094,6.789306858467983,0.765863859378902,0.0,2.0
358.4472718588093,103.52626357829347,6.616657083534186,0.7438766655050304,0.0,2.0
186.83373319793068,-267.3341354347884,4.272059416893128,0.7032186436683104,0.09649045251734249,0.0
409.4970343106426,7.011637946295483,6.390402367998929,0.7414296737941127,0.0,2.0
-307.2963339019721,-189.95829505234175,7.130986252565348,0.8064302277120279,0.0,2.0
-310.81809280989705,271.8085790004097,6.0357125675368515,0.7552374421724386,0.0,2.0
-1.333314102139126,-305.2850351129389,5.889953866796931,0.7560842431390672,0.0,2.0
246.3649756619513,131.45629744172567,6.929095713874562,0.7387423972338606,0.0,2.0
-123.591558825333,-265.155585156115,5.796303259506535,0.7123553680693346,0.0,2.0
-285.33653451830133,317.54306441051017,6.887919747418138,0.7543729270539133,0.0,2.0
-273.4618240101696,-232.43168647314218,7.065814342757508,0.7455404886769348,0.0,2.0
-138.60432046723645,336.5625310826985,6.328409884400351,0.7320178457794478,0.0,2.0
347.37402700749914,30.733861664605378,6.165850171964261,0.7376907670790185,0.0,2.0
281.3429229388711,-43.30100962629178,5.776026275909739,0.7535680275106541,0.0,2.0
-280.3120911272141,289.0376735612968,5.917043556913122,0.7274530540715122,0.0,2.0
351.1849252822304,110.3219780473439,5.56127673195404,0.7467491525585902,0.0,2.0
-275.5395623184825,49.132287507536255,5.120115586346322,0.7313750964135681,0.0,2.0
-344.72796650825154,228.46332636132007,6.723983873464387,0.7619436113679396,0.0,2.0
-181.51150713054318,-99.0448315964049,4.349892336788598,0.5881366536873047,0.0,2.0
-390.40632231982727,-242.18931895729725,6.51217985793911,0.7863569077945505,0.0,2.0
-303.09902748963805,427.43662529434806,5.628254045645622,0.9416607804247015,0.49472591053057247,0.0
254.87837530680937,-238.65117267196933,5.716627180832826,0.7151324806121221,0.028021639260680044,0.0
-257.0605131317058,-239.4974556879928,6.4912331460624415,0.7414526089969297,0.0,2.0
-218.1192172389875,-281.85505999530847,5.925435095842525,0.7430737199864972,0.0,2.0
228.1937512015519,-137.39741566665828,4.955009218958938,0.7823723596017528,0.0,2.0
343.6410462834692,40.702026327928934,7.420632696869921,0.7861963183170328,0.0,2.0
307.8371686665202,264.9020406239947,6.771099894153261,0.734227744593159,0.0,2.0
210.28236345875078,-399.2832077475287,5.491029938066612,0.7222192904391296,0.0,2.0
-32.15234560828236,-268.81039166776645,6.808300294999542,0.7282967259457602,0.0,2.0
-308.01254082933576,-135.82961225076204,6.613504406345364,0.7815156299261218,0.0,2.0
215.9158956415655,-283.1887812314038,7.4183150302275145,0.807154297923792,0.0,2.0
136.33620136266555,-265.4745210404431,5.898432997930331,0.759169601565998,0.0,2.0
-358.2001427186809,201.04340314128953,7.312516083937789,0.7321822008779268,0.0,2.0
426.38686217034194,71.91300970018123,6.083758863848277,0.8326905220765881,0.07860459598291217,0.0
302.10267748436416,-69.20118455498466,5.445422959101631,0.7366867185941021,0.0,2.0
-322.42078343757834,-102.76344113089202,6.99797107034758,0.73532065388433,0.0,2.0
268.03799166203606,140.63359151141938,5.060168597426673,0.7494119313243236,0.0,2.0
168.01715123240405,243.51592348807526,6.725708983981721,0.7308648019179972,0.0,2.0
-325.00836955028035,-233.89833008959116,6.673447435847695,0.8106600686644786,0.0,2.0
302.23106176586674,-143.6591512801279,6.756764057619361,0.7085493921426413,0.0,2.0
-37.41585864446799,-320.4055724419083,6.443924102298569,0.7365620055574171,0.0,2.0
-480.75263306261604,-201.6044674832821,7.701852809072583,0.9052744699125944,0.22872549451082344,0.0
-349.05079891916336,219.1335745122129,6.30011644751943,0.722143099458867,0.0,2.0
-412.8004280653368,-103.20567995884286,6.009917068623377,0.7179740140291365,0.0,2.0
-279.77559084345404,256.09873580096286,7.225062801141107,0.7977262545238013,0.0,2.0
-60.654599917666246,428.40146576620475,6.97163317998765,0.7250837563325585,0.0,2.0
-230.18645388766492,340.41413641771214,7.4804827253340855,0.8019809307169767,0.0,2.0
28.18878649288848,345.9323666816382,6.481078868773821,0.7176796239826461,0.0,2.0
-53.819885944126554,263.971889233469,6.810671093581381,0.6983024059037586,0.0,2.0
229.30481570386198,157.53623081335803,5.285408395260695,0.7756823903580836,0.0,2.0
27.243908087273113,-304.3736156713576,7.237925710458278,0.7961634570987326,0.0,2.0
-270.7367171955023,-124.46419243057365,5.502096426744847,0.6501192631890412,0.0,2.0
-320.0625441942487,-31.4545945729298,5.307717664695377,0.5992547227641943,0.0,2.0
-122.39216742538156,163.044724667803,4.301127099626466,0.725100941751517,0.0,2.0
96.85189048650034,343.74833567908723,4.53609926676804,0.602949482869134,0.0,2.0
-84.94630333183086,-400.4092646527539,7.872232632595881,0.7987266208526735,0.0,2.0
-101.43769857678807,-299.9151094337828,7.191343602786366,0.7830325106471515,0.0,2.0
-150.54524717738397,-488.98497609537645,6.898565211163194,0.8957752302182561,0.20164768661128124,0.0
-61.88499861381929,378.5695998228733,6.778018483443383,0.7940892924020806,0.0,2.0
-90.58056571844644,-332.00522798565004,6.249496803431354,0.7390681280713935,0.0,2.0
349.24549715919653,-54.011153787239984,6.740727335836161,0.739631770400714,0.0,2.0
498.2319128657436,-82.96498274040273,5.260602921714802,0.8601421104466628,0.2364084579280997,0.0
9.560451963736806,-368.7894049882687,7.723429748370198,0.7898526180556716,0.0,2.0
27.23728288976881,390.90336834627055,7.901580384654312,0.7696362564689256,0.0,2.0
-305.3676295255342,-127.24139697909042,5.268543953594067,0.6634080710768508,0.0,2.0
166.3108010196042,-19.569144534350325,4.499573445238117,0.7775312911617397,0.0,2.0
-32.49791494458514,-482.74253969958323,6.018275170850675,0.8059741292523658,0.14419691964158554,0.0
-302.532734547315,-231.0756441993238,6.372055838146201,0.7949788955228086,0.0,2.0
-128.08251055973855,214.2818884680706,4.5330455621708365,0.6636244315872568,0.0,2.0
295.0508777684777,158.9505819855538,5.238917862820948,0.7045567486286402,0.0,2.0
-67.86817828109301,-289.5127523746973,5.649021286334296,0.6547811778937528,0.0,2.0
264.8473690419402,-72.3055162770001,5.733784839869614,0.7810082302603677,0.0,2.0
-43.86271629588067,41.324201225242085,5.580557024346668,0.6578832669034905,0.01424370944850107,0.0
219.87591480547255,242.6528948557012,5.832315270592913,0.7375540565380868,0.0,2.0
-247.48169024243853,469.5624753268031,6.741538483584946,0.9200995479803192,0.43674155405253856,0.0
-279.97902204029083,-268.71406725919735,6.544492614300986,0.7188341496679106,0.0,2.0
124.04758553241557,341.0484969554994,6.4001159284638485,0.7358015066115798,0.0,2.0
-219.90331750360946,278.75117027003546,7.210510819761142,0.7612379488157276,0.0,2.0
247.92656979682593,-376.3815385354677,5.195964581331742,0.7619167852442282,0.10078712633481006,0.0
255.6401653096076,-199.13285679756683,6.647546058462722,0.7811926919480012,0.0,2.0
-293.1485124552382,101.72723725469453,6.679436531974765,0.7292896356791184,0.0,2.0
-482.6959816551073,228.1817459887115,6.792925329047713,0.9625865714544267,0.5773498471775088,0.0
171.9132117949172,339.21096225519415,5.80376683432336,0.7443225862425192,0.0,2.0
-344.85386772781015,25.78682190029107,5.787392762471143,0.7207912316316718,0.0,2.0
-30.55288906887032,435.87148521735315,4.697936116432741,0.6386478388720034,0.0,2.0
218.47378078139758,232.9165193802428,6.075819453044224,0.649251044893407,0.0,2.0
-268.9594649637967,262.11505650630227,6.920204486905211,0.7929660327775038,0.0,2.0
79.26720437128708,-382.8625225994596,7.088318477723339,0.7599122096976172,0.0,2.0
-94.44713690825515,-456.4835521427106,5.50253356397688,0.7760227221370454,0.0,2.0
-320.5444540732732,-157.54387780645192,5.603554050820944,0.7553820444087443,0.0,2.0
74.86498271533259,-208.71940486291547,5.289261849675862,0.6423483962461948,0.0,2.0
-234.43544696820015,-190.74546301010338,5.9868229326317275,0.7309106285866809,0.0,2.0
-223.5107489956138,-297.39881524381303,6.0933463252246,0.7367399274013104,0.0,2.0
-416.16960953034123,-5.034964534128405,6.479919382021165,0.804381576599044,0.0,2.0
-219.32632657637734,-186.52119667091574,4.299668101433532,0.6292293731278189,0.0,2.0
-382.23239870996986,135.29035931019985,7.555672935639549,0.7467984552320341,0.0,2.0
-236.6053895818896,273.33609167542124,6.34003557231229,0.7540495461063513,0.0,2.0
255.81827620611784,-393.2838266069103,6.437244544331242,0.8277507097048845,0.01599666436195042,0.0
-227.69103234355407,-276.4587663403616,7.063757255384534,0.7978978529846332,0.0,2.0
167.14528577361216,-283.5531094636881,5.906452536402276,0.7423369663347552,0.0,2.0
166.48339069111563,278.0832089499048,6.419431425365428,0.7691105316861953,0.0,2.0
286.35231166074396,158.9039634848995,5.487979685603031,0.6306405208671464,0.0,2.0
-324.11333488525435,147.20079703352692,7.898438164847192,0.8139729558356784,0.0,2.0
86.35827024766837,-375.5487392462245,5.881520515897139,0.7391888821141789,0.0,2.0
211.0509349169799,247.943316008554,5.955466274291819,0.7237489693822053,0.0,2.0
-131.03737137203058,228.72251833605222,6.436891655546565,0.7461361978594514,0.0,2.0
198.88929616249584,-246.8695300752029,6.218734422914491,0.7420097413224773,0.0,2.0
156.53746997104372,-283.97566670802377,6.908160361757865,0.8185014954978934,0.0,2.0
338.67295722301446,-104.72873096265135,6.084363650710581,0.7645323646054681,0.0,2.0
-365.6133847431267,-156.10076712609936,5.442596075998355,0.757947256588804,0.001684879115942135,2.0
232.61871670036658,165.96438276820717,5.721797739598064,0.7341725100272318,0.0,2.0
-62.512331027704654,-323.6221099952098,6.869449711692888,0.7329891888953951,0.0,2.0
-288.9731954572577,163.55962625328038,5.84699977457559,0.7641737358966354,0.0,2.0
325.89238970873447,15.607590730868033,6.334041555912627,0.7220491812696217,0.0,2.0
482.7755582448395,-5.226112133907454,5.4350700281343425,0.7580711403381406,0.21269905293927566,0.0
117.07023579368409,455.4740701095491,6.750895906105971,0.806054956104361,0.10511464983828145,0.0
11.908345522514676,448.5504774578146,6.7872690208285436,0.7759918544754442,0.0,2.0
139.6536832504017,73.37805474663058,5.63111955689529,0.7384523208876577,0.0,2.0
-326.25659254402495,134.28415809666294,5.543614978006109,0.6248009658690402,0.02570936767113599,0.0
-322.76237244705317,88.93621812076736,6.9891423883031525,0.7654035127046958,0.0,2.0
157.6480485155771,242.9660203294176,6.448112890072877,0.7049870683258281,0.0,2.0
225.25595911478996,283.97152402807455,6.390553335053886,0.7349175626434569,0.0,2.0
-413.0511385699623,114.42974664997818,6.09555062679752,0.7396574152050395,0.0,2.0
-75.30231730423898,324.1831068467756,6.014965069636595,0.7254694101426458,0.0,2.0
354.66045169145383,-12.051668424362694,6.909524393526244,0.8038033959440386,0.0,2.0
-61.37760587898796,-195.24421349477154,6.360950221801015,0.7022074012496664,0.0,2.0
360.8435670332261,343.1571734254591,5.2997702840056204,0.8702238251030651,0.15688313272896556,0.0
112.46180792693208,315.27199001141,5.42253441343344,0.7599630173722849,0.0,2.0
-169.65312026851794,-209.6887506305188,4.866686011295269,0.6557068822077993,0.0,2.0
150.90587351168475,267.3008860707072,5.497877599181136,0.7381400107039522,0.0,2.0
-230.3133871077762,-58.79653456470083,4.213478319025494,0.629092233920148,0.0,2.0
281.7760066095755,-265.24265376887405,5.895509946028967,0.7669795854104735,0.0,2.0
-221.0800568613808,-425.5826070450057,7.835729601107108,0.8512299741635337,0.006361521064805543,0.0
-235.85171685207484,300.67258189426525,6.4544487442901435,0.7130972290494356,0.0,2.0
157.7782751253555,-343.91644800264044,7.750522048876759,0.7864310029412783,0.0,2.0
190.49037447832814,-226.6223697782744,6.117582111948394,0.8033386356264887,0.0,2.0
-411.9988628107642,-201.0568587103365,6.814078736481326,0.8106632890441059,0.0,2.0
-272.3113214500524,109.77954241247048,5.899031395818841,0.7230973495950284,0.0,2.0
-137.34802027401562,-372.1316321003934,5.440355919127951,0.7738777143433131,0.0,2.0
-43.869243663534185,23.781739715046147,5.306546248908147,0.6323921135941307,0.0,2.0
-308.75334908247993,-179.2858453334197,6.324256755168223,0.7462476993800552,0.0,2.0
-117.17878236925056,335.6496006431487,7.82030913799118,0.812290387844958,0.0,2.0
135.46576674409945,65.03524353635387,5.254521340500429,0.7636531824945536,0.0022346531450811364,2.0
102.25220866089964,-352.8919734058667,7.2986206915251515,0.80810112663383,0.0,2.0
351.6062261932174,176.95932708036014,8.396961244535468,0.8120433409793837,0.0,2.0
-22.82535886386013,-288.30386004003714,5.801927636333786,0.7515786381064756,0.0,2.0
-75.32659333081634,-306.486012155193,5.5004153201697745,0.7462945327323279,0.0,2.0
73.06379511109844,-296.235528432535,5.862513742810111,0.7300825378593114,0.0,2.0
132.44194636339532,250.7797425778702,5.266145377246243,0.764904884904962,0.0,2.0
-271.67458824200077,-139.61344230807043,6.064474486971106,0.7321841895143313,0.0,2.0
-211.99014669730735,287.1598598836646,6.105212582167674,0.7649921726224511,0.0,2.0
-0.674514664345033,345.54830332185765,5.837055402956484,0.6248596209064197,0.0,2.0
-36.18541196782258,-462.01230535341136,6.259317790820702,0.7322638388855817,0.05544848601676661,0.0
164.01132083656444,-354.0134021924483,6.815493369311122,0.7345862779652329,0.0,2.0
121.92525171567958,312.8354874320347,5.6963020975995455,0.7709432475782867,0.0,2.0
-280.8413648380847,112.52018426466783,5.266709908871007,0.611397032495071,0.0,2.0
-209.4704370646365,277.17617103064515,6.58861759436416,0.7185593949916944,0.0,2.0
238.26863118467608,-261.64441448388567,5.21231531615931,0.7209023164809316,0.0,2.0
385.35784431009114,-71.41013006332129,6.858516045993576,0.7294940191876473,0.0,2.0
-217.72418624066907,-318.0007258460149,7.390613930761678,0.7363241222036448,0.0,2.0
-337.9857560969495,-27.16792071262559,5.568909743964039,0.7229510962615306,0.0,2.0
-242.52244452433374,225.44955420540654,5.977118948104279,0.7377465239669627,0.0,2.0
185.356085247874,329.7942176961801,5.425386929816341,0.7269656091284219,0.0,2.0
-109.16000110319716,394.86988848269687,7.6254145299473,0.8115675812421289,0.0,2.0
46.5737300347503,-406.1595233506452,5.9076713701438806,0.7171886183040839,0.0,2.0
-291.2826275236477,-210.79072540743618,5.74400592107273,0.7547744457528511,0.0,2.0
94.88797963502567,353.3907384896834,6.635304163526624,0.8016851196647804,0.0,2.0
434.84983734029294,-39.86559193691582,6.316588358616398,0.7503635800414526,0.0,2.0
300.66642857656467,-236.21036125610473,5.10578268712847,0.7553658210512437,0.07599887851075217,0.0
-32.10794491686641,480.2616917406704,6.591178133572531,0.8028489304022408,0.026737893159986842,0.0
-295.28753413842975,137.06948336062027,6.817263471303084,0.7329121710746235,0.0,2.0
-228.4771804108662,327.6172038577733,5.763785012307707,0.7431551435261349,0.0,2.0
-44.98184099992829,-346.36513223034973,5.043828045593227,0.5508320312558002,0.0,2.0
298.45197231689144,-152.82666016791222,6.0180127087277695,0.7025155714487835,0.0,2.0
-236.00163490635666,-102.59640977029747,5.0981637844997,0.7680999093020959,0.0,2.0
-341.8727230526165,51.8898117736137,6.42059863713511,0.7321337180207153,0.0,2.0
263.8082020137747,-269.66349010620223,7.422766090932653,0.796575249413701,0.0,2.0
-109.52347740138723,314.37985600694503,5.786021147658757,0.7062078708911977,0.0,2.0
398.46577949393395,-196.9518278538473,5.390219618778634,0.7667248049988977,0.0,2.0
-387.29651576592164,-195.87137009012523,5.248257573058251,0.7151220740455657,0.0314068921935427,0.0
223.42969550161024,-120.62438102809487,4.9538894186648275,0.6769733630294384,0.0,2.0
87.06425065929359,407.9118047717603,6.957414910393362,0.7331063993507273,0.0,2.0
371.9131864273846,-35.92284240427597,7.746757648881652,0.7896577317352016,0.0,2.0
-299.74117504008694,-119.35216257653853,7.161519628535233,0.7512226896743796,0.0,2.0
342.5699420200392,-348.95631093066396,5.8654039839281396,0.8064447822880919,0.19421094044523055,0.0
-328.83788165045627,282.21904428157546,6.070023878510803,0.7298276379958611,0.0,2.0
-294.9142984972387,-333.28250059070473,4.5563487836952214,0.7714483871208206,0.21641139640696405,0.0
-267.2756826741555,-240.46955103573052,5.720958819054544,0.7115145899323528,0.0,2.0
72.54829543403712,-341.104314010976,5.109313132844701,0.5818368397671405,0.0,2.0
-369.35083057946537,36.731738094123564,6.6312631299093105,0.7830919241871591,0.0,2.0
405.0454789190085,-13.68545702355331,5.322946273722989,0.7380140465383395,0.0,2.0
123.20580994639577,-325.0463378344609,6.195810661177979,0.7497708311229234,0.0,2.0
296.51728760566016,-8.061827279849656,5.162924778345461,0.749110264537963,0.0,2.0
-184.0852366129107,-78.41028300023122,5.029065962368379,0.7273233957546432,0.0,2.0
427.8050792972438,315.9586921520107,6.0608009767595075,0.952168155755969,0.6999894614612421,0.0
305.8411731587996,247.18754754785084,5.785738412120406,0.7482483916886021,0.0,2.0
417.11609459029773,144.49071469777806,5.435100413376854,0.760553260145903,0.0,2.0
83.1512492015206,238.0787668924441,5.476718262672575,0.715606338299783,0.0,2.0
369.32696708040555,9.13818172213344,6.137944192258432,0.7451546407688444,0.0,2.0
268.05976826719086,206.2985372431885,6.797427867596645,0.7743365889660668,0.0,2.0
-531.8039070196022,68.63117187286397,6.010536181415869,0.9801232412318729,0.7952853322865442,0.0
-275.77645366229973,244.3047765614441,7.224422764692897,0.78410055647915,0.0,2.0
-252.3057888237608,-229.23653428932514,6.664467493724256,0.7306085006695758,0.0,2.0
322.8685473198743,76.16846383030014,5.436733835025883,0.7327744553621076,0.0,2.0
-92.82532715057427,319.29806533204567,6.0561887015956035,0.7502842371205514,0.0,2.0
-314.66642646676803,101.86153674545696,5.124101530091755,0.6791833087624725,0.003320195073430231,0.0
-272.5235852351978,-45.043147559704536,4.747170396803819,0.5842467147106397,0.0,2.0
-277.6582787001462,-223.20483207087287,6.332992105503924,0.7162456982455975,0.0,2.0
-307.03261745008416,60.08273457664818,6.216380462657695,0.7227775681132246,0.0,2.0
397.4190289807022,-7.579459564994309,6.638025844608147,0.7217568345551885,0.0,2.0
378.68317076060265,133.53405147565067,6.732041565837642,0.8034600958170849,0.0,2.0
393.278141466716,104.11083120009211,6.612187879677043,0.7293299011156635,0.0,2.0
-463.7759447421907,114.48556525987578,5.4974750314081104,0.7918464783239659,0.13622577727502763,0.0
-70.39743110714318,-473.6906703850398,6.100540458500626,0.8479613342334266,0.13733491352885105,0.0
179.08857431218306,-8.005511508472159,5.352068120230531,0.6660895467445187,0.0,2.0
22.936716056055968,-355.55611965087985,6.818541143117003,0.8091880345226726,0.0,2.0
118.58360350359617,-335.3723774386174,6.91796385559137,0.7931213026150967,0.0,2.0
5.655084054452344,-209.17045282680317,5.042708225159617,0.7190904256834492,0.0,2.0
-137.46902894267777,291.2684391360417,6.031582955945402,0.7370662189805444,0.0,2.0
-399.78254869351593,226.42122547407618,5.46990437843117,0.7511143384914558,0.06023929905429601,0.0
-249.19694774229498,446.729399340564,5.998181971860717,0.8594062023072904,0.23057292590760686,0.0
-34.4872097483593,366.87183428427534,6.723218655655414,0.7163989661445063,0.0,2.0
-403.3515792869766,334.0848243345201,4.410557280952886,0.8908954058367411,0.38212776226312123,0.0
-298.08353526030265,-246.35508791075293,5.499777304870723,0.7272174613206116,0.0,2.0
290.6006039200753,-305.5357167174819,6.651265312968188,0.7423776755358829,0.0,2.0
-201.19930850984383,331.43975581001604,6.491570269645452,0.7876296773674482,0.0,2.0
-192.74125607868405,-332.64725870370603,6.331730531690123,0.8055560175301085,0.0,2.0
-25.48693622265929,373.515251182311,7.417940770231093,0.7613239309975306,0.0,2.0
126.19459503671446,-266.42255154158465,5.588780256453499,0.7608397655361379,0.0,2.0
-211.00715054261224,219.27729187725052,5.6861622302786134,0.7267759211936864,0.0,2.0
-205.3359972661019,-238.27016054491196,5.888699003325137,0.7368703405475892,0.0,2.0
-245.90614670188734,-258.1075829662538,6.662088047241029,0.767965478633941,0.0,2.0
-178.48103613228648,-457.2056054634628,5.362916373159994,0.8402860610875906,0.18539795902929912,0.0
-357.70969664949746,37.839744909477716,5.959433948490835,0.7405293181662863,0.0,2.0
-484.56241637407203,-101.8847968074253,4.435440209530195,0.708643312423038,0.05394993611503711,0.0
56.19277969299649,-338.30445326496937,6.796495466806603,0.7206491953176952,0.0,2.0
159.21342362117426,-460.6045591216743,7.77959728761381,0.8435727377131531,0.10362504208985918,0.0
-480.08336004336815,157.0634378208484,5.390602459942968,0.9079617350729562,0.3149743139196658,0.0
58.274933689094134,428.78981512412616,6.54500795253543,0.818393294310632,0.0,2.0
13.785279749840619,-349.88686645685857,5.286041123870733,0.7450644423265019,0.0,2.0
-235.27273556760076,-256.5000974492378,6.941785779034137,0.7282364241858177,0.0,2.0
-441.8553738511803,238.53564912978646,6.055007101518219,0.8053674339037765,0.1599140623353437,0.0
-131.03108540883926,-424.66637593601735,5.173832821711863,0.6787301598016734,0.0,2.0
-208.4028578593723,228.6665882852154,5.568605771247978,0.7623840669653023,0.0,2.0
-189.48703471771515,297.7572303257086,5.552858086337484,0.7213755836462454,0.0,2.0
-329.463312429991,353.0646186630335,6.069456771997532,0.712344471623688,0.02499056332376955,0.0
268.4533540451636,448.46936364794135,7.41941348196916,0.9101694459853148,0.22867017321612315,0.0
401.9807585035638,60.11781115388099,6.090053352388028,0.7615812199819578,0.0,2.0
256.14473916509246,-188.8360258877079,5.526676476515777,0.7461664041335944,0.0,2.0
-39.701725941086465,409.7253287846872,6.755108681740247,0.7019999393769712,0.0,2.0
141.70905311608277,250.98322952167285,5.619567355323794,0.7551709492378913,0.0,2.0
-409.26744467575764,-119.52728235693733,5.5127584252855995,0.7285080183974203,0.0,2.0
185.6937205297415,357.96932937982564,8.228343619814646,0.8040563671374638,0.0,2.0
323.4617986586261,229.23613277280077,6.356542484264663,0.7581099820096708,0.0,2.0
107.65336915663113,-385.47065940275166,7.053560908679672,0.8339825890973703,0.0036144184495790054,0.0
-192.90094405668688,-248.9545542494768,6.155474309075613,0.7175875692577335,0.0,2.0
136.87756520747433,259.03836292727084,5.83003887418141,0.767678648670102,0.0,2.0
-437.7592158780924,13.646561109882896,6.18319858187046,0.7405941040653651,0.0,2.0
-9.79393734278336,-202.61522755980602,5.216859848284191,0.6794709922005858,0.0,2.0
195.58817749453556,414.1622065780297,6.494980752568556,0.7743835821883829,0.0,2.0
-294.03586156287656,75.18224987171321,5.881444925515484,0.7211856675781789,0.0,2.0
323.704632996289,-404.95972167201234,6.30418637899671,0.9072184602507524,0.2354752415035532,0.0
146.58574365391715,-337.23357534455755,7.808446552041829,0.7716329084179457,0.0,2.0
-185.16993472790736,-268.02218425062836,6.604727488628364,0.812095299703742,0.0,2.0
200.4485796940222,-413.4276298164108,6.300593182547838,0.7218246532708417,0.0,2.0
239.68385524695935,206.847515063509,5.661505208019043,0.7046911930369778,0.0,2.0
255.40914683581227,228.90304185812857,6.3991320885031735,0.7498659478468473,0.0,2.0
-49.87573203902733,403.71622361979104,8.106913480014535,0.7708838065479017,0.0,2.0
176.34310094890125,56.17690693825481,5.367017091660342,0.7340193714175589,0.0,2.0
168.69506280101538,-112.12774060313966,4.920277945700312,0.7266208327142991,0.0,2.0
-368.03831457820735,177.806358174601,4.33881014007598,0.5820448394515669,0.0,2.0
-21.220507655114776,401.80408301322433,7.225162102310605,0.7091737479017848,0.0,2.0
-233.44748424207725,228.32049454571634,5.890668845604251,0.7171253512339161,0.0,2.0
-145.64134197028847,363.4002322430719,6.341047126750741,0.7203340605590048,0.04374424502408569,0.0
31.07470560384339,-347.94862499046275,6.642662476812581,0.7495316445321679,0.0,2.0
338.46867792211725,410.7727915832131,7.3867402038249,0.9532666238289196,0.5244468441185383,0.0
-220.51058568568877,-41.55438075725108,6.124300129373187,0.7016008325781,0.0,2.0
-497.6438277212551,147.9710092483803,7.28892638457234,0.9179610459503635,0.25821193815066806,0.0
63.604715803714846,285.9854903568522,5.754655437452743,0.7361102269392538,0.0,2.0
10.075428080048413,376.9672391078675,6.25909104846984,0.7501567064785625,0.0,2.0
-244.94151985008452,-357.39678800941726,6.436943084727125,0.7513099315973473,0.0,2.0
225.50303800764985,-78.64153781902526,4.817189681826558,0.6499501244417726,0.0,2.0
-281.357161102556,-188.70420730484418,6.234558458602267,0.7322659097410015,0.0,2.0
-160.00651636782794,-218.16925939736583,4.838780080271929,0.6349283952234951,0.0,2.0
-19.874867825646866,-329.9803268872309,6.494571477930313,0.7369978784062599,0.0,2.0
349.83865653917394,164.94151184645767,6.202427887372001,0.7471904993623146,0.0,2.0
-256.7639677102333,-131.11611139532152,5.388976997143852,0.7687768253298408,0.0,2.0
-229.98989171251924,280.5614493440029,5.734287058563455,0.7315193774151535,0.0,2.0
-366.59181703538576,-41.25251047908571,5.785698253819529,0.7507959181328133,0.0,2.0
247.50518818313407,-224.488933656596,5.880616603336947,0.7221373896091647,0.0,2.0
6.752537191180865,351.1598794650074,6.1255996496454275,0.7387202726199856,0.0,2.0
-130.364801403651,455.1962602987326,5.966536730373569,0.8556868665556607,0.019152642094782592,0.0
374.1979033531666,88.64481983912306,7.729257014953363,0.7999758791814278,0.0,2.0
-314.8706030027554,-143.03549473692863,6.258791684453078,0.7303141363736165,0.0,2.0
-105.06791304672026,-365.3318012285579,6.164355071546112,0.8185822037459971,0.006546948271923155,0.0
-309.7219407630815,109.2781726676796,6.318097508412176,0.7525354601283641,0.0,2.0
-475.01218864207164,-60.35005953216855,5.717253690716553,0.7992177346553813,0.026813052820906215,0.0
76.46349202745168,-476.90640378651756,5.4547554107051655,0.8106348610028715,0.14647321699711266,0.0
-202.6695803327167,393.88453343465795,7.934183763319893,0.7559667970102982,0.0,2.0
-154.70937349078014,305.2846308277319,7.079560154309224,0.796299389616726,0.0,2.0
240.5116793458338,-89.1641354838887,5.6131829922565375,0.738427801303049,0.0,2.0
38.10906295890698,-340.89866796040366,5.644491737208017,0.7269117612716707,0.0,2.0
402.41180143122966,175.57680481279502,6.004626982540533,0.7509092781297488,0.0,2.0
247.063342461149,-262.324502287952,6.285089790805891,0.7007120537890957,0.0,2.0
367.78061024253304,-10.527154560507851,6.861566647238862,0.7418887737708457,0.0,2.0
67.28801368694909,327.0721441882663,6.514538642788918,0.7080157454575243,0.0,2.0
250.9432985085439,262.61605935716074,4.496487115916498,0.6047305882879456,0.0,2.0
72.9539055211194,-305.799088520645,6.703613642257574,0.7348980378759019,0.0,2.0
48.761616441954,-293.41895833251925,4.995305920561388,0.7017895220377336,0.0,2.0
403.45910653866395,-206.49534904853525,6.919344220453362,0.8337561678258855,0.0,2.0
17.871185995863975,-311.2866813439174,5.711388651712588,0.7494494920911166,0.0,2.0
-234.21920970881067,-387.22203878568234,6.909633442193195,0.7749400167622476,0.0,2.0
-353.5516063432734,1.2852292858746004,5.612646068626258,0.7379338033301792,0.0,2.0
263.88542408452093,112.21893488486522,6.27596707546613,0.7923958506645004,0.0,2.0
-61.292063109294894,-341.63225017131714,7.152861098187682,0.7863084649945128,0.0,2.0
-442.8468602084136,-254.95960219018573,5.642733308706289,0.8420274564688851,0.18577103562267258,0.0
33.78774654263662,419.42575345434324,5.387977897310205,0.729296616174599,0.0,2.0
-152.37321790441652,439.34795657268234,5.284206834363488,0.7896389492619104,0.0,2.0
-91.74899389668133,-323.86902330897976,4.532412660176885,0.6007633010466826,0.0,2.0
-350.49764067591303,78.87531627530042,6.6162538081276905,0.7985479392007231,0.0,2.0
-150.5974381409829,-286.8667638598922,6.837449125920902,0.8111732644946459,0.0,2.0
-174.18743205105588,-269.2423007013777,5.605833923074688,0.7382890824245802,0.0,2.0
-98.33094842901892,-318.7070335843879,6.565586094635274,0.7285682112698283,0.0,2.0
393.10661033644925,-128.89495605948778,5.714032498074904,0.7222449051329254,0.0,2.0
52.95098506827029,316.03991453314313,5.470382203104381,0.7321659729171608,0.0,2.0
333.5986281035705,-121.6556200222233,7.045516801430351,0.8032710360262929,0.0,2.0
340.5643476514241,219.2247769633001,5.533373920319251,0.7110059441913604,0.0,2.0
228.861298211083,217.38555574551552,5.479354202117441,0.7578952037091128,0.0,2.0
366.42453084022844,97.2837515587367,6.062290481501097,0.7392551593483417,0.0,2.0
249.21406596233118,106.33236050011733,4.687157291712602,0.64339291733747,0.0,2.0
-285.120815794239,26.510553151834777,5.060770170342758,0.7471668916902273,0.0,2.0
-257.78032067299483,-43.468046336304766,5.989546329834077,0.7351365625647884,0.0,2.0
504.9986654364081,54.340179572449166,5.574574990788071,0.8530526026658011,0.32806231652694656,0.0
-394.28215829628607,281.2416859313562,5.7489652042084485,0.7197090843212377,0.029577225088040636,0.0
312.3259651032492,-124.82515524058061,5.519572268259719,0.744633417560838,0.0,2.0
-253.8575027947744,-19.42351545443894,5.074367963930627,0.6465091163494701,0.0,2.0
-51.06445600242317,-283.8111282961236,4.507700336439346,0.6626346581584729,0.0,2.0
338.7367833817427,76.52621311021356,6.051820673180799,0.7328752416980923,0.0,2.0
115.44340536526894,214.46889764998642,5.129653927493422,0.6154324116612694,0.0,2.0
81.4651094879794,-393.8124055846036,6.625203984885331,0.7366395721442205,0.0,2.0
-275.30418279025554,153.0391459959333,6.649303450921618,0.7123464005596658,0.0,2.0
272.91237313036015,-233.08121268333244,6.854160843058095,0.8017817950640309,0.0,2.0
-225.83997545928494,-131.9479409945143,5.229380710139593,0.6598095897094127,0.0,2.0
-348.1770921104869,99.22335918365815,7.109093492195739,0.803206741579784,0.0,2.0
188.73208255162993,298.5957772108209,5.669149892007463,0.7324156351109431,0.0,2.0
-143.5774958215271,395.9235502207767,5.115931715943967,0.6820388727654213,0.0,2.0
400.1435536887216,-253.95964919738574,5.425179276429555,0.7794385575779459,0.02096611077922721,0.0
452.4736884321379,-236.01774218910452,7.885282493011547,0.9232044527583562,0.3570152160964569,0.0
405.9176971521878,-35.36115508844675,6.580868659009389,0.7458921822674629,0.0,2.0
131.40173810935804,-432.762733668856,5.800200921463607,0.6658346740004175,0.0,2.0
3.3140561906724226,61.65625899370156,5.758475919078129,0.7296832273076806,0.0,2.0
-103.35262021096923,-393.44698353322354,6.900884675055235,0.7351746984844284,0.0,2.0
100.38227209573073,-411.4217713183786,5.295586712960501,0.7379034989296553,0.0892066912264758,0.0
-57.80543490292823,-234.46716979664717,6.634826490563157,0.6727747757413265,0.0,2.0
134.9310959820786,513.9271642364113,7.728973279001816,0.9495687978274109,0.528941465051726,0.0
-283.819782542218,74.81117901339302,5.981234294159908,0.7249233863757041,0.0,2.0
390.07972001392824,7.797696864048865,5.6904962561192125,0.7453895914287079,0.0,2.0
-281.60519732189914,-141.3605927028125,6.6271556785892995,0.7320918234928254,0.0,2.0
353.1648220643605,-148.95620908000564,6.93279716591957,0.710942233175164,0.0,2.0
-368.72253487512415,224.25303945866764,6.756146114196442,0.746734025926982,0.0,2.0
289.22654264135736,-153.64058007436768,5.441296847946366,0.6550122709033306,0.0,2.0
-261.4277927612732,-249.0975747497378,6.573749564860392,0.7182626322779306,0.0,2.0
-498.0480480258841,4.749636438091295,5.796315780248188,0.8522454307595062,0.20205425892261414,0.0
-336.7801186594571,114.35907138643873,6.936568005410685,0.8133274557380021,0.0,2.0
335.22481850256725,203.81943783801697,6.809805776386066,0.7116427978285194,0.0,2.0
359.666721014444,168.20802921550856,5.971287140401502,0.7197344154223443,0.0,2.0
288.9522397413869,-258.24497408857826,6.193987855274736,0.7527231819046322,0.0,2.0
304.91013030111486,111.54814326936025,6.488931131400553,0.7383552134669372,0.0,2.0
-180.94630844351568,-346.2449506292474,6.828467319306141,0.7776221662907723,0.0,2.0
-4.052440184818063,-348.69563298573735,5.308238805096574,0.6914059348086493,0.0,2.0
-267.6780816438955,-358.56607316041755,7.323879745621482,0.7874328783631481,0.0,2.0
-252.653507399767,-267.63967734225855,5.704075633663838,0.7155601796810446,0.0,2.0
181.03776668431124,-298.6351842448027,5.981938434767516,0.7704300407718064,0.0,2.0
204.45689834424928,301.86548924707563,6.919419869892607,0.7351588204267159,0.0,2.0
-137.378558001704,-298.1511990421528,5.9887984167149195,0.658354552258052,0.0,2.0
-295.00772949162837,211.27754028603417,6.701294431537546,0.7296492837559683,0.0,2.0
178.21427778157238,-308.17028302808495,5.697557669080776,0.7616337793544722,0.0,2.0
-41.0708505502285,52.75752161464713,4.995688897564995,0.6508572836865789,0.0,2.0
194.66615186711036,-355.8905626971281,6.151005679514572,0.7303414006090106,0.0,2.0
-253.31462502458285,169.69664588105522,5.450384901125174,0.7390979113299362,0.0,2.0
-344.8553291043719,-224.01202159221313,7.194744520784521,0.7390945552153244,0.0,2.0
-357.5011696923088,-272.73851661025657,7.1329487364047965,0.8317244155350461,0.0,2.0
-339.017136137683,104.55872322064057,5.659858740958606,0.7363400056332945,0.0,2.0
-27.718587102899882,-305.7937241519643,5.409760346777256,0.7507129407324915,0.0,2.0
263.821876299112,272.4904622208111,6.928525138794231,0.810434663511581,0.0,2.0
-252.32227646742066,221.73583920737485,6.778234751043852,0.7272052376038196,0.0,2.0
-179.7469412704505,-70.80898829779534,4.706686645051704,0.6073041578494914,0.0,2.0
-185.73254592325546,-286.8338128704706,6.356833895982788,0.720876329343047,0.0,2.0
191.26426592253242,-330.9226349707739,5.8624327721495035,0.640345822329696,0.0,2.0
-206.31673393030698,238.4464059805272,5.9819177291045245,0.8132495139721247,0.0,2.0
-122.51497424959427,-369.40886794530843,5.42186817671456,0.7475241559656317,0.0,2.0
-327.97568270829794,-86.07880076380373,6.305165325892759,0.7273199920481214,0.0,2.0
185.4405792831784,-277.58893777417114,7.335393205966305,0.8478494927886336,0.0,2.0
159.3034320040513,305.56356383865494,6.6863063729694,0.7943768772960262,0.0,2.0
280.53765958133135,236.4785179877629,7.14515274525425,0.7909686069684752,0.0,2.0
-227.33849405683344,-357.79970711491313,4.766949939348336,0.662121011187263,0.0,2.0
30.499675468687467,303.6808350492236,5.076025507338545,0.6125735442857987,0.0,2.0
196.98915943027052,-277.4460506096898,6.551882123389077,0.737068098756622,0.0,2.0
-284.76547088511904,-233.4905594430442,7.1372537926292114,0.7758694280894654,0.0,2.0
303.25455500189884,274.0653018668823,6.025832942737635,0.7304726788955679,0.0,2.0
111.66445050809851,380.7930719942199,6.868883260637863,0.7344668902976832,0.0,2.0
365.7796257117913,79.68908919244888,7.462797456407109,0.7970835284499367,0.0,2.0
-77.55265739779777,343.82157410541475,6.641297399527196,0.7562933794843956,0.0,2.0
-250.66737835304826,284.35597063018326,6.013606706355991,0.7660510209980157,0.0,2.0
-38.343017126261906,61.091781004876474,6.0038990395172585,0.7235992316877807,0.0,2.0
273.71092705987064,179.16753877401337,5.915731573469891,0.7250129311977835,0.0,2.0
56.001728444036395,-269.35384714922446,5.464180470548808,0.6386407033907371,0.0,2.0
333.20804801298203,245.35720544170218,6.408622256275624,0.7416571377139397,0.0,2.0
-253.8189918295897,-430.28432416267026,6.478474490678929,0.8713478956193501,0.13847164585205643,0.0
-134.16089352005233,-438.9437083819858,5.621746360930393,0.7060394885033452,0.03643783307740393,0.0
-393.38768594830015,-99.43916564111436,6.686970227350917,0.7328137410600799,0.0,2.0
327.4341966674187,95.36784094123232,7.242137098397745,0.8145919546316519,0.0,2.0
-309.0375395314808,-78.56464207742192,5.932043712201536,0.7523009328591529,0.0,2.0
338.79607820877703,193.35523556047565,7.503580938797009,0.7367784738514931,0.0,2.0
-346.06355620227106,-32.596879585818954,5.835814755341765,0.7376169324641397,0.0,2.0
-448.0264185767454,-91.71073564916779,7.664042779041809,0.8188593648338857,0.0,2.0
105.23012384062154,99.21517493963255,5.229854231503854,0.5782185084186817,0.0,2.0
339.8635725245072,68.07691031792427,4.557662475863579,0.6130120628323098,0.0,2.0
13.219004247153505,357.6049205342062,5.153504524990131,0.7564563614044362,0.0,2.0
490.3380666575849,158.27430518677608,6.5174552950549005,0.9341978154988785,0.39912667058352647,0.0
28.501083238066787,-326.65143526477306,6.356021989594539,0.7181526708344081,0.0,2.0
-376.5102284542324,-74.72395966252465,5.5700625039335,0.7271002551456242,0.0,2.0
-389.95094175962123,-16.423800934076482,6.424523190284893,0.7646110135611398,0.0,2.0
-341.41881102782236,213.70510370661322,5.291667573969269,0.6272493744082144,0.0,2.0
419.9483126305609,247.52052623281853,5.341975056452081,0.7911919261129353,0.027334474285106877,0.0
166.92639533880183,370.83625780796416,5.68225955265818,0.7725449358120952,0.0,2.0
201.57222023726646,242.58931857628232,5.977744038815585,0.7230298179048497,0.0,2.0
49.57456782556759,331.41511834823774,5.424396662008966,0.7685112733191042,0.0,2.0
366.17734963970724,-191.21268571272554,5.335955946158444,0.7681615121218653,0.0006678935212910984,2.0
234.81647002797447,-130.93367119318447,5.425856859782671,0.7654005638288239,0.0,2.0
377.6959365589492,76.10511957614314,7.010651546694319,0.7952532694788784,0.0,2.0
-355.95539693770866,-27.9821731323258,7.034771626677041,0.7449127240041121,0.0,2.0
222.96578499449166,164.41931411398457,5.504823379929433,0.7593511341254471,0.0,2.0
-151.95752884817034,-306.0769848176095,6.134609470400802,0.7668394014258864,0.0,2.0
26.911915022908204,-366.3600403674183,5.641027299652212,0.7819799660393125,0.001485150842020554,2.0
-374.4887811470073,-150.78090584573806,6.16613811111704,0.7400981291302389,0.0,2.0
-79.63540532921625,-345.733966772663,7.074112582584767,0.734059963535372,0.0,2.0
-12.828686820000522,-291.04839002388803,5.147282375932923,0.7308003883707627,0.0,2.0
-121.33915058936168,-318.7089118855081,6.473788673234964,0.7065814109908456,0.0,2.0
-250.27689171606974,-393.7880503176279,6.2281017825570455,0.7575159177494015,0.08018664931759877,0.0
96.2198250602159,309.6889392940548,5.41039951800231,0.7329666350559093,0.0,2.0
495.7683085177745,4.106255934234484,6.055059088585405,0.8467537522822818,0.21260334680602944,0.0
172.99039271423595,296.0380901062931,5.131026116196915,0.690604970512794,0.0,2.0
124.0370305790712,-353.84861020093285,7.170052659937357,0.8003529083508852,0.0,2.0
37.85497023538911,-304.17876981218427,4.992672756000893,0.7636551460258159,0.0018874697784804914,2.0
-375.98539573536306,-92.41505540900808,7.050128562235523,0.7979082971216377,0.0,2.0
-288.75959120655074,-11.741669271203953,5.292796749376524,0.758060420393774,0.0,2.0
294.1339277663181,125.49305490961227,6.105234560303969,0.8299107856021339,0.0,2.0
-344.56934423013985,-173.99946136723932,5.636308201614942,0.75821819438815,0.0,2.0
334.7504327082495,-28.527099716396627,5.3971167720748054,0.7131433956346231,0.0,2.0
167.64061394192052,-119.81319138754345,4.236988190067376,0.616411675475666,0.0,2.0
56.123854937785126,457.53983450125,4.992404848108154,0.7105257447750304,0.05464886987356422,0.0
-180.4778483637335,408.63865246079,5.830192594872859,0.7573210119953866,0.0,2.0
445.9885596414711,128.15215792090913,4.232277180428598,0.6651076790446994,0.0,2.0
-315.4894984044199,117.52655213117191,6.1757874133924116,0.7318880767954188,0.0,2.0
312.1557167100394,135.0981141348177,6.993245244419567,0.7938453678971009,0.0,2.0
-58.7483893017534,361.07824664135126,5.293002545175399,0.740880821954345,0.0,2.0
-278.5157434626647,416.7166470380162,5.0835963845837355,0.7733998248526194,0.11170621397991208,0.0
26.754347430173365,-450.73667437596333,5.859211671912302,0.7484885000717573,0.0,2.0
-303.56055642018106,-255.25757434678133,7.4615996126468085,0.7637975589597854,0.0,2.0
-326.32765075711114,63.57067188150508,5.249812925869802,0.6980428033992063,0.0,2.0
332.4888767825289,-174.6956351031469,4.870966789484969,0.6832515994164171,0.0,2.0
311.20922742724565,-109.89539288524985,5.045373857803815,0.6269215306957113,0.0,2.0
-137.6110685517693,518.5015668634369,5.260469009021781,0.9199415545293671,0.5359741741086771,0.0
-421.9628855278037,39.583724230820145,7.3564217872052495,0.746457085127546,0.0,2.0
-145.43650961807307,-357.8589123583942,6.334651080810764,0.7695975030514717,0.0,2.0
-310.7778682351656,20.720722540297512,5.103574602361187,0.591394581634406,0.0,2.0
-27.436005459732016,159.49892737414208,5.428296852949121,0.7309315792729075,0.0,2.0
121.64465661418139,-396.22901812826444,6.502122526515145,0.7166634922390581,0.0,2.0
-442.14931201617,-74.68977579862899,5.457861089386796,0.7391062130586938,0.001981616710266308,2.0
361.4943193794981,70.42617379440405,5.79532915565039,0.7253600445191254,0.0,2.0
-111.66312132125873,-496.7081621859056,5.821879608781808,0.8100859554847293,0.13871427105298959,0.0
226.79955194948954,132.18253645347676,5.473172065213819,0.7429995211497537,0.0,2.0
-304.9880360368543,254.7900231665806,5.970833379642123,0.8318966936443096,0.0,2.0
304.30185538048806,301.2693709842518,6.445347162984644,0.7072013515526335,0.0,2.0
-20.90992746152417,17.11288552535905,5.18184010379461,0.624492271232026,0.0,2.0
89.81950113824901,256.7284411669765,5.381417568729899,0.6266185293854446,0.0,2.0
163.01157456729496,234.14071426567614,5.8136997378455995,0.7107584533378352,0.0,2.0
-15.116712161162651,507.3666229653406,5.534698394464418,0.7585478279066763,0.07119136531449605,0.0
233.36376409903804,-253.09471368637995,5.912935811956861,0.8045410633537384,0.0,2.0
-2.940531827012504,-339.0829188050039,5.4806576306513985,0.7332538509967499,0.0,2.0
-410.4762104502391,-174.54725956173584,5.460822766721929,0.676860309821745,0.14829607529307906,0.0
93.02470435275727,-337.5458644124876,6.240862897735053,0.7248206354464095,0.0,2.0
-30.95668354987197,279.6426208341257,6.075778681522485,0.7415003053707079,0.0,2.0
304.93519248913503,-319.3254733133096,7.529712445210251,0.8107645031705208,0.0,2.0
-42.165764803801565,-478.8183589767597,7.265838272956261,0.789672152305032,0.009929672313990423,0.0
459.72933688805045,-116.70354651399953,5.58984701456154,0.7902826111123887,0.05772725047645574,0.0
-203.97039277711383,-167.21498399238084,4.521481976322791,0.7329109436950513,0.0,2.0
162.55313192025739,-126.593916132056,5.648330007697107,0.7400036620974474,0.0,2.0
-288.7718944248548,-134.9595505418214,5.74455935273061,0.7320993374929846,0.0,2.0
212.6940519387815,137.87029964636605,5.170491006865509,0.7550590024686038,0.0,2.0
-137.19667184954028,389.2817129311982,5.827075895263442,0.7369989548184285,0.0,2.0
233.45944318903912,-294.5178352715,6.271819607863733,0.8115090176056957,0.0,2.0
-119.11075614859985,368.0540690614525,6.081934755347512,0.7461098330215271,0.0,2.0
223.74939245994983,365.35881729266833,5.954387424125209,0.7449267724839781,0.0591134136484086,0.0
-171.77250843012592,336.7264347282514,6.231530559879592,0.8011890886399641,0.0,2.0
361.55369089583866,15.224716510058391,5.778720414858382,0.7356801346052481,0.0,2.0
-44.3009612432936,-444.72570406796433,6.81548125378842,0.7553869209794628,0.0,2.0
107.07910300561163,492.9831175710591,5.054295494015516,0.7397731177935832,0.06197187950912574,0.0
397.0266675761776,167.60544032495488,6.537230765303399,0.7030797681964529,0.018349058858322498,0.0
492.0317047658059,-10.481087038307358,7.971047834375278,0.8308618253263419,0.16766133083403872,0.0
-339.64775354547294,263.72881515705154,5.946888118880993,0.7677329284486296,0.0,2.0
-18.296287837800485,469.0974119032892,6.226889794261819,0.762188821604273,0.0,2.0
394.841259581103,-98.82768832186285,6.824325155757818,0.7309971290812199,0.0,2.0
-311.58116801557384,-390.6219942891727,5.966361352350575,0.7467256918005949,0.06063201398175242,0.0
-260.9320618940287,-160.59673756853442,5.309945724519566,0.7650054457116026,0.0,2.0
31.453171102913494,502.13457347077036,5.924059502344428,0.7985165478540086,0.1291696113514244,0.0
-254.67192655235783,-288.4600284663492,7.369489663701812,0.7853997670990199,0.0,2.0
-14.63956456439989,356.0360424994427,7.309876800096446,0.7676302691998853,0.0,2.0
-22.96226657217563,315.20949519287643,4.757367705947197,0.6191025209534919,0.0,2.0
358.1603886952037,157.91611282034873,7.212326429121339,0.7500304867312045,0.0,2.0
36.179320818335476,374.81498278336034,6.974695327477551,0.7350280757873586,0.0,2.0
-290.22304967248607,-174.727700233688,6.220765576609227,0.7593252379964658,0.0,2.0
279.58955788359526,101.21089905904975,5.690598718254407,0.683503598787885,0.0,2.0
-171.1612677231239,422.2294961147667,5.690512368095753,0.7737561622504574,0.0,2.0
-262.6808610593416,218.10451692070583,7.229958317671372,0.7304963696340122,0.0,2.0
-362.45800456878,-80.78403061423373,5.202376904823101,0.6282736174308492,0.0,2.0
204.31526648052568,-285.2289926034416,6.101891301194174,0.7499232179934573,0.0,2.0
141.58360125328605,-363.4806392092464,6.066668862586233,0.7346891240476122,0.06276931395115748,0.0
101.66023992086387,382.6983451995991,6.011181827275692,0.7296609116934248,0.0,2.0
219.2505278801089,-96.43119016059745,5.251440357350031,0.6105797371033852,0.0,2.0
200.75010832896464,180.31395872571971,6.114402581066422,0.7286392625839953,0.0,2.0
398.53420205853433,114.29620481957495,7.057243866744088,0.7838469665589741,0.0,2.0
-346.51049042354856,-22.6240243370011,6.451697582060256,0.7313188168222119,0.0,2.0
310.4347655351662,194.56216546771623,6.973901316108958,0.7953055620052709,0.0,2.0
333.242739901144,166.55714527648217,5.47255069724449,0.7231186788140254,0.0,2.0
-206.88565116750567,-319.92251428138366,5.808335662876169,0.7232512042123507,0.0,2.0
287.9492579850019,-335.12695303850467,6.491729285064226,0.8309020205903654,0.0,2.0
-204.83610692333903,339.706235703459,4.8847267642723695,0.6471171858803749,0.0,2.0
225.81713732195928,-128.82497194833707,5.639810387094245,0.7431519938654103,0.0,2.0
344.7900824207274,-122.2462963367008,6.580097712893229,0.7240530693411908,0.0,2.0
216.05796696585284,146.83157262933673,5.703851173154021,0.7421041332470494,0.0,2.0
157.62510516012705,294.9868251345922,6.252617542194973,0.7190565164585256,0.0,2.0
-45.31003304079031,338.2978943250098,7.223145349825068,0.7510641721091745,0.0,2.0
301.9274295352261,-208.73700975620875,7.028807761673158,0.7906280125729406,0.0,2.0
316.4459145756917,-221.9157410111751,6.028441963141482,0.7275080412902929,0.0,2.0
12.040838983684104,-328.26134123802456,6.2280420687456495,0.7460198455423445,0.0,2.0
-170.85711153879564,-354.2666467207269,7.287454206311487,0.7755657540709611,0.0,2.0
-114.11604413037416,-39.08394395589626,4.710806356948477,0.629122516900834,0.0,2.0
-288.01916712653485,-39.87658717382889,6.518689939071355,0.6708521399415761,0.0,2.0
-219.95482405359763,307.51676767267327,7.5401670081872885,0.7712020508812732,0.0,2.0
292.4411060098039,-190.4197832710633,6.76522547986602,0.7091062213242029,0.0,2.0
158.8073704484872,315.90587555302255,6.356557859446206,0.7380483293094265,0.0,2.0
145.59538003705617,-264.75807309591977,5.634366750397023,0.7560816263745715,0.0,2.0
-55.294795540411414,-358.0897238734988,4.8410726967778706,0.7703141133401125,0.0,2.0
313.20036346968334,-160.4294760285077,5.925167722846541,0.6615091774439119,0.0,2.0
305.4299129537637,127.42126146092421,5.649589503590293,0.7285190977943465,0.0,2.0
-289.89473964486206,-183.9881143304448,6.048697015229297,0.7334346916760038,0.0,2.0
-385.98919552296485,240.5712564119693,6.903897111731374,0.8068455394745541,0.14423677111248942,0.0
56.79117243248657,357.9168699052601,5.4400101464318436,0.7237903934697778,0.0,2.0
-266.7952636493272,-147.03705456577936,5.019871276562447,0.6528825634219751,0.0,2.0
-235.45017704338764,-327.44364478426616,6.7230382483833635,0.8234019110377524,0.00785457548856712,0.0
307.54056464543623,-61.33206880716125,5.286867019154845,0.7579690887302346,0.0,2.0
338.3986285651906,-207.43310981602642,6.157534816204474,0.6995888292088535,0.01037823668602996,0.0
-446.3177559361411,221.50923618208907,5.7595639643038945,0.8263774432695865,0.17028744159757178,0.0
313.9077364316912,184.06159599404597,5.184933869871049,0.7265250131841338,0.0,2.0
-450.6002580992295,39.145149597991626,6.311773816591385,0.7808672953152577,0.0,2.0
40.15540990546999,-351.2733484392404,5.80602501333002,0.740992583253891,0.0,2.0
-192.2561723550607,-303.8258489159441,6.164696676310928,0.7702349898418941,0.0,2.0
356.1972952396633,-100.88036597376761,6.222408942752865,0.7552740435904497,0.0,2.0
-10.360238249478538,163.13005818378912,4.8526339934317155,0.6779679773200081,0.0,2.0
176.18302421755436,274.4269693448591,5.586515557286678,0.6982301853935166,0.0,2.0
3.176094001862754,-201.7336411540975,4.0747982431888845,0.6651570243720333,0.0,2.0
31.232183356420883,328.1725201900567,5.237209914399855,0.7803220371678908,0.0,2.0
-17.497747378891997,308.7011679199605,5.5369872439608185,0.7723159834710892,0.0,2.0
30.503674378097564,258.7750020713359,6.597451959991074,0.775967767772649,0.0,2.0
408.8159893937076,-44.91703838411792,5.534194611061917,0.6154649770897654,0.0,2.0
-185.69281465482587,-256.03735529602704,7.182462357701679,0.7031940396003561,0.0,2.0
210.08472904524106,-317.76074777172096,5.999209620413032,0.7347845122540871,0.0,2.0
520.4121525787461,-42.60207450063121,4.634889715592772,0.8363738042820521,0.310284729247953,0.0
-84.16941997855511,-307.24793019007967,5.167519800162371,0.7640552148054971,0.0,2.0
305.072516196139,-3.289241771654357,6.231496587183018,0.7999249106896109,0.0,2.0
-383.1071762799618,59.02194684740986,5.189273770718329,0.7444414982367787,0.0,2.0
345.7131661925699,-222.22464317579156,8.27026563715826,0.7552074753343289,0.0,2.0
-312.776503765409,-263.0158211690693,8.06317717419597,0.7919717054214649,0.0,2.0
192.98169530224195,-184.69104395201623,4.908718373675573,0.6522851595796814,0.0,2.0
55.18331327648539,-208.72204390705392,5.225937303507858,0.7500330639368233,0.0,2.0
51.88514183138468,339.7070938296308,5.471008150664939,0.7514608239913603,0.0,2.0
-279.07076723817966,162.61168952616617,5.988005557700607,0.7201981053340553,0.0,2.0
285.561487132803,-284.93760236155396,6.307777494507721,0.7574247572791659,0.0,2.0
-371.2679026774358,3.3789791931683384,6.8988008044482605,0.7422323885737039,0.0,2.0
-254.165813556779,310.4931648982865,5.7236464747712965,0.6416861939664819,0.004723315214431498,0.0
-64.5081266558492,-380.77549360314123,5.954582416303425,0.7064333624075849,0.0,2.0
-293.9264432344812,221.4944382303737,6.794685000012807,0.7552300676878083,0.0,2.0
-314.4477993081041,206.38746933484873,4.987389989864804,0.7182818438305204,0.0,2.0
477.7278240329899,68.85708327904176,6.690251789679548,0.8110037938198298,0.027735073720652193,0.0
155.71728839232838,492.272929046346,5.381330927620735,0.8228775749983562,0.28973832306666675,0.0
274.02333018219275,-200.16603892951363,6.732464311898422,0.7146918457596496,0.0,2.0
-315.99411553992314,-110.97028555164316,6.301811827793673,0.7256309720845042,0.0,2.0
447.72141008545736,-71.53783196610752,6.6410325210053704,0.740242101427307,0.0,2.0
-327.1531221056512,-189.82493940045316,6.28058514438666,0.7916495686242765,0.0,2.0
-118.31223474813677,155.77530202825824,5.198259786615064,0.6371911502665943,0.0,2.0
-129.72353526160796,-324.67727329274686,6.713737317192892,0.7241850948015625,0.0,2.0
138.76995502815026,-282.754427736627,5.983705054087216,0.7369494799647571,0.0,2.0
225.6743670384701,-300.4109604615128,5.021137785136932,0.7191214245381303,0.0301653884480484,0.0
87.9630801000619,395.1164915999586,7.68072178315478,0.7786010163905495,0.0,2.0
-320.0656505813354,167.51064188578567,6.359596882197917,0.7317560567233117,0.0,2.0
-158.97911850586738,-322.7426861779458,5.444240075594631,0.7683342156205428,0.0,2.0
-119.98983978069543,240.25868455126687,5.506949162993909,0.7430938428102896,0.0,2.0
-373.3073610615922,115.16188677465621,7.386822645317411,0.8173497178812773,0.0,2.0
246.04035117912414,326.93318348132533,5.630956535150157,0.7715960372606857,0.0,2.0
197.23003559034672,487.46801491073575,7.5517956906164265,0.9291346256243991,0.36670528849424056,0.0
-318.5850000503674,-175.499694745925,6.243521773102786,0.7401550315918454,0.0,2.0
-47.38266960732041,-379.6625900301621,6.217384937956098,0.7569344577991943,0.011697567553652841,0.0
287.86845870972826,327.97784412706505,5.634386472011184,0.7134944612771521,0.025206061452893905,0.0
433.0867064063657,-115.77586049894325,7.16755213803286,0.7554560529647824,0.0,2.0
-198.76350635236793,-459.193348063994,6.4069559117100185,0.8638032102174523,0.1553159764278083,0.0
-206.6148861604665,383.33957133725806,6.945409351934197,0.7119115335119179,0.0,2.0
-13.093481043278924,-483.106954192228,6.0747577293336805,0.7931946866064457,0.12844077946257632,0.0
34.273618199333214,400.50486248918236,6.69637232076655,0.7223787467419557,0.0,2.0
-209.9481752804626,-310.15258961893306,6.691867618136646,0.74875613805744,0.0,2.0
-433.7219016667386,-16.85070545366338,7.193017043549429,0.7314494743781339,0.0,2.0
-368.7700257546117,204.0874964281367,6.910816450490967,0.7324347322141299,0.0,2.0
-266.33923375626995,-258.8055273477529,6.144679544795516,0.708637701526726,0.0,2.0
-333.1303399069573,56.80953157702125,6.585433452968159,0.7474198375425037,0.0,2.0
288.0407300382369,79.26645360553452,4.33299571361053,0.6387976077018839,0.0,2.0
-238.98413366681174,68.14864700316429,4.427093736194349,0.6137200075191249,0.0,2.0
177.75773635763406,-248.64304320536044,6.145673888234994,0.731308555759286,0.0,2.0
175.6674826447515,-336.0511054818153,6.929856862678849,0.731277946129376,0.0,2.0
398.3010899131402,-45.177700554957475,8.308323264263578,0.8048832773443555,0.0,2.0
-252.1454610545011,-27.305804244316043,5.112592826062614,0.736820788390197,0.0,2.0
49.43321922281366,409.6247923859107,7.140922539399416,0.748195660313507,0.0,2.0
-380.718215721261,-274.21526568763045,6.5574668231741144,0.8181753037497995,0.0,2.0
-113.2699342701232,-280.78962291504297,5.171748623039025,0.7405137443708836,0.0,2.0
-161.34095024329932,355.6429747746893,7.222184349075013,0.800549907394864,0.0,2.0
385.2845133831109,238.20851839025977,6.3089655975565835,0.716487702173397,0.0,2.0
-20.253443858477553,-375.9514242506333,5.04694371684952,0.7725035219329718,0.0,2.0
-253.13185762650272,179.54372471002193,5.95509883755855,0.7643093864444301,0.0,2.0
-316.93048329934754,-206.2899235303648,6.368737561756881,0.760252343501427,0.0,2.0
-176.41427046500658,320.57385476805325,7.048138655157248,0.7971968064297087,0.0,2.0
168.6065761716618,-251.9670944155735,6.100795061266372,0.7490652912656798,0.0,2.0
297.46796395643025,328.66373074888037,6.725232568356506,0.7426590768541653,0.0,2.0
114.6270196937591,370.3125629294219,6.229816804055453,0.7059378283781952,0.0,2.0
-116.84519398144587,307.9056644550695,7.115486210206862,0.710488035849051,0.016349994442757247,0.0
181.8899764044134,-15.533583918525197,5.150850254791163,0.7393710177126526,0.0,2.0
392.86048007469066,-227.09330906946954,6.185052289734806,0.7964623785459976,0.005321566723308324,0.0
-463.4636376983332,77.6980943125165,7.077335724001055,0.760105596640479,0.0,2.0
-366.9717464219506,157.47872754337064,5.794078756998527,0.7207418180588051,0.0,2.0
255.9205535787182,397.00277273952656,6.275658716742772,0.8376579361691289,0.08006016081626231,0.0
260.9821591994186,378.4355814477628,5.5515818933066035,0.7509439842438311,0.0,2.0
126.83658625355706,-342.3891767259066,6.7509436611175575,0.7392916241287096,0.0,2.0
-433.20670657414814,-256.7756956211649,5.678210562793911,0.8121178041892405,0.17195420250322552,0.0
-329.91107311668907,-319.681368764848,5.576340861161751,0.7441011137483227,0.0,2.0
-36.75217134822212,-278.09236838017176,6.424269241808539,0.7376744704741093,0.0,2.0
-415.74172989191015,-69.42823786408934,5.353605564291542,0.7144406241605596,0.03981388751116363,0.0
297.6429016719117,39.59119343478428,6.241241659605393,0.7330756954795943,0.0,2.0
131.98708293117295,267.79047532001437,5.792439606355817,0.7447515325444191,0.0,2.0
-492.2415028774945,-148.9200116597589,5.750483008191574,0.8852394315313078,0.2744067918140496,0.0
-1.3590244850508195,-449.3210910772144,7.368789334381968,0.8242974293900448,0.0,2.0
-31.1395076041794,518.3084961410682,6.7095800980395435,0.9244755847494645,0.3530677621750621,0.0
-194.01033516958464,-481.04352238018856,6.253661628794084,0.8860789297821221,0.26510233733596905,0.0
-319.95102412036647,299.5384963541481,6.903069545971293,0.7469868213040721,0.0,2.0
159.41663117991408,-254.71409714442598,5.366397797431607,0.7357737375866805,0.0,2.0
-434.83425393148536,133.08977739541712,7.121701469892518,0.8292101113351468,0.01985926906168849,0.0
-118.11362153341403,298.48003853879214,5.81797695506713,0.7217161396370524,0.0,2.0
-362.991675773954,339.70702655492215,6.191848729170285,0.8389209059892516,0.07750420234815704,0.0
-393.8068519792355,112.81117345858445,4.686156915376783,0.6447516796862889,0.0,2.0
-51.502005081976264,-463.5591143046847,6.620391328138792,0.8117406073429493,0.024233860146717544,0.0
-518.0625261188472,-31.13770453071145,7.324346213820078,0.890118067536823,0.2835507869286184,0.0
394.14032109766646,86.05314390692065,6.948884496055359,0.7248520362261209,0.0,2.0
476.62326291394885,53.930301442431215,4.762752119812705,0.7221631364887735,0.037921747069651505,0.0
465.31705308345624,-5.579438666137366,4.355531711587213,0.8091698289852242,0.17970356473890434,0.0
275.05153725065406,272.9528125535321,6.594356672285542,0.725249697360657,0.0,2.0
301.9984353242583,319.1837715327738,6.621002073487863,0.7010348811373251,0.0,2.0
-131.62202168214978,355.6577679788161,5.126543862356246,0.6445475228719822,0.0,2.0
71.67405605886948,-440.2129540725052,6.412448701037269,0.7376107940801301,0.0,2.0
201.2605522074409,-169.06379501439372,5.3018140322038745,0.6854363107590059,0.0,2.0
-145.39526074438157,-397.81279490323914,7.340921064594605,0.8002056721664438,0.0,2.0
375.6206670974748,64.71059374299384,5.397957242868294,0.7280970528926987,0.0,2.0
331.73266677532814,362.5227638180954,5.347203259734493,0.7773754489223902,0.09358045363347878,0.0
331.16001533016924,105.75452058514146,6.137823938208958,0.7540897475717084,0.0,2.0
-80.74706043490899,-411.394912828414,6.153305845699652,0.7319568113247045,0.0,2.0
-330.3904164018474,-21.625122178183815,5.256477701161664,0.6056915326806854,0.0,2.0
-103.9095735026457,429.88801543508004,6.473228682811171,0.7746718488969192,0.0,2.0
-446.77535132054976,280.0087854635217,4.696633353679264,0.9502461554025886,0.44316388641706617,0.0
247.45886668549494,345.15038501311415,6.0087224730471585,0.7246334365456668,0.0,2.0
126.75777147254713,330.5869728301339,5.730986730495709,0.7493616412604885,0.0,2.0
149.85253575916067,-406.5602193157114,5.400085045054097,0.7222689738192415,0.03376943778521948,0.0
-300.4392804445761,68.07672908129162,5.969329186202442,0.7184538634272807,0.0,2.0
-215.07320298552656,-373.8325421921761,6.016750279452181,0.7705726208064169,0.0,2.0
-259.5610507627467,-314.93771394754754,7.20003341670659,0.8004494580047337,0.0,2.0
101.41381784993335,131.2562848578782,5.310917309263606,0.6958953230834153,0.0,2.0
-380.1249348684194,107.3967041048271,4.995866913549984,0.7544400436414754,0.0,2.0
345.6178193665161,144.34882484390968,6.625735998931998,0.7418393714931383,0.0,2.0
183.89088757276693,-355.22137066663174,5.9970461432906506,0.7439429025861679,0.0,2.0
-54.58579360339076,-488.11625070391625,5.715621420527212,0.825047730057383,0.06484781103372998,0.0
-116.21705696456823,224.21331856637408,4.818830687710522,0.7655120044105437,0.0,2.0
-346.52972069437817,-165.06766276951078,6.055754050349404,0.774343532137526,0.0,2.0
-503.29433462874505,88.01762682147175,6.231875081560568,0.8403523297949101,0.17942013107301066,0.0
235.91635911242292,-114.99044975153431,6.08729436225227,0.727792739731917,0.0,2.0
-428.20451999691835,-85.24215315976538,6.8045108958083205,0.7914656730338434,0.0015540830551348946,2.0
240.0705509733967,-179.90273382137943,5.362642035689937,0.7304289524364851,0.0,2.0
105.66832033138795,308.3780183886686,6.216204354486521,0.7526606677186274,0.0,2.0
-266.97404742346174,-195.6884917282107,5.145830403350111,0.633114179050229,0.004701666503593758,0.0
-95.009952464444,511.80070436596077,4.654390285644101,0.9015781463898201,0.4158517904826308,0.0
-38.835525779804726,-329.9293720247528,5.921740959673339,0.7201272324402216,0.014199143669052486,0.0
157.40776625239127,-483.03736187104414,5.706509891727585,0.8214994153052059,0.1795396409244809,0.0
-165.33805405756317,289.1547595889401,6.446736120472536,0.7306300116583359,0.0,2.0
-380.37720851915805,205.10209758282144,6.9191894539008905,0.735463403545952,0.0,2.0
-315.1441900749505,-38.94537656375653,6.587242019187888,0.7252364042591136,0.0,2.0
401.3849133051464,-137.42565561518495,6.833611508804789,0.8144166525060134,0.0,2.0
-118.03669813368502,465.40964343862504,5.282432824405041,0.7701797823857612,0.0,2.0
-368.6803696563828,-274.2309931092487,6.623628723536065,0.7830662875414122,0.0,2.0
-325.34592045677954,-200.1831374104128,7.172367082711073,0.7464159359069539,0.0,2.0
-402.4491667387089,-52.415626940902634,6.227582215237565,0.7222356596250208,0.0,2.0
401.645694394182,311.7694568777532,6.951067280209262,0.8534788828691335,0.10787761022049394,0.0
219.72632964153718,322.7354781559369,4.934199359984836,0.7416495145223786,0.0,2.0
176.70428605985452,410.7890429652479,7.42742991450808,0.8199055685699435,0.0,2.0
341.62615631623726,-47.77565432529372,6.165468487569334,0.6422168428800107,0.0,2.0
229.01175864094637,-225.84010488610673,6.702594273974069,0.7599957048997629,0.08027353688476004,0.0
306.840699475826,94.98100563288371,5.416298856953118,0.7537000011125877,0.0,2.0
514.7090150200814,96.60096881249729,5.710977554303844,0.9375454142827384,0.48888785924380646,0.0
-122.26585621939103,-282.39133036889075,6.2513034236049165,0.7365814081471944,0.0038210791933647637,0.0
345.8948438576005,-97.04407583839493,7.198760276823019,0.781868864413394,0.0,2.0
-296.1890978382331,-129.02822632221617,6.0900829943121435,0.7613955698483214,0.08208477574682406,0.0
205.24502320397974,-357.7942843547852,7.363010506877704,0.8372504494288391,0.0,2.0
506.64294397152867,-78.15145538893123,6.026960904448689,0.8611479176165205,0.18740264007353266,0.0
213.24637206934293,476.7256825507003,4.980457884564213,0.8536413662722341,0.31915302064688483,0.0
322.60697444099225,314.89018612002826,5.682807636316121,0.7510374799118182,0.08934133888473449,0.0
288.40757152534735,-9.874990549122858,4.583840579552522,0.75983075840207,0.0,2.0
-289.0791920400458,180.9380724401248,6.331875630054389,0.6357603841196813,0.0,2.0
294.33569241560764,200.8360967784019,5.083408560089175,0.7276682807374002,0.0,2.0
334.57535059373004,115.55809888940553,6.133732810953767,0.7478688609539538,0.0,2.0
-154.83922890662595,345.2508900125408,6.974460748574002,0.7216697095458271,0.0,2.0
201.00622266563016,-320.07187056464943,5.6881150931154565,0.7502329374709689,0.0,2.0
337.546639731649,48.86765970564318,5.4956037295399724,0.6319422765346178,0.0,2.0
-210.8956809688553,327.7189235864265,5.748324185302068,0.7478714258518062,0.06291640496220809,0.0
300.05780294724866,176.95084852847364,6.396462021943243,0.7164489430588845,0.0,2.0
306.04570271469566,230.37851571730238,7.41198021242794,0.8114214179051541,0.0,2.0
438.2313011055755,251.60477075960262,6.814734794297416,0.8851960568009906,0.16517080592476158,0.0
382.9758089762874,318.1418492699245,7.318054846980307,0.8645934967074748,0.061040714663508994,0.0
-252.62341338506434,189.45774805923435,5.766058793597362,0.7716144202178706,0.0,2.0
-29.71026100460855,-345.35925642053564,6.049696862198388,0.6920321500802662,0.0,2.0
230.8843340315983,-235.01973858898495,4.796238085618697,0.7508864084989438,0.0,2.0
-371.6587932149647,132.7885035173648,6.789407212056923,0.7395324456583642,0.0,2.0
227.93746036458657,-398.0065524064173,6.333865680696569,0.7715849078363104,0.001505407735306471,2.0
273.61431363558313,-347.4711464195566,6.02563338658991,0.7495933809934225,0.0,2.0
217.07754279352434,-262.649510571505,6.798469454037363,0.7039622450640988,0.0,2.0
-391.7418023379337,-128.3639548910737,7.7298792862493375,0.7971067118876668,0.0,2.0
267.80826956554904,252.86085334074477,6.733925212964661,0.7407053617846278,0.0,2.0
-434.272221443318,205.97056129468146,8.034528371998686,0.8758029784015378,0.05655119060222597,0.0
-319.40846635558313,34.99385835782039,5.794771555454925,0.7589790677005073,0.0,2.0
-396.6851141801589,-1.4267487329034136,5.4446609456260004,0.7175411796641717,0.0,2.0
-216.92744323975836,-413.59161341884084,7.411491406720459,0.7643043713540758,0.0,2.0
94.98158031226069,-476.3566488457997,5.741728364224897,0.8595443986470216,0.22525329194148694,0.0
223.46059720604873,-308.6729677470139,5.192117343231839,0.8506485824593303,0.10726967598960363,0.0
-123.88007524508158,326.52357021574346,6.138504143962973,0.7450545378484236,0.0,2.0
92.8687588886478,-434.9470285898807,7.702246803509748,0.8251157172435802,0.0,2.0
230.62028977490587,182.83487930432,5.080184163834613,0.7206749074638452,0.0,2.0
-317.7958554671128,-185.47575635573062,6.654213020078274,0.7552926439215509,0.0,2.0
-529.5428220050572,-38.53498028588143,7.22920882178799,0.9808345550007054,0.7107942817029586,0.0
-192.21499045609733,196.30773926175644,5.410729507640562,0.7202206442546837,0.0,2.0
-38.10227903334867,313.2708342419117,5.741284705397403,0.7668672753632357,0.0,2.0
-87.0323508510686,428.61089289622345,5.777869727249788,0.7644802007679703,0.0,2.0
255.73254999248155,239.5209981292994,6.829229072366841,0.7610025574237724,0.0,2.0
319.8530041924825,154.24673005101994,6.470785020333986,0.7328194597074639,0.0,2.0
-375.98840758723765,-45.77658247929245,6.1716261408315365,0.7529411781994436,0.0,2.0
-304.7513495845621,237.2819084876998,6.796240356723641,0.821537389396204,0.0,2.0
157.38371261633822,-412.4728955214196,6.536307630236433,0.7479120419519562,0.0,2.0
368.26286168313817,106.07364514965627,5.010305729041791,0.7674565462570615,0.0,2.0
174.38000834615323,-139.0042986860511,4.980195035253318,0.667354521965841,0.0,2.0
-148.57077992777567,-327.2489388985298,7.819602957909678,0.7887693556634898,0.0,2.0
-119.19195824600149,169.74771684645506,4.604937856044035,0.6263846559285104,0.0,2.0
273.5037661570352,-222.6459251127898,5.7027437078511864,0.6942634130768834,0.0,2.0
79.61824097862882,-488.5717350823458,7.747002185895893,0.8850671114047707,0.14077127158515598,0.0
-101.21624014403622,387.00209088727934,5.979407517149265,0.7361877392625178,0.0,2.0
304.9535213775357,220.21869351163718,4.882486962016303,0.7570818258411647,0.0,2.0
362.2138028909026,-129.23151494396828,6.108407897562798,0.724601568290323,0.0,2.0
108.32320340930688,-313.2993382288824,6.62160105539422,0.7291117336290708,0.0,2.0
43.15111665211026,338.13743838850127,5.3457915192081735,0.7460833653989767,0.0,2.0
270.46284467543273,-288.5021270915605,5.716901636458215,0.7540968107299981,0.0,2.0
315.3585949285651,173.6026831207806,5.58555155591577,0.7361382130494237,0.004379118620482543,0.0
-330.8599072454354,-292.48182974906575,6.109180906779309,0.7528161495502027,0.0,2.0
126.57556585924273,-305.67540313988627,5.990886925405615,0.7410020400941402,0.0,2.0
310.7223740496794,215.3611270215914,4.2518670149295446,0.6931595819796273,0.0010869775565280578,2.0
-46.60409712487859,-299.68848477354396,5.008945213149157,0.7020466636301436,0.0,2.0
-338.4483069861366,-71.8603789025834,4.917099113529796,0.6398999391740607,0.10910052196834041,0.0
-301.9732029733695,-24.851190173615432,6.08253622366011,0.7143425252590698,0.0,2.0
-311.11142330167075,191.24848490427837,5.158147490620427,0.621696771441594,0.0,2.0
350.98019277026515,-43.505272357717466,6.100809459624022,0.734375720452135,0.0,2.0
-352.86283061318966,19.626545887825202,6.424404267198739,0.7295620733245889,0.0,2.0
-120.10868301417784,187.22960447009802,4.835911708459005,0.6421921625808308,0.0,2.0
-370.3086280217606,-198.47097285806865,6.71646717115356,0.7429620003632641,0.0,2.0
-275.2924113524519,400.1895061546648,4.933771567187658,0.7865259085764107,0.11099618019350142,0.0
-509.4519128002937,-73.25438125872583,6.107902233779862,0.8467882366765237,0.21850745786209896,0.0
-336.47977050506927,-36.4538553219616,5.896367758175756,0.7428008339073683,0.0,2.0
201.02838241872888,-28.23815278135528,4.278013252523597,0.6458675696274037,0.0,2.0
253.58321882221568,113.60558569959217,5.566664812330222,0.7273410307076734,0.0,2.0
314.3768833128406,-10.51272531920709,7.261571751836776,0.8117965720934872,0.0,2.0
-409.6698710573806,-94.07290789319595,6.155335183487143,0.7574317098178949,0.0,2.0
317.6501242330461,-241.66468106301005,5.91177401603462,0.7596099649941284,0.0,2.0
148.48234128732605,470.9507228522446,6.844030021710108,0.8387947575740573,0.08525201711690217,0.0
-355.07993141187416,190.44530755035728,6.43809029628495,0.7333566396469117,0.0,2.0
103.43489725125289,-429.50687647616934,6.998847165811753,0.7402595658188604,0.0,2.0
-346.4404797741345,119.03007604292988,5.487728596544622,0.770573449158861,0.0,2.0
-526.1054782270954,-2.245686104840587,5.826386365963617,0.9030334106893543,0.3000783160563604,0.0
-200.69027413902276,347.6981486009898,6.578077825651162,0.7433386546852971,0.0,2.0
-322.3158858233654,125.98961299616029,6.802849690022186,0.7656188949038258,0.0,2.0
245.48175459134933,278.94020737305067,5.352367637390317,0.7022978974281083,0.018712188163289307,0.0
317.4779039466684,-317.75497352837215,5.986685060028081,0.730280841551373,0.0,2.0
126.67782865840462,-364.07985504480445,5.790177911632377,0.7462024691241483,0.0,2.0
-28.642237430450137,-324.82236751830885,6.241517731619602,0.7414206901194766,0.0,2.0
-423.41909761374194,-228.47132282675045,5.5081384213743165,0.777168235562735,0.22095871545230575,0.0
423.0182099924439,-118.55943262512518,5.897672208583745,0.7437842876751416,0.0,2.0
206.80219243695043,292.8216526209271,5.299280905189107,0.6255927131798816,0.0,2.0
359.13213803735135,-50.39259323713985,6.017077088467092,0.7213888680659736,0.0,2.0
-310.3205330860121,-169.33911647919547,6.229964224257484,0.7487057214468651,0.0,2.0
-311.28055769503453,229.1589688473504,5.720446446109601,0.771962931941558,0.0,2.0
493.53367241963207,-207.52340345004134,7.1741848294938455,0.9763423722688588,0.6875985519601321,0.0
240.61390039893806,123.00380157456112,5.370737162951703,0.701293848413378,0.0,2.0
291.1535198626034,239.38368161853913,6.843570028299297,0.7488080319527081,0.0,2.0
-316.2045872046176,156.97314960330036,6.998636286723183,0.7426578037997725,0.0,2.0
473.9053681972462,172.2114317128729,5.427730581736586,0.9057627237083924,0.40401339796266067,0.0
-377.30599344556464,175.12481103964808,7.410150173318498,0.7902689461702849,0.0,2.0
313.9370836457752,-1.0069003204881528,4.946491478989971,0.6311049670665724,0.0,2.0
56.331056693548724,-318.7642535158717,5.981589879889015,0.7631693743938833,0.0,2.0
424.5054038625152,-157.7964007050585,6.910029686099116,0.8285302279670861,0.0,2.0
-368.6187981745677,-110.5314997079639,7.530022222930374,0.7362033680791938,0.0,2.0
-129.00115991434998,317.44947064060517,6.238762114402498,0.7597676366165123,0.0,2.0
222.0304325951926,305.9654708448425,7.1226470378273845,0.7876155558182477,0.0,2.0
-119.55593311596236,317.33692150563144,6.403392154079881,0.6978378231539493,0.0,2.0
-232.99389782373785,399.55684823158293,5.97478621977878,0.7619514968455173,0.0,2.0
-84.24420886341005,292.96145869836795,5.759349287690022,0.7372441953094349,0.0,2.0
272.49992324156784,-262.21880317170314,6.117231267550102,0.7422523047923247,0.0,2.0
293.382566075399,22.0351124648088,4.3412680126160925,0.6300065862379938,0.0,2.0
-175.21051667609544,-402.2294153548458,7.58208362154211,0.7971607499534263,0.0,2.0
-113.83368745220307,-370.52370327956373,6.074008360278203,0.6953822275051978,0.01640300715741935,0.0
114.03979689654882,250.54160154479789,5.747993674520201,0.7610446817166188,0.0,2.0
-323.960296192483,-375.63063463596285,6.88423690445282,0.8995683474982835,0.2973270611100534,0.0
-38.425563824008364,-339.98528800513236,7.260780651330668,0.7375369958524534,0.0,2.0
237.0010609093875,-208.43081108169412,6.334869382035829,0.7299523569475965,0.042707095116172454,0.0
339.3537802854162,-259.43180774174954,6.356324893549315,0.7692121290780228,0.0,2.0
295.4468835182818,-252.20081851471593,4.84338547233387,0.6723260061854929,0.0,2.0
-241.19401654736532,-304.3127226000127,7.443384213964051,0.8647323085635799,0.0,2.0
320.8641402800085,190.27652295338973,6.578925819439501,0.7325241952302701,0.0,2.0
-243.94037454251512,292.260864124355,7.080343030489991,0.7043119671905498,0.0,2.0
335.1344786280948,141.5953486706661,5.632799353051311,0.7429992104301304,0.0,2.0
99.8268166246855,-343.67799620565216,4.518858441937099,0.638678718826678,0.0,2.0
90.06796185985154,428.71368416920893,5.050340336676377,0.7432175524476187,0.0,2.0
-144.4889387874111,321.3412298595125,6.619131464023679,0.7578763866393299,0.0,2.0
94.64319552983315,523.7951671854139,5.255235405089894,0.9343106014256153,0.5061578810681489,0.0
-291.1935590372718,326.27925922495916,5.90115348738902,0.7584775936421727,0.08139225850923933,0.0
54.41528828076973,-504.70854629399105,6.248543811030235,0.8468589543771142,0.16593752029934913,0.0
352.460902789334,21.273936621063772,6.666624661623494,0.8096230534572031,0.0,2.0
-123.11644506098912,408.6703145899063,6.4921323297169415,0.752940803979223,0.0,2.0
-371.4670647195459,-66.0090386739879,6.112873087652042,0.730147799985298,0.0,2.0
302.81090576064827,-270.2266338895557,7.784820924932206,0.8026323666980538,0.0,2.0
-410.24992927452416,150.33719493522733,6.462282262440147,0.8059736676963308,0.0,2.0
-261.5026548824889,-202.69861970966838,6.5946180269961685,0.7659615069412029,0.007582804488275052,0.0
407.7071476326705,139.0361539412957,7.174583696253109,0.7572277458670407,0.0,2.0
343.06669113305134,285.2364663463923,6.317807245585794,0.7294609899717585,0.0,2.0
149.71989873932137,300.75316754479053,6.0428718520119515,0.7420462358336827,0.0,2.0
403.28874962053,273.11194545126693,6.586278520372664,0.8659607941784571,0.21902052596788987,0.0
66.47741883345459,-405.65739302589,5.511763207022525,0.7025434763450149,0.01867044064342852,0.0
-209.45609496366114,-285.0286830098644,4.802810186969133,0.7470769632689209,0.0,2.0
-402.1674941056047,-186.1101591188164,5.57953286405516,0.7798627355322644,0.0,2.0
173.82445941047175,-382.5959204021296,6.849191901041808,0.7781711809076743,0.0,2.0
-46.94547011141003,327.6824679724637,5.895380351565048,0.6983482270177136,0.0,2.0
194.21579688649618,133.58060992621185,4.722580811042503,0.6095705850799679,0.0,2.0
-284.67813360422616,213.89945675911298,6.438110278002422,0.7354214928485174,0.0,2.0
-289.59827340981593,-73.84429980294719,5.925637119122264,0.7401231218576513,0.0,2.0
310.01708880658947,119.35061605799253,5.015323093466858,0.7215914330328281,0.0,2.0
22.773156077098893,355.3688706774086,6.715286077439216,0.7282686119370908,0.0,2.0
-186.0306343805252,-322.92808999817504,6.670789688133729,0.7483181000174863,0.0,2.0
332.83140950390106,132.49461834119688,5.324117827220529,0.6574859278586448,0.0,2.0
-334.08631839576583,86.70119716074717,6.0439649536134326,0.8025419537651723,0.0,2.0
-96.29246176592102,-284.27257434933233,4.714005584377238,0.7652385891878254,0.0,2.0
-328.7160831499988,302.14631382165084,5.438830335914742,0.6615980906775617,0.0,2.0
378.380241666868,283.39371116631054,7.183951763694371,0.7974591486954585,0.010670832091277449,0.0
149.61210906010092,345.7492947094247,6.653887336300208,0.7310828222017971,0.0,2.0
-19.029955821240993,-295.59398702620007,4.358554161866998,0.6666277790842244,0.0,2.0
-62.29465212560948,389.73666657748964,5.594350413692109,0.6916577214784082,0.0,2.0
388.07689887714264,-1.967966916256813,6.768892249206642,0.7622446870267575,0.0,2.0
248.89625673339623,-192.73206450531788,4.338592426965759,0.6443515796468662,0.0,2.0
-384.84559413976274,117.24679261665743,7.066576155306573,0.8137700317196309,0.0,2.0
268.0769639481819,-416.5023213733228,8.017115823174919,0.8539820895893159,0.12985391503594146,0.0
-10.527017815225777,345.89306511475945,7.0448084558616255,0.7100172259470848,0.0,2.0
480.9621094086089,-26.730507109173917,6.159431233424042,0.812700465356851,0.038398459439023085,0.0
-165.5790019259081,-364.51526153075696,6.481854409758162,0.7364640560420632,0.0,2.0
-407.44935014172154,29.81151360791913,6.017950999614128,0.651760349081544,0.0,2.0
357.3544447495157,-219.43634749908378,6.373081538419585,0.7307519234353109,0.0,2.0
326.2037830828763,-11.538226685372758,5.827454494592851,0.744862447109923,0.0,2.0
117.81833770637256,-309.0767348747817,6.10113851539715,0.7208837732778569,0.0,2.0
-336.190120236356,21.898651613589287,5.8166177649412445,0.7382332167888915,0.0,2.0
87.91493539224498,326.68914018059866,5.164071121997215,0.7699744631550522,0.0,2.0
-320.2298093991612,-92.5302108046523,5.70250117014713,0.7395193262494989,0.0,2.0
-260.1326363783876,-365.4138407019446,5.59662025124563,0.6662837277568627,0.0,2.0
206.0245970976231,-439.3406453082885,5.566067301643572,0.7961686965361862,0.12069916272345071,0.0
122.25289661638199,-418.37982105171335,7.301507929391108,0.7534996270172678,0.0,2.0
-276.85448313522755,278.5266173581196,7.2074869154867285,0.7930303141353959,0.0,2.0
-433.9607361912868,113.9929995838677,6.292985682432707,0.7554067298643643,0.0,2.0
-11.98397133635579,477.12346756851554,6.7056407784497525,0.7926318481633896,0.0,2.0
234.14870255325948,290.8729362524438,6.9582619330078295,0.7945693512664689,0.0,2.0
96.01302238331483,-465.9934838473809,6.283225187032613,0.8206307671010854,0.0549483530237475,0.0
228.7693515582481,325.9821560754196,5.991970526239258,0.7373878527738056,0.0,2.0
406.0136078470983,-301.95392786825704,5.771572551759385,0.8593936106523975,0.11374496783819286,0.0
-38.30306752905266,-395.6043954114603,5.85673079908521,0.7255838010096898,0.0,2.0
-367.2795070190854,370.5712839704772,6.3402838688352094,0.9054927360537539,0.32999669470620696,0.0
-338.73726137246587,-147.189288040642,7.267566859485404,0.8085296822932474,0.0,2.0
136.37434373543297,356.35685253292564,6.3968122079561285,0.7556097825657963,0.0,2.0
493.8573519525649,38.78176913451637,5.276202979931716,0.8329484229956068,0.17512441055469238,0.0
150.19085936636662,310.60667029886673,5.592817901318554,0.7450093389908,0.0,2.0
344.3901824082216,-26.926211358021025,5.8609122600761845,0.7393045025743872,0.0,2.0
60.056096861656584,389.3930895840615,6.3246052441616625,0.7342444554984535,0.0,2.0
-274.44533779324945,-213.71870765622253,6.522906800442627,0.762279055837177,0.0,2.0
402.04133977255736,-25.2793385444602,7.260833278544943,0.8073201230398471,0.0,2.0
-30.56408103390447,318.7993921942707,5.66903336795509,0.740997954978529,0.0,2.0
-275.1010499345205,136.60375234985872,5.52351936113548,0.740593865717907,0.0,2.0
316.4467657164334,390.6449961000492,5.464511993630128,0.8196841259282609,0.27980421540497663,0.0
-384.6100465389681,-155.6578439133441,7.929663728688235,0.7468167331757084,0.0,2.0
-107.8663006394578,-344.4556921405828,6.053626539740715,0.7326556785116892,0.0,2.0
127.99878203081248,-295.9857620444323,5.551344817481995,0.7529045583967313,0.0,2.0
289.3210563983485,-24.137690548520077,6.024537851207827,0.7235522325219245,0.0,2.0
141.1296839702863,455.41134072453724,6.031562019626806,0.7110602312980281,0.018842264683403196,0.0
401.5533480740695,33.52725041504511,6.4790998001858995,0.795296151404588,0.0,2.0
127.23524324291368,277.2923624071036,6.570819046951738,0.7570823741161838,0.0,2.0
-412.5683828278546,-50.33536498296133,6.077915526370728,0.7290890601383264,0.0,2.0
-260.474168142768,87.83285639111605,4.52399245688399,0.6427106697294662,0.0,2.0
367.95597434637705,-58.33197986120319,6.375292263901779,0.7525723312557001,0.0,2.0
224.72530114658323,208.91276440580157,4.896374751506643,0.7895441825382938,0.0,2.0
-410.91231322287996,-33.784553895299304,5.020346290860298,0.6294278622645909,0.0,2.0
379.52417582027846,4.420179824699964,6.38109215021426,0.8284825440271154,0.0,2.0
-112.24687626981016,-303.88243562779417,5.715402887699145,0.7098670754531388,0.0,2.0
249.49053969412523,254.14801837245417,6.170028705579955,0.7477818344744434,0.0,2.0
4.502160648260782,360.8062334743021,5.654213079719075,0.7579041388302028,0.0,2.0
225.77770108827838,-248.79252318886057,5.01541981960227,0.7261968637958319,0.0,2.0
281.1032118362174,192.82541942459335,4.999549290724709,0.6679721138987001,0.005153903981861323,0.0
142.63587078473853,364.62896412670125,5.925263532134427,0.7508528268370386,0.0,2.0
-193.6028761668376,323.8519466264821,6.123009271104595,0.751265158504824,0.0,2.0
-192.509306612484,361.9433365818258,5.872640463358153,0.6373916260871938,0.0,2.0
-362.00859213748737,298.71996010751985,6.910874706468674,0.7944072032640874,0.004745053409262112,0.0
-90.68580911824822,334.64504256805174,4.273457508574464,0.6467643366770078,0.0,2.0
420.99004814027603,-311.61806400323337,5.673684575418319,0.9329568257189054,0.4106368376852876,0.0
347.14346294960234,-176.61065588329186,5.964282417607632,0.7378620612326037,0.0,2.0
-237.0032892324653,-86.16865525830563,5.608145958782597,0.7484423033244626,0.0,2.0
255.2287444612861,-381.05739120764457,6.144568709590857,0.8078214414773688,0.08254290019148788,0.0
-442.6088839267972,188.80478944709714,6.910164870318341,0.8195323896298425,0.04446705861612035,0.0
-178.9500759661411,-413.1847025720695,6.126802640644539,0.7502761260472124,0.05891108773916143,0.0
18.81274842073156,428.2315592973318,5.861412840368078,0.7451180321695259,0.0,2.0
-202.9179195164041,256.59074418538967,6.1108971761297814,0.6997550652928777,0.0,2.0
125.5285351050377,461.0771351459989,5.169787188628105,0.7778753847345097,0.14552014197010105,0.0
169.5357719579424,-345.2857283498612,6.299726505167365,0.7315080517076157,0.0,2.0
361.38854477177523,-247.59995319666703,5.908806478500661,0.7668638815054459,0.0,2.0
-37.178930494127044,-361.74544886719286,7.178799788054759,0.783042680446543,0.0,2.0
-219.70145018084318,-172.4561183369304,5.333282643609299,0.6685546994457339,0.0,2.0
-423.43917848935786,-152.15046307321242,7.56359066709301,0.8000434472761401,0.0,2.0
-285.70423840369665,-92.40697955289168,4.994210634533358,0.5918795310706049,0.0,2.0
-328.9830936525064,-245.88586170620616,6.452172765426841,0.8305168196672845,0.0021383019573719903,2.0
-15.741742250443718,-4.453016223170766,4.92349663192014,0.7121997982838538,0.0,2.0
-127.94363364287544,-385.02159489731713,5.386664762205755,0.7826284462226947,0.0,2.0
447.12103793399444,93.44852166320256,8.412209301240148,0.789585846911445,0.0,2.0
332.094488634532,234.54935072132213,6.341560038478003,0.7192717272204335,0.0,2.0
43.05604362207921,418.7855725640034,6.420561319318402,0.7243590123161264,0.0,2.0
-408.84787564570104,49.99185497182535,6.515983473814957,0.6540157153255379,0.0,2.0
502.6160794192154,13.0630876735276,7.077205559816088,0.8813538657941093,0.2543867126875816,0.0
86.94543112683651,310.77165221378425,6.3200282724016565,0.7408325824668952,0.0,2.0
-231.02236730647198,379.83564164978225,5.837054528017692,0.7502656642677641,0.0,2.0
-218.3535597454633,-272.731259760629,4.957161608043194,0.7018039469156736,0.0,2.0
-76.85773539473716,354.76236058496124,6.434366543652952,0.6844771886953527,0.0,2.0
192.90852065621112,-261.7309556660918,4.940609859296982,0.7489148827051514,0.0025090202739952478,2.0
147.22605330009972,-280.9111202992185,4.757881899144344,0.6598003284730266,0.0,2.0
-85.19223233922793,-362.2351472165942,7.806336583365151,0.8122037052963127,0.009110242124071084,0.0
358.7244344948743,-139.32217907043244,7.348322960117325,0.7743201204111373,0.0,2.0
277.7295428361661,-244.49278895957997,6.350699810932293,0.7109807105981776,0.0,2.0
351.01117546510716,-241.3777785712784,7.304805564841135,0.7990662293641438,0.0,2.0
123.98716956712917,303.55359794697694,5.134189453323952,0.7530296710875423,0.0,2.0
93.44407265647851,335.25130067476397,7.095281245186854,0.7600168464471115,0.0,2.0
242.68953855042705,-303.2656603385954,7.337216613278537,0.7971009152319619,0.0,2.0
-144.71378916283604,-367.27761400875505,5.521642895174831,0.7620388681012574,0.0,2.0
-18.027197272445367,3.3398357663356073,5.2913353304405915,0.6287350631746482,0.0,2.0
-458.83782801788817,-221.18064596431796,6.267297188939815,0.8407623451498736,0.1382448475855192,0.0
45.87235095362491,-371.60340891746006,6.643936569925843,0.7283564169424025,0.0,2.0
207.08013254017624,-302.1960424678692,5.658467099519104,0.7607957276935384,0.0,2.0
-80.01234483358381,443.7965957094498,5.197254023230973,0.741007031831622,0.07570247696942901,0.0
-343.3430108766446,185.62866817726282,6.919986736557871,0.8261931720597714,0.0,2.0
-146.41412928443856,457.55705437629615,5.2859331564097465,0.8099579638383257,0.14062495873365471,0.0
-463.13273880641066,52.58765550125283,6.150464495742837,0.7939714409359364,0.00211056439440724,2.0
-334.3673501727153,78.14277180260761,4.762224657885777,0.6563163505882854,0.0,2.0
70.32941577089844,246.27404572524372,4.693235586012372,0.6479040565414765,0.0,2.0
-331.8963335884167,100.50352460218538,4.683572016379855,0.6538337015201194,0.0,2.0
-384.39457504599426,-262.8637453330192,7.878559007539583,0.7922302606218792,0.0,2.0
-331.6571331947189,185.38203651637886,6.339693697701733,0.744434344931804,0.0,2.0
-350.6235557342334,46.169381619271206,6.487603577670284,0.800559064639788,0.0,2.0
382.46440566740426,248.42515129597692,6.551060146320083,0.7189688377824287,0.0,2.0
468.0456949892981,213.92337617994784,6.543694753476011,0.9141759608515456,0.3910295568956622,0.0
-90.66513366574144,365.7556507849172,5.384135810780176,0.6677598013578396,0.0,2.0
-188.65366481042085,307.8450717758219,6.441751743458493,0.7412823162709401,0.0,2.0
-51.53538822399787,153.31598208817059,4.5594906734894485,0.6495311641677287,0.0,2.0
203.73081442450825,232.01056388592875,6.1350923367789125,0.6386120104259247,0.0,2.0
368.10033863963616,213.76970327973635,6.43821373437794,0.8209283527611263,0.0,2.0
-353.9635121725944,143.23832765477349,5.616229152566418,0.7356159162138267,0.0,2.0
132.04319163170476,-322.2157666933825,5.314265169662149,0.772799646414046,0.0,2.0
458.66891889960306,240.97788944129368,6.483346439358876,0.9137068024846887,0.2701722686107855,0.0
-393.3598445351099,92.78438820758086,6.86709635633373,0.8150936588124084,0.0,2.0
-373.6657299883595,-26.916423323336367,5.569758594129972,0.7823671091923882,0.0,2.0
497.9349633561962,-173.59896345876865,5.421876996225412,0.9405117188425324,0.48617432581597164,0.0
257.40906037210533,451.6226285301496,5.935497495271979,0.8768196883685336,0.361339835107397,0.0
-152.58557587585733,316.2523781102729,6.774394776396861,0.7452286993552386,0.0028582995964430815,0.0
-380.87152920839696,-244.551411930945,5.580460527809672,0.7443525549851094,0.0,2.0
-42.41811101475599,-411.33068254016445,5.8813572869863915,0.7206842100339522,0.0,2.0
94.03114201310619,-421.12784991229125,8.243222477739698,0.8146146527615407,0.0,2.0
154.0845607933775,401.7739075049408,7.67654937545628,0.8086798013637134,0.0,2.0
-295.1146122130333,-32.05286801739563,6.8046730897816765,0.7102997550808051,0.0,2.0
133.70135632598905,-358.81072100163544,5.185412642269817,0.7585598394410498,0.010147435165066974,0.0
-48.37885410661417,-364.1039610351083,5.768839062323885,0.7146360382128878,0.0,2.0
-319.4716989710538,185.72695667713995,7.92115420707333,0.7856703918058742,0.0,2.0
-432.7680716971121,96.22027170497482,5.2791732105014235,0.6806349378504322,0.0,2.0
73.32877350445031,318.6574029886531,6.004434175116526,0.7446142567495788,0.0,2.0
108.22915357494804,-333.0222204888756,5.937984515708798,0.7493896744259223,0.0,2.0
-119.21928677413327,388.5014600600425,6.3280706268997235,0.7099559092141581,0.0,2.0
129.92423722098098,-252.85668755623445,4.21117272346997,0.6489475574379253,0.0,2.0
96.80763071755962,-247.60854911471415,4.963786742335854,0.5899521756236111,0.0,2.0
461.278200288352,-195.24039620799596,5.4133874447655765,0.894311518152606,0.2461705952969191,0.0
171.12594723190614,-92.45299235904038,5.846932435738244,0.74843244092326,0.0,2.0
-173.3571254614649,-488.47040938095665,7.2267897743412215,0.9133802546697638,0.26254163866504004,0.0
-235.9100626812368,319.6570321858798,7.194735913122313,0.8135835593751293,0.0,2.0
65.41900308770134,-334.3107132034166,6.1871635810319,0.7262213557852436,0.0,2.0
-458.00318202853987,-83.07377862653745,7.090518392872508,0.8282644266723339,0.05519724554080497,0.0
315.41678586221184,-297.2434992448504,6.4777798168854535,0.8113955995650767,0.0971844397821128,0.0
30.055213644029273,248.33506230229904,5.858409955826512,0.7061633754225549,0.0,2.0
410.88942617131516,113.47328515682001,5.505802589915573,0.7426060542801868,0.040450339472125826,0.0
325.5084724109916,-143.43939883432589,6.89185669547564,0.7479581623610566,0.0,2.0
351.5976722691878,136.1787280453422,5.677654290177982,0.6921383743380054,0.0,2.0
293.34522106013566,375.136981148723,7.693719141810013,0.8245002905143868,0.0,2.0
-44.549662459151214,381.89671346855414,6.051974170230872,0.7438646225076387,0.0,2.0
-50.24523722467727,296.6694370395637,5.9673326445763895,0.6899446293032845,0.0,2.0
348.6973730631469,-80.41702737531473,6.419474871364409,0.7388659756444477,0.0,2.0
-206.12672825558542,294.6380595429345,5.733595821441227,0.7577640288640449,0.0,2.0
30.058442992999826,452.3771302753157,5.676600249655322,0.7668928086571503,0.0,2.0
467.5466188653084,163.51058630680063,6.575919385597002,0.8539682863335177,0.07277645767924884,0.0
-127.90610216016172,371.942456922373,6.302242227337907,0.6894815584607055,0.0,2.0
321.35222350213945,-154.58458597472713,7.04757921293244,0.8100192596746562,0.0,2.0
-436.4796546707877,-66.23836076223827,6.830865762075477,0.7783065256508174,0.0,2.0
-377.90240694323614,76.45412004840557,4.778980057500165,0.5895625220516728,0.07853586779978874,0.0
279.91128841344727,-254.87796354143802,6.257703154738387,0.7481320578344632,0.0,2.0
336.9974185783638,31.66953955631926,6.055148980633638,0.7311334127683266,0.0,2.0
341.52599366091005,22.399939366827123,6.523163139268098,0.7638046161656359,0.0,2.0
480.56916211269015,-85.71598941118697,5.621898982952592,0.8049082478378162,0.03801253506411689,0.0
386.5679303772498,26.141602746726026,5.201421529445048,0.6561233536984968,0.0,2.0
29.533973535523987,-337.2683231296303,5.717977534175131,0.7410408553063738,0.0,2.0
-418.52776142338087,28.13873071874441,7.160063892823267,0.7899505620375813,0.0,2.0
52.39147729984184,419.5162402979591,5.855775092353841,0.6994462260187384,0.0,2.0
338.49378404689145,-77.99785377676044,6.564015428198065,0.7544891372728765,0.0,2.0
-503.9456944127787,109.18802665686205,6.664600032232125,0.8953744798065192,0.19239626274013402,0.0
341.6630211392238,-191.62167580316657,5.4379812597384145,0.7324120534798358,0.0,2.0
-522.3830126734113,-74.76271223488783,7.495329263325489,0.9563964518637174,0.5005039490082969,0.0
322.64051773005485,-43.81638449710031,5.217399110719328,0.6393193474136409,0.0,2.0
329.01322819362343,-259.4824744771478,6.056456290779729,0.7664237148663468,0.0,2.0
101.65136504427888,-337.24555432178016,3.874088919538848,0.618004586841082,0.0,2.0
261.66213095250396,-435.8757025568578,5.147138068166403,0.8589563590701799,0.2538358243554261,0.0
244.34100481726108,-315.0515883072729,6.686016247619315,0.7247035416677783,0.0,2.0
474.14280877717505,99.50178891776052,6.500522429954624,0.8635146809162408,0.25940900094665253,0.0
-124.01307908019055,-470.74963820081825,6.135206756099515,0.7470056313565185,0.05700664454657588,0.0
-145.88069522712266,-386.6100279775203,6.423866073381162,0.7319582917637296,0.0,2.0
68.36139493095493,451.71765751345634,4.924546202648784,0.7517248039715345,0.06223508224973891,0.0
-280.9665504817003,-277.62938564775504,5.046571511024039,0.6635523159199204,0.0,2.0
-263.6402421885205,254.85545096784662,4.5993805878145215,0.6061381582797816,0.0,2.0
-3.5227981816384997,-387.3056664598153,5.337032030806431,0.7673558939977231,0.0,2.0
341.61332022296745,-328.52810030271417,7.082132984783363,0.8594604478456208,0.023395819468100584,0.0
-33.6416691227604,-450.49822253002844,8.02009956743036,0.8112093296270426,0.025808989378274985,0.0
75.30153655349828,-349.80125759153094,5.9181389161119675,0.7065466666455154,0.0,2.0
53.62690358360392,380.65508520837096,6.721971937901049,0.7832950517606293,0.0,2.0
-402.74674586630164,217.6085716140029,5.758744473492743,0.7603808196966334,0.0,2.0
-435.80148427755967,-6.303225530717743,5.730295114022697,0.7630152869009947,0.0,2.0
158.9683871470537,285.10664826852866,6.730125903861062,0.7470011388056579,0.0,2.0
353.9264099041167,-70.70730599423916,7.201637386868609,0.7427325324791593,0.0,2.0
46.43373779710623,-344.07855893550493,6.085990266720902,0.7407682120347604,0.0,2.0
-295.226382989079,299.4315502300186,5.326444688971121,0.6679350337553629,0.12808980892417635,0.0
366.9700147208748,63.12808297248862,4.746840518541576,0.7321647490986063,0.0,2.0
-368.26249893343385,-329.9294707754043,6.713328374367276,0.8045910047135334,0.056740523934275616,0.0
-238.08681162344882,-273.7642987032545,5.497855148705009,0.8180183598712626,0.0013876597884008562,2.0
347.57687089722543,202.0688351157198,7.540442178299975,0.7909565390098076,0.0,2.0
385.56244678447007,-184.83744352496507,5.773589469312387,0.7587223732734945,0.0,2.0
-293.4818420573618,-401.0333377061842,5.619707088844871,0.8428656537004348,0.2254699454075032,0.0
-52.061819125641144,-226.0811807897373,6.0314817407829215,0.6140946303366537,0.0,2.0
25.711714671579358,289.0367703179908,5.679220174877753,0.7217152414435828,0.0,2.0
3.786314929943395,-324.3170472790698,5.162056037948403,0.7504278747941586,0.0,2.0
-268.2670596935616,-391.19806948321525,6.599099178828975,0.78396680541572,0.12163980190842598,0.0
74.46030213395154,-420.1677522940895,6.213585406295485,0.7715550441657515,0.0,2.0
-239.50498130984263,444.57480885996483,5.846483216017549,0.8287022364068795,0.16341671000349137,0.0
373.92972882001976,-196.80756238270772,6.217820926505299,0.7464036834721215,0.0,2.0
453.1717650296279,155.21270434584036,6.159400454586321,0.8235708121604962,0.16842188450994267,0.0
270.88227426752377,238.20964279347172,5.071178611442079,0.6573393498477472,0.0,2.0
-95.2785638339391,-365.5191109878668,5.598630110010544,0.6595900697658218,0.0,2.0
194.33071259550752,371.5187551705214,7.25424136511845,0.7756490542491354,0.0,2.0
440.90642848160667,241.59344234481574,5.132082312269663,0.8069580645505985,0.14056562059049854,0.0
-56.794314428583675,369.7495086498799,5.527433796839101,0.761234463518839,0.0,2.0
-173.8066921703466,118.17012533945217,5.93896429588513,0.7397906093547028,0.0,2.0
-306.2484189084063,-110.4707715074602,6.497806366471262,0.7114537957386995,0.0,2.0
-472.5162663943108,31.505591141295454,5.024560286217751,0.8389188774696101,0.32742596664383566,0.0
353.5082118106455,-2.6604635563214853,4.898734131806644,0.6505648738782173,0.0,2.0
131.73997839765727,-423.35643593000935,6.23576278376907,0.7571577967848497,0.0,2.0
115.00238970138699,397.55287126088416,6.259255952812327,0.7591408866986382,0.0,2.0
-121.76587231913943,-308.6963137848753,5.736273863818262,0.6926523620580812,0.0,2.0
-260.16348701434015,286.12157465827994,5.417442164810892,0.7809772954419851,0.0,2.0
-280.97630486689394,-446.76234314774905,6.849605548864039,0.9397137397006998,0.48905265705335926,0.0
-291.29598831836586,-312.1298256296324,6.837418965784474,0.7630904195475701,0.0,2.0
365.5975318783657,-203.53621168962428,7.41614212534175,0.80633721132323,0.0,2.0
-370.96268535844564,25.71694169739107,5.593783024221203,0.741459760337817,0.0,2.0
-259.1106030593719,-73.2987417815135,5.645713049226869,0.6589218346793703,0.0,2.0
-373.0409596275819,-17.7998599497015,5.494720940793653,0.7591940149206631,0.0,2.0
-418.9693464939344,67.23271332835427,6.041231090176084,0.7815021571007461,0.0,2.0
-73.43661940422453,-385.6122200071373,6.935779348848651,0.7459574335534566,0.0,2.0
78.36325360649529,327.02682759292196,5.85470544593519,0.7360008896049298,0.0,2.0
-67.20698013038735,477.6896149443468,5.7785949645204795,0.7705332676776293,0.0,2.0
350.0012398508718,231.5090751401838,5.970713235305359,0.7308101059191152,0.0,2.0
289.7956304836577,192.95899649032103,5.133066556730886,0.7203631341612681,0.0,2.0
-229.27226680539678,-435.171872578233,5.969004158011866,0.885543378192438,0.28066758734416636,0.0
193.5563312346544,393.6995402692276,6.422686205540161,0.769354375445081,0.0,2.0
290.7751124871132,291.15985006411495,5.05874312972978,0.7300325214101011,0.0,2.0
241.8624645394615,261.11184642770746,6.622042127997625,0.7483629457524789,0.0,2.0
-111.25027394602617,-426.0405416074044,5.559832597407274,0.7435100022372951,0.0,2.0
247.4204273764288,-175.9812675222813,4.66210738438867,0.6389280079197565,0.0,2.0
402.6852821749742,-115.52785105881689,5.704313194418402,0.7529359151536323,0.0,2.0
-419.6771311416965,179.13577137023256,7.1687728308004575,0.7826995442383522,0.09929015765158483,0.0
-452.9602007458573,49.17001303363707,6.318337771583898,0.7297704531993775,0.0,2.0
68.84931594384877,386.56058354807305,5.346560907354447,0.6639355715228652,0.0,2.0
353.8297363276756,-291.3916302089923,7.7880534256052405,0.785465302152057,0.0,2.0
381.89699181848,57.29963260861328,5.702556394385512,0.7303129085344882,0.0,2.0
-379.839573942265,21.040609238352438,6.502503497983736,0.7264669450711807,0.0,2.0
429.4549323632927,15.697897277156702,6.52137572769199,0.7510832939157485,0.0,2.0
29.223325113357575,410.887407087655,6.870876275836574,0.740496838775906,0.0,2.0
67.4691229075626,371.1566028813675,5.982210207923884,0.7687493142284901,0.0,2.0
-80.94206889900912,310.76202780647816,4.196988093119332,0.6009557084473711,0.0,2.0
255.77568182192715,-219.78679705250698,5.88651115230076,0.7475507139932726,0.0,2.0
-115.10419202349087,-361.15771983232196,6.445471254449922,0.7280832377352695,0.0,2.0
-283.2127067652196,35.06333100680788,4.846512823639306,0.7441714637037682,0.0,2.0
417.5150006046941,-80.12847242697464,6.714248496728843,0.7405699175119653,0.0,2.0
-300.62753879722914,-172.19980666758713,6.077531680733867,0.7418401538111111,0.0,2.0
99.81031449856647,-307.1470322950514,6.675371221250619,0.737471987652256,0.0,2.0
356.8086248717981,146.6541143718309,7.823230744079157,0.7826228950942832,0.0,2.0
-141.5865367836363,-261.75065775805746,5.329379595059268,0.7324285704807038,0.0,2.0
-306.6209532386669,2.373375746549943,5.062638130260268,0.6252725605560631,0.0,2.0
-253.1291921446841,-79.76776211095225,5.923441892357683,0.6696378631793071,0.0,2.0
149.2935722472966,412.2475425647647,6.850393594878359,0.7833031816735361,0.0,2.0
288.8174521355972,230.039689052696,4.910844193524958,0.7271451044009261,0.0,2.0
-291.77825074540345,369.46016051025305,7.075183506933363,0.7637163193141853,0.0,2.0
-195.4969703973581,384.2438249375647,6.489914487452752,0.7121534754012204,0.0,2.0
-217.26929487498217,-262.59487318528323,5.996760847063103,0.6979109717441081,0.0,2.0
38.665136159056686,521.588466351032,6.014582189512403,0.8311973976465544,0.17794166367931472,0.0
139.36857360706966,346.8393545421659,6.314852286196893,0.7297617969976219,0.0,2.0
-93.03966667725501,-391.7167187875575,6.0833541958273125,0.7245473316740145,0.0,2.0
-3.5902491821210694,-329.91964147886245,5.722181961044551,0.7530250979984017,0.0,2.0
147.95770853602323,-325.703728782465,6.968088274028159,0.7235261734299204,0.0,2.0
-321.0800551947386,-149.43569197888877,5.293167301990746,0.6080623125491977,0.0,2.0
171.22361115854324,-466.10769257365854,5.396700599154487,0.83808076692048,0.207075045663616,0.0
385.0818038898996,67.03349420491672,7.153918776260474,0.7623906769151699,0.0,2.0
19.36723077047156,372.9075849951015,5.99931414892699,0.7482760073800504,0.0,2.0
371.41671959954346,-244.54835548655902,6.330232682818483,0.7301670813273502,0.0,2.0
45.971868866572656,374.3556941289967,5.324771115220848,0.6529815919229994,0.0,2.0
91.44166669414192,-321.43520502735146,5.57417477469713,0.6808960967512228,0.0024109553961747018,2.0
-329.7064073024644,-274.92555640357125,5.866501947283466,0.7356441816644756,0.0,2.0
53.02540820470507,-449.33728462716226,6.178803407052391,0.7582835119393668,0.0,2.0
-318.7252826914516,-48.13023551787803,5.085437534750399,0.7366261530863815,0.0,2.0
364.3884710776571,-120.3740436931508,5.453411274337381,0.6802385618463096,0.0,2.0
293.26969002575834,272.4546738290789,6.253077317010286,0.6720537084555206,0.0,2.0
325.16222836858,-221.71534101115293,4.5888111901334545,0.6781611674553787,0.0,2.0
283.4053548943434,-186.75341682231152,5.319365992154208,0.5798785953426542,0.0,2.0
-301.93141033981817,191.5211606834229,6.259157835252018,0.724197566225942,0.0,2.0
-334.0905734873651,2.689101405111458,6.997676074373486,0.752333274549309,0.019567017427248173,0.0
201.21584124785986,-256.8671532841063,5.813366063826038,0.8296562012127864,0.07624728406189343,0.0
196.10228147646677,352.32887043326457,7.229430078164858,0.7115802745637548,0.0,2.0
257.8421753427056,-279.0999216404471,5.483327500318586,0.7425709228473761,0.0,2.0
-481.64970359125687,-223.36450630035083,5.836598736147559,0.9620587091627437,0.721228012423218,0.0
14.23779368347371,-358.7940365410728,5.189178296143833,0.6090426858548925,0.0,2.0
-173.02196405196796,295.33548559580925,5.375637478119354,0.7473004719563471,0.0,2.0
-224.81326442034785,-327.4456899133467,6.80740296185471,0.7486139188828754,0.0,2.0
2.770053645234932,-379.09575816835616,6.519886940356726,0.7475684100752649,0.0,2.0
156.3628306076218,-331.9490400488355,6.638630683848503,0.6992675871297627,0.0,2.0
342.56699586015924,-150.33247289159488,6.926696297365883,0.7178447848846342,0.0,2.0
316.36168286498986,-116.72007587409513,5.7942275030990045,0.7635495307137473,0.0,2.0
-278.4691057903546,-241.90053666734042,6.040866244853188,0.7046293762426302,0.0,2.0
-445.08359714365054,-2.667109353230738,6.000591024040859,0.7782049495667589,0.0,2.0
368.4478075706096,-302.321122676765,6.188682545000501,0.7771650720096237,0.09773871165878108,0.0
-281.37210774344504,439.2877393772084,5.181334217172054,0.8950968234828106,0.3592744962651567,0.0
-440.4885351258644,84.91330707467769,5.9115767297334925,0.7847136949726919,0.0227983629542257,0.0
313.31321096416684,126.0689165143324,4.203678829361468,0.6275724976853956,0.0,2.0
-120.51176245388514,-299.1300155936882,6.478184501165526,0.7367823735337627,0.0,2.0
280.22734374958003,226.31555506936272,5.5965875154522955,0.7323830904853303,0.0,2.0
23.082166865517838,-510.1044680884596,7.009099606105449,0.9117186200270916,0.31754630269005235,0.0
-277.1782900457331,206.23877770107063,6.374740950989793,0.7307530894209178,0.0,2.0
-279.23847786649935,-73.3560502585333,5.31957840007024,0.7592717615128454,0.0,2.0
-189.96688827889275,-353.98360366549235,6.079661047776402,0.7162264064923183,0.0,2.0
-301.6847732117339,8.647429186631001,5.153767234671475,0.6543765024276514,0.0,2.0
-67.32208887117487,520.3705540370886,6.575289347888221,0.8895230226690487,0.1835790116003607,0.0
-216.09729078744454,296.52056686641015,5.644652691856777,0.7402501919913522,0.0,2.0
-335.17291381713767,402.4768249845324,7.7265243315445735,0.9010967977116405,0.21228966734185156,0.0
-99.38885526807766,-328.2316270513555,5.193162866499235,0.7300717635196184,0.0,2.0
-73.68430081610501,-241.99726846229106,6.08299777158782,0.7175314681842665,0.0,2.0
-345.5210034716699,-81.21946124086801,5.787132406960432,0.7834437441733886,0.1439378289620767,0.0
228.15467141045198,422.5277424815902,5.05391844198225,0.7444990366100545,0.059510372592503885,0.0
473.88472800994555,184.72846500827742,5.518817802051056,0.9326354724209831,0.560207077397575,0.0
-86.36548495134987,464.54441862436886,7.729779848055367,0.8308136857644551,0.0,2.0
422.1987565104724,62.38544856730404,6.07593594412682,0.7708624485072152,0.0,2.0
-362.7881074918718,-127.02397445343756,7.2501851276108775,0.7378475669932821,0.0,2.0
-304.2158308749234,-154.00775757792678,5.4323607561232015,0.7631780717507969,0.0,2.0
-211.75687524813256,-337.43232329409267,6.725788881529492,0.7297196106056272,0.0,2.0
264.51973676486256,-226.32082204553473,5.672080450557405,0.7601997252974616,0.0,2.0
-481.00538627114526,115.78299899923499,6.97185561699924,0.8020886566646279,0.029084457653342465,0.0
-366.4255461086669,168.2503393709459,7.615015965592228,0.7909813792836423,0.0,2.0
375.81186319063903,-75.60249273487034,6.683689386381289,0.7617891351385984,0.0,2.0
-363.17454258779884,139.75066596701419,7.029032435202031,0.8002392751086088,0.0,2.0
113.73403120947873,-401.7614980724948,5.474199822608621,0.740192644365222,0.0,2.0
378.8085076194027,-26.639252836168627,6.749357236740194,0.743333204888482,0.0,2.0
47.311114730027164,-334.0647846024728,6.242027121856008,0.7255072811811589,0.0,2.0
-109.55448258665949,-246.71788437202142,5.50711409850994,0.7249648384685079,0.0,2.0
423.80847437667643,-263.47157063243844,5.224706474859212,0.9021048971838056,0.29861632168678054,0.0
206.93304096702823,-275.60669029162574,6.0741137345483045,0.7485216423029443,0.0,2.0
-6.091173096280116,374.56362747906957,6.149174251734925,0.7406726100177735,0.0,2.0
23.33338439637983,401.7330997598492,7.300472384876744,0.7243326019741088,0.0,2.0
443.0202871264054,-95.14112483545864,7.040343858174488,0.8149069056306488,0.0,2.0
-225.7627554563573,-287.7855404713897,6.60290197354931,0.7339568019459187,0.0,2.0
224.9627329968263,-276.4551135263255,6.246212600457682,0.7293262076358571,0.0,2.0
217.17234468249424,-253.18470763945624,6.593666372131792,0.7055204576802037,0.0,2.0
-354.09583159222484,-133.21297295015924,6.749897799217373,0.7164446381443479,0.0,2.0
-245.7398225796225,-282.2825991204941,6.265668135789914,0.7139737591448692,0.0,2.0
-161.914212313145,-347.60053878514844,6.384509881300087,0.6948163957545721,0.0,2.0
-39.46144129556018,330.96071482574854,4.247992651742549,0.5926336940129605,0.0,2.0
276.299181914787,-364.91983810976814,5.8413870173093665,0.7902193899339842,0.009406773765507252,0.0
271.0661170605714,293.8651523727389,5.752130498117602,0.7517860993391169,0.0,2.0
-474.0289870837582,-171.53814474762413,6.845235661003238,0.8629714487790054,0.13940926439282306,0.0
225.4916794696083,-385.6749212682558,7.252969276114071,0.7991981355630341,0.0,2.0
-473.1136207217961,70.37143321182904,8.257993271969234,0.8504187486264688,0.010601658115541403,0.0
-398.57693388279307,-285.68047302769213,5.661487043177736,0.7944466144155594,0.01595473242988349,0.0
-203.33838078474903,321.4788981661399,6.620542539894192,0.7247316301587307,0.0,2.0
428.8175891950113,5.299155372047814,6.884633462204178,0.74734950433482,0.0,2.0
-476.8721403544386,144.15738957202248,5.875913487694642,0.8366390606744317,0.19360960885802625,0.0
-52.36184323371962,-496.11940789585526,5.947611836163803,0.7805500148381865,0.10975918334375799,0.0
260.9023742065662,-358.5877565293928,5.951062600328191,0.7818818710017952,0.0037976205920572225,0.0
58.1364579295055,-515.0844413632409,4.89070620328724,0.8821270991397406,0.45037689474216713,0.0
418.0541711896017,-167.0907162320098,6.587081041178707,0.7660766828097921,0.0,2.0
-33.94040002761498,-412.0515987020446,4.173968637921739,0.5869733870521766,0.0,2.0
45.78782234435243,-279.68113877079037,4.49644350136246,0.6281478155749919,0.0,2.0
2.6921671536068397,370.5842855287377,5.994467343382182,0.738168883402633,0.0,2.0
-30.534393128872555,405.8664073240354,5.959876472214051,0.7115881700614122,0.0,2.0
369.7364264880076,-154.4551461348092,6.524608079099775,0.7927706261853863,0.0,2.0
-290.17522276854055,128.0603239866855,6.262227488831951,0.740900703052557,0.0,2.0
-94.22443750042453,251.47137979834565,5.068461638713795,0.7282062293737599,0.0,2.0
-339.98545650430395,237.95326962416522,6.703856912682147,0.7638545022890699,0.0,2.0
-365.3747687804296,-166.33339514525528,7.40586570262081,0.7470684169893962,0.0,2.0
-213.83841900905404,-300.619945358898,6.599624646522178,0.7479698607881047,0.0,2.0
303.874656056945,-161.74467806629627,5.981977275665967,0.704349123299044,0.0,2.0
-169.1473002727887,485.84173569898735,6.817818780171317,0.8494953909588049,0.20081474971785238,0.0
-258.75910666842873,261.0735076701279,5.230454418664582,0.7442763556755253,0.0,2.0
-420.3605196491042,270.76552668743557,6.540468090929882,0.9023776643970775,0.22528056127866739,0.0
202.8720727071435,216.43334304698598,5.31654486580163,0.7666210693318707,0.0,2.0
36.81853084046923,242.78665305761947,4.847896935092398,0.545412379996737,0.0,2.0
179.50673938899646,303.21213107804033,6.19146441469242,0.7210427890136092,0.0,2.0
-295.2269776783073,25.782372978358367,5.858374718688725,0.7116936427163262,0.0,2.0
-347.50152937007755,-93.11384181300456,6.254103095333866,0.725077602186119,0.039961858480865725,0.0
-275.4326178481327,94.74803330036603,5.635121408329136,0.7185853354462174,0.0,2.0
-480.33620983167145,135.4986842767831,5.501318859589554,0.7659235115584326,0.11281461838438755,0.0
-356.9103986077753,-96.52758145124693,5.883133055997819,0.7209721927621471,0.0,2.0
260.70781383393904,-246.13278974484112,6.669768398284536,0.7454547143242691,0.0,2.0
260.0103295867747,281.56389751049636,4.098038676742222,0.6721422734659046,0.0,2.0
-87.13414256887448,418.8444665934053,6.282653486351417,0.7436774832673833,0.0,2.0
156.98623934848078,27.75499780637988,5.446141019373183,0.7227054496208019,0.0,2.0
168.1893987362737,379.8860896988653,5.560870256277561,0.7655511193169393,0.0,2.0
265.22700655380373,308.4620203436806,5.294562359769057,0.7436327910955393,0.0,2.0
276.5155390479979,357.9907700400264,5.750079127975103,0.753122165731288,0.0,2.0
-308.76382172393426,282.7914396529496,7.211976498772895,0.8165543343766489,0.0,2.0
174.5552425011624,356.2954365312907,6.32951477478405,0.6546374536680136,0.0,2.0
424.9465768955168,277.0275597564842,7.205656873990331,0.8131372987160312,0.04638640171123554,0.0
-265.57788692657465,278.79333148191154,5.816152954027633,0.7677506642569868,0.0,2.0
-369.6609397347974,392.17302163520515,7.562300984849472,0.9841994034284882,0.7908482124359034,0.0
256.2448973290878,464.7433838150203,5.101792093793064,0.9069909850885404,0.41708934111171253,0.0
273.987640502127,-320.3777434264841,7.9994944052405,0.8033078112916726,0.0,2.0
36.80761160426366,-425.2381982967938,7.3045381286889945,0.803914843193496,0.0,2.0
-190.15847275546236,351.37447976443906,7.427807894118865,0.8205754623670432,0.044443468722511974,0.0
-392.84093638737795,186.04082736517324,6.516914829130685,0.7559006164547577,0.0,2.0
-372.21128887606574,185.3559482319176,6.545545302148757,0.7392756522796853,0.0,2.0
89.73331681358329,-386.64179058070073,7.007902259032406,0.7966779198335483,0.0,2.0
-278.31390435764854,306.73109030155473,6.813866675595467,0.7961647295016925,0.0,2.0
-363.1983184607312,-233.79404785286184,5.691476552123754,0.7324561002833011,0.0,2.0
71.27424767525919,350.62774137888186,6.217557571479442,0.6898284124837978,0.0027724804645136397,0.0
270.52189040105065,42.518491844802185,5.504703377399885,0.7040347367842451,0.0,2.0
-474.347563210075,-98.3854609278748,8.29964730936239,0.8537476574764565,0.047315162465429154,0.0
-383.5702065335285,-144.8483361166274,5.942684652115048,0.7473766635261764,0.0,2.0
-182.34394134982773,284.9649158571189,5.215205668990935,0.6208079608828965,0.0,2.0
358.9320844887693,-79.36575302779289,6.200477627273628,0.7368189230460588,0.0,2.0
338.5385661521174,-181.6947498727023,6.49368544730331,0.8097937529051592,0.0,2.0
-244.91926758165633,-205.22932987000112,6.441072263679434,0.8326612045722519,0.0030860608963448393,0.0
340.56921802414206,-160.75855298117588,6.791090688796456,0.7354080795310722,0.0,2.0
84.30943385862881,-353.48852770200955,6.0109491412489495,0.7236717563160272,0.0,2.0
-216.07459917878202,484.17382048806894,6.966298302368621,0.9310234792368515,0.41201086935640835,0.0
268.8059161849684,-241.60215341859848,5.389766093673572,0.6418527332091787,0.0,2.0
-18.909813239020163,265.1663059832975,4.893175710538426,0.6137892372733955,0.0,2.0
-312.3448144177467,-56.346771464312305,7.094030105817888,0.7028345469723194,0.0,2.0
-316.56840991732224,-234.53372222376498,4.662059818923397,0.6294649319000555,0.0,2.0
-285.32879174222757,120.07949777093037,5.298721832249815,0.7249036424453853,0.0,2.0
-268.4743156468734,464.4256967551841,6.433483009173758,0.9479091257301729,0.5970468665048838,0.0
182.95235442391038,-386.0084208651778,6.453079749413671,0.7267621757923164,0.0,2.0
364.556134118625,359.29622324967573,5.998584185530895,0.7902767871401025,0.11798680110827962,0.0
-382.58768938497917,-135.1516588538587,6.275981877126102,0.7530586740108909,0.0,2.0
416.4645955511738,-50.300821242324155,6.183628004555607,0.7421938339588856,0.0,2.0
290.5428287927917,256.2163488149477,7.044820863776976,0.7574930790073724,0.0,2.0
-311.9563816474894,-317.91719992441625,5.142989398481338,0.6867128444273533,0.010645703962082156,0.0
289.10567817351966,413.0317919759972,5.36078393636189,0.7883809398797319,0.24685557871610075,0.0
-240.457138330644,255.9116979847395,5.941869951682402,0.7619668094175782,0.0,2.0
-41.55486927029399,348.97277400880245,6.533465318653848,0.8035282787073653,0.0,2.0
91.6392129104338,-312.63761138422774,4.895795012078566,0.7411931022560024,0.0,2.0
206.2357737922883,207.94441093140964,5.786832725385283,0.7270578270877903,0.0,2.0
460.6263664469643,-205.48114383928197,5.761448709117748,0.8341483094214988,0.2509364687563022,0.0
-361.62508507862555,6.152050297843457,5.62299377066577,0.7400517780240364,0.0,2.0
-272.8213735789098,350.031287894672,6.376991186384075,0.812956775816279,0.0,2.0
-185.98408151131025,222.13222707466986,5.234494330844953,0.7537265868739634,0.0,2.0
-153.5938453520509,-341.20439454753586,6.9762349478409,0.7770988796495656,0.0,2.0
374.4753614753298,-86.80181269729938,6.827969997433469,0.8189579560522912,0.0,2.0
-279.9117051109144,-357.8807275369787,6.814798206361501,0.8178581048366548,0.0,2.0
248.33202152931148,364.0947005831838,5.294312820316088,0.6215155171099954,0.0,2.0
-330.24571762210337,168.89328074179247,6.238788619831413,0.7528145258513366,0.0,2.0
-281.6588340228506,-206.46427943008715,6.298685966191203,0.8071648748143002,0.0,2.0
266.7113377180301,184.04418118869074,5.2046352484521705,0.6480391205088295,0.0,2.0
99.29071356828688,392.61896216575883,5.8590328657164354,0.7419227378327149,0.0,2.0
134.51610426584483,-370.90867511095547,7.1469510043648015,0.8041771218264612,0.0,2.0
262.94271809781947,-235.2137958942507,5.221906707598686,0.7429066608443033,0.0,2.0
-238.95255279220166,310.0392563172773,5.641107826975098,0.6566806720423317,0.0,2.0
330.7525855127345,78.75519103675802,4.844596840648474,0.6438472965345813,0.0,2.0
202.3302680410338,324.35109820599934,7.121935509137542,0.7021215254655904,0.0,2.0
-423.6017734554384,-21.184192623445576,5.980190297281447,0.7224109676909678,0.0,2.0
-410.31065227644393,-128.93769560162588,5.890908910805474,0.7507264395585298,0.0,2.0
-303.98102831650004,173.49349264962825,6.827398577372863,0.7497419047801699,0.0,2.0
-13.514546989028977,459.5050410157951,6.587117280956557,0.7428716061550894,0.0,2.0
-299.34586842085685,-340.57245743005427,5.852078982651558,0.7591055803453561,0.0,2.0
-386.20502111056544,-107.28289037503293,6.840114549008838,0.7285185527556804,0.0,2.0
-306.6150032514265,332.7192528141951,5.003231047529128,0.7493351550986613,0.08028911325313619,0.0
-435.68044516225393,256.7636171278301,8.179244828406672,0.856845343384545,0.03698205954731944,0.0
-193.69784951820012,224.82239351923607,4.405620084477266,0.6628249035595727,0.0,2.0
23.764682973656992,-394.7719000932202,7.593007074623672,0.8277800320851614,0.0,2.0
390.24303372619005,33.60938240810373,5.248704973935532,0.7042604229012528,0.0,2.0
-377.2023919468525,51.82993994888681,6.382485488863813,0.7248828840059333,0.0,2.0
274.4831148082766,188.31453378745513,4.6193605202774,0.77818314387803,0.105917487231785,0.0
314.84622490181516,-45.67172800340935,4.805773432353428,0.7488673555308718,0.0,2.0
-99.01247538437424,-337.90906128285326,5.734787433445135,0.7235511049423745,0.0,2.0
-77.96820258785317,413.47473451302596,7.120541909187947,0.7531666881186698,0.0,2.0
279.05107004670697,-291.7970706965931,5.388555668760432,0.7688212601818182,0.0,2.0
-263.5268734566952,-169.42479151672563,5.354544348396483,0.6517427727486126,0.0,2.0
-89.37854251192915,-496.7720630275235,4.782856420458797,0.8109625110989402,0.1445662280491964,0.0
364.01648668686073,-353.9063604347507,7.26301504721025,0.9173577728093446,0.2594612956494737,0.0
-152.85646048287987,-351.9785265027914,5.83663186198367,0.7380839073030812,0.0,2.0
-10.462516745968996,396.7917291741753,7.271822810505421,0.7888396501197165,0.0,2.0
340.8277330825964,160.77682967454,6.064570284962158,0.7708251930877558,0.0,2.0
-384.9185229796918,-49.7564934837563,5.915766505312213,0.7380373932176598,0.0,2.0
-389.67371903461253,377.85502332995367,4.704138445759296,0.9774677779643666,0.7177605455558691,0.0
130.1071199013844,-450.767551742213,6.409615131915836,0.7784584799400157,0.0002300409375183277,2.0
462.0493230638763,28.59137274955774,5.913767125061386,0.7598929439126282,0.0,2.0
22.47916228819889,445.32291010020174,6.030504360213699,0.7073736677443103,0.0,2.0
-334.52446798989155,-115.37850956699255,5.629752113023049,0.7079764091204498,0.0,2.0
-202.35940419659659,-302.22282007830836,6.533278931055969,0.7570447094350757,0.0,2.0
-19.865927725745138,382.78088102670995,6.419565731841991,0.654897042709979,0.0,2.0
-337.5382308090837,333.71315823579863,7.591432868810695,0.7640452793651573,0.02587041713319915,0.0
19.011626616285113,-364.8328640757915,4.4188045844120625,0.679217218173151,0.0,2.0
-301.70557112691966,228.47400730194497,5.145545588835781,0.6502869028423345,0.0,2.0
-307.86720932180134,199.67701265233254,6.279523404328027,0.7259224924186333,0.0,2.0
-406.519247890692,-110.27507822062854,5.5070036539553175,0.7466556715975777,0.0,2.0
-308.0768282394322,-274.05088748253485,7.359398520886497,0.7448235719198841,0.0,2.0
-21.418684682339382,-522.5773448083494,7.642195412489985,0.9424588468511417,0.41278895840083574,0.0
-312.60596421002396,-151.9185344707225,5.271990856887244,0.7513044141466093,0.0,2.0
245.03356094954478,293.88806555703184,5.9423389513823235,0.7412441511490927,0.0,2.0
-161.38648781998214,314.24089403636384,5.348961936537746,0.7034303625197449,0.0,2.0
-305.52039197462796,219.97988169967863,7.081649089318691,0.8056128253932912,0.0,2.0
-321.8557007451819,-365.1610612369056,5.942495330668945,0.7729552410369042,0.09071063984199193,0.0
-261.8533820100745,-348.01783219774126,6.698256391771242,0.7307171407637894,0.0,2.0
-379.08400106285757,41.63241547650788,6.4712914330448585,0.7230808061149249,0.0,2.0
-225.24067174771605,317.48996442383554,6.302833819864215,0.7529761090155423,0.0,2.0
261.8140546446387,290.05940289027893,6.024417011050659,0.7315855195591605,0.0,2.0
-184.97151808498128,-337.75565348011077,4.292014365064921,0.6598513005242768,0.0,2.0
216.4759176131837,-352.6272618011339,7.1206093133839525,0.7592282516864847,0.0,2.0
405.9104734387324,-82.54235404378106,6.8621653205843245,0.8109795983523254,0.0,2.0
-343.20507071372424,-365.6108698950237,6.028537870014114,0.891140239695513,0.29051920490526945,0.0
-401.8567345258088,-30.70378107791887,6.849711015133517,0.7427047259731318,0.0,2.0
209.21450276751065,-257.3483966844849,4.408430665353373,0.6456829722246238,0.0,2.0
178.06142757957986,347.2410031548705,6.57398508031269,0.7286703960123685,0.0,2.0
-166.28559289936314,383.78978448992495,5.641782505480456,0.7216647592721607,0.0,2.0
461.69386103860194,-36.732345896492546,6.553517380661874,0.8164283720538359,0.04820976902007209,0.0
-208.7953981104453,-228.40954905693752,6.101579995352709,0.6924246557865237,0.0,2.0
368.59347522725466,44.89891741688768,5.265550146503218,0.7429587520947945,0.0,2.0
-73.0891117667946,-365.4888714024741,5.914197767717515,0.7640274917564034,0.0,2.0
-468.07986295382034,-54.06281608398091,5.909965810542158,0.7806579384549593,0.0,2.0
32.8177916185344,-358.6568523232595,6.26821769029018,0.7433265654755898,0.0,2.0
-179.97259113971688,270.0540381572775,5.995154730695063,0.7246207023521581,0.0,2.0
465.9773210169327,-148.30639919439994,6.570284414823314,0.8654103940968668,0.13143178932546762,0.0
394.1334398881485,-109.28965457134073,6.415186083466048,0.7595811753921867,0.0,2.0
-345.43461154948136,174.85647547436076,5.903409373267667,0.7402071399527211,0.0,2.0
188.4677463131703,288.22108229073865,6.5546967078558485,0.7270501182352226,0.0,2.0
-380.18401815219687,-2.5289696751699493,6.026953931481512,0.6989665191967999,0.0,2.0
324.19152776215986,252.68709330772631,7.312925394066315,0.8152929020304663,0.0,2.0
-20.990620909777853,-392.27222207018207,5.743154144564136,0.7164200699802055,0.0,2.0
-52.19844257917032,345.85622014720786,6.478772399770963,0.7067922133705627,0.0,2.0
283.80214912343166,-274.7560302948532,5.848711854995525,0.7740977994428568,0.0,2.0
-35.599903556561564,338.2939099289828,5.796857077059487,0.6849435953642893,0.0,2.0
349.286697806848,189.52296970295947,7.298276371914471,0.7278526002103414,0.0,2.0
-241.67372763446193,342.3138527943782,6.520909593800888,0.7378767969976596,0.0,2.0
310.5114562660425,103.45255616544428,5.822564769171932,0.7431066290078366,0.0,2.0
355.8508191256102,324.90603340958234,7.0206728414912,0.8456486106831627,0.11413026643388237,0.0
185.69658331306076,427.71954394193415,5.325060426812643,0.6980592837440602,0.015509637664768771,0.0
-312.886818426357,-251.74044680786855,4.8980081934391055,0.6348827398080649,0.0,2.0
355.90484245971555,94.12554907333781,6.281490604385637,0.7378776144443021,0.0,2.0
285.00636683349586,365.4891418993603,6.905690164099981,0.7856069115813503,0.0,2.0
436.39042305107245,-277.9424785464481,6.131848903959739,0.9327200613675192,0.3795285533256346,0.0
465.46402229350576,118.5975955481086,8.079495432850546,0.850321306246113,0.05422157861765822,0.0
272.2835474943133,-308.84214727227425,6.091923318137619,0.744727864650093,0.0,2.0
-226.0202371836614,222.96152411825165,5.079909891750622,0.7469953047011636,0.0,2.0
-445.64015949659193,-112.8843457044841,7.129632816346478,0.8367522032985784,0.07098989782969299,0.0
349.7128539464565,-381.0116799188801,5.978424374829388,0.8787271397095741,0.23288534117367352,0.0
414.75463773199516,156.09081406034628,6.892430672659014,0.7825789264333147,0.0,2.0
-170.20297792306368,312.5984476261208,5.035471342896349,0.7048144620605413,0.0,2.0
319.95585809308955,129.03876727774585,4.769089281071758,0.6511492137638004,0.0,2.0
206.66471240251164,348.7782180452186,5.841262434266874,0.7319685184875205,0.0,2.0
-398.30785667762376,326.611123552638,5.96196040581328,0.8609334274442324,0.2233043248382114,0.0
338.31771603706574,124.87671817368216,5.424295811626605,0.7278118641003519,0.0,2.0
242.7172988437832,-253.56832576555178,5.736007551655445,0.7108551972977755,0.0,2.0
312.62212279376274,206.68318297921965,6.2271943608930185,0.8009980339187611,0.0,2.0
-149.43251439560166,371.38099367932153,5.413898160223486,0.6414192790002963,0.0,2.0
-24.786019050557808,362.2199829000938,6.745714260207156,0.7087873606018311,0.0,2.0
-21.6526162941398,93.54187410475672,4.623298541725477,0.6607311098455616,0.0,2.0
6.1874407650950465,-389.7682459976915,6.630400733065654,0.8222584052069538,0.0,2.0
181.7662127316044,-437.99941110601725,6.206183108967805,0.7372381250336397,0.04605699647504856,0.0
-302.50528226873786,-239.8119826425299,4.714487333757718,0.6586361802266855,0.0,2.0
508.872182102494,-110.2668214696992,5.684066429805779,0.8883068069715221,0.3150548916827029,0.0
241.9951242669522,-270.9534588872073,6.3918098253887035,0.7279989268428719,0.0,2.0
16.412108755441732,393.62697076756734,5.572879168611856,0.6839597475461148,0.0,2.0
-462.17093440510115,-266.0971591295972,6.715238437102145,0.9805501273043135,0.7772846832482648,0.0
-96.67294850877798,413.30642557600925,7.510630869621748,0.8036512246025228,0.0,2.0
175.4167171799932,-317.43551840647945,5.844079255905508,0.7583606066315479,0.0,2.0
-228.75397028035997,-445.82129473255117,6.1466093150979955,0.8191030138772525,0.05398804005949677,0.0
-42.61503509659828,-243.0035833600111,5.8197330449537565,0.7198063106745326,0.0,2.0
-413.2085900239444,-225.82361186525802,6.976558975937359,0.8422875457863592,0.09739844716722641,0.0
-29.693647502274295,-370.0491297694794,6.77804288011917,0.806385174511173,0.0,2.0
-99.01687164661158,338.1956881860114,6.397009882974474,0.7182031321300227,0.0,2.0
-467.3760283015578,-163.37207673807478,5.761500433850569,0.8081604578684635,0.1333059788866639,0.0
-475.5667836125305,-10.648289380533054,6.174966763572467,0.8448885978225564,0.1302797082001924,0.0
461.30266918771355,-185.68026479895005,5.582559670942163,0.8350199149300602,0.18256840715937378,0.0
441.11285466743175,-287.7005002848518,5.8567847847794985,0.9632353587654701,0.643982152111138,0.0
448.3633147333046,70.4347512072291,6.152858798302983,0.7411942931138783,0.0,2.0
333.66121744851887,-250.74758036309038,5.90461828307486,0.7547173503235962,0.0,2.0
112.97240093147472,433.0876214639663,5.345962186042151,0.6524129305492578,0.0,2.0
98.3155532041128,-392.27470176544375,5.2815970573079,0.7771870563067783,0.0,2.0
-513.9221709468064,-55.70177015167011,6.433983943992415,0.8603834021986991,0.2406034413898843,0.0
-190.46155924620817,393.6744168479748,6.968194562351427,0.7842971052894371,0.007710235660394241,0.0
-351.1333659136365,154.15691970001168,6.393610933204891,0.738623017999716,0.0,2.0
278.66654783257775,255.73695543435113,6.859342176446763,0.7301933089086565,0.0,2.0
-455.46960506607695,11.955292388797385,6.514082335498577,0.7319559547479332,0.0,2.0
342.5298458233789,-308.7123640253783,6.313220891935645,0.764900059696066,0.0,2.0
340.79823280172866,182.03030872341756,6.03641021973143,0.7394942260300096,0.0,2.0
102.51542608712437,-457.4036674967481,6.8590514346124065,0.8033752889017223,0.029369661902590726,0.0
246.72883550006966,270.254304160621,6.3548948916191605,0.7809334032291215,0.0,2.0
-212.57722510156643,-364.5468897132174,5.538198832962939,0.7887304056362664,0.11629045829067518,0.0
-418.23599745427384,105.77511326700294,6.699727833226903,0.7196787614733865,0.0,2.0
-333.72774080411676,-310.54254989127406,6.535477738969762,0.768655607864561,0.011059323254116585,0.0
-362.5346893639087,119.58248344352899,5.906989055542988,0.7651953496653824,0.0,2.0
-325.6687195472931,-129.8809933460911,6.503922387257265,0.7884770626712615,0.009334769494865537,0.0
16.859360746034916,-404.23899366911684,6.436516522449371,0.7169639009159896,0.0,2.0
-494.9852702590083,-183.55139406970122,5.913589532078161,0.957400406085744,0.5537897444543769,0.0
361.0482623189468,112.66877312205334,6.139396934275308,0.7381709108346006,0.0,2.0
437.3629477392138,85.98684174491272,6.328988863610009,0.7434454153960236,0.0,2.0
324.47786465752085,170.9732725197777,6.923707189587429,0.7412222736093186,0.0,2.0
232.23266155344587,125.3967846365017,5.567331372698554,0.6256380822185237,0.0,2.0
43.899610319142376,453.1387492368897,4.649491211899219,0.7017692934656815,0.012071348969942712,0.0
-266.3407764620731,-336.95993144372926,7.172223217697529,0.8321262009099503,0.0,2.0
-350.5976460995788,208.60696862431612,7.392605241817833,0.7109243941902724,0.0,2.0
263.72955833716316,-324.4131073731952,5.959936220952803,0.7232948209791322,0.0,2.0
-214.8425466099927,-477.06324662493535,4.251170255345262,0.9133710185163084,0.42906001945200095,0.0
-317.60737253683175,-216.05087411525923,5.249012724267613,0.778120377444565,0.0,2.0
-102.57522703979247,449.0939025460381,4.848621655909082,0.6919803608532392,0.0,2.0
26.40629033485277,-405.4867151386735,6.068338518701731,0.711726139814646,0.035316863557590464,0.0
83.62995845014682,505.241102503555,6.811681604165028,0.8553750885402219,0.10637730330558483,0.0
-296.1962204196424,-67.09107807010436,6.0387129781901985,0.7239681143223631,0.0,2.0
447.9299091076112,-34.29170688335566,8.57932235175681,0.8633082440556928,0.04127455373252725,0.0
-170.76634704858841,270.801513972892,5.776717684468088,0.7446186568136467,0.0,2.0
-110.0594783872388,372.1976545212961,6.098421793335097,0.804755315329203,0.0,2.0
-219.34602523369088,343.65772642366176,5.993911577508397,0.7417641142275244,0.0,2.0
-30.927382920934797,346.7220419244648,6.570566972764854,0.7495684829185478,0.0,2.0
224.44716960022956,-239.9351067276731,5.003584822830371,0.7523197618651258,0.0,2.0
-11.844014185457672,493.4795279720941,5.403281614389877,0.837964012100167,0.18342285524247262,0.0
449.7646170297515,15.674755244421661,7.147694023288212,0.7588585870201056,0.0,2.0
-39.969290436919835,279.5841889205044,4.709348256222952,0.638159546624573,0.0,2.0
-322.9214835965672,-67.70663720869001,4.708256645094836,0.5527484176058526,0.0,2.0
-362.23812067052165,-213.22425525535087,6.4766978043843135,0.7412793839671857,0.0,2.0
-453.53002418211315,-181.4208635081069,6.305965826467349,0.8750027077486145,0.1720988997460565,0.0
251.31575761490907,380.1872484655743,6.640404457511523,0.7480775539000829,0.0,2.0
-236.19889981143444,-199.15186019655545,4.862612219860531,0.7481825268695236,0.0,2.0
304.47104804811966,86.13413612636728,5.235269252460392,0.7167002628580683,0.0,2.0
-273.05767310670046,-348.25239521373214,7.495055901294563,0.7446173291466408,0.0,2.0
-377.41889318108383,84.94465037176484,6.931438474046642,0.7890977910508591,0.009939706546559249,0.0
385.06086123374763,-221.33483502091173,5.3769461677063655,0.781453967241822,0.0017489670254794531,2.0
113.29307480890552,-424.8459197776928,6.6921684308482945,0.7480334270752198,0.0,2.0
-364.57004426295913,-89.8237123859317,6.448801264684031,0.7073036165534996,0.0,2.0
313.9243002481416,-343.03633661182914,7.230489425666315,0.769569502967908,0.0,2.0
-41.1059583236688,526.3437481586143,5.730842224579226,0.9264712007564024,0.47211973331310736,0.0
398.8751947954031,125.66240343187627,5.762535810550654,0.7501971434563849,0.0,2.0
-333.2618091140757,-237.4697578975523,5.283737532848726,0.6246771694401709,0.09517374668048273,0.0
-202.06301163036022,-278.23649586703795,6.261344038973815,0.7508293707395963,0.0,2.0
60.67081240641594,365.4034810852016,4.931490192806756,0.6275176916163543,0.0,2.0
379.98017465679135,-43.88108315804067,6.623680131244658,0.7586999989331475,0.0,2.0
-315.16574907917874,393.5471187547171,7.042697609353801,0.8453505321862151,0.13735780308796489,0.0
9.709144690457443,-412.65636562771357,7.986487973677748,0.8087810162225755,0.0,2.0
-218.58483992021843,-353.0310386559284,7.1077604984495,0.7876934413583986,0.0,2.0
383.9015776024129,84.52851710915498,6.159150521935758,0.6388217813921144,0.0,2.0
-162.67138044988545,405.22034387913214,7.763840658120364,0.784361813346298,0.0,2.0
309.3326506413525,-202.62662182713416,5.102851593766127,0.6673447709691323,0.0,2.0
-342.23728627763387,-109.31933949622409,6.685389448978836,0.7405894691105132,0.0,2.0
300.13997519694266,151.5348492637055,5.35859912579653,0.7520762107745023,0.0,2.0
-512.4846059924854,-128.35517068712682,5.997004401451336,0.9406237988135443,0.4361936307945293,0.0
386.2362761134141,-147.39634140797364,6.170384232247561,0.713331194588439,0.0,2.0
346.72004279302195,81.67121418433098,6.3658958858488655,0.7614857741806819,0.0,2.0
-525.6593943710483,44.58497335212283,6.200268709696811,0.9197228246327445,0.4437902468272166,0.0
-399.3886365334743,-90.32070234393869,7.221939229280097,0.8073698090302273,0.0,2.0
-199.537735780544,-311.87290548989785,5.997846810544123,0.7442097966217209,0.0,2.0
-167.49998860930253,-329.9281126077231,6.797979095097965,0.8117761637651865,0.0,2.0
-430.79461356061313,58.43003480460584,5.203235457220388,0.6327472617841009,0.10535660196309063,0.0
120.84380613082868,351.1720519040332,6.280087167918384,0.7559543837099333,0.0,2.0
97.37981414546323,423.7005643020391,6.312734899995019,0.7590636537590367,0.0,2.0
76.50221864517518,474.88858383762175,5.892377684898242,0.7901728781510009,0.0,2.0
130.04186960501642,348.79896504909084,5.2978159983286375,0.7585708842959952,0.0,2.0
200.6909598300916,-294.6637115808215,5.717927028133684,0.7722661533926773,0.0,2.0
377.9000261256081,-264.7524650140504,8.19281573513383,0.807983762077918,0.0,2.0
-195.1755443600737,-293.57984451945924,6.343518525663446,0.8331345064269641,0.0,2.0
171.50423455779915,-326.6530714223506,5.305893270201654,0.7302631544517151,0.0,2.0
145.95449987116797,355.09005640286006,5.69673695887321,0.7228716338630515,0.0,2.0
-374.47042774431577,241.9039518302759,6.008151293792171,0.7166911887986721,0.0,2.0
-362.5186297745903,-223.78627762117603,6.757812675288149,0.7486195685580195,0.0,2.0
238.8541951926864,301.22857695955184,5.923633637813453,0.7161268451141127,0.0,2.0
-187.40626422226705,-365.5654239773998,7.628717887916878,0.8070918701938878,0.0,2.0
-85.41694744475987,-450.06386881429364,7.3572804221077055,0.8074511148864807,0.0,2.0
87.92303134293957,-445.71585232570715,6.4180336899026145,0.7827836478457152,0.006835456072954291,0.0
-68.17053290932607,419.0406850039883,7.273276134201631,0.8002264690080328,0.0,2.0
-140.74244360612718,-279.1758920100179,5.756506227503365,0.7204033306374525,0.0,2.0
390.03959747247836,-260.7915400622286,7.225336036039524,0.814829484486904,0.09985812579021078,0.0
337.5748141222641,-416.2768707673386,5.26348318154241,0.9791786004898604,0.8564036896557452,0.0
418.7191481689653,76.9880724457734,5.415146313446318,0.7127930025789063,0.02284255281792886,0.0
0.4424700918203759,432.5240235603231,5.355409378512409,0.7573094064978247,0.0,2.0
-229.57361344564836,443.43439196930035,6.052558094107034,0.833224411720254,0.07320629618960438,0.0
56.24838265778798,-372.4566623143223,5.2163406161525145,0.7547365207170507,0.0,2.0
270.7833809244174,-405.45032943720963,6.228625466627145,0.7709121663295384,0.12005205078328306,0.0
-95.61430753586889,-445.9868465270915,6.660844076133645,0.7502156778086877,0.0,2.0
317.4737594668305,-60.66369788642801,5.426696683422557,0.7515407943788106,0.00043268407394679933,2.0
-170.48594526945644,-308.6356282974243,6.371780427302573,0.8326945218815379,0.0,2.0
296.6053302968507,-327.30174412275085,6.638540529951852,0.7773611833742538,0.0,2.0
-331.5756902609635,212.2441367883742,6.52050437054408,0.7972398787508873,0.0,2.0
-429.40641374936996,233.82091790009554,5.514167648817145,0.830649610898269,0.18939942114382569,0.0
-305.05191942156836,209.2451713453739,6.900225024522198,0.7320593829681707,0.0,2.0
384.02272574476467,-166.4832822013918,7.684778445928538,0.8070235818697779,0.0,2.0
-230.97263355636744,-366.502392481447,6.407087182239372,0.8200296608350715,0.0,2.0
121.67113456708924,377.6994511299765,6.9423495030395435,0.7353437402756999,0.0,2.0
-429.04735077716833,67.25697758669844,6.165911298910618,0.8213062958789847,0.05558071908666164,0.0
306.5444115049413,-220.30083483714063,6.513836714829379,0.7417347368572992,0.0,2.0
-309.84006377670653,165.37114758414057,5.947367117779912,0.7416021714008778,0.0,2.0
-244.20203122126463,-28.379279974431604,5.145563642252197,0.6388413396435809,0.0,2.0
-302.68998904594304,-162.86680455977663,5.891576416956625,0.7479582352625848,0.0,2.0
-346.4265094512261,-268.45871154175376,5.827382760123887,0.729858025957085,0.0,2.0
332.90413115767154,176.44251289916764,5.667975476396144,0.7525446665794036,0.0,2.0
150.37718178177786,282.7078084246883,5.215346186402188,0.6132106838592961,0.0,2.0
280.6789661717073,-151.56371724429266,6.127660025726952,0.7248620041796947,0.004477949674981478,0.0
315.5347379312202,245.25055325950444,6.003372649770417,0.7561606717434692,0.0,2.0
-161.09542323806843,-305.00567953429504,5.202325319902026,0.6674710142497038,0.0,2.0
-387.26212334360065,168.60002745946832,6.837453701821557,0.7510699803994851,0.0,2.0
467.32435263819156,71.2642644840757,6.366452828483111,0.7567064248787071,0.0,2.0
-225.61950890511469,-219.30928682422964,4.200190031901305,0.6277321537795886,0.0,2.0
-417.26054198222056,260.49768081379415,5.438900083456185,0.8021129166626081,0.16015784294792196,0.0
-470.1108873779143,-226.96764816998038,7.365663697331357,0.9368369245415965,0.33417329999857004,0.0
340.33646511612176,359.6236337583972,5.707254826659654,0.8640168298266535,0.26773060286710343,0.0
-328.81564370080866,-162.25731875398634,5.481508810084016,0.7808948327434051,0.0,2.0
-358.5045338410922,-106.61853752901486,6.1360949798168996,0.7327116079779201,0.0,2.0
166.29661891648112,-417.8354160729049,6.864413647557756,0.7627762936664442,0.0,2.0
-491.80582344777025,-3.2235088336611466,5.69427686579808,0.832715300153834,0.11616649437085197,0.0
104.54961022885881,347.77615290693865,6.998123019150577,0.7501777363996119,0.0,2.0
348.0503810214163,154.40758570614153,5.660736318023923,0.7530850969643266,0.0,2.0
266.2930854340614,315.9975451495359,4.168603419298772,0.6544687648634506,0.0,2.0
152.7569130335609,-305.2661783713772,5.930477557963391,0.7340830382168781,0.0,2.0
-86.41534823531443,-420.2995079671681,6.512965141443817,0.7476999810946723,0.0,2.0
-74.22515081617705,315.2780468805813,5.741664982478596,0.7140498221201873,0.0,2.0
-418.69001548499875,-169.803966414949,7.64574399972523,0.7463142199571524,0.044936650782529224,0.0
-461.3125379334209,105.41190137163241,6.381863676865866,0.8163890687985031,0.16179177520060659,0.0
-441.6275293037132,267.6199529305918,6.295658621800796,0.8463524596168653,0.09871736120135179,0.0
-381.8223162742001,-346.1507260553369,6.694409086585924,0.8883797621027497,0.2750128357462006,0.0
-343.3942478807976,-119.45821830787054,6.392758089970733,0.7241926363062791,0.0,2.0
-335.9729848832411,-79.77839302267212,6.153934826789017,0.7290147003531817,0.03740099372313353,0.0
-376.93486743603773,-181.708012532657,6.300747146125688,0.7287172305191019,0.0,2.0
-400.6864829804095,130.38912677834946,7.408762708206471,0.7472939243106425,0.0,2.0
-439.8877899729993,-35.090196712872014,6.580169885189636,0.7756601914131339,0.0,2.0
-171.3657658685668,-450.7629551198948,5.33616799593738,0.9070869470481373,0.18867547265974857,0.0
-71.22347654449263,-340.22867113059436,5.52427425325307,0.6174492110932739,0.0,2.0
-347.3247041248387,196.4727600005792,6.458614808285333,0.7340076991208534,0.0,2.0
-343.9428942674301,-193.47530212899613,5.654952778295602,0.7412925512189543,0.0,2.0
-290.7724650545543,-143.1920620982072,4.613367166333895,0.6505552620993512,0.0,2.0
-308.75712081347336,-220.8802455965257,6.519630505700265,0.8160036716615828,0.0,2.0
-181.77068867786028,292.8843481578461,5.58322959570573,0.7417610468836023,0.0,2.0
-378.6845601468907,-114.09176832672509,6.1507187275549,0.6906982426629722,0.0,2.0
326.5896271686514,387.2012676058634,5.421792979762916,0.9219832981895675,0.4297643068271343,0.0
-361.0146806373815,99.25177635734629,6.59799013896445,0.8170284853672013,0.0,2.0
310.50640030375763,81.41497747940589,4.324220683339028,0.6474299021279526,0.0,2.0
386.14831952954086,-60.38744982591742,7.139001314673484,0.7495083316446821,0.0,2.0
459.6016716891238,-127.1224553305318,7.32958701402097,0.7943536715719471,0.005230892275116159,0.0
-392.23265576737424,-270.34421273343975,6.215307772038314,0.7475810576981249,0.0074983176355131135,0.0
375.889121773815,-64.96546997239139,6.346246648684223,0.7637237139433241,0.0,2.0
412.0745423156975,-175.29085185247675,5.812587707955548,0.7313294810769484,0.041133368806307476,0.0
492.76157975288004,116.40514978053604,8.257994840851417,0.9106774744316719,0.2386633828129537,0.0
374.06449241639723,-313.4340924363522,4.968359370174157,0.868762627007552,0.35578021543441785,0.0
344.47684639625504,-71.77198238717955,4.483023435695867,0.6202134156586528,0.0,2.0
-320.19010618933805,267.59455698851696,6.35499239389785,0.7367712680660127,0.0,2.0
271.2144259314352,406.8286788396977,6.372592806127845,0.7905866952841909,0.12904887651589714,0.0
431.3776920739237,-201.43149509535016,6.680001564133124,0.7842444839969007,0.0,2.0
405.3205746896152,203.42388515045974,6.393421448010054,0.8037558695497015,0.022182631058593694,0.0
-410.15098218946105,39.538377353989816,7.656336753549865,0.7904247858201203,0.0,2.0
325.61420186230276,-114.47062672371277,6.216684307572,0.7658558066538365,0.0,2.0
72.16880984151672,-288.07430503791767,4.2758026799701865,0.595214010205143,0.0,2.0
-76.29857618874333,459.82875524878403,5.789501179957878,0.7045650371811396,0.01987111960509213,0.0
368.0952471314342,184.26855685510037,5.132024110192914,0.7160513857467676,0.020572331271609474,0.0
-354.3740941909454,28.67097968161586,6.044238189230916,0.687412171469997,0.0,2.0
512.9984158369305,43.65432311956674,5.884487584931082,0.8939669840051203,0.2962561350427312,0.0
-105.84092462252023,-402.74203538849855,6.1175527175070235,0.7058381026964416,0.0,2.0
183.88335130607825,-289.4124681832158,5.8388773304929895,0.7671761814829784,0.0,2.0
-104.81867980752935,-487.86450523180747,7.308503487408732,0.8730888666195068,0.13982023701585247,0.0
-323.04773354232753,257.4686412376786,7.243416863849104,0.8066520603003529,0.0,2.0
392.1451208764479,186.95212896686036,7.068169157273788,0.7937674334589089,0.004741567107547187,0.0
214.30836842789475,298.8166052415341,6.256842092570695,0.7185462327061487,0.0,2.0
191.03211429749604,-398.5244301911885,4.703772280473217,0.6738593652048203,0.0,2.0
201.83350066780312,-449.2644691319836,7.314828475694556,0.8304356659717882,0.05729643701244166,0.0
-381.88737306043555,-83.06491466179499,6.139829814477057,0.7609380588603643,0.0,2.0
245.0812650419633,-115.89587488073353,5.990066736954453,0.7216851134552877,0.0,2.0
-1.690998175693253,-397.52823342155966,6.590829245343589,0.7790577537049755,0.0,2.0
-276.79080348216564,-435.1382652879076,6.787602426234693,0.8769387688086542,0.15286405788025134,0.0
285.46191412110807,437.76032327932126,5.510626854482115,0.860881682665483,0.2951646051327027,0.0
-168.548052653241,-411.4725785990734,6.677187808611135,0.7358018273927007,0.0,2.0
-325.47969534547036,176.89166857794535,5.6932118333486486,0.7355411285842004,0.0,2.0
317.6584364417313,82.24989051379268,4.94455467877041,0.7756150999552741,0.0010050163973262616,2.0
328.80800990411626,-105.13371318239027,5.652095555073044,0.7564047493915076,0.0,2.0
-249.48744213090066,-457.2741724071722,6.612169928111586,0.9156044041759476,0.42592476030191434,0.0
171.42394608992063,-300.80874789514615,5.756613846283484,0.7659824560143805,0.0,2.0
181.87929624296652,-326.13501350975287,7.643332544083188,0.7956723185227188,0.0,2.0
-51.172877602429395,435.7254880806541,8.16596609240443,0.8078596897354605,0.0,2.0
-345.1841224436035,279.8077313879708,3.971759723034364,0.6655226983405722,0.0,2.0
-326.3712506388849,-222.20515702006242,6.745288893635676,0.7501529776700244,0.0,2.0
387.3624904511324,-280.10451819514793,5.176902426792231,0.7353611070556801,0.18180031869985944,0.0
-293.98373159886364,-81.05393724914131,4.914745355593133,0.6458444742624422,0.0,2.0
348.4619422682676,100.99077681820108,5.684384849787048,0.7414665041439086,0.0,2.0
-176.0762675848349,-300.1104823766686,5.749178786489311,0.6481034663083013,0.0,2.0
-67.95072738513034,-208.73766339629375,3.7154633393777865,0.5762116992067786,0.0,2.0
149.5022268795936,40.36256904194126,4.8745607358068925,0.6115617076010649,0.0,2.0
-136.98827268158334,-362.622776397711,5.007372845848416,0.7568198635943048,0.0,2.0
124.44017250526991,367.67677560893475,5.594977682925406,0.734797206218569,0.0,2.0
369.29183646528685,-26.16029751557006,5.125943327971219,0.6103379279151658,0.0,2.0
-297.57615006463044,83.46466402494238,5.583558652452308,0.6433198234159423,0.0,2.0
-319.64961325473575,108.52890774158755,5.230349890403818,0.7501181698631105,0.0,2.0
190.88169573563795,-296.6164874202177,5.425801692580938,0.7620055676020004,0.0,2.0
-340.6328827422407,204.29169799164887,6.986867743157802,0.720510138944886,0.0,2.0
7.008282821532915,-401.5436054844159,5.729057470744364,0.7298172100745881,0.0,2.0
314.75282985525075,223.53633095816497,6.718683608662676,0.8041031509372262,0.0,2.0
-402.56271878523654,-229.2409774587675,6.625331734468931,0.7852661994497472,0.0,2.0
-371.6940915009633,-82.6874604763903,6.2564263993420965,0.7279772437847216,0.0,2.0
-67.86176662828348,359.0261035566333,6.80634986830473,0.759647835021775,0.0,2.0
179.4870512402569,-346.3455513309354,6.200432690127127,0.7333760899607672,0.0,2.0
219.13577663340195,381.00195391413405,5.51073688498813,0.7083655207574735,0.016830879162790125,0.0
292.9675719044045,-238.9048494892089,5.148044381691151,0.6962882140737803,0.016243771393356116,0.0
-262.2314345152265,-269.6205324162776,6.892220585723597,0.7953313574048307,0.0,2.0
266.4455905603997,-452.4771432890873,7.619669117222039,0.9548085843083994,0.5303389479213811,0.0
228.19124718075335,-458.7635231125561,5.023232823558489,0.8797801835732255,0.25002182615655383,0.0
-108.18557470792139,353.99221411286476,6.878677443614279,0.8146985894662508,0.0,2.0
176.33027392921795,441.1294971063241,4.418251921434016,0.7256815837664776,0.06938784624018203,0.0
-111.64740594030563,257.6328770349693,4.575821850240171,0.7605283244340854,0.0,2.0
-128.59044246618703,335.3773223896278,6.0552930359618635,0.7374084939696556,0.0,2.0
-403.4765123093477,57.81386303907202,6.339213390305171,0.7096978033153978,0.0,2.0
-46.21219982493887,391.71624839275796,5.590809616619871,0.7164599378331757,0.0,2.0
353.0268130662711,-23.367113323183318,6.1739997071136985,0.7506368251300934,0.0,2.0
-89.5956357753172,-482.0935024487386,5.6545722313638285,0.7832317946835301,0.09749941856963451,0.0
36.69387583904552,-436.2463159625324,5.258326182381701,0.7624218131029774,0.0,2.0
-390.17234214640877,16.370942321154136,7.1869388501493,0.7792214788096999,0.0,2.0
524.0151110276448,7.7522840127418435,6.004224945354671,0.9308887060329843,0.3740172947514058,0.0
370.414426953829,18.846014881724518,5.92323463910598,0.736786961616643,0.0,2.0
104.27300525265474,372.5711096889746,6.669017837536858,0.7451220517595333,0.0,2.0
-109.80276001005058,-287.81387117871753,4.80596617877982,0.6658006646319145,0.0,2.0
330.1338074724587,263.9626187084819,7.07424175498999,0.7489131809602717,0.0,2.0
-329.9617922133427,71.84420524598349,5.282425601372536,0.7031595892160071,0.0,2.0
-367.087792989212,-74.04649790221642,5.439500177814375,0.7308508056179349,0.026741380608340793,0.0
-190.37063213986258,288.74788060787756,5.025296644930594,0.7521559294905594,0.0,2.0
447.12385537119957,226.30541777567336,6.79726412064496,0.841798885625036,0.0803601061019003,0.0
374.60790956249195,-185.82868682009783,6.908571661646566,0.8163151701175457,0.0,2.0
-342.73021349795704,254.55619842488528,5.177268019670707,0.7832155788701815,0.0,2.0
-481.8617938590702,-1.9106152164012908,5.404785010195667,0.8387537193753078,0.08546879001124381,0.0
-349.64557543174794,-102.94409278457391,5.911808043732053,0.7290802745035977,0.0,2.0
-386.42813329569645,195.11247287505861,7.138728058634846,0.7364963245442755,0.0,2.0
-362.5816889775416,-3.0420543193769776,5.858653196412322,0.7193458941227726,0.0,2.0
307.4274639876203,-46.81229210706986,4.245251631258425,0.6108427036115222,0.0,2.0
8.6528723728211,386.95614276076276,5.78795904263862,0.7285650540900918,0.0,2.0
-297.5378345848152,-277.2889946151356,7.301725625550744,0.7299929332479644,0.0,2.0
-294.8120005429226,241.243416867493,6.041607801286056,0.7577260174642284,0.0,2.0
-350.7851654775744,-180.28365853357056,4.700043980376213,0.6616933778867973,0.0,2.0
354.32358304622807,119.30321098495727,5.562916726981674,0.7386067806973037,0.0,2.0
42.3844883379763,-397.37295192841594,6.040406657353322,0.7288852471570191,0.0,2.0
-114.61862453320323,-416.98980322032213,6.135206756099514,0.7291205496990911,0.0,2.0
-447.02165747033456,18.377463585132183,6.783140858344522,0.7594136623732821,0.0,2.0
-401.7939728246224,14.48482405149857,6.370312662342939,0.7143024767943764,0.0,2.0
287.897750484728,-247.39577879628135,6.355690701997354,0.8010493977716168,0.0,2.0
-219.22645380884688,-214.18804605363982,5.686328963572537,0.7526530197964577,0.0,2.0
-61.487623096425835,400.77887559138264,5.741167463666999,0.6974149660779243,0.0,2.0
140.75277712645612,-345.58362166553803,4.68546084749674,0.6246433827170134,0.0,2.0
54.2984312525369,-347.6479578499815,5.646177514218063,0.5933837526123978,0.0,2.0
435.8132339347558,272.32368746840655,6.675539979483687,0.9080561897750742,0.3325485343230398,0.0
235.8305597015311,-322.49847998370757,7.223982706740567,0.7820186586278669,0.0,2.0
-195.47257060967695,314.5506886436404,5.2934949112973495,0.7346240082944048,0.0,2.0
-98.87710842272453,-374.18322915550704,6.400011100257475,0.7384583975492656,0.0,2.0
-18.398157708973674,-412.7468186040071,6.416163423252492,0.7319636022143576,0.0,2.0
319.1545103840851,-376.03100476106766,5.699263966105698,0.8139180439158761,0.14379566710454714,0.0
377.6656385542966,47.76707475343525,6.5858857308741845,0.7446512347119982,0.0,2.0
438.13412341834436,157.29033800058093,4.757496022161533,0.665716276547077,0.0,2.0
-29.441928659457282,394.697335830428,6.833924867341015,0.7246529230332239,0.0,2.0
373.7240318584515,123.87580269564215,6.755764931787327,0.7447017841537974,0.0,2.0
394.26826669144424,-77.53075946188645,6.008092015590703,0.7400685303490817,0.0,2.0
-230.17577083591215,308.95354660186024,5.489171026553628,0.7377625447305743,0.0,2.0
258.95120412915367,314.7307566417728,5.294562359769057,0.7642227429439578,0.0,2.0
-206.794322789873,421.47082273604116,4.356904190006909,0.8037334454805408,0.14537723591880225,0.0
-280.0682499594139,340.9735478730226,6.979962419168085,0.7936617056914649,0.0,2.0
-201.38888230632932,-340.3724383622302,6.695213858047242,0.7273644436405331,0.0,2.0
-497.9726270570075,14.303821244019362,5.580786963949483,0.8462327744171526,0.2141767832963812,0.0
-247.35765882720145,-375.72300482169766,6.916403055981568,0.7683841122492973,0.0,2.0
-19.833851168422694,450.9015964072038,7.016967386635496,0.7589503943714281,0.0,2.0
411.1754338002927,-292.4693516249479,6.268437786236389,0.8454041780717783,0.14420160609007196,0.0
225.598515833734,-324.82979084475255,5.442357146816074,0.7141875346141064,0.0,2.0
378.3675479936038,217.8770914621036,6.510046122399971,0.7773621212063624,0.0,2.0
388.1143936824106,167.7224086678997,5.420252174407468,0.6905840755141281,0.012432409780650015,0.0
346.9348953084803,-140.37587089390215,6.455987761903492,0.6970907176994497,0.0,2.0
293.9570504728463,-409.4008687260625,5.793984355242372,0.9062223022574663,0.2571305932205618,0.0
-346.1065011092612,-12.666774863039231,5.654857864992443,0.7200351807992117,0.0,2.0
-164.72562745697522,344.68154462809053,6.320362713626813,0.7079691285294029,0.0,2.0
405.07724670698013,105.05142509248273,7.476425686458479,0.7614572099258248,0.0,2.0
-64.92592528974382,-391.7783038604598,6.026917949326333,0.7364902578087731,0.0,2.0
215.86260520388674,-473.33790937743316,5.512641886749436,0.920253272298254,0.3991478387621921,0.0
-165.27390521795388,456.0862938979378,5.911083025898894,0.7960995576643629,0.11900756402134956,0.0
426.33755297456133,129.56380491473408,6.852637138983029,0.7469320160993524,0.0,2.0
-27.64396071905082,-419.58359065758606,7.575519213136525,0.8064279207833777,0.0,2.0
46.368854061100365,345.65131212670093,4.560701241903604,0.6187080047172085,0.0,2.0
310.5399003065674,346.6354395560635,7.198891513977571,0.8224350755816923,0.0,2.0
402.5190436070156,212.60259465134288,5.440003157329843,0.7054345457963495,0.022512090039908405,0.0
-345.5622693659026,341.77911624004327,6.307608975126396,0.8364145912093753,0.09412771406572233,0.0
267.75208166053807,-279.1826914965265,5.716901636458215,0.7419016771731379,0.0,2.0
241.74251493974526,382.46968762059277,6.024971292461268,0.6723166285847335,0.0,2.0
82.84502249599419,-309.0821265061284,6.750561388585491,0.7627917078581381,0.0,2.0
-227.8977851360571,246.58515633269835,4.684670400781184,0.5818832167538285,0.0,2.0
-455.6595998324827,-277.79670351519974,7.377134375749531,0.9755164306454731,0.6852057443621438,0.0
-291.88630772551335,-201.8785997295439,6.12614221387868,0.7229140905979674,0.0,2.0
517.3569963352511,-97.99845750618721,5.191842259093841,0.9483896919791739,0.6033208141140975,0.0
-350.42893604385785,-317.56683984413723,5.082522198358804,0.7623100433480191,0.18985646793565175,0.0
-0.9073751211549882,390.2570312754219,6.4655014361085215,0.7332619793660002,0.0,2.0
166.82279549722725,416.55770561983707,6.998268312306568,0.7617268380468737,0.0,2.0
-163.48553961333775,-402.7505995580602,6.272354443538172,0.7297911624082652,0.0,2.0
311.8927362927046,372.84787769435377,5.285956702733558,0.8206762549879244,0.03671720579866605,0.0
-460.0183476369739,179.74818044763205,6.186533798585479,0.8422785950632379,0.11825334331253216,0.0
215.91847557115864,-384.48899590649364,4.585990528851444,0.6220304691208927,0.0,2.0
-289.3309863500439,255.2522236085095,4.781781595825127,0.631703044541234,0.0,2.0
313.8902129026859,274.99286309771617,6.919328907109923,0.7526401349949964,0.0,2.0
5.284619419636441,440.10431674818216,6.258212455936831,0.7653439186327577,0.0,2.0
-211.37586895764488,371.96350980881465,6.64203713921606,0.800910666578143,0.0,2.0
422.4512071827156,-217.23085424269163,6.244152699615494,0.8098545211186255,0.04297875444529794,0.0
-360.64480279025446,81.79151890611237,6.275185827198586,0.7210840559466797,0.0,2.0
-302.2973651832367,246.33116682685844,4.757035766110916,0.6752649401710135,0.0,2.0
247.05528003229577,244.58741345452347,5.956267002742125,0.7188438027301176,0.0,2.0
333.84958534332645,-112.01413998680246,4.352365405698963,0.6680765196829475,0.0,2.0
-287.56782431226566,281.5502250680122,6.900416489688314,0.706568021882813,0.0,2.0
-270.09106787199744,-319.16810781213934,5.444323493861692,0.7730935063121042,0.0,2.0
-270.9508386651562,-204.93378868835097,5.464592249532456,0.7253543533152679,0.0,2.0
-222.52003426316978,289.04087816833857,6.711341632362075,0.7363050629740491,0.0,2.0
-247.1098956848098,352.1392804080944,6.275600329208131,0.781816762324287,0.0,2.0
389.2839189811581,257.4927449089007,7.602503525851054,0.7962640366636518,0.0,2.0
-37.71135750520135,388.20536628152024,5.765777783051808,0.7154004316214413,0.0,2.0
-254.71542888844195,-340.01809125542525,7.103344571963111,0.7408212014616722,0.0,2.0
358.68870705966134,-210.65179917409378,5.096634004627108,0.660296189917336,0.0,2.0
138.34900681382672,410.8453468811298,5.90918770158824,0.7404297298974503,0.0,2.0
-373.26915312010976,-227.74030110423146,7.465257594167025,0.7963205725759888,0.0,2.0
-426.0297212546667,-220.5683719736716,5.238662224794919,0.7954462947171295,0.24348582062012802,0.0
-385.9131092331894,157.3013552340779,7.655038419433272,0.768159415183271,0.0,2.0
-254.55961382079352,293.53980362662094,5.514864383246107,0.7539651992147535,0.0,2.0
53.61511729357087,349.40255757148606,5.532483146595546,0.7027216997181761,0.0,2.0
413.57142531517997,-220.9039882522915,5.4897720202295295,0.779636385751812,0.0,2.0
-317.38588902360425,-301.6440683930522,5.344055479189593,0.7698076708070201,0.0,2.0
358.59613873281677,-111.48033587124459,6.893869254869321,0.8013237290819936,0.0,2.0
149.57102326726562,291.095051439892,5.291796278061137,0.7022266926785913,0.0,2.0
194.30067975568025,457.24838633899105,5.573331757583816,0.8225763707471861,0.15818680050873682,0.0
411.00929398611396,-140.913841138766,5.922485749684987,0.672304880556025,0.0,2.0
60.23640649603181,334.60127305382446,6.22295134234838,0.8066137466095271,0.0,2.0
-243.30068066525484,265.74778569414923,5.903631418644522,0.7448338474745683,0.0,2.0
103.15492750890253,-368.90811276998295,4.891739154292091,0.6366170739874055,0.0,2.0
197.50632328664156,292.94101459958813,6.121109157853958,0.8277104766676106,0.007600540719934256,0.0
350.79210371881334,-158.5901609984508,6.278601657917692,0.7230635405111918,0.0,2.0
57.62733486978558,-407.93416373898845,6.285933052019472,0.8123365208817935,0.07053506778707082,0.0
-355.3226445280353,-74.96504545111571,6.4297200509998715,0.7883163895048553,0.014725916452027525,0.0
-104.28113980106143,-282.3096416540909,4.958914462861913,0.7475782304964395,0.0,2.0
-357.02399334691677,226.21244669144954,7.395464132512076,0.7576281109015676,0.0,2.0
-354.4715874459448,115.08100217589794,5.222171566003076,0.7625610140528566,0.0,2.0
-393.84980197197564,233.90071751127837,6.376388655413447,0.7665624264230055,0.0847491278624382,0.0
485.6078105971188,136.96669773364266,7.528775116856127,0.8487262644561908,0.10239603387405462,0.0
-240.60548524921617,-397.326314364576,7.29071676635755,0.8185339856655097,0.05839797026664856,0.0
246.1620847609417,-280.8727417514553,6.696974186234392,0.7956713559941513,0.0,2.0
-22.178749056589634,-452.9831516441904,6.993059288187613,0.7776200402530684,0.0,2.0
-471.0679488618465,230.19431257787917,5.875836640373107,0.9342438418948691,0.39761216189304605,0.0
147.21261370316762,505.32331904159287,7.281020404476528,0.9307828671809154,0.4104326978746993,0.0
488.54898400346053,85.79147597479758,6.142543363305964,0.8861239591203283,0.289211905343068,0.0
-155.11110479424866,-462.1546900697017,7.674357429349917,0.8526528401440527,0.09972649401608967,0.0
-324.90078188965845,-264.88273198168594,6.799538236469299,0.73995850254665,0.0,2.0
-505.4569349983207,-109.34361931735484,7.267647856780708,0.9367599462271702,0.39599550697001595,0.0
120.56913123734111,-376.3699471736565,5.624424478837157,0.650339687631597,0.01545677072197786,0.0
-180.55182400301618,390.2993833456759,5.734688020036293,0.746438905589092,0.0,2.0
357.7561144059728,-60.84717466852875,7.221068089724156,0.7402472633597511,0.0,2.0
-363.67545844090034,90.55932103433074,4.603910407361848,0.6402427268552099,0.0,2.0
-216.57850974522387,462.47818882816597,6.260291259574628,0.8378799047815411,0.19049668046189114,0.0
-461.5211003932771,-146.67512122497791,5.093538585853752,0.83568972370585,0.08119827471985172,0.0
291.67536544444744,-210.24415601669978,6.770037326191568,0.6223047357367554,0.0,2.0
230.12925934443336,300.29328570446984,5.866259105453277,0.6292080473425846,0.0,2.0
142.18997428926383,285.0206009114579,6.187684031390944,0.7128745262406257,0.0,2.0
353.4300233277924,242.4084783793263,7.7302705448331155,0.7908956178337269,0.0,2.0
386.82644442966597,112.83152606156902,6.9000403010994775,0.7891298446510822,0.0,2.0
-337.263407653373,221.28485597054512,6.053716968116183,0.7418499036119309,0.0,2.0
-354.7158582727728,106.45508574545117,5.222171566003076,0.6751198683549167,0.0,2.0
181.1212844969175,294.02172922655853,5.845389571808958,0.6156341792918237,0.0,2.0
20.630595811828837,-435.2025957941606,5.589595649376547,0.7675414833490101,0.0,2.0
204.43974144934285,377.78461820146737,6.973845074383958,0.7558206716210842,0.0,2.0
188.47417887272735,-504.605730688533,5.425469756094632,0.9855776006969432,0.872313859545322,0.0
332.7938483600373,-85.43182379510681,5.461642075342384,0.6633154730123183,0.0,2.0
385.13733813182813,-103.13108884161201,6.415597958860613,0.7500846641258907,0.0,2.0
322.34642076281574,-415.58901913880015,5.57078147781687,0.9296931708671256,0.5545660261972303,0.0
-272.35988873159073,361.12687813525906,6.3581100539625455,0.7536419275218604,0.0,2.0
324.0169075491031,240.60945113959997,6.309813604170903,0.7632697394278352,0.0,2.0
108.09773047911435,-362.0303589309584,5.880739502507989,0.7349751044200038,0.0,2.0
173.08750459202082,-372.4921350032978,5.302211481812237,0.722914391132617,0.0,2.0
150.1291636604458,382.8393143567199,6.91183346755059,0.8174449801064577,0.0,2.0
-351.9165018485932,236.31966307487642,6.43250946255254,0.7739383254087486,0.0,2.0
228.87603220678164,-421.45145471541986,7.578123206633751,0.8297959616592094,0.01700578247507607,0.0
-171.04684405607725,-342.75182298648417,6.778755516177762,0.7386413018903538,0.0,2.0
-153.770209411288,-437.67167689820343,6.2873729415911415,0.806667319334468,0.0,2.0
-144.61419478107513,-347.19042935303156,5.717251866559648,0.7346958214817236,0.0,2.0
-22.28934713338081,-351.83235202296987,6.1604960262901045,0.72157557168567,0.0,2.0
106.88358997803657,-322.85346099047763,5.318247218987037,0.7213535317344179,0.0,2.0
-439.4319099207961,122.53463088775987,6.0590283022684925,0.7643380074044326,0.0,2.0
8.654146361218679,493.1389188312843,6.3612306566171535,0.876577764333333,0.1347060019356915,0.0
227.8959442187092,471.8934890883949,6.140637974894499,0.9052044381956197,0.4032598705287052,0.0
-237.83614780397076,331.5821901904822,7.133510165110157,0.7568176098924588,0.0,2.0
64.69726767112394,405.52328295674005,4.089714530898846,0.6765572137147906,0.006960638855971611,0.0
215.0746434940061,287.41884536006006,7.092906744506812,0.7500734963593652,0.0,2.0
98.21256296705253,363.9791200576895,6.26834780970734,0.7424846879793103,0.0,2.0
-264.79091100190755,376.9025686552835,6.424259718963856,0.7579196330144754,0.0,2.0
-509.01064484372415,163.55011790111166,5.7068051672114475,0.9659453994425247,0.6516933615246399,0.0
466.693550289231,-242.9789086823178,7.959990531675094,0.9763382483862203,0.7631933109959017,0.0
200.66314365156921,-330.4628828646726,6.7629350287735175,0.788296630735907,0.0,2.0
332.4743957946236,-308.12769939325585,5.7217382288144085,0.7571248026036184,0.0,2.0
278.8225141968632,-108.10992669231214,6.142518945609566,0.7164241447856887,0.0,2.0
227.89514697556777,-285.7750749912239,6.279963900319594,0.7516480923393429,0.0,2.0
348.6447236817258,-211.14702572996745,6.658934678206801,0.7733159883272333,0.0,2.0
-271.07774864411954,224.79601272084076,5.80569439835788,0.66189304429372,0.0,2.0
31.119899759688913,-470.85310492659727,6.225624507856749,0.7620201956420788,0.07406241180233453,0.0
-420.3267125436301,168.80978875997644,6.126446331066548,0.7273535964225178,0.043315652839582316,0.0
-98.84995218469544,370.5082778599832,6.389268823441664,0.7991418134851531,0.0,2.0
-256.4070925855445,277.00522419672365,5.646709488213183,0.7722715334499585,0.0,2.0
-33.28249653060111,356.2740830531095,5.932324767000694,0.7223093999710933,0.0,2.0
304.6342463369181,160.44892111173712,6.4838390383367095,0.7583710624000712,0.0,2.0
-240.2407691681584,282.49759873807784,6.2864625565944205,0.723409039245654,0.0,2.0
78.1230441491416,401.8404362562812,7.029956017603967,0.7507195944508163,0.0,2.0
-156.52292109781956,-445.34833168115523,3.6825133886669867,0.6982877182812848,0.10546904069834054,0.0
-345.31455221208597,-3.1851415304380493,5.848722443624082,0.7370363694214757,0.0,2.0
-300.091066178379,-222.9184469985922,4.439582190768261,0.6395160345769313,0.0,2.0
-71.0773051696639,375.22292327011525,5.1745279913977535,0.5993172473751268,0.0,2.0
203.8193797442283,499.6785580873771,7.629769814520984,0.9841618007655095,0.8090687236850026,0.0
411.5710404194043,-131.5146893695573,6.3059289982026625,0.7356518402707953,0.0,2.0
-436.71767055262643,-92.90437297679021,6.072354720122364,0.725276370434757,0.0,2.0
262.9903136634571,-257.6527616898688,7.090336413203702,0.7061998924940216,0.0,2.0
-162.68666459788608,273.6739441952722,4.89823367101473,0.634622319373686,0.0,2.0
-201.1722664278344,-252.32125473422138,4.5797653578550985,0.6520202793696722,0.0,2.0
-119.80937835793681,398.7720497980563,6.415682028402311,0.7373602892677312,0.0,2.0
113.55810117321617,521.5575071091857,7.44477841226145,0.9628095263647417,0.5582768151228285,0.0
-182.80392140242137,261.49758667747284,5.413346177690842,0.6026480703840555,0.0,2.0
423.8109243526701,-88.6599115285896,5.773377837628307,0.7201023522470397,0.0,2.0
-321.8141202251195,230.27072151677655,5.855544612888319,0.7875516199378194,0.001908985523327937,2.0
238.7453944699439,458.1393445662318,5.20840636761495,0.812325175035912,0.13980369911821705,0.0
-90.89231407632171,342.9311206597255,5.821447446753049,0.7430205678158015,0.0,2.0
364.41592412633446,34.9902906469686,6.629672977184737,0.8232538503968735,0.0,2.0
437.3808351585071,48.23080575142283,6.1995249645972725,0.7195542892144224,0.0,2.0
218.7044349609002,-245.1056791160243,4.8665164043507865,0.5966550981864266,0.0,2.0
30.647498174252135,-386.3408699357032,6.244525222791892,0.7496031079319043,0.0,2.0
-396.5211242760511,305.2635091783919,6.030703327301647,0.7938838820703769,0.08925962390313429,0.0
135.2095660442726,500.15613594446046,7.859156869263317,0.8729321284606707,0.1431039483892442,0.0
398.6084977315451,2.6033940749880835,6.469304583879836,0.7238795722895464,0.0,2.0
-122.31347523668207,-496.41859453893125,6.441118852095342,0.9041512450545063,0.30420995266159384,0.0
219.12829367142686,339.24437509568844,5.527254528411833,0.7667970485083371,0.0,2.0
-532.6046288143242,25.03508572338063,5.667236102118098,0.9676538270618879,0.7351803348934867,0.0
99.53169479815827,-362.2655600524559,4.387427954861878,0.6533915611741746,0.0,2.0
-242.12839762140032,402.09803118723295,5.495634518638016,0.7693300428026837,0.08246654105555039,0.0
51.18378819465966,535.5820555838511,4.926337921991577,0.964141166217631,0.6455423918213742,0.0
19.234030175155333,-457.2309827917545,6.906256616461499,0.7713460400578974,0.0,2.0
-496.1869645522395,-32.697350258110625,6.062856595794858,0.8259324662805376,0.16366062109584842,0.0
-30.854586287080743,-388.3068845904626,6.896454440398042,0.788615543182568,0.0,2.0
-206.66584033853093,-293.48923591477705,6.214909178310689,0.7580666901443137,0.0,2.0
-484.8399953822069,-189.88804665827053,6.808853863618259,0.9011721161574197,0.3337699598386759,0.0
268.97492821290246,350.6799929090753,6.188938312205536,0.7699740078539581,0.0,2.0
235.07286526408774,174.79275756873184,5.572061594783891,0.6314919408824239,0.0,2.0
-84.68773883038757,349.44519208592214,6.091168885627374,0.6491406168661378,0.0,2.0
415.9918267618363,-10.758181372984295,6.937004008216737,0.7944886939000051,0.0,2.0
313.6600572772191,-385.85347093254774,7.182088764070714,0.8626301693778432,0.12613588241741672,0.0
205.2328430187492,-369.810014958828,5.451384766897468,0.7685226808457446,0.0,2.0
63.932248413316806,-433.8405795579681,6.240504046774108,0.7509073787402243,0.0,2.0
-16.962129274066225,-434.30255595080683,7.343142276107185,0.818360415941994,0.0,2.0
-119.44498111857762,-450.7720505382795,5.260942097790569,0.6849980968925288,0.0,2.0
-279.9569561059984,-314.3589504176057,7.152904418414242,0.8563979705904604,0.02180815930697375,0.0
-299.6547829624048,-360.2399080650923,7.420652213459938,0.8808139870989437,0.10090491596836827,0.0
238.99788012001974,-238.41963595731687,5.330611262858304,0.7470849240993076,0.0,2.0
-146.50777382652979,483.49399711693195,5.3540689976877305,0.8441303701777156,0.30488931014161325,0.0
331.7877112087352,224.20723502522728,5.857723371580755,0.7289249342801084,0.0,2.0
359.1172580476454,232.13287381320364,5.594997975755602,0.7460124554182481,0.0,2.0
61.41429546376181,532.4842555267153,6.656565424548519,0.9712612530694044,0.5957347376958642,0.0
-56.45447521407662,-399.39669645436254,6.671164154137631,0.825416042243069,0.0,2.0
-52.25409333300969,493.2054328773731,6.658980816107428,0.8706203736473582,0.16010887384551176,0.0
-479.6182478101647,196.54838098770344,7.07342647708075,0.9001799319487002,0.29955054292324845,0.0
36.68126879239144,510.9346604655419,6.541328706063861,0.9097909237420724,0.3935995246186556,0.0
-218.53126498481208,-244.34977883788406,5.710011433267633,0.6362097060193436,0.0,2.0
-298.4903748412096,-265.42275065163307,7.01980757225261,0.8196602166337498,0.0008333432750835351,2.0
15.104832742401852,438.2954167435831,6.402634136875785,0.7263626051063933,0.0,2.0
291.4543124383894,-267.74330992278675,5.895509946028967,0.7566218349093353,0.0,2.0
94.6573297166554,-369.57995639392396,5.928393901644883,0.8008457690715192,0.0,2.0
410.6503879822979,-20.099867766612338,5.735828119488241,0.7041408911201458,0.016906348033593435,0.0
-138.09186219432019,-447.61875989033575,5.784828519422025,0.8604301076440357,0.18469466156346484,0.0
331.42559059419784,156.86527711632067,6.332093245897016,0.740096047440113,0.0,2.0
-344.21611307521994,-376.8038635121863,6.841982436493739,0.9193026730438374,0.30982272418009105,0.0
-269.4639016237538,-310.5447469267887,5.332323673144632,0.7730133445242068,0.0,2.0
399.22422641866507,95.41025156765936,6.875488081979068,0.7286471310581266,0.0,2.0
213.5631813175633,-309.34958777643413,5.769294388291345,0.7578853303791223,0.0,2.0
355.1843900478697,-121.68771064966325,6.272317417922363,0.7264769230416078,0.0,2.0
108.4262794425454,449.1203859403438,6.872564576967988,0.7701525761310506,0.0,2.0
-291.0238132066137,291.05519362606606,7.117167259861416,0.7559771011214179,0.0,2.0
185.90810773094978,262.1229971761302,4.965495706794129,0.5858772610646036,0.0,2.0
367.6215133552177,131.19723634318683,5.964756576808828,0.7114857616934207,0.0,2.0
-135.96796429580763,399.199600591442,5.105157491777261,0.7731236256287469,0.0,2.0
-85.38722710528657,-203.79517266236508,4.674334466046981,0.6301416409085963,0.0,2.0
-64.68485985394872,296.88050729683954,5.73245349621091,0.7520025695866729,0.0,2.0
319.7318499387247,89.52427194700296,4.333280390569057,0.6509465763955058,0.0,2.0
482.8076492388023,-48.96763652490884,6.576057510095084,0.8644787128978011,0.14098467721465685,0.0
67.53456796254709,423.2412290036253,5.6431361741080295,0.750060157770735,0.0738748235159261,0.0
444.6674172368129,-82.7119896495832,7.958957319228929,0.7644020793465197,0.0,2.0
-385.3799115362071,-297.73693418146576,5.325636560025558,0.7931472967370436,0.11247158145408122,0.0
256.05511032836154,219.39089199073186,5.666824457913847,0.7273234515414086,0.0,2.0
174.21315322464548,-291.8746521043062,5.587273060624323,0.749371381824674,0.0,2.0
-384.9521307184942,-214.1402531037785,6.631709850378051,0.8375971266961844,0.0,2.0
-267.46754322510816,97.39652586684402,4.13050431703774,0.6603011534765412,0.0,2.0
185.61883150758155,418.51560362596666,5.785485536542104,0.7652604437217487,0.0,2.0
-107.97546640731387,-411.4864584701856,5.5293325745366175,0.6374542837035309,0.0,2.0
-3.8738790304243698,-321.18243011217396,5.140267200101276,0.6501773474189946,0.0,2.0
307.4398064062694,-242.8207516972498,5.986243673934716,0.7644038762944121,0.0,2.0
0.6634212491406918,-437.4816086920004,6.562263490815766,0.819431701201973,0.04087981861077468,0.0
343.9992942215465,-250.41895654113335,6.2591388711764395,0.748282541746156,0.0,2.0
-352.932964811263,-208.16395971739334,6.127867260444406,0.744977123024501,0.0,2.0
328.9102532243797,-361.0050237314538,7.277115975260663,0.8453510406892617,0.11060321320794915,0.0
-142.15523611582586,-466.5233329049611,7.314014948038169,0.8564498404772743,0.032332683472494426,0.0
-5.202480369246687,364.29146896190645,6.449714740681834,0.7298817475513357,0.0,2.0
368.18880845852306,160.9745685457939,6.04973829823122,0.7240568093769879,0.0,2.0
-275.64366780067326,-285.2713308622447,6.620661025394858,0.7803505290278371,0.0006002454421754075,2.0
-438.83592085669216,-83.42206681072017,6.715355251791808,0.7504971148868019,0.0,2.0
44.55945134909131,400.513104242122,6.459948710490574,0.7098671321277902,0.0,2.0
-53.35951973201705,-527.8944612482537,5.8796951068226235,0.9600817053700048,0.7166462777933904,0.0
-228.57536411120057,-317.88959702523664,6.226802329717139,0.7281813963805668,0.0,2.0
255.48630870656004,340.23770722389725,6.202585535723462,0.7765536979456574,0.0,2.0
232.82573851967575,263.19616991541244,5.496553998718362,0.6851184823004404,0.019001370278841297,0.0
395.94803147981577,-167.1186999288047,6.484421649002979,0.7506408266124824,0.0,2.0
-19.211694083653818,-402.04544453402366,6.914438806422865,0.7472851939370792,0.0,2.0
325.89545380925557,59.51697405963741,5.918634174951906,0.629896218744338,0.0,2.0
-128.28579114136997,-335.3015581758502,6.061548120677345,0.7369078742519857,0.0,2.0
-258.48213855572214,337.1853375030729,6.22603648116647,0.705345575112607,0.0,2.0
361.9275912356211,-343.407619992994,5.313746572850982,0.7268960002168635,0.058568596703997264,0.0
73.53385828799772,-399.9575902259134,5.375993710982772,0.7512889906537437,0.0,2.0
16.264008473945,486.43195148322457,4.204205103983975,0.7516053406831691,0.11489896609756563,0.0
-108.17697580025833,-377.508868540449,6.509977152979884,0.7288792283564908,0.016764783092231044,0.0
166.71323285001415,311.782197428642,4.739700282187567,0.6342958246778286,0.0,2.0
458.7995277604314,203.26827121945348,5.692436068117533,0.8222285658577565,0.2923470030456273,0.0
-450.3044162520322,-170.5379183327958,7.082012017812315,0.8295380851947787,0.054574622117274776,0.0
204.4832680719642,418.22280396249056,5.048687430987203,0.8364660049376008,0.22625080553311547,0.0
198.4977428994464,-423.8592002945246,7.019145166495856,0.7667130609733359,0.0,2.0
500.49297193392283,-135.04649443103622,6.334402826583031,0.8740597313637146,0.15710202344587987,0.0
425.79114390635704,-62.400181312119436,4.4079987624180905,0.6682349534135937,0.015688137173047807,0.0
-528.7822431938456,-24.862135572407976,6.969415369275158,0.9499615469654605,0.5425713572765347,0.0
354.0878131244964,37.635148871111824,4.907356828473714,0.7424017046519505,0.0,2.0
-100.06924027895077,504.6935088118491,5.450995437525597,0.8945190510063592,0.39173747077176,0.0
445.3568441361617,-150.89407413654834,5.595988790314248,0.7864303943034445,0.0,2.0
150.36326806021475,-366.07814907433635,6.138271257341401,0.6575425224201643,0.0,2.0
276.2010044976939,199.4218726529212,5.6655192814924185,0.7193457277507525,0.02631978578382228,0.0
-396.6165143971543,-109.98615529976273,6.510784112215073,0.7961606654438661,0.0,2.0
-363.1436284511853,30.23275710069618,5.65392324892962,0.6607050649741729,0.0,2.0
-458.86901081601917,261.36064260638034,5.527329705731507,0.946144838955526,0.5400157909174617,0.0
0.9870416236810876,380.7337524144166,5.615761875577103,0.7555493934154587,0.0,2.0
-259.1072840469794,-298.2628265343772,6.3060378455633925,0.7198599635770143,0.0,2.0
470.7091361734338,-159.12256647321843,6.346488400082635,0.8251069637672047,0.1031601515365266,0.0
-342.3266058927318,61.7146970926774,5.312437174706936,0.7100320613985134,0.0,2.0
-412.26033486850145,-263.41856621329396,7.47205356456837,0.7852872808300935,0.0010617959028466207,2.0
293.9968568735531,300.0629365066076,6.855740376646783,0.7467520600214428,0.0,2.0
-387.7641984831128,66.40097431213937,5.381252736643199,0.7474655532575484,0.0,2.0
-43.50997986951523,464.984507941919,5.448147522552309,0.7607375046039769,0.0,2.0
-204.67156553765372,-409.70135047431944,7.217867698929141,0.8111300816120602,0.0,2.0
-337.2327328968076,274.1162018239311,7.262335717911152,0.807031681870383,0.0,2.0
-190.2607533075588,-452.8783643040301,6.2240144497462895,0.8089389078006364,0.14008288522090878,0.0
369.0463752164315,170.73319409664788,6.133024771771913,0.7126186611010835,0.021826904545173414,0.0
351.23121951688546,-193.98078818798496,4.95811438539841,0.7450274135486761,0.0,2.0
254.4747199402456,-319.54047632193414,6.812083498366222,0.7448047579895344,0.0,2.0
-226.061921312531,351.82227153514333,7.061845761522096,0.7579333014735362,0.0,2.0
276.73115934722006,-281.61486653983894,5.627679977358284,0.7694016699777789,0.0,2.0
325.70621472458623,275.7307540962464,7.3934191744376765,0.8093060288603224,0.0,2.0
142.00332610839882,-354.1074029559392,5.902262297206005,0.7514698829521668,0.0,2.0
441.34429344757064,134.4561817583387,5.402478769833154,0.7546847942366607,0.0,2.0
-226.39241705361715,-378.40625745096605,6.753967154834834,0.7946990740650952,0.0,2.0
253.67425491140187,-288.0701844037857,6.362001718910463,0.7545695761449915,0.0,2.0
-399.4672839119389,-63.353278210821486,5.775282862608914,0.7065980667314029,0.0,2.0
-164.12419155100596,307.0017977372223,4.723557295395423,0.6391059275942221,0.0,2.0
-317.719202016346,-225.64915464575398,5.915485608930218,0.7261951924187593,0.0,2.0
376.2308273366851,-146.36127812978648,6.728764293444995,0.7371248050030479,0.0,2.0
-290.00659165560023,307.57093289795563,7.538715875117173,0.7813862568318831,0.0,2.0
107.87519426472112,299.33151394681465,5.565843307337671,0.7071740969042797,0.0,2.0
443.10365062377844,-160.24892168160696,5.847218036629845,0.7670691875872738,0.0,2.0
-395.0309518499102,-171.21265878777135,6.536832643647686,0.7757969126519049,0.0,2.0
203.7544620230636,-310.80566958598223,5.499161719437152,0.7656761037857763,0.0,2.0
-409.9432060898831,20.372241631637497,6.926719378755276,0.7126324572165722,0.0,2.0
133.08389864303643,36.199959496362624,4.472141457082595,0.6606498217876018,0.0,2.0
-487.11442220614845,-141.0999336164718,4.6026676552800065,0.8426795085358522,0.21228245764068301,0.0
332.4634283152464,-324.76018545570275,4.331945115347569,0.6771025302315499,0.0,2.0
137.25564694853668,-441.07011774454,6.5748596029237705,0.8250309494332229,0.0,2.0
367.5857397222584,-144.4037180532645,4.90599949669497,0.6182263382284537,0.0,2.0
-351.58743217732234,296.10589740324684,6.59791192851941,0.7339155363166114,0.05435168980827536,0.0
-194.10623643231332,-272.4481365455092,5.376175113369911,0.7368268202415637,0.0,2.0
-222.9980224171628,385.4333962579155,6.33998146614678,0.7472307928332175,0.0,2.0
31.755166380340246,443.2487720080152,5.586513315146086,0.7516117184422347,0.0,2.0
-215.39771336520167,380.83931809621896,5.480711804298889,0.6275467149800031,0.0,2.0
300.1941953517898,409.34458709739033,6.0335172509625465,0.9279640067969227,0.46081972149194955,0.0
-179.99931100754546,373.3040099865584,6.159019413539743,0.7290920112044318,0.0,2.0
-316.3565198299379,-195.5294980010683,6.126032644804074,0.7179824952373003,0.0,2.0
99.10656212439277,300.9518475878244,5.534430974233284,0.7343509873784118,0.0,2.0
27.202732048484066,463.7122067335366,7.152908409213041,0.8260475921801707,0.0,2.0
295.3187823986389,-288.50909614433294,7.220324044313153,0.7427515822007953,0.0,2.0
194.50464876243572,382.90285436316344,6.696275967818279,0.7455435138533256,0.0,2.0
-226.72528899514106,463.85475811850625,6.078697958256946,0.8685646281364624,0.34580765271132985,0.0
297.4810847257261,167.82054447530834,6.45379668184064,0.7298642807628191,0.0,2.0
-356.4764152298839,-142.706303016463,6.583872257189431,0.7420546418251426,0.0,2.0
-191.73827903356226,-343.9086639984404,7.088665002413683,0.7532953559555966,0.0,2.0
-300.6794578389446,341.13308608583264,6.510858646401493,0.8312245669211427,0.0,2.0
248.54744859698155,434.1696006008371,4.744824675956601,0.7101220927408746,0.04162874777569222,0.0
-11.369606326886808,-334.2727727131536,5.227987158891187,0.7341616379547997,0.0,2.0
350.6614264003579,293.4492619723148,7.638875573888022,0.7486164340814206,0.0,2.0
-277.0941282464791,-259.3036640838391,6.361041191433576,0.6994050230671964,0.0,2.0
226.66954510928852,316.7548692325787,5.577205169024077,0.747749890403399,0.0,2.0
-361.47936033937367,-203.10828749330915,6.485904188232853,0.7421835731725649,0.0,2.0
352.69629657697106,311.9831091739758,6.311949208684761,0.8657097317247449,0.17184935574047477,0.0
150.70229651621787,371.8957901930815,6.8517472678777,0.7480299876226426,0.0,2.0
344.6239099524845,338.32305868370486,5.8755423935334585,0.7660911622501131,0.07715820118583809,0.0
-294.84971565590274,-348.7348945837803,6.158240932139968,0.7891905730689738,0.021648351257225123,0.0
264.80505747621754,243.48704061350372,5.31256734885889,0.7325519388294842,0.0,2.0
-178.40692080424486,-315.72404960581423,5.904250249568443,0.7737451868382825,0.0,2.0
387.7606096097062,149.88043117864862,6.564637322879425,0.7271601490589958,0.0,2.0
141.30242870565124,-402.9478804404101,5.932626631884089,0.7158673866059279,0.0,2.0
-371.1687552595699,-352.17459369777475,7.423656011788839,0.8533948721159463,0.1256986263271947,0.0
132.37116416796152,-489.4721296342659,7.372092948352226,0.8605267132350064,0.12314868779575204,0.0
296.15794695784535,362.8801662856631,7.2922505576441505,0.8127076606872888,0.000860343222692615,2.0
-401.37883757053476,-134.3134715918632,6.213947524742334,0.7427189557998057,0.0,2.0
-182.73374489017283,245.84553363159293,5.483734018255637,0.713786845295423,0.0,2.0
403.17136361166183,293.83379478818426,5.522443397326457,0.7806823841740345,0.235209550355846,0.0
309.7442055550441,-179.67219891247677,5.17400189278208,0.7378174356077307,0.0,2.0
353.18340044004464,-250.80861623802934,5.000862814253205,0.653063846398857,0.0,2.0
212.46030994243023,329.83163659670964,6.647563138147627,0.798753119961485,0.0,2.0
-396.31999769992154,-72.87993871798442,6.181647584919619,0.7591915400408679,0.0,2.0
360.62935647693854,137.12549419752168,5.911134964595437,0.6472563556831525,0.0,2.0
-344.74195869340446,-129.62161901384175,5.92252537079372,0.7115705926507291,0.0,2.0
-105.95769964685519,439.9319409373221,6.707379903966702,0.7962214260283966,0.020979729498852292,0.0
-422.9857480633966,208.81525563042203,5.680106633649222,0.7408156215382388,0.06158716139403516,0.0
-175.5411339087695,-390.6727585813385,7.014385729037002,0.7244072074289001,0.0,2.0
-175.8387369869266,-365.51684364021867,6.757433878065524,0.7397810288994059,0.0,2.0
38.35793022652615,-529.5458062392344,5.5595438995357735,0.952743052687261,0.6062071306914585,0.0
-512.9426461172984,115.90789999781552,5.55104641989571,0.9121782432957733,0.417329589643037,0.0
-158.04413624526143,504.7653554206495,5.599875128276265,0.8753202280856035,0.46584766335875183,0.0
-73.09373381123869,-495.1832918416118,5.662043983187618,0.8298843993004261,0.1694766289948823,0.0
-15.337194477066497,533.5040367433684,5.904289433089876,0.9206036627033422,0.43843806117993844,0.0
-165.1716449524726,394.56786747828335,6.423206872219446,0.787331443750772,0.018633474470660265,0.0
-53.48214156198218,-348.4483825206017,6.333054072385667,0.7252650237540926,0.0,2.0
41.425759173647165,-296.52462586671163,5.769501860318001,0.6700324456751243,0.0,2.0
-169.81279945989925,374.8952025403962,5.458973446627181,0.725442164626237,0.0,2.0
-136.27452129658582,-341.57631484563353,5.434375394150585,0.7400220096593707,0.0,2.0
-353.5964952465848,133.66736224914806,6.051059970331531,0.7768841411328596,0.0,2.0
-427.17312172081216,-323.4368974329307,7.217342172146906,0.9855790856318625,0.8077951555084039,0.0
12.353490706325118,-475.44786756769594,5.37364317609606,0.7958159493149075,0.04544870266085151,0.0
-297.9296261743572,-188.98523583702533,4.745641704030307,0.6385628263509631,0.0,2.0
-435.3099291784431,-110.34413068818327,5.781644520015117,0.7597159348668272,0.0,2.0
182.39222449610787,-230.11925218130318,4.658599175700384,0.6372279433369058,0.0,2.0
-204.99316773178768,483.3419289259363,5.385140025834325,0.8920232161489249,0.3855886473874383,0.0
83.94254713863546,382.4930046280276,5.944991631249592,0.7422660011804344,0.0009539811128081626,2.0
-398.07694884009385,-10.294982024110535,6.115418013492185,0.7403018869368674,0.0,2.0
343.70239856609595,248.66698150062305,5.865341512444752,0.695584205167471,0.0,2.0
-362.1246616812665,129.0687668831378,5.765734837765334,0.7425843494281765,0.0,2.0
454.8296491491991,36.27812518182626,6.789859101551558,0.7057485375198588,0.02488390280769998,0.0
-89.17575783523064,-352.14391375033756,6.48063133780817,0.7123919309519068,0.0,2.0
98.72985304612963,463.9492028273138,5.312221050641457,0.775699432528743,0.006339013546684559,0.0
-396.7292974888378,103.84890310491312,6.641764392458148,0.8185612268345055,0.0,2.0
-446.92865857281294,172.7599589342261,6.072729518237845,0.7166693262438676,0.023344876602057626,0.0
432.08020205637683,-256.6792661371582,6.513002610768968,0.8764170781113579,0.20423488403315437,0.0
137.15331550072878,395.5801323430988,6.4662485170071875,0.7416853001271992,0.04824564661837759,0.0
211.96780769600457,267.376536670579,5.137202080507924,0.6526738789002348,0.0,2.0
-264.97140780623636,355.82083450938666,5.174993770055037,0.6427605151497313,0.0,2.0
447.2234089409093,80.91617760499881,7.5796750623114875,0.7589707640818483,0.0,2.0
-313.6707242445811,426.27697353509416,5.650744061258384,0.9677173894911291,0.658075370039981,0.0
-393.1980648309244,-36.094205367713705,6.2965717240880075,0.7661748988817049,0.000265840592993669,2.0
385.0094229014023,-92.44350539834328,6.755835211523948,0.7568723974319933,0.0,2.0
106.5269293496783,438.8797999317616,6.4169882536426845,0.7507412943573678,0.0,2.0
-371.82067779943185,93.85819780890635,6.24578130936568,0.7993010821737616,0.0,2.0
22.43229967427953,-382.5725723936824,5.402381077693562,0.7360566048138351,0.0,2.0
-368.043338718872,272.4552640654165,6.977311988389132,0.767648288605717,0.012250404874358287,0.0
19.354614880456587,363.8753301004214,5.218720961290738,0.6615029954531072,0.0,2.0
29.208768370112434,-376.20174294833384,5.489088270251957,0.7834642853936798,0.0,2.0
-471.10183003527675,-112.15659109191597,7.8816083150960194,0.8593022110575549,0.02083730377692831,0.0
326.6471090044966,-182.47488443591297,6.764727339052706,0.8170720651646733,0.0,2.0
-297.01225979879854,33.579799612052554,4.494914381223811,0.5450782564311739,0.0,2.0
-107.24410810979276,494.3655711759606,5.011365409309659,0.8233304189973106,0.287786628957529,0.0
-173.02184342005165,-420.7296704748811,5.9161695515090695,0.7477799845520282,0.0,2.0
404.04521307434106,43.83913707854965,6.426686131907128,0.7322637440990054,0.0,2.0
-231.53615544791725,-94.19842846043723,5.998576316995563,0.7390228532032388,0.0,2.0
-311.6753313876216,306.4073353126178,6.691387965561897,0.8125453094979695,0.0,2.0
138.23395648920254,-328.8889514227628,5.698171784484392,0.7603259558374985,0.0,2.0
-70.32473536776448,500.7495697169014,4.1182496230179275,0.7811667945208194,0.23899217738207942,0.0
-335.11194378894317,-228.68902600190273,6.783407128149216,0.7308518268924802,0.0,2.0
374.02409129304004,370.02573147173,5.238603105699229,0.9139912408999612,0.42931686863707574,0.0
165.9985826708278,-318.9732076745715,5.851534810565966,0.7689342467563632,0.0,2.0
144.74441546149203,-374.6636143755748,6.8273600342838225,0.7260999861216644,0.0,2.0
-25.822531901691942,-502.09860143804957,5.710892618346311,0.8267110554216511,0.18396022819330088,0.0
83.48721654978445,-426.3819230900958,6.493069490665909,0.7614980238418024,0.0,2.0
224.63371026588905,-346.0201806393442,6.143006292212207,0.7683226832515879,0.0,2.0
322.7461993259094,-123.99373871780331,5.7004382965440845,0.7615546188950304,0.0,2.0
-254.6905077121917,-277.2741271749545,6.021369988592804,0.7271650775705435,0.0,2.0
-198.94329324934702,489.87368253609077,5.029463166020738,0.9082938330673034,0.37546481091069156,0.0
383.47476531560966,12.894547197454054,4.483916108854228,0.6966013825695807,0.009504714191115217,0.0
-194.01143918277705,437.2417397207196,5.266312867876346,0.7621242251378768,0.0,2.0
237.66873159065278,-286.08626148749113,5.5264823005419705,0.655308356746655,0.0,2.0
-402.90682436502607,252.43766363136558,6.977298682237676,0.8390204670130722,0.0,2.0
228.35787319690652,-409.1192311115113,6.834701192637543,0.779536585524891,0.0,2.0
330.6403109004725,289.04437254616136,7.788612689802878,0.8310870212499952,0.0,2.0
-441.21961832240424,-44.826905460057766,5.919738030481374,0.758098856027937,0.0870967034023849,0.0
-300.6858868180006,-206.15502036553335,6.434777976662049,0.7652505425181355,0.0,2.0
133.5275508033883,-349.6392913447932,5.712988773290645,0.73673124567465,0.0,2.0
199.77021323624112,-460.9385281621675,6.674642549509083,0.821102669275782,0.05114166903162254,0.0
-342.01338854084395,155.43341532785232,5.041880538366749,0.6754366253159989,0.0,2.0
50.933229709682095,-379.9250719470839,5.7982671272335065,0.7283837022216322,0.0,2.0
-413.09232320758366,316.2767599074284,6.1753110980817185,0.9223988734154309,0.4723334726254182,0.0
211.54557905480473,403.673518089125,6.064967245001701,0.7535015084329971,0.0,2.0
358.1272889951042,207.33060013209757,6.899423603808582,0.7502884515666498,0.0,2.0
525.1214238174022,29.818383894301224,5.511348865808277,0.9179727608663557,0.5359791053901816,0.0
-429.81451022620894,86.08198827889751,7.575787635177227,0.808260864811673,0.021786032308671103,0.0
-467.0372870528278,199.3899506311573,7.168419720699263,0.9284081085064538,0.3890719845825765,0.0
324.2166679807786,162.12178049557986,5.645779464920203,0.6182917205632371,0.0,2.0
-167.91790965909144,441.2225125539067,5.743692191597417,0.7141464728453505,0.037820228955665565,0.0
-10.349857106212292,-342.65704548472735,5.276284622778828,0.6614085936476111,0.0,2.0
-352.00437331413013,-64.88686060526382,5.793293081912204,0.7207084800726852,0.0,2.0
-226.00730481394805,-258.8611124734226,6.041006387076252,0.716117283210239,0.0,2.0
-98.06382377413293,395.6618394600266,5.114982113009754,0.782442895902999,0.0,2.0
-331.68624772303576,-256.7547069690184,5.794538343400381,0.7361706228733915,0.0,2.0
-174.95516423917036,-380.9018071988847,5.1563402575958435,0.6691551988411933,0.0,2.0
-192.060992228708,-427.02109768747744,7.263442793100532,0.771343110305188,0.0,2.0
130.9648397581172,470.23106128117075,6.079296691589162,0.847185653836416,0.1528298639699332,0.0
508.95172110672155,-154.36130974647503,5.545234830702972,0.9787345614556577,0.7698841266333506,0.0
-303.4744583712492,-312.3768872639161,7.128038693076702,0.7852762167833712,0.0,2.0
198.36490730373032,-374.77323453477163,5.21531949951785,0.7632565120676418,0.0,2.0
-420.1831129589696,304.6062229258137,4.33258482451353,0.9182223202526183,0.5402580584288861,0.0
121.66602792988647,431.4424789960777,6.462942277497886,0.7586233801087764,0.0,2.0
-449.92054965819557,102.3147589751304,7.79903588318403,0.8134375673679959,0.0,2.0
504.38635461817177,130.02837048920313,5.982335526578915,0.9145362726733879,0.3456053953783641,0.0
449.073306651382,167.78779079297902,5.64161305013416,0.7486146792261046,0.22179107726203848,0.0
-5.413288697907452,405.5009475491675,4.4898376534105084,0.6634768210614118,0.0,2.0
-237.87486350868903,-453.61856608389127,6.726275360059733,0.9108864297538578,0.23673401729130406,0.0
401.49706500115974,333.804488565524,7.761041658359232,0.9131586762435088,0.34449441784668816,0.0
98.57477447288517,-384.24994117724316,4.3540227832905645,0.6381067702411486,0.0,2.0
54.404191916197796,-298.97653894986473,4.892690657083616,0.6450999116499012,0.0,2.0
248.32244292974036,354.93510899697435,6.868859217912829,0.7565803218513764,0.0,2.0
320.1155126533501,-166.26390846648692,5.867808190554707,0.728925194535981,0.0,2.0
112.80368364406002,-353.216615581086,6.096061129173894,0.7311016586284983,0.0,2.0
479.10410641689907,-192.89694722957327,5.450554699510776,0.9302762481860802,0.35178317985262636,0.0
-333.41350941955017,-417.9116888830448,6.945377400475232,0.9783132237207939,0.7685022843077856,0.0
228.85053189605267,336.5938435345613,6.634831254823196,0.7457861724808704,0.0,2.0
117.84095225142069,276.57252076139974,5.556825205801722,0.7391458044161386,0.0,2.0
49.85133629338445,436.0221598985261,5.635639354295697,0.852833400521756,0.13184425249142293,0.0
-294.8817034835556,-287.839839454375,6.413064328563704,0.7125031030729642,0.0,2.0
-36.54245940179381,-378.7490896734025,6.504306460154361,0.7263641037374133,0.0,2.0
-486.0367627009869,-38.49022291899664,7.379694359041056,0.8548209576908444,0.01639188366929162,0.0
-472.5802446563051,80.9606570063556,5.1743998664758,0.657150723569272,0.019792178470512494,0.0
182.3855900308608,8.679768147534777,5.423647712000044,0.6239242050568373,0.0,2.0
-175.4184064943383,496.2580199311538,6.83020957328083,0.9241178141605285,0.35571930165835813,0.0
199.6909291076937,-384.32717667991625,6.538934766813864,0.7572235384983392,0.0,2.0
-389.7743826981263,-360.77641642556335,5.443062604156696,0.954886791435259,0.7063392680180344,0.0
384.8443144072344,-82.11579631604098,6.356231505199918,0.7565171830541719,0.0,2.0
-285.38121518889153,-302.73989857559144,7.0875903657539245,0.8121278152704354,0.0,2.0
-364.65983422935665,235.37260040138327,7.714435932857549,0.8063475390846125,0.0,2.0
-411.53867626243516,-23.805061460850233,7.087922394089054,0.7984497852402526,0.0,2.0
346.2957586138684,62.51136744979093,6.301793043261475,0.7683500710249638,0.0,2.0
-116.87810226823096,493.54412254360966,5.868298733201492,0.8336185166292065,0.18239614380527563,0.0
-187.41245958745387,-462.62172379969763,6.601949143230491,0.8319853054108511,0.0710523891532528,0.0
-144.30328833166357,345.6178947711209,6.558063345179193,0.7220404812577305,0.0,2.0
251.56749080029104,-359.4806709940249,6.116984946484851,0.766192659058997,0.0,2.0
139.5932626144286,-392.75800668023186,7.066103603072445,0.7284010450474651,0.0,2.0
62.083745762090395,-444.77294324931967,6.447099668909274,0.7583263829348478,0.0,2.0
491.53719017385276,179.57841436023267,6.171293539252408,0.9066975984549648,0.22397834231682484,0.0
-36.11642116512805,-404.3484247721316,5.728412487988607,0.7495782742262317,0.0,2.0
-493.5629225296911,52.427889038133166,5.4517435641466525,0.7845897923334325,0.23361250594355462,0.0
328.0263906947871,-242.09897939625017,6.372931313136459,0.7558810077714594,0.0,2.0
-373.49264685541584,322.91742423649873,5.114985649631827,0.7342760805841712,0.04606729880855493,0.0
238.07116172116625,351.24791278755816,6.841105882108912,0.746289597776961,0.0,2.0
-180.9543016234971,446.87715440960244,6.055831455245485,0.7918425280368477,0.12114205637181483,0.0
180.9572083508354,337.8388497665343,5.739251077333445,0.736639415953248,0.0,2.0
-331.708881746725,122.72698913733758,4.514924616048325,0.6695328420480361,0.019906303063425522,0.0
-312.43718464324485,373.4284695528053,5.995328643252693,0.7994348863884629,0.24778162926838287,0.0
-374.943995798893,-161.25879943180084,6.66689097265171,0.7195182618330183,0.0,2.0
-192.26238716369986,11.552575973969702,5.15083388980355,0.7079421614435453,0.0,2.0
-393.3582151935025,-55.68779399738842,6.335271060734998,0.7439530650320226,0.0,2.0
481.1946248825359,35.75992173637721,4.850362413839851,0.8183834832571447,0.16484714293825845,0.0
475.8212040962487,-229.6728755058987,5.8023931189142255,0.9763103977290866,0.7718158276601815,0.0
67.9770211438735,-356.73327461179935,6.688712680310196,0.6938300304678658,0.0,2.0
68.94290196794378,309.19064389359994,6.021572257198925,0.7300697400940236,0.0,2.0
-203.6009240300101,-193.35612468502916,5.386976945624668,0.597162496023517,0.0,2.0
521.2916335261039,69.8987334075041,6.966952422226535,0.9276231327616307,0.3703509404797102,0.0
-246.69941599574022,-446.6022940066047,5.96509659843027,0.851151009303908,0.21067414046906482,0.0
419.84848489410035,112.8376968064761,5.8844000967788554,0.7195682673801402,0.03589319023778762,0.0
-206.13089900184497,-370.7933480807351,5.490876253374483,0.751662623919277,0.0,2.0
-149.2138733836596,336.4302282413668,5.963837642780503,0.7389437707386033,0.0,2.0
442.96213854205445,-45.11942559736278,6.19537108454907,0.7403065262876883,0.0,2.0
381.8539799622259,-241.31044357672184,7.629128223205139,0.7668367639758034,0.0,2.0
214.6950672734661,373.09609354670357,5.8285826465151045,0.8037737386010585,0.13529352174270964,0.0
415.04949600744675,-28.94414515903774,6.50332014689802,0.8190723421353177,0.0,2.0
195.3408712018115,-339.5514922920366,5.566499806374262,0.7104877214953916,0.0,2.0
-400.32822471083995,-20.31865838188425,6.931009598155526,0.7455089105242036,0.0,2.0
-310.3250894643118,-401.3488979961252,6.91793104690638,0.8553087911053016,0.11097892414903762,0.0
-343.31164458149203,-203.3422546111241,6.516387377752905,0.8008804879457855,0.0,2.0
-215.33469551094356,234.32242112273903,5.483011194281305,0.7319710444593827,0.0,2.0
512.1140827265192,-7.061829929279728,6.569119637591914,0.8943159792211992,0.2988323794767716,0.0
-425.5049118593194,-10.319958789122168,7.007124546553063,0.72606071436776,0.0,2.0
-419.2632827538785,5.102704843117825,5.799961560068675,0.7535718002149453,0.0,2.0
-354.0460388874147,124.10293977992218,5.38664560068797,0.7770637846652243,0.0,2.0
150.53923897262038,-315.60268687787146,6.806432468217056,0.7401193021419228,0.0,2.0
-194.61086126470943,471.1269277575713,6.085429577495863,0.8698746979474199,0.2113390206459715,0.0
-190.7806952022771,243.620256601674,5.742870141061945,0.7496108303365173,0.0,2.0
-388.3668445191685,-117.4183926169582,6.393380873039053,0.7203792435310673,0.0,2.0
138.9898926310998,385.0475394557154,6.7258303166186515,0.8038064144062057,0.007264793319260642,0.0
425.5262311592661,-15.281142723138869,5.660466898359709,0.6937185137899523,0.0,2.0
345.0330757968924,257.8951688028696,6.2766861747944,0.6971955546034257,0.00368755568298887,0.0
-275.1148938422035,316.4741330788168,6.2673622542527685,0.739364592136011,0.0,2.0
-356.99329694205085,-152.2837655767199,5.655916423180082,0.757645042203383,0.0,2.0
-220.11342503875048,-343.1823584951727,5.123863854219906,0.7559165828346018,0.0,2.0
189.48406013073767,337.5257524194733,5.2345633862950125,0.6383195675053618,0.0,2.0
-336.3247461408852,161.70150794242346,5.466819692103601,0.7365021419574072,0.0,2.0
-385.94930331621794,276.7872700665118,6.2619919149623415,0.7662229603490173,0.0,2.0
-368.4334794052097,330.72898816853717,5.904287024815416,0.7760308193291198,0.0,2.0
-449.5555074707229,91.25164921417473,6.074707614390264,0.7445780061268501,0.0,2.0
-134.07890314467622,409.70589354066624,6.949307812969226,0.827808929613495,0.0,2.0
-47.92902854428593,-393.23009749646144,6.135243767988441,0.6983092226510167,0.017427779723233273,0.0
108.3767860179855,363.01439480783444,5.837425831052652,0.7380939723899267,0.0,2.0
96.390165870137,-509.2410746234363,7.121446384397922,0.9127594253739271,0.30202097712404574,0.0
282.4058422145449,-373.477990986547,5.987036775253213,0.8520956503323077,0.030101278264591063,0.0
-359.8206422715218,150.61699643776078,5.616229152566418,0.756365968983968,0.0,2.0
395.1104402443616,-302.9817892320768,6.806798931040379,0.8764546130145799,0.16565577416292276,0.0
-51.91984110410349,-410.2335285402748,6.753047126547644,0.7584409391463195,0.0,2.0
211.99972254088786,393.8643670801238,6.437772843354625,0.7665039316218281,0.0,2.0
328.1781279671859,196.6961917538801,5.815242467673381,0.7076004595032204,0.0,2.0
-484.72284188652776,-178.24343797616396,6.882193032871979,0.8555748617040578,0.12512432954353828,0.0
-408.79802989498256,-303.4543807767949,5.0203072381093925,0.845031293835179,0.3108396909295852,0.0
396.6305235953387,-56.466948315494946,6.803557467861863,0.7185901380344613,0.0,2.0
254.13587477246537,276.6542445748364,5.255183566691098,0.7579378479662947,0.0,2.0
142.41781978627404,-486.1044970860813,5.247212188190329,0.7685414790935295,0.10089939358353293,0.0
-318.11649655504266,-243.52644224624007,6.38465701346234,0.8392056788635711,0.0,2.0
165.25119245833426,464.67335332845465,5.030081615488856,0.7677892211447473,0.2233016626066475,0.0
-293.395434552963,231.62988593783686,6.107345800782234,0.7359887434629971,0.0008552286906854876,2.0
10.614447351423369,410.16512482368773,5.527174010369748,0.6898770920734049,0.007909755440710238,0.0
429.8780310584203,-190.37151738313875,6.063835958292731,0.8110915150322373,0.03256746757345152,0.0
16.795090273369777,-494.7051693876347,4.507346634800119,0.8626646740382615,0.336175609696961,0.0
-106.20995136071686,-255.30537048819673,5.35263178516089,0.7400065763279725,0.0,2.0
416.40816542596474,304.5225971064394,5.45891955949096,0.8890436757027435,0.38414107748281634,0.0
194.94487535685707,331.126379839264,5.578626313897438,0.6899460067074112,0.0,2.0
-336.84603933093706,-167.64638015956382,5.755071616325465,0.772339880802299,0.0,2.0
289.887122508871,-169.08929806064378,5.246844322417518,0.5968062878893863,0.0,2.0
379.66164322611814,21.078829929342128,5.965906324855102,0.813861836374065,0.0,2.0
-184.46308597732386,238.25999402704863,3.9209551365512767,0.6311116628176695,0.0,2.0
323.4560174714021,-250.9312505541913,6.16385026902091,0.7616883952661345,0.0,2.0
246.17732874437436,-325.6319047432463,5.89036747719387,0.7345254130348701,0.0,2.0
-12.321790177262038,73.55624600657633,5.346479523201985,0.6403301391347239,0.0,2.0
-377.89587645113875,260.876051183948,6.03623241438377,0.7381725671221552,0.04184724347553113,0.0
414.3449233932747,-321.09593132791656,6.486374656937618,0.9515683919236793,0.5311356900613353,0.0
-146.7155196950715,431.58084244629225,5.993931178932378,0.7437326635598254,0.0,2.0
148.53324597347296,-426.7942972399325,5.872638266379875,0.7656120392031659,0.0,2.0
-403.3203266077291,74.70546180891077,6.231592673015564,0.7202325804853862,0.0,2.0
165.88565066858797,360.7361339805338,6.275851950252493,0.729485386262079,0.0,2.0
-468.10108687189825,-88.29689429821441,6.74049077954481,0.7537073424630768,0.07484206132829156,0.0
-176.88995456574375,-335.1455336927848,5.900292863213028,0.7626324337079193,0.0,2.0
357.6891585711212,-317.92050267742945,5.042266417475286,0.7957065094128388,0.12497464840230375,0.0
108.99957272273464,-489.2972419874594,6.239335829236934,0.8350866872739467,0.09428798041085294,0.0
437.72820794202505,-143.24679257973042,6.484722095204842,0.7737445874530136,0.0,2.0
-392.70312876643817,315.14697935127873,6.684078563813142,0.8593067802725363,0.19124564255664508,0.0
-162.00856054017885,-492.2120529617283,6.610648559106896,0.9263027284888026,0.4739627537603445,0.0
-250.12814768993073,363.3338543522349,6.91654930409498,0.8150654541472079,0.0,2.0
-217.21471372663484,226.00506948379342,5.372556828600237,0.7405335467409158,0.0,2.0
-43.35208987072744,-224.20492518059723,5.575777992761971,0.7148785826966377,0.0,2.0
313.4161782828544,316.8388503079212,6.301710747241647,0.7477407917425112,0.0,2.0
112.87038236524631,464.04212237241705,5.426392838208552,0.6611102894804511,0.12808134640833319,0.0
194.67550844309633,-312.89198099285284,5.6881150931154565,0.7544364821716733,0.0,2.0
315.14139626155037,-27.137047651706514,5.007018269896943,0.6545069099372004,0.0,2.0
-70.2225809442175,396.42343595159645,6.882849881489422,0.7418491190455265,0.0,2.0
377.3183564322561,207.57767824811646,6.462890177655585,0.8039190711205744,0.04780734381083798,0.0
367.37885770706015,149.5669605620271,4.5199758250723185,0.7449779883805411,0.010805342007749697,0.0
-25.391856151042937,507.2180962386832,6.86760852797051,0.8558318645660452,0.12158659847031275,0.0
-383.26711372630626,343.07451432096855,6.687018101236265,0.8545363245522394,0.10349269301802859,0.0
-110.9778089011563,423.29094023960295,5.47044213892245,0.7452499600743527,0.0,2.0
-52.33643623533157,376.8064922736052,4.980239745765843,0.6197302831439221,0.0,2.0
342.5280408848753,-402.11091985434774,5.613308102642203,0.9653736799501648,0.5958108496587939,0.0
4.8768154643965085,-512.8281732482908,4.77161054295189,0.8147197578818547,0.15668313882366527,0.0
271.6152358321502,229.91599398945905,5.675468257465506,0.7474948753869144,0.0,2.0
131.6866417567753,374.52792454709527,6.169940931617497,0.7235656159398475,0.01056637863840698,0.0
455.72729738641675,-79.04285344283069,6.354753751333119,0.7509573083274941,0.0,2.0
-54.83562311680596,394.53970616598167,6.000415149647198,0.6446236513562467,0.0,2.0
-465.35424381498075,170.85582345928373,5.46846819132608,0.81119714319104,0.15002598643299045,0.0
-55.56282367496997,-439.9933392447023,7.564349374065178,0.8021080286996182,0.0,2.0
-293.5061548932129,172.09318490324404,6.516148213016808,0.7363810106151307,0.0,2.0
234.35284528748804,-311.5260806352366,6.615857561265527,0.7438457157481797,0.0,2.0
-212.112755344195,-169.33010872279993,5.0439855513612555,0.7223282272437496,0.0,2.0
-69.3103940813028,407.2883415086123,6.114303950219612,0.7357859694376558,0.0,2.0
-89.01641749120695,374.7564088843139,6.160498591833799,0.7194253018121712,0.0,2.0
272.05062813759616,221.5063344833258,5.377131092121474,0.7508661916457382,0.0,2.0
-241.0036449813223,393.4627407022306,5.474715499555738,0.777083724115699,0.09464506660803726,0.0
-514.8909946308904,105.6183464367583,6.191036855417221,0.905550871756118,0.30608833539844793,0.0
337.5091703285103,-317.5474459609081,6.4182383208397455,0.7624946915709746,0.0,2.0
-268.59259527188465,438.64768882771233,8.437735442910501,0.9410414643061977,0.2714499168854939,0.0
-66.98755592155808,-401.5102574080016,6.338601149137471,0.7536134310164238,0.0,2.0
380.44610988333955,-155.70226640786623,5.983821083441452,0.7107352855078599,0.0,2.0
239.22348487898824,-332.62714720639354,5.909744012262483,0.7363554345204371,0.0,2.0
-91.0249868962044,-382.2374727806421,5.621003612355827,0.7441757238527363,0.0,2.0
298.6575949465539,-260.3103512708435,5.865375809518146,0.7416210622776714,0.0,2.0
-143.82252619375822,404.7762409251597,6.11040190190204,0.7646678794579822,0.0,2.0
-246.03274573063987,314.9992897129251,5.115158163402833,0.7349229618899213,0.0,2.0
43.48382066991135,383.1308605786584,5.996926940951329,0.6972282415097367,0.0,2.0
-284.20482753702953,-397.82505734535346,5.573911857316378,0.7520303953868311,0.21855330579980795,0.0
272.53867780170464,213.88650054505302,4.14276812310513,0.5992763100685158,0.0,2.0
-459.6674350281601,32.57888578354981,6.650965794491711,0.8291203875567518,0.060268015097086805,0.0
-69.83104476247844,486.8145805803302,5.605853097762091,0.8015866726476372,0.011147801555135324,0.0
-360.4098055185127,-193.14608075908916,5.8987479709409225,0.770144382580873,0.0,2.0
-502.3596305753767,66.70559926410853,6.258635898529032,0.8358093432832162,0.06816935584797065,0.0
441.7516907403568,193.94946049931386,4.806357193357424,0.8530899094487538,0.2792944178088726,0.0
-362.97153249027184,-300.7157128617095,6.267802768667932,0.8029488490498748,0.02632959868832063,0.0
389.63000256395264,-24.12999021203829,7.277554216484153,0.8035823105427691,0.0,2.0
-413.73202820910257,75.65185447495037,6.519024141911865,0.7719449545082333,0.0,2.0
-357.81529634677923,263.76988297119266,6.8934934576393125,0.806616417200524,0.0,2.0
-358.9866194822277,-183.35152618459963,6.135839292229438,0.7477691248216398,0.0,2.0
-378.21714482754817,-192.2341812388919,6.729044594655611,0.7367230433185395,0.0,2.0
409.4912850959222,76.82784247697,5.825236083145636,0.7376976771711046,0.0,2.0
-226.71725825019826,271.12663970212145,5.27340034509012,0.7624414360477224,0.0,2.0
-429.22434702637037,49.49358584643698,7.181880368628451,0.7915785778814536,0.02575141612913572,0.0
-179.6910784012002,351.49532295877253,5.605603370973047,0.7187811103294885,0.0468614169816061,0.0
349.6553610003016,-114.53582742955618,4.786490816319783,0.6482743892329065,0.0,2.0
-423.25592970406586,-49.25913589957021,6.60197259455604,0.7554122764524637,0.0,2.0
-425.5636809468738,-67.62029432147487,7.062672983091425,0.777955526014149,0.0,2.0
1.122575429896862,-418.3948038325446,5.25897878055159,0.6386066631091072,0.0,2.0
-355.3620121490698,-172.29512145217228,6.721186463122686,0.8178957599736918,0.0,2.0
-423.31272759907284,95.55251884528928,6.6258317874305,0.7273015201424954,0.0,2.0
435.8612706412968,-176.892195456574,5.27093678258638,0.7353132974694856,0.05179281494912874,0.0
-364.88529111651064,-22.613392210714668,5.76506169433106,0.7678708660348781,0.0,2.0
438.8106573010288,57.67133626384439,5.746953105471043,0.7507918471886192,0.0,2.0
281.1375450903793,428.24497660853484,3.384059175855395,0.8651297529889903,0.3536847130837369,0.0
427.32102690987955,43.86151626437925,7.3026995243551625,0.8045345288553422,0.0,2.0
280.7091419813788,-301.957564084603,6.60151370701022,0.7486196592932035,0.0,2.0
-172.04088605381017,304.17842953115434,5.760906497547387,0.7368099258516673,0.0,2.0
75.71364923291391,448.3282448290155,5.033570067117381,0.7561088961525692,0.0,2.0
105.06364995047876,-419.0416046631721,5.827699802091517,0.6749349791870306,0.0,2.0
253.65425312232273,321.56486853510006,5.318215215923841,0.7572790600569411,0.0,2.0
461.8742453888818,144.4881069345514,7.265874149718188,0.8407691466668656,0.100666923099764,0.0
405.72470597932846,-95.38454778204124,7.531135875306754,0.8073732740579196,0.009484134544630523,0.0
-433.5288088600623,40.78391899428155,6.141041783239931,0.6290008506385447,0.0,2.0
395.9050554508814,67.80855681117993,6.267948506391684,0.7424988265495982,0.0,2.0
-483.858061688629,64.9448649731118,5.725960596128962,0.796264482443143,0.12497085643792895,0.0
242.7992378342713,-360.3640660471583,4.837781759699443,0.6254396932856635,0.0,2.0
-17.00786849119989,-359.6067074916969,5.672044017950698,0.7213928250359586,0.0,2.0
341.4348340424298,-275.8790895687369,5.96399990326399,0.7483233197142245,0.06200338068659519,0.0
-383.251855621663,145.89954975751726,6.894453162101681,0.7120825731190454,0.0,2.0
-129.2981943751504,-405.43551480484035,5.16632327625593,0.7633759480472682,0.0,2.0
426.78368206251065,-5.2958529636321146,7.4185168056661475,0.7607253648945751,0.0,2.0
-372.93170581500993,-131.3989008990894,6.084439989225779,0.7339739874325494,0.0,2.0
-249.34928294517508,-348.5055704568382,6.570809671045144,0.7142135848269202,0.0,2.0
453.9298823184854,-44.060028364302546,6.317009730591701,0.726002653997469,0.0,2.0
-284.97154489837476,-290.98330583017776,6.535502991683187,0.7696452579541853,0.0,2.0
296.2111552374328,247.70065849755684,5.376690598324865,0.739485153552243,0.0,2.0
424.6337280052452,-107.11146813151453,7.5891544427672875,0.8048658880461651,0.0,2.0
-392.49150051973584,-81.97837042195236,5.936785044396983,0.7530419038135954,0.0,2.0
-322.1367122485597,321.180038064084,6.872173338401197,0.8262442192428929,0.0,2.0
294.2037815816845,-16.079762541233837,5.418629955785852,0.747614903993284,0.0,2.0
-392.21945009057583,-232.23405982432578,6.294628931375638,0.7574071468609237,0.0,2.0
-316.7803046624954,222.03696169296342,5.378912195540381,0.787984682541993,0.0,2.0
-357.9194357257485,160.94041713436584,6.270652684963096,0.7176223443759706,0.0,2.0
-162.48715526739417,426.0387375387759,6.213077711948412,0.7611272644249565,0.0,2.0
-280.234241373273,-415.5106424718593,7.170196658471749,0.7916822230445603,0.0,2.0
239.77681715061007,436.9962369551169,7.061029421602331,0.8280077511343941,0.16821695866548123,0.0
165.36701608029574,298.2477688678808,5.033848129566042,0.6370191861217382,0.0,2.0
371.4031170541649,-285.1382923789967,5.866026256516832,0.7944748146332568,0.0,2.0
19.233319551306035,-522.0806080451837,6.6500594218079145,0.919899493126188,0.44482468739955966,0.0
-412.3430316518051,131.44878333224867,5.55104641989571,0.7718018973093523,0.0,2.0
-122.12901397520419,-411.08160536500554,5.986406620242556,0.7682781460647973,0.0,2.0
-274.5128756787891,296.56774478764993,6.18962875139791,0.7666352864939744,0.0,2.0
-388.831666783517,-6.939199862527795,5.246947599968969,0.753846811947581,0.0,2.0
287.63569464797735,-295.1898244365834,5.1794107476288795,0.7574951746409108,0.0,2.0
-366.2027531165195,55.43477087153389,6.305430550815296,0.7950636944973154,0.0,2.0
308.8936590469878,239.5377746085131,4.504297092336493,0.635457054911016,0.0,2.0
-354.6062816859763,170.37305610676964,6.379226049098693,0.7297172075098206,0.0,2.0
330.06411754728873,-20.210178161009654,5.857264713762471,0.7332215957667169,0.0,2.0
407.0883751362055,343.89098256935887,4.974992743902171,0.9387383413144077,0.5794781024782039,0.0
-295.95469118546566,389.71786189643007,5.392325931937006,0.8049844503249177,0.14000653524943524,0.0
17.734835314031134,153.86232893801142,5.131416103226907,0.7217843460073948,0.0,2.0
-479.21792777263545,43.879142482989025,6.78002377799833,0.9047423332945854,0.24887628270777418,0.0
-315.1099567201502,359.2640034278791,6.705982867749293,0.8277931628661,0.1897033452918295,0.0
-358.41232125772217,273.68261888749475,5.6093846050343,0.6823157288274048,0.0018186541853292915,2.0
-41.276552286449956,-386.8764155347824,5.680842974839965,0.6839927738151355,0.0,2.0
-186.4795275831041,317.31995269601276,5.4971116889032885,0.7378504145220441,0.0,2.0
492.51233147139845,210.49854840046348,8.43186996014676,0.9805842774617627,0.7076630269681737,0.0
112.50489927918659,-412.5652057254568,6.678537146368288,0.7951990993743299,0.023490381718406953,0.0
-25.875876716935213,-441.5813892276881,6.333179583173583,0.7500062394869346,0.0,2.0
-107.57172578080856,413.5475012989595,5.829611881731734,0.744009725021204,0.0,2.0
-209.8756600853757,-347.09051054846964,6.469469697378442,0.7122885493156033,0.0,2.0
296.34339849836874,282.3989090361618,7.277910921294697,0.7954031486737796,0.0,2.0
498.7403444269587,-25.95141332844177,5.159604571978118,0.7964497763760847,0.12926690963349383,0.0
-63.65836618441659,437.91829547636206,5.550906735106204,0.7307485405825279,0.0,2.0
-314.9507525134166,-283.88628305437095,6.216397066588531,0.7486452232652638,0.0,2.0
-286.4098468879006,-160.57747725125174,5.183199679979667,0.6448505956902645,0.0,2.0
81.64476274891013,-436.78027394187905,6.359485730836495,0.7539028196461056,0.0,2.0
151.29618656838082,362.4769515177766,5.265536904776433,0.6323183756762164,0.0,2.0
-335.62142108051523,-218.5798843622063,5.9172720679736,0.6945644240829175,0.0,2.0
158.47610610595945,411.34056696705755,4.731234020632698,0.6214616054331835,0.0,2.0
-290.41640436998614,346.0334085572154,7.1475460063244265,0.775651548788147,0.0,2.0
-321.034675320208,-292.81447208417126,6.2061074277255,0.7607104326709256,0.0,2.0
179.95389937764796,-365.1633118771418,6.930011778866186,0.8032247743173632,0.0,2.0
-140.39322574628954,354.79764764916405,5.779723724210265,0.7155001468653412,0.0,2.0
-100.34809332512991,-384.03944835674423,6.2040531051620675,0.7121440400413959,0.0,2.0
47.070326083905705,461.78350237803056,6.6660854834794225,0.8188888411276288,0.0,2.0
-13.063371280971506,-384.06295394940304,6.747722956695924,0.8096341794036405,0.0,2.0
-375.81638142800085,-56.33220854361746,6.23612110585291,0.7898301524007956,0.0,2.0
-176.44420294113135,329.6226371739396,4.418334555480931,0.64718629093125,0.0,2.0
412.48992616436436,-157.95188376506124,6.765215578754835,0.748634663753938,0.0,2.0
-348.727159611721,-147.22301295671863,5.039256359271963,0.6641166559250533,0.0,2.0
66.28653331055406,343.13924200105936,5.494141882784133,0.655198574549237,0.012425924454441283,0.0
429.3850013461412,107.61102644367894,6.844360292992342,0.7638704611844523,0.08251893390846778,0.0
-447.81342122515275,259.1049739629699,5.98477748300086,0.8613340501836931,0.18408491726912085,0.0
263.68831637036453,299.55834668847683,5.366630562036379,0.7558743144873515,0.0,2.0
-78.82211580133828,402.4203720022016,6.444214866051622,0.7310512358153596,0.0,2.0
356.11410092365963,374.49350148365664,5.465480426000823,0.8812263440143486,0.2076653384628573,0.0
-405.81982965795817,139.96727967187803,7.3428456994784135,0.7713953204612894,0.0040784257103079185,0.0
133.47518382769024,365.5814967235281,5.758817945109713,0.7319251087098954,0.013213378985161284,0.0
116.20520668303504,-318.3993895921827,5.434403883961563,0.7070300204383251,0.0,2.0
183.7243632284252,368.9968202452738,6.683636879835726,0.6991556340780988,0.03532770602961024,0.0
400.45619562386855,12.599969666661949,6.874839522547503,0.7448143440956893,0.0,2.0
-231.98537567293855,-109.27963302345694,4.683229278740783,0.6747384453771902,0.0,2.0
139.59337674291902,437.69208841294153,7.206345127058726,0.81391956007478,0.0,2.0
-211.8869233397525,-390.9550014954427,6.866669474395372,0.7883778437360145,0.0,2.0
59.2559390098622,501.89861752747817,6.909509105101705,0.8568316184815143,0.12914817354539368,0.0
-203.62177702741192,-330.0680058247827,6.547419151038083,0.7292038313228161,0.0,2.0
-19.811412478672608,-367.97109679006803,4.923981533003959,0.7766609698093112,0.006884686984811551,0.0
-519.5654690336632,-137.0319781934018,5.479423026674704,0.9810871788243545,0.8009371195841775,0.0
162.0682502367378,-302.8316937854975,5.24982083121794,0.7740124876358033,0.0,2.0
-346.52161198183666,109.9707066958194,5.699359936770012,0.7459633474487555,0.0,2.0
164.95585294704753,-370.5119636709422,4.790447281998538,0.6296540045699378,0.0,2.0
11.384490198187818,367.00092393840606,5.624224902998233,0.7545623332532261,0.0,2.0
-402.6769980060755,186.0369949917862,5.66636684168485,0.7762573887881233,0.007401203971643886,0.0
-365.543965130152,-32.14126918971971,5.6601122048036325,0.7637410063319664,0.0,2.0
-372.4309672969255,-238.70249518569645,7.030698922096855,0.7511357280428466,0.0,2.0
-232.2048183581014,424.9966674277817,6.1701615534622665,0.7861760512983088,0.0,2.0
30.64419710568541,-414.6184228015533,6.25707967316371,0.7318514373372895,0.0,2.0
226.50706744783264,-358.4464584423367,7.400115843024328,0.8512133070109185,0.03165628910348754,0.0
362.4210488477242,334.2383181342867,5.304171663222221,0.8107648077560632,0.15343296106293605,0.0
506.40794195704717,-126.19527543974318,5.801852320068837,0.9122407968941362,0.3416591890134807,0.0
40.82536889060644,-414.7003113151827,6.5765422840132315,0.7370798729875103,0.0,2.0
490.8388443310759,-114.38353078062973,6.785782337909691,0.8325927745175552,0.06856704248487881,0.0
-448.11072949428194,-81.37730715168753,4.97457804469173,0.675580664716087,0.0,2.0
-327.3967866769839,273.2697520618815,5.233108007093527,0.6533937408317755,0.0,2.0
-189.18698231456912,501.20212686890255,5.94736150452312,0.9540863928105664,0.6120009224414042,0.0
420.3950318437146,176.05590166205283,6.212261555557662,0.8031825972172622,0.019188224089456668,0.0
-228.55233085656235,-348.5769270083674,6.511808145688813,0.7671191388137963,0.0,2.0
-212.9892354262424,-402.4710336885332,7.250011471188562,0.7427835812195678,0.0,2.0
131.30496088795613,-400.690726412593,7.170044052623165,0.7410861144783748,0.0,2.0
-391.2317668159986,204.47953979716985,6.079395801959003,0.7367808273559318,0.0,2.0
380.29858045693567,-176.6272368424724,5.967902992341446,0.7447665949708416,0.0,2.0
412.5080044275396,-120.74041783888546,6.842112927053275,0.8104305617203315,0.0,2.0
-358.54934794640303,61.8647568576911,5.289925377151423,0.7478877698222054,0.0,2.0
374.066160864579,37.845430778092286,5.485029839355613,0.7566694127869807,0.0,2.0
320.9402632829891,-52.42407783595741,5.580334743603943,0.7669831798658031,0.0,2.0
-386.55480164335995,-186.16293771775628,6.511925439552978,0.7434958467687947,0.0,2.0
479.8708097672879,217.41643061529228,7.029643486246989,0.9349180431510552,0.3964210983691285,0.0
-395.4598691619911,7.915855109237295,5.638011071346566,0.6052473062056664,0.0,2.0
391.4314899224776,269.21760115890027,6.139441709607575,0.7634053343188106,0.03063903928065152,0.0
250.58274023946,-403.1296395974234,6.002216312475736,0.7785220924856324,0.04349789851731588,0.0
291.6795075803968,-229.31411992952494,6.2407901609725,0.7985446123482136,0.010318689120554569,0.0
-155.52465964678984,-232.95740086391078,5.265557425865413,0.5833365077401524,0.0,2.0
-14.582483850649451,418.4720461428267,5.199191103294325,0.7714494432426351,0.0,2.0
324.791172973518,305.7466359910839,6.604897095485971,0.705645719661629,0.02511541131019826,0.0
158.3696622491983,344.9049035720768,4.901940972718105,0.6058011456825912,0.0,2.0
506.2000320832037,119.99879242485753,5.5457240981929505,0.9344998277764732,0.5837136675151995,0.0
204.85797316975368,-340.14823889627775,6.431296265348203,0.7419827426630414,0.0,2.0
294.0676696012564,352.8471801115523,5.50977782193517,0.7210079402120287,0.034419823282038096,0.0
-503.9606278549199,-50.223896102165554,6.694820742863852,0.9011135729398029,0.3111553954289131,0.0
7.444239217596717,54.501590852833786,4.957591926008164,0.6410947871592513,0.0,2.0
-362.5595097981851,184.38284823473978,5.472616719344765,0.7221508520563676,0.0,2.0
-313.85272612375957,253.46520135383437,5.0134149648542214,0.6769313406598336,0.0,2.0
45.69644652060771,-431.7946518203304,5.954227953370525,0.7451996297787039,0.0,2.0
-79.29536996961876,434.42682645197027,6.229206061188367,0.7635253807876008,0.0,2.0
-275.26652991734886,-397.3806471817531,5.923902023835447,0.7571889728051346,0.12897856774365896,0.0
338.84358654584986,378.0836967777063,5.020994402238202,0.9178264173876994,0.32284929922059413,0.0
-472.10861349902495,136.7503805627411,4.697092638470818,0.7049006521917444,0.023816235955570336,0.0
-384.0541668017981,-224.9878305224315,6.127526173043784,0.7627759558192592,0.0,2.0
-390.2946719072401,364.7503971683995,5.883755006792778,0.944024211852343,0.507623407551556,0.0
124.31079527463291,398.41135682342303,6.293960695766423,0.712159484567926,0.0415185868196345,0.0
76.06007904276811,366.8662110259312,6.162919971242509,0.7544505251090833,0.0,2.0
-200.947779762293,405.1576872356975,7.3462406794602435,0.7099445878274145,0.026019053925136034,0.0
232.6694455784706,-216.35017271307686,5.778490015801512,0.6897561316739562,0.010072195191173434,0.0
76.66360182831352,-372.21189412363896,6.107212286289482,0.815946412114981,0.0,2.0
397.6895750645786,51.609424703141485,6.1450432217551745,0.7359386425461383,0.0,2.0
-323.05424816972186,99.56136968153818,5.254454839099085,0.8368948074094985,0.000326261372040839,2.0
173.00971286839055,399.8771378916256,6.8232485717441165,0.762200772445307,0.0,2.0
-360.8811462865683,176.40820247473806,4.640154282188513,0.606486749036737,0.0,2.0
-199.42209204283333,444.81658460532833,5.562777804134137,0.7707654208523623,0.0,2.0
263.0991511468191,-333.29433601581866,4.680129519904568,0.668426896917695,0.0,2.0
389.21774915383014,130.3726030727216,6.7869827281914015,0.7652566409800958,0.0,2.0
-82.46792658627515,-489.6758846586792,6.612269831856771,0.8804389036077035,0.1063818561206756,0.0
-285.4520298139467,386.49250894082985,7.193700064194071,0.7971983899415895,0.03199334925853666,0.0
-262.04295226482475,365.5899471774828,7.460144265375903,0.8157384083797111,0.0,2.0
417.99099998317996,0.9909103313801112,6.37446327793061,0.7418339704578425,0.0,2.0
278.7351297033875,208.40621973699547,6.146904015129528,0.7332144002474358,0.0,2.0
471.700833025856,31.583576902223957,6.247501829194306,0.7586608497514523,0.0,2.0
-466.7372768036402,-34.46929204654439,6.788884223249284,0.8178758625877017,0.0,2.0
339.02666112224057,-284.151138516196,4.956831849805088,0.6757380251495727,0.0,2.0
-440.44887624954913,-56.1870458636414,6.655823810327011,0.796205018175656,0.015041524801140396,0.0
-412.17838485822466,-78.11566264099632,6.29120419139918,0.7828938668966726,0.0,2.0
309.9016334983706,-373.329064687908,5.888976005995944,0.8724751066974945,0.25119826958780167,0.0
-249.99989685156692,-298.19963990110483,4.885671204217599,0.6451907722637225,0.0,2.0
-28.2995235623383,470.4367718680057,5.750174722658493,0.8425484747975366,0.09356242298514601,0.0
-374.7841753349251,-36.11744753841823,5.87273051129819,0.767404258191392,0.0,2.0
180.5712669545947,-448.51531917867817,7.016697828806801,0.8206802576033884,0.042017962504675835,0.0
18.09277401686979,45.04192721616367,5.24084649553159,0.7621337991734564,0.0,2.0
156.56198296354262,-432.62339615962156,6.313249511590813,0.7854466388374138,0.0,2.0
396.041954707173,-185.82220544878996,7.061503215528059,0.8050811824923044,0.029064849874286945,0.0
-400.07590906052167,-239.35474725361283,5.737350748131571,0.7954468967937459,0.009015155980113786,0.0
-136.71343516089135,-390.3844941301017,6.444399858849396,0.7278567700394077,0.0,2.0
340.861122091077,-370.32045113916115,8.660553833079009,0.9140993950922125,0.1033805654877669,0.0
-460.6096000748513,-199.02555076707557,5.936319979900217,0.8230037575235832,0.09030204206995204,0.0
111.66212422528484,-373.0894807734019,7.149372537800582,0.8512897406483587,0.03323105419454404,0.0
7.042375835959868,457.7770428385483,6.509643208271414,0.7781616923697142,0.004272443943715424,0.0
255.44892809747037,-329.75265549074606,5.902914549195475,0.7467114312708075,0.0,2.0
-116.31559101859266,347.2041450447161,5.681322177284427,0.7719241533620327,0.0,2.0
220.55195701560953,436.9254000483625,6.792475159157017,0.8137540923170125,0.05591922414351867,0.0
-295.27874192324214,267.9676943412554,5.7234923016873855,0.7530616217165702,0.0,2.0
484.03749788188696,125.62942028688295,6.305745071048893,0.8004671208186789,0.04231205296982738,0.0
9.278205216731923,-453.6186516385699,6.621867585937469,0.7522289871979253,0.0,2.0
495.4550999339518,-124.75351998337389,6.400797500923228,0.8519627341891562,0.09946118245836182,0.0
297.23786296135347,264.37121493076637,6.353683982549926,0.7163654496561522,0.0,2.0
-430.59857402777675,-173.59798930217156,6.894551969640196,0.7562532144071014,0.0,2.0
-11.923017212708334,-451.2251344342372,5.405314922746086,0.7520413893243032,0.002325975764759573,2.0
-402.24862239057586,-80.0763435145522,5.425187225990929,0.7514284202671775,0.0,2.0
154.9228853861271,-442.29777053597945,5.912100508353211,0.7800533591889458,0.0,2.0
500.72688022611055,81.59211951089345,7.101031651429494,0.8960579984953442,0.16889415608414593,0.0
318.95488874831943,-259.8263164353467,5.622042861070487,0.7684757965810655,0.0,2.0
-12.21230120049581,-374.08297235958923,5.269795736397966,0.7661812394311285,0.009744968900345105,0.0
419.6318403954926,11.206749827827968,5.9519514247979055,0.781786450173098,0.0,2.0
-399.1387606497199,-337.6251330524107,6.4171060659331305,0.9117045588982969,0.32561917419846187,0.0
356.39605437422495,273.6391459042973,6.475603274758347,0.7358682940708142,0.04487391649001588,0.0
-150.05920345408944,380.0539107858896,5.476014323574474,0.5820852025044092,0.0,2.0
-344.24419037805194,-309.76592853019673,6.271385123157523,0.743943745664753,0.0015745410483929815,2.0
-416.27951277283245,-285.0931320222599,6.201688544701313,0.8925800496749406,0.2151887681719296,0.0
208.0532242460329,-348.4198011396863,4.851144928608187,0.6088758798667901,0.0,2.0
46.24818353059925,-388.53407266664493,6.298454956638627,0.7246153528454288,0.0,2.0
2.5202048156338326,526.8843837385609,5.942003336286002,0.8799872697902774,0.2646174391006034,0.0
-473.11184063011825,15.281972570007056,6.113905550865557,0.776000939685404,0.0,2.0
-35.349749011087795,-438.2958590490201,6.286802434715549,0.7573570461150025,0.0,2.0
-165.55665609310472,-383.2958762122943,6.63017348111087,0.8075055819684887,0.0,2.0
228.89604236057446,-189.46840556007004,5.19533666239127,0.7101406618149471,0.0,2.0
335.54266848217117,255.2301250959819,6.442425527406903,0.7323861722862629,0.0,2.0
404.3179707265131,-190.474005037758,5.301247435789418,0.705324386145329,0.027310665370925555,0.0
367.7542654531138,-215.63066194607802,6.827078454472191,0.8265785981885494,0.0,2.0
-66.76897978205223,-186.53955078437167,5.2466108953663895,0.6964616903964849,0.0,2.0
-6.811170219491226,-468.6104399486609,6.082473560596833,0.8189164526816337,0.034894923304624965,0.0
-495.33254553252556,95.06259289196215,6.312759016963809,0.8783416195528033,0.16656679756657972,0.0
221.42812944568425,330.89135743846686,5.361266698436568,0.6413811872921571,0.0,2.0
-405.06146793678215,-166.29491213957468,6.474920613970579,0.8325057083533616,0.0583345655165409,0.0
440.7198268241541,-169.46852157758067,6.006656928843537,0.7820507949555062,0.027493078258122052,0.0
413.5818635727557,281.6623627509799,7.163324690787567,0.8405118875173819,0.11919317773563898,0.0
-446.9577630065066,-217.19022488623756,6.513606180156976,0.8613641921236888,0.18369167259383912,0.0
-407.5597113566402,122.55334711968104,6.1163226114530795,0.7440714619851654,0.0,2.0
-312.4467841261207,322.6207602275945,5.37790372874119,0.7461089859576354,0.07790024102638803,0.0
263.6143145835147,-314.21067658578266,6.147191984702481,0.7498943501943154,0.0,2.0
-435.9940704459196,-286.5427713022046,6.526871862220698,0.8871386232191389,0.2335455621218852,0.0
-353.79412109760904,-218.44517969068033,5.5789408605730495,0.7245331679662228,0.0,2.0
-124.52514789637253,351.2460491399752,4.975888153037504,0.7318112669370946,0.0,2.0
290.95534378837755,394.94931735098345,7.181987437678914,0.7966053315463903,0.0037913225961031887,0.0
455.2531110102575,-269.25620314348134,5.820580149437309,0.9693526985077097,0.742190296895824,0.0
-351.81385938791067,-340.2666592905915,6.96598602891599,0.8449182891175423,0.11850235713192712,0.0
113.4162232168719,-499.62411281967496,6.335187146062204,0.864748173582145,0.13509433104807717,0.0
-248.04130091685883,-314.201626669582,6.678478417282207,0.7461877850192576,0.0,2.0
-207.92432703838986,353.00626697779427,4.919225076468813,0.63598058798182,0.0,2.0
-75.45310546734555,-404.23410245342995,4.637942682320117,0.6343444582374833,0.0,2.0
338.4667304705973,-21.226896110370234,4.423399809960794,0.6584332090963346,0.0,2.0
-446.3674081525165,210.7388490017859,6.842534187619347,0.8646205112159526,0.23067228117649305,0.0
90.3390103300908,-497.01404714779807,7.625997247297657,0.8949165314286177,0.19826892982843092,0.0
422.30593326995023,-206.8683940799219,5.686033043121862,0.7924070375175146,0.0019848440931688935,2.0
345.97047440069224,-267.7142078015797,6.310164892861573,0.769820886329919,0.0,2.0
-378.89120734260075,222.03253269320373,5.581345493735816,0.6483380292455183,0.0,2.0
-344.4974971390024,88.8844162153748,6.130131498022911,0.737864519995676,0.0,2.0
103.53817091193163,356.64592447235924,4.551473431491046,0.6232628068007424,0.0,2.0
-45.888575821245574,-355.3140928287006,6.542099656141973,0.7378078473100165,0.0,2.0
434.01175832440754,-49.88566254185339,5.610067688674417,0.7587461558839844,0.0,2.0
40.18898649721935,-464.5044096727275,7.096021704588452,0.8433638968682446,0.016918432397778453,0.0
440.30560186061945,-64.23027992717137,6.277774701278079,0.7778222204379115,0.0,2.0
-61.70448497297376,342.3436118111932,7.036358993665214,0.7581789983282884,0.0,2.0
282.7664825264144,-312.8542237203615,6.9569832004062615,0.7296304549548374,0.0,2.0
-265.2096550724947,246.75817107518589,5.598497388255943,0.7119099076709338,0.0,2.0
69.96700358135973,-380.9958104528621,5.350374267286885,0.7313360189572655,0.01903243690774882,0.0
430.21178063049166,26.00596381240633,6.747595277582761,0.7520090141853294,0.0,2.0
396.8708295582845,-17.006681905693945,5.062410364841555,0.6552129279274637,0.0,2.0
-252.66520045548873,428.9367404221106,5.884327302429037,0.7831157729383447,0.10677324401669674,0.0
-138.9228403677521,-409.16197714079584,6.864745170025843,0.8091652117190323,0.0,2.0
-185.7260708654503,-406.4082554852736,5.616482766753142,0.7622600642095794,0.0,2.0
-335.96300793174265,177.1815305023219,5.803532131123599,0.7586431754687718,0.0,2.0
261.76120990515494,-294.4554142889558,6.174640806407382,0.7387835215769106,0.0,2.0
419.5688956794978,-272.4531241683717,5.5376949408663005,0.8797426389398324,0.17650191302067267,0.0
-128.7281358593756,-453.2452493239919,6.176414139865485,0.7984433767072551,0.02122499579150894,0.0
46.247113982962624,484.29881264425535,6.112783945532876,0.7827230949074947,0.11406604797962697,0.0
402.65803428344117,-73.35366696626987,5.552202385202823,0.6735636586175249,0.0,2.0
-301.37678471957156,291.2181069983808,5.998648710715551,0.7120577736819099,0.0,2.0
-230.79377220176372,-302.6112768244993,4.613716247340075,0.6749309548253064,0.0,2.0
-391.7245739353174,295.4256290080375,5.638506294134559,0.8252124262764049,0.21672712172456765,0.0
375.3534100844257,-207.35746527781635,6.014734701857954,0.7241582823633397,0.0,2.0
439.276224572125,-1.2931347853578328,7.24882475706741,0.8262102525952082,0.06757886892693099,0.0
374.24387486806324,272.3231214570656,6.67017428139827,0.7655660567846608,0.0,2.0
66.65324719619102,520.6518763690021,6.8320861960912245,0.9263931812105619,0.330030669706502,0.0
-119.49913913648766,507.31379983615096,6.304485578542015,0.9307844520269886,0.4812459989003082,0.0
398.17130469819125,135.3119401948733,6.001655903234853,0.7449185506969983,0.0,2.0
-355.1765310871889,-17.82071996912305,6.006194213504619,0.7147744204190346,0.0,2.0
-3.6222445237632797,537.6552681809752,7.74034194786838,0.9733628441320474,0.6235335639353807,0.0
-18.441016657668975,-510.2006992849776,6.083679132397809,0.8899566951162667,0.23218840204894128,0.0
-315.69970296133187,-429.8816921332442,4.998053335913697,0.9501142352576729,0.6063781869792157,0.0
266.5226221189755,359.66344147798065,6.233208647858587,0.7549837994276705,0.0,2.0
92.68305715797278,385.36467459341867,6.094995187418269,0.6910495365822561,0.00024350617159725184,2.0
175.78163902262312,423.90423533488865,7.517951469673945,0.8288938576372004,0.0,2.0
-368.2011579668932,-50.33880569030266,5.495974683893967,0.6921605039044145,0.0,2.0
276.47032828514887,-380.3310042323552,4.9383614606352895,0.751534082006947,0.07831804898700273,0.0
-394.746500370048,154.5237329409544,4.873488293767299,0.6147170232066378,0.0,2.0
323.97600756184005,-287.47957317941035,6.151854094348534,0.7438575914981305,0.06492281482596189,0.0
-437.28695993974503,158.36754979649174,6.235881959505158,0.7606409978074709,0.0,2.0
349.6763787676841,-258.71467616299617,5.7605743896300865,0.7503682999963361,0.0,2.0
165.71620351579256,331.5561971300082,5.976037835837094,0.7467181395825981,0.0,2.0
-439.5211464722934,25.1180372766418,6.18319858187046,0.7328809184975321,0.0,2.0
-355.2758687750333,-248.9432662089325,5.69889991938924,0.7392434973916976,0.0,2.0
-371.00875185123834,-120.97801173000049,6.523707463246847,0.6890031436428864,0.0,2.0
-57.23905761520303,-250.76851456674228,5.320459269815873,0.6352231964125676,0.0,2.0
523.0382367679498,89.6157677329288,5.075100760972437,0.9496103104341685,0.615532151416275,0.0
434.9013735634453,97.41341268988378,7.281625698878616,0.7670905296989957,0.0,2.0
-46.66607174964243,-421.64647402970496,6.838587282924454,0.7964903517707267,0.0,2.0
58.94708504943447,410.5448194792186,5.46747150377041,0.7071144247990065,0.0,2.0
-71.86020047766601,-526.1634356319513,6.399586948477898,0.9626866884150396,0.6359027961543581,0.0
-413.6955351428409,58.85198311412158,5.650708442446801,0.7516130468087047,0.0,2.0
238.13339801483423,340.83705665197675,6.794598412078795,0.7533607091176774,0.0,2.0
238.97987845358526,-246.38918902825841,4.556048581739345,0.6586512337337314,0.0,2.0
244.69498594953046,-451.73858863967075,5.427138422876481,0.9339756046681398,0.3959571635267359,0.0
-351.5695758314149,-188.9523050694763,5.363338783521485,0.7621917901556848,0.0,2.0
-286.32983377186133,-223.7475605342748,5.514171826337247,0.6526550102432961,0.0,2.0
-286.3185732900197,271.8327629974935,6.296261924018864,0.7113159921534188,0.0,2.0
457.3517755107084,75.84700503346069,6.101107217796861,0.7420064595877712,0.0,2.0
323.87141660438346,219.30267416033726,4.950206980369683,0.7628928010598938,0.0,2.0
-391.4611015345101,-26.261119741387187,5.881225680492668,0.7551885619446511,0.0,2.0
374.4414064618698,178.2832328449936,5.7053716223604765,0.7931168562326294,0.12064165301031222,0.0
35.609815612576156,-311.29865479015996,4.6416143026866985,0.647481645020609,0.0,2.0
-118.97355559139017,377.64630199434504,5.738579342657434,0.7274963647095087,0.0,2.0
353.8023559940737,-275.65842067193984,6.273494121364609,0.80780781652765,0.16230838320451302,0.0
-489.20183573160296,-68.17799422869798,6.444704577358283,0.8145613015986409,0.030990091591152343,0.0
-339.4294114258385,-386.9695194980541,5.06370641710591,0.8677881509393405,0.24813679333537725,0.0
-118.1335856567879,356.6040873781949,5.621475082163248,0.7552842275366134,0.004906591250248134,0.0
332.99505792913754,-189.39285188838062,5.375425620222517,0.6547045692757896,0.0,2.0
-23.836938949369536,168.03867091270567,5.699716413385043,0.7467626988838708,0.0,2.0
-15.504988068855809,-461.97501330176726,6.389669841969018,0.7657417292436044,0.012724643813369008,0.0
394.1930532713442,41.89714744374133,6.5987120528033785,0.73681501965455,0.0,2.0
-190.57120699227664,372.23313856172996,7.07656563464646,0.7898546340742593,0.0,2.0
393.9735646697447,-119.13524427951656,6.195486243182967,0.7247849117896704,0.0,2.0
-19.419314428285116,391.6488967097029,6.100100533667828,0.6652772918995298,0.0,2.0
378.8974007847765,144.2770462963971,6.843684652500449,0.7510545159440452,0.02194216152838853,0.0
411.3033751816405,37.27733882328399,6.074984555565325,0.7333784735868552,0.0,2.0
105.63388691305799,418.9836709792022,6.031904264506118,0.7346369449935958,0.0,2.0
-0.5096999235302159,-408.4413466260978,6.155923681585366,0.7266716406988031,0.0,2.0
164.8438455570673,427.0946749417011,5.635566093993923,0.7858487796856866,0.0,2.0
164.4750243151871,485.43405390587014,7.251929632256684,0.9220622498681498,0.39511896653265943,0.0
-438.43194704614143,228.69072789979703,5.856242179069321,0.8768787701889365,0.16149011866267507,0.0
18.331358685412056,471.3337084858565,5.9204901413140805,0.7716189537843516,0.01789393303173951,0.0
452.29587814781473,-248.31193413999043,5.885588144492053,0.9106531581721301,0.3423276961483205,0.0
-397.1299150766812,175.18811106166538,7.103105560816287,0.8271364409219158,0.0490957050033566,0.0
-236.40130074308237,350.6386149190421,6.215523656931527,0.7328114240240182,0.0,2.0
318.966757254999,285.21272755771514,6.786638646204434,0.7665241444123462,0.0,2.0
300.86027345612354,291.7436657516287,6.136201793515693,0.7254738377970248,0.0,2.0
-438.0866966155976,168.40471271504904,6.514409537492258,0.7446822762760303,0.0,2.0
-30.592893992065473,451.7950412210046,5.970507514927931,0.8334446738236658,0.00522475278043318,0.0
345.07940393538456,274.86072428942094,6.851866274482938,0.8107667363127354,0.0,2.0
371.4114706550446,-176.89329762160042,4.996338211528073,0.6746571764335698,0.0,2.0
451.61254155563927,136.35344419248474,7.449743988247466,0.7972669910870561,0.0,2.0
-60.011812918579714,176.1529110915802,5.302483694130586,0.7441172053393221,0.0,2.0
-74.07828096021223,-448.7893254352801,7.3572804221077055,0.7584732427191349,0.0,2.0
390.1116539991854,-321.6385626342716,4.9632245766358665,0.9324515002000341,0.47018333612800567,0.0
244.4055905043768,-292.4656744404185,6.497831897961094,0.7498302288730151,0.0,2.0
-335.32538697785856,-176.41457811639563,5.459531637613992,0.7690865100072519,0.0,2.0
16.440084953572057,462.02841079442067,5.80408768097227,0.6824356259948372,0.0,2.0
-369.9158428549076,46.23433388784063,5.930989225674272,0.6615209624048319,0.0,2.0
-65.86127324908051,530.5428150770674,4.880127421294575,0.956152747821025,0.6384303431132932,0.0
-153.07736157937694,398.3446569689384,6.816593343001201,0.804913475653761,0.0,2.0
-429.13046111968515,-39.32506794524229,7.119596741237907,0.8086774543893838,0.02756847397200933,0.0
-452.89846807875375,-19.131127855222978,6.831563822660546,0.7748169944176846,0.0,2.0
-454.1047909790773,146.52813401920386,6.11219682827037,0.7722718905459339,0.0,2.0
-402.83008422841533,113.31351038193182,6.340324563151218,0.7474928262933712,0.0,2.0
-123.03254306693303,436.0942232492369,6.831228978264636,0.8318235272767563,0.016628716025994368,0.0
385.25793752436505,-112.48062053426563,5.052890036183221,0.7398381182386394,0.00023330384022245544,2.0
346.3814226509632,303.0142798711764,6.002096366414602,0.746319670525333,0.0,2.0
-454.9692980266365,191.41348291323723,6.946776822528767,0.8922712667976351,0.2264569148778942,0.0
-414.04261084428737,-159.5271354879252,7.00647049424157,0.768818174341116,0.005826654832298643,0.0
-422.7393379641917,58.68381463340907,5.354423939645797,0.743596298697747,0.0,2.0
-333.3995602645066,-204.5519652299524,4.70718349912355,0.5954191691989575,0.0,2.0
-398.68582834481595,34.86712975480375,6.288155129331885,0.7444466421596394,0.0,2.0
-315.6280814859199,-345.27712763033634,6.270576152922779,0.7753760507671172,0.012506524737877679,0.0
-338.25467398539206,-250.53491957323604,5.243577745855721,0.7338439344778804,0.05949504069991995,0.0
89.4054951283359,514.9583436449491,6.467846557637998,0.8923772435177358,0.21778899007604796,0.0
-470.262530193774,-193.95198375159754,7.064828288458077,0.8742346549271158,0.2612212212322714,0.0
-270.2038217761642,271.42439207231,5.282876946875696,0.6344750922817453,0.0,2.0
233.14905129919342,-268.99326397696535,5.030707912668417,0.6975864131051854,0.0,2.0
-208.78095085542552,443.4474260275781,6.233219622582353,0.7855573836791826,0.03465117127011286,0.0
-210.43181824652137,433.65077295203156,5.735148766282159,0.8270434836682108,0.41270158788919586,0.0
372.4007129986547,321.4747084459973,4.879536761533526,0.830787403148535,0.12026456317765553,0.0
-268.20395477486966,-221.67544817904079,5.7449258820108895,0.7151469310418442,0.0,2.0
-78.24078593163271,-458.4351126419967,5.66950588811682,0.7570209101043118,0.02525088023199647,0.0
-43.38890281670265,426.8531893651388,5.48520484260324,0.6820673488537429,0.04220392442984774,0.0
255.41711601371827,268.73528544630403,4.420628552692649,0.628790655415492,0.0,2.0
-339.490697029305,122.77071940432444,4.0821717974174625,0.6309464565183612,0.0,2.0
403.5967960221245,232.59987654681478,6.036719948324978,0.7553813891743975,0.0,2.0
364.4759693348722,-85.75235604234692,4.703915164324615,0.6246896341288322,0.0,2.0
-406.808063806656,-282.511843437277,5.057663670293236,0.7740809736763867,0.09624461116664915,0.0
121.2815361030052,408.2635623231555,6.950555333896542,0.8160261140568829,0.0,2.0
113.61386270904681,-437.3666420494107,7.777103223993994,0.8268638352439763,0.0,2.0
112.52098681636645,405.71329343188665,4.479731848368592,0.6375770989212306,0.013492318397513779,0.0
-301.49949087192664,-295.1866672093591,6.468857019515727,0.7335710308758203,0.0,2.0
-347.5530530496059,-155.57769689930134,5.928367731381859,0.7646863060934035,0.0,2.0
-295.761112246934,250.49360699462756,5.033403183825504,0.7520284582003436,0.0,2.0
85.79131718672173,352.79193951489054,5.0590792357257195,0.6443045028795032,0.0,2.0
13.095361573581476,420.2338832025424,6.507426761488005,0.7961689212372558,0.0,2.0
-39.00860383242845,434.6602831111742,6.682219835563008,0.7352588275313896,0.0,2.0
-393.44682089302313,138.3031497779224,6.037945531167722,0.7954316082723151,0.08247482879728951,0.0
-268.4784043413023,-301.35844740294357,4.840905335175137,0.7429983995313313,0.0,2.0
-155.3311363553759,364.29568279950826,5.358115877564356,0.7421458933618094,0.0,2.0
395.12218323823043,320.9875441319833,6.142216954570337,0.8612429148305216,0.2343081127125047,0.0
309.63281471080893,327.69940388557916,8.061652514527438,0.7875801282428885,0.0,2.0
-418.667008244353,-95.9025192124109,5.169442021324481,0.7022650054761215,0.008346958275513265,0.0
75.1364384412551,425.957338309593,5.100320303990881,0.7580043464683297,0.10236041779892237,0.0
-385.77808986351266,214.70066805109016,6.957055906045672,0.8055943116082696,0.0,2.0
219.73166175675289,216.4095899163028,5.486823769539372,0.7630571467419718,0.0,2.0
166.2272116485752,-397.3496505039325,5.2140527204326474,0.8110454713938808,0.06632742632441739,0.0
-374.1216889533363,-141.0704110316867,5.798655181822752,0.7742501405102604,0.0,2.0
-341.103432004392,321.7426033913972,6.07718697206927,0.7281534471086202,0.05648276635076871,0.0
-73.08757052448736,-357.5994892395142,4.6236776724255355,0.6698833688029384,0.14945845471581728,0.0
-105.17819824702345,364.0558740416977,5.233458584921883,0.6638129579373695,0.0,2.0
-440.1069342503408,290.0437975831023,5.081442712240416,0.9330870039892201,0.4666256266808521,0.0
436.58071683939875,-104.90131442979718,6.903143193245438,0.7542942370674404,0.0,2.0
-354.0612289144825,-260.78530804167445,7.293382103802227,0.8204507936102665,0.0,2.0
-420.39894407143066,-208.1389727163726,5.716968438163505,0.8192486025068207,0.08104794552538312,0.0
458.6948384144047,96.72806734192218,6.180465546058305,0.7290666584595825,0.03881488877279361,0.0
-429.22562729534616,-134.36281066985694,5.1677006353060735,0.7138395648527356,0.03866730249082721,0.0
-172.83925713571008,403.2073617274455,5.345742077452104,0.7404781094086751,0.006458504308514125,0.0
-330.30109706746896,342.3687704935177,7.6235490823957734,0.8049770126501656,0.052381364145188014,0.0
112.17812018426659,476.87073113985446,5.457468188264761,0.8486557906141491,0.19701496934095938,0.0
-440.5472858431525,-154.76343624488575,5.2488741016092915,0.767339415111391,0.0029482114481942188,0.0
319.3921421781517,416.36676670241087,6.587084558661654,0.9184210972250163,0.44691020522420605,0.0
-201.52345667358156,366.4077163925199,6.772826036922072,0.7204987148769398,0.0,2.0
-84.42186096815169,337.63358117038666,4.193566440974782,0.708498282934971,0.06983800590673582,0.0
39.839693461833406,428.57295446592497,6.878340199468308,0.8026218120718226,0.015042243879606981,0.0
-522.0479434774512,76.77525987086507,5.71857235685458,0.937854344287046,0.4792267784582307,0.0
469.47652467941765,-103.04174386936594,6.580985906470305,0.8131748034097904,0.03883548509386355,0.0
-278.960537913043,-338.74576487892097,7.7289979708561996,0.7828035485133231,0.0,2.0
192.00061346130175,-321.7827044292634,5.822336086639493,0.736204183377841,0.0,2.0
299.1894692328445,-352.62970868678343,6.121303102928525,0.7767130849860441,0.0,2.0
81.2368480522136,464.71916104921854,7.271001291864499,0.8165382443631007,0.0,2.0
396.01065262698097,201.52342990525145,5.191208904449188,0.706776009144935,0.01850107088214672,0.0
-123.97254822809236,-507.98497211754653,6.401615606999287,0.9247171529160718,0.2751858412270041,0.0
35.0047633411438,533.4637812241864,7.75960553955493,0.9657517746006414,0.5898038391569348,0.0
-92.78170893014065,352.1595031397991,5.453994676486035,0.6335795144659501,0.0,2.0
-421.6641093040553,327.03996440299636,7.890117344607118,0.9760774843722283,0.6081083946844,0.0
-186.2551662718773,454.87752903596504,5.9430813092955015,0.8066261611963398,0.04406522715744194,0.0
166.8867358244596,289.7267387291658,5.450653806535746,0.6877223193176157,0.0,2.0
526.8040838086448,-73.87253972212018,6.679119899514615,0.9719717486028089,0.6684903452189426,0.0
-515.4492995636401,14.413700945919613,5.840880753890385,0.8732357412016327,0.24273147865681066,0.0
320.24398214090104,-277.8396689315751,6.684015226603273,0.7535583464761909,0.0,2.0
-271.0647727404931,252.77681982271582,4.884676050922038,0.5908171836156002,0.0,2.0
211.3089281701111,214.59454877287018,4.780599611796532,0.6309758907424017,0.0,2.0
366.4520347678349,-334.82662370539975,6.699834134280067,0.8057971528436539,0.024475072931160878,0.0
334.2249733740583,337.596312088285,7.450852647985095,0.8095698793714203,0.0,2.0
-40.3903273971566,131.10024126263696,5.310404206387044,0.6380429487749051,0.0,2.0
74.2741541199033,378.5683824408328,6.28182251891465,0.8253669595785831,0.0,2.0
-302.4725331169439,373.40815733692756,6.41436628458168,0.7916940511389823,0.0021648067529117195,2.0
218.9353198383247,-376.55792983705555,6.081884690703908,0.7686131025217929,0.0,2.0
129.59270013215823,-389.2406534578371,6.345814023728719,0.7321771670761109,0.0,2.0
411.2213559398166,16.94468834125513,6.256687899210125,0.7465455608986867,0.0,2.0
264.0464861413165,334.48471775597847,6.675329472951877,0.8128489818051771,0.0,2.0
-209.15099820149945,-421.1543388780122,6.567260199150161,0.7737288559562527,0.0,2.0
338.21271918413834,327.1954217537453,7.006356338792058,0.7951264023544269,0.015240860773278018,0.0
43.518812552344286,-503.6765866991229,6.57031169791006,0.8685411040530049,0.23203999356655478,0.0
455.36731505240994,125.0914502201997,7.466749649877773,0.7829465183534038,0.02800185261478805,0.0
331.89647133423375,-378.8519645416597,5.5068555987447025,0.7757447880569891,0.09835357090718587,0.0
324.7810148377012,-268.60095343291994,6.504256489312142,0.7649771709054399,0.0,2.0
446.81217101729277,51.415254613795724,5.96888051836936,0.7582719886626444,0.0,2.0
-389.2164492012154,127.46383912494572,6.99441485648836,0.7249601980775784,0.0,2.0
-381.15428722565866,-203.041235021412,6.437618123529496,0.7741167088186217,0.0,2.0
155.89293161921822,429.845789176177,5.709280214625688,0.7661205273911992,0.0,2.0
278.86686354124186,299.12150924260857,4.387397971984487,0.6393852614139653,0.0,2.0
74.51533535242639,-500.14605445076296,6.705456442866356,0.90478036476291,0.23275850186528763,0.0
340.3830403414145,348.46867492407665,6.939663156082541,0.8511953974010407,0.0021436909836560062,2.0
-260.7769502120395,-409.87274719707654,5.770940094365697,0.8413294733682384,0.20210297654489254,0.0
487.55502734544535,197.95117504408944,6.219063320348162,0.9182013015993897,0.354960245934158,0.0
485.99560259916893,-151.81256425001916,4.236561800411586,0.8734944896402939,0.37218604951844236,0.0
2.4197120548095508,484.8201415246328,5.720968251064129,0.8010333970878958,0.009813781742776452,0.0
88.5275869586189,418.4613495937956,6.122342964755376,0.7258199761063578,0.0,2.0
410.8575470463265,193.5272591953203,7.418376648987849,0.8146240679775185,0.0,2.0
-53.77164085797202,385.2920438166245,5.999352402413129,0.7311928288713793,0.0,2.0
-56.90333706200605,453.76355228955924,5.898020695990868,0.733219389470194,0.0,2.0
52.94112590002806,-398.50089256418204,6.816450427556956,0.7554726745138781,0.0,2.0
-275.8612390711512,-305.2964761771471,4.971243109143835,0.6787503794588373,0.0,2.0
-251.1845727158925,418.58804276346564,6.592518475621606,0.8706939154323597,0.049269742667750284,0.0
-392.3376280445551,-139.57665560789658,5.935566184168412,0.7611541086970404,0.0,2.0
-81.46627203835624,-520.8544029773216,5.586876818863035,0.9392490893611202,0.5086391062568056,0.0
-285.2589533048837,-378.81501490551204,6.271661625479425,0.7756285442669949,0.0,2.0
391.8854315222972,-237.18485166931302,5.933876785416658,0.7677450475302381,0.0,2.0
280.2126427077649,391.9664620861574,5.642226589935225,0.7119700745502122,0.03542048423334867,0.0
102.44175131603399,-498.6349511302517,5.986907047368667,0.890057615400587,0.1852197341608161,0.0
169.5447441294124,389.2862208260743,5.7174915501482,0.7510542597958542,0.0,2.0
-490.53093140517177,-107.39553410455218,5.588289963126086,0.8341023391746687,0.31937101896664616,0.0
-113.24299537982441,406.0293414610803,5.648969017030311,0.7493583552573031,0.0,2.0
-270.37214084875575,287.1603471627487,5.845156539905936,0.7691572608832271,0.0,2.0
-245.8385375394518,324.41312793194066,6.1553972270759045,0.7413149063559665,0.0,2.0
-271.01672776054244,-266.35825421278247,5.257459453175559,0.6002616356309497,0.0,2.0
439.0868933825978,114.59299032257283,7.515619194322747,0.7727995463889578,0.0,2.0
326.73033839928513,-298.2105653758288,7.882010334298271,0.7827464687244965,0.0,2.0
-373.6974314978356,142.5231034142985,5.525498894165357,0.6930893068666697,0.0,2.0
-41.68381101862609,486.5011869636883,6.346919568811107,0.854124448284624,0.24395346575591154,0.0
399.9566887276069,76.8586557250795,6.193095486944762,0.7406343502822211,0.0,2.0
440.9667286094352,280.7439963159164,4.652788750093011,0.8580648309658443,0.3335704674648991,0.0
219.23636670518243,-414.9202659730053,5.482016054935131,0.7954268134796817,0.006050861547699439,0.0
416.79081243160704,123.11205877621045,6.72811539747689,0.8131338498166099,0.0,2.0
208.63995441565916,-389.53345799600476,6.86383622316392,0.7563984786634598,0.0,2.0
385.118085359589,358.33242824147703,5.243632369679214,0.8603150457633618,0.2679855271200988,0.0
-118.45114822714328,-433.5175470185931,7.544487394624879,0.7895402514530836,0.0,2.0
-475.68973654558215,-132.18051032057565,5.750483008191573,0.7948267418660866,0.022653733930193532,0.0
-173.37323983187483,367.8454463143827,4.396752393701109,0.6238864243004933,0.0,2.0
398.2605090188147,145.98570593774792,6.512912067441106,0.8152290610297095,0.0,2.0
-379.25241849175615,-253.63865633928341,6.117168019563981,0.6959491542416085,0.013384519513890442,0.0
402.9161492526973,-224.13917566071157,6.6335969337823855,0.7525059414310028,0.0,2.0
103.19422035965938,-439.5323457982161,5.499242427673915,0.6769593906179467,0.0,2.0
-216.3121147871414,353.1122257164537,5.6847207799168435,0.7280187648272278,0.0,2.0
-132.45113898054558,436.3541504146015,5.623097861951222,0.6754186129567785,0.00507026034349387,0.0
311.13933865213164,-309.16231926728705,7.405157706292948,0.7667284057176939,0.0,2.0
-243.1691649430816,-426.6127183732967,6.1090187096756265,0.8019230879504892,0.15676806839818638,0.0
-411.918643676438,-149.0742284531774,6.281032139138871,0.7396276249752711,0.0,2.0
39.90367327457267,497.74857221039287,5.986399512481524,0.8365041312848227,0.29849838009687785,0.0
-58.43978203826346,-332.17175079340456,5.189854536538233,0.6202866497204471,0.0,2.0
34.54680875207886,384.36496892586905,5.791344988010117,0.6210537025321262,0.0,2.0
-446.1233674725204,-124.9860466352201,6.5096980968325315,0.8142133659424504,0.039940488787294136,0.0
-356.0240798934839,402.2632142566108,6.394562533063353,0.9773193729133364,0.7691816811313799,0.0
-148.6113548338017,-407.1364295567447,4.965879283194272,0.6468792719158047,0.0,2.0
339.54259993540757,4.596141218163754,6.117664890154605,0.7589508758054193,0.0,2.0
254.24700982060406,-458.83594575586534,7.2996410110875605,0.9612941336667703,0.5557591204209393,0.0
-313.73965489095724,403.30111363490516,4.500195137482362,0.8525153672153819,0.4400686741532573,0.0
140.4701301675677,427.20377249432613,5.775428974566098,0.7020135410127786,0.0,2.0
139.53792472316934,474.505935660918,4.603403428666174,0.8029208731451204,0.14122181182012966,0.0
425.2772619478718,-34.505686735753734,6.080419056558305,0.73323018245861,0.0,2.0
244.32877067389043,-351.54025812948316,6.492950266502934,0.802821772999006,0.0,2.0
-511.71640294386617,61.350276882607076,6.177043300501782,0.8402942316615636,0.18177334596350223,0.0
-373.0938510391418,348.8729896743108,6.211362409034935,0.8126946095566131,0.15871133883004693,0.0
332.4085575530948,214.45838037311538,6.581094509427519,0.7171953547619175,0.0,2.0
-430.4275502664544,291.77289255695587,5.629134248290436,0.9011928636556785,0.20587084992719865,0.0
92.17143968949685,483.92548995627334,6.451484458909377,0.8046155185761934,0.04566188078440296,0.0
-448.91572257896564,231.47183826896733,6.292754015116343,0.8270355438031366,0.0612420994171897,0.0
-362.79076301138804,-254.3669412422795,6.01963248959715,0.7595542065995065,0.0,2.0
396.0545670892423,226.50011944499153,5.671154282190231,0.7705726244943347,0.0,2.0
50.63064642194924,-459.78325943193573,6.392522755725745,0.797014075245886,0.017875662781611363,0.0
243.16051049027772,398.49650335476366,6.603910941331606,0.7547636447061769,0.06963736157897284,0.0
-339.59675349597643,312.379883442473,6.125690665416417,0.7685686739086908,0.0,2.0
258.0068989497672,-340.5220232239439,6.244540107588523,0.829003564720527,0.0,2.0
363.0557583030052,-237.47564039881792,7.06208328402155,0.7497635553127571,0.0,2.0
-429.8755388993386,-57.88674210918519,5.785927520335089,0.7354648564318524,0.0,2.0
420.42193562785053,21.659252404726452,6.222810356175209,0.7692336715457198,0.0,2.0
-83.45971354708018,-389.23679721166144,6.247921015830342,0.7198547291939672,0.0,2.0
-325.0341823077096,-328.2740842986597,6.255683985698187,0.7706814161433387,0.0,2.0
-428.7342476844313,123.73299012975176,6.970682983210204,0.7622533978248117,0.0,2.0
254.30315658383418,370.8073686753511,6.08215198021424,0.7317723576318919,0.0,2.0
-356.8119280471752,390.2730516704215,6.251320790433962,0.9460061753801213,0.43057486747554546,0.0
-457.00927759934007,-127.29395770235887,5.732073574013118,0.758388080491298,0.04899782349093386,0.0
271.86662501135254,418.6003915691569,8.082298432467585,0.8490613689971939,0.09770632609753202,0.0
-259.10485637838065,471.2876489055474,6.678532147654518,0.9500598004969368,0.6267675799440828,0.0
-10.276533858488698,-426.685905706245,5.1103150358049705,0.6453133165374697,0.0,2.0
123.27274274119276,480.1549996825034,7.26477525933769,0.8191257784607562,0.08553516361103845,0.0
-335.1443813895133,-267.0329588594059,6.297986254163414,0.7337193632240283,0.0,2.0
-450.0425784618127,-59.647598958819096,5.640706198625055,0.6906197667913617,0.008814293358399058,0.0
-72.7732309659733,-429.57939564427903,5.785007825667252,0.7711281208116387,0.0,2.0
237.6341165144386,330.5541934325993,5.973420632203918,0.7568160330842312,0.0,2.0
-45.32736393336669,-503.9725020460486,5.836393138073611,0.8562852855013102,0.21828897138676284,0.0
-315.89599798282876,237.78369013139476,6.1203418713221325,0.7833718122557723,0.002057478536788491,2.0
379.1979536775107,228.7597973756461,6.159775812370788,0.819987663786437,0.0,2.0
416.60501494725554,-112.31392347344179,4.564598743961893,0.6606827895954839,0.0,2.0
504.22891359785433,-48.42583779355437,8.398798139967111,0.9115461281638165,0.23012273325687754,0.0
383.8193319210763,40.19744432675865,6.47267934968764,0.7389306265421981,0.0,2.0
343.1621736327956,-233.0629963094467,6.599379545886973,0.7019575397942122,0.019577434474034646,0.0
-504.81665972330484,-165.11119986935088,6.233784464877928,0.9770360040545271,0.6989098051268144,0.0
522.2206008780242,-2.929446952625344,5.99012581660343,0.878966392603517,0.25144941488952566,0.0
11.799177830937928,517.5041258620046,4.544821500625073,0.8732922465986154,0.35157517800556715,0.0
-326.7706503657959,221.6255469120021,6.165048290037477,0.7610485037908605,0.0,2.0
216.21803042713918,347.8086644668169,5.99683744015307,0.7723794929137163,0.0,2.0
-107.82973080473889,-434.94839679087363,5.766986935459273,0.7702076884991985,0.002475237041967073,2.0
296.9342240475973,438.62413571319473,6.20089877039348,0.9508993413589268,0.5555097512022408,0.0
-76.80651473437783,515.0851785384781,5.751035596879282,0.9083283113567278,0.3597714211686832,0.0
-238.73598734021655,-346.7462960778695,6.669198932275405,0.8296707471835326,0.009353000384101374,0.0
-149.09626135194844,448.3651551131797,5.802807796357475,0.7942375676467214,0.002565318289821702,2.0
-312.5733393385529,261.79690151119127,5.5296974941706205,0.7497626831283993,0.0,2.0
-424.0031227916905,76.23571617310309,5.687801158796453,0.7807202862929614,0.0,2.0
-85.38441475826191,-233.30176223854937,5.288816985174765,0.642578442360372,0.0,2.0
-326.5149522779217,-180.16641466044265,4.911184395401517,0.7666267055586055,0.0,2.0
429.747352786989,230.28438758661775,6.121910310152144,0.7722158636101195,0.0,2.0
412.32572408022236,-71.50449628476451,6.685354349026234,0.7496766222295438,0.0,2.0
-152.68065628950725,410.03870634460856,6.486068725827543,0.7547350681314678,0.0,2.0
74.77510810320966,-409.9594279141289,6.427628017567171,0.7516113059269965,0.0,2.0
-111.72218078723921,449.61656799034245,6.26059688466522,0.8204633688197638,0.0459328667470197,0.0
-457.2994083112726,-209.97545167149175,7.203972489417282,0.8850283508978182,0.08976642292600626,0.0
-455.18830248050557,1.4407652095934111,6.9899531264171895,0.764224985997735,0.0,2.0
292.4682730175532,-379.5430880918122,6.538073643336419,0.785134913351373,0.009379595599478279,0.0
236.3138300380388,-391.3431338465177,7.414384793074888,0.7896691375439144,0.013692050143877785,0.0
457.02824241498485,-0.012417880460280408,6.030571966971295,0.8256238042831212,0.10023132720965987,0.0
361.21067533202097,291.0031793468378,7.086594574293084,0.7114109208685941,0.033990233032588205,0.0
129.2770863618321,-468.9515161297303,6.12632502647356,0.7822330744558487,0.10092029211281718,0.0
211.781238295603,356.32968177995923,5.099320722735392,0.7518520469928758,0.0,2.0
224.36489717543546,274.83158241728506,5.348416761235337,0.6874597993779691,0.01305217159197529,0.0
-515.4797329591183,38.75975009276577,6.2410465275854605,0.9076193375807581,0.23737122625418575,0.0
186.90846589413624,463.41014683377557,6.069882324943842,0.828916476261752,0.06933697266660592,0.0
369.0080373054316,231.37500274703535,6.3788401421395555,0.7180210844038214,0.0,2.0
-447.497355068804,162.40529127972908,6.480248308977757,0.8434881744657604,0.02961133617037652,0.0
-302.50474040585743,439.89129946177536,7.589779361188263,0.9813102827098868,0.7838303604154705,0.0
-423.9674709614478,-105.18879585510219,7.684245862828097,0.7839650001726046,0.0,2.0
-61.82391450608179,-522.2313517835632,5.58467694997536,0.9230859958578745,0.5407577325329948,0.0
406.642114615635,-167.04607257941265,6.6390543656625685,0.7508314653712861,0.0,2.0
-31.019269057109398,416.28219179884593,6.2371728754026385,0.7442365679413292,0.0,2.0
-289.1481533468777,-271.66211159240345,6.101390582108035,0.7143768063757877,0.0,2.0
523.9326361308559,-34.44607011159418,5.28283813035782,0.9467380640634258,0.5042704815122206,0.0
-33.53954756168563,532.709122827767,5.6266138425573,0.9498332940797394,0.6225476255779926,0.0
163.519499917867,339.6618605110637,4.867320156785635,0.6616406924611866,0.0,2.0
-294.49581896602433,275.7505942345623,4.290512884481537,0.6201116762695877,0.0,2.0
-435.6547594339881,-221.0554363482589,6.294222259012919,0.854995296471095,0.18503504672445362,0.0
-336.2730796489412,-189.2973243765568,4.098163388869291,0.6188452406631421,0.0,2.0
-428.5633195291048,9.282276079735265,5.943959375288341,0.7221987583896177,0.0,2.0
439.73575300157427,20.656385347330176,6.505148269803675,0.7363881422004971,0.0,2.0
203.79015316908533,357.2681707146504,4.811250321640183,0.6090041295479961,0.0,2.0
-104.02394581115664,475.30813643726503,7.075467620344828,0.746072817320019,0.0,2.0
-393.55153501543487,-348.23476604905403,6.463059252112512,0.9535473722262714,0.46815333269342935,0.0
420.86181301265,212.7518873135355,5.811473323805123,0.7724440052816609,0.0,2.0
-216.06497809585133,-290.9319675011411,5.195527507614944,0.7582799972284849,0.0,2.0
-427.1767516254695,-116.07323746690005,6.149000091765695,0.7615888650358282,0.0,2.0
-29.05815260478142,-512.1828650210442,6.170886879903247,0.897587952317214,0.1974632365108586,0.0
4.092766278519382,168.61807575187254,5.180613951212499,0.7216827501642625,0.0,2.0
-47.983814644316894,507.75120277297833,6.465707778277711,0.8602041488919198,0.22220800146611824,0.0
-469.64741730124103,-140.5888522396994,6.437861825611274,0.8544895686388859,0.1242895732580852,0.0
-421.1056583510765,-270.4947047200687,5.594460666543045,0.7915888096245659,0.11122539067518647,0.0
-132.8861482334619,471.22730084868687,5.27041403711241,0.8098096950212924,0.02770332884555,0.0
202.93021749056723,388.6312781744265,5.953277911031906,0.737545444918362,0.0,2.0
-291.8841000247302,437.1786822519966,4.982799697687081,0.8708489218403291,0.4644878140995606,0.0
-425.54386939090233,261.21844507895736,5.454618695413119,0.7337839894734293,0.06112045141064983,0.0
-205.48466317630178,-480.8720723129479,6.884378596198107,0.9327833435281224,0.3890888747785484,0.0
454.69805327533714,-15.707675698188462,6.428336557375593,0.7610061144021957,0.0,2.0
73.4882293706485,-430.02602223804814,6.143069300425214,0.7609899278421648,0.0,2.0
472.4184623108253,-65.69380412627685,7.434014128312964,0.8382623068301356,0.09671472942196457,0.0
-233.97231938097937,-406.6849927870167,5.789508529450367,0.7892731070270352,0.0,2.0
-391.643635627092,-327.76629259140475,7.015924761588052,0.9030358364020725,0.2104060790918569,0.0
-350.4338116340127,351.90166908373595,6.366900292039507,0.81095366909774,0.08865279312804729,0.0
-392.8697305940005,74.63743765305172,5.669965531247724,0.707536888175825,0.0,2.0
-307.6991041629467,-302.8734729535178,6.005303982073176,0.7400327280163284,0.0,2.0
379.1560566985561,327.59531776796143,5.540857989168556,0.7302342375138919,0.07216249462592786,0.0
263.8374642770056,369.0101056662208,6.21961989732716,0.745405446249161,0.0,2.0
77.77222957386807,-466.3029224494915,6.533005626470304,0.836474925093949,0.0962514477754705,0.0
61.59411214072058,-365.1680760444452,5.413219410181637,0.6959484623152568,0.0,2.0
185.08061092391475,486.65185182971726,5.975113358156733,0.916363873207082,0.347122089223967,0.0
-335.2161377505075,-196.71179192429676,5.831621530322234,0.7293201073926276,0.0,2.0
78.93537817037826,-446.02214370237175,5.084864200825502,0.6531895014214203,0.0,2.0
-28.787111557854416,-398.3771907276936,5.779524144092765,0.7331200084516756,0.0,2.0
194.37765921786476,-490.79424807936005,6.500635755367773,0.9675297940584737,0.5856728129894766,0.0
445.79762220069887,41.22978322400982,7.018343330887271,0.7785077509857549,0.009000508640712085,0.0
-427.0763987547652,-162.988115233662,7.093941366836805,0.7225323757328204,0.0,2.0
314.64741483526365,425.88640786711903,5.934607076117164,0.8405941444517242,0.3061783911010011,0.0
-185.61089110264606,474.62134331711707,5.509320490159022,0.8440950520309723,0.2599707436273406,0.0
-310.96500969955906,294.1324325128888,6.512076041182344,0.7169785666150942,0.0,2.0
-187.89952100023984,-417.1748177856072,6.343774028785637,0.7527485836316562,0.0,2.0
402.60242639083634,242.59495097254225,5.775957057904881,0.7678414345467669,0.0,2.0
70.62945243403837,-451.4875509518161,7.284543022531795,0.7909138077726334,0.0019735611624231678,2.0
-485.32021886551803,126.32345042536087,7.665074330044511,0.8480142845088847,0.12388234807428292,0.0
434.0512359017076,-19.973185121139434,6.825271901978676,0.7402004471788384,0.0,2.0
515.1284805025718,-71.12761926947897,6.239569699604932,0.8864384402968201,0.2139055892726056,0.0
501.756284882235,160.0769078051419,5.960570270243663,0.9367795821587391,0.4822442844018798,0.0
65.91965454136809,-373.29761705653834,6.079459031726789,0.7705662720380251,0.0,2.0
-49.384796595158804,448.0863486602166,5.384728635343779,0.7220478229736716,0.0,2.0
-346.44452633933054,-72.0707637471288,5.562576697852457,0.7205385117986302,0.027591917200894694,0.0
471.5890142657594,-21.042792824753842,6.673370891147506,0.7880964060915046,9.608644827906731e-05,2.0
-139.53072514817828,450.63434833807395,5.746274522565351,0.7890955861312912,0.0,2.0
-224.22328949460874,-405.42080364846987,6.21501050287539,0.7507113565895379,0.0,2.0
-82.96031000999517,474.225824052582,4.880127421294575,0.6791638074104043,0.0014258257012947993,2.0
361.62627156752967,308.9423923020073,5.246428502122723,0.6759332274882192,0.008411003544680102,0.0
-60.555971264140325,-459.502425463277,5.774492861326531,0.77326053170914,0.0453012974005925,0.0
452.26936240224353,113.44888626485643,7.43644825197552,0.8307665281139432,0.0,2.0
-135.9008088017682,-509.03895390022683,6.244488858628243,0.9544098447036485,0.530304085531715,0.0
332.58313713876214,-388.8126268918792,5.665784366711284,0.8488368788166001,0.1988038571307209,0.0
415.8546978222882,203.82195003964765,6.150760903305211,0.7781005742678601,0.0,2.0
-381.120619844962,-12.282423475782497,5.295072124519296,0.7613539788915727,0.0,2.0
-444.09473116661167,-12.558587156945672,6.1886447972803404,0.7603354710973387,0.0,2.0
4.433242591601685,425.21171875733415,4.914120343987518,0.6384582717384524,0.0,2.0
-456.2747623230435,214.86138671184324,5.744864416435571,0.8645356182356889,0.2601616617894346,0.0
39.808457755964675,-477.6256445925041,7.3606817226232,0.8421541715160549,0.011891613316917295,0.0
-226.11063232735873,-188.18570321426733,4.603575144751228,0.7389338638252901,0.0,2.0
318.7262350227461,-358.0784893259841,5.510692883780221,0.7444175809902166,0.058428527132799495,0.0
-201.82038448912246,-428.6692214314479,6.297789585393736,0.7212505871260277,0.05270107567253499,0.0
228.66570518287386,-372.8052186130243,6.999723136262343,0.7951578311681594,0.037268842134897034,0.0
-405.9006209869932,-4.2904983920145945,5.655689243405457,0.7532427790032613,0.0,2.0
-207.99991389430127,-462.9773261163411,4.913053478902592,0.813223719673401,0.1640418451241499,0.0
-29.247193353366786,384.25117948163563,6.37461386347302,0.7118993322889771,0.0,2.0
-441.39814253014964,35.17475047907831,6.14310371838863,0.7554277610753697,0.0,2.0
329.19075214333657,328.4575091255254,4.367687272108824,0.6556404778120895,0.0,2.0
-464.0920498675149,-14.617467455442961,7.19329973888869,0.8577695747752575,0.11122247657210671,0.0
449.1614107881796,186.4149854238066,6.313518658581966,0.7585368930321015,0.0,2.0
-155.85313710140954,-392.1933456210918,6.905956223767449,0.7911713762295176,0.006607183048498978,0.0
120.27434642374352,469.4703281205037,7.194602156798016,0.8028664516010108,0.1413638248317604,0.0
26.974083794079245,378.4692841689568,5.620935239782202,0.7177760938388192,0.0,2.0
416.3119490006366,-61.03757450532277,6.931495455396838,0.8154157937956702,0.0,2.0
-332.35827009343615,-364.47987297282776,6.641307501569441,0.8401364983206212,0.18110552128071566,0.0
182.05734091578947,-420.94456956468565,4.8462461537801005,0.6990920269837212,0.028101618358309755,0.0
14.31576852048756,403.0159111444149,4.859644721377354,0.637160038105029,0.033631160449680224,0.0
-420.06337122010905,-133.06466848405816,6.709062016326744,0.7855951992011345,0.026521355059048124,0.0
-222.32479707196146,421.4956161784146,5.57250687977033,0.7672380878155869,0.0,2.0
129.52211294691048,412.4783073740205,4.988012378727424,0.6561643360691573,0.0,2.0
-289.24733548891874,357.5438500332905,7.175587078056066,0.8032000679359316,0.0,2.0
-377.77183552742764,232.14668889669164,7.434631170070941,0.7977694036668955,0.0029972011108743545,0.0
421.81797476752547,196.61204358767847,5.4728178210351315,0.7705046872058581,0.0,2.0
403.40552395583035,-336.1011370481601,5.798065315787935,0.9513423666677739,0.4932657030800108,0.0
378.27833601136484,-353.2166132731966,7.1219427706095635,0.8927398868968067,0.25840106994997253,0.0
355.8061953407493,84.63773984824594,5.798447807257097,0.7389664745034891,0.0,2.0
281.15713544033923,401.8912974462713,7.321902915440932,0.8247289975590038,0.08379710370644969,0.0
174.41915659852168,-354.6024319121211,5.465949707074078,0.7589177429130464,0.0,2.0
185.53837810754595,-338.19091019019646,6.367152361951674,0.7085221538279903,0.0,2.0
-69.03188704409101,348.9201982533033,5.002340264053437,0.7466208212604801,0.0,2.0
-402.20437650414385,157.254431575956,5.660547600244173,0.7623693014023185,0.0,2.0
425.2731641637178,-25.261595146579477,6.03111321268603,0.7424503369323158,0.0,2.0
-394.85349080591186,258.9259600538801,5.741894190858039,0.7137307128119951,0.03136795474421547,0.0
-76.73430418637906,-420.6145322995202,5.965207339201577,0.7437952408832783,0.0,2.0
-48.07206712848923,0.9240282330303701,5.146791815379528,0.5921091330071749,0.0,2.0
81.31763539969238,302.8323883656761,5.323750418469811,0.6626710071385455,0.0,2.0
-95.22234298027517,433.41880226906386,5.686348093721571,0.7535750379642413,0.07358317823217893,0.0
489.12918803742906,-177.66657798346,5.117092560894878,0.9243941649041029,0.3738898482085109,0.0
140.43081349366435,-507.125222597678,5.493230185227928,0.9608832790245669,0.574999996712938,0.0
-344.6389628331055,-284.32842999516356,5.446762912969424,0.770632323571352,0.002436721635287749,2.0
176.98588265417172,383.1740012989261,6.013791214636952,0.7532093955839834,0.0,2.0
485.88643360708426,42.547944556217494,5.130270023293981,0.8414958419508752,0.18157226989131298,0.0
-386.8755714836446,100.4989985701298,5.59600606780978,0.7449413786685031,0.0,2.0
279.6000035558096,-329.94237580925966,5.404224467119272,0.6595083561675843,0.0,2.0
-419.0086728583308,-122.89090608030868,6.734221033666704,0.7463138628901188,0.0,2.0
383.1031345552442,-363.13255187448743,5.592841921843724,0.9269759763596273,0.4912714091111084,0.0
-37.65467452123064,-418.96683831155707,5.653800953240915,0.6188990964677717,0.0,2.0
-87.19907211448526,408.19309869089864,6.007456776037244,0.7121839613379847,0.0,2.0
-310.66537704121316,-229.91344722531423,4.698193434351212,0.6246561403689821,0.0,2.0
-5.539983107838318,424.02181860916784,6.932515774269527,0.7867991381286973,0.0,2.0
-25.975236410746888,-464.1405957525748,7.300666784328484,0.813351862384346,0.062443535751756374,0.0
-490.2312394247984,-18.92378350006559,5.70355000935062,0.7448561743165215,0.05465826491598214,0.0
-219.455125324647,325.026274291065,5.67508222795235,0.6984017498909612,0.004468904444609088,0.0
385.50377987201216,-211.23629438596737,6.998357000796047,0.7513271091373229,0.0,2.0
250.7897757766016,-206.31607704549842,5.175654876150751,0.5481347731173857,0.051637394054170345,0.0
162.18577624855618,-502.32406772396416,5.305304809314405,0.9400069018234705,0.5786179648432559,0.0
-257.6974280426599,-442.79677098551383,7.658369446354739,0.9204596784355368,0.27002944151886005,0.0
-436.7100458748183,3.3812761630799617,5.829045710031363,0.7804751870510382,0.0,2.0
-500.4506578487236,76.85127556285258,4.531722058818297,0.8403129135195635,0.09395937091136168,0.0
458.24395184997326,276.5578426077702,6.539301957056223,0.9657332986826705,0.6447757551051433,0.0
-378.72173512738493,99.41800245715751,4.421218107731277,0.6883972439733278,9.729864471201177e-05,2.0
227.1328032053251,-316.61881115554837,5.1265624860297265,0.6708102905735261,0.0,2.0
158.10240332023648,-402.35126308171454,6.052715191762531,0.7592001890086983,0.0,2.0
428.526103214924,89.5680826369709,5.339882925262765,0.7329311013263727,0.0,2.0
-387.42786999471457,83.23490929137576,5.671052229469046,0.7950536072585944,0.024348088411658923,0.0
-264.34084003322135,294.5057765573213,5.895777834250833,0.7718069217442572,0.0,2.0
233.95143995591303,377.3226706201666,5.805880634329918,0.7172964154663014,0.028491570406062736,0.0
-403.01745236045883,166.81671167709226,5.134002019030792,0.7933675053887292,0.02905955489940144,0.0
270.9341759932885,-331.1958991351055,5.4972994702028855,0.7419672180901655,0.0,2.0
-465.07919477484324,143.1800648465469,6.72162798306604,0.833558318499031,4.5936822996031325e-05,2.0
-72.68144825991027,-375.56432757234535,5.915996810401872,0.6951973508046122,0.0,2.0
309.34641596390856,-427.99967805819045,3.981836627506776,0.9178652754777855,0.5526601649980547,0.0
207.87779017310925,-325.74860391039886,4.637271651542127,0.5927664400261359,0.0,2.0
313.55750320567563,-410.2999962753226,6.175453173020093,0.8555965087107376,0.2235869104753524,0.0
-438.3668080636596,311.0419621437056,4.921898556177031,0.9793730164989524,0.7710272898838598,0.0
82.78644861978748,-404.01418773863026,6.257655372604783,0.7487292167188334,0.0,2.0
148.0530502892143,519.277909677203,7.750822391132754,0.9629808018331906,0.6370215446605542,0.0
-489.7642938539926,18.89842477654272,5.997067213553607,0.7951103467587829,0.12246852795488414,0.0
-70.57241793153537,430.46566072749874,6.376166881389347,0.7413223312522064,0.0,2.0
-331.8534277294452,202.2957325220012,5.571868971507213,0.5953428964774432,0.0,2.0
-67.13758188745742,-420.36774045802724,6.50077150178436,0.7551071781313254,0.0,2.0
417.48409294673394,-148.85023048564838,6.660804181865972,0.744476212177444,0.0,2.0
59.579785463609994,-487.6385565534515,6.382428904043362,0.8149925830513947,0.04673425149101041,0.0
-289.1370302240476,-389.5633263178256,7.198700101390554,0.781462197449135,0.03442769430908643,0.0
-218.64645128911042,-449.1937522048975,6.317896683660978,0.8381568695262478,0.08905771088352192,0.0
-283.16896672367193,-251.983117629046,6.056319932373615,0.7207768920819607,0.0,2.0
383.39517878219823,-201.02916081077953,6.405375524792647,0.7512009917717684,0.0,2.0
-394.056088369803,-45.775651885311945,5.829376808140946,0.7675047852199252,0.0,2.0
-61.4655253230304,-295.114089111571,5.750535892607303,0.7055287143861013,0.0,2.0
225.47373300623005,415.19333091834477,5.213983929477736,0.7163833442692096,0.029140296177775513,0.0
169.94562426131245,-362.98677960851705,6.299601586586716,0.7352262767853803,0.0,2.0
-364.4979683962653,281.7323290047114,5.938869277901696,0.7504432319949547,0.009032551158917615,0.0
-190.45214651433608,-375.33694703521,4.762856949411088,0.7703939955447077,0.011216613643186588,0.0
206.0512961311194,461.65534000176774,6.529585390031978,0.864890360587603,0.22451117187430403,0.0
390.50308284300803,-138.3815096288431,6.895200920326486,0.764006214028966,0.0,2.0
55.787012639984795,-427.85368371098593,6.557631299038808,0.765376323125106,0.0,2.0
-53.08512494497163,-451.8478909245128,7.11506117481677,0.741579717417604,0.0,2.0
402.5996935766744,-125.98542002661522,6.9318919076044745,0.7668809971897982,0.0,2.0
-134.03624461132208,488.750665372937,5.751873682257904,0.8633733941198535,0.3321007569717335,0.0
313.2371542278239,-325.7496191930279,5.925595377765234,0.689400910237032,0.005444065928714309,0.0
47.140405428765064,472.94673930323927,6.766799453101756,0.7670895680614905,0.0,2.0
-431.9289139941823,184.9518236312129,6.302194735975963,0.8046863144455793,0.13391153829062866,0.0
334.2255100456773,301.8631982778704,7.146012947923913,0.8058695918842673,0.04392831837984284,0.0
246.2425275700926,-412.1801701540181,6.618584128274551,0.7994124594553624,0.027859844290726413,0.0
411.217755223968,212.36733665068272,5.683255465192895,0.7742382994362772,0.0,2.0
-227.3685848735474,-196.30915635842874,5.392798673068408,0.7654703693587541,0.0,2.0
-298.50714089585233,182.2852370518818,6.310929944955602,0.7119595898348157,0.0,2.0
-60.164663808003915,485.3498045154203,6.022211221017417,0.79949375047962,0.00531616313693178,0.0
108.66789855116367,390.29376947766957,5.8927479332483985,0.751482879689954,0.0,2.0
-228.21440006849062,-415.49735601021945,6.362905342949532,0.7899998774666919,0.0,2.0
-467.2909328502206,-24.601040061864207,5.5939103607985015,0.6978197757235335,0.003357497169542004,0.0
-351.42604162038623,-112.90728462169453,5.324774522600682,0.7461982783742231,0.0,2.0
250.83244196289195,414.0961612810518,5.632041148179101,0.8020923732889448,0.01907062480577718,0.0
-365.64293791989064,-146.8004321766192,5.958055129097605,0.7532511981942687,0.0,2.0
-194.89904912414832,452.12995824547926,5.3299013558377935,0.7124289437608622,0.018244880130770066,0.0
395.4815461389799,-215.70674929501146,7.315107507137155,0.8071198983465108,0.0,2.0
146.3751282131452,393.04493470054183,5.709280214625688,0.7515868594202436,0.0,2.0
-221.90728768262377,374.4675808560475,6.095193751542081,0.7508985208269272,0.0,2.0
-171.1349468890988,-435.51463249630507,4.589147730475585,0.7827627934545314,0.02955841804459572,0.0
-396.2473870603424,-119.23914068426575,3.8324826210613807,0.6412599976481428,0.0,2.0
-60.96004718676072,-352.5360137042832,4.699266505535203,0.6574727296180316,0.0,2.0
261.67632585960195,-425.6888159393895,6.14147373344165,0.7945490023009347,0.146128739370814,0.0
-143.66282858124202,422.7989687762934,5.465126317722061,0.6673031239114239,0.0,2.0
-143.49944164779134,414.2241515167935,5.536620770626406,0.7475852776029076,0.0,2.0
188.51644048013412,-429.1118577030638,7.2451401818563586,0.8322388211996457,0.0,2.0
-492.92355918788235,61.69569240717517,6.245957315188435,0.8308308518785779,0.09015439870696193,0.0
-196.02073808860087,-360.280423015375,4.675824755220479,0.6664926771302678,0.0,2.0
430.78849421229086,-289.2925896369507,5.590880958576886,0.9036984656788746,0.4038601588787933,0.0
-318.9473155237767,277.90062057921153,6.486680760088586,0.7269103762106921,0.0,2.0
-408.19522562955467,243.8007316702338,4.975714173420022,0.8066876258136164,0.09246721661591054,0.0
283.9336119101201,-460.77799860685616,5.854236542373887,0.9834361863302706,0.8665136140784307,0.0
404.52441126990936,-283.47295506055593,7.61283240895428,0.8451243366610575,0.12146373557221236,0.0
344.96164156505944,13.101696228199797,5.5013704259042395,0.7408665077363897,0.0,2.0
125.2341241442829,-440.759896107275,7.468948289580532,0.7617612210004824,0.0,2.0
-414.5048490380467,280.42386939602295,5.985845372998363,0.8471900892709515,0.19487540283448557,0.0
-255.03546467057166,-384.4698749998814,6.493954860291074,0.7991469680024421,0.006001541188237962,0.0
23.581275927030187,419.60836560748714,5.953332100307717,0.7472976989223638,0.0,2.0
91.75747258683236,-408.35831855145375,6.289980149230238,0.7781445352223927,0.0,2.0
280.60766100594253,320.6018743545482,6.70003979892077,0.8066830386821834,0.0,2.0
441.54818061388283,-123.6673714666251,6.139519885057582,0.7680132941950575,0.0,2.0
-446.3792447029321,-207.41237266861643,5.367841173871267,0.7391110148369457,0.05712266606206506,0.0
-63.31909376234408,-481.0912043962957,6.306420842392769,0.7547526613902339,0.09185223973605863,0.0
-354.04190275754377,-283.34732386934985,5.1807736592479445,0.7827240125276731,0.0,2.0
145.72240675827993,447.2589198870482,6.19558327795291,0.7510272105207738,0.0,2.0
274.11675579501946,312.43127255511143,5.783070745136687,0.7310687246229692,0.0,2.0
-441.91049783465587,-145.74354960140923,5.2165562915762695,0.7879010953248019,0.0,2.0
-385.8057982712701,-176.16785467789393,6.266053634434514,0.7446308289940822,0.0,2.0
-329.8516041997627,93.94288500586494,4.683572016379855,0.6248360301593291,0.0,2.0
-197.8490642377853,415.9546269217301,7.116402583720852,0.8180284975597991,0.026861537674252402,0.0
121.13822725237766,-291.5923359662732,4.525705636881815,0.6751560586917117,0.0,2.0
-408.8617663029947,66.61772255447653,5.48363903343895,0.7563081329759681,0.0,2.0
105.96050343129038,-396.2909061700706,5.572151464072138,0.7826924315957524,0.0,2.0
-407.6893381739639,105.22629637532638,6.063751153094632,0.7263347015560286,0.0,2.0
241.93090940564514,-422.6713008662456,5.927912929802138,0.8300393767069909,0.11298553808214007,0.0
198.69593348023866,435.5858543007695,7.2164883339155255,0.7741786616095403,0.0,2.0
-346.8665007575995,245.63827193989198,6.195830669391708,0.7559006951439099,0.0,2.0
-402.40719628904435,-196.04097744382327,5.597598548140286,0.726927514051703,0.0,2.0
-504.1357358025709,44.47280856181912,7.577182657839535,0.8985291018215789,0.3105931656014132,0.0
-239.13878024094402,-213.23250285932423,5.560280848571749,0.7056195056771488,0.0,2.0
-477.1027285067513,-29.077127099653897,7.1194539316926315,0.8362383317767402,0.0,2.0
375.4674104728381,-224.37106809676104,6.027102295394472,0.7870430286820321,0.002853369023107152,0.0
-393.9728214773497,-222.10385996098378,6.685480555212387,0.7748457835798327,0.0,2.0
425.5764664725552,-235.98759894330814,4.830532534661847,0.7641490061448327,0.21183390458497717,0.0
-322.96362517732774,402.8187631718756,6.12732318198028,0.8906093836714709,0.27814463909720594,0.0
-479.9656242167604,23.736741346571286,6.2828214600804735,0.8338830734369288,0.0,2.0
-402.5458814635384,-144.52290965454947,6.709583551302658,0.7509472004762004,0.0,2.0
301.5800629554975,397.2938059311835,6.057992467402326,0.8816269889743488,0.3880712763835721,0.0
-393.2660087013031,347.7623631797364,5.96196040581328,0.9362407916903198,0.43177389438335045,0.0
-403.7620140871328,4.722330700836805,5.892830667690465,0.7337010658378043,0.0,2.0
439.3779563554412,9.898548858267464,6.931489863536048,0.7732554022604173,0.0,2.0
-335.10233049896334,-283.5444954129843,6.312252924513818,0.7666320491351931,0.0,2.0
195.15877210750315,424.7693321707795,7.326953519881411,0.805607189419313,0.05285394417783553,0.0
349.93876644898785,214.56426119739598,6.510046122399971,0.8018371782410642,0.0,2.0
-234.84517628506586,453.82544318537816,6.390625671119077,0.8706199920512236,0.2513834121953291,0.0
260.88957869335235,55.607751933673114,4.742708909741967,0.7476652684921219,0.0,2.0
240.6668691906921,-342.0245266655481,6.047956399134143,0.7496172917736429,0.0,2.0
285.0087746089351,-394.4044067416625,5.667820713754608,0.8000960856168785,0.009187339684014341,0.0
-220.72674033590326,-396.0959432103017,5.803437869246122,0.6827906780955616,0.0,2.0
97.65890336132057,474.6361938091161,7.030030178528414,0.8216723426749045,0.061065992723835935,0.0
490.2034596100085,-21.752325838764765,5.914548994376227,0.8002491024484544,0.13375906446360886,0.0
-125.60029714534949,361.5608977129465,5.599531127074322,0.7384470444250733,0.0031538565454040505,0.0
-417.64099824965547,-86.82555226426699,5.972002724876807,0.8143444404760449,0.03868610204468435,0.0
-399.1319970571865,24.132915411044834,6.37280091650813,0.7188902105598002,0.0,2.0
-365.3184208866814,193.35351408190698,5.918009008717678,0.713284841592048,0.0,2.0
297.18884530111796,224.84959384739415,5.501350286076505,0.7152434128515135,0.0,2.0
494.54528640593026,104.03573855987383,6.20776724413654,0.8495317491162151,0.10642985083321721,0.0
210.12310550525604,340.0558787436841,5.2818208160977,0.7725751425876399,0.0,2.0
451.360382139757,-282.9055456043159,5.41416531818646,0.9841628542622521,0.8684190743194378,0.0
396.86411750267683,-272.86169575290137,6.07665810626126,0.8246007620699858,0.19518422319813755,0.0
-402.78559079245235,319.35523988015353,4.362366420804829,0.8529619587220131,0.40150594655796706,0.0
-125.32869801163102,-442.8630062900131,7.2377504080842145,0.7967157627567737,0.031561271136186966,0.0
-128.6022388560669,401.9279728619837,4.431304207566282,0.6287490282924301,0.0,2.0
498.8240523460296,-59.73426354379306,6.380273030276376,0.8392952280997261,0.09561444120364965,0.0
189.6357803243181,-415.65560726021846,7.138592145874847,0.8368825179109953,0.02237204742953892,0.0
380.0942723219523,293.23220121596114,4.502126227278496,0.6880646115175852,0.011194354472016844,0.0
-414.22426881815335,203.7131484383428,7.235420530298405,0.7854675289074748,0.0,2.0
320.90186939590404,324.954413309386,6.460718001125383,0.7914328101469529,0.0,2.0
-319.8371924120765,-394.8632827963956,5.735129419283956,0.8446878253127875,0.20079398045931363,0.0
-57.100916600314946,-419.80460060536313,6.483147302593481,0.7218345728922665,0.0,2.0
-348.36035109505264,329.3801276961276,7.531468228676877,0.8125567572960191,0.003490542258433886,0.0
-355.4791910204825,379.5420857277749,5.9203761623771936,0.8716769588337083,0.2583563308565953,0.0
131.12956681611368,429.3750041854726,6.69591182592962,0.7581826895337924,0.0,2.0
-64.56754077770968,-370.4978734000793,6.2403038951427865,0.7760788821677383,0.0,2.0
264.9071209076737,471.32822910741305,6.6731682714286045,0.9838798266458784,0.7886128741151551,0.0
-319.45073286955056,348.85697336056165,7.331500171826392,0.8049191045869137,0.016585665803515785,0.0
455.7405255840292,231.07087476197495,5.246145073258446,0.8338691494968394,0.19309991823417305,0.0
-232.16604777041934,360.1302298945124,5.9406378459180065,0.7245002702111301,0.0,2.0
367.92610949570263,-376.29530264851604,6.3754015544344735,0.9516050679210583,0.5393492780148614,0.0
-485.10284171323605,-93.09757411294106,6.329429187029914,0.8035707243160666,0.033436236520004034,0.0
-446.4414261576401,57.06095141431,7.335468536855035,0.7724157874432912,0.06080664870306428,0.0
-432.5589469288489,244.38946547049872,7.710979869840154,0.8383646659281585,0.10182040732648844,0.0
452.66975676194915,-110.7733003637432,5.249382043350329,0.7844845777704154,0.00027253761346296396,2.0
-519.772600523815,135.06496890389283,6.376410090897972,0.9741155150326154,0.6763886518685419,0.0
366.2421236166139,-263.56425748370776,7.330598575759661,0.7003715919297688,0.01893439119186704,0.0
143.35601817267664,402.93685303651915,5.8047476164807446,0.7374151842437483,0.0,2.0
407.68132571215267,52.67190656868857,5.212212868538541,0.7521424655672538,0.0,2.0
161.7295984281007,-472.98136299864973,7.801304618383321,0.8499975119184381,0.1136336843596371,0.0
197.61963032596614,-365.4889356818892,5.44777476704084,0.7580575706194822,0.0,2.0
-189.17875762811295,421.62642780140135,5.509560291475722,0.7655436696536566,0.052106958169545546,0.0
-369.7608750500358,-218.48767064006805,4.313256148779934,0.5953169249413536,0.0,2.0
-50.83225650557767,363.68341923067743,5.030916180214792,0.6337904432020318,0.0,2.0
370.2349431740697,260.7135094089255,6.251376511013748,0.8481335231454469,0.05693590541171515,0.0
-407.78665941683903,-13.186545490271993,5.8089522817815,0.7416419290883156,0.0,2.0
89.22182417985452,-519.3269852225995,6.283166048437663,0.9434279989668123,0.492487419231708,0.0
-340.4421495833358,-292.02424523113893,5.398690508638429,0.7439825886415581,0.0,2.0
205.21095051770806,284.1562510000301,6.072568870542533,0.7257486793859285,0.02260894466242177,0.0
-200.3094975377605,357.0119073273148,5.667483345572883,0.6829502807170622,0.0,2.0
426.8718626732257,-302.52198477609187,5.491937537260876,0.9467091473940338,0.5393016819701181,0.0
439.70691447868654,184.9285637321406,6.1678672548700675,0.7470984253164408,0.0836859077975208,0.0
391.59790331189697,58.91771916709959,5.491048250709659,0.7482286866841323,0.0,2.0
-94.17719639339337,-515.5590194410983,7.943072433296203,0.9643863387760733,0.4706620638573826,0.0
420.5038838657128,-138.54383117986816,6.3762421544883825,0.751546736738856,0.0,2.0
-236.72732466381598,-376.3437452191665,6.76652371900572,0.7598042725054076,0.0,2.0
-392.2490129697009,249.11064654727448,5.972402394540556,0.7576636018131148,0.033840853735761164,0.0
-296.6374644259381,-381.23595589567924,7.532332938271631,0.750790366393185,0.0,2.0
180.07443807489355,434.1962708373906,5.334975373327069,0.7714178006053621,0.0,2.0
35.55175610706184,-446.07884555394116,5.616005861906654,0.730904520963816,0.0,2.0
219.13526049172603,-316.6361970652012,5.252611975516116,0.7348631902005234,0.0,2.0
63.76906478195336,-396.7065193398686,6.419038346300383,0.7988792494287943,0.014802264726985268,0.0
68.86619985398188,153.65236252682595,5.88020916379134,0.7109916120192644,0.01565870509912019,0.0
-397.07991177374976,82.59996840123875,6.169874834577357,0.746834587266585,0.0,2.0
-251.77352446555253,344.0952423876148,5.883945336592881,0.7124735329683529,0.019965781184630858,0.0
482.42036788204695,60.221003261719176,5.498212150282842,0.8084187267334659,0.16546843540334802,0.0
348.3374533048808,-106.7793684223972,5.193181282320404,0.7684387039160134,0.0014376157881399911,2.0
151.5585235808623,482.51386322357877,7.565778580054621,0.8594349802380412,0.1104329757539665,0.0
-157.97401653652028,-428.99500433718936,5.761027462062456,0.7312999835892697,0.0,2.0
187.7300179519285,474.77361607833916,7.5517956906164265,0.8928390842405343,0.21470963432122692,0.0
396.5179558131144,-147.48275883658042,5.989592050359043,0.7639400858586599,0.0,2.0
-442.89248504827407,-186.42215918229684,7.08872474686091,0.8236844125935027,0.0730756945807799,0.0
217.91126076624587,-425.7943748258637,7.020111589539589,0.7779876347042073,0.0091219696585296,0.0
78.48876391943055,155.04828644725083,5.008446598537003,0.6829957276945109,0.0,2.0
-98.62911708612893,-436.31638834676045,5.310930255643192,0.784182698030862,0.0,2.0
263.60708518368705,233.84794361440723,5.170252593754967,0.7413179247498323,0.0,2.0
-380.2930345154983,330.7407126183695,7.372616573513351,0.8551807374801415,0.0692072670462943,0.0
-298.13091065405456,-321.90256286774473,7.236202925330536,0.7936302560468925,0.017319193821616775,0.0
105.05177752774992,409.2334412040469,6.423573241991437,0.7481793339928642,0.0,2.0
-532.9008414285864,-68.32636841269267,6.0268443252784,0.965402901061848,0.7303796554765385,0.0
-221.33227947488393,334.0360197005389,6.050075667436794,0.7409390018475388,0.0496902437527558,0.0
222.2610723683018,-335.1917648625981,6.842042779258347,0.8083950091218791,0.0,2.0
-421.62003524464046,-181.14956315208474,7.444019289811608,0.8029287843190505,0.0322895223189806,0.0
366.87215100031926,-163.5084980217827,5.012178772866736,0.780492288980337,0.0017207668670987805,2.0
278.82038049551784,281.8294261633811,5.01913209756392,0.5851151035676863,0.0,2.0
-293.7006896509258,-228.17154584503623,5.2939589000772465,0.6995456259537588,0.0,2.0
-148.34619671025234,-446.57951968880434,5.714977602286519,0.7921149232190456,0.025304815009966574,0.0
-98.7429391271862,-477.4843377662009,6.384566481357708,0.877461368809501,0.1531235618529585,0.0
11.41702353954501,-465.29375121882657,7.194096048062439,0.7631939836354695,0.0,2.0
-314.8943382397115,-355.7407493065258,7.236043182723664,0.799794693798096,0.13950578860930543,0.0
427.5182652464175,306.2375234090744,5.301764215823735,0.908555326555326,0.5389626033126111,0.0
407.07635809121217,164.50275461578124,7.280224734650949,0.7833358777501365,0.0,2.0
-292.3629139422913,-415.2716314886374,7.3267654529297355,0.8741865840549028,0.1690643910834918,0.0
504.5957151059965,100.12624531910737,5.621441563485292,0.8805363146051606,0.2736325196156024,0.0
-432.75158191838636,-183.45130382679062,5.338773315105793,0.7840359785971948,0.01638690878138729,0.0
-369.0231208466404,290.63288198677384,5.774967425220348,0.793460788260043,0.001845183492117887,2.0
-429.9800730676733,193.93383264111333,4.6376341735808975,0.7318679836068528,0.17829911652263944,0.0
181.49344025205284,-471.7692160683897,7.175260196439788,0.8760382383442513,0.17454401833458466,0.0
494.67736814930265,190.06435277480367,5.714523477603424,0.944435094736907,0.5052477788654911,0.0
472.7882778504635,234.95873913426553,5.08241469902545,0.9416828573704574,0.5840550356623,0.0
-466.06498417938843,6.193290104878869,7.297691552621254,0.8221045167143717,0.0,2.0
358.2176672032517,-165.06237183380847,5.5684487488624095,0.7502681655258809,0.0,2.0
-229.33605121660003,-203.2054434524939,3.9638398556220045,0.6307509070394111,0.0,2.0
-402.06022022058875,89.20483504124594,4.869445629356648,0.6396641813969863,0.0,2.0
-449.7168957039919,-30.282355437281495,6.930635814772519,0.7340341445890931,0.0,2.0
218.4085234443547,314.51430579724206,5.265265385883323,0.642066352240401,0.0,2.0
427.7200569183457,-79.4969952851505,6.22442031982017,0.7064964064775031,0.016393927120834536,0.0
412.8240721056459,-104.23786184811799,5.693417158471315,0.7876443631342681,0.003880031897029037,0.0
432.8735242198542,197.72800550808938,6.325644132831295,0.8321968338041312,0.09913401256700602,0.0
20.904355393761097,162.31421432057513,5.624039400081065,0.7138853579471582,0.0,2.0
347.7946399795119,-300.25002343044895,6.00580176941503,0.7381356339267042,0.0,2.0
175.533168165937,374.53965952867713,4.705473396264363,0.7652166286344684,0.0,2.0
220.90374136387612,356.02744938158554,5.925918477773692,0.7477598479896382,0.0,2.0
-298.1822652130711,282.62726444059206,5.498549799850506,0.7397374961356555,0.0,2.0
385.68777474823094,159.43108616988746,5.5889098375767965,0.6456172563553427,0.0,2.0
388.943537738049,140.1339230441804,5.91652044759007,0.750285339866229,0.0,2.0
22.904999325847886,511.229486823137,7.682949229282256,0.9256988292611326,0.31049299695755267,0.0
458.39682374723276,-68.5462728355427,6.615519114452786,0.7681309880254694,0.08233425269781526,0.0
-9.709437478191772,-493.0523530347227,6.809760320907131,0.8333672995953805,0.07701608488313509,0.0
303.753579937023,-251.980994364111,5.309751398386344,0.7588187525173538,0.0,2.0
422.9426049329318,-253.93113695545273,5.483993127568165,0.7660102269324521,0.1119065233070752,0.0
140.54533054942368,-319.08054858333963,5.440063736660389,0.7379336758831228,0.0,2.0
463.08959611513353,-95.05932761730219,5.422851605076273,0.8212164886538568,0.15570938191169637,0.0
443.1763561822012,-227.00312062146708,6.325297383873569,0.8761624916767465,0.17453881280548184,0.0
345.1565028692692,-391.8750188994783,5.942960816491489,0.9379641338060245,0.4649357244725946,0.0
373.2931866352551,-233.90817136002786,6.4098755988478935,0.7450615698686569,0.0,2.0
-324.9827522103283,-283.58794984337595,6.14801130538067,0.7438658523497812,0.0,2.0
-494.8446284077121,-161.86651537110072,5.397800455086397,0.895797999305442,0.28628683170306285,0.0
137.59213145003113,-382.16420426289045,5.795646188681348,0.7254966134216925,0.0,2.0
-283.36654248932257,331.48712087348235,6.050403217545983,0.7402373941430099,0.05567866909776916,0.0
-371.350266053701,-381.05653120334057,5.6338977811790265,0.9733670966094466,0.7569723083351154,0.0
-86.90195198741041,-462.0635487678487,6.058817062658506,0.8042478826497806,0.01567465887737379,0.0
313.7252691159981,-286.54481523052556,6.484997045043103,0.7813300659963813,0.0,2.0
341.4788768141515,-113.42117498095219,5.103498823679841,0.7677659933087522,0.0,2.0
-382.4198751986898,-234.90618341369995,5.884677671788818,0.756696563446551,0.0,2.0
190.7184911594062,-380.2216815124159,5.999439311921694,0.7365464290877343,0.0,2.0
-478.37538031282634,-49.36164780656875,7.379694359041056,0.8561749366322726,0.0076557080384488186,0.0
300.84634028874063,239.75116909738819,5.036068820661877,0.7336287685439628,0.0,2.0
221.62078581157903,-292.71952629458144,5.847144544933202,0.7494129081041945,0.016905926734863283,0.0
-283.27750090666086,375.7374982785589,6.450017587011863,0.7500285127554838,0.0,2.0
-427.1733557348755,142.65664681218047,6.369618362621562,0.8408040260880515,0.0,2.0
215.0133754730767,-342.45314425116084,5.890234310557326,0.7130988540522359,0.0,2.0
-351.625620591253,-360.4972946577527,5.044427613445268,0.7816345187588744,0.1132162454246941,0.0
174.96383785815263,487.5661153072849,5.177119989206591,0.8418255021879694,0.30853706185822904,0.0
-42.179504982091146,-306.0951689565673,4.954953952104164,0.6319689655429103,0.0,2.0
335.46662948635145,279.9377503590227,5.517656589012628,0.6586603585576101,0.0,2.0
-281.74706196647287,365.4109792561158,5.930982282633078,0.7431806060278946,0.0,2.0
358.6944263642544,-300.9882822473094,6.254089303468231,0.7352525620735102,0.0,2.0
-326.70344291924437,391.7189847285345,7.042697609353801,0.8819480215324287,0.16482052042838916,0.0
532.6812485239116,50.51995885812513,6.151445533785979,0.9844534101035195,0.7914563255420357,0.0
295.7488287874462,-134.8937947812143,5.738322131110054,0.7262198615197805,0.0,2.0
-448.8600389619962,120.97135116427167,5.315668272538371,0.7643590630964111,0.08160757294803109,0.0
-417.86676043413394,123.5311432676916,6.123230947401251,0.7741413759119989,0.0,2.0
-465.5679142991853,188.27695565084764,6.058789805398175,0.8324454202257688,0.18248123635338973,0.0
-291.8995145309809,407.33004362634955,5.885292412168927,0.8031871636750819,0.030571753109763462,0.0
-200.16941878972466,500.2628240324344,5.939106295016314,0.974035372669344,0.6828794863155916,0.0
-249.40082182592016,390.2936320839788,5.701680299375061,0.7730555033117069,0.08975008559880808,0.0
440.29452230980456,31.39942085041551,6.933496509009513,0.7758686639626129,0.0,2.0
-202.8514625743233,-438.2751674942566,5.325959244921672,0.7817789540474728,0.09811713796415691,0.0
-320.34931298584854,338.6015764515414,5.179427691786377,0.6800100881805187,0.0,2.0
351.06367374587325,345.38096580870996,5.558955811463203,0.8251049552786103,0.05970405604105168,0.0
-120.06771184312264,-460.6076319744452,6.946395316567698,0.8448482059140482,0.0055046671305251805,0.0
234.08155800720317,-443.48764346952686,7.322771243328048,0.8694382229790543,0.24329032233999173,0.0
-404.9466313275327,-311.87489273675146,5.35445960172094,0.9183159027562077,0.4342591613139769,0.0
432.0372323079517,64.63665605144242,5.252659627779744,0.7870219693937078,0.0188813844500013,0.0
-255.83394821762036,-356.7822872976954,6.757536200594616,0.742916117540926,0.0,2.0
478.4285381901111,-215.7766339787572,5.506307565077338,0.8940845979398842,0.3844723313521146,0.0
372.32455385542727,-362.370855351989,5.577703009936277,0.8881647341429442,0.31627312376823474,0.0
-449.2314681508617,-267.796042146316,5.79611545441147,0.9043579985853102,0.4013149806762346,0.0
-477.5690564386262,-213.27147702467255,6.214667554855235,0.9084288034729815,0.35232749971890814,0.0
141.00082933959348,-451.9773852592998,7.082533764201548,0.7889131988045924,0.0,2.0
149.29569269554923,-397.3156998715752,5.426446562918229,0.7702654995063113,0.0,2.0
233.6828665303424,-348.57699470929776,5.744688784182118,0.7704791205479499,0.0,2.0
464.0553632185686,-47.79657612476507,6.681293962657322,0.7575671818149754,0.0,2.0
514.3954283013687,83.21223234044851,6.937657930053786,0.9184611483296626,0.38815740122687337,0.0
-229.05154248485064,414.9753939790278,6.210711601630287,0.7871809705807442,0.0,2.0
513.0099613731855,26.47535049025744,5.481543204040758,0.9269697614770513,0.3105249837015673,0.0
423.85489485445436,99.03077765717674,6.300921224103285,0.7527111815163864,0.0873077640877931,0.0
103.7604524701473,-479.90494960463246,5.7491514778362,0.8304173078864812,0.17001207249967099,0.0
264.0745707297358,-349.0268157202559,6.079012505221302,0.7947734067843495,0.0034399297897291237,0.0
449.42984095214274,-7.22241126960384,5.86171109809733,0.7807992139308227,0.0055620280781906156,0.0
-286.5941819918668,455.1879849133732,5.912996498685972,0.9792666917150834,0.7739049198184672,0.0
-453.26022122797144,-257.53199608399683,6.715238437102145,0.9278379313301837,0.453709217643804,0.0
379.6414701702971,-137.18109132406127,6.412302214947169,0.7456470666669774,0.0,2.0
-516.6926244575733,-5.369647645318006,5.404785010195667,0.878436427985165,0.2502914729157428,0.0
223.08944922547255,-442.12653471178646,5.818134473244184,0.784165568543134,0.11294083995724084,0.0
231.70277259016817,-339.44731215646783,5.2364895368610185,0.7548640478037024,0.0,2.0
468.60252194005255,130.3287556142289,5.3077412789637375,0.8249612352090683,0.16877057365890688,0.0
17.521509833109175,-445.2926863203795,6.521670902213045,0.8489621363788592,0.0,2.0
181.8659226564186,-375.5957421640256,5.819208112019608,0.7523935603694135,0.0,2.0
7.746868335947567,-444.20132304806026,5.2445392285974535,0.6737423766006837,0.0,2.0
-31.258225279308032,498.85694395772197,5.651916160225494,0.8113972125394145,0.27738504940078906,0.0
-193.57052069976606,-437.80042168792664,5.888948834411896,0.8366285352837045,0.18744364967394508,0.0
503.4071183112936,-16.50765799760677,7.35449441884056,0.8717391955685901,0.15345191351836462,0.0
-277.2377121623048,-324.6014194198024,5.490434971565199,0.8031457843913857,0.03272358371211833,0.0
278.943417385904,452.96453120936275,5.357948999195084,0.910243828579007,0.4167404760187659,0.0
-459.0821332236394,-58.082122725419566,5.906387932387876,0.746139264740494,0.0,2.0
433.04426526013583,-58.67731306387323,4.532569977736305,0.7860279277959689,0.01062882498214452,0.0
-138.92560917571944,-420.6857647309448,6.15155101915034,0.7407638905916363,0.0,2.0
-26.70247397193907,-474.3517660557822,5.4569589349733825,0.7271666548982777,0.046791206779269984,0.0
327.34745638754026,-317.0906631455163,6.396381389377525,0.7677656757664162,0.0,2.0
-422.7514031135652,189.05992816475234,6.275303873024983,0.7658776715517974,0.0,2.0
-431.5976938263499,-28.127269818638695,6.5471590487993785,0.7386855247836367,0.0,2.0
-480.2210223305462,178.3463695290105,5.794859863353869,0.8747756892423114,0.14760172929624596,0.0
483.15750910057153,-68.01431298000074,5.977656155122306,0.8076783038946277,0.04736509575037871,0.0
167.11141640591293,-407.34150581069827,6.562129016443351,0.7568357456732722,0.0,2.0
-347.0888135897002,305.0475401506735,6.774952424631792,0.767937655093511,0.0,2.0
-177.1488076130468,468.39742720657415,5.267598430568244,0.8352225023659634,0.19158415105678805,0.0
477.62157190541967,-180.96667208477376,7.371824482060482,0.928347287397026,0.24056644647040626,0.0
-284.93803419385813,-426.2237350428185,7.19374310859932,0.8399935421799228,0.0820346170441437,0.0
297.25669987796965,-298.44439758692437,6.245174791920695,0.7246031687346601,0.0,2.0
-459.1157304560125,-111.72614726622002,6.252407125348919,0.7570422662824471,0.07451550244188504,0.0
346.38048535590843,371.12490396525124,5.7076470298963295,0.8697471078910617,0.28501680462032697,0.0
470.3461633276639,224.08819530996686,5.268009291384593,0.9267823852208069,0.3974888239982662,0.0
479.59602960585903,16.55312680801318,5.942294287631469,0.8426978476224226,0.12442013387983225,0.0
509.19372792507454,72.47292904323643,7.124806685515353,0.8665837951075717,0.1270653753598632,0.0
-131.5442354975091,508.42622955553594,7.462123570480321,0.9447279730780874,0.44040303347762877,0.0
425.3633543184391,-54.461513011339235,5.932392196785148,0.7469799042334053,0.0,2.0
48.80731821563113,508.76179890224927,5.018985462797867,0.8594363618982873,0.10715599528048553,0.0
97.98433036578159,433.62661789998833,5.715194778062993,0.7592749069790865,0.0,2.0
363.1540650755133,251.6290676827586,6.829462625820277,0.7859395924938815,0.0,2.0
158.49800163252604,474.7312800314556,5.225887586782137,0.7767045805789166,0.1727426233041197,0.0
379.3274354421101,348.23188109247565,6.770827431685884,0.9295208060936975,0.278327076103962,0.0
-201.5683384448919,-286.9650395717944,4.512341671590065,0.6417446271090116,0.0,2.0
390.71170908255857,-249.09843104282365,7.4443649058612635,0.7670036661073902,0.0,2.0
-339.694240091789,-275.3999194677986,5.405859113400767,0.7575079172362653,0.0,2.0
507.5830213530337,-100.27359640450109,6.1222803798435255,0.865376141691578,0.34455923787603976,0.0
-289.48706182822986,-340.01425794626243,5.898850360888414,0.7784034990568645,0.041739573646296255,0.0
199.71927016398334,-395.5534682654264,6.725678402696461,0.7919389190540046,0.0,2.0
-146.41071945183515,387.95417952621,5.855769148016351,0.7355218698049995,0.0,2.0
122.89014186695424,196.52721134664506,5.645215597028105,0.6603750940932351,0.0,2.0
-310.38364262479183,245.768911477389,5.3716615041151705,0.7496044929307472,0.0,2.0
245.77145061198863,318.47716979692325,5.225974953351776,0.6685798590048257,0.0,2.0
-253.0525118770916,408.35837360069377,5.675866758292547,0.7531668793117292,0.06585613935555162,0.0
291.09425673951364,318.7235784908671,6.6747519441370615,0.741065851641775,0.0,2.0
297.3410681873074,207.98804643755602,4.774627154714896,0.6757457448813333,0.0,2.0
-516.4045875952432,-40.83755776317126,5.128336961451446,0.8124270601625995,0.4086328102809817,0.0
24.69227769583355,435.86995891675406,6.438848973520671,0.7183369616161019,0.0,2.0
487.54726481516064,-187.10472646672153,5.635981609420294,0.9112768532602974,0.3286966980530998,0.0
-57.130562043499744,-375.9525323054552,4.666908100737291,0.7583310575493809,0.08382004710683785,0.0
113.25416980113023,-393.32466818780966,4.225908195345798,0.6228357010964484,0.0,2.0
-225.3272331716954,-481.5432187048043,5.855312820625412,0.9771135852196947,0.6996178873931207,0.0
-514.2016006039934,-117.68791475145825,5.92608743713968,0.9301137962026745,0.45707661059019106,0.0
-156.3340683693208,515.9125124766695,5.735311868068786,0.9811039832337756,0.7841148434943624,0.0
-358.3049834674485,288.80293926975514,6.351650586297733,0.7455223802799462,0.0,2.0
-296.9073330900732,-303.83554293538737,5.969557478880906,0.7350334155225506,0.0,2.0
183.3479210975085,-490.9440833587656,5.579141603428027,0.9360196240676687,0.48356472260104993,0.0
-499.075673068584,170.5856787587881,7.438203847943393,0.9361996230914966,0.390368941689697,0.0
-516.8515795325184,26.14915219073525,7.625429419370911,0.9049329715606913,0.21827619034810405,0.0
213.14791579829608,426.5459657010319,5.093498563899789,0.7443939089445364,0.19608481144587853,0.0
351.47763219666746,-359.14339325676127,7.983271943191492,0.9061047304864998,0.16518780355927282,0.0
94.19797783888046,-378.2286561106837,4.431021776084482,0.6772214619725611,0.0,2.0
-499.6416605033353,159.1048551773372,5.545240647433354,0.8915768565855698,0.30974119915187515,0.0
312.8112978010295,-399.00717645533024,7.493221349884263,0.8596353659831513,0.1281436071608362,0.0
181.70806246006103,505.96107861088365,7.205140096381263,0.9764512809046972,0.7021866852191982,0.0
-97.84199747962579,465.59584195131345,6.7058039368278815,0.7503150051553872,0.0,2.0
-267.8488306030313,403.8948107655475,5.182432978383335,0.7497281747176476,0.06210912296072328,0.0
434.6338124508386,148.7404817126674,6.8649650876206145,0.8056929976160436,0.0,2.0
439.5327396555288,-265.81330746202184,7.108901321620814,0.935639340781378,0.4040029654709129,0.0
-393.1922552542587,-298.4256411352148,4.528535083839481,0.7702575761124537,0.10791826877275802,0.0
437.20049676458024,74.56182170901319,6.526312011458338,0.8359893057241525,0.010363977002480523,0.0
-160.4718132056061,-471.54961949219586,5.480854459989838,0.7815856297350863,0.11732949328999845,0.0
334.9287384711077,398.8594599590729,6.315113035218822,0.8641467093778727,0.24086427652163075,0.0
-410.8766861419001,10.2843507701157,5.014158138744191,0.717950872185955,0.0,2.0
55.67908443005272,480.33352856067773,6.768095865281379,0.8177849860255297,0.14807512295110054,0.0
-426.9072518321114,-311.29031910895856,5.424685422080522,0.96386603910463,0.5921360287743594,0.0
-199.36222269082552,427.19430106686264,6.905725685503443,0.8586630467109366,0.15659715721110326,0.0
524.9677914395924,39.27929524699125,5.276202979931715,0.935869775708836,0.5724369637413388,0.0
-377.9736250093405,270.6026796571598,6.461375771491909,0.738495634381045,0.052364005886471596,0.0
450.8900725263565,-188.62759263753497,7.2238044836800706,0.8353074054300406,0.13488595978094,0.0
-171.5168763291929,412.5953427114982,5.916123763339697,0.7598739240664129,0.0,2.0
383.48593760994294,103.96135588035683,5.181626790945632,0.6541898465273778,0.0,2.0
-103.0578195035298,516.4316863784261,5.443233993875762,0.9279246696742269,0.4624279841958339,0.0
-157.13793917723936,484.12522804631186,7.180247195582366,0.9162272604530097,0.3297585379226392,0.0
-180.1032444357481,418.28947247430153,6.113155726302272,0.7802340329838837,0.0,2.0
-317.0535180488317,197.51730287131952,5.319547395389736,0.7132031759638113,0.0,2.0
498.0611713188885,30.682911110048284,5.30815765372517,0.864578615214228,0.3343119335265567,0.0
135.41651322248453,488.78486145376337,5.283035949666255,0.8339965203140441,0.1789018066323547,0.0
-87.97727174332957,447.2292449813683,6.174671535395573,0.7210364596412734,0.032493364937689166,0.0
386.6576229888479,213.21236082968653,5.5410091039367035,0.750225301334821,0.0,2.0
128.39362921190974,439.6797688347932,5.946854716782835,0.778359513997139,0.0,2.0
182.94405556877945,-395.6885134299342,6.266952984726096,0.752845007226142,0.0,2.0
-335.714980271996,-345.6743667009402,5.576814689776072,0.7494838358656215,0.05769636199486405,0.0
-284.32722727692345,-322.9890032972026,3.876941997315824,0.7074324611713576,0.06016189988545645,0.0
465.86232893364763,-177.45854093732018,5.536934421915136,0.9028662578692701,0.41375098049162073,0.0
456.2718282691734,-53.255968247039014,5.226897510939079,0.6367990086338011,0.0,2.0
260.02493882780436,407.7783241778165,6.454783774735975,0.8261832755108617,0.07601617937678841,0.0
260.42995996579265,417.91766060290894,6.44424250352555,0.7394289848821362,0.06417892578579548,0.0
-318.1525156091211,-134.98461138314022,4.897253716357737,0.6595483864583462,0.0,2.0
-111.34625590260245,-386.8073141927057,6.334840927944744,0.7476855030292086,0.0,2.0
-228.4830822010929,487.38211316721384,7.44201232845524,0.9618891906869677,0.6896057722055963,0.0
402.18716825730786,185.1655556153637,6.372256925933256,0.718344678959563,0.031106404705040114,0.0
-57.57701153328781,475.38117464198837,6.320219001078727,0.7483081078696545,0.0,2.0
18.77850008978677,493.248494828824,5.362405727021647,0.8154467417862244,0.10979677510596035,0.0
-24.92078160099421,485.9425169962388,5.16003891157554,0.7250845181200377,0.03961903798766896,0.0
-30.810577839197368,-354.62700929331294,5.5305709673937535,0.6566588454104192,0.0,2.0
-385.4358917750257,-166.34633429870294,6.156966536762389,0.7216928619787943,0.0,2.0
-269.7691481508766,-461.87481069498796,5.446423696315839,0.967127894388027,0.6573994276644041,0.0
394.89798571557674,209.58239970732066,5.463268178963873,0.722347662986846,0.028823706808128208,0.0
-179.54324729100458,428.49325070724365,6.521389786868608,0.8295650829226574,0.027517055079593865,0.0
-403.0325939208894,205.6549480231677,6.739031688669842,0.8110970953572106,0.0,2.0
314.71886785082785,305.07730888855,6.831028935718557,0.7836496753161415,0.0016717993267416939,2.0
330.58439433612307,346.67797700287497,4.958507038109952,0.6882505161782847,0.010771720776616023,0.0
339.7200472145323,-170.66279456335707,5.849767994676405,0.7456552064160555,0.0,2.0
-288.0736413568553,416.1262788867452,5.358901046662409,0.8355620971940124,0.07538698632360435,0.0
-159.42981624436572,323.84945649559626,5.686106884635413,0.7474693207811207,0.0,2.0
65.90155898711429,476.1329218638054,6.616479645058557,0.7507613723804969,0.0,2.0
359.2511600633156,186.32862012186334,6.064570284962158,0.7090999157774424,0.0,2.0
375.5095421764813,187.52976825431654,5.081835996598098,0.7713086204511433,0.08708337746592353,0.0
-261.4798680493156,347.23663569647806,6.797379324030179,0.7624297735248825,0.0,2.0
450.81062615037393,-23.747173021026594,5.349685035766322,0.6420225838303103,0.0,2.0
-444.5267358697732,248.63556486251954,5.954457208729716,0.8511503900335377,0.11699644698414012,0.0
-333.02171880256435,139.66283052589287,6.627385524280609,0.6508970935977677,0.0,2.0
37.26745740854991,468.306494307682,6.311397285863444,0.787342206803469,0.0,2.0
-74.54728398655475,469.7135207803312,6.876995528919711,0.8203763022167297,0.041497926398449424,0.0
-235.52387082316028,-356.94394887093097,5.673972671978162,0.7799505099339493,0.003164211966548225,0.0
408.86155437937026,148.10838635432918,5.584487052921965,0.643842599641513,0.0,2.0
-8.566386394029351,523.8087737393278,7.290301615345913,0.9222075292104652,0.33824203856046137,0.0
170.46808901072285,-445.43566985715256,5.543030311017659,0.7504264221224131,0.07198332531048246,0.0
-62.938154146458736,-429.5656109439739,5.977303773254007,0.7453181199159029,0.0,2.0
-331.62473830177,309.23360108679935,4.522515010587452,0.6655605134342043,0.0,2.0
-82.42223887587366,-429.34386929541256,5.644756938495737,0.7698861699256083,0.0,2.0
-126.39771766919583,418.06889099222036,5.622713636486186,0.7710035099325788,0.0,2.0
-388.3967287397519,-338.0965473681898,5.604699675652827,0.8615185003771927,0.24375329024455508,0.0
-265.5766513096307,-401.25710440808984,5.110971428650397,0.9086541159334804,0.34904351198926375,0.0
366.4808435158561,192.54241071176986,5.2942204737246525,0.7407963245065977,0.05168293462611381,0.0
303.7037440201747,337.589662776247,6.50798623784012,0.7170813588049756,0.0,2.0
235.55801280353512,-365.4104963114592,6.165594061692753,0.7607229667753374,0.0,2.0
-92.4604387155825,-428.9007939611282,5.791701864134553,0.7730737797722546,0.0,2.0
-468.1830752715153,-44.621550022525795,5.173479699709869,0.7867221591874966,0.0,2.0
466.03728061086707,-75.69322632248874,6.577063437937102,0.7912519932011339,0.006454644478817062,0.0
407.1403294148535,-53.94366538225913,5.8026966244457245,0.7346474106765111,0.0,2.0
408.5603467964572,-272.27782569328724,7.083140362952483,0.8584293187780233,0.14563841070621,0.0
258.2764495525064,350.8418013142207,6.550689089253774,0.8243169768532531,0.010572658887607101,0.0
400.2855733999281,252.89086998554038,6.927458835035762,0.748944912037135,0.0,2.0
-462.2491178838923,153.3854522457692,6.671120082865761,0.7857492627261307,0.0,2.0
-456.26441684961065,22.569316602042274,5.881843413906601,0.7383813410245605,0.0,2.0
402.1323331812409,-348.89484996989853,7.4656312463193295,0.9772902194760461,0.7053254588069534,0.0
472.84714291069804,-42.29597401451169,7.002609963658646,0.792435527621078,0.033207272474841475,0.0
354.43465349992806,363.8293264400204,7.231401194868815,0.8785892520409448,0.16290576476173718,0.0
262.66627629871437,324.0291753071695,6.092786511466186,0.8191506955328687,0.0,2.0
77.35665631407004,-323.7144402086097,5.286103607458196,0.6638311917482723,0.00012497930401251763,2.0
363.1624195598018,-310.1769266141433,5.592354676215812,0.7969107545115846,0.13048541024943722,0.0
-1.670873169819089,-427.32702396739745,5.99526835951745,0.7790703264320573,0.004786653733914596,0.0
-38.40488194403402,458.0625348216052,4.71590008903534,0.7827082993720318,0.010879804193553293,0.0
-382.82190875841945,-369.67059378979553,5.803926947257215,0.9868691770351099,0.876112246379406,0.0
-369.98744867101044,124.07348737426827,4.780980706186215,0.6425103196326767,0.0,2.0
84.24612455833424,-508.00438869135496,7.121446384397922,0.8825405382929177,0.20251610954834268,0.0
-516.5165700020889,-20.331312197351682,5.858774776215232,0.8630211510560141,0.45199621992965233,0.0
-308.3750622522259,349.3096966435976,6.289569902686075,0.7706471597315095,0.0,2.0
411.3938674748782,173.23841406102156,5.347629482280102,0.6566496578749403,0.0,2.0
-210.87496180467005,-268.0495610098407,5.761775411100065,0.6685970421833068,0.0,2.0
102.02817938874506,514.4055467875961,7.004461944609766,0.9545853618132649,0.40671323959596384,0.0
255.12128176887074,-445.0878783188136,7.2909482558163266,0.9462809612398102,0.4515334303624951,0.0
-459.2846779972812,206.49889564549835,4.963485045615894,0.7731720182888855,0.21767044983224199,0.0
-8.923090709807079,449.2553511111803,6.079797532584587,0.7599949948944574,0.0,2.0
50.05506547746217,-482.5458566913625,6.622985111356917,0.7891095306510822,0.004258452651565643,0.0
-403.0667364829903,-101.40511906191902,5.747420949918622,0.7537130139700051,0.0,2.0
278.1595948832609,-421.0111541855915,5.5388175823778,0.7783424727569535,0.11793635165883166,0.0
117.8279026434384,-284.07757250766275,5.363617846197004,0.752566995463766,0.0,2.0
-416.50241645118507,140.56712024847124,6.07751391017062,0.7683736988688885,0.0,2.0
-145.05136787435384,-478.5656343226416,5.759651323293602,0.8342068099725274,0.17539024027854733,0.0
427.70080430665286,169.77731173405252,5.686398464272903,0.8317248656504727,0.2956209825121018,0.0
457.25648913790474,86.56053005886199,6.262013553170908,0.7431058844644813,0.0,2.0
-3.970105459459498,-528.8501775534047,7.2254499534059935,0.9656097015068706,0.6452517923566323,0.0
-267.99508268450563,303.4545030428935,5.763425064383146,0.7576220185552902,0.0,2.0
-284.27774952466314,298.39111240059316,5.471572679220789,0.7305775116919401,0.05479873191171727,0.0
215.59683798303396,123.60943730401068,4.95333711837101,0.6399572877869893,0.0,2.0
-375.965594093795,282.14835693242037,7.192138813007277,0.8452261228041955,0.0,2.0
-475.15278241479746,219.2322829699047,6.289684578088722,0.9023906549415399,0.22997827570178211,0.0
413.4579171388668,293.8732437581876,7.3151657034883275,0.8511653162261372,0.10840317255543418,0.0
470.9084497275821,152.81339234335422,6.002976564468146,0.8244856101962499,0.054239875479212066,0.0
-422.93176620950794,132.82882097241853,6.266546986966309,0.7950442684440336,0.011703748022728487,0.0
-250.21774536955158,-418.3632211451051,7.697481320757987,0.8376696504429929,0.09878208423133619,0.0
157.08749193762753,420.19735626010794,6.020929064835784,0.7801122633393954,0.0,2.0
478.9358545570893,-112.21316696052429,7.662611709793016,0.8565924542097436,0.020154746209731882,0.0
-443.94230177370156,75.31443445117173,6.2931603680533446,0.7624867037084779,0.0,2.0
-451.03060327583336,289.9335191757235,6.799309039438489,0.9741511995417331,0.6822485629718775,0.0
303.37647847521856,-343.73499471928216,6.093614025072609,0.7541547599886226,0.0,2.0
-239.49517262337116,417.61980873826417,6.4642112137949574,0.7950313201846673,0.005379003220838231,0.0
500.43014871583875,-36.22199907533392,7.045867315724213,0.8473159158943663,0.1912374030100176,0.0
458.2790335025242,64.71950999531072,7.508222057535602,0.8214198447643266,0.0,2.0
-62.840478794046355,-492.9183406554899,6.784394592116557,0.885155460421491,0.18131811204623485,0.0
102.04741136080251,-376.94448760721355,5.35389475360557,0.7414143146816645,0.0,2.0
-223.96700445130486,-267.5675081323426,4.730478582144165,0.634301250429809,0.0,2.0
55.419388641009455,523.594792167446,5.1446315675174805,0.9105953833089736,0.34981989496275534,0.0
352.4328264308308,-345.88330578244563,7.1219427706095635,0.8782547031310632,0.2190528990575308,0.0
50.364839867249515,-529.9581172281605,7.419748035783643,0.9844958757467946,0.791301196412251,0.0
456.69600107727257,46.834592743289264,6.217825279708761,0.8315896164560478,0.0,2.0
-387.86137961779036,266.4753511387744,6.442778797294615,0.7877072668433807,0.00016318989627572532,2.0
394.9020384720194,236.27633036240056,6.006881820560805,0.7419605426668202,0.0,2.0
-23.071210752623937,422.4810522075406,5.5758609761098095,0.77776862818489,0.0,2.0
-320.0227509052488,288.37258850937667,7.144541682506595,0.7455502494369701,0.0,2.0
185.18703216198364,378.5846945217024,6.181174643430553,0.725107889500646,0.0,2.0
296.67298216828925,232.67942080494973,4.553481391141285,0.6136338292097931,0.0,2.0
500.020984606116,149.45371725764352,6.189047158490515,0.907558695355718,0.34641635361068596,0.0
-457.29930837592474,85.45782960267267,5.491503609376268,0.7388227800344239,0.0,2.0
-360.87371498217544,-336.25628832387963,6.00178293869279,0.7549839733061443,0.09732957951939634,0.0
428.2340100384614,-170.66504656539138,6.863676445464527,0.822818132897493,0.03724170197006517,0.0
423.25544560205924,-70.56134249983857,6.326620022884929,0.8080607242477125,0.0298899124326569,0.0
-96.31622188168726,379.43320640443267,4.746280571066288,0.6286504383481029,0.0,2.0
193.84030096435052,446.14323061984265,7.091287687194565,0.8311509021335837,0.0,2.0
-404.63840807471746,-218.1425830456772,6.804765727430053,0.8108749032928869,0.033692647858716375,0.0
251.1290749206749,312.3056975020282,5.165221332725264,0.7262831024249463,0.0,2.0
-160.48512408922858,464.67865335878906,5.602641763470319,0.8091906173653766,0.021565557622028594,0.0
314.7793585695342,381.8684557230431,5.6118309019839545,0.8484382111938082,0.22452123587191353,0.0
-231.77511402421942,390.03126337733806,6.325795264385676,0.7384029317236632,0.0,2.0
-439.1075842700757,67.58256731441806,5.603752089228996,0.7804854377598113,0.09338304745699282,0.0
318.0313703062618,-176.57560299006946,5.702633780951205,0.7548272345444069,0.0,2.0
33.826148492623844,-488.20434067366926,5.45175113724074,0.8349318151929674,0.10858833735784738,0.0
440.54026773856066,-194.88034260329255,7.339921673644767,0.8055349494939955,0.019619381610885195,0.0
67.96496006777974,443.2441761638096,5.618287843302395,0.7752650504895321,0.0,2.0
-224.45607660801463,-388.30858921434253,5.4928008125938685,0.7216191792704436,0.050235186976387174,0.0
-14.97352698153901,427.89780778268494,5.8713221286616575,0.7499576046262738,0.0,2.0
460.66817078557926,-107.17142977184466,5.436477783399713,0.7501052431741694,0.06981896053527899,0.0
450.5884394955619,-61.0782080914521,6.5157066633062986,0.8089354764619751,0.0,2.0
270.700564526975,376.30992316652777,6.206018873350152,0.7459723596196068,0.0,2.0
-113.18738129241089,-396.4720738527044,5.157464122157569,0.7617289982286786,0.0,2.0
293.98265920830823,338.2245116644459,5.782508960026482,0.7442512397154442,0.05540365136296216,0.0
-36.80143250462961,507.68320140370435,6.7095800980395435,0.8314329361741196,0.05773287656835344,0.0
370.02229114803254,70.61199237209378,4.870977903261497,0.6384535344788972,0.0,2.0
-67.31621337214129,-438.9409048561321,6.956311079647449,0.7546056256647942,0.0,2.0
-437.72148167507993,-238.46547395728692,5.674486560165972,0.8561860132830481,0.2205361455468747,0.0
472.9689000915824,-169.70696608992066,6.5497418571596775,0.8621718990895523,0.12283244071985919,0.0
384.43471540492493,275.42562281639715,5.953473400068738,0.7353241521205356,0.058109761481638586,0.0
506.17863732825185,3.6152487061301355,5.154164173662825,0.812456109155067,0.28870946904606937,0.0
-210.72570348385534,-276.67716543165284,5.5980217073063425,0.6976001005548897,0.0,2.0
469.1762386065247,244.3927615155679,5.765419887342732,0.9634896778074853,0.6460250543754364,0.0
332.06221106675025,-350.14559436431216,6.975947925747121,0.810689842130902,0.037124044267419366,0.0
-466.90421366346305,211.64884222072033,6.289684578088722,0.8638951286313111,0.12730820821717106,0.0
-168.2637329183317,328.122835049899,5.317252486686038,0.72693539184297,0.0,2.0
-375.401416242554,378.10218420939185,5.5795023548640525,0.9587634900161944,0.5553657568364551,0.0
-3.3625139126964583,458.1465498481278,6.638264355672954,0.7626146095299214,0.0,2.0
-88.92034750280757,500.84158921592905,7.171907692444966,0.890497549092938,0.19085925714816576,0.0
462.45786261024045,106.39767509180892,6.662751756932986,0.8231999088020245,0.16140585452626605,0.0
477.0213997020738,-132.51590664673003,6.097304858259612,0.7871256335017196,0.11343437954640852,0.0
-240.94013777906287,-366.5269312331991,6.166705545372545,0.7516218341121393,0.0,2.0
354.4912149676908,-202.87996608528496,5.721894267140646,0.7210278922576893,0.0,2.0
234.73243832110734,481.7873622088187,7.378701946349667,0.9765681406042288,0.7027574787116259,0.0
125.04818237447593,-519.220021601256,5.74527358970361,0.975122350845119,0.7572511238949685,0.0
-311.46135682078085,340.0512486657987,6.2185900820405005,0.7692346246023269,0.0,2.0
-6.565653029518575,413.94984525170065,5.704229054540813,0.6726329717011459,0.013055060743297518,0.0
293.96785362524844,-316.01609280180094,6.625791309129274,0.747211625855295,0.0,2.0
443.09382139529055,104.83786342477207,6.6944715304589595,0.7150754783244964,0.04610204147002346,0.0
-492.85743648014216,-77.81904914747943,5.990557009495571,0.8326039230952688,0.08480643966685479,0.0
424.2898137456535,288.54414476347307,7.186893655607238,0.8254013146073831,0.07678886681450882,0.0
157.5372256521916,-422.92411411153546,5.64505773439946,0.7420213025533152,0.0,2.0
380.98063430485803,305.30580344032325,3.7277085954905544,0.7879085798163893,0.11333141743886475,0.0
277.1873460910347,-338.3969953932494,5.64901765105198,0.7638563076141416,0.0,2.0
-456.2147877094161,-66.73621792777483,5.3876946034905,0.7652560677612941,0.0,2.0
342.0122647177409,-339.54343181490844,5.0915472388538445,0.804871590315247,0.26255931915356784,0.0
-300.9630712488115,-393.1876311107126,7.577102287530063,0.8376065844171926,0.08831800220936867,0.0
189.9980116875269,-371.1296673788592,5.385332889402967,0.7595338741407041,0.0,2.0
257.2645305053206,305.7937227590015,5.132376800730767,0.7432534548328884,0.0,2.0
58.46874231028262,373.0104779182528,4.8970782850990275,0.6725734539964472,0.0,2.0
-66.29390151314313,458.2107825278776,7.127559037998199,0.8195748081004396,0.04746683973950416,0.0
-418.13708954412124,-234.89256741163274,5.42110189037411,0.7295202930009806,0.058927466669983185,0.0
-506.5550586403656,9.952267942683529,5.580786963949483,0.8631989140958798,0.218506370641523,0.0
342.01762818930615,-87.80488688017296,6.049291692947688,0.7327745092662881,0.003000611488418186,0.0
-273.274001552588,371.23513927752344,6.3581100539625455,0.7626731758360323,0.0,2.0
-139.68983266367906,477.30861654598147,5.401239165139984,0.836718603594812,0.20339282513312415,0.0
-133.79737446127885,-476.0126827582477,7.3601123797702535,0.8713434564095486,0.14208191200609852,0.0
218.9192409106247,-404.22146164253047,6.908530941287257,0.7737042172834411,0.0,2.0
463.81837202944735,-229.5527856304008,7.289053475979819,0.9029849708020986,0.31337814808987907,0.0
-495.9458348617868,-88.78845242170432,6.7221884491910835,0.8821697959739494,0.13667890177717426,0.0
-513.6898056949204,-82.68284278745172,5.860635334416071,0.8713152038212002,0.24630350094496203,0.0
382.71996887855954,174.29065650942724,5.599725592472675,0.6937070960951581,0.010848780507795591,0.0
176.9971380198143,-412.3952719283628,6.260443144439445,0.8396634803531269,0.021215688875488983,0.0
205.86486457841093,480.80642775356586,5.202641553671828,0.8429468637265161,0.2017571695450579,0.0
280.39316229522336,411.93729746874305,5.562052953379783,0.7072430753427561,0.043754859638294515,0.0
-255.28468816433605,328.2479645217211,5.8043288496090595,0.684252633432677,0.0,2.0
354.86294310843414,-181.19079440371087,5.212670293501544,0.649722212471606,0.0,2.0
106.57222602165248,-469.36943347765566,6.8590514346124065,0.8748478417178905,0.15993464862450485,0.0
-8.115035947253501,467.9135696165432,5.572760631580005,0.7512866431883115,0.0,2.0
-307.5929993704069,-341.32316517916956,4.8961581862366215,0.6836553317754842,0.017804574571291035,0.0
225.73866233743448,-476.19561125177324,5.649000764088096,0.9669444314758864,0.659734153012682,0.0
441.521759183175,289.76654449984017,5.177479596410208,0.9520140077980898,0.5221612292475456,0.0
112.96362564372576,509.1520170821059,5.999895640107103,0.904080148704951,0.31523287298116803,0.0
291.05315547092175,-370.07913135595663,5.679928998984592,0.7021714231967221,0.007955538444718708,0.0
491.9682852349611,-43.13008730145136,5.100894379981725,0.9037123561485192,0.3543517408105581,0.0
-502.7288348330866,183.74663255105688,7.511479434579744,0.9773567549218747,0.7097779307406377,0.0
-493.7589536199741,116.33868949452578,7.291963928027511,0.8744178126641873,0.06553181968106958,0.0
-95.01880859146551,403.4845320147295,4.7373647011224636,0.6388186335994048,0.0,2.0
-337.76147414893285,147.3150131747787,6.805361446807831,0.703449727775808,0.0,2.0
-418.55340668810555,-316.5008653617798,5.202277733598799,0.8914996668115969,0.38763116024187405,0.0
-501.3987222286483,137.30554959511144,5.347293022457447,0.8746837598393556,0.26675887720143693,0.0
29.09356968408827,427.08172242274696,5.781622878534491,0.7368027344724705,0.0,2.0
110.51137174833529,-108.18429987204614,5.352777131179757,0.7408120961006073,0.0,2.0
185.87232018518998,388.1647418149492,5.360668411167298,0.7368195686567288,0.0,2.0
-320.76254897817535,-419.9895060361194,7.02030161136646,0.9600140960977632,0.605567901313923,0.0
142.58092351493698,-412.2491041849882,6.215389983896328,0.7218330540576482,0.03387851254525008,0.0
-193.66457962208992,-392.1615035342491,5.9099134158499185,0.7401619309197364,0.0,2.0
194.47804824179312,403.9086113587072,6.093653817110415,0.7415303293106709,0.0,2.0
-206.56563999156407,-491.7224041920442,5.300395420681883,0.9630704368170716,0.7368188391142478,0.0
449.1085959561505,246.73178953972263,6.483346439358876,0.8458902409889889,0.08809391201519387,0.0
492.9918379082237,-144.10340975625488,7.499047482996135,0.9133084137072393,0.2255095310509053,0.0
-427.2565147932574,-0.42487530378014704,6.292906953150351,0.757150436099944,0.0,2.0
28.88768926386467,-499.13733974422576,7.009099606105449,0.9266581083254508,0.39205455769711706,0.0
-365.9544031689436,246.02085719153575,6.00815129379217,0.6862078858894091,0.0,2.0
-223.81896231219048,432.62917120813114,7.616088729884755,0.8556787598708243,0.11361181637598002,0.0
-157.6229245005804,-331.73606104880275,5.555699482908832,0.6600786787634051,0.0,2.0
-251.8725728792545,-408.2502928544582,5.534971813835454,0.7004616297849453,0.15462238954987476,0.0
252.34624426950688,424.90568289943866,7.081208190817045,0.8402726673118718,0.0,2.0
136.96328109113708,-477.346999536026,7.372092948352226,0.8479731357402759,0.09310847202066068,0.0
-153.74957296179727,-499.8489966101178,5.588911915236519,0.9420106400653514,0.5011746560887888,0.0
50.49370499753645,-413.84086923047715,5.142478607986438,0.660393571954103,0.0,2.0
-271.2978044499427,324.06667720132896,4.544730375621695,0.6474612881127904,0.0,2.0
254.67481418375908,330.5149857196895,5.443922505723883,0.7811256710075739,0.0,2.0
166.4712301192276,-428.7437177357297,6.419501426204745,0.825753100035135,0.011960674460501449,0.0
304.5241120270149,211.47112668206105,4.777449064111186,0.7607916207027354,0.0,2.0
-331.8823748250309,324.76888192583425,6.375940652049472,0.7073699148922028,0.023137515301560017,0.0
-184.92959923574506,-396.47558063093015,6.071348368747039,0.7554751498259191,0.0,2.0
-238.9934210058558,375.7684594309085,4.702010171398787,0.760220442317365,0.0,2.0
123.90747520416572,-500.8850185924111,5.446856724832963,0.8904303744243125,0.29456686387789394,0.0
-408.3302177091605,-85.79146420406474,4.6688119581049685,0.6468826339147205,0.0,2.0
293.0312524079666,-389.4546986657289,5.653645788323642,0.7733751975048886,0.10056784584303424,0.0
239.76227809578927,361.5478789655014,5.451682969154313,0.7428810877158696,0.0,2.0
-1.4653897997944572,-498.0821530417785,5.170853471467627,0.830758951027757,0.2553891169260661,0.0
-497.59105562763,-12.86288498555827,5.8803832121670805,0.8844021970263349,0.29894651431984814,0.0
374.9542906412469,-322.032349644145,4.688159180351184,0.8162416759365256,0.15145843996652822,0.0
-439.75067263126715,-275.2675159036342,7.377134375749531,0.9160094727203191,0.3248059521253066,0.0
437.837155789948,-234.2639617653246,5.259190044629427,0.8994399432293804,0.20760382353103057,0.0
-274.5763106365394,382.1736177868726,6.807672862815405,0.7933820171669304,0.0,2.0
289.92470236142947,-354.2495357078626,5.7593887803123875,0.7697091643922305,0.0,2.0
148.40965563023641,-478.7154523764675,5.49899937068367,0.8915450507254072,0.3121137332519921,0.0
300.48665341354854,-308.39893898329564,5.572615461761498,0.7328348675704153,0.0,2.0
347.92824902747475,-318.7245656669428,6.701805790088549,0.7919399914377176,0.0,2.0
372.61644577830236,311.086083881009,7.148554627058977,0.8470895216557381,0.009297890809796608,0.0
-106.14581332167594,-513.4612352767906,5.352744661671925,0.9267897064915698,0.39452797538618817,0.0
-429.6439743386019,174.57682701650813,6.642938399456525,0.7646942022231524,0.0,2.0
-418.5405961147005,49.91448885944901,6.230284862369897,0.7297648591056801,0.0,2.0
-497.5703754083485,-41.96924712280641,5.602587876447884,0.8103111497500675,0.15451601989638186,0.0
399.9819738136504,194.2809394574857,5.679016915996557,0.7247112783526881,0.0,2.0
-330.56616927682126,-337.4980894166616,6.17405237707281,0.7508303850671721,0.0,2.0
317.5823230903225,214.67377731533443,4.2518670149295446,0.6630191008567475,0.0003355872542061702,2.0
-75.07836861445634,307.74191034011847,4.156499640614042,0.5897340192630847,0.0,2.0
277.126207436302,-398.92881155912426,5.554805795494822,0.7842827424617046,0.11423629898110682,0.0
-289.3658111343685,-354.916510967216,4.922945934173594,0.7053680915797116,0.04462533624307202,0.0
414.00326098528416,-89.32942230547778,6.160955974545594,0.6700544155200728,0.0,2.0
346.200998302467,319.7805635517258,6.337027124804737,0.7631125281865515,0.0,2.0
16.118249409474508,-388.5128287501124,4.8043637467834746,0.6324911907031637,0.0,2.0
-157.40726323832388,-411.25279108161374,6.285820563860652,0.7966597687447222,0.0,2.0
290.44490352584,-438.83460174673377,5.486665822459516,0.8869201489357337,0.3717392924624476,0.0
27.67657683802554,-441.2178353766625,6.054345231757249,0.7736650242733308,0.0,2.0
76.9298182626142,438.6892580518594,6.7151343012412825,0.8004361574541197,0.02008540854405941,0.0
-390.27926933085377,-206.2344300000318,5.424999832233899,0.7384013466159477,0.08592278088472871,0.0
394.61556441572253,-33.90738560393883,6.477264325445497,0.7416554570243415,0.0,2.0
225.05401277851553,374.2791545891594,6.0282596333255665,0.7584777055971934,0.0,2.0
411.0023082768737,181.9292566914244,6.032724508115269,0.7091986256967191,0.0,2.0
243.05382016452614,419.1648790169705,5.20840636761495,0.806894747008595,0.03713736929085007,0.0
-285.052876321895,397.3934141528725,7.0257130127197955,0.8161293866129772,0.08815172639993817,0.0
-44.988763219717896,-433.80432145134523,6.484899955515984,0.7588161674609801,0.0,2.0
57.48973166636,513.2563578697451,6.856793826722592,0.8441020152065305,0.08654924417009333,0.0
360.97369418264987,-283.3797375789863,6.485559869562732,0.7262098277200725,0.06634553870281411,0.0
34.68507868345492,-510.33715423865783,6.595999969606926,0.8899904349448284,0.2942398421636676,0.0
400.6945567819923,-293.9022470753228,5.392893687827766,0.8273482226213801,0.1683958532302262,0.0
-141.71562193432072,440.56391688180713,6.862103474349792,0.8235904665300529,0.0,2.0
151.0826442386542,439.16696013572886,6.113149170433139,0.7455584040387948,0.0,2.0
434.36386963114273,-87.37064297339838,6.943598668982252,0.7403879208077656,0.0,2.0
-401.8461146600558,-124.71104764480908,5.566182721617997,0.7305110636685977,0.0,2.0
-33.4709704657359,-522.4441889372605,6.025295924676058,0.9201931321950569,0.4481915248182128,0.0
430.0453174313609,80.38646691419135,4.855858093801544,0.7370427483731298,0.06447789897703779,0.0
215.1941352504108,-435.97985868287947,5.763378058044684,0.8055299772016953,0.027854852256702214,0.0
-232.34192848781112,-217.80621072915164,4.319288793096084,0.6510790269774281,0.0,2.0
-448.5595008309478,-160.17064805758588,5.173832821711863,0.8001370996986219,0.06760077167214947,0.0
-2.6326849071460194,-509.29645021237644,5.189840635547131,0.8931685633653788,0.3384935402218722,0.0
-469.4968586686328,45.773482763950405,5.232706613484225,0.7170216285317103,0.021279724670342667,0.0
-264.9509455317095,-432.6133814744051,6.504525464454604,0.86018739588721,0.11562858653942781,0.0
47.633674868923485,-422.2529573781294,6.010762855363745,0.7308665097121765,0.0,2.0
172.235283729071,-436.82961672627283,5.601912176891625,0.7390408482980527,0.046184209370748346,0.0
-351.38190966493204,-400.3020782890781,6.969683423685245,0.9700229970295657,0.6653138340552819,0.0
480.61460062743504,-204.31702739234225,7.1741848294938455,0.9299795901565399,0.2966433192114709,0.0
-238.3301528348706,-264.90964077605497,4.947390704503626,0.6485715323841825,0.0,2.0
-14.64834743464529,376.1537919626217,5.323738331294832,0.5809684012936461,0.0,2.0
-163.46282328766083,-419.75815879872414,5.659151587486817,0.7270604078654369,0.0,2.0
507.7107727339983,-89.27311100378338,7.132073609012897,0.896921455640478,0.2979485199074932,0.0
159.64441011991067,511.95341470601517,7.281020404476528,0.9559582675773496,0.5474825626212817,0.0
-296.94093704591955,-427.85643122670706,6.978965667652562,0.9088359877788426,0.24357147051830927,0.0
-155.54624817317398,-452.11679877320086,5.109515666023628,0.7635918112417739,0.06389315747139226,0.0
28.433876194194617,522.3424181705844,6.541328706063861,0.8687049513826296,0.24024459854725977,0.0
415.3831509182899,68.9912167325476,5.971536045944071,0.7532343544722924,0.0,2.0
-332.43585664472283,154.13833130888216,5.398238330060094,0.6122738004736824,0.0,2.0
-199.69735223722938,-377.10907287768407,5.877633819621802,0.7571561465081837,0.0,2.0
-491.832776631024,-126.22060954134925,7.485438757220357,0.8832086345723957,0.10952111426731433,0.0
514.4839890618977,107.23538917244926,6.05589812679273,0.9529523526639399,0.6068030867003261,0.0
38.251485737658456,478.6120825731,6.140386580348607,0.7665215330580587,0.04578444376806919,0.0
-336.9925771208889,-210.58671582316452,4.918017409748132,0.6414065929086272,0.0,2.0
-325.5384656802657,-112.5080037422675,5.425577213354563,0.7171799547096906,0.0,2.0
364.3038774418348,241.07768734473447,6.6918869465190225,0.6999153249932731,0.024792076471418338,0.0
286.8333082045047,284.2637178122978,4.8190604388265115,0.645479039003938,0.0,2.0
-402.07614017833345,-116.66721810300515,3.8763569020535624,0.6598565360721591,0.0,2.0
-414.4949926791416,235.95873750498455,6.564243066438881,0.8098456725105704,0.03137319038124045,0.0
274.2256332614834,367.1475657823282,6.209397899620067,0.7526839458133757,0.0,2.0
-336.2148126520426,-301.0016239326689,6.05181898540226,0.7526421420742496,0.0,2.0
77.8072260591867,498.0089118576001,4.373230147946419,0.7335190795995545,0.04673594464128644,0.0
5.061287751999639,-481.6854532392621,5.772204464873971,0.8169487700283069,0.07777939394508825,0.0
207.33847933620797,-162.67727297846216,4.718933921577384,0.6216764364000107,0.0,2.0
-444.4278304480708,112.91656001287154,6.197009191900116,0.7832442134554792,0.0,2.0
-300.73378746208306,-215.0751178834158,5.145316885848952,0.7268676420595687,0.0,2.0
-470.08870512308425,178.95414362585012,5.344903074202721,0.8633520525737096,0.11902537665727511,0.0
498.3104032792269,-154.58218870285572,5.784063248143789,0.9307549667172184,0.4774575198232478,0.0
426.65792664821197,140.46420597779112,6.897909835646732,0.7979940297262916,0.0,2.0
-468.29837934799735,239.69790682719835,5.1635110220869045,0.8777262583414804,0.35399192544150593,0.0
-339.19942413016724,169.25081314594695,4.701814792680984,0.632385945343681,0.0,2.0
401.8005239236648,-310.68088061902984,4.951680018867268,0.8442352367827374,0.19915714126388445,0.0
2.6711715167945353,406.16901886485346,5.64823261793899,0.7106491147130107,0.03476614718719187,0.0
69.18509601177641,-490.83996631432956,5.392394366874118,0.7571192533906212,0.07914713542580476,0.0
102.23645406328534,157.8565635882085,4.820254733897266,0.6051799428699985,0.0,2.0
-537.115063347036,-0.39407243145288406,6.579366713406129,0.9799352672242129,0.7267453298756019,0.0
267.93177003606235,-340.04095484798717,5.3225734714456525,0.7699877266258933,0.0,2.0
365.5397906694591,-226.37033687697746,6.04628239491137,0.7680383021870323,0.0,2.0
57.997648541370204,-356.00873107661494,6.931509950781939,0.7013529973143607,0.0,2.0
271.5076378426744,320.4636879455147,4.773758595610164,0.6606934195892129,0.0,2.0
-371.6255667664334,-340.34502238534213,6.694409086585924,0.8536184875068334,0.13628784630329124,0.0
191.8578215314628,-442.122795037002,7.314828475694556,0.839878146876499,0.08451918313242246,0.0
378.1118186076807,-276.94012416360454,6.744135413853714,0.7795990254298232,0.0,2.0
443.9216360526318,215.48641541435777,6.79726412064496,0.8208669505303514,0.0660417059046845,0.0
72.14335680032117,484.2591259711154,5.933490181298684,0.7907663470127294,0.0,2.0
-166.01364031695175,-393.63343399626484,6.352723009816767,0.6924248136623428,0.01545675737396816,0.0
441.74057387252196,-207.82831597969044,7.351432518286527,0.8434917521279217,0.00839803148519696,0.0
-394.5794575356964,-308.06071061993487,7.044302230908701,0.8724722110619174,0.14633963269303582,0.0
436.3522107905644,-74.27278836224272,6.804538308283379,0.7938186832593089,0.050067646964266195,0.0
-101.86669406391572,485.9409682468644,7.163059927655985,0.7946742967007482,0.025114520330464397,0.0
-113.50846837620959,483.4760910923406,6.991043367467235,0.8494523097981925,0.09930983197079296,0.0
-245.96113360245718,457.29174125095466,6.766576750249539,0.901897155852542,0.2975850124834212,0.0
414.3108994801922,-333.0168255658283,6.486374656937618,0.9736987707079217,0.6827480575576341,0.0
8.819266760801682,-528.5658165343262,6.67247142917352,0.9628098372782226,0.6357086705130913,0.0
203.1743358115504,408.4680908917238,5.148194261087135,0.7742309698829757,0.020926341189463946,0.0
512.3692168222324,-36.71498076495979,7.1089577539516124,0.9044569494479935,0.2408502921148465,0.0
383.05429935175465,123.1373880958953,5.223789105531061,0.7045184093055424,0.0,2.0
157.45734496529502,-393.81958815432193,5.049281811767608,0.7141185261433463,0.07686750447495923,0.0
-194.47021562506234,-410.6884458310738,5.917062745204165,0.68632835101442,0.0046850720762278185,0.0
-421.9871422038126,-77.29861869868037,5.923450731952467,0.7485192180165132,0.0,2.0
415.0999040591875,332.85515156316575,6.951067280209262,0.9699369314485471,0.6613998210169932,0.0
-452.87446538188436,155.35194312691956,4.7809013716546005,0.7110265110637123,0.03855931705315579,0.0
-119.38577571244156,-379.55553188824825,6.319616735449749,0.8390280611331843,0.0,2.0
-304.51338292450475,395.76321679972114,6.70708019829569,0.8223012365331546,0.16343636553860835,0.0
496.8536147925873,-93.69982240243162,6.1222803798435255,0.9049524096373,0.32753278730991564,0.0
242.96428579820324,-382.90299944877717,4.6868644359739395,0.7568838316670625,0.1742627226634037,0.0
125.01773755294181,-479.1499221365979,7.0370587169565,0.8051147245905506,0.013659417599817973,0.0
-478.2494300913591,-236.20435598011863,6.16031932408033,0.9746622985837434,0.7654703738907147,0.0
-463.65674446479414,-4.453521537807983,5.404785010195667,0.7527646495095726,0.07512512560735277,0.0
-419.70490051744565,149.32882119606234,5.5964667189101025,0.7245522448269637,0.03332894328053831,0.0
89.02176004814285,438.64950787953427,6.524750840910663,0.8170968906359366,0.0,2.0
-284.23120975023954,-348.1834809576313,5.334208209301756,0.7554131335702283,0.0,2.0
-353.83765472483657,-351.4237085716215,5.516357722016487,0.8955292906273294,0.2232273234912573,0.0
202.79896951501877,398.6803596597561,6.305063062795676,0.7490122406051326,0.0,2.0
-410.5168734082211,225.19999672776922,7.049334300310739,0.8229859197973196,0.0,2.0
323.1996667430399,-393.836624871994,6.3309545640834,0.8481519768448067,0.10284632346852364,0.0
406.9641962880593,322.6038925209712,6.93889230629179,0.8830700437492498,0.18554310090017848,0.0
-334.8550475989883,65.58750466072672,5.249812925869802,0.6359125280388833,0.0,2.0
-66.39388624184555,107.22745512657214,4.852276020509473,0.655984358495669,0.0,2.0
281.21421905390145,375.34817631332277,6.26385832936132,0.7579310858378403,0.0,2.0
-460.6363754691137,67.54414528942051,5.954886646601069,0.7930445825289784,0.03680202754354944,0.0
-56.801018501781684,501.2925110152123,4.590402861701883,0.8382724893910657,0.17990226069775686,0.0
-423.41846482350337,114.71572781801879,6.157155986532997,0.7361443098318373,0.0,2.0
-513.0883584319437,83.19728579613245,6.40882279648616,0.8968340229616832,0.29693676683352216,0.0
431.6711152849881,-224.22879792473657,6.325297383873569,0.8825458546546537,0.17642231061866068,0.0
356.604228356852,-173.3856001645649,5.6419883206321195,0.7520172367472547,0.0,2.0
184.6692588959923,-405.76471663754836,6.2861649878161385,0.7717111522209121,0.0,2.0
-431.33082019354674,-202.15070875575236,7.048352476915222,0.8498764579221523,0.06894389097451252,0.0
-313.6806443861039,-375.8058524877629,5.162923789164615,0.7952437379818659,0.1341523100394822,0.0
-143.68743151446358,329.794016025487,4.7453932180351295,0.6243924086770944,0.0,2.0
350.5553861801237,265.60832411977134,6.409983486223586,0.7460990607528301,0.07209541060850075,0.0
282.04386618219513,-170.37588637750787,5.246844322417518,0.592588865101199,0.0,2.0
68.55077446826822,495.08142769875946,6.909509105101705,0.8864881488763543,0.09885618453569991,0.0
-346.12732043469515,-299.9362508488555,6.764351217878649,0.7830400038736615,0.0,2.0
-247.49882206465193,380.6650936762181,6.578197860554682,0.7730630666873409,0.0,2.0
-445.04361142590506,199.63340500579136,6.692604527429875,0.7935137505642512,0.020315389141796574,0.0
465.8703661991142,81.29758310782701,6.292141751627854,0.7714198630260392,0.0,2.0
365.0947739390671,-171.6285530288043,5.030071104401639,0.7879544459412448,0.0,2.0
352.35359898270383,-327.37415691727944,5.213344971559346,0.7990068834139914,0.1296267459829914,0.0
-241.1134483614012,358.5405771660307,5.057018222738791,0.659292421641321,0.0,2.0
284.9168330831079,275.87002475637456,6.14394797887038,0.6994734351197426,0.0,2.0
239.53382087489425,468.8949223549847,7.04904437473998,0.9561961697430229,0.47195712714385935,0.0
-463.92695687230844,-102.96634465539378,6.060120157355666,0.6983714507697262,0.008079455254826819,0.0
-74.2929817937448,280.5306306654362,5.268641908105262,0.6826114449432364,0.026866985080126336,0.0
-326.68023330661896,-301.22241409052583,5.56115702926844,0.760735715769564,0.0,2.0
301.66750190941934,120.30138931707329,5.103017454254111,0.6448144872807119,0.0,2.0
-368.6347711085401,84.8870057611158,4.603910407361848,0.635251573057529,0.0,2.0
-455.6199666903969,-153.4608649906084,4.958957164579858,0.8080684939794063,0.07434117209087247,0.0
255.76055273144505,-263.33709854887354,5.358544700784621,0.563934125576631,0.0,2.0
-214.15716314801236,390.6646231064253,5.781037951388055,0.7204086706519605,0.0,2.0
-428.4542477420582,163.61860039598886,6.396525819618536,0.7542776460094212,0.0,2.0
86.31401903593682,475.07379694265126,5.438066904362373,0.8044741904665509,0.016474353970176867,0.0
384.50788296829126,-130.4191352410728,4.7437931708952785,0.6227128675019522,0.0,2.0
-135.8332909715507,-400.0801840007921,5.133485794606139,0.6411969838729152,0.0,2.0
427.3644190115781,-245.20253425626228,6.436278611959017,0.8507480088093878,0.12041995400471517,0.0
246.7544297391487,335.66587304571726,5.160871205523352,0.7724811987296377,0.0,2.0
412.7917303648836,238.89353721333714,6.948358110527414,0.8306083111878824,0.0,2.0
-416.7249101011349,-41.14342676864612,6.593007326981897,0.7548568760136268,0.0,2.0
369.2656583012405,-254.03091951076973,6.1334943002547595,0.7415730845871444,0.010169962011010322,0.0
486.145155835658,96.93206407052567,6.625960320016142,0.835928721685635,0.08510096490837415,0.0
-467.1029396609522,60.7558409991773,4.983267312267151,0.8013181877259641,0.18152101150083588,0.0
257.0329203744978,-412.3706059533122,6.618584128274551,0.7794268779033389,0.11125850165126443,0.0
372.0015318491887,55.753769978943915,6.439938138264361,0.7428544884511029,0.0023085663417922397,2.0
35.02024934303232,-455.3372865826471,5.880773755486342,0.7220328486150086,0.02775475541168461,0.0
-379.1716308263814,-290.99294142550485,5.561973610841936,0.7522508064370125,0.07819024973211017,0.0
-325.2183478756328,331.54556809430653,5.677850638773098,0.77853869899519,0.0,2.0
-225.447932466958,405.62669744999647,6.0451319134044015,0.7593742308032776,0.0,2.0
-322.76547035451006,310.18703355166093,6.040553618446527,0.8274344861028149,0.0,2.0
-379.0655682278755,367.41897051902765,6.652656389273488,0.9083585432882842,0.2454726002778023,0.0
-505.7498534909108,-61.686925552474634,5.70586594044791,0.8261825973938727,0.1849674542431399,0.0
458.574829006402,-139.11899618712755,6.544495205919961,0.81823064784302,0.0706376130310426,0.0
-51.46507313164043,424.7149162978657,5.461910908810334,0.6344970817982012,0.0,2.0
218.40866369979068,-393.5781668441034,6.076811608456518,0.7392048063923924,0.0,2.0
-463.75030369107816,-182.40899265218627,5.012485338470242,0.8104060739423111,0.27060586481897986,0.0
220.79808239217354,-464.72451721703635,5.639169377100464,0.9282796352316467,0.3822631099677977,0.0
405.8575491670314,68.45568027047095,5.30882651545976,0.7608213522868122,0.0,2.0
-321.3637835877176,213.9972807039759,5.533877064422099,0.7434719418246617,0.003033806810953261,0.0
-27.04538289239166,-430.9122278276754,6.032308507342616,0.7674700802261077,0.02973521870029567,0.0
483.8884013561464,-123.99899215164767,6.857827149041406,0.8656105227867358,0.2221186013880198,0.0
118.6755856974618,-449.7114946981197,6.7362454632921365,0.7821883557014696,0.003879783799400068,0.0
230.3943611891767,442.56450421846563,6.817326351226405,0.7814191225417395,0.023657089912838623,0.0
364.86982780883244,269.05450019695417,6.0712552986717085,0.7009083301703529,0.0069359628463273515,0.0
-224.01714166656865,453.1001713982089,6.662687466604926,0.8436666015152824,0.0935072275451352,0.0
-323.5735490176649,-310.1665070657567,6.420399343915912,0.7826217571075007,0.03293753837218896,0.0
-402.58764455780897,-268.0812896558719,6.763756865961074,0.7717335118417551,0.10496035880279908,0.0
-452.13907531602723,-143.62279747899478,6.499923583964644,0.8370670557496402,0.0,2.0
-203.2316857961834,-397.6829534788326,5.9224190785154,0.781330697063546,0.011429765771214894,0.0
-328.1690370903946,-387.6145743853907,6.88423690445282,0.9262949163543116,0.29196705130489353,0.0
-433.8097514658751,-148.2709859952777,5.03510185504719,0.7900318389127876,0.000696735873420513,2.0
462.35851532480217,154.05373057000637,4.507991364834478,0.7421874646963592,0.1202103108800476,0.0
-339.1183543733186,412.93503721349333,5.661096869584572,0.8945472756745104,0.5101294404075944,0.0
-490.51982975859784,137.92099594745923,6.855671136753873,0.8735966660695601,0.14632799025904572,0.0
-115.97997521934509,-487.95715379327964,5.531422892292885,0.8384377294880465,0.24426064449499105,0.0
-175.45773407964506,-477.1411054473629,5.740740467604916,0.8688701128675743,0.14656655224027035,0.0
-60.36348090003896,352.25730270104253,5.2544175160976,0.750053607225049,0.0,2.0
394.9971617776979,300.4341572156339,7.154466311604695,0.8952798507997881,0.20858403931901587,0.0
-310.13746251939534,-119.54318125745195,5.6704861060267815,0.7024109068488024,0.0,2.0
435.53313038999954,-10.534091878471271,5.76248521926371,0.6608434029757602,0.04973680654019189,0.0
-330.67906698871326,292.8193027316564,6.805537748318882,0.7981063885759433,0.0,2.0
-388.021842412049,-90.475269946083,5.9373744160502975,0.7472306182875477,0.0,2.0
-254.7997214695867,319.28618648319394,6.406755329845291,0.752816640183444,0.07318960438204464,0.0
104.09889822626766,483.52467306539126,6.451484458909377,0.851642064632661,0.11390014741390707,0.0
-444.2724278404873,150.85803363238986,6.396525819618536,0.835656009715645,0.0,2.0
-460.4167521236464,42.765991228176986,6.2036770988153025,0.7399812955095444,0.0,2.0
-16.621481786256517,-472.92770869703594,6.598002653853257,0.8523551169724191,0.10180580027677537,0.0
-320.47594963921284,-319.3058536461597,6.042110066991058,0.7560550179643408,0.017903725536179537,0.0
167.69088781102,-483.9766781133167,5.981416484605649,0.8693435583424703,0.1308776640528935,0.0
-123.14465181737273,474.9058135676484,6.930305757136957,0.856733833369721,0.025387318204785545,0.0
448.36323536194806,257.84632382816505,6.814734794297416,0.862828131744921,0.12043613738808841,0.0
43.64159274564337,-452.93453617649953,5.692877339136328,0.74513585670573,0.0,2.0
-419.89818751837,-58.76273774347934,6.208885096455134,0.7126764557980051,0.028328859093441818,0.0
-257.9422612862499,458.3608977927359,6.703805742905715,0.9452464102578384,0.5229413127825148,0.0
-333.51281767730035,-373.1972186715898,4.731987157269349,0.7728547168468622,0.29613957242120204,0.0
381.59586064285253,-192.20893635787976,4.62625601962628,0.646462664896143,0.0,2.0
448.4656758299506,0.5314278247316421,4.36348912583302,0.6425367899295352,0.1084600840000182,0.0
-278.3037871444375,431.27320709150246,5.082476256310067,0.8138504138389239,0.1408222756041305,0.0
-451.3905304049698,-191.98286365982614,6.0141499258003766,0.803491627452534,0.0973731682924756,0.0
-114.48912119051755,-405.99547866767057,5.454274285217954,0.7149125502615834,0.0,2.0
421.59863713495304,-227.57389637812682,6.244152699615494,0.8385050935356682,0.07670241312535565,0.0
354.89946938117805,223.79672909523725,4.642555205559958,0.7674483872424939,0.0,2.0
461.0119226546519,-157.73002024564136,6.03227879094911,0.7776063994748534,0.09535244518893807,0.0
-48.31605991491768,116.48346695147286,5.243429793222867,0.7246386590917318,0.0,2.0
-159.66972730724518,446.76277564800085,6.999597434903311,0.8333812687349397,0.00977430605738491,0.0
-484.93407196712803,-166.89665398084355,6.882193032871979,0.8419227725993144,0.08762309550336259,0.0
-75.53271596335968,118.09772526840676,5.090004982753311,0.6670966082300974,0.0,2.0
418.30404855541104,52.35971273824888,6.041044848197312,0.8408978701481353,0.00038491547652618033,2.0
-18.806728283641498,517.1381386382526,6.86760852797051,0.8816025600248917,0.2586698001698837,0.0
330.09696390974005,418.41504131006604,5.2554909581087035,0.9377113321922195,0.578377783744415,0.0
371.44407552988696,332.2777403187593,6.109678039770621,0.8062546651722017,0.08956789948805541,0.0
-446.31077050274376,-284.1446565476111,5.002044167927023,0.9048884566572768,0.4105039841543014,0.0
-372.02187849123345,-306.69467486399503,6.583615195563208,0.7848958114863247,0.10575888241966032,0.0
201.92018436669528,452.75031408650983,5.348825421784359,0.7531369889635284,0.06285345700847002,0.0
-449.55395734728165,66.77967088139401,5.781985491654491,0.7804822711053319,0.044536398037576926,0.0
481.12091058527164,-15.60152743442688,6.873109731533545,0.7945253719535663,0.008932603534968433,0.0
483.42034552111915,107.27102085413941,6.500522429954624,0.8337179722560861,0.08509137493172757,0.0
-200.54534977099482,375.7182807825605,6.304875218029587,0.6513406371972615,0.0,2.0
424.46147203747546,151.4593703431637,6.71848658835346,0.7580171573157071,0.0,2.0
267.72087441002236,-394.3919971846348,6.228625466627145,0.8426462544272182,0.005677590386125313,0.0
285.37308208651814,-428.81891950517826,7.226691224549018,0.9059406706412029,0.23201963438403952,0.0
10.891405508945766,-435.5839164960427,6.213430900846746,0.7992224780398601,0.0152323183100372,0.0
406.256760526789,-148.84263176154994,6.255755346203297,0.7529736994763156,0.0,2.0
390.00393460846817,-194.05933181752437,5.6168352744184915,0.7642729073339661,0.00017092337091675094,2.0
-137.4763818311817,317.3018148613688,4.662332117442272,0.6292119054768874,0.002283264864075779,2.0
-459.38905726790836,-94.0468133313151,6.4060407945499716,0.7339354229455312,0.03948699611548209,0.0
-130.44141917465427,-415.33918334445025,5.958090669964927,0.7658428263085838,0.0,2.0
-483.6274942643269,-116.01824793414391,6.245641673461082,0.8974561628482062,0.21526196187000884,0.0
-427.2337654044432,-239.28147734314302,5.77602183637726,0.9019514124835742,0.30199445808222186,0.0
-36.59448700672603,-428.04997106955454,6.259845450311419,0.7548710367317669,0.0,2.0
462.04533705652744,54.97146588477625,5.0589349197813,0.6938334088282346,0.007030473703511084,0.0
-468.55547341731426,95.47581362029221,4.9365861330457115,0.7619262151288517,0.10661147610716758,0.0
-78.16313712162831,-438.58051650430235,6.4485339834484945,0.755279565794137,0.022777824216452677,0.0
-400.41421237852967,148.00577914344012,5.509146955548215,0.721162141155911,0.04962995281028229,0.0
-232.92040412657713,-425.4580802234144,6.46834163976972,0.8089121645763255,0.1372137136139017,0.0
-56.981973419204465,-366.234242482306,5.149282309194,0.7607677936662623,0.06983675104901452,0.0
54.41796966989419,-438.06682807353144,6.233301783623492,0.7326511679077514,0.0,2.0
-113.59025998449683,458.0263296397876,4.863761319438826,0.7221196647648227,0.06422511511222245,0.0
417.20673859358595,167.02015295987795,5.187103442476104,0.7404507894208294,0.0689614085308593,0.0
-262.0474773873156,310.2561344310913,4.471099657800948,0.7316010372458478,0.04939105149000304,0.0
-309.94141312151703,-238.07333416977247,4.925008585609435,0.7515877160259419,0.0,2.0
20.930583259237178,-413.361968026261,5.032420836068117,0.7429698847785751,0.0,2.0
458.67886659839246,252.47228153132266,6.169254290776012,0.9044229809025061,0.3056389508196088,0.0
-486.6733562581507,37.702283255881426,4.794200790028655,0.7130696555201992,0.020064812777188978,0.0
340.63977179312263,388.8319769464047,6.919835340483822,0.93174112700161,0.4173053213968919,0.0
388.4553742952049,289.56626228673684,6.898753722280437,0.8555131024917826,0.11964762945563899,0.0
-348.1541397104174,261.4411034430126,5.144500399080971,0.662782386327375,0.0,2.0
-418.09634964579465,-217.08974041754044,5.173697161872899,0.8171985563053478,0.27161983999296085,0.0
-404.48751204148556,234.64991732549626,6.105418443585786,0.7653174048558182,0.0,2.0
-512.532211436546,-99.50060811740042,5.473633207876905,0.9270560544176302,0.3642909128920382,0.0
455.24474181696206,-149.1259106607904,6.0041791795693165,0.7967903205994294,0.0,2.0
58.838909407740985,491.71814373520664,4.8475886911919845,0.7726421869548611,0.22193814358959635,0.0
-396.75019248113233,272.17395983903987,6.315772504276518,0.8179419112856187,0.11633675809173472,0.0
261.0052009922813,-402.53364676388395,6.745128228569988,0.7767838949523532,0.09047789310704982,0.0
-182.12235457448534,334.71890384835694,4.890658190044265,0.7670855376906144,0.0,2.0
497.8049238835054,-105.20623162299545,6.785782337909691,0.9037238920356505,0.2769251484555807,0.0
322.104263579169,296.0442177950644,6.370297286603819,0.7352942864787357,0.03940555628874543,0.0
290.57347040448616,175.799756838755,5.251787561810328,0.6989179844736711,0.0,2.0
-333.8207719878834,256.4362207404204,5.284377246994267,0.7745330753413858,0.0,2.0
-313.19143548726146,214.36038067371908,4.744103747967384,0.6678309298966696,0.0,2.0
517.7201454981546,-82.3266814469143,6.704391279113481,0.924005599409655,0.36257948057765904,0.0
79.13706300824751,-518.4652264241507,5.05228177914059,0.9254556727386165,0.4566971565748151,0.0
-480.94239117796366,-148.65846751198237,6.9676883185343,0.8604606761088529,0.12122591876253198,0.0
-387.882722467818,3.0362203737703637,6.897099517546956,0.7318360140477098,0.0,2.0
324.70299376848345,395.9155565178435,6.676335241187453,0.820413610857366,0.16001385060347942,0.0
-197.1580062852718,-368.6438059570803,5.268595941136995,0.7397164911599198,0.0,2.0
256.30507451736486,-369.33014112458807,6.621456099029663,0.838123182404827,0.00704678891005311,0.0
411.14051952240993,-230.15044228240347,6.236107274218046,0.7861532724526918,0.0,2.0
480.99116518682166,-58.72664712796764,4.871974946984422,0.8199199300655304,0.14995558469737885,0.0
275.679942364888,463.5187146817039,6.6731682714286045,0.9809180457031156,0.7766013166322027,0.0
-441.7416358746805,46.81501200307478,6.783019124277762,0.8227852608024404,0.07270245604830504,0.0
414.57003575001414,269.75902022277245,7.205656873990331,0.8289690243975408,0.057941191891058744,0.0
257.8965634145124,387.27095274784415,5.039651175693409,0.7800097376792708,0.0,2.0
-205.54409268029542,464.2724796492802,6.966298302368621,0.8765958364627449,0.2104567452547229,0.0
515.5915009111303,-119.59568311688632,6.808329723464325,0.9729667946109285,0.6821251197223731,0.0
-111.21733754274817,-452.8176947260026,5.458330075114542,0.8370881761293917,0.1236875248043536,0.0
474.6185947460187,77.63852085300229,4.613081419477944,0.7831943464313803,0.11133732324408695,0.0
-470.2354650797749,-250.529075768585,6.16031932408033,0.9744802641655321,0.7559618937915338,0.0
125.77624388188687,294.29984416317933,5.584336849953991,0.6169039689815499,0.0,2.0
457.9001226724156,263.80437116144543,6.169254290776012,0.9209608791578364,0.4436597158391317,0.0
300.8529913639282,-389.32596620783744,5.0785036681581115,0.8029918255617597,0.04547583130780119,0.0
472.53437530830166,-10.217542221039734,5.419490411011339,0.8014352370074465,0.1411040677821453,0.0
-168.6688900280452,506.93513007904284,6.83020957328083,0.9484267386509319,0.5131119635634716,0.0
-515.5574737708146,50.77355684892484,7.11683224497027,0.9148563110052557,0.3622287598523222,0.0
-43.1788766953687,-284.7363463069028,5.298721832249814,0.7261822466982202,0.0010702964532754938,2.0
-449.26582867307803,29.05366851893142,5.838557378212129,0.7701558168215891,0.0,2.0
400.2606389642819,-243.75610827860086,6.477202389516814,0.7718542249125483,0.0,2.0
53.85274884958512,443.91524613740916,5.175356511381424,0.7278036788746644,0.04164665379526053,0.0
238.462768264127,-403.3073846417107,6.465984334802375,0.8633355101954209,0.060437918991839056,0.0
50.245782800574084,-494.20373136183895,6.427191218192398,0.9038548743506044,0.2533694514633574,0.0
376.33683887170025,108.27542458738897,4.976438857969443,0.7650224711272235,0.0,2.0
429.84437407710055,-96.86276693985252,6.492866419143252,0.7449268297552619,0.004303977120856588,0.0
-218.0539560107962,-461.0747401552274,6.750587429418824,0.9057901446511443,0.1865514533316832,0.0
502.118677778041,44.71912804096817,6.748090500670633,0.8594871356865684,0.21352640558875977,0.0
-461.9664308597687,-172.81502491119284,6.845235661003238,0.8675809062753668,0.1318242739941112,0.0
65.1919368333526,-508.22504919784495,6.718054480491977,0.869197425874585,0.14049483180487887,0.0
438.2665942032299,206.38830999252676,6.325644132831295,0.7992907737796904,0.1791612155013272,0.0
-328.65138937952923,249.36511648799242,5.150678231960087,0.6544487981433014,0.0,2.0
337.8207672214935,-299.404155835126,5.983153059553409,0.7699725327479229,0.0,2.0
109.21354950472968,290.9631568661546,4.961979466670422,0.6299384251620161,0.0,2.0
-257.1799761473835,383.610415570913,6.297981337519019,0.7527650622902973,0.0,2.0
421.6105168233659,-196.6270634340438,6.5779587815201355,0.8004209212438441,0.006922020871695501,0.0
-336.1014516459828,385.59356818287597,4.704924436314861,0.7904570976321401,0.166168286934988,0.0
-356.9728070982454,244.75935625579964,5.854448083914618,0.7446248256209559,0.010643504300603986,0.0
376.55053297148913,380.57883810668153,6.659876280163221,0.9796931124575474,0.7139400134676339,0.0
222.03376424808255,449.9534645556578,6.964571582465832,0.8429303600180679,0.12715569210297278,0.0
-198.87891672081872,-447.07918816888804,6.2240144497462895,0.8587696521248237,0.20823344406201835,0.0
-90.35153672660512,-410.535398974658,6.166186637296353,0.7138252758401782,0.0,2.0
6.543788431154064,-503.43693437741746,6.5445225965178695,0.8799878958005152,0.17015222524252058,0.0
225.0913428999482,-257.1370724758263,4.6946363289986595,0.6884382689578908,0.0,2.0
417.32171748398906,134.47287117105708,5.940543153333922,0.7580718500997957,0.0,2.0
-449.6570676246768,-50.378531979712385,6.655823810327011,0.7524559812602764,0.0,2.0
1.0732735987457944,448.8912009795182,5.706757463703138,0.7707417604970797,0.0,2.0
-5.6937932330284555,-378.5770246875594,4.6926549681630005,0.6561023791836751,0.0,2.0
521.9160392679424,-62.506145147379605,6.426489599754555,0.92041857996503,0.3542065498196492,0.0
-57.520076700575636,444.41880011704956,5.926623652780509,0.6802059614613196,0.0,2.0
305.1394386721171,379.9609886535406,5.924803633422768,0.8200932955936009,0.0503525797455597,0.0
-208.51908873034688,493.15610382350843,5.939106295016314,0.9497719606007068,0.5168108463266724,0.0
345.6973432933687,400.7871832709238,6.315113035218822,0.9133628874736968,0.46751906838194324,0.0
-166.6604495808795,473.9911723716974,6.817818780171317,0.8682698764229783,0.1730466773005365,0.0
-409.2577781408681,270.9341564752992,6.540468090929882,0.8580654414903822,0.1552678972992756,0.0
-353.8200427324003,-229.09148769001186,6.311397686195325,0.7327208476851598,0.0,2.0
517.0668234414842,117.96731966191321,6.05589812679273,0.9693264359520779,0.665294573278319,0.0
98.05537175629956,-447.0108301628518,6.203660057888304,0.7772445289463933,0.0,2.0
-363.5165563533418,-310.4140841674508,5.8384813604968695,0.7237642206450836,0.03862156440046598,0.0
-402.5821488782158,297.7541561380562,6.223042579951632,0.8169010361368321,0.05950713645102873,0.0
229.36327856752334,461.3075556225224,6.140637974894499,0.8850660136824274,0.289037669979439,0.0
-340.9303164009381,-404.63482071742277,5.146520393143461,0.9485679698291963,0.5162289201909833,0.0
146.393858255104,-444.2319338297107,5.069461005658704,0.673770528064286,0.0,2.0
194.28560022249107,-405.942230985965,5.373494312681766,0.7467909389730825,0.0,2.0
-432.18215417012624,-75.68216872443833,5.4267879891959705,0.754668167760723,0.0,2.0
-261.78563702090753,424.5410048710917,6.618120552148699,0.8718727390792786,0.24770107131983515,0.0
388.25129022667113,230.0698481787108,4.7635949381011296,0.667108715603609,0.0,2.0
409.4664209472417,-111.64596198689742,4.21800706153172,0.6759357887171992,0.0,2.0
303.1255923823267,-381.4207631125192,6.563888082306944,0.774322425672523,0.09438355635177693,0.0
211.01002276634907,-458.4705822437395,7.139332405318167,0.8470475407839693,0.1002801185877714,0.0
470.0933070113043,60.61653036569244,6.790607349475709,0.8288420245575038,0.054227044102076453,0.0
-460.05429351463056,-249.77960299293647,5.296848617558809,0.8969725554142581,0.49864045095096343,0.0
-494.9049964472762,104.7180167807359,5.058719670867524,0.8520439046183977,0.24344386796604156,0.0
-289.9184316035766,-118.39708133032292,5.403561683433401,0.6665744306247134,0.0,2.0
467.47155483107355,-134.40838108497582,6.097304858259612,0.7503434005702259,0.06524261298512106,0.0
-246.28475393427118,371.98022899474194,4.629520501003974,0.6415715860540955,0.0,2.0
-273.5807919503278,456.2720017226736,4.677458827657006,0.8898784563412413,0.48965596123226973,0.0
-528.5816806217208,-51.294540587569614,6.433983943992415,0.9510517771957708,0.6057092705818615,0.0
-463.4595763913565,-120.46137830195947,5.314924533858299,0.7781659943921414,0.0,2.0
263.98367479859206,428.9167046860771,6.968364526177627,0.8508054997037373,0.02172240182263738,0.0
416.62350525737537,-301.7361227268676,6.268437786236389,0.8919871549094613,0.19126467472119563,0.0
-338.46403122962664,285.0648477431764,6.363054588344475,0.7572972501803056,0.0,2.0
251.7836402625198,443.00319795305694,6.04741495410343,0.9085148621795404,0.4129757064032762,0.0
445.53018108165986,160.26496760689224,5.412129836971596,0.7251990665054194,0.03638588102708674,0.0
-241.19549916533015,-465.64776920363647,6.726275360059733,0.9440989177088469,0.5013718075011272,0.0
-185.51682085375296,-473.64087683285055,6.601949143230491,0.8344819483071733,0.06082331708759191,0.0
7.2642505810399784,-492.9123395638368,6.047620182861894,0.8660439051692799,0.19137908154848426,0.0
-381.09259841159445,316.921974573445,6.684078563813142,0.8589267795385419,0.11235992973274107,0.0
-115.30804626721806,441.1368834773983,5.274013715317673,0.6716309417153116,0.0,2.0
-512.0089660886863,-149.32583730880916,6.91897686956083,0.9796490354865767,0.7446296078306063,0.0
501.6718569828518,-116.57686301355047,5.801852320068837,0.8718229085844615,0.26945268796046146,0.0
-43.24785033884533,-468.220041984612,4.995875177693563,0.7717225723295027,0.09979053226134957,0.0
114.08845855157583,423.8061180941446,6.281684112071716,0.7622683041231523,0.0,2.0
433.72920558125105,260.81478070768327,4.8471753360884895,0.757264764452325,0.20602998684882431,0.0
465.09183814093274,173.1152650933805,4.7754714063323584,0.8246676095085608,0.15975546617336592,0.0
-379.53987931887644,293.17272520286593,6.378219576165211,0.8110372045470586,0.14555754560670903,0.0
333.54830919659696,-224.76802656085644,6.058288505478714,0.7983288720565234,0.0363702842902732,0.0
362.61472796583325,-365.8980014692601,6.3754015544344735,0.8850237965251153,0.26431200695242674,0.0
-467.1727537074776,-239.62490026714258,6.028514756196075,0.954999918190286,0.5176159320938842,0.0
135.11863372047222,-460.75959628176156,6.435944835892027,0.8017233972648008,0.10733361044819964,0.0
-183.84855510396315,-330.9791677192254,4.048711963298816,0.6542743899529485,0.0,2.0
-250.82414518064715,-365.9702161470164,5.66861464677172,0.746718969105611,0.0,2.0
382.0090891591991,-287.69878327314433,6.566538180021877,0.8121581173680451,0.031763978256621535,0.0
374.2238053344221,195.88041474167102,5.528122120157182,0.7378013758668824,0.1198051501390629,0.0
-492.4620135547768,82.78178270596221,7.313673425991562,0.8693986111104333,0.06371932559480604,0.0
-23.3560943423036,432.0501120217982,5.84165823415641,0.760748017521197,0.0,2.0
-395.1810329317755,-213.19572336081652,5.103765792640766,0.6757650809420096,0.009925434240771035,0.0
321.8127395109758,-307.94741908807083,6.676524624136693,0.7226710372102779,0.0,2.0
513.068649947478,62.41639384372354,5.226202363957133,0.8769497637277882,0.35735474623846814,0.0
-456.4867595628665,59.33092797093617,5.781985491654491,0.7486297162949226,0.08155151565901776,0.0
-162.94425667693918,495.4146056758364,6.817818780171317,0.8834237375887938,0.17923299005250448,0.0
-398.022681946679,-248.95418044724022,5.299519047193795,0.8140290811193097,0.02805407572318178,0.0
-425.7580809342176,-291.1455249998485,6.856874737038624,0.8747360652043084,0.15529536037271308,0.0
375.00586051168074,359.34968761641596,6.932377307518631,0.8929928013091808,0.3054586778716076,0.0
7.7144785535454,-425.3862420128373,6.36468458652914,0.799921081512995,0.009443001355321586,0.0
491.27024313549214,-132.72959255440747,4.563258059245971,0.8148309170718996,0.29539016456006556,0.0
410.54172424419585,249.90599011011585,6.573156286117071,0.7855782763278606,0.0,2.0
-386.0403752168487,256.396429591585,6.36876594881586,0.7025597004370148,0.007157215781286075,0.0
315.3028785774498,399.52887431816106,4.922549128925506,0.8751051234269593,0.3537256574302615,0.0
190.72902732170132,-454.0951401672586,6.821164863122413,0.8095029557585012,0.0314914598458672,0.0
-252.67440754292144,-323.13948131982477,5.636593931014902,0.721923845803495,0.0,2.0
-424.1370901394165,199.52107530979418,5.3473743364217325,0.8038351677709288,0.021437367894644732,0.0
-91.23666569219199,488.68948294800606,6.62652771752853,0.7928827461367275,0.011064294920205497,0.0
309.7513589219118,5.702232013798219,5.014401014522268,0.6832778057926248,0.007671160461027098,0.0
-341.4425996681743,81.1563683932519,4.867591094808359,0.6200045791100643,0.0,2.0
321.46313700680076,-213.5045802799611,5.716350041193842,0.734097485198368,0.0,2.0
-284.6129468562387,-330.6631427483004,5.140472592283472,0.7737433468116558,0.18296297280925738,0.0
-305.16081464352123,-350.2527961191961,6.5605291703164035,0.7917037785284229,0.01982491388540394,0.0
460.3473994865479,19.153411568280518,6.055059088585405,0.7814457226582048,0.0,2.0
306.2874611429985,-333.167844820922,6.839296652339309,0.8199298538186687,0.0,2.0
148.1338505260802,-347.2366848662144,4.649228275968399,0.5858181029238198,0.0,2.0
362.0687615909463,-149.26945133508298,4.871407524546731,0.6085407124970234,0.0,2.0
-303.7088421974445,324.37946059897695,6.127516070587522,0.7767248489470286,0.11338916707367322,0.0
125.91029635842723,450.10575332395985,6.775899595362901,0.787866279528803,0.02194597644831539,0.0
117.69681398055377,442.4026768558917,6.725799264304397,0.8376902598863188,0.004905485289299825,0.0
123.38615511338435,419.936153616431,6.515064271746759,0.8292523181876913,0.0,2.0
-459.3666106002399,95.10290429980984,6.478840133136701,0.7916395385953013,0.004533244815430013,0.0
358.85162713223633,216.55063709804975,4.939983631128233,0.646721616030696,0.0,2.0
378.2728953030991,115.99706011248014,5.0690283224056225,0.6433681295691414,0.0,2.0
-162.32308327295127,416.1565323915065,5.963082804427847,0.7413861082786366,0.0,2.0
374.8356888877796,-294.79178728054967,5.9518840224106535,0.7861629407887821,0.0,2.0
-437.7001209717608,-210.87243146050926,6.539517204009782,0.7934920472800002,0.11709712046867903,0.0
-366.25242599754415,-58.53433146024757,5.557173499966053,0.686773692403794,0.0,2.0
-473.29183476670573,-69.79179207686842,4.648941602463227,0.7952595629276622,0.14529580903466044,0.0
-213.3440301484599,452.5938138143157,6.367426938736683,0.8029707840099248,0.127274683526772,0.0
232.45284685779444,400.0168798435835,6.153202683798577,0.7857090250392517,0.0,2.0
-18.25519575172173,-423.3988118043596,5.8796951068226235,0.7200063124815139,0.0,2.0
-314.0382134434185,-309.9093672612318,5.536439221677724,0.7389994868898662,0.0,2.0
-433.13428664859254,320.3722520197588,6.377390970710287,0.9711359739371749,0.6728353406077265,0.0
449.40065683200777,-130.67365373827127,6.539648407172146,0.7814956698308327,0.03017353405727016,0.0
-292.94846516963116,-370.44268487304635,6.876556120023299,0.7566657425917966,0.0,2.0
-237.06011739536578,464.7502728638843,6.390625671119077,0.8576496453214305,0.2090005222672893,0.0
-235.5243585224878,-206.5184930171872,4.846759907640924,0.676609551602079,0.0,2.0
72.18062134319314,-390.7537621246432,5.68185764465585,0.7388209659747281,0.0,2.0
198.91359192827343,-471.1561481352247,5.341581481362334,0.8655286901568743,0.1927237002546911,0.0
-330.3365224810244,265.0325581948361,5.454627205724683,0.7548891568901006,0.0,2.0
-79.82930810316726,-478.32685149738336,6.612269831856771,0.8209351157826221,0.04533351334481546,0.0
356.240851224588,-266.19635108438547,6.320491525639259,0.7471431639888563,0.0,2.0
28.455155900576486,-461.5403822150424,5.771975575328693,0.7584746338514596,0.0,2.0
340.3329732627007,294.4743828937808,5.772296116870748,0.6373302934364687,0.0,2.0
-460.24516423627585,233.55304330496347,6.31957062513931,0.9171532169306521,0.33999883812556314,0.0
514.3837300924159,-17.56475856743321,5.593798050088179,0.8664248033534719,0.33911877590202716,0.0
-400.3568249311695,-358.23384886674575,6.489172111115402,0.9711084802997245,0.6642253248003213,0.0
431.65868012797097,213.78222036884722,6.446105599088223,0.7858285346400591,0.012180348207546573,0.0
287.7564565371101,26.191170702964328,4.45659817926701,0.6411788125968916,0.0,2.0
-22.403270744929884,493.3949891191306,4.812405708949076,0.8756365242223252,0.4934544598444571,0.0
-471.3329203977922,23.94613380076697,4.536790961464483,0.7253178129713876,0.13735357341821816,0.0
305.5284251300799,-291.8685774092459,5.457629418260312,0.7274321017751724,0.0,2.0
-349.95702803083145,-387.8042280851682,6.854329548319747,0.9236823019760282,0.36517520643841844,0.0
480.99799633970804,150.73056525705067,6.002976564468146,0.8314706584966712,0.20063945440719114,0.0
-456.67125443926574,118.91651403473888,4.767769975006703,0.7347460734118447,0.040603819193034095,0.0
-390.96606970565125,-279.8714035709083,6.1880393429420835,0.7776644973765037,0.0018221571006788622,2.0
122.58287127085676,514.0297348838034,5.651558209542465,0.876427029473778,0.26216939639558834,0.0
-287.6263467236298,262.9044357738764,5.056796768811077,0.7258367302815083,0.0,2.0
-143.4970542920908,-438.27823063453684,6.446733843956731,0.7618437181739959,0.0,2.0
-383.18512484232485,355.30917661874975,7.210266056153426,0.9279817621101322,0.298312146768072,0.0
21.256269757800553,-468.8550743306242,6.225624507856749,0.7898432856438069,0.047981328597328406,0.0
533.561923767932,66.3835836349559,6.966952422226535,0.9805964304952244,0.7797628175750599,0.0
-412.07589456130415,-274.9080740077062,6.422396526251331,0.8345034335532444,0.177992488916079,0.0
353.0466956021642,-309.37939604271105,6.4062881062387005,0.7768811449866492,0.0,2.0
388.74943813949733,-41.472107521118744,4.831667942891971,0.62595630641338,0.0,2.0
353.3275062372288,67.84402093692762,5.041579582915029,0.6990081315158901,0.013924737360728233,0.0
-469.916672063194,161.61927282579276,6.901621275475938,0.8651798001394431,0.1666234717116146,0.0
-105.80514087550846,-219.7449422316002,5.386808331701057,0.71638473393711,0.0,2.0
-457.79192766056593,278.9865875931908,6.642042586267048,0.9718755220673864,0.6754842319343832,0.0
370.30264841473127,341.53737584812427,5.304171663222221,0.8695735053737859,0.26957656597290175,0.0
-71.92479797311667,440.97700328970166,5.384666582369164,0.7829086515219336,0.0,2.0
152.98960347050928,-498.27851510292413,6.091722547095795,0.8923078642399594,0.27608710258089786,0.0
-298.88904368038027,352.07514275160804,5.881418738294617,0.7512030899448262,0.0,2.0
-275.29721475974986,-376.8141596035875,6.190240719909758,0.8145374910847688,0.04096723781551571,0.0
140.78481829710265,-421.22930869190884,5.4235213042208565,0.7572504155450189,0.005841218621326182,0.0
145.09911166994237,492.6563180762253,6.352426898906141,0.8898627431474685,0.24410063377370106,0.0
-296.5266223307087,317.6462718915112,6.881779094030305,0.75252447887118,0.0,2.0
-363.39141866856414,-282.67968722836326,5.767719804585881,0.7874966047706254,0.002614670891158521,0.0
-494.98451148464204,-115.48036242649471,6.353024404070621,0.8086877045776858,0.1515065033858689,0.0
334.6934560830207,-198.28991597693022,6.242156099234887,0.7199830087472207,0.0,2.0
68.80314869693937,-519.5891946588573,6.283166048437663,0.9570906351416274,0.5383825588084866,0.0
-418.7284303863272,158.9082501018624,5.87276481098909,0.8079819783064979,0.07034415757801057,0.0
-371.83067655171845,253.18738749503223,6.119702699849042,0.7473765578256852,0.0,2.0
-354.36160479077415,-370.4508490332319,6.841982436493739,0.8975456180864348,0.24082660596823416,0.0
172.12477946357444,-493.49088518029015,5.981416484605649,0.944290166522085,0.5875429547902498,0.0
-321.62163919829914,-406.1845662544841,6.91793104690638,0.9229656238788789,0.3401382067748353,0.0
-486.8214054816277,215.5703658465739,6.817774880221462,0.97505722728083,0.6968014500232408,0.0
-54.67186366653694,-277.5231745662149,4.507700336439346,0.6289723687301249,0.0,2.0
-71.55179615431781,-411.604078191828,5.411983696001375,0.7346156064698273,0.0,2.0
-436.721214891737,-119.98785025077883,5.9675600947698415,0.7886233161170086,0.0,2.0
-504.561802308414,-177.0617724177592,6.260853659519137,0.9729831324539834,0.6832658248450009,0.0
60.388456559625766,-455.44370925906543,5.387639045523011,0.7868108491320557,0.0,2.0
-265.68996906990543,-381.4535411253505,6.5458299176055315,0.7998027890918082,0.12690130660980412,0.0
-102.52711807602873,-460.8708171515879,4.9436810246786305,0.7531792343593816,0.07570434999128257,0.0
440.9420708441719,-55.14954610375471,5.225761803822685,0.7681048856736391,0.02178271562033665,0.0
285.6697747516897,355.3676715079724,5.720593516988787,0.7713731346028933,0.0524564056380549,0.0
-397.50620710753185,195.82662780132196,6.821203441217158,0.7537845149759401,0.0,2.0
311.3676249817644,-363.56963883253434,5.370823679681028,0.8021964994450499,0.014363703274515275,0.0
401.8203630082345,-176.7217099330219,6.3916342360815745,0.7927021812097185,0.0047573119289533415,0.0
437.7013645605387,167.00821675570998,6.803101952480791,0.8389158233132006,0.0,2.0
-235.59849263314797,408.39352954621023,5.227535799578903,0.7669036778626803,0.0,2.0
-494.00423615514154,-198.7025729058325,6.808853863618259,0.979065652679862,0.770014018321553,0.0
-299.1630497258891,362.43610736942867,6.239799421492095,0.7557176980550588,0.0,2.0
359.01642906810224,61.91315292928424,5.334932315701176,0.699238904761169,0.010236616708682304,0.0
139.93500421970612,-430.47482369960716,5.602774857205271,0.7731496115381497,0.0,2.0
-1.593632227731066,399.1417573477386,4.4898376534105084,0.5649618420543446,0.0,2.0
-423.1107490964853,251.47694580899787,6.301356133538486,0.8677279536301805,0.15461298045045171,0.0
418.48272235141343,321.2913626988709,6.088639279120564,0.9239326889141565,0.4464996564712281,0.0
425.3573353166654,221.42480036968803,5.91244378096412,0.7752434185856698,0.0,2.0
165.84000596592796,-378.198565070781,5.388537965543274,0.6405677066411869,0.0,2.0
314.0587156215877,-195.15828072462878,6.222419707577762,0.7634072164767716,0.0,2.0
-114.81932859274184,-218.63168421600278,5.3196792145619325,0.7174393255557109,0.0,2.0
-423.4543218671181,-259.8242827704536,7.209023381186924,0.8173887113968434,0.044743095043350625,0.0
468.81895289001585,48.67024401400165,6.608821116716425,0.8301533436451923,0.00028972388364687955,2.0
-42.18164139549362,497.7014325381121,6.373508280713076,0.8804585456515606,0.24844132352255555,0.0
-102.79345043433142,420.91716290801895,4.98406183655797,0.6391139978616404,0.0,2.0
-128.83593293712468,427.15854203731504,5.470660893189826,0.7572094974937315,0.0,2.0
-85.90404242297132,521.9983679954836,6.018644552024976,0.9417674089119871,0.5148481643337625,0.0
-373.20479513572377,339.1066601978399,6.238528894517765,0.7455185406282077,0.054787331536742055,0.0
-333.0768587711901,-183.598422366177,4.098163388869291,0.6635188843792729,0.0,2.0
-353.96089005536453,337.1050855698064,4.739951298086454,0.6968564364070386,0.027788628734758628,0.0
68.3114354543439,-471.7328751870428,6.349222312690522,0.7669231201022803,0.0,2.0
-394.54161565643074,-181.1541184293025,5.17052508874886,0.750013178095586,0.0,2.0
92.09671937554101,-455.1275933814084,6.201956092788683,0.7707747927600125,0.0,2.0
-230.09223098775954,-397.07172176310854,5.94735151634775,0.747810771790783,0.0,2.0
60.38584992941856,449.33234564324994,5.026511183326354,0.8729910926518862,0.1406666862656223,0.0
-303.7722907565013,300.34509825155607,5.783105558009502,0.6785743711853769,0.0,2.0
-289.0090714965894,-437.76905714818093,6.849605548864039,0.9085292511366688,0.3199892091526242,0.0
518.8427163185897,-108.0837106777938,5.684066429805779,0.9690271136327269,0.6659973486568351,0.0
340.41605008253157,265.41485284531603,5.1495644324491545,0.7295010264893216,0.0,2.0
105.58169204366355,428.60706077830935,5.0196726766777084,0.7561436488364232,0.0,2.0
409.7964256273229,-183.8416702401855,5.783420793208389,0.79746430059133,0.1302856973199755,0.0
425.61501797974626,265.84476348198046,6.675539979483687,0.8080746326231103,0.030357502809921957,0.0
-368.1609890463991,262.3399203995973,6.202049702205071,0.7400305608994212,0.061921956649611046,0.0
236.23116451840028,390.29787932200264,6.839962909780041,0.7820115526610333,0.013550803421890809,0.0
-445.6996398973578,140.357497996683,6.232067205568452,0.7646585077198479,0.01603225112389223,0.0
-174.91152586452682,-500.84929727529084,6.610648559106896,0.9677424277813255,0.6650553220644915,0.0
-293.0977608546316,-219.04233912729902,5.472625137817457,0.7345706318957642,0.0,2.0
122.45679403312059,-429.51839946545977,6.0008223827132845,0.7353012465813791,0.0,2.0
129.34186716007778,383.0306091556402,5.492262897053475,0.6431072030975732,0.036418918864952875,0.0
309.01872844328375,-188.14610592377136,4.804130640770988,0.6505180301141253,0.0,2.0
-455.25928073884614,136.603023829834,6.4618733626718905,0.7724092522116478,0.0,2.0
-262.3177089869818,-306.2119725412485,4.80584484484948,0.6350392391963372,0.0,2.0
473.66349961555585,-93.38041947344215,6.606632674254076,0.8354945485027737,0.09059449592191618,0.0
306.26362685407236,310.53589290005493,5.982705374515856,0.6457404249588635,0.0,2.0
-243.30985935096015,-407.67144628928475,5.84763615449013,0.7677013670752503,0.10467566023884305,0.0
307.14878409278447,169.71175007432223,5.337848616522093,0.7204330517135713,0.0,2.0
-498.3138304787311,24.789300365283715,6.255847321337611,0.8303929425262362,0.05532148891386384,0.0
524.0988248445926,58.382377118920594,6.151445533785979,0.9411046915612766,0.4122191262715386,0.0
87.61502360158508,155.24101853142488,4.5452770716268995,0.7261149573333875,0.0,2.0
98.54799421532114,-401.6469563721197,5.184651203473684,0.7688018418636388,0.0,2.0
270.964168199605,342.44187322396436,4.8001048235212265,0.7368002054308245,0.0,2.0
246.3267503570616,-367.79169065079213,5.746359503880009,0.7521377815256792,0.0,2.0
300.8683689925919,-228.03640364414093,4.937399912036386,0.6636191896250213,0.0,2.0
-131.31964044401585,445.3080908156093,5.938126031294397,0.793032463967489,0.04120634861884708,0.0
323.66923615840926,358.80288790644335,5.071263597403367,0.8214820624843999,0.05772000028403957,0.0
171.08378667297893,434.1238235765166,5.575227853375353,0.7699501240358445,0.0,2.0
396.903959932443,-327.8053155909753,4.911849805427798,0.927701243596029,0.41151106923748354,0.0
285.6969612118408,297.5835855379369,4.425774593891375,0.6309928757819693,0.0,2.0
-501.38247438683123,-154.1445441520603,5.750483008191574,0.9404176830795022,0.40833790493200645,0.0
452.39970527992426,289.0033818166549,6.5542861178486405,0.9820644347509817,0.782212739220709,0.0
196.15747077787003,361.9755542748935,4.846271706048221,0.6405276574543675,0.0,2.0
431.542294686508,-126.46042485486205,6.471874002055161,0.7728250654584795,0.0038482986213571784,0.0
478.4823790366474,161.55435437653932,7.1984653168061286,0.8486173036475843,0.11247339338879207,0.0
-198.9906506170184,-418.9240352784333,5.646512061493875,0.7380797906616512,0.0,2.0
287.8990018460203,345.6168135060493,5.794026205068121,0.8346977433876529,0.06697903025005243,0.0
-388.74706370679496,-251.88161558202333,5.875690394842943,0.7444770144787021,0.0,2.0
-489.06362666564235,-211.21724335395024,6.214667554855235,0.9713796728361425,0.7513715613987239,0.0
-470.74714060614184,-78.38924071968766,6.262277888693875,0.8324931737695891,0.1937816572089968,0.0
-335.71990478589066,-354.8708083430227,6.028537870014114,0.8289986838304133,0.2854706936525918,0.0
-497.33460215534933,127.98123465244973,6.429233642513472,0.8691152523423957,0.14624650736939213,0.0
517.7787522131243,-26.653893926209975,5.593798050088179,0.9133785291581513,0.3376256449092726,0.0
511.7782043350944,-136.48718395609924,6.334402826583031,0.9727370237571024,0.6872618723821771,0.0
100.34141750767435,277.70086030409385,5.017582293581259,0.6669058906763109,0.0,2.0
-194.40883278672638,-401.54687126432066,6.216710889836478,0.7728928348246654,0.027289926920168253,0.0
-80.0849932173822,-468.4245962753138,4.83149811362402,0.8089255690180208,0.1770586138555006,0.0
221.039874556502,483.95276098092245,6.971030204048274,0.9841847341183768,0.760325083843646,0.0
-210.70384403385793,-432.1585741486416,6.29107293822394,0.7850921261482939,0.0,2.0
-88.49771034734476,-472.46242290058075,6.169452436335415,0.7906424096814821,0.0070775077231299026,0.0
262.47381202674916,-285.8105580540838,4.756684251220893,0.6430895877446828,0.0,2.0
279.5980262387463,330.49070023954624,5.024028723696511,0.7634951060265014,0.0,2.0
425.5575030046282,-280.65664838170335,6.131848903959739,0.9059906436563048,0.31586428598044236,0.0
-279.0228514510116,324.4561718873402,4.833252788545699,0.6605720298232151,0.0,2.0
-260.8486592604622,-455.3214978846102,6.612169928111586,0.9299201439263282,0.4649845698444993,0.0
198.1724293516199,476.07754017422815,5.261162320864514,0.8072889729913387,0.1487764138268351,0.0
2.3913170541483435,503.9087293914177,6.3612306566171535,0.9198689766369095,0.2534156221952665,0.0
263.5195265947105,343.62795036350093,4.198748582020509,0.6668707194717837,0.0,2.0
468.7809522948777,12.738016526188213,6.141716161974856,0.7979435718123559,0.04480527243375291,0.0
341.1496061114396,310.61199587887256,6.285100080480454,0.7772247749567925,0.0010983804764784064,2.0
-96.28247384399492,442.86761138353796,6.1551872073528315,0.7565809235289511,0.0,2.0
221.52919626288968,399.38843213935553,6.337667204622797,0.8333031345044127,0.06683687027792644,0.0
-356.5786513433081,306.9769787343354,4.755183528177573,0.7988329122940379,0.14059733635018268,0.0
30.42627114900603,-521.5364421567526,6.6500594218079145,0.9181802158016982,0.42855271498806174,0.0
-353.2662793051283,280.74055480673655,5.758150276260574,0.7679829982953309,0.019023356058240227,0.0
114.79167802674306,487.44772256324643,6.567929317136621,0.8419043738438267,0.10541680111089599,0.0
401.2648804191723,353.1575858256475,5.04642068006453,0.9794204141752827,0.7712214146777762,0.0
-281.70767784243566,407.7081537180125,6.705504160718275,0.8056368194776838,0.028980164511504272,0.0
300.03229607298044,-418.6388845921248,6.175453173020093,0.9170813810789337,0.4945889195910139,0.0
-358.80461896621756,359.8024156640452,6.3402838688352094,0.8105639313968745,0.14793280820356206,0.0
160.89775674243992,385.62507006249797,5.413641261887257,0.7832634926223557,0.0,2.0
-183.09569519017356,-440.3395998964283,4.381788223961185,0.7966795969630371,0.12034694735612213,0.0
344.8363349017486,52.97960919182716,5.206499089539398,0.7025828633216674,0.0,2.0
381.4069299918554,265.41436291770424,6.203855546962152,0.7704227709887426,0.03494596662526225,0.0
377.4737394672517,-216.1193333232245,4.985269560824448,0.6573855675159006,0.0,2.0
487.375098832421,-104.68451475414633,4.995230797105176,0.8189040236725504,0.15172906940960101,0.0
-344.3906064871973,-234.67376538381336,6.059009563568511,0.7849519748081656,0.0,2.0
-380.4228667346047,249.1678999340567,6.03623241438377,0.7283927760218446,0.10485121319640459,0.0
264.0845708537085,392.59747424943595,4.743774676373369,0.7138932485795016,0.043138502311106185,0.0
-213.5660722538923,472.88262306243485,6.260291259574628,0.8819760353793372,0.2567381133553339,0.0
-411.19066868456264,213.6049731715964,6.29825913044504,0.7393332028163787,0.061582670586059166,0.0
90.04610163558684,449.1890674526133,4.810238972934193,0.7673862245618719,0.0,2.0
-65.81517801953053,447.8222096001872,5.520357396988589,0.7693548626047398,0.004789393238288165,0.0
264.37891889297543,-376.57624481386284,6.6616792585717945,0.8037245932966931,0.02346529416303905,0.0
333.5264246600302,-290.08777678336656,5.665295433163175,0.7470162016805553,0.0,2.0
94.66837174875329,504.6800305543502,6.493940166378998,0.849654631843857,0.2035084759525157,0.0
453.6971179996846,-89.824728038858,6.505876131046341,0.7638541919995292,0.0,2.0
-486.4300216210414,-84.13666673731638,5.143638104753088,0.749334599879568,0.07220918481742844,0.0
279.4140168693715,340.55095918250845,5.536330158363873,0.7619982226688399,0.0,2.0
510.980747143796,150.44543087320636,6.189047158490515,0.9682338240800608,0.7394316220769092,0.0
-449.2936431357553,82.4628821842646,5.141613967114217,0.6745073290173921,0.0,2.0
-272.6345113762093,-424.1371802955136,6.787602426234693,0.8185096629920007,0.04053053408576386,0.0
105.08241572974467,502.4498593552631,5.999895640107103,0.8729832707427729,0.15678751255963455,0.0
-274.11145404715444,-331.40049079276787,4.145825333082987,0.5525138666577531,0.07182510637133102,0.0
502.1461076053099,-164.27403604505548,5.784063248143789,0.9701032356967794,0.7166832689577838,0.0
8.183640497988836,476.3109613944874,5.859694679643938,0.8425042398738432,0.1478974781808072,0.0
-438.7295246349358,104.16205659088921,6.613989812773574,0.7419430909285997,0.0,2.0
284.1901828668387,-384.5000785604644,5.987036775253213,0.7879152304030294,0.020524234098697847,0.0
-34.424864945512006,443.5807262012355,5.078486138511333,0.7405540030477904,0.0,2.0
-434.16609678697586,149.93545026333356,5.16863980372958,0.6964658411180423,0.015993517808881644,0.0
-128.35615863334212,-432.36499270867716,4.905383546282256,0.7399977821525427,0.012755704294020979,0.0
-128.74737388729338,-376.12913822564093,5.32747549516539,0.7914864929588439,0.0,2.0
412.1017832296612,46.45940495799476,4.098374008238732,0.6571408101158044,0.0,2.0
-506.5957534170656,31.930706536724557,6.268084360540093,0.8535979630008927,0.21534637479692045,0.0
379.73249055765666,337.49569671945505,5.571294916578533,0.846943233530463,0.11089345316920524,0.0
392.5236293010013,245.93175672069384,6.226812715710479,0.7421339979688419,0.0,2.0
510.5630076503576,-59.80740670439198,6.239569699604932,0.8673383690870092,0.19122555082166343,0.0
318.007189421492,333.63759085096734,4.425383801884599,0.6851026016044737,0.019382272411808878,0.0
415.5071713421277,220.62855349962007,5.593275722558523,0.7814430690870119,0.0,2.0
-409.0739771948286,326.34323030785174,6.141845145179931,0.8996259523166233,0.21395518744584582,0.0
-520.8117970479391,123.15147707138422,6.376410090897972,0.9768315711001588,0.7641495201548968,0.0
-274.30810953533097,331.46966441314345,4.976915349618015,0.7301051702506136,0.0,2.0
-454.7840574662852,251.90923591600364,5.954457208729716,0.8809654989334037,0.2590429013256235,0.0
-166.9139012708264,-427.95528866236555,5.414816558228756,0.7549236713038615,0.0,2.0
408.2021073207583,129.25469593679537,6.18709268059647,0.7270896487211009,0.0,2.0
383.0574192742219,191.0867538497238,4.843296249125662,0.7115140053491846,0.0,2.0
-335.52515568470756,-125.80758940037391,6.261324257281287,0.7321640015631943,0.0,2.0
-351.3233196162273,-48.71125257479948,5.648529778746047,0.7158963109316823,0.0,2.0
-152.00371444455018,495.17796226900003,5.599875128276265,0.9282724926695656,0.46824496764630724,0.0
-439.59165388154463,178.7829585590062,5.758265893192902,0.7522111083598613,0.0,2.0
-490.3505680791875,-49.228507583096246,6.694820742863852,0.8102813550736824,0.14670180416998346,0.0
-335.8919942491386,360.7068964662068,6.179901671757394,0.7911207165425166,0.011876272875413764,0.0
-468.88227956910004,-205.47845242421738,5.96473928140395,0.8858351672396404,0.19082020331926636,0.0
-71.84545995861129,-514.2228494279353,6.425957742040438,0.935398684063573,0.41371838935135474,0.0
391.0099177844633,310.76756657442627,6.16968791012739,0.7793785139935683,0.10822216781973536,0.0
-317.09173739143193,382.5383799456786,6.440676565714115,0.8466363442728235,0.18518847544243436,0.0
108.36510732307869,-448.1797724084634,5.971028717072244,0.799649799924274,0.023487804226524613,0.0
-346.3802127210707,395.7789754115308,6.420953961882796,0.9224640699724675,0.35102979847220583,0.0
-346.33194608984064,384.5591000687306,6.278314376986283,0.9065045044237069,0.2856944336064044,0.0
-466.11026921279097,-130.22312946963834,6.464076475183729,0.8025490528525475,0.013713123173195257,0.0
-57.23089367756749,514.6657864951505,6.562417246165617,0.8907582369123554,0.18969207304834118,0.0
-170.72095060823642,352.49833784164707,5.239151324802062,0.6709692122720894,0.0,2.0
448.11720400937566,269.95716858484013,6.539301957056223,0.9134887642716756,0.24438674996837928,0.0
399.0157654434853,263.5195779032473,6.456621855979984,0.7050754186741701,0.00910704167110257,0.0
-349.7751701184702,-291.073473080074,4.673826603361334,0.7941407328797887,0.04190298269601652,0.0
-450.18179699714756,181.72463590654408,6.058789805398175,0.7753457010857695,0.11755988612522242,0.0
348.3000494926097,380.9608510127729,5.7076470298963295,0.9010162087544282,0.31007255369109443,0.0
-467.4283995541853,-215.57655251843696,5.836598736147559,0.8402766460922902,0.1790945480979284,0.0
165.64436678764704,450.05957899572445,6.166623120349452,0.8024519712528979,0.05402421861783813,0.0
-428.5360912826871,-125.64128350378842,5.251576281448349,0.7710970025121852,0.0,2.0
-127.63572586823236,-486.4631386220085,6.441118852095342,0.8909494757294264,0.23493634837446378,0.0
186.87709796927825,409.4214302270577,5.60736338624252,0.6773205796986967,0.0,2.0
-538.2941010789451,-19.44699375419037,4.996280103983959,0.969890171935062,0.7495754975861386,0.0
-500.60756564234634,-143.0251973614971,6.216806365406028,0.9195993660603405,0.32220249795828665,0.0
-307.308259713936,-382.2972790219463,5.909401679028176,0.7797728434223606,0.07191811862488201,0.0
-116.7805057600452,-517.5176160200027,6.427978077991369,0.9789273927719827,0.6522587825328744,0.0
147.5581750247659,431.33595932998384,4.713468641390526,0.6704141709794711,0.0,2.0
314.51731743043274,356.4314899240965,6.238693506524274,0.7748983379368248,0.0,2.0
450.9575473555104,-168.11055096317057,6.0672202985333765,0.8743514047755078,0.15905865116259837,0.0
438.7235797620353,-218.10563633660192,4.7724482879892545,0.7671993727209666,0.08504828081344697,0.0
271.9119226376948,-430.17923738432273,6.9462927887100046,0.9149338973190396,0.22007744577011032,0.0
387.3038894273846,-271.2094403377099,5.673684575418318,0.7485093457210948,0.06489858913859105,0.0
-278.1324952029185,-387.159344399797,6.257096186277711,0.8318904500582787,0.172991067174608,0.0
-398.82635924697934,242.50322425507042,5.944019731709594,0.7628437375614329,0.08412011529711616,0.0
-259.62730469985075,402.00800488213986,5.675866758292547,0.7791831103555475,0.023788362174974043,0.0
448.395456888846,-51.901402473596306,5.095839324823538,0.6663910698984742,0.0,2.0
-485.8210072139039,-10.703539348549752,6.174966763572467,0.8192712192712666,0.13120892493699968,0.0
60.170348958246954,438.50848891215827,5.882953035036614,0.771866372941674,0.08947677100611727,0.0
-355.7258038809334,322.7171990085384,5.113848418154721,0.6713873099637918,0.08826607173538127,0.0
404.9511034108322,221.60026835071815,6.423520822835081,0.8292842444066865,0.0,2.0
400.6034889977944,-263.919609342889,6.484874895372143,0.7772771104095809,0.09650598137492515,0.0
177.14733082755154,467.53476026307976,6.045455245159373,0.8834711094475362,0.1798687675685589,0.0
385.6685835404506,369.706634973618,7.2001351984414965,0.9860376506348856,0.7845453571559419,0.0
-176.95341841489807,458.24044428575263,5.743692191597417,0.8823643707699487,0.27472653721401613,0.0
139.56604479820643,465.00460692790284,6.189566013042438,0.8221231063293069,0.09087529116135883,0.0
168.57859862560096,476.26291071848766,4.806588438241191,0.8444585651353343,0.1869043975249719,0.0
419.8558565468322,-186.05892341640106,6.007800508202845,0.8374765802350891,0.07261442635873057,0.0
318.51639421085315,341.1867526914411,4.174938215684735,0.7781596801915831,0.10775012419237426,0.0
433.29978281428896,189.007991647773,4.68159163109897,0.6637036077564182,0.15847258175290355,0.0
-358.90597698395555,-291.06033990562037,5.963634281371787,0.7816477374529404,0.0,2.0
413.7845724955727,-202.43047767618742,5.012228196154222,0.8135981597028481,0.0685746467314273,0.0
474.18091645922135,124.37720851707013,4.534054480622202,0.7234912196918981,0.05623486654992582,0.0
-7.044629524613246,-458.44656083691785,5.620050529451404,0.6725253358643631,0.0,2.0
199.50922664715495,-348.08587007340935,5.420274539670567,0.7207200888399936,0.0,2.0
-347.3592505154445,-252.4928295988466,5.394002445087216,0.6514974520608564,0.0,2.0
-112.67752815728738,362.7556159542015,4.968232123120488,0.6459954375146925,0.0,2.0
-195.91553912828277,-469.9247539844803,6.4069559117100185,0.8618479441798862,0.218162701945537,0.0
-362.37141042569266,350.1454769055143,6.191848729170285,0.8479405207606425,0.11953829830796489,0.0
-138.89599803435533,458.8457798267873,4.40280634038206,0.731477135208866,0.053474189634943985,0.0
-377.2365205695526,-218.67204293694076,4.6162687244000615,0.6558518284469083,0.0,2.0
452.2696620363711,196.16084958277048,6.1678672548700675,0.8506987144486943,0.26454912186899204,0.0
149.66649205362648,-417.79685624409865,5.462358288920497,0.7241861478744286,0.048635183220771754,0.0
178.37780118128458,392.142379841281,5.546718359773788,0.6660663644684546,0.0,2.0
-235.61158251954285,434.849173047853,6.052558094107034,0.8324434545200723,0.05798483831656985,0.0
-428.49487360716125,275.7913263236424,4.6011452820542935,0.7787350020916048,0.14030848080644814,0.0
-514.9914501718835,-65.6332391159714,5.70586594044791,0.8023411732522906,0.13325973228414245,0.0
-347.16126371986235,-243.97806621185242,5.75794232985502,0.7220053656701153,0.030215251680736317,0.0
-99.52344405393349,-410.7076894363601,5.827153390244637,0.7110670228568379,0.0,2.0
-381.95106445937313,185.8559465171844,5.688527908896767,0.7253167375542132,0.0,2.0
381.31555645436487,-17.36301743688646,5.1670174898846275,0.6678816985980658,0.0,2.0
-10.39199199665002,-517.0271091367636,6.111413222596991,0.9250207795535426,0.483738961787338,0.0
254.97982609807045,-350.6899811161426,5.302495692888469,0.7689475345745239,0.0,2.0
-76.39769356461933,527.8265334234794,6.52364855167189,0.9593653469253878,0.6425003664988771,0.0
401.19587985270243,-233.84641805418542,5.8187640044139615,0.7644001837260002,0.0,2.0
142.5164014056314,418.7988657121701,5.775428974566098,0.6746368071015727,0.0,2.0
-424.2103845869481,283.2271072450708,6.132373010025566,0.8545769325096566,0.21983625029948464,0.0
-342.40026827110074,-51.46584494696103,4.825068287773856,0.755236449922261,0.0,2.0
503.80766605872867,110.16392553719649,6.20776724413654,0.8745153093625665,0.2461504567003739,0.0
-183.71649749918961,-483.99577936380393,5.777972891552731,0.8672067782939019,0.24540100801637246,0.0
-335.3596975931923,-328.9464848321522,6.330044752688026,0.7374552430600453,0.05188337075235229,0.0
159.35440855173078,376.5456717533724,5.740435240930531,0.7599240951937036,0.0,2.0
371.8952423141081,-344.30770986222603,6.389768378473116,0.8319449056715948,0.10107006108919807,0.0
357.94704149280733,383.8392889821306,5.442224861532051,0.8863620196889028,0.2808722936939936,0.0
120.47870404073515,-369.08750997119245,3.6903450672296527,0.6162080301194414,0.0,2.0
97.89151384789311,443.7887710106162,6.308035229345028,0.7395549186866751,0.0,2.0
451.57262497979275,146.36776598330096,5.556786464792566,0.686536537334628,0.013418922156393516,0.0
89.96796849786253,458.5143019875083,5.530572396271809,0.7561324859507653,0.009327228949307785,0.0
457.8374399190387,168.28336902627197,5.64161305013416,0.7855118095163895,0.11097730450665748,0.0
447.9803447736091,-141.05737578046518,6.690095588474363,0.7859233793745277,0.007160479763702584,0.0
-391.890776634119,335.48170509709087,6.687018101236265,0.8936636321805516,0.2294011552070035,0.0
341.61591264956485,210.5786833845809,5.283225209205357,0.6281966465081094,0.0,2.0
59.01363305065572,-465.7517024333501,6.533005626470304,0.7772092080719876,0.0,2.0
86.30298457426976,493.82022754888004,6.477643978709389,0.8623932749114342,0.13247636499259396,0.0
-302.13819811951157,274.4279897613766,4.84580206800833,0.7869009687168056,0.0,2.0
189.79134569755198,496.8474265257792,6.003349018188415,0.942813675314584,0.594186710612324,0.0
57.95950465037626,-418.26072883771377,5.839516363129384,0.76950623042168,0.0,2.0
458.4194293391244,212.50090923213435,4.7532872607383485,0.8577462198659258,0.3233925785791892,0.0
469.78394267087236,-209.7273219737853,6.663654854292674,0.8754954223711492,0.15571341858112298,0.0
502.0517538158593,182.3260775533047,5.714523477603424,0.9758166417214397,0.7609372435834336,0.0
-297.907455576499,415.79299418289276,5.885292412168927,0.8584491429857358,0.2126117541857571,0.0
-360.195968258716,14.24982426600444,5.070481433218388,0.6226991706203053,0.0,2.0
354.68602311697725,76.08575183482647,4.827932857766438,0.7672653689494723,0.0,2.0
-163.71702424641862,-503.5418151066916,5.588911915236519,0.9750660160388825,0.6820917867235627,0.0
-526.2168905872275,33.738128923482805,6.200268709696811,0.9204829346587821,0.45929897222345906,0.0
231.19982226105472,-467.624942618614,5.639169377100464,0.9373578394261989,0.4924911477004009,0.0
296.10902855002456,-0.6751769465589796,4.402716401589891,0.6098787124136446,0.0,2.0
433.7738409447566,133.82223666672476,3.9507021911720104,0.6717543474145142,0.008291028139838202,0.0
-128.49832242937143,238.30184635589623,4.991490000193009,0.7799966435790388,0.0,2.0
-423.64317906461775,313.59659079945857,6.1753110980817185,0.939883552525747,0.4162477801323754,0.0
-184.4624513686781,-494.2452627367629,5.777972891552731,0.9555082930628843,0.5433490700323003,0.0
126.06144821889526,-371.749057080486,3.199445077137348,0.5963135083951978,0.0,2.0
443.07846963526526,143.00579622735674,5.275784083248179,0.74265466248143,0.0,2.0
-242.89725648145722,427.1028501142113,6.1701615534622665,0.8131128352078201,0.04554443072631677,0.0
-485.1771123297525,91.22728245694562,6.312759016963809,0.7969553541542911,0.013259380054786796,0.0
-139.20587580364588,-486.6157080184324,6.391701648075929,0.8465929335233107,0.09891887200439879,0.0
-335.4910179436755,12.122799367604255,5.548789426639205,0.7200702182225751,0.0,2.0
456.2523291613946,177.82852719037328,6.34024744340656,0.8443896716140268,0.09873753160969873,0.0
-59.46070209609715,-471.3057806769726,6.306420842392769,0.8542073012322869,0.1580411980967785,0.0
-266.9529981681448,-371.3628989957627,5.686547072761734,0.7450266963544452,0.0,2.0
470.313618133136,-198.89776680810522,5.4133874447655765,0.9150996357677198,0.3717956273782492,0.0
-417.36163374085794,-243.6928559073339,6.231856862597182,0.8085619390549764,0.055982341066909906,0.0
-39.79409904083116,-513.1098850731039,6.025295924676058,0.9136030510220624,0.24530308414229676,0.0
2.9428083252053026,-472.04190999145555,5.772204464873971,0.7933535544116748,0.005273846004142427,0.0
-177.69064068708965,-466.7676117637869,5.740740467604916,0.8213074679723156,0.05420209315280088,0.0
-455.90510866952326,170.2764416795115,6.186533798585479,0.8053673636796858,0.14263003820546852,0.0
-506.5006673848024,-29.541141790838452,6.062856595794858,0.8757186251099799,0.2445281771877872,0.0
-256.97194872143666,-331.05342661626014,5.832878074278532,0.6721665071728877,0.003079478091294648,0.0
71.58190136458248,529.5984080544531,4.778218413631692,0.9241001344519812,0.5525229401606413,0.0
-296.5829671017524,259.1595040357121,5.560195515303183,0.7524674912696928,0.0,2.0
16.110363489257008,-428.27075122559296,4.780655769775399,0.6278327086902714,0.0,2.0
149.24731005951682,423.6442477122992,4.677453029375182,0.7502162618265027,0.031871906336358856,0.0
442.77716937313767,-253.82448212225253,6.513002610768968,0.8756125185613787,0.17024313485337156,0.0
464.6548836841815,39.171570194112185,6.659299719962636,0.7527478293328189,0.0,2.0
487.994124312718,-218.40296008259216,5.8023931189142255,0.967180772261372,0.7375570971376874,0.0
-195.2190665114054,461.07058912895127,6.085429577495863,0.8115976695422463,0.07157536869367856,0.0
-173.32986568870163,345.3324094505044,4.9996613002091985,0.5994599724728348,0.0,2.0
290.3459155691025,429.3054322041324,6.539376721104034,0.8766442334287409,0.2928574656669505,0.0
393.9280796171454,279.2631168049473,6.139441709607575,0.8474041018166697,0.10147421536338282,0.0
408.4060423023934,-249.2629257672209,5.456261538156093,0.8013857225608957,0.027464255261069954,0.0
534.4423609328085,13.3363899605362,6.772611152385611,0.9812509740096382,0.7778218125988118,0.0
390.1112843457239,196.05255227098192,4.6771094726573175,0.7360116466630109,0.0,2.0
-122.04113362634145,447.8388968815445,5.98438597006176,0.8376568929637148,0.08704416463000715,0.0
-105.13482438745,-419.64022880976546,5.467822156682693,0.7241927057680371,0.0,2.0
479.0825437265082,116.91743783832469,6.278869413333632,0.8079183626422907,0.06374557501201018,0.0
-221.83676523504937,-440.75351957485896,4.36572020769828,0.7677585658455282,0.22209777314085943,0.0
-130.59825658708263,-367.7270520808547,4.905010034980329,0.6576656540760498,0.0,2.0
155.5867286044242,449.0022673665892,6.29710857232529,0.7974741488009626,0.008889344301786145,0.0
-113.32524440608596,432.3956599780577,5.1441560536122735,0.7708746013184187,0.0,2.0
-318.0112553265637,415.69663015405206,6.403970818006666,0.933195591936403,0.395688483824251,0.0
481.36579697028185,-161.32624832170245,6.346488400082635,0.902050814183685,0.2272670353815758,0.0
501.5232665931758,-4.662819911788219,6.543325837953887,0.7681544110244959,0.09665850690795078,0.0
-136.53258855772867,-381.00699087721097,5.440355919127951,0.7695047752635333,0.0,2.0
477.4293345190881,7.165639475335588,6.027065685298273,0.8293453538957383,0.17183273166007695,0.0
-113.165798259475,-506.55431820746827,5.821879608781808,0.9071305646234473,0.33153247848142203,0.0
-23.72633681818844,460.9257199657712,6.089585991927374,0.7685800025151166,0.0006116922107137725,2.0
-264.45211363546855,318.82688622523364,5.898258023885237,0.8135196895787005,0.045496925775701885,0.0
337.5954707773116,368.9263855837342,5.315483318528466,0.83045296328221,0.17499683741060518,0.0
-348.4948000943077,-276.84887799435677,5.477722703958274,0.6837123434462153,0.0,2.0
-404.09149996866444,280.1181105811243,5.957526755129609,0.8189326903264379,0.03613659868313191,0.0
-101.82767647633317,-427.90621351315474,5.083152726485875,0.7960763091339285,9.18998493765092e-05,2.0
-258.62389991514914,393.09967195126455,5.671943092531951,0.790815406179633,0.01686752062108524,0.0
442.3707008817922,-24.69693432534703,5.3812033759432385,0.6139681894389613,0.0,2.0
-472.1191316199322,120.32324311180685,5.470492610680955,0.8068216479933298,0.16418385757462478,0.0
13.369096481169127,-395.8105403131474,4.908825764425713,0.654106237468289,0.0,2.0
177.36039873808895,-428.9761028186062,6.151444480714731,0.7621683278065055,0.0,2.0
163.64721310229496,-439.23403175801394,5.291429119245467,0.786404182352466,0.012919008884480365,0.0
374.7725956231402,-161.98174540319496,4.516351219801775,0.6574742692856361,0.0,2.0
196.75960354716304,466.6836768427301,5.5429060147842595,0.8739187969497806,0.1597717249812697,0.0
-408.0506660655244,307.10203312544957,6.002596340798402,0.8564259661070122,0.25678377866353314,0.0
-181.62647025028545,-425.20280150198874,6.057405477513202,0.7908641364877462,0.04279111188396999,0.0
-72.17515727020633,-485.38600036811386,6.100540458500626,0.816448238726173,0.09186899038250118,0.0
248.6769570982741,457.9464287663456,6.5774501564967025,0.9141795847316002,0.42159729511995747,0.0
-16.94612894084391,-444.33132328276076,5.373937999521464,0.670529429501687,0.0,2.0
-387.43601147852075,226.40253036036032,6.1575817775861275,0.7866080259843483,0.11276880482489732,0.0
-130.96961965082292,-463.91870290936765,6.203733667598173,0.7877449850742312,0.0,2.0
529.6401205704793,-54.00961864674134,6.450699666390628,0.9680919567827686,0.6688775503515184,0.0
-407.22637797410505,82.50019041794883,4.9782943053126925,0.7175863534750725,0.0,2.0
124.19189493753896,-459.565455321338,6.12632502647356,0.8085237355792312,0.017163220461424128,0.0
191.04131230356043,-474.2760236563734,4.864748816453819,0.807974177494457,0.16315461587113478,0.0
-382.96565740351673,-307.04677400622086,6.305001673446445,0.8209836513073294,0.040337110116042255,0.0
-67.52565352981232,509.0164206672407,6.549519846301065,0.8875502423524905,0.18751568314264738,0.0
225.2287891312026,-432.9790325883561,5.788995505041578,0.7590538031152247,0.10157044242521858,0.0
-282.0138413154949,350.0479551511187,4.258471515903917,0.6556730277341368,0.0,2.0
66.17496150055199,-414.691402792672,5.292776344056516,0.7757450184840484,0.0,2.0
-501.82876227986065,-132.09600322748204,5.968738727710061,0.873027849568672,0.1634762355497806,0.0
191.52594461218334,-390.018453890806,5.247569945062259,0.7310875563434055,0.0,2.0
-122.22692942803447,-422.82778491580973,6.6382933029464715,0.7920075797327647,0.012218871046940978,0.0
-435.8450152066733,-247.52901087822352,5.746669336489281,0.8739502432667062,0.28285504416688856,0.0
418.66279755306914,-20.065521458398766,4.589338897780882,0.6399306964637133,0.0,2.0
451.9239214473298,-158.3866485465595,5.626127472132453,0.7691531582960808,0.09342581174808358,0.0
323.80332444463255,-327.2041918359314,6.369888153414812,0.8395295444250048,0.0,2.0
-475.08254861890026,89.32140208261984,6.136163114065074,0.7797068764038234,0.0,2.0
-176.32297433623629,438.30044551023343,6.055831455245485,0.7550562781286966,0.06625907987003973,0.0
-7.420652302120692,-433.99686437592413,4.25919373203379,0.654367831784258,0.0,2.0
-43.8209672629061,-456.1709519818412,6.23224192527246,0.7130491904785642,0.030270099133646634,0.0
468.3774511041671,202.9316977400982,6.4787646622074115,0.8562066953052883,0.23953455158729767,0.0
-325.8581928889521,-346.50907692496264,6.270576152922779,0.8089375517668431,0.14117967023076908,0.0
437.3582243083319,125.79607330289573,5.985343788284287,0.8035556965193084,0.0,2.0
-302.1869472496585,406.29022961854645,6.33760938836396,0.857337495460809,0.21840154873648263,0.0
232.9499427717721,367.9257346090553,5.413999690838281,0.7605035976375767,0.0,2.0
62.33181522357813,-497.74513722113886,6.3558775101324425,0.8375698509875945,0.1527343890778793,0.0
-185.76321900012698,-433.6195676723341,4.381788223961185,0.7015003437865124,0.038749751105029144,0.0
251.93695166403543,-421.59042612250545,6.113876006854649,0.8278390748974357,0.16251359218769118,0.0
-483.63039724705374,54.221425237364826,6.218823280315589,0.8915731491519636,0.2047749614282005,0.0
410.8714074869529,-310.93765643931374,5.742197308423106,0.8820081764019809,0.2550094312118552,0.0
-176.62133471086236,478.05886130836,6.399354297344101,0.7881903092681175,0.10748307298642876,0.0
-403.46918654387815,96.9655083004464,5.237548896404611,0.734415104542003,0.0,2.0
439.5504577415827,232.6759552320301,5.099024325157741,0.8147578957859807,0.060441809797938985,0.0
-416.7807164449026,-307.3906329495605,5.646532178637521,0.9011121704799597,0.3430803676877826,0.0
-379.71811779698095,-332.69565163611196,5.574445143949497,0.9355403816063723,0.39776814107598163,0.0
20.76180481837385,454.4267272674331,6.3314611697083825,0.7143670126364021,0.022002653244581668,0.0
348.5137456733809,355.0065573612818,5.67754681751451,0.7748371542336129,0.09983677325811605,0.0
220.3104149600322,-455.200114658869,4.710508452113037,0.805166547770557,0.15396905903388544,0.0
302.9310021158318,371.07973515438914,5.449016556484952,0.6857655799074941,0.003916488338502046,0.0
332.2998048764888,-332.6875222589173,5.184884133232143,0.7689479968535199,0.08930542651944269,0.0
-477.77008371218784,-86.08174452789116,5.110654866189573,0.832862445678123,0.08257357659496903,0.0
-465.9281617551058,87.44614779022591,4.90598161913582,0.7642495870292444,0.0,2.0
-279.66346714295656,356.68795553832643,4.527926478123344,0.6696329001792031,0.0,2.0
-464.51735206229677,132.3264020966686,6.356488087284117,0.7917703767262291,0.02918092630549175,0.0
480.1857808890881,26.510225847885156,6.30140608820823,0.7908302713345863,0.002430347982037455,2.0
-38.706495509611976,473.63238380447433,5.952482497296918,0.7868908442887955,0.1537123396918665,0.0
152.1155577505869,-451.76326168847623,5.8546129537441445,0.7777851113225082,0.0,2.0
-403.671204578114,-327.35229878444386,6.4171060659331305,0.9163509229850479,0.4282860522619424,0.0
-232.24997906641525,-309.72866834843046,4.613716247340075,0.6656260958161497,0.0,2.0
-477.3403500951839,207.83532153600694,6.603573736304617,0.8962162854489343,0.3196820398884588,0.0
-425.911815000436,-249.1948617834365,5.648349794768696,0.8527740554327653,0.21970915735433852,0.0
-450.2484961207364,-226.84710293572167,6.294222259012919,0.7812724358905385,0.09658441154423558,0.0
161.51812504467895,-492.2673692794692,5.676797984165369,0.9035662678631057,0.3051269552673197,0.0
151.12130487029734,-469.4669602124699,5.791082545133253,0.7973526690724724,0.12652547006371567,0.0
476.47133570634156,-75.92548540521352,5.60689358582693,0.7934675633750381,0.027147090488079492,0.0
-382.4692229375936,-323.7984268723711,4.80017901937871,0.7637843455932719,0.1099712721912901,0.0
433.1941718883828,238.54567120647184,5.099024325157741,0.7477067897918306,0.06182130166617164,0.0
-407.10276854630405,-291.68957608112856,5.631537600754221,0.8912473977718075,0.3015509961385164,0.0
-507.36245803088343,-90.39507160615514,5.831708731722238,0.8926695590477361,0.2891219865107039,0.0
283.71952721102605,420.9589461337259,5.531565173153073,0.8625232322295792,0.1458656424987761,0.0
295.99556994841976,-362.3066980533312,5.700361351709788,0.8391460411766669,0.004650288626744582,0.0
-441.0282462748642,-176.18913773908127,6.279091113625702,0.7636085056093842,0.12290955696655106,0.0
190.42883463096584,-465.1099703050258,5.30982795678657,0.8438557057144553,0.1368686972712009,0.0
175.93325275425966,449.48053589978605,4.627974900906417,0.9443544237717949,0.3552310577378426,0.0
433.73209120194343,-162.67803796957273,5.876068290894018,0.6984029966515111,0.009626923049495188,0.0
448.36617887868465,236.59014436941766,5.099024325157741,0.8647231455373787,0.1637651320470629,0.0
206.27799760786013,-477.46914955505554,5.05232519733965,0.9253164954606368,0.4166882446846198,0.0
-247.95505208795606,-437.5695815273864,4.317028861694596,0.8597181144390981,0.33282436809053734,0.0
203.2084065353133,-404.52584659373105,5.761543881894059,0.7018599626034939,0.012817856125083514,0.0
-509.7809688843746,-138.31803165601997,5.44847289741742,0.8849514826279958,0.2614909069550233,0.0
-412.44297208427105,186.7835152218498,5.66636684168485,0.7427153456746085,0.0,2.0
-415.81301291074715,-296.5494161588469,6.201688544701313,0.8782166038131438,0.1616666179460037,0.0
-463.94425928478137,16.792765071302476,5.8596811314829775,0.7290776691909865,0.016277567195867808,0.0
325.34156862453256,-172.82206400817435,4.694168564022983,0.6447842634386501,0.0,2.0
-35.394396509371944,465.84026071429247,4.398348446181699,0.7357808772082778,0.06515669913545036,0.0
-512.2763749530773,72.10382213927052,6.177043300501782,0.8708499396130598,0.13676743550971263,0.0
-451.310548571254,-133.82865813461757,5.732073574013118,0.7397362134904645,0.058741748974485815,0.0
-78.3064162857896,424.1182734600668,5.659584739150604,0.7554348537996932,0.0,2.0
171.03456626823024,458.08937464704474,6.069882324943842,0.8469181279864009,0.17780830703100897,0.0
-35.45061222243041,-502.7173696447439,6.170886879903247,0.8495115530816686,0.12175395455084573,0.0
220.00021752771067,389.55833021536705,5.001890430471971,0.7502984777881471,0.0,2.0
-287.8625766404353,-281.56778506902305,5.433831200194651,0.7096780607294427,0.01939330821827207,0.0
167.2974701186995,-389.38645155229943,4.842564420264157,0.6730017453413205,0.1420286420097083,0.0
-372.37452381778724,299.90776814720033,5.6266464084348,0.7914616402234725,0.0254310213968469,0.0
-74.77540172212647,-187.09023778598316,5.362579882524253,0.6005192176823787,0.0,2.0
-246.92939282817002,-331.94861299212215,5.8923717592393,0.82744210127267,0.0,2.0
-172.13018785956066,389.2443573352989,4.155446315982893,0.6516189619622432,0.0,2.0
-347.5614259950839,-329.44668055123543,5.973539876139028,0.8246484051454742,0.25095327218290164,0.0
-120.09889026815162,-390.16206547437656,5.567431495674888,0.771350849456778,0.0014802729314897954,2.0
271.12131882253595,437.16579922969316,5.47985296682116,0.8754060443605974,0.17243611841569245,0.0
395.1462914413234,217.9480631241328,5.0865721902662555,0.7679511301913644,0.0,2.0
-366.9847546858299,-319.5018723661205,5.867374573710984,0.8355823530903141,0.08341781519097562,0.0
126.67569984236718,523.4025111995577,5.621555870440678,0.9701184103559232,0.7418836886341218,0.0
-95.15985677768963,424.2591997098164,5.117983153164608,0.753522802743428,0.0,2.0
347.4856119174623,329.7353350985502,5.236352050772797,0.6862882636575083,0.007906599897747715,0.0
-364.2639095327563,-264.53309829259655,5.597480534587167,0.7612376526118529,0.0,2.0
353.16071302364077,253.3604207657564,5.960570482190963,0.7205338025150594,0.04837430208455904,0.0
62.66502675192297,301.2140441236497,4.80816057831947,0.727534081481188,0.0,2.0
-364.20967268982207,322.21391729106705,5.961295568425141,0.7904735620265492,0.002552798495049969,2.0
-161.11647977307746,435.9975541330982,5.247967249097458,0.7740839361505465,0.0,2.0
-474.87424540289777,170.51382585626183,5.4374557072388505,0.812057245620394,0.15333892980280073,0.0
-96.04470305157801,-466.65909361390237,6.002300565268738,0.7976412613832137,0.016844712716736654,0.0
415.4843350914985,-281.9882458760784,5.5376949408663005,0.8827668543378173,0.3168011058873237,0.0
363.31703220184255,317.4129474238216,6.066030389865283,0.7961539155144012,0.059910484212704666,0.0
-105.34807437870369,-443.92224894884225,5.796236546684299,0.7750655917414335,0.02097130213059065,0.0
426.40329486373,205.02931095087843,5.975070824297651,0.7816055165036317,0.031540375354049896,0.0
393.28609972894816,-361.6931164123464,5.562522896255961,0.9718609999582093,0.7470935052236218,0.0
419.54592997044784,91.16501515160874,5.736828997207691,0.7081103418618452,0.024130589763077526,0.0
-70.42424747324046,256.25130542649026,5.4564680086648325,0.7286489652722552,0.0,2.0
496.9843424293399,138.70432894190085,5.960570270243664,0.8681317600546108,0.16159799793980237,0.0
83.29169799410467,525.1935454922403,6.789923707898313,0.9599346294525112,0.5583087326854722,0.0
-394.7768363832624,-190.61189377058133,5.1900146645700405,0.751235034795003,0.0,2.0
-234.35546612864945,-475.0887960422903,5.826359792874067,0.9669929587147418,0.653523298309485,0.0
11.911274568611347,298.01400571818954,5.55936564719761,0.7282764767717691,0.0,2.0
-238.89170622194808,-336.58804514584403,5.11407245254902,0.7367980741518572,0.053955934058085395,0.0
423.2861694809394,161.5089723316344,5.626605363073162,0.7231830587808517,0.03049079817041246,0.0
-171.925620294569,449.5849830698877,5.88240450391753,0.8060164045147313,0.18956906033170165,0.0
-250.57965462001434,399.2974838115989,5.464776205032088,0.8144547426021881,0.15146224038928438,0.0
-416.46356494436213,194.68431176821514,4.81486195358177,0.641586720534172,0.0,2.0
33.34038051785097,434.87539061354204,5.045730330405225,0.5953019846651585,0.0,2.0
-224.5016924206503,474.5976377757739,6.050813918503558,0.9480902997830557,0.49712257348101807,0.0
-175.76815189136465,381.92960688623174,5.975235564279121,0.7439809271447009,0.0,2.0
227.22428504017003,392.8337578957683,4.350971343729238,0.661694418737447,0.0,2.0
446.24296188051187,-178.27103693364495,6.5196705052233215,0.8566018947294513,0.13174191506592844,0.0
113.77590071041868,414.30176785618113,5.114289166422052,0.7520874746506435,0.0,2.0
466.9866017789652,92.02565304986956,6.180465546058305,0.8024485427077649,0.13756520332995484,0.0
-432.95707330533287,-156.17740474811816,4.632787831322591,0.6368210248226673,0.0,2.0
210.7130688595167,-409.58070457092634,5.482016054935131,0.7440392883954651,0.007409888057076682,0.0
-154.70921679277131,-401.8415196433777,5.067012574420987,0.6641596997470064,0.0,2.0
-506.598495542334,98.13199669206782,6.204679463180571,0.9121092471399128,0.3591822547934122,0.0
527.8423145874407,-25.51219303825963,5.28283813035782,0.9491075423348938,0.6042476316247852,0.0
-42.96462523267065,443.00010472880837,5.539530795391896,0.6557201357116106,0.0,2.0
-466.11262018860594,-64.71394367169864,5.991667362424209,0.8259420365614549,0.05736431466824609,0.0
266.60362625990615,-366.26150220210843,5.922577672066796,0.7869612397780805,0.0,2.0
-518.5089335792469,-107.89068114609869,5.897481879689328,0.9687609793829227,0.7260014871630729,0.0
387.8541624983565,204.71749673677002,5.369603320655716,0.7165644428940225,0.0,2.0
-151.22905759406243,-471.9498744745759,5.730214967569451,0.7120335380589604,0.03194753520115689,0.0
210.18059508101743,489.048817929684,5.170034752748964,0.9745608759957151,0.71400436530877,0.0
506.3650687783576,35.23598166776816,5.85567881170469,0.8344726573811451,0.19021538048224454,0.0
235.48808093068251,-453.988571958711,4.9894536983836835,0.8777181728981618,0.31538268439481965,0.0
433.7308162516498,295.5413206973184,5.401280728750311,0.9636127595083736,0.5803843860733233,0.0
-76.30714161865066,480.33190892398204,5.54519155403736,0.8044812729792759,0.03232231790687118,0.0
17.088833056082407,479.5376567366518,4.266443640717661,0.8472610380843815,0.19552294122669017,0.0
-244.27800492974202,-385.67693478506305,5.978735124726902,0.7626545832011056,0.0,2.0
365.38477661151967,326.02654307706484,4.879536761533526,0.6993766370884472,0.021610178099109516,0.0
28.637954362829834,492.40152960893727,5.895444105065922,0.8908474149057228,0.2818067375986408,0.0
508.08098808372426,169.29872389096656,5.932130996122037,0.9742665128767697,0.7576548870909641,0.0
-6.780344115936272,511.9059233944479,6.2064878688644365,0.863627443630925,0.26383164412794696,0.0
-459.2836615655028,-232.21726876886143,6.2402559453224455,0.8651874828498988,0.21840616020298,0.0
365.13958864461705,-292.77079219429925,5.524557578801753,0.7770905388754121,0.0,2.0
88.8659290560704,285.373550928627,4.793506381451378,0.6706994494896709,0.0,2.0
129.90250396908058,-509.728014763368,5.715763188690118,0.9547737928292176,0.4743284810028199,0.0
358.9013869776899,-380.1217233119257,4.7944085502915685,0.8909074343951922,0.39492514656026273,0.0
-347.7191643820725,287.3467789383985,4.8182684345577105,0.7626560244116185,0.0,2.0
-314.91371001704385,-327.4484163050665,5.8996543176682,0.812176524779691,0.06269276155053251,0.0
265.21090411452934,400.08167398926963,5.106321920461882,0.7237049639383142,0.04479733824864373,0.0
491.58376690347234,77.04641722628068,4.552540866102288,0.8039886536144724,0.13094916980577587,0.0
-24.250984637923345,353.0138835956848,5.079006651150215,0.6465711024697622,0.0,2.0
-442.3998213404012,-102.11492812902988,5.86873689390683,0.7437643448347118,0.0,2.0
504.60603212654013,-145.17038701112406,5.514654072222539,0.9331110162557897,0.4798934946672502,0.0
-220.4169615126596,-335.1566189779314,4.6022477036953955,0.6341918544548766,0.0,2.0
447.70183235172783,60.965226294281706,5.567598337552609,0.7452498043920203,0.0,2.0
82.58835083887097,453.85849933672864,5.100320303990881,0.7968938366240638,0.004791996817681935,0.0
414.05004840413676,-211.21417290356973,5.504693726203936,0.8115790059859063,0.034005766431135336,0.0
-446.8378756880985,-246.37575590669528,5.642733308706289,0.9113788472111147,0.4823996517566088,0.0
-113.89876718856414,517.6023015795467,6.304485578542015,0.9439297304081259,0.4995195038650466,0.0
-398.70139472214856,288.9406886602834,5.7489652042084485,0.7895218002835516,0.11835059370395784,0.0
357.6423803885034,-188.52994002467972,5.240015885974136,0.7391224276716288,0.0,2.0
236.88948522614493,-414.12206572085773,5.899316224102127,0.7055562444331575,0.029678098420770616,0.0
387.2284993581007,222.1147315878882,5.4486808050965045,0.7680943774315208,0.0,2.0
-6.7566336925948365,485.54755941734487,5.6928499209386425,0.78628301071407,0.015537497711207467,0.0
489.5193045437129,12.28983688391049,5.926264655596909,0.8789262729248057,0.3644970879342254,0.0
-473.17104224412833,53.06581339197048,5.2002883296448825,0.8093817083189674,0.0819741896358361,0.0
460.84799000323267,-216.63771067159732,5.751163471119717,0.9053374737554655,0.3351421983151382,0.0
-373.3886917035187,-282.99391737764205,5.697151876931631,0.785748950614584,0.007384037966587147,0.0
-354.1747077353716,-307.63817532561285,5.809444448956251,0.848335742385195,0.04858526185689199,0.0
-324.98280873763423,361.7800629812717,6.2083838627047045,0.7927655351585271,0.12159946064499959,0.0
355.00458019474246,-389.1705687642745,4.7944085502915685,0.9521606824047616,0.5358358678036051,0.0
-124.14054273669053,486.4393564637283,5.839410092700585,0.8480324519309982,0.09610728860874344,0.0
165.1572979681953,405.8888047559847,6.0749930507652685,0.7425984785966229,0.0,2.0
113.74390511606305,-479.37090469959446,6.212172872565522,0.8381024351057826,0.08869069101192395,0.0
365.70179258114155,377.86610272764614,5.434450891823143,0.9164122634151527,0.34007470192737876,0.0
64.88292185451812,-387.18267842348735,4.747478125863414,0.6413670674643033,0.0,2.0
429.3995324863555,245.88078097438998,5.341975056452081,0.7527353680015114,0.08076283238275472,0.0
-185.66466591996982,464.70585539274185,5.9430813092955015,0.8411781075857504,0.09294400684063585,0.0
293.7123183930368,-344.76120061243626,5.227651546866404,0.7755149424836453,0.025130213247690728,0.0
479.4730467721387,193.34174546675706,4.397541846446711,0.8296211891209606,0.413628426313215,0.0
-476.7004683342766,-159.52034177269456,6.224171154039441,0.8438363311412617,0.10200779419194185,0.0
-238.66890620767344,-416.4342869383811,6.1090187096756265,0.8070216200659737,0.03287009379420848,0.0
329.4919998826044,320.5215283650733,5.152141901989844,0.7664521256195258,0.0,2.0
307.0609429915467,433.69273404736595,6.20089877039348,0.9605484575676171,0.6399793262302388,0.0
-499.67618087249735,-69.90656191259546,6.080152128528713,0.8387291812763638,0.08252307394397715,0.0
-129.10449768947734,-518.4442032411617,6.217348415053758,0.9746581546585965,0.6959752723613591,0.0
278.67823082852595,-451.59844512465463,5.825278165264297,0.9249377474164932,0.5486927215831865,0.0
-524.1799507512844,-61.60755088432738,5.998719257456517,0.9298772589920888,0.414114862655613,0.0
-146.23143186988509,-455.5349421450537,5.685309947863509,0.7982662197770298,0.10851843773225286,0.0
-373.70858573965114,-364.18012658083245,5.774716288939022,0.9198351833447918,0.3476889839096087,0.0
353.6894710109294,-371.4654522320834,5.95007043775058,0.858227140122294,0.23538617647489607,0.0
427.6161573821437,-146.49776099130935,6.308751474403843,0.7655694366156144,0.0,2.0
81.98690147459152,483.54307431587233,5.949500345760837,0.8038307335344113,0.017297607012591722,0.0
276.56645574564254,-389.81201011569476,5.43166533028497,0.7774991578324495,0.0,2.0
-74.46953417465748,450.5720011744145,5.489638057206126,0.8081417598884432,0.028252186673339837,0.0
377.7738789626953,-116.17987869710585,4.877810636217406,0.6598266039135144,0.0,2.0
-339.6313643521253,350.5950130350089,6.28074129317028,0.8450845105282466,0.1870858763966958,0.0
-427.6777383111564,-142.46718871768124,5.134871961868378,0.7395075647196802,0.05541395936680983,0.0
147.08608046886636,-435.99093499729923,5.233596645204717,0.7895440914259917,0.0057055622461289765,0.0
-453.7566521836787,-119.02687838577533,5.502521381037383,0.7072334454418193,0.03717628941386148,0.0
308.9738633820968,412.41965592760096,4.325389565793178,0.8985160055621797,0.4072644174933718,0.0
319.4733056282851,-367.02437513271053,5.3392440669875425,0.7941023420930423,0.11276146413752762,0.0
-452.5209227721298,241.52996836244404,6.055007101518219,0.880227854724362,0.15819303645284122,0.0
-1.6872107630044886,493.99247120564917,5.779785230647011,0.8364426549197609,0.0703086610387965,0.0
13.488967117363785,502.35196086713114,6.047787022212085,0.8591731727193912,0.13063614143735625,0.0
458.50319773089285,9.418815269446595,6.030571966971295,0.7793377251134936,0.043846684340488704,0.0
332.9481236935859,-398.33125194377163,5.635857760688181,0.8963035876540377,0.3036102523760882,0.0
133.52603366320827,419.88647788217685,5.595216128639971,0.7318754056199736,0.0,2.0
150.45547802856797,-508.1828150345931,5.462358288920497,0.9607777250496121,0.7223206669257529,0.0
-482.3428424811148,13.384359925668003,5.968801837263392,0.758060850818835,0.07360276427136038,0.0
-327.5272510533001,-397.6584159141245,4.1379094130599,0.8461611010510399,0.32043004931591285,0.0
-144.7880181489683,-377.11195246309563,5.397745927365567,0.7561000464197547,0.0,2.0
417.60501364613543,258.13939747228403,6.172257043724941,0.7812528559962207,0.017909860092910804,0.0
340.2907690675934,-382.9665758579224,5.914436868797603,0.7944529305588709,0.11467827775130011,0.0
361.1476113611729,-4.491419135428678,4.864090490807774,0.6418321673857028,0.0,2.0
-490.74467318512455,178.94376305618496,5.7656032680500005,0.9169442303109507,0.35771595626194896,0.0
470.4506018143547,21.997131512622268,5.913767125061386,0.7878247910615498,0.01235171165505457,0.0
497.4060848434079,-183.68447533450376,5.6058959061298115,0.9715752305158617,0.672192120216631,0.0
484.65656577500886,187.1110553124398,5.488089844460901,0.8958764666316712,0.3090902701516884,0.0
-82.27059102522198,-510.65789507677107,6.023394136145001,0.8918714809506588,0.27447190233792307,0.0
436.3881328367275,-297.7633027282687,5.8278390698323035,0.9575969815272454,0.5490674846843907,0.0
-494.7409756463759,-172.27229113039252,5.884923224863993,0.9136942327147879,0.3487700202203897,0.0
-7.642510054330868,433.29584756956365,4.717439302800176,0.6457453398067186,0.0,2.0
363.45159576789854,223.48574470920917,5.918143294452905,0.7547365418061375,0.0,2.0
-256.14659696390703,355.5423127635205,5.398897948621915,0.7331516713149215,0.053402365704862065,0.0
342.9567589907518,-291.675414073581,5.02460163296193,0.7729441631782457,0.0,2.0
-371.17022378342165,-258.2054883493478,5.567186771047067,0.7147357954319766,0.023625016415374928,0.0
-85.97428023531803,511.4433316771513,5.751035596879282,0.8721935456769657,0.2551222551643476,0.0
303.647744080931,354.6891439756452,5.9624897122587495,0.7599238884546549,0.0,2.0
80.97556106874173,-454.9952876057805,5.886387560823454,0.8322890165572427,0.10997877493118234,0.0
-113.75112657442814,473.3473483789651,5.282432824405041,0.6624099698436102,0.0,2.0
-371.1267312078056,-248.7434947483203,5.974156702760827,0.7194571537549752,0.0,2.0
-291.15987083504933,336.2212897943338,5.51604524945485,0.740338930674362,0.0,2.0
440.40030905807333,66.08022168506669,4.988454152783303,0.6945909959260681,0.006551031468432634,0.0
369.8542764215131,-114.16144200545455,5.54566081735553,0.7365662845153471,0.0,2.0
383.6993671982292,-342.6511157168428,6.070836629497269,0.8933817686318243,0.30170675705109096,0.0
-478.8346281381694,105.91034379156662,5.293751323693863,0.7867977773541391,0.007076333226844528,0.0
46.87133860365799,173.3391861391614,4.959484612676465,0.6641295779374297,0.0,2.0
467.97070832521354,-112.77695445243614,5.620018633204284,0.6992931136215468,0.01318480259510927,0.0
217.54156844144333,-483.25279386378764,5.618984769627616,0.9791824794269579,0.7802593172647949,0.0
-457.54849455166845,-162.6862016879913,5.732073574013118,0.8117491134190759,0.03249010683255187,0.0
40.71932624652343,439.1377648128814,5.781622878534491,0.784787876144886,0.008111021547727167,0.0
-267.757792270198,395.35182655448034,5.222367267227203,0.8324962920218203,0.09747243733560225,0.0
444.25371762641066,151.56785566413845,5.156102310985687,0.735768170739398,0.0,2.0
-404.93603783314626,-255.24584760215302,5.299519047193795,0.7867532554696278,0.11601158006195593,0.0
-508.3674270485892,152.7489615897108,5.677094805016956,0.9647023461463538,0.6676804862442722,0.0
406.5376411683867,302.73201314571105,5.491735726099154,0.8426615291828897,0.21017313211699204,0.0
114.0196360882264,497.97369249755457,5.020725360888083,0.8593602553608508,0.33829946441530584,0.0
423.4055155481109,238.41838114244254,6.204228011576418,0.7839211319250402,0.0,2.0
-195.59850441902665,-492.1728442708028,6.226561167778783,0.9709807477570822,0.6767656387966419,0.0
-387.9830581025531,108.32535299066534,4.722106143120294,0.6556376013654143,0.0,2.0
483.01714242718515,-171.17387657363938,5.083937104784531,0.8468878300590574,0.19483697529437832,0.0
48.643094285169404,-513.786094687083,6.221421056881094,0.8943342651034176,0.3830583328349541,0.0
-306.0263831253989,357.4480096317521,4.376728463140685,0.6525633687352052,0.0,2.0
-328.4070812391197,412.4058102151661,6.099661432003597,0.8850154775743734,0.27320607773632194,0.0
-405.15899509327267,348.6789610790117,5.933527794585989,0.98002428200922,0.7742595834965693,0.0
-188.01719052981343,413.4636254680293,4.7157162353928035,0.6863284670802331,0.0,2.0
-154.8972814642149,-420.8431467830339,5.672281555472669,0.6520663604569664,0.0,2.0
353.93614275946373,336.196669125009,5.528450951436554,0.816188676503237,0.04048540780711784,0.0
377.29418897675305,-371.30380137761944,5.547301242558531,0.9430326074382522,0.5852688390765187,0.0
230.06081676100345,431.67224048084404,6.345167445613359,0.7773716161909855,0.0,2.0
-388.74977897580413,324.56526156768706,5.933527794585989,0.7596005617187911,0.0870079128441348,0.0
-357.21685710826546,53.39095941372959,5.110557402173648,0.6709086575603803,0.0,2.0
293.1885115797919,-399.23520761091913,5.6236545865183505,0.837361745144355,0.07992454828886746,0.0
207.46776722767055,-429.98366915642265,5.431032032218399,0.7991996094867841,0.012264854243946152,0.0
29.244052036557083,-432.3895769417283,5.128071282156459,0.6531444697315851,0.0,2.0
329.22601771853897,-77.02293613853836,5.059820823620189,0.7491552603645139,0.0,2.0
-464.8059939959123,221.931173013868,5.846985243096681,0.8727473724367649,0.26546358284381893,0.0
-338.56433040587876,377.495163250953,5.988816544776142,0.8222315903713426,0.047973188762859616,0.0
-46.90938205588988,456.3933710445748,5.691051726911215,0.7718491490349874,0.0,2.0
-429.091349782333,215.26489940866395,5.116214921710368,0.6727113672061941,0.0,2.0
-23.94592052205325,527.0628453713226,5.87557775187564,0.9205831591498955,0.37919567486744965,0.0
-239.25423192675518,384.5695049230276,5.443738605932053,0.7293201694046387,0.060306988396433066,0.0
89.11301759058813,344.572453414604,5.163734385352099,0.7285696936433599,0.0,2.0
197.35409231325139,-480.5914426000175,5.05232519733965,0.9382639460575986,0.40561564441451425,0.0
-393.9432181894695,220.3517035480811,4.98463208660065,0.7000354638602583,0.008539519959905354,0.0
-426.91468306737676,-94.54061535638108,5.2986800221638655,0.7083463936318091,0.02462947227592956,0.0
394.443900475247,360.9402656282939,5.243632369679214,0.9744798251514476,0.7340074129992478,0.0
135.44605999663673,447.4142190581728,5.975223913284173,0.7412173799490837,0.0,2.0
371.7051361775391,291.31259277738445,5.955248463522414,0.7237109938807167,0.0,2.0
-147.986486452995,474.2863046472942,5.4777479210752285,0.8181461536813552,0.15553259951746515,0.0
471.4554744521053,-83.88287907963525,5.621898982952592,0.7439383197584966,0.0558618994825859,0.0
-395.74870136972606,212.11516650243317,5.48809254556956,0.684009204095074,0.0,2.0
236.20480977737768,424.5749157531392,5.020345787577536,0.782110938807811,0.10103101404010172,0.0
321.1370221338744,375.13367182638405,5.581615024444203,0.8363830163425068,0.09307710819653708,0.0
468.86689572068826,255.1924383415419,5.736013135097086,0.9551252257716415,0.6216803533442871,0.0
-89.71386140630374,-504.92975149255756,4.747367243785039,0.8160890077922556,0.15907159566431217,0.0
133.37014983682894,-500.38177654601697,5.4157204866478565,0.8540798486834903,0.21256386572175792,0.0
-507.2088253748672,-39.67226263338964,5.572321878890346,0.9006271464605816,0.3934487369322508,0.0
348.8999730369965,-335.64452317935513,5.180805535929942,0.7443751619537134,0.060282115644946295,0.0
-208.19160547429846,412.82963234250974,5.55541291203661,0.7488666716236082,0.0,2.0
-307.4209395419103,418.24543539357865,5.620737376402327,0.8892048172253545,0.27337710609789595,0.0
-502.653108250154,55.93816612844883,6.231557070186834,0.8382486099231005,0.18691027167164237,0.0
514.6293012583088,128.30950401288933,5.515146052636977,0.9570533091348941,0.6227934919051812,0.0
303.9456000248195,-359.63127290749037,4.204549796465581,0.6697082610921058,0.0,2.0
-154.93339425650592,430.6196298441125,5.121693363676694,0.6695691847061699,0.0,2.0
157.4980887363747,-321.87432393136027,4.670212233588163,0.7519592832559548,0.0,2.0
-7.663704669137289,501.6253167259912,5.534698394464418,0.8313371902805454,0.16460215433488753,0.0
477.0214850638615,-151.21262594374548,5.963110931892222,0.8433006785351388,0.09458115690058888,0.0
532.891856818107,-3.598028962758481,5.99012581660343,0.9756620250041363,0.7757709135986659,0.0
248.4145782888279,390.0702877057933,6.194290351198205,0.7610104681888118,0.0,2.0
-196.158997964089,339.7822452840163,5.610320191986929,0.6952103038957996,0.011721535562648747,0.0
215.29653504237106,363.8797241457925,5.165221332725265,0.688678547443001,0.013617999871023552,0.0
524.7720786716561,99.51089475004441,5.681289011694576,0.9785642838875239,0.7690974128860082,0.0
323.018936611307,431.22306155182133,5.934607076117164,0.9445169369922797,0.6917060719671712,0.0
103.47033327228023,527.0447742745881,5.222956956700827,0.9530537988856265,0.7031775063732296,0.0
316.8451620531207,-333.748872286216,5.449877422403204,0.6479186771810448,0.0,2.0
-63.44930426489349,494.84402859134593,5.994064414000513,0.8381037960997914,0.0922713566504854,0.0
-443.4661271672112,-137.27997130919417,5.407566762541972,0.7621598667472829,0.08818036919681267,0.0
-86.48335317898156,358.4663431842723,5.446591412218019,0.679988893502436,0.0,2.0
285.0479683505032,-404.54116286073406,5.637904916891116,0.8638074128764562,0.22355365244628017,0.0
-149.18918883594273,507.6126764099806,5.705749944805668,0.8741177237846467,0.38186647834995696,0.0
-398.5783716641403,-293.4873089544699,4.491036652511786,0.7521019224787978,0.1002602690904229,0.0
404.2701609670628,154.91291573554994,5.584487052921965,0.6308305019764083,0.0,2.0
271.4733886626943,327.8016141793566,5.1178225623530365,0.7414648496060661,0.0,2.0
492.19318279477767,-52.24279757539885,5.067632946886382,0.8614426307973182,0.23238179434653516,0.0
-61.11338665933964,184.943691924472,5.7481874567738425,0.7079201355139648,0.014513673679328036,0.0
-357.34792603481606,-326.0555232037645,6.547545281877758,0.8678109705893079,0.1617400661669491,0.0
-476.0876667190571,60.46056827991723,5.117209422229406,0.6919221474480524,0.039851779660937774,0.0
-181.55310150844656,399.4433317024542,5.645528080973952,0.7405225966216409,0.0,2.0
48.96458993503903,427.405775992036,4.999603494725435,0.6760292664559735,0.006477302057374369,0.0
-295.01767480406227,398.625848669403,5.360872985333594,0.7510364842961877,0.07145853584717733,0.0
367.9862369822428,350.1526429321987,5.2997702840056204,0.8849054875801207,0.1967323707527702,0.0
179.38160030911118,458.4382142415678,4.627974900906417,0.7391041641469107,0.19318900839984726,0.0
-39.713840631871,419.49330258960237,5.63724854180849,0.688375544600889,0.0009917534075453529,2.0
486.19566760792344,169.60004807826726,6.5174552950549005,0.8651694914015851,0.24395200566090275,0.0
451.0190598931871,-120.32739063360474,5.436477783399713,0.7836777731377822,0.0,2.0
-11.736738547902439,-366.41599698283096,4.841727184887863,0.6538753508699175,0.0,2.0
-78.61997105259992,258.332787741135,4.765275882885425,0.648225737322346,0.0,2.0
446.26655630887245,-104.68217884926324,5.018811940840521,0.6695386931856239,0.0,2.0
-439.6747292416261,-264.1127003734006,5.766865229004982,0.841639376365251,0.18961767637612179,0.0
-64.52379428631382,468.29252681677036,5.8657326173346656,0.6904620716738733,0.001978773712679415,2.0
161.69546495244018,-449.06264583141086,5.512437322772907,0.8015070379134035,0.023451738381102795,0.0
29.483920055113376,-480.23752059651724,5.420643012691845,0.7545562610196663,0.06580415201912139,0.0
-502.8280948073339,-80.72453439522054,5.962260770266236,0.8478105892404718,0.12160900442239314,0.0
452.459712009809,-211.4882974849618,5.732021583737607,0.8277726137156088,0.1645624215726947,0.0
-215.55799861403597,-485.93886906528365,5.268393666405795,0.9719373177485281,0.6800652848612557,0.0
436.3231642828152,39.74851096356009,4.412563850739499,0.614094904365245,0.0,2.0
-498.2523430013557,-23.28069121276444,5.851554232046016,0.8024783617033053,0.13385104451003144,0.0
234.11939956968806,416.34107464692454,4.975937936780008,0.7746244255685657,0.012581331040916589,0.0
-154.3097194411654,-363.38293368950764,6.033853379942902,0.8202179388746129,0.0009158409337977225,2.0
-501.2610587622833,-4.243255308745758,5.664500792920981,0.7981864731557557,0.11826091506376103,0.0
514.1306954434473,12.910153117965066,5.9759934239470605,0.8697271757320995,0.24411862314055663,0.0
-358.1112852577741,-316.63703842201437,5.049139739148564,0.7141934920557134,0.04037471667592741,0.0
336.9573372426122,318.0227661951042,4.634016943173463,0.6475165365209744,0.0,2.0
243.2625669454789,427.8642964293613,4.709048886368232,0.718747109186551,0.04950078222048761,0.0
-504.1494200740458,120.01959537458427,5.520497854766017,0.8423141619125869,0.18671349024630726,0.0
-29.9741235226455,-492.7860189565628,6.018275170850675,0.8232900796617987,0.1816390768814502,0.0
-526.1530557837249,105.36243400725708,6.1636610511751515,0.9754565424577839,0.7589530721413527,0.0
-285.72256890183996,-406.5643576982762,5.543489298426699,0.7879800561477145,0.13050633477291498,0.0
-521.3026435472706,65.86229768837889,6.010536181415869,0.9016850839778359,0.3044290107197232,0.0
-155.3721965788281,456.4872995913035,5.889587226245099,0.790871693481588,0.00043203310200853076,2.0
439.5246506046585,-133.42817510814518,5.678313719985467,0.779057755952548,0.0,2.0
-125.96582526759897,496.9920928447331,5.722397318020684,0.9091485334116867,0.44285650947826877,0.0
297.85747488868964,386.5349400721954,6.030012681889031,0.8057571482448627,0.04278566555852243,0.0
183.61322714472507,443.70130762776574,5.552431969284429,0.8036811864191157,0.06284222091512029,0.0
-83.01089521173601,454.2476192118831,5.065428927203245,0.7430273409076965,0.09832477822551813,0.0
443.93795080236345,-242.97917429305096,4.943001000439829,0.8319854840358679,0.20287957468170187,0.0
-97.64790493459365,-357.3035119999335,5.7181761317888595,0.7438491056997877,0.02743878341074591,0.0
473.10239375236176,-53.792838372046376,5.949298556763714,0.8105920836282379,0.02199123074577512,0.0
-490.0101976319658,157.0969920514959,5.514659921208769,0.87180185748395,0.2467327610014781,0.0
-475.44833047109597,-39.36016478055413,5.302619293212859,0.7087498660239194,0.021021924813509493,0.0
291.72942715064556,404.8947332560166,5.329144830176311,0.7737631038133962,0.22413236492585487,0.0
417.2259064111324,-245.42711599283388,5.842329853709412,0.8411533315112997,0.08960062326374192,0.0
141.66912520612675,-468.1585330625327,5.468160045885509,0.7898720217506995,0.24254825382075335,0.0
60.38562829981273,-380.12846408197936,5.018056463966672,0.728632391113952,0.0,2.0
76.9171812491084,514.72306926402,6.397473355762178,0.9303284338477933,0.36564159297733895,0.0
-137.3902779424846,-456.88266850383667,5.515456724231583,0.7216129144792061,0.026443490135765187,0.0
-110.42410781325148,-461.77973980254285,4.909354568821321,0.7900701778112006,0.12520862967636032,0.0
-98.36086334143536,495.86821846699524,5.419882975541455,0.7703267443911468,0.08924457376552392,0.0
359.433686491998,-196.15764360760167,4.88942314347747,0.65607821012334,0.0,2.0
-170.7511729233094,-373.7453663867142,5.285898600762854,0.747703452938599,0.0,2.0
-37.82866702521541,-350.4391680117303,4.907883677112739,0.7054733949603514,0.0,2.0
-471.683116347494,111.19920648087142,5.098478628860362,0.7873149089895235,0.10633271209183259,0.0
-386.88095790322365,286.91320797017886,5.638506294134559,0.8092971304497125,0.14957000013551075,0.0
9.543585869241166,467.51454113450495,5.862070742590507,0.6934654759362646,0.0,2.0
-137.332561319266,-430.44154172736717,5.344160740882246,0.7442306056848067,0.0,2.0
-435.52965342924796,-139.91449727575952,4.651003438585169,0.7796883698176916,0.0,2.0
-528.4626806488362,8.110710415871655,5.840880753890385,0.9525232466184148,0.5441337976043005,0.0
-395.33530215113444,163.27917946012667,5.1009564730598775,0.7669198770258981,0.03529645074482744,0.0
-430.50190337608853,306.4986804201231,4.8874191150275585,0.9278415291780779,0.45965286077318435,0.0
-356.52959354467225,369.8531112051074,5.8917428756424295,0.8330268259367379,0.21692141990814495,0.0
-397.85856969078355,-318.50855647464505,5.32278290324721,0.8704730574402678,0.23613650576485165,0.0
-277.86304382462185,448.20154821358636,5.884327302429037,0.9324117806430859,0.44048140362257443,0.0
-440.9554724487785,-229.35580362314826,5.644606091672249,0.7863877185223328,0.1077225840964845,0.0
411.54467823154357,228.66514969178954,5.486434547025949,0.68984650527264,0.0,2.0
238.0764705460131,269.9219161681808,4.548261149919418,0.6733152061499038,0.0,2.0
-109.50543905232132,-478.1823361470463,5.500765348751118,0.8367138117048821,0.1860905252159769,0.0
347.55603037699603,223.2542114653669,4.494489923364913,0.6592324115713606,0.0,2.0
73.4190481922985,504.644963744771,4.917748506563964,0.8525094755443294,0.21395174052365165,0.0
-185.13506263448414,437.7184007970762,5.31401341429255,0.7491487840407278,0.0,2.0
0.8575352088843198,467.1725556867972,5.676455588009351,0.7546041041162764,0.08622449760728182,0.0
-354.5506646880924,-298.3199147563288,4.6375031349776314,0.6680355957893938,0.043144463091456184,0.0
497.1380114493375,169.94994306160035,6.143829762962003,0.9182083982255389,0.4350998873388018,0.0
-493.20367090720197,71.73151280621312,5.696350143474394,0.826894107167914,0.16809947470926914,0.0
393.1159738707944,-204.23279617543596,5.665549016724956,0.7655503903631852,0.0,2.0
461.14923545583264,-254.45443652662402,5.885588144492053,0.9516903145878843,0.6048282825267925,0.0
107.52033824291676,-508.4530137407235,5.986907047368667,0.8744415476348301,0.25576433284149863,0.0
393.9232612803091,-340.1789338955126,5.768824976958675,0.9051747999982976,0.40203770675044287,0.0
-4.519268337408663,-478.6968365894016,6.046855519915993,0.83643387499082,0.18731562429437418,0.0
288.04174519863636,458.1014389518513,6.076936440308048,0.9724492333470574,0.749013819473675,0.0
250.5415605440096,404.9418609012388,5.60193428231908,0.7228590350702337,0.028512202427904528,0.0
90.84045400492673,-485.53200055585614,5.712199647875057,0.7740569023900874,0.09308454116914326,0.0
221.40443695841017,427.0845341723446,5.060188517149181,0.750416878260879,0.05905815378374719,0.0
-282.94508675698717,423.59127267861766,5.327250757807321,0.8360278388474894,0.21342706977913625,0.0
-409.1635825185288,-191.4659964469473,5.3156672915547425,0.6698864879795247,0.0,2.0
-105.25261622862061,-469.5387453924674,5.481336542836109,0.8187754167525307,0.04316178819694183,0.0
-376.5106396069998,-298.96685125299007,5.438995429512601,0.7159473472621195,0.04126764918602928,0.0
-459.49816984878265,-48.85148081443579,6.134611170454366,0.7627777899596724,0.0418027487912854,0.0
188.75789000313688,436.1436478520733,5.325060426812643,0.7679921932461782,0.09715753569669226,0.0
-244.7392589833044,410.18713393443073,5.259786148432256,0.7385646398251035,0.0698417724393726,0.0
391.2266723276662,351.18323991162487,5.802429803167111,0.9057564365242191,0.2632948662655937,0.0
-229.8315203465129,-465.2926501267362,5.888413346507042,0.9090082534227054,0.37345160745662687,0.0
-365.74832602483303,307.5611298225382,5.357212580357941,0.7862314950444588,0.0310010641978391,0.0
-459.8824060926186,-137.59394308797232,5.0602288025562885,0.810438298037393,0.10525732728864073,0.0
-78.11676859933728,504.2980155193024,5.647179930444036,0.927409706847283,0.37037271113223336,0.0
352.9613662552332,-398.9286124567764,5.583100219754955,0.9781119841199959,0.7176701276954974,0.0
-22.766098236231578,-482.3762890655509,5.951164930296913,0.7754728327042937,0.09670945155590856,0.0
-446.56560571872853,-67.28808178393338,5.640706198625055,0.7480015543815451,0.07339391620774584,0.0
308.70426664101893,177.99673285087314,4.847818202173856,0.637141700240461,0.0,2.0
-430.5777963095954,-268.3843776304759,5.594460666543045,0.866149378826554,0.24952834562574858,0.0
356.0787356786313,302.2860151724697,5.214095533889353,0.7483413823078114,0.07478885011501858,0.0
-69.17269169157024,-457.82259235868406,4.440311027957678,0.8013810067978815,0.03479675900177856,0.0
9.84641521177357,430.8096230503186,5.214648298537404,0.7646220229370791,0.0,2.0
-95.21091993022362,520.468171463459,4.617913938104238,0.9266472457162995,0.5608902024485021,0.0
-401.5835338262142,264.33511837377165,5.712366331709523,0.7298825676921521,0.06943459238755682,0.0
-87.63669403083824,438.0966561101671,5.221231442156075,0.7261794425423254,0.0,2.0
492.97716150976794,47.95457376200658,5.097200282561795,0.7858895924884017,0.11783568028328396,0.0
480.92919830394584,178.38889818589035,5.396483992059812,0.8587945529106863,0.21813569914901573,0.0
429.3448191030639,-317.5069117313883,5.643799860907452,0.9823913266002725,0.8248702071229145,0.0
-344.71421470660056,-347.5197939092405,5.546408053212584,0.8049241993608823,0.14552248911510493,0.0
-1.217317548111046,-488.22849122892154,5.13804494258546,0.817803392972706,0.19522837462860126,0.0
-475.0884104811876,186.84741302465196,5.313169400768332,0.8462759432238044,0.19922765722261337,0.0
-444.1479994338994,-293.05610308863083,4.968120979458125,0.9395890017339861,0.577677198534563,0.0
-502.7029950486084,-98.76696091763874,5.44265015438362,0.8566398216171566,0.2876434483433428,0.0
406.3563949604906,-215.53755020787406,5.396567192207715,0.6689386215678425,0.0,2.0
24.03499207435539,-488.73651650495856,6.35088676587193,0.8371198676866507,0.08689697135424747,0.0
-390.01290939848224,-290.0207131586213,5.293787394495559,0.8657940456222668,0.14820688727568887,0.0
-73.16028708426553,-464.9540984751441,4.796368858896455,0.7505729433016248,0.07345569858140973,0.0
118.53250897410774,-510.1837517550502,6.335187146062204,0.9385055488789941,0.32501670277883093,0.0
-429.56642099491955,224.29262185987298,5.856242179069321,0.8057614356525716,0.012761523140356574,0.0
-208.45232303248991,-380.5814384213509,5.903253743474421,0.7374702009187437,0.0,2.0
324.91686806004105,334.2521969703434,4.557169194110015,0.7436966008764823,0.07368584381414994,0.0
-518.2220858063203,4.726486051966833,5.797288874476235,0.9053134222329862,0.31263860288593326,0.0
506.79034773946773,90.69763512126045,5.591277623255635,0.8131856052252513,0.1422864908724732,0.0
42.43257648555871,-488.0113324087155,4.868097328510573,0.7648725277041513,0.08367760027996166,0.0
-311.91734095898914,-412.36631694117614,6.2425099982339365,0.8577049451014859,0.322723133678592,0.0
37.04197394613413,458.27018164443956,5.881439359027035,0.7793485084241476,0.010557457024055727,0.0
-424.74340826524116,-301.8298724193531,5.39342119041079,0.8651057023852773,0.22464797218044102,0.0
-22.11057699883495,477.8676396257424,5.094071258458416,0.7926197672079724,0.01360061425229675,0.0
-506.7721008965316,-18.958117878383106,5.829838941776613,0.8528424744022133,0.22439302292740343,0.0
172.0753258734179,-475.3918299961583,5.365273298309566,0.7355819639722408,0.06748164905046906,0.0
-217.53008094878373,-382.85451253898196,5.461926489387336,0.704728480640405,0.011497033469244652,0.0
-288.45260903060444,445.37841944726773,5.148592475490477,0.9374191198565603,0.5323969725602297,0.0
219.58858883706094,408.8509158992049,5.812694015588348,0.7748002578048325,0.0,2.0
-22.01793734780289,-384.04288854657835,4.979478014644235,0.6333106965517904,0.0,2.0
380.4177450260345,31.40545207747167,5.248704973935532,0.7474903443673403,0.0,2.0
-472.41412492377236,-2.0744265718815913,5.404785010195667,0.7631396058723459,0.08976317475966807,0.0
90.82981804875486,467.4445773186393,5.406880049063469,0.6908633041515073,0.006681349523660041,0.0
-221.91245427588714,-471.6381445219764,5.604446449098579,0.9188965837743583,0.34779293695959046,0.0
489.18488938680304,-60.7483792160041,4.837139660241689,0.8601301957058638,0.22609095002207535,0.0
-487.3030657455409,108.42011051329979,5.025179093033526,0.7255820851779182,0.04336265023674085,0.0
207.76513958737098,-468.34586593278004,5.481879310983013,0.8296107017702766,0.17771020708749916,0.0
67.6157156929704,413.5872280499622,5.5448869742857765,0.7527684534481932,0.0,2.0
205.9566338329978,471.3456125836523,5.228920459819952,0.8711407624645747,0.27626406101849554,0.0
479.0612715592611,-101.69183973285503,4.961261021654397,0.7289237663703211,0.05097758256155758,0.0
-43.874684820381596,-523.4417986651439,5.850862736198237,0.9326745641599848,0.4712920353286206,0.0
40.81155897304693,-519.7201593973954,5.5290422841125615,0.8852702935291102,0.3830965558698115,0.0
20.960861879195512,-478.40649199092076,5.3420802308317095,0.7952816712373101,0.12780677678703584,0.0
516.3387420852229,34.23050245182584,5.480579032299908,0.8869799061066902,0.2743466955415753,0.0
-450.65564040539897,-40.50723649029827,6.140415675064736,0.7930448047892876,0.018087119016033548,0.0
-65.948217812037,-465.5215735156647,4.440311027957678,0.7189424121548694,0.07160659956276583,0.0
244.58516898937737,-442.04194237488787,5.427138422876481,0.8334423191889175,0.29942004684223195,0.0
-431.2748402978212,267.88023762130007,5.454618695413119,0.8143798756913975,0.0496218317940006,0.0
-455.56939223682133,224.2750450250573,5.7153519027149,0.7887807876161695,0.10672541174590124,0.0
-174.3468281390419,-428.8839399781466,3.9128685690930025,0.6621725808524892,0.0,2.0
-413.0250111703717,252.31428065566035,4.941610237990457,0.8198252125773283,0.1147658734863132,0.0
-237.65400363792858,-442.1750678982802,5.940605259315094,0.845218567072494,0.2062753942335983,0.0
-34.871662506344755,-471.5568593972423,5.425880668299392,0.7665480224087496,0.08260308117039449,0.0
-462.18057758096256,-73.61377335084991,5.603105538895919,0.7916750843180956,0.13520893009927698,0.0
469.95536850222146,-189.2188748106863,5.552184496958751,0.8781592370286904,0.28585759917733666,0.0
-209.13876238719632,-356.5163963129278,5.383358371558423,0.6941578521953876,0.0017745183247967894,2.0
-102.65210507912522,-452.6805450843341,5.427259660043838,0.7326001434091176,0.04072136430589165,0.0
45.944470366916946,445.3999131051503,4.9069905939396135,0.757028869919772,0.005582632464459189,0.0
71.10702601069707,406.70521174700355,3.744329928486392,0.6785762201313246,0.03959462578713203,0.0
-340.22159898340686,369.21262858930936,4.580058943478704,0.6670030305018252,0.047821680596394404,0.0
-466.4401819882045,254.4435924456994,5.49664933250259,0.9805564380776289,0.7752812797036668,0.0
414.84375418163205,-264.3596961434594,4.9576313914612635,0.8339549586147633,0.19249764976979122,0.0
21.09928039445364,532.0015324885451,6.55456091359991,0.9752709446802175,0.5861468558317511,0.0
-426.74105458462293,-190.90656349486966,5.8630049530732595,0.7607889566870548,0.0,2.0
-369.6967211768976,315.2839134124384,5.048429321404625,0.7863690689291373,0.0994884595855131,0.0
-137.65604112200862,429.362336100159,5.993931178932378,0.7327940368818232,0.0,2.0
347.7287508465602,-283.0734914935133,5.935577061648859,0.7223668002702693,0.0685350224517916,0.0
393.86035629156487,-313.6798918138494,4.9632245766358665,0.8366344864920595,0.18765232902016754,0.0
-423.0123864385109,240.20569494960168,4.749663450364437,0.7972806361197602,0.2586295476826753,0.0
-400.02071412734165,-276.9838048997314,5.057663670293236,0.756393482622261,0.09060981160260911,0.0
-434.25054197600497,282.9973664666056,5.081442712240416,0.8997315103711291,0.31303988492456064,0.0
-488.08295694558876,5.85888870585894,5.796315780248188,0.8680831041096692,0.30966954530001867,0.0
445.80545373175124,121.19571735840246,4.350497615912345,0.6709728380979508,0.018174226749131175,0.0
-50.43321562823458,-514.8918003159706,5.836393138073611,0.9471010217698735,0.5343272948927218,0.0
417.6428817079565,-236.38713747383392,4.795396206474062,0.7693748176122195,0.08663613888156546,0.0
-337.31706041481567,302.8219405597164,5.5313230602586225,0.7354767533821568,0.0,2.0
-477.49104663597416,97.78891882666488,5.038307456186209,0.7885062543244338,0.03981100575572396,0.0
479.1965380033528,228.2907710569023,5.235809593821534,0.9384048867295326,0.5832530362530486,0.0
278.887897646633,-411.49598193179014,5.508201196352278,0.8370704430978638,0.18531206938448455,0.0
285.7886795733511,-363.1608276673214,5.66502281882657,0.7637104897444156,0.0,2.0
433.52936109086323,284.2335851488632,5.144713323391619,0.8621958492724705,0.3653517366418451,0.0
360.5092523016132,42.99869228108394,4.830027024525835,0.6370965394955892,0.0,2.0
261.99947194030875,-386.6880166448852,4.942640123436867,0.7015281009096571,0.01923973012285608,0.0
-476.9950233810484,5.827656171175253,5.373404992653634,0.8013704555618041,0.08814684330477555,0.0
-315.0323619679688,314.73814913690705,4.66855992978048,0.6850845855535052,0.006820878229701028,0.0
392.1651247574225,176.6951455835836,5.782540197049932,0.7965101478397327,0.04307202137391834,0.0
-525.2059989962775,17.874822807729714,5.637317202871412,0.909637463726856,0.41742227576415825,0.0
450.5584047277696,207.86026773146855,5.662650315730666,0.8485145327676358,0.32208606225955033,0.0
11.938039657085627,526.1774181368653,4.935180099207372,0.8858645086742082,0.2779848532983562,0.0
-178.58871623236115,-434.29184427426725,4.458307708353751,0.7989926338129683,0.004726815113148323,0.0
-433.131614692419,-49.02656117068311,5.862325371966821,0.7022650265305269,0.00759509985309819,0.0
226.64009317986532,-450.3699639405759,4.710508452113037,0.8191708164553617,0.22573643117134962,0.0
-174.11278418091126,395.7153595109641,4.236056381557894,0.6889410164086678,0.0,2.0
412.31566462460455,312.8775317034866,5.427852518780535,0.8798798125510473,0.3603827928441377,0.0
-293.45109138082853,424.53908215439304,5.628254045645622,0.901145555901242,0.3247782636668855,0.0
297.1739174143794,-336.9253438016834,5.029813311375484,0.6993682511061468,0.006447533537589977,0.0
-58.130145325928346,525.3127195782253,4.880127421294575,0.9406385428859223,0.49824450247922486,0.0
-421.79625184852745,-198.99399547205485,5.716968438163505,0.7084255598769853,0.017832451622093688,0.0
-531.4899321690144,81.31742167108526,5.71857235685458,0.9856014539166578,0.8723817934940484,0.0
-222.62458460605902,-370.0098407164628,5.280277742193644,0.6527848030076422,0.11268949077389642,0.0
327.7416451917266,-371.1466301744371,5.5068555987447025,0.7859722351422609,0.12665447403900792,0.0
-437.61141739815844,217.9543198969222,5.730127159806073,0.8311773732960169,0.0689801658743161,0.0
-487.5141201226437,-27.62079462192763,5.673822601897478,0.7883544115391331,0.14335326608893878,0.0
242.21630142368133,286.01032798577654,4.785196220914029,0.6346931368905115,0.0,2.0
-203.48506308836835,-362.48872725992493,4.956722250885044,0.7806868638286129,0.0057014870243903,0.0
-435.2377516080681,-192.62814256064627,5.307002988384773,0.7076227089666607,0.03341140737943373,0.0
-150.94384597849736,465.32769868332366,5.253843311583543,0.8409829324400743,0.07127714455493042,0.0
-49.878508265567746,530.7724149208682,4.906048154226763,0.9731783949163717,0.7509232970794353,0.0
-211.00076486471085,-442.33000608428165,5.2941120206514185,0.8654310229877499,0.3333604466478065,0.0
-301.0733815665614,-407.2319557545882,5.589533788524094,0.8985909726505655,0.392086580714681,0.0
-245.86438214077884,436.81911387693094,5.817486244402656,0.833250531968383,0.05941565655973654,0.0
178.121589599701,-482.7217266891202,5.548747718155933,0.894172967672011,0.28665019602141345,0.0
329.5538029894716,-215.53058245678426,4.733927260123156,0.7091594512392814,0.04875034781364394,0.0
-307.67002971824684,-245.81419516832077,4.8980081934391055,0.7618537535811571,0.0,2.0
-458.53849531397117,161.8949576011719,4.9203553825848765,0.8059612557018169,0.23544758745585706,0.0
-361.7789295568893,-346.01045326554964,5.485615984179912,0.8620722352941425,0.23110736762932316,0.0
414.14816183952587,84.62317943191424,5.288755092702641,0.7201082174537078,0.0,2.0
381.8439813255348,-317.7182465005285,4.934204600524442,0.8401930175430345,0.20248733159351479,0.0
74.49650382652338,-510.81871428997,5.0186981762679475,0.803127911103539,0.15833387815270286,0.0
-50.48966031207338,-473.3200214103955,4.9619098137444935,0.7204487974132945,0.044556519974081214,0.0
287.5285553234475,-417.2324097656974,5.764723316641709,0.9210266267006001,0.4394607881320454,0.0
232.3377695094031,452.09330245118315,5.175835884072367,0.7749813240364423,0.09648088878390355,0.0
325.38295774468475,367.5631393074349,5.037806534890731,0.7756035280763206,0.1003353265503636,0.0
83.20224453290585,445.55346875800046,4.774953317612038,0.6901149364445202,0.004502869596445523,0.0
357.05715400369724,-335.2086272460918,5.281825711733091,0.7956945998611554,0.08523436994614049,0.0
-481.38651230298257,-125.32239191428141,5.330809759904142,0.7701981431672338,0.1241319015986777,0.0
339.66372944467844,-358.3454868117775,5.8654039839281396,0.7481908288778201,0.0630901055651328,0.0
-412.3859980323362,336.92488502746676,5.816591285858178,0.9791151896970177,0.7202251984565988,0.0
-244.83685196097477,-267.2102935677308,4.5928723985542055,0.6427973724447269,0.0,2.0
-308.96699359275374,-436.7273333760615,5.169189436910013,0.9787929968499,0.7712008259896711,0.0
-484.47691066585907,-133.67175859032088,4.2292914984892125,0.8695851201599335,0.2512431414211034,0.0
-218.86014507457352,412.4804626241542,5.60277187795902,0.7639607017373764,0.010444004316406467,0.0
-212.39282132848606,336.59460970352836,5.718829526045335,0.7717356964086215,0.09254595428754,0.0
491.270366385058,-166.52709343801072,5.390596476350044,0.9424244148388068,0.46874777943530327,0.0
99.27284690797241,-488.8390484254962,5.719661084692465,0.8136065922114357,0.15046846061424596,0.0
455.1960218972512,-180.28391315760848,3.9152038767214092,0.7532989107857354,0.20349065325973886,0.0
22.730428670168926,500.54495095847756,5.33077624646109,0.7209199071770241,0.04093737278083895,0.0
-409.3747339673333,-236.69869975604334,5.389816872070605,0.8108966772172186,0.0379536450252466,0.0
-298.3291310796069,331.58672231710227,4.969315961336996,0.73460870551631,0.0434380541628959,0.0
506.9192703891863,140.27849590497598,5.690822293940115,0.9140556579789649,0.35255032048876844,0.0
210.62649299818472,412.66191891565484,5.115240400854073,0.7536372192222291,0.0749793448140394,0.0
454.21774954832995,55.58747472450212,4.676794288571395,0.6543405672225148,0.0,2.0
503.8186947023244,63.15007348579729,5.1937434820821045,0.80078269894015,0.12903384557910974,0.0
-16.994268570615503,-500.3062756456577,5.68120363188309,0.7543426393898373,0.06404573536715298,0.0
187.68190668907226,-482.16798154250296,4.864748816453819,0.940550552941271,0.4477119140618732,0.0
360.74310552615106,-325.9792949132933,5.008615660383444,0.8474349062937941,0.11822546959206334,0.0
490.0135687863754,-85.93815845898524,5.260602921714802,0.8190357186521142,0.15568649787905942,0.0
299.1923500437826,345.99121460572445,5.478999165516261,0.7586076640513277,0.07713795996454274,0.0
-399.8489553295485,341.05485710451654,4.410557280952886,0.8723215119828863,0.34911647503648197,0.0
-472.16475558295105,151.69208004923897,5.390602459942968,0.7767746833366072,0.11164271960204002,0.0
9.532522984831317,510.1448083843464,4.544821500625073,0.807718293961178,0.25932937174815424,0.0
321.93598026256086,-349.8934006240323,5.479919366923677,0.7719723702079012,0.19532869121625393,0.0
-441.0118531901173,94.3227238414007,5.436981583864324,0.7505019674261086,0.06412711027970629,0.0
462.79263772808326,-85.94055931505075,5.39157673962984,0.7836255572651989,0.10522988428903335,0.0
-169.64847585847687,464.111757600922,5.235396206053964,0.7821258888673042,0.09734842301196159,0.0
-108.49010733279783,508.829313410035,5.412076913784937,0.8623630581197816,0.2330429538950893,0.0
-259.57073058842036,-393.06334109322734,5.077776004622486,0.7310951011361844,0.16927300296684827,0.0
-325.7047422688681,-356.12821171451003,5.913969137868529,0.7623132598345612,0.07644814939738113,0.0
-365.46498474712564,380.99511792407134,5.549110445519419,0.9127874269019656,0.42512849763143773,0.0
-509.0887741705368,0.7594437542964022,5.550402088644363,0.8767062079339475,0.28623213826541466,0.0
299.6415602912211,-372.4055256637273,5.58989571096132,0.7551470356508353,0.0,2.0
38.14029477909754,448.40047102059384,4.61297612590476,0.7907730188133498,0.02603881967952594,0.0
-94.49797972626435,-489.93565699432867,5.624585969504789,0.8393535632246419,0.2637822007816413,0.0
-506.8360540925775,19.822824390279152,5.550402088644363,0.8707872224303741,0.2537184807441873,0.0
-481.38883814338465,82.11633419163549,5.379901312744747,0.7737411364721579,0.08792874466037062,0.0
376.57983450266505,13.021906544923915,4.171300197822759,0.6605109897389442,0.0,2.0
489.0171929117477,-196.74901670545344,5.419439707294309,0.9280802410822466,0.49318932260478826,0.0
-133.94005623633808,463.44758757596503,4.364227752941829,0.7194091876888238,0.02941212877136194,0.0
451.62157450756376,-259.476349690132,5.820580149437309,0.9214312221082829,0.46313993354636457,0.0
-338.9408265312646,-242.54323400529373,5.339453806422124,0.6961058535528872,0.015540667648071325,0.0
38.650277792760306,489.02636040035367,4.428271504585443,0.8552963828186472,0.39339449346130534,0.0
267.32755279209346,385.3633413852535,5.731437888196506,0.792358347119026,0.12336651071005914,0.0
490.87547746026576,-31.531282968327147,5.885887360077158,0.7914457448303169,0.1407238188788445,0.0
460.9926682310426,223.15424619744766,5.213810347367181,0.9343971628221044,0.4286627854383123,0.0
-366.34029451889586,-371.7109537627278,5.603800890236302,0.929952918704068,0.39447611049617287,0.0
157.06850464341778,466.00944358261887,5.193426737552273,0.7697810012130593,0.09423447522809394,0.0
268.5099764505811,-441.09134358405294,5.114177402222863,0.8809918225677695,0.3729998251705916,0.0
-119.54135209949318,-479.2546194532847,6.107580711601636,0.8346453270976016,0.19137239822063623,0.0
-51.004987001158895,-371.89168151804813,4.630530361564057,0.6854304097561219,0.0,2.0
47.409746123302135,516.997058384786,5.986399512481524,0.8519497579084532,0.19119422918948814,0.0
-39.855308014225365,450.5387675394037,4.679903188998972,0.794338430444034,0.05980833394682486,0.0
46.74501485614055,527.3236432731377,5.111654739332126,0.939049156081717,0.4904695436340161,0.0
-156.67148451290032,473.13153459446426,5.572376058596641,0.7782137380067728,0.1065092436351581,0.0
-256.36153367701763,-401.05461350055117,5.504334036792475,0.7830935760594471,0.11204140294212181,0.0
-463.1999907096614,-155.57620633497635,4.9247371877875,0.7505413820594673,0.08138004113706557,0.0
-271.19419625024045,427.2117472387001,5.0490934933505445,0.7898796399018996,0.2353395245489671,0.0
-331.9880818160755,-406.929716705877,5.113555745827041,0.9042553244570941,0.42024341366532786,0.0
308.02304913350787,403.8262834187182,4.88807427678063,0.8587451967820362,0.2409215453581005,0.0
-359.17974607588945,330.6467199393739,5.047277093754807,0.7760011076484218,0.0,2.0
-202.25358987057544,436.38690300062933,5.23410273408912,0.6940011547596145,0.0025406003024417523,2.0
-452.15478797204577,269.1596376673505,5.956453788091815,0.9117503543323735,0.3367038897775547,0.0
330.6694074398212,374.2449897993544,4.987200115891339,0.8166783132638351,0.16842802630467502,0.0
9.292137730746285,535.7523160187469,5.942003336286002,0.970326542411404,0.6199938886563154,0.0
-315.5510681313508,330.78936811564284,5.37790372874119,0.8350514786923616,0.08180874294772154,0.0
-484.65751268179696,-58.56155772022807,5.717253690716553,0.8015834452870392,0.018119174535011363,0.0
84.98128140555359,-478.9511228479778,5.4547554107051655,0.7400042753804656,0.0734852541599657,0.0
273.0160640133697,-373.03929576448394,4.9383614606352895,0.7320223314841195,0.04476607734213859,0.0
-402.5382506217406,-177.13591925502337,5.460822766721929,0.7606604911675995,0.009637966903089061,0.0
-84.5382183966618,482.2376700362159,4.880127421294575,0.7012695737143295,0.010635841559682202,0.0
-50.521980078936345,482.6985801352734,5.965194361873781,0.7592156401012718,0.0710105486589422,0.0
-459.11551680124614,-26.645042933504794,5.440655674442642,0.7277966589265366,0.05278578103793288,0.0
505.07787347849336,-68.23858474535932,5.998836383199011,0.7646532287114569,0.08644187688671523,0.0
-135.25646576086197,419.8694393991066,5.465126317722061,0.7648649908519868,0.0,2.0
378.443788967201,256.8360893074043,5.085019991498938,0.6813545762219259,0.0,2.0
-410.15363145429035,-319.74166532745903,5.169668637943546,0.9108054859524495,0.5232119270269405,0.0
-306.97612709037816,-323.7278238134488,5.076800209794539,0.6471496441475593,0.03516702729136417,0.0
392.19598832722437,-290.3192617212913,5.361444071969023,0.8714906852929838,0.3420976323724894,0.0
-213.17633419713616,-469.5322465118464,4.211202767449167,0.8723516854471842,0.24754093915315972,0.0
-51.3538465158873,100.4422646828726,5.096296482988255,0.6141109492738037,0.0,2.0
-175.33394949507888,-442.4338404673512,5.304382064812599,0.824699138310952,0.053575896238397445,0.0
-346.39893227403036,419.60152677784,5.631145352009613,0.974405467150406,0.8467030967673869,0.0
211.54104518272075,384.38956110836943,5.479963615226647,0.7226194145720619,0.08104243226968848,0.0
204.58954591551574,444.45162080444635,5.285214641810214,0.7736095246633696,0.001624928830304513,2.0
324.17917857488345,-383.82228334363595,5.669514085350708,0.7821947014120041,0.10013907170187553,0.0
-213.7384604748418,418.4643135566186,4.317915507457155,0.6946396396520537,0.04033794032582277,0.0
230.8253144844562,-261.3612353202121,4.585297251811671,0.6512057106590637,0.0,2.0
-114.3037242417393,-443.3531189201947,5.481336542836109,0.7647734867846403,0.0019440541165739208,2.0
63.841017372775404,457.9267497180666,4.890085429791772,0.7375467145508163,0.09399500422402875,0.0
-282.7898699398983,-369.0160111829387,5.664665696354417,0.7735010351562925,0.0,2.0
405.6223755920229,-326.5411415622403,4.877299326442895,0.9130911228919922,0.3310046409798573,0.0
398.01989283768575,344.4270537763763,5.012797810486892,0.8706561398091167,0.2545250404737543,0.0
-146.07972958860648,-506.292495121079,5.411474453905216,0.9499199825968317,0.6001791598060168,0.0
407.0024516869179,-198.14624755024326,4.770208900121454,0.6836952427585549,0.0036112716651310974,0.0
160.20534667560582,457.6477220403274,4.996348793580989,0.8022112075281014,0.06185275404695779,0.0
483.80093845907567,76.21181224310789,4.552540866102288,0.8305972621857611,0.2886431482988779,0.0
-394.8036383711273,-199.47366918378938,5.438154677951702,0.6963860872408918,0.006294930317395947,0.0
-259.1799456041243,447.3067579053203,5.998181971860717,0.8296254328079402,0.16475187790660617,0.0
-181.26507777007768,-448.84005408079344,5.362916373159994,0.8331355803578707,0.09775263336797575,0.0
514.6436304241832,53.39769687787481,5.574574990788071,0.8681158334694931,0.2299383557156447,0.0
-126.33183918009705,464.4335651520692,5.27041403711241,0.812173955661152,0.03639063646445095,0.0
-210.62414432116051,345.51867723472674,4.8847267642723695,0.7516769513459203,0.0,2.0
-192.73426309733927,481.66397112882515,5.478539264432196,0.9640199704575098,0.5345873535937586,0.0
-374.2383180864474,59.96811438637987,5.1236825316117764,0.6321411507453523,0.0,2.0
257.36926712429744,-210.44346490042318,5.076686323079327,0.735162527749366,0.005866435294829069,0.0
421.3235480046039,-291.7571122487631,5.56055124080489,0.9270327027278064,0.5571567278855868,0.0
-431.86355128268923,-230.72261002248362,5.477350552745293,0.8142406384022242,0.14536231659248006,0.0
-279.3095813895733,-457.87532728031255,5.415284968349302,0.9665990386833645,0.6593071462986663,0.0
394.89310600736917,26.878620473107407,5.2660445791595825,0.6378556689549327,0.0,2.0
429.2898219939109,-270.82776879820517,5.19223824155585,0.9012571609463922,0.29959218824138967,0.0
298.34021457806557,-444.6483018779377,5.455756781234348,0.9808933889701772,0.8602800503682955,0.0
-271.06405235814935,-451.82644279179397,5.415284968349302,0.9100893226428561,0.33144546005251546,0.0
-163.3130541119422,-448.14615725831777,3.817795729448337,0.8597504252885316,0.22908614019510706,0.0
-55.05336547251099,-505.4985591945566,5.91911030158376,0.8407715016068692,0.1884566427343731,0.0
357.8811211073253,352.2284194451301,5.970325991061172,0.8256249707226352,0.061626348167395165,0.0
100.02860885010313,-521.5159482718678,5.8439675766578905,0.9715695692123172,0.699827135896037,0.0
-411.6772999372931,-211.23981121743503,5.140906781046599,0.7518685921673178,0.06406633389992286,0.0
-355.0169460941171,344.5151653926487,4.704138445759296,0.7206303313687348,0.03923571140589547,0.0
-163.4592959681729,-435.8191905777079,5.042887145140105,0.7651941249130474,0.0,2.0
174.46319218913857,-392.52831831873266,4.842564420264157,0.7527850287515522,0.0,2.0
359.09081943825134,-256.6376489893052,5.1343459225517325,0.7415656579625086,0.0,2.0
16.21387459238059,-502.38602413286907,4.469670445892311,0.8836840825846909,0.38191112537727445,0.0
-452.28791300845154,-74.34845403193238,5.1417434474634085,0.7864900092631181,0.030953044630596217,0.0
-398.19477043479293,357.34247185366877,5.85494262897582,0.9641864348099138,0.6420425373883476,0.0
524.8849572210603,80.16116654412622,5.075100760972437,0.9395477015484806,0.5886569137269635,0.0
-437.2387218299729,299.6228544237373,5.629134248290436,0.9669110633956273,0.6496648491570669,0.0
464.2065865378719,-14.325029054396877,5.820882706682406,0.7720455317620823,0.0,2.0
-275.94025894522315,391.78490212850994,4.899375683271142,0.8073263531943696,0.14264716448448492,0.0
471.3424895403711,-31.577782615607248,6.131914328162033,0.8149570255969637,0.07880658841617465,0.0
-485.7517991826119,148.21179247958548,5.84706246960908,0.8760489256941894,0.2582106770240639,0.0
-510.2996454425084,140.5149949597929,5.315573616897928,0.9600570867098052,0.637251125042244,0.0
-104.66375554796039,456.91656825839056,5.019983159230162,0.7730936225586204,0.008035343792395443,0.0
-16.48269618544905,485.88673909624214,5.3718928147388505,0.8023937166855909,0.06482636413005509,0.0
-456.19854404923836,-241.69086433565607,5.264825304411713,0.8842253997218925,0.34805949614749093,0.0
-428.19565034867,-212.45545972470237,5.2062810252744205,0.794255907624726,0.19266506110038187,0.0
474.52383206783026,263.70754610151863,5.362709598872264,0.9726053004321412,0.7489519698170379,0.0
-484.8125477363835,187.017402368107,5.479880749306632,0.8661154385556477,0.23132476943498195,0.0
272.09373930692874,395.11855242444517,4.707990907896964,0.8800228420963748,0.3687615827189728,0.0
-493.3072784782585,-136.44148768911606,4.5657781104210455,0.8489527759052554,0.3228249580765404,0.0
-413.06510372203786,299.04299672369683,6.015787841818122,0.8120531623523602,0.15508040879343818,0.0
-460.1428502051091,-40.913642291470445,4.569646712761836,0.682084629267428,0.03027575166037772,0.0
-165.7498114950511,-479.7935302192613,5.496260138245905,0.9020960582642529,0.30778339787952513,0.0
-180.17846407347773,506.920009962715,5.91885876450205,0.9425836501551281,0.5810362018526207,0.0
-473.9378160840264,128.73713160650814,4.732958804567977,0.8658870359222488,0.2326888912527057,0.0
413.0120439944732,-192.6507633175529,5.269250856061334,0.7631153504975798,0.0,2.0
106.08905436148143,-405.3971722496177,5.295586712960501,0.7179331028069993,0.02570308344930923,0.0
32.2343675263797,484.829108700638,4.428271504585443,0.745994090632577,0.20170629543167634,0.0
-167.78220201619854,-442.7816828521609,3.817795729448337,0.8504953008741005,0.15358648661277885,0.0
51.47298541891167,451.615913106385,4.992404848108154,0.7691144675977502,0.004250919689454409,0.0
458.3945894443274,-7.989182609548207,4.156868717416744,0.6894678371784035,0.023122493491357556,0.0
82.33549790829362,431.72148859851444,5.215077801247491,0.6906023971760626,0.028282178056299342,0.0
-272.47873605968465,410.5116902608472,5.149698222621825,0.7590614718709476,0.07631704382897364,0.0
63.76601612306421,379.7600962407043,5.346560907354447,0.758785753476726,0.0,2.0
-473.3842453778428,-19.2072493732133,4.966575536526679,0.6908015807833275,0.0,2.0
-447.9479308105866,-151.7441710011154,5.141043306145374,0.7043714786883105,0.015091364141551019,0.0
-318.01442230152617,-383.9797208720049,5.130064547484869,0.8497782157439228,0.2640827903730848,0.0
-180.29200034038482,342.5119652672299,5.28934542530325,0.7294882351145376,0.048436786676172565,0.0
-470.40407682570856,103.08660256266432,4.902209997299017,0.7874556360765347,0.11492668772541605,0.0
317.20804860965006,365.7327528192784,5.25386700172483,0.8114659247396094,0.05389249977379853,0.0
473.3355154369874,-141.82352575441905,5.428695583798972,0.7880834399382736,0.11246128956698681,0.0
-453.86454885658065,111.84199091218744,4.732167657978175,0.7754693325784522,0.23274256048219788,0.0
-433.25873994957846,-101.34786801071881,6.044441417999812,0.6572617838024514,0.0,2.0
312.36153551784844,337.6110446844295,4.269794213839756,0.5868864314868403,0.0,2.0
-170.15145034077446,-460.859086758355,5.215972072707389,0.8510785714710023,0.2373494848129775,0.0
446.5963118315902,-217.9457964446759,4.736881133211049,0.8078953383347198,0.13820424785729207,0.0
494.2245196251039,128.49760517953968,5.954000215082918,0.8351708788517075,0.17836124252252403,0.0
33.42284485505109,-396.0068423646441,4.510276832683779,0.724469251486286,0.0740286488567588,0.0
106.3198600665902,459.18587805360943,5.395138500835756,0.7334676901866333,0.0,2.0
438.07529093581377,-184.95131793327675,5.238755078705367,0.8061650098016608,0.23760109225686926,0.0
-203.6891756149355,453.70281460754074,5.593095447918639,0.8249632841435769,0.12288392402200676,0.0
-407.0975844257339,-245.96891805301036,5.707799384677524,0.8226074970737398,0.04039489240831501,0.0
-392.1076978189366,147.02360947314702,5.143602480788456,0.6734578917725703,0.018078546329439196,0.0
-341.6451320803471,-395.2913112700544,5.06370641710591,0.893991371913497,0.28869042116324345,0.0
385.15571840765693,299.1723323578513,4.464405982321514,0.8037584492062952,0.13644984427833118,0.0
435.2761895275595,-308.23131795085703,5.461058333493085,0.9770108845590426,0.7228346618928663,0.0
198.53588722928933,-434.06076090254663,5.53560163081349,0.7576586330583829,0.08636780069707707,0.0
264.7300995024462,459.62335787910496,5.906937508135594,0.9110346820390117,0.32970476841908025,0.0
133.30278646758913,480.0225016794077,5.250928399255244,0.8031910389274911,0.1516332499631936,0.0
514.8221557887318,3.2943533918198704,5.121248728358017,0.8557768024367015,0.21294864452393994,0.0
-131.45383265384575,480.1922634328087,5.36983842658988,0.752447287036683,0.07040747305298178,0.0
-312.34130656121175,-335.50867939877355,4.861496188756204,0.7207784724911048,0.048597875515242986,0.0
-421.1479015447493,229.0100535584808,5.483413632756589,0.7810431650738502,0.10954728598158638,0.0
523.8266843088186,-91.13163958877738,5.159167205271783,0.9592803269745208,0.7172699713530264,0.0
262.1918185792695,439.8856621954446,4.756504974727444,0.8779761881193375,0.37462095182397775,0.0
-81.16956984521526,-500.55735656710357,5.632097502368929,0.869356039125364,0.1407074384349496,0.0
364.6037027358832,368.73811718743866,5.206221538474983,0.8776970784071325,0.2832042254509327,0.0
488.3222640096927,68.00312642830002,6.03229054117348,0.8197890268841174,0.06082826751346794,0.0
304.1040923874451,-366.40967830358,4.244579930018933,0.7170649387691684,0.05133349419655796,0.0
-479.2867886574564,-139.55273890803952,4.2292914984892125,0.7755966842905293,0.143325728530093,0.0
141.46012400409833,482.57829626386064,4.603403428666174,0.8252440909438254,0.23375882993776237,0.0
-205.26318091086173,-470.7531650202664,4.878511524552962,0.8311800775768331,0.29763995587377134,0.0
174.27409887604438,-421.11275968259514,4.811224583374552,0.6497534028032047,0.0466634385952015,0.0
221.0657847086824,-367.53884024781087,4.915266239055865,0.7055582899430213,0.04767059482135687,0.0
470.0513286104183,-220.5741181512019,5.4755094018609025,0.8715170011640386,0.26485937138378224,0.0
-168.9632252274688,-469.95710847659296,5.4499124598684805,0.834916407055204,0.20011424276295806,0.0
498.2605892763241,21.961039801585507,5.276202979931715,0.8011677144645319,0.261587501467475,0.0
74.68102498460564,456.7476025422918,4.890085429791772,0.7387924266794059,0.05631058175763566,0.0
59.57023090331723,-523.6991772702587,4.856005289897397,0.9258240952424538,0.5473139874713117,0.0
77.41316520673769,490.8603324344852,4.334388323113964,0.7171449292434271,0.02437976610613808,0.0
400.23545989339254,-319.5048061428258,4.917409401085958,0.9254201878755095,0.44911947711755557,0.0
68.49927412696884,-481.83842405119026,5.360941821782339,0.838900732399435,0.1369839134407246,0.0
-42.18330605202706,516.6158906764648,5.70125712555217,0.8436236274371525,0.19189597460352384,0.0
-121.47151692471115,456.96621707909804,4.828866780219612,0.8071705173540261,0.14024809762540805,0.0
474.90956637536505,-1.8177503128124206,5.388196036122208,0.772877083626066,0.217177567543607,0.0
170.0341574961846,443.1512818143273,4.3798093851096525,0.6807592853036757,0.0777241272330175,0.0
-464.4896010877053,25.25911198547657,4.499361336530447,0.7019211391321701,0.15532976739879548,0.0
326.3778326942741,-424.68737474435403,5.54034172973353,0.9807571836573734,0.8599632609283233,0.0
60.5642582506132,418.98890252549154,5.521965837822929,0.6627811592184281,0.0,2.0
-436.30527131097784,275.02451477844943,4.564243432948083,0.7896514248723298,0.1109264749307547,0.0
415.8482729062186,104.4406454501326,5.855590893121737,0.7570586519345806,0.08995319596880934,0.0
150.54535149316993,-488.8893265254701,5.214884078916075,0.8598259016151236,0.28126774124493376,0.0
23.313622344890515,484.9662559017689,4.266443640717661,0.8617625421410688,0.31956719900666114,0.0
445.0714100010078,201.1105158452986,4.771042829275154,0.73139257535585,0.18541786162158894,0.0
507.89731322482186,-26.705531311826142,5.126724056141184,0.8985718559126955,0.3643951077805176,0.0
245.5993060532247,-395.2561828659305,5.973975298776271,0.7345425787338985,0.06462494169112495,0.0
-451.62950363838445,-200.90455421618455,5.3362439108933994,0.7256181431414465,0.033420410324704594,0.0
307.47010859178727,389.4038311129547,5.433476928925597,0.8508173695279782,0.22239432280797936,0.0
-330.8841671358414,316.2874327725129,4.596692463468748,0.7482771444275257,0.1069704541478838,0.0
-103.92324317065604,-523.1740302524765,5.321057754027531,0.9718283734775965,0.7496209715860017,0.0
250.1967091175764,471.8512495417015,5.068536551799605,0.9624491690613128,0.7249458084154472,0.0
-267.3668136201658,450.9226817571361,4.6411637864942525,0.9014543079489747,0.5158889822834123,0.0
465.43951019493835,181.3856946711487,4.739926936286801,0.8841552919470411,0.2722419348405653,0.0
179.5883239463818,-500.27698789671103,5.39421007033808,0.9458394643656824,0.5920753523081328,0.0
453.42316431738953,218.82208373766917,4.71757564769625,0.83317156646472,0.29245448245430855,0.0
-240.83788725378514,-434.5867786903176,4.317028861694596,0.8003837924711451,0.40875873514804084,0.0
-381.0808714493392,-357.03819103864845,5.411904537351734,0.8840126224945548,0.3750191404799901,0.0
274.01965328391776,428.7259363316475,4.714580938817429,0.7669694136756708,0.14151125619113775,0.0
403.7192669166048,282.78771673164397,5.0317383200503,0.7922095999050531,0.2658135520090608,0.0
-463.87916389916325,123.37281854527158,5.4974750314081104,0.7513059392788632,0.0765795787235102,0.0
86.62245047032951,-462.1917539379313,5.561397379368651,0.6960728874895508,0.006140916193312406,0.0
-270.3354905625443,418.9276090877598,5.0835963845837355,0.7806066664363025,0.09789323214467836,0.0
420.6966070684357,-176.9677623550958,5.173791181709956,0.7356323850501003,0.04848298571124537,0.0
229.65595587210643,408.2652746648629,5.181448506498092,0.781926055794619,0.13829961402265906,0.0
-190.01333182805664,445.1290633416092,5.266061989783256,0.774440621176636,0.0,2.0
485.1724159884403,51.755588152281,5.46736838507861,0.8115600150708737,0.02729510452074644,0.0
-436.71376234153934,195.9756922827068,4.6010249876092395,0.6398281574943646,0.10561987477467331,0.0
-344.71337729597695,-356.10719387261304,5.010791370225698,0.8039807355546162,0.18562375229790676,0.0
-455.48867535459306,127.12581033522939,5.186853575938686,0.768654501770768,0.0,2.0
488.8681959999966,31.462548064918543,5.244053593745924,0.8364035722890045,0.17682023998487464,0.0
-508.71511117923654,-9.843683324310904,5.373404992653633,0.8780852078819403,0.39715478201519616,0.0
278.3545158783669,443.46556087966326,5.326293053016781,0.8718944572911431,0.35045334331709976,0.0
-384.9186985830677,74.54794089875925,4.743461879115663,0.7196182912224132,0.03633526706745949,0.0
331.47528742369167,354.36590642209137,4.92428393328666,0.827400893314837,0.17415687097760293,0.0
366.6869381288652,-318.43071220231263,5.56203299461915,0.8305743609293842,0.0690099331321183,0.0
376.6255911724456,300.4959564014914,5.239599503247128,0.7863289937398261,0.02960473993197584,0.0
-288.75035729836026,-362.35171685072464,4.888473880408438,0.6878321568784928,0.010436730545193285,0.0
459.15642213994914,160.59875162112567,4.470320609761837,0.6555534376164226,0.12390915272409413,0.0
448.7276738078344,7.016468606183721,4.324559811113985,0.7118736217645114,0.2457332350260053,0.0
440.7539537077244,263.7957874988261,4.812160528018966,0.7682359831939969,0.21215549490599353,0.0
210.39549341466758,-364.80220576027546,3.9841507642737652,0.5666888798155042,0.07621615845112431,0.0
-142.98153858903603,491.5889142134096,5.322389974498309,0.8535885719102613,0.21979417360478573,0.0
-188.78714296968332,-444.58433931436207,4.343022938954402,0.7538211382775516,0.15537425008177366,0.0
-490.95190457791125,44.53779401500802,5.4206353961370315,0.8416504972718516,0.34088637530613575,0.0
236.09841227522625,-356.41197498876824,4.907195934258403,0.6372055948242998,0.0,2.0
-334.435949203851,-398.79748898523457,4.1379094130599,0.8966694913334645,0.40007667509326356,0.0
106.26715873432525,469.54100993380257,5.457468188264761,0.8086062879384456,0.18433338886873618,0.0
-269.1969766955996,-413.71954588365054,5.770940094365697,0.7809683700923917,0.09633137480899022,0.0
-88.95020505225372,-527.9528486839555,5.586876818863035,0.9871334432350487,0.8453421894257038,0.0
-24.846160234123282,537.8587307868999,5.6266138425573,0.9544176802121086,0.6150352852805618,0.0
213.68036288631313,444.20954915608263,5.4396837909990365,0.7085958202674084,0.020882757241250292,0.0
-134.03980098671323,-494.0410968189652,4.575396667617952,0.8458961806149297,0.3274693936807417,0.0
-486.92875002751913,-156.89419056923313,5.366379595366893,0.7984322166761585,0.13642298258925212,0.0
522.4188434229275,48.051023190909326,5.244053593745923,0.9005732664509961,0.3034329271090858,0.0
248.95185485968963,-387.1798692745805,4.650642799639264,0.7370661499166059,0.18164200294260854,0.0
-460.12015529507244,-189.7006106414055,4.97863329408969,0.8148897054219056,0.16319043014419987,0.0
-119.59478454475823,527.0332972534943,5.931321204139403,0.9629502815515983,0.7236476233672169,0.0
-269.04079870922016,311.30997819456337,4.433115423562415,0.6434280283118051,0.0,2.0
-480.0913657020336,33.56179023088822,4.7587962158250265,0.7997791209415399,0.12310388237024324,0.0
298.4879846044679,-244.83094723158337,5.08192103176941,0.773912353258454,0.0,2.0
-480.3909324912976,-66.77632220264653,4.612422165386921,0.7290661211378754,0.05010661351919429,0.0
325.2234767222317,341.46400085675464,4.134233824232013,0.7089054653627792,0.019677750750363727,0.0
435.81743303385747,139.9999112456512,3.775601758380801,0.671992756880543,0.0,2.0
-71.95283185494434,494.4008649608339,4.076979294297007,0.6686347617890253,0.13901390216333087,0.0
385.88834193219543,-309.63826388150295,5.96399990326399,0.8416774035519168,0.19177382596339762,0.0
-374.9319245943874,-324.25774984373595,4.80017901937871,0.7174444009490656,0.06867035729674924,0.0
10.287841164496319,-518.4741211929444,4.682170190756383,0.8524050063443488,0.32690807886283835,0.0
315.2446478103057,407.6886344572378,4.325389565793178,0.8780838382029847,0.2809838679656541,0.0
-135.22809098831436,497.9404402351405,5.3855616813255125,0.8114066282326551,0.158987653568035,0.0
486.12844469484475,3.133923923517578,5.4350700281343425,0.8338459577931413,0.2875702436635046,0.0
-256.0054872862427,437.9077858125092,5.884327302429037,0.8341255264381963,0.19186927196897743,0.0
-214.49607890037865,426.2071856965767,5.735148766282159,0.772584675945087,0.113916377274606,0.0
276.3922904139067,384.06408592790194,5.642226589935225,0.7435085225832361,0.05098934887765715,0.0
213.60377794136448,-370.40325498089516,3.9841507642737652,0.7724757643478293,0.11493296633371851,0.0
311.5001963971228,-420.0760473972808,5.57078147781687,0.9428634413189128,0.6343900302818618,0.0
478.4554923416992,46.271661800717844,4.727112010881447,0.7758701073816977,0.08968576596663559,0.0
464.43582640237827,232.14680330436073,5.0490315290666565,0.9051669471228021,0.34536372890475847,0.0
-468.23697088130615,37.86839019292691,4.9907901457059705,0.7674715333948966,0.21201831067848156,0.0
423.01369251720786,83.40839469580709,4.8209063500318265,0.7135164982697216,0.031388373014640196,0.0
333.7431996227823,-407.7605281407562,5.231255624706083,0.9204576041293093,0.4588926947262263,0.0
63.55897325167456,485.6214130719282,4.812576890566179,0.7252384092493225,0.04296461391887732,0.0
-360.26717038151264,314.2377697007839,4.719486263915865,0.8226906533706766,0.14329722864458233,0.0
-534.2256361806423,-10.979549834258645,4.962317511617447,0.9526902544835381,0.6241082121479281,0.0
431.62913965078906,-66.41000722700649,4.369466019792194,0.7286400509196451,0.05246808027849464,0.0
254.04058707278452,-431.4586944701943,5.62403266118358,0.8064643732496503,0.25863294446177043,0.0
-203.4619530882397,474.55825991366294,5.353644861819108,0.8313757188228527,0.2870699772904503,0.0
78.60892051616824,534.6648037378783,4.742694531277361,0.9598017912139671,0.7180315236745575,0.0
-112.03243325629818,501.0790448269408,4.977505748290461,0.8095688097834969,0.25743326909767367,0.0
-31.522204472698274,460.1186013048683,4.398348446181699,0.674828032473591,0.13857074217747306,0.0
474.2326328315225,40.0350456692739,4.815370780555695,0.7321304009811777,0.049505836443500456,0.0
416.1449119858525,344.7036361522938,4.940883828883095,0.9866104546538377,0.875330984062348,0.0
-307.50492206534364,-426.4409245472473,4.998053335913697,0.9019708277535751,0.507275383493255,0.0
528.5441527620873,-43.85383487658993,4.598258679581528,0.9590147599464429,0.7142632940106023,0.0
169.9896084915931,-507.854016330634,5.273332848244436,0.9831669856604078,0.8658227610350067,0.0
218.50673833208145,470.5854187124342,4.946386655787945,0.8179670041696373,0.4086758484699639,0.0
-9.190548599247226,-504.12441785083666,5.1571528997127345,0.866376499557589,0.3205584388235099,0.0
-461.83650636432213,245.65044846357057,5.13065554133701,0.8945094680185536,0.3963194993381621,0.0
430.9766756546568,159.33579419303143,4.7929102007281115,0.7681024210999339,0.1242114570774023,0.0
382.24130344213506,-326.3353876783059,5.294991487121593,0.8190672344818491,0.1614604646521294,0.0
-161.4441689925592,-442.23538769569194,3.6363010142658476,0.7195672770255345,0.04228956396889315,0.0
10.335011105133802,483.94840838185684,4.163786829918665,0.712713722682335,0.0790599715751006,0.0
-269.1770307302049,-327.39164449486265,4.104832262233364,0.6862477630048343,0.013997899265083323,0.0
-190.649775011731,491.6266756754732,4.995726168135977,0.8757084898986172,0.396781774206808,0.0
-409.9792569194329,160.06818932880333,5.462494338118894,0.7130715518211995,0.04919597731325416,0.0
-426.05058788522393,299.4567790636459,4.2933753004185595,0.9063207189111518,0.4081399908818682,0.0
476.8185822809288,131.55043207475842,4.49660207733456,0.7106333786808111,0.028291583060776834,0.0
-1.089579450457787,-518.488602030659,4.736037096798213,0.8862214651335457,0.38377800758997754,0.0
479.0112744552229,91.20422953715851,4.864673099641686,0.7864358996604174,0.2329135791493765,0.0
-64.13304466436122,-503.31009690202035,4.814884722031317,0.8944614368253013,0.39070373057507646,0.0
239.72711253162404,-373.6643404321243,5.195964581331742,0.7270072530791661,0.01902507628842028,0.0
-493.4573513984383,-98.74636324162557,5.588289963126086,0.8172991842882616,0.17939719581349362,0.0
448.75149976589574,279.6267785511039,4.652788750093011,0.8498618317399035,0.3108930424964644,0.0
-480.18045459077246,-107.81333610282839,4.435440209530195,0.7097823396921253,0.16890136586794588,0.0
157.3508593410256,500.963130709725,5.3498133389125515,0.8405818464953213,0.29644414317939344,0.0
267.4355939208985,191.04998862947974,4.655825534495282,0.6532348017322187,0.12452427582579347,0.0
446.3169392197988,-274.49829992142514,5.382839984737826,0.9165230110571165,0.4350673916345312,0.0
177.42061701251168,495.8589210947197,5.1443514257175,0.8849358757855478,0.4783569465891311,0.0
-32.784184547087875,490.33033124564736,5.621915731390619,0.7892351041272198,0.2224764491804529,0.0
132.77211191890936,457.5227537561945,5.13697184967394,0.7711021655415371,0.12172753137864213,0.0
-453.9360122021355,201.10927578705295,4.929296502209198,0.7596035898525336,0.35140795118725404,0.0
334.3905222877044,-340.9475222802148,5.058224342011674,0.708461180000059,0.16470311175956776,0.0
-334.72914425722837,-380.473375383125,4.69611357030484,0.7814151835670715,0.22767515639528024,0.0
480.33857085571736,82.9552487668436,4.576275821164177,0.7701127850457539,0.0963307186919623,0.0
-409.1094878973355,260.45524531115774,5.407718033187281,0.731057127203738,0.057066137270625907,0.0
-17.99071123777068,499.609081639571,4.7771360579498765,0.8163575376349529,0.27400885131345754,0.0
428.1263277399349,181.77345248662888,5.217236160090264,0.8141114734906073,0.16283080724715204,0.0
301.73425577980663,-401.9276308521988,5.218106325169957,0.7783616885803557,0.17418902207401182,0.0
204.9293545087361,426.55457518915705,5.015079758532997,0.7240893140081256,0.04250567241339834,0.0
305.56630333885306,421.4752835471394,6.5864663505507455,0.8840505318110536,0.4207162814416357,0.0
-321.52414664906394,371.4282736537751,5.967055031524797,0.8136567949377626,0.18577621686935358,0.0
-401.30563457364684,-300.712626630075,4.986508294754234,0.8192162746087218,0.2860548312262567,0.0
456.93888692464145,-174.14447600035132,3.9152038767214092,0.8135510117961461,0.39837604857236264,0.0
-79.68353226312422,-354.5611283483201,4.6236776724255355,0.6042898005654569,0.11112971653198364,0.0
490.04141357241974,-158.10109712997794,4.236561800411586,0.8643087828073502,0.33511364493327767,0.0
-310.3901929859849,410.04224521172404,4.500195137482362,0.8026475163687716,0.2529348315592011,0.0
-61.380682978112326,-512.6214504806462,5.58467694997536,0.8846898404196215,0.3224585297024767,0.0
310.11449427602633,-435.00110631727824,3.9391373594727255,0.9794357805851431,0.8569701160866602,0.0
232.73410404304872,-303.2040100698345,4.987344470353841,0.6213089217046636,0.09498015668421603,0.0
-401.71029644336016,312.4124236972148,4.323426996955627,0.748396720953755,0.19665583597084774,0.0
423.74023263093017,298.460693160787,5.269770773840953,0.8113898483848101,0.21255093425725738,0.0
414.9266657052181,-255.45823017607503,5.453068937016483,0.7840752388152047,0.12247354024090393,0.0
461.42005601167034,134.10531015811065,5.275784083248179,0.7124733536119617,0.16291127759257812,0.0
-519.2079329003551,-48.34159039593367,5.095254674579894,0.812212223676659,0.3984260593078434,0.0
-289.43279743496475,-320.1665401867393,3.8330744134689625,0.5926256091901515,0.09904514626750022,0.0
406.41465607173933,120.48990242117995,5.475001586096597,0.6873201198958373,0.0012678536721253495,2.0
369.0377975435936,-326.52004224178893,4.651947625344713,0.7364661498366574,0.20037919781894992,0.0
332.4064348269333,427.82885301101646,5.223214088987887,0.9636267828207901,0.7293241441240896,0.0
-437.999382541619,59.39529095645097,5.170632401545741,0.6661062219204232,0.2964007388832688,0.0
-337.0370751457775,392.8260922875575,4.668842914478054,0.7409661875396011,0.20734312172848865,0.0
484.7766197141832,-135.6507285141544,4.526047317904721,0.7883611213324746,0.302299228012186,0.0
395.01644474885353,-281.75570364882844,5.144132477412154,0.7073253641332632,0.17741975418855976,0.0
426.64390387704265,190.36789833374914,4.645328880608469,0.6476342518785486,0.0,2.0
43.69179654550058,541.0129387985977,4.8918897708647835,0.959686466296859,0.731005651336415,0.0
458.34830081453106,187.92587102844627,5.796848429283637,0.7698667721848792,0.11944147619445063,0.0
-218.2626661103421,-435.17573257235176,4.326810966583164,0.7016983633101591,0.3128615157704268,0.0
473.0705628471487,195.64352375868913,4.397541846446711,0.7450428749392375,0.34068097594037966,0.0
192.55673928366295,-270.14311222835204,4.272059416893128,0.6152286684165951,0.0,2.0
278.6904721280176,433.8818635978694,3.3337121522906434,0.8662710753669606,0.3557654973405201,0.0
-275.07144628016016,-406.3013535142809,5.895285862164864,0.8056115111548313,0.23183773976772146,0.0
-291.0863274379974,-327.14795822452044,4.5563487836952214,0.6777071049347199,0.08349843014208545,0.0
82.51927836258237,423.85087225600853,5.100320303990881,0.6568156479762922,0.0,2.0
-146.36182752247882,516.3578294197393,5.260469009021781,0.9059651118511631,0.5166792991778939,0.0
-286.90455010481895,430.88741142099923,4.982799697687081,0.8235287609040255,0.24452375207702434,0.0
-442.31391463684423,277.10307668977396,4.696633353679264,0.9502461554025886,0.44316388641706617,0.0
-507.27154445461144,78.313455867438,4.531722058818297,0.8403129135195635,0.09395937091136168,0.0
-49.31209812291568,-477.29052440269936,5.715621420527212,0.825047730057383,0.06484781103372998,0.0
503.98241300244655,19.492721120311323,5.481543204040758,0.9269697614770513,0.3105249837015673,0.0
45.300094854255164,499.88175994802896,5.018985462797867,0.8594363618982873,0.10715599528048553,0.0
385.0408106759467,310.7414810205992,3.7277085954905544,0.7879085798163893,0.11333141743886475,0.0
-382.05262439244,373.26360385439153,4.704138445759296,0.9774677779643666,0.7177605455558691,0.0
431.56371728618393,-238.72147073855402,5.259190044629427,0.8994399432293804,0.20760382353103057,0.0
-386.4750601369028,312.5193515542692,5.876249867594375,0.8610726176983897,0.038457362527578205,0.0
330.90137453503013,379.2394426745742,5.421792979762916,0.9219832981895675,0.4297643068271343,0.0
-59.41342931980417,507.11720777823797,4.590402861701883,0.8382724893910657,0.17990226069775686,0.0
307.26476361316253,-397.720864478066,5.0785036681581115,0.8029918255617597,0.04547583130780119,0.0
167.31428333165195,468.8186555391684,4.806588438241191,0.8444585651353343,0.1869043975249719,0.0
367.8840545498309,153.15379545163503,4.5199758250723185,0.7449779883805411,0.010805342007749697,0.0
-369.6006003390952,-361.6557016714761,5.419710847383695,0.8867967174096798,0.20408612780034885,0.0
