x,y,r,a,f,inhibition_value
57.62506301448908,11.350530769273272,5.836413788932814,0.9096833184481594,0.24978437729281242,2.0
-88.86160581785985,88.30628147978186,7.297969250393997,0.9185754871693157,0.2951381408940646,2.0
-6.582789286843819,-12.430538931669146,6.006083118557346,0.8500537575803746,0.20137575445942804,2.0
-27.317135194588477,35.06095035933217,5.834708713939172,0.9107576917927306,0.28329230177526016,2.0
-64.10870518080155,-40.8886924215042,5.552072416959464,0.845580660474446,0.19250580008112372,2.0
83.29838863756568,87.7288630868892,6.415482406480507,0.9154325737790098,0.25124367428460914,2.0
66.67165997058737,-197.83089874679348,6.246919712256055,0.9023408434172129,0.24801075602443587,2.0
49.34139796583915,15.319620823177509,4.618042412771156,0.850006502515445,0.19891482390330845,2.0
17.36632854199513,-84.80530224352715,6.587899078786374,0.9080475821452629,0.2334743135292363,2.0
-31.038045148846226,-12.381622019783007,8.200128174278612,0.8963309494735194,0.10897647782984296,2.0
6.050204015657626,75.35520354370662,6.633465781598207,0.8550762140587596,0.10040656212676081,2.0
104.68916485861232,68.3198392729485,5.516925278867911,0.925073170990189,0.278795893637336,2.0
-69.81413321704918,19.441967059731592,5.379243537131394,0.8889322284728993,0.1912412375207109,2.0
12.294880441066068,-18.9822752361173,7.463266824550957,0.8792394004149966,0.1570334713322672,2.0
-7.77154951211342,8.492005737142795,6.474007696837043,0.9424071724538959,0.2803527710263395,2.0
69.51702566420151,-46.52478841037918,6.024102968784598,0.9100324511134356,0.30628086618222866,2.0
-23.571417759634187,68.92978431588668,6.346633216102228,0.8936948849941344,0.18733372297794476,2.0
126.90750669282254,-35.688679315221535,5.973981642924018,0.9063544301359187,0.22280762673690996,2.0
-109.62387494619182,-10.083617041732664,6.932831175939349,0.8767766915933481,0.15169473298089467,2.0
10.745377921774553,43.261110494561734,5.487569994654773,0.8785717479165439,0.2811773846740615,2.0
-5.211489634533191,-2.2854981949434605,5.610290468258374,0.8540017383326413,0.20652768654572776,2.0
102.77559181830301,-94.25978644810219,5.607453437542296,0.8979716202756559,0.19621743347797888,2.0
11.47183158745472,-44.796335247898774,6.5284659988428055,0.9054084826043506,0.2556805556063141,2.0
-52.03160295985644,5.650589815238399,6.5029172831060205,0.8602418786938951,0.12458396088922974,2.0
-35.32325289124385,53.44659627541484,7.595221719519808,0.8922108072488196,0.11062071956041042,2.0
108.68767295851292,111.31945015310966,5.405858496841101,0.8954424462552089,0.28347895187615163,2.0
4.118219212216456,36.026401021788914,5.863169866516113,0.8232294386843743,0.15617440908560792,2.0
-22.213448201265127,-40.76160043855074,5.80406449301969,0.8960637400988731,0.19389035042149508,2.0
-70.0042498003394,-105.10755144158857,5.616958128497958,0.9214339159718533,0.30533535236935083,2.0
-38.290838090354875,-50.737234687655906,6.998830482517869,0.8753092202053491,0.15057627787105762,2.0
181.54945177454294,57.283812971785395,6.418096548617086,0.8625101790332147,0.12976649645451707,2.0
79.65171575986274,-31.07713049129634,5.373468711358902,0.8721388689290492,0.27543716365115245,2.0
25.932424355983002,-16.92178803805184,7.5687209468417285,0.9164106225008753,0.22189629924945767,2.0
26.142579609657684,31.68734732401244,7.8450826994696525,0.8975955688280441,0.1386305436286104,2.0
30.448653169790475,-69.77837509427714,6.436553973265006,0.8990947769357676,0.19858123978592623,2.0
-66.76482892020158,-31.45451801465741,5.658728586801691,0.8960681288947493,0.20142394497272006,2.0
25.801794450994393,159.0331337592755,6.460694977325372,0.8992952428461776,0.2369230098952714,2.0
-19.266613860159456,7.447356355090059,5.93528390612281,0.8920263372955611,0.19134224841808176,2.0
80.49088713655632,-50.58599230785405,5.698857073850232,0.9049866847638046,0.29713473205147495,2.0
-42.013381854469074,-8.197526873219669,4.994891314960544,0.8530683610017313,0.36254720241632216,0.0
26.34157802573644,77.71988547492926,6.762857732228168,0.9303042292973664,0.22062720262581711,2.0
-3.1630039336488713,44.865966811222556,7.399249173798824,0.919664453172131,0.27086595838640054,2.0
12.325274301270891,-118.87421743375972,7.038272612680145,0.9134553390765012,0.25160671946421137,2.0
30.48822577398571,-57.0150392155256,7.348027543671355,0.9366067643685786,0.28447850585388873,2.0
-46.142987234842494,58.43609111559408,6.075429988893942,0.8612099223710782,0.1439000934583918,2.0
47.60822187885069,5.022788551182137,7.035732170750947,0.9269727643024919,0.2038360543287216,2.0
-75.36677358990642,-11.447185219277689,6.629680518347187,0.8891632313269033,0.17720241611183776,2.0
-88.00973830813781,-29.987542105237655,6.120063073749266,0.9063852510682242,0.2387463105039559,2.0
58.57219143638453,35.806834165129786,6.072160393542673,0.8987859444817156,0.20635143232663622,2.0
38.034960310033924,-34.034360956358945,6.1159533151556635,0.9170032382840232,0.25773283055975205,2.0
-88.61020624578225,-51.254493412671856,7.569095507201853,0.9355851290069496,0.24284527277969228,2.0
36.89869484874185,26.340982104964713,6.01884170056429,0.8729386051537965,0.15686327677902415,2.0
-84.66987126613608,-72.04834833715317,5.259405358125257,0.9218959749768765,0.27331236580127266,2.0
-6.06644545474862,31.961562161858193,7.03084819089655,0.8811657282644165,0.17488190837196912,2.0
93.6325341213429,33.28810574188792,4.978865842179335,0.877911074862994,0.25063217802062887,2.0
-106.11380503277499,49.937888614199544,5.50142831406202,0.8952586665447719,0.2346699827116479,2.0
-5.67883782509621,119.21891525371409,7.66389419878312,0.8863427524391092,0.1685864611956997,2.0
-31.14934329672352,63.32310379871465,4.29120667294283,0.8266249051302216,0.16369391104699768,2.0
-56.99459799346006,-4.653226939064369,5.7928952024363,0.9227750321145959,0.2676353371470065,2.0
-3.779200783776177,68.55245115121845,6.985704539909956,0.8607026811516258,0.12455863298334464,2.0
-65.65602204636421,-49.70641700665042,4.910735341680348,0.8760085828842038,0.2506023752678841,2.0
86.01261384656739,77.64055818272445,5.353579235237643,0.875357273227552,0.24118187387592382,2.0
152.99812856500753,-19.48771744279783,7.579345993112737,0.908242238308674,0.14226917897993124,2.0
56.10876370383729,-31.54331527933791,6.880405600451202,0.9353686854058832,0.26973304005672144,2.0
-13.61218290469359,-109.48320476818024,5.437747876604373,0.8294596752339016,0.17140430570930368,2.0
10.589591619897465,-66.46954995606758,8.199168135825943,0.913333089369633,0.1583089316041863,2.0
29.1216161040456,57.9176677247481,6.847692543037509,0.9372822776365003,0.3161890759198214,2.0
4.577739173576034,-8.561542649757891,7.568720946836352,0.8997298626136547,0.1379757491460203,2.0
-17.9911237107216,26.787504128987937,8.055773214086035,0.9113811405456348,0.16872963804717758,2.0
125.55919849839285,-64.10752723410195,5.773885708981561,0.8760967746911377,0.15732296679261398,2.0
-33.768256659427735,-40.0616234703897,6.63605445450777,0.9032452274271074,0.30266222013992533,2.0
17.49180209286773,-7.557933891543859,6.7242500074148035,0.8680059082031091,0.14440187096825757,2.0
19.09515666840942,13.19934808482041,5.201177133667956,0.9065598295465559,0.26435048825103247,2.0
-34.695917216648304,-1.2466747923451789,5.441019299258865,0.8729385534953562,0.3044936132164119,2.0
-28.397460584916185,165.44253969134925,5.310101147909571,0.9082900571841437,0.2464809222246426,2.0
68.31110234199578,-34.50270134779594,6.772021089714431,0.9461453540159398,0.29739029829040337,2.0
23.803509535562938,-46.76048091946495,6.26745146437999,0.8941507187993443,0.2284480360313943,2.0
-58.19482362878473,-86.47737968769499,6.094536541568299,0.8947385458337772,0.19866749654891724,2.0
4.91051881777403,112.9929409609261,6.4838998122999625,0.9173941669663469,0.251920154886088,2.0
-46.74818244632579,31.728060737022073,7.229482487430343,0.9354252404100089,0.2630464816392042,2.0
-82.72305390294065,56.73038767450992,5.2160197350504856,0.8932955135320386,0.29587881060589266,2.0
57.38607902773406,128.59363805562563,6.824435833666343,0.9235935193855688,0.31439818855214896,2.0
-35.69451706199466,83.0849101573281,5.8820721408819425,0.8464275624079642,0.19323058984578528,2.0
-4.858448667902553,-31.6095007475446,6.584886034826138,0.9018739308052829,0.21250189120991167,2.0
40.62135277881822,-64.99619414921199,6.297108316212246,0.8868301005122624,0.27966746960594263,2.0
-44.46243141383778,-131.79761269882536,4.896927767731412,0.854367360561216,0.21203395509445927,2.0
29.09473375936186,-3.1937996818676204,7.501391697350459,0.9096586660629304,0.1573617127289431,2.0
42.50116373435443,-110.66408529289899,5.5528949911264665,0.9094064550916106,0.26974541618927417,2.0
-45.29587472948657,-85.25508129673229,7.671732094656779,0.9264850534193508,0.21513371468062595,2.0
-77.42858018620153,-30.41951811894159,5.965708548860527,0.8964868272696279,0.2039156940463327,2.0
-183.7806816211526,134.7095109803752,7.785096534969456,0.9161713475839196,0.18448765656853167,2.0
28.516642747080077,-80.7246455561985,5.97179561758852,0.9088671885612468,0.2957603571954904,2.0
47.75161205294284,54.53582279213833,5.069587074488976,0.8835896799874948,0.26295234749885205,2.0
-160.1675948645716,46.341097131511795,6.331530597846319,0.8903789101107662,0.17566491665460873,2.0
-140.69545319157027,42.847934220692075,6.564295876923205,0.8848167587387822,0.16373186868633563,2.0
-13.355825385566781,51.39401757804198,6.183097883657847,0.888075423274107,0.2748763702475892,2.0
-46.60827290151511,-197.0868742673038,6.944533002035313,0.9145999442718045,0.2470717645605512,2.0
-30.1068622383425,25.180837460398976,5.348452181927555,0.8928022381339128,0.21956379171610393,2.0
162.9448560806293,17.482012642846268,5.287138099779496,0.8955405308731861,0.2896709815962331,2.0
38.23207773350376,80.05281745843314,6.015440685270693,0.9221590126884218,0.26777144608184483,2.0
-104.4896521355978,1.5898566089254424,7.557216917157929,0.9275052698362676,0.24398954564063763,2.0
96.16043756387641,23.521318386219942,6.4869555191738515,0.9166014455424775,0.26075618401176054,2.0
-172.3603522751023,-39.510504116758,6.687201530211739,0.8801436480773208,0.1597397990093924,2.0
7.889729515868723,-31.974932934830182,7.345150189657989,0.9432046004050167,0.27424893435242315,2.0
-6.843946964185111,-50.70292887852268,5.791303262687214,0.8992734390711487,0.22106488842313973,2.0
-74.34161470047593,101.7382161531243,6.122221447144258,0.8704272907585423,0.1870461737773479,2.0
116.50533378194906,24.39910457206475,7.329220054292732,0.9380682635314304,0.25303792912659584,2.0
54.15738052710341,-19.44916372083814,6.085201095453708,0.8888597791013785,0.18689029764548293,2.0
-122.70023363646037,-45.44903319833651,5.857540858061917,0.9008443001896006,0.2301688431885558,2.0
93.63708579723328,0.35848312431993334,6.517433791435441,0.8957564353841887,0.28634490102960053,2.0
27.8119902283063,19.394443666671354,6.5272516609453834,0.8754540715287323,0.1580096525034674,2.0
61.560583863487025,45.9859169510631,5.431913636890272,0.8479855488832342,0.2031183219459298,2.0
-169.68444309215383,-121.03244060674206,6.337384514067253,0.8739037437276884,0.14257094739884474,2.0
-45.341380776244456,48.38734616603993,5.128529849158901,0.8508295845307616,0.20225088732898255,2.0
17.06200074139159,23.050423863849023,6.001255539206038,0.8920303586474738,0.1934673471642695,2.0
86.58943279068275,48.95519052243208,5.748142266437232,0.870111391940711,0.13468353650371492,2.0
10.983609081580216,8.841758136526357,5.012584532427143,0.9067113467276089,0.2413154189490908,2.0
16.33272864084768,71.26277739279607,6.00972759306853,0.8799757492153617,0.1631762037476302,2.0
-63.72762497107481,-13.441223073814696,6.141821066064073,0.8941496981331257,0.18908268229786973,2.0
169.57247155428954,165.15869308192285,6.262078441593624,0.9086515466238385,0.23834024606292864,2.0
-84.28778544580202,-144.9408900662295,7.631417151079304,0.9216012702373152,0.18846961916524005,2.0
-42.41335732077457,-17.590355424934923,6.141821066064071,0.8525614567529243,0.20860389261009468,2.0
61.392112502203304,-11.212386854343094,6.111419705556069,0.8987748209364418,0.2514740669528659,2.0
16.75416548804085,-55.285406584084704,6.599316080041078,0.8877076463818753,0.24818402424112607,2.0
-79.22673536222844,-61.77950657900778,7.220343134428679,0.9383037308368167,0.25457754537435145,2.0
-97.9055389620308,-126.69232970964569,7.50080367880821,0.9092912298912456,0.24497360499541274,2.0
-27.400996704907932,-49.39579870354492,5.340667981628606,0.8972383610013016,0.21624760954251976,2.0
107.41466014369146,168.11973983635286,5.492700924548008,0.896124093490895,0.2349860220581775,2.0
-14.800618135067209,15.819767419519097,4.655366260507287,0.8486128530112037,0.1976321212636375,2.0
43.06437344770631,-53.75516859295371,7.066461015686955,0.8833912164789953,0.1662336416822214,2.0
-22.80687288142574,-22.213884394502685,6.259013833948493,0.8814356047660113,0.18142252111425586,2.0
37.71151244038923,-87.35105668758398,6.702417722986076,0.8982323215179854,0.2315594988684288,2.0
48.83868206140343,-82.42218621622678,5.734908658286875,0.9118295801879127,0.29924517744063095,2.0
45.29661310190936,126.25486776120367,7.4488383982024,0.9125016308961678,0.24736378033480336,2.0
36.14044812740921,-100.18409358057902,7.492782392072221,0.9226294996371136,0.2367366108567781,2.0
-288.4227444007884,-82.57396637067903,6.4475191108578285,0.9384371986767306,0.25868817131215144,2.0
-25.989411786027294,45.562905564705304,6.121135610655315,0.8946528480673531,0.29996524669500363,2.0
-115.80886806582787,19.562703556659834,6.660203043255816,0.9196736928762769,0.2924234420331777,2.0
84.56098140092205,-91.37461731189862,5.992832364365573,0.9143452910666836,0.262316422847187,2.0
-16.5038574046111,-31.48191082070983,5.90516163274932,0.8984079427252148,0.20136543447831243,2.0
76.46921485205678,23.019341913613495,5.683535639744528,0.9001130057320939,0.21722968913949103,2.0
193.88171649993413,-118.30051977731621,6.008541119518241,0.89233721733667,0.18658811324945665,2.0
67.07644351194634,28.816491403347612,6.016202478489797,0.8913901100006442,0.18848090795396355,2.0
28.32480034516062,8.66573732641251,5.833354675708185,0.8904831710356134,0.20204533425549479,2.0
-48.975162785639085,-53.60423480574521,5.581267215278025,0.8961240190842589,0.22407285875524924,2.0
37.39545204414243,-12.153395064370287,6.4424909643511965,0.8768131553183555,0.154751706350163,2.0
-58.12995596636646,12.028597980117139,4.57492780360015,0.7957888603655046,0.17348966727489193,2.0
46.67779576879899,-32.61232778818892,3.9400168058810543,0.7443289811134172,0.1930849334069732,2.0
100.75067331095934,-35.59159149756084,7.432325051110876,0.9142354443852434,0.25850539160990843,2.0
-96.19214045436723,76.30142933754689,7.375760772661963,0.9361291572974039,0.29217096120184793,2.0
53.099348933163824,92.09309647763975,5.46295758266484,0.8764628155907517,0.2502705703768222,2.0
63.01576977650063,-66.57870986519507,7.404899390194011,0.9357290703161188,0.23951356924494566,2.0
-86.55660096453538,11.435085612161345,7.324259325797386,0.9208101211623658,0.2596694339687211,2.0
29.0238373567457,-28.196378073043793,5.854600915782076,0.8577304084126322,0.21208559698637577,2.0
-13.764851536393714,-88.04296986552704,7.071511123677149,0.8678764347190108,0.13372072469192745,2.0
-109.33197852542035,-29.942677977091492,5.5590915177142755,0.8806040409328172,0.2569740155559164,2.0
94.53980021341553,-87.65428118065793,6.110232848281249,0.8903102319584358,0.17840892073301504,2.0
20.128209215686244,41.11225636193137,5.63310140777928,0.8014375264021874,0.136689858496011,2.0
136.3955161260216,-228.3013367086647,5.506030359506319,0.8906124362688093,0.1950034506555599,2.0
30.26684512234584,45.398635485468716,6.837266024478193,0.9367385803430122,0.25903688042098183,2.0
-85.52073320032723,-94.04159278445869,6.2578604672318505,0.9029563481806359,0.21270089685247331,2.0
11.093855216937898,0.1865057909000099,4.860290984621327,0.8168780781676157,0.1504599997845623,2.0
22.67822667527883,-156.35639445126637,7.043199316593214,0.8915012145070328,0.18688623077839034,2.0
-145.17925882852217,125.42937039041753,6.387428819960421,0.8923754455299733,0.1864531240736504,2.0
49.59689295695311,-8.06548935253785,7.514779810045094,0.9123202044109583,0.15073816640769194,2.0
0.3042864367779947,-42.2911012898479,6.349546910559939,0.9175298491926407,0.2616206589568438,2.0
-118.0534878520672,50.10746836714994,7.547860856970335,0.9340518047552571,0.24760133827125286,2.0
104.31204976502093,-15.146846417553617,5.8553977365953225,0.8896658178557194,0.17605945052595104,2.0
-44.54784050681421,-71.91794609820008,7.255390042301828,0.9267381382627627,0.304895308087974,2.0
-64.35917361001337,51.21789835783539,4.2823484231516025,0.8378098033163726,0.18586991102362108,2.0
-70.91306056226061,-21.807533096789875,6.167156348475246,0.88738302996938,0.17269166505563838,2.0
67.13677134065053,73.52921617018416,6.610224121999706,0.8785617136010612,0.1491577425506089,2.0
25.72254392925842,135.31909182906313,6.552637765869622,0.944971853930593,0.27342903028037546,2.0
24.91459514478605,67.33724967562807,4.732766537920963,0.835308903808867,0.17484198741720902,2.0
-65.01711268329916,70.20548974153556,5.8030436312517155,0.9009638328757434,0.21452988049136013,2.0
-84.18642844882113,160.5403753533227,6.685719612709395,0.8865001847926711,0.18072330009830107,2.0
-54.880042873451245,-132.87643851725895,6.994022071341053,0.8702973307259589,0.13440869216146337,2.0
-29.524754635898862,7.019946539415758,5.299311460348781,0.9120778488428041,0.3276490827158182,0.0
34.581996003283244,69.23640928782697,6.481961663060782,0.9038258140580901,0.2149860728154193,2.0
-67.00434036626584,124.63693929765603,6.060026772900556,0.9019777617062913,0.23708613794557767,2.0
38.61069872438473,52.68398477555501,5.289961880534772,0.8925027562555831,0.2788050228921272,2.0
-94.8558263993203,-73.30141408359287,6.077931411799421,0.8965549908436548,0.19395742044277423,2.0
-34.43734538313392,173.45299058937292,5.839082274885684,0.8260111973120484,0.16843130731169698,2.0
0.28596678185391144,-21.234563299907695,6.54140490978253,0.8968300982681563,0.21483440033206672,2.0
4.889335420405514,125.31496220873385,6.352153793725367,0.887854035346809,0.20735029988116896,2.0
-4.670723083540613,-59.353224481893605,4.50633398846229,0.8438112052587503,0.18797885495066957,2.0
85.2676166160743,6.855587791047876,5.542905869303338,0.9118395657860049,0.2959523690792287,2.0
32.12703765475479,-111.40219190790746,5.658260401628846,0.920562037479644,0.28884817053375705,2.0
-36.86707976909258,-188.17369962475703,7.109235564635832,0.9193226331020006,0.26719172011189163,2.0
-45.00704313859006,119.96521476824381,5.690915558878227,0.8935358460276889,0.30550826235319173,2.0
-79.53637671435023,0.3382266492674603,7.092215062924149,0.9369589014024184,0.2593757747922495,2.0
-24.592407582404878,16.386553100871645,6.048179412990621,0.8668802174359734,0.15776412014420435,2.0
-60.036390885821206,-23.480328199462736,5.869257763474434,0.9008466182624961,0.24102010132854523,2.0
-86.54137004567627,-9.917396003509893,6.2495144892539924,0.9105845802695182,0.264075428980753,2.0
6.521254064652807,-89.48205706511536,6.177216809063952,0.9154014938953317,0.24526759617695465,2.0
72.76591547597218,-14.660176646419638,7.3213688712418605,0.8772464778114388,0.15090337375437374,2.0
68.88818013366662,39.486889632512984,6.0462176756589034,0.883615495312009,0.2587632868279455,2.0
-35.62966769037837,15.84081293640785,6.707733709816246,0.8829090177138432,0.16495225858904383,2.0
-42.26324894079545,-32.344787496502796,6.322861790903153,0.9010935652580911,0.3083937768045365,2.0
76.90097102206076,45.96323898000447,5.783084744674668,0.9045101454764531,0.31630020070852627,2.0
45.365971133932376,71.83888996940483,5.844331261132042,0.9106187038859743,0.23565051444930454,2.0
172.93324463774593,2.7913769175316907,6.694963881923408,0.9189786777928116,0.2559119186659919,2.0
63.169046238020606,-106.45781664239061,5.903990421688116,0.8892597141549298,0.18113210015812636,2.0
106.74679058064271,5.230935502518151,7.535683078010675,0.9306015388147569,0.28449851323288955,2.0
19.23529448126596,-27.344548179418588,5.497064160690408,0.8516213233924825,0.238341682258992,2.0
121.79087919090333,-24.164159376463285,7.432903674841281,0.9167447729641295,0.24234645584149747,2.0
-123.125906464648,-69.78958449057939,6.205654499035164,0.9006694616472656,0.21246857289446006,2.0
37.58687339539426,-22.94719108264521,5.686087238404965,0.9126383408781601,0.2918896126946945,2.0
53.236795204861565,-50.4632827078891,4.764625357740244,0.8326087897179035,0.17508611877011632,2.0
66.7025437570657,17.899944069189953,6.408577730076125,0.8857404190764089,0.17053100934660803,2.0
-18.69736336740661,-119.1631071245087,7.17509896591872,0.9334989361119139,0.28748705563182814,2.0
-226.24103880604724,20.529395417210782,6.6335134338194,0.8737550494115498,0.15716717238162553,2.0
34.035384771928726,109.2983808757258,6.364855978302665,0.9108215501687109,0.2604380611953934,2.0
-113.55623204478583,8.937932915184499,5.724882245364278,0.8317558121138898,0.17180784152125225,2.0
-13.671986153445665,62.963700755130155,6.318369916022491,0.8842865467238904,0.19704687805871962,2.0
-70.21695444453677,4.695963757559478,4.279647256797437,0.8369696688396197,0.18503673391745878,2.0
76.7475944402376,32.997429601452815,5.714255439124007,0.8729612441036592,0.24408278114227516,2.0
-3.344958751040025,57.036668103697,6.404764844833928,0.8888682273901115,0.21904704412965073,2.0
36.813488715571374,4.760477502858801,4.56741020586294,0.8478358801400766,0.19730564482593294,2.0
105.40919334251282,216.50478902219476,6.281400194346513,0.9164038801984117,0.2619967440603549,2.0
-14.299912452874,-99.54649902032747,6.265033399529308,0.8980011470082324,0.22757166940280077,2.0
133.02028094300826,-27.042431636448832,5.903683304520257,0.8561226030522152,0.2117522129718303,2.0
-105.05411227088655,-38.803018144787636,5.538494574045942,0.9185449204692032,0.2764994768084672,2.0
90.80388037662372,105.62933008173889,5.8382544984507465,0.9197150114176977,0.2711739138750469,2.0
69.35769124657482,-3.7043412000474563,5.8570873900951845,0.8949413461081311,0.25901792065053436,2.0
57.508645102607716,-89.17706173075771,5.589427925242537,0.9177104876484047,0.27354087059560106,2.0
-168.03361127390653,-27.799409279688717,7.537877023097599,0.9151284991922014,0.18453666199652521,2.0
81.96744337714753,-60.36311101052094,5.471775170177131,0.8530305071046063,0.20276230534766795,2.0
2.333668064387003,13.923455190494034,5.534912780751863,0.9106015295581041,0.2576337717382354,2.0
17.82240622509809,61.19682805929708,5.63580038052442,0.8798543777864644,0.26876214806711285,2.0
-11.084045897673969,96.39541050959262,5.4838689881734926,0.905743293731646,0.2379327119802865,2.0
-23.175016954379085,-93.59227293684926,5.5713768232848215,0.8777812757234394,0.3141713984784935,2.0
121.51206229204264,90.7791364823073,5.353811553030384,0.9090146421247913,0.27681125138783674,2.0
143.61125251586603,55.629502134846085,7.399054806978252,0.8777077554348803,0.14878229190716716,2.0
138.4038016901834,19.833279758535756,7.636435156082819,0.907241748162204,0.22784418462752193,2.0
100.9604190336683,-56.608444748223135,4.201525122622171,0.8537899698039428,0.20441905238879063,2.0
85.31812756675407,66.89849603354106,6.527942659561987,0.9225091780242731,0.3187979268187413,0.0
15.179006210650575,109.43860080947924,5.687780006167427,0.8625267259731364,0.11850178929856443,2.0
-132.49286579084858,-129.7400222808202,6.567666744849808,0.9295201777646461,0.2276909210075103,2.0
4.97007881512862,24.832827364461696,6.843836743406155,0.9321214701266994,0.22737395671214664,2.0
-17.979991133025642,-130.33073212146888,5.5573688381335415,0.8987802318932718,0.2761686265400071,2.0
47.25089680522426,-41.97614779200814,7.165235327194369,0.91840408615853,0.19808668633515053,2.0
-31.409937518638493,-66.78212655936258,7.184205842071435,0.9339211580995106,0.2692727032149019,2.0
-152.3070923621057,8.997551837068157,7.144098645509408,0.8651814454792836,0.12073533084996373,2.0
-53.60417130275064,85.7563744387642,5.98604827619936,0.8951947557808985,0.19078761998762625,2.0
-11.256472971405994,-41.01257831826705,6.320144838475332,0.8874661503059096,0.1707668745632386,2.0
-230.88092021742128,109.11714899886738,6.474192087446529,0.9026292727924827,0.21912850816067075,2.0
61.70635320385572,-54.08109268712702,5.765920434438232,0.9103205150454949,0.2677960381392585,2.0
-181.65420847386895,-59.41419135475295,5.551110423766821,0.9010967989604893,0.2975836447038442,2.0
4.23024573208167,-54.31914977782648,6.776319890900534,0.9323490027875191,0.3133025254434866,2.0
133.78648895368346,-102.77871421322614,5.535916898439405,0.9297287390338851,0.30501840441542627,2.0
49.81130531410738,-161.23604251509207,6.415973091722517,0.898004785682377,0.295104541753593,2.0
18.762896126176084,-37.050684693869705,5.816111563808441,0.8710678663993917,0.23621247945487153,2.0
-23.199292328638787,-58.43496352945794,5.244814116430686,0.9150502795990856,0.24271525380216957,2.0
68.00339202869542,-124.78726015990829,6.113314370914588,0.890920725746455,0.2247286947517464,2.0
296.8686645576986,-79.41979643010255,4.788632732951063,0.8104635244375957,0.14838359347869576,2.0
36.21569869085362,36.42195124838253,4.869530073436523,0.8455289193131847,0.20557836223747541,2.0
-11.463757767120745,-22.00529645108918,6.122430499136327,0.9015638070478064,0.2052591237027537,2.0
101.58975890634181,-123.69562798548868,6.269540988249705,0.8909944490329963,0.19755976991494506,2.0
67.30340921592054,6.804160943329492,6.281984122350513,0.8736655493355832,0.13799919251284137,2.0
38.84150097266903,14.641960594537407,6.8961451860469,0.9240151395724524,0.19616935739583463,2.0
-23.368981726573175,56.900937740992156,6.910295695371393,0.8753364395210949,0.1575717013885132,2.0
-95.8471006757692,20.083177972398044,6.500587865108121,0.9103774557246581,0.2454677217572858,2.0
-80.87877229104423,110.54336779118371,6.712564728864625,0.8683963205179981,0.14261076639496972,2.0
-21.912897820947613,93.4953282979878,6.982394068786325,0.8908313161832404,0.17969615136032688,2.0
207.6401094489057,33.90870685406172,6.297027316374714,0.8686021767468528,0.15343903637557124,2.0
112.05003489498814,-6.228114953461971,6.8006513715702,0.8635360686131627,0.14319870687781838,2.0
22.03559768759367,-64.27471902640679,4.99885730743255,0.8379254292964109,0.19125813020133342,2.0
-34.337049905542145,-24.635371524572964,6.105147246052035,0.8825189937326685,0.27492503905329413,2.0
-15.791323666518315,39.95500912524539,6.87580359765281,0.9140822875174835,0.28687933180084463,2.0
-81.82316188934895,-20.597854988202627,5.77897348413539,0.9118395597127095,0.25734994071383155,2.0
-55.01953525139524,75.184910361586,6.031672547237405,0.8992039033001374,0.2373965260157959,2.0
-119.99697239338359,-57.22053813594303,7.8283978734404585,0.9228380033774202,0.1849157795129077,2.0
-103.25640068262788,149.0717398367112,8.023303087383365,0.9113124425220575,0.19601540906194417,2.0
-31.27396007319699,-57.052575516282175,3.9532398035488745,0.8066776827060782,0.2745112298375507,2.0
73.70181132955958,64.20394378982716,6.092315275163229,0.9048035652081114,0.22661599901742382,2.0
122.9750840389637,-11.023265617565501,7.372355709883255,0.8711165315394872,0.14308531825098764,2.0
-64.76093814297559,-113.91712705666781,5.581091525414932,0.9152026324462701,0.24086571824181274,2.0
7.254717791793384,63.828842641317216,6.4965207601748896,0.8976104726674835,0.2350490678509772,2.0
5.286820511393506,-100.64464843964245,5.829165546440368,0.918012205737281,0.2592713726874722,2.0
49.88640056217422,213.46405422882464,5.976200115894126,0.8933077388062911,0.19312156074489664,2.0
2.4829408181051535,3.893892497479405,5.813389774137503,0.8894222882332627,0.17917744194420143,2.0
-97.8778686227142,-57.46859170318321,4.972228904991188,0.8406664923791972,0.18194892353065795,2.0
-55.46902274479808,64.11271747999827,6.752693569275294,0.885497822759271,0.1729901770723397,2.0
76.4820197416826,12.665852972931502,5.880838997395331,0.8816309054511801,0.15917279042257956,2.0
-6.166475846759291,20.19511619558477,6.156864868160348,0.9130462814367917,0.24277197022388544,2.0
26.54307918126742,-92.1123811947822,6.752691531242889,0.8873624529361847,0.1744004161664322,2.0
89.62953821153185,-31.28268896212314,6.218254247672089,0.8611860077070738,0.21592580994271002,2.0
-8.24855178466802,-68.42568976924757,6.282881166638023,0.9230370178778134,0.3085466014244797,2.0
104.83314198673988,-83.74544800996043,6.271038408687087,0.8851302352243543,0.16847040211408051,2.0
70.61528920017979,-163.8979638141021,5.397848588413682,0.8798389161314729,0.25789865775865045,2.0
-97.50480085533545,32.23565585256231,6.768230965420664,0.8943973402575092,0.18836747353380265,2.0
-131.88856548270243,35.461527794580995,6.3747852412787545,0.8915011735165146,0.18525617993233237,2.0
62.54007916279064,97.0784730995528,6.174972909927171,0.9052308011645185,0.23032423409752348,2.0
104.46494374099801,46.76555045797892,5.8241771471308486,0.8965277730383152,0.20926592435090138,2.0
-117.91516884430733,-88.0079014476106,5.983676915618784,0.8981875801842585,0.2948662940317117,2.0
-100.63320903067589,87.84932128001975,6.40971471211537,0.8799275258005853,0.19107527935744,2.0
-91.80312907302428,108.34112014115622,6.176257625234024,0.8742649750412701,0.1576683000648876,2.0
112.90466111679427,38.295267486872135,7.500274330946344,0.930479909004121,0.2858911735675936,2.0
-28.468804299044777,114.94464479803231,6.11274760894541,0.846675090923749,0.20025936968150107,2.0
163.16644272641935,-123.93363271862813,6.852786889575714,0.8807491091814419,0.17172350582016266,2.0
-102.44400584681148,-103.61989178707319,6.107801548402878,0.9079928927205699,0.2258391145520034,2.0
50.62815795815007,-71.26540315050666,7.056923330101643,0.8975210230063488,0.19422573377459096,2.0
134.32482073629706,-61.6672438388378,4.720525722481219,0.8331778108544382,0.17355128220069532,2.0
-86.82593036740145,-132.708370273219,6.016705140565727,0.9114180921617018,0.24165824592852542,2.0
-122.01149354908185,-15.156345178916268,7.912496391316092,0.9042393529019206,0.1336930568775997,2.0
-102.44574564771816,-19.25518944769045,5.749636052741004,0.8788984664381466,0.24914301706268505,2.0
-0.8998261378002312,-132.50014676521718,5.626975071045314,0.9109480605503981,0.26224639334139455,2.0
-52.718187971973244,98.16007386533512,7.423698678728407,0.9086263423694261,0.14477898768652867,2.0
-132.61134222770218,-52.3304202553516,6.706263511923512,0.9268182799257729,0.29272381799803365,2.0
-159.96399531559254,-65.92195960648672,5.2116179353206595,0.8753010865345725,0.24849822031702265,2.0
-34.19549685633645,-78.58607414747297,6.440452744258492,0.8971249355853148,0.20552549943236356,2.0
58.687486887095496,-0.0207187219975942,6.174331009265252,0.9054522848381628,0.2413756364784751,2.0
-55.05416761892647,-34.63853378805569,7.2486512905441085,0.9150025228462546,0.20112895568304678,2.0
68.73679213524072,53.872099073036985,6.729172449990877,0.9250701867463041,0.2784212829043277,2.0
-171.7176162105642,98.15879489509882,6.5670383425736905,0.9015934917804826,0.20465131648022378,2.0
95.98690615548875,11.733504751374747,6.628285402764936,0.895901785199696,0.22229958425608506,2.0
-8.673355348432967,-125.46190918946387,5.4589064913857355,0.9203860600350194,0.28629650204737217,2.0
84.45940354853406,-20.323670327840436,7.304209382008162,0.9264272527260479,0.25052652740117165,2.0
-52.553360612394535,-96.13606598380426,6.656531190189666,0.8833062184738218,0.17065029413384872,2.0
-57.143689816708736,-68.72392391676638,5.687486016183743,0.9053898170765189,0.3142776898510883,2.0
-108.30292178296254,79.37460466031334,6.282406921086674,0.8965284923414434,0.19691987806456993,2.0
-145.8184561638553,-34.91639226107239,5.086565302093889,0.8742928050317066,0.24735366147968918,2.0
59.42356269399649,-42.7835858665276,6.0100504725700095,0.9241750405784298,0.3014680516133537,2.0
102.01238990297449,36.739265606718824,5.0839002667659186,0.8649312914344298,0.24511105147463552,2.0
46.81927302796625,33.561118642284356,7.425294645897262,0.916388020619138,0.17113080486237928,2.0
106.04882886511581,17.706798439762956,6.007584928190766,0.9153808690217164,0.24200089963211976,2.0
47.474576712092556,-92.7373368007347,6.188755446829862,0.8878870982104657,0.22954208343736013,2.0
56.08619466391681,73.38802292036718,6.159977799467583,0.9057131474916501,0.26187617668817476,2.0
-68.92230514720805,174.13132500141458,6.508687756044352,0.9127512544107367,0.3024705465463739,2.0
-64.87026913841575,-76.87011067493313,7.0167466248724715,0.9091531870662434,0.1656854085766989,2.0
159.79730737909435,100.85809796153147,5.432242834225647,0.9102144072107474,0.23371058731405683,2.0
-37.53314607747776,40.981871689016565,6.798510003339396,0.9228810109449904,0.2907907578473499,2.0
36.732810443753024,-197.2002658559954,7.710364335370259,0.9047391983257151,0.1410372485747639,2.0
-105.2778010154025,14.627748970301308,5.820093731651561,0.9042416600351769,0.24150066547137664,2.0
51.94514927375019,63.461827367096454,5.777487283115639,0.9097765012812821,0.22575061659339374,2.0
-49.72659358191697,-24.614660954849935,6.011595932105619,0.8419091875624447,0.18916426582636817,2.0
56.23542470529009,23.80861503808325,7.101527064906846,0.9292043491385175,0.22896265203379387,2.0
45.0319929003225,-17.542152616669576,4.225741709827968,0.8245794864125103,0.16646644023647472,2.0
-124.52451549303564,93.84601880554362,8.245850765133362,0.9476495773516932,0.2918390118700144,2.0
-92.2068258948201,-19.689940733824407,5.980307104979261,0.9126552716318905,0.25361160483495176,2.0
64.17253756342609,-23.059056506858063,6.225564554396701,0.8907868689414898,0.23118565433404595,2.0
85.98302424237687,241.0513621647391,7.547845244739858,0.9285751628804361,0.2981177744503144,2.0
12.917373108900415,219.71042443456338,5.942101018274953,0.8915732978352495,0.21022100771600724,2.0
117.47372944900381,165.58570766315114,6.220022061169095,0.8741213564745376,0.14634805021954445,2.0
-130.14082755970452,-25.15019267645687,6.653057963153011,0.8833589594150885,0.17016012577644707,2.0
-49.04990306662484,-123.19225926211934,5.86819019906018,0.9050985288288453,0.2701604425298908,2.0
78.1537036181403,-40.60796770828843,5.931503205685645,0.8729028620918292,0.23758366745422638,2.0
-83.34712147418277,-40.060001498728454,5.993988511943309,0.9107315752735708,0.2366204278308863,2.0
124.2207879685004,34.40813575353243,6.421298500689453,0.8791197351409044,0.16372055726263202,2.0
-227.09176035876524,42.42084013790634,5.8506456162513,0.9159419739444243,0.25013265936062956,2.0
14.977614976926146,81.60027158972973,5.932285057285063,0.879378356132721,0.16449270355122073,2.0
-88.59933178507696,-82.83966128199138,6.701533711060218,0.9310549603944696,0.2371688083350871,2.0
-76.25086107562701,-49.40960252441774,6.509415345386992,0.9138198144299934,0.25314424678594855,2.0
-131.9138327500502,-90.83129573266216,5.840856612142781,0.8747814589173046,0.25260970694858476,2.0
104.91139586573634,57.799464159401474,6.035175012276775,0.8945612363931218,0.1942470530854706,2.0
-4.506771959341228,80.23147385758898,6.846731811762526,0.8561241457135927,0.10630497453973685,2.0
65.186170040076,-96.13422980754474,5.526735072313042,0.9077838923781126,0.22545092804947287,2.0
5.0271251797607635,87.0328013956601,6.372089348295436,0.9119318310493718,0.2610582936360365,2.0
124.36187668159137,-73.36439850546455,5.102287581418006,0.8107078350193134,0.1455852094089256,2.0
82.74874675001443,-6.175877880425963,7.849631892489937,0.9163673246080094,0.2755878628204415,2.0
-14.227217039634612,74.56727671991993,5.949630970593689,0.9019064729340776,0.24895525537055296,2.0
5.979561093961059,-140.77730369147793,6.367190744228254,0.9018233715746764,0.21366125166608804,2.0
19.514084493284216,3.595552879278563,5.36128179940155,0.9051501616889487,0.23506740066761722,2.0
150.99807007104627,81.23097266108041,8.252617390586993,0.9423064180214954,0.2681751060354698,2.0
-91.84166528739054,0.4695824861099135,6.17828610674305,0.9142167535224685,0.2594318083537422,2.0
-115.24239298414862,29.96740344654683,4.945921135681633,0.8577890769737272,0.22657559335818966,2.0
-125.68570141747006,-35.22199882233603,5.957730622781419,0.8844812562082148,0.18078583106770588,2.0
124.0711510487143,68.90422918598442,6.43650586512878,0.9082995605894527,0.2417192290377939,2.0
82.09451421230237,98.74120762169964,6.149406874059527,0.8991950882833324,0.208123550200163,2.0
-73.25402266883451,53.81621474084229,6.139354641053111,0.863171261222051,0.13039653906426632,2.0
-129.04423991049208,-6.278149923138749,5.165880416617584,0.817682183827785,0.15424109084853077,2.0
-65.0974653223553,59.94314417740157,5.519259675743086,0.8718564470550069,0.2484659952965974,2.0
85.1151905411212,38.652949907104386,6.086836001671843,0.8919213502515644,0.19038518061236595,2.0
132.4252987688457,-44.978657475100434,5.991647856774766,0.8913842372120507,0.19361828931953176,2.0
-12.222686891435595,173.9293990268743,6.166578215465467,0.9173786209019368,0.2700163965344473,2.0
-30.92671953454076,-98.70566598512387,5.526435005469404,0.833817423347237,0.17458527987129155,2.0
-140.406407954983,-216.298313919656,6.808376317615222,0.8570718492928885,0.11568916510052607,2.0
95.0472107872611,72.75434875153059,6.001562249530864,0.9039909308050131,0.21017316547614154,2.0
165.5834837501578,-177.34142209254972,7.199042761569282,0.9282643703575862,0.2589521521072383,2.0
-73.30547061044513,-39.38912296510319,5.2879647996896955,0.86890865097493,0.2411825051006775,2.0
96.94096678024063,-23.15575346658781,6.163622823143091,0.9126386825900571,0.2452983557061499,2.0
13.75464989984699,-107.12534015668489,5.598166770463298,0.9253301966473559,0.2926181835321978,2.0
-74.87371611340586,64.43238093558534,6.33601422858561,0.8930247824886112,0.21541012366763893,2.0
71.48966345301824,112.42317223166667,4.584809525811486,0.8541838537153593,0.22244741613047822,2.0
73.70334535567136,-103.48304641810653,6.4801052304163465,0.8910873430558798,0.21489516892531446,2.0
-112.25659236603025,-67.1556789938823,6.2018738545428045,0.8986522707248448,0.20200415278029216,2.0
-156.89564250351643,-11.054662144895998,6.237640097326295,0.9356761444763003,0.27543974199067284,2.0
-15.145131358689834,191.26998471815568,5.272930448803082,0.9113630783789246,0.2526221148424471,2.0
53.39245410509054,-109.10182553311276,5.615928985530812,0.8840702076612951,0.21324112797857278,2.0
164.696438456951,-111.83835453181406,6.488357161341347,0.9004990973038407,0.21449593052267218,2.0
28.183438646003417,-122.2692225287521,6.922106446483989,0.9116944778323423,0.23780436091288715,2.0
-59.9915231143669,-182.0619213604319,6.03048240390026,0.8961897846663486,0.3052486776595319,2.0
-98.88305757878221,-29.476890279838237,6.337265211237066,0.9125013868200059,0.25853933518070404,2.0
89.49985772345887,-43.059991595749686,7.177676362194223,0.9063296215066409,0.2173729067267597,2.0
45.68747944226804,22.770791169799928,4.867633333117718,0.8207808575140363,0.1532343071665803,2.0
76.88660875843439,-84.15152337497089,5.2692877908837366,0.9067111177056327,0.2396141385718433,2.0
-175.06833703460973,69.42951571313056,4.606999697448493,0.8597243833990678,0.24398327829809194,2.0
-44.314563979652185,130.2567616884693,6.118715390646471,0.8954863101592282,0.2865108141017172,2.0
-77.21385758852341,121.40611418717366,5.8982819580304096,0.918370023909745,0.26466239064196156,2.0
-79.34956228055329,34.73050908443054,4.765251379801304,0.8461875607369429,0.21429962501146965,2.0
-90.45704861490266,263.1736610700301,5.136199456355834,0.8812426407620507,0.25559987639389514,2.0
99.98470039921604,-47.657075270985146,5.775886331267782,0.8930956410615558,0.19534486935705156,2.0
-53.88149223182914,-77.65089071477738,4.824558447228018,0.8708094489153819,0.23378493412042714,2.0
-67.42820143091132,-65.96527581735585,5.8177085429526,0.90343321318719,0.23756574379435352,2.0
-48.40216175213634,17.75269642964172,7.555118756680302,0.9464237503820155,0.2761048136083657,2.0
6.02911373859911,147.76735115308819,6.314763000804966,0.8892449204898619,0.17438098219124204,2.0
10.732257262159381,16.80830067059986,4.041322694285562,0.8655757488301836,0.2796462524380765,2.0
87.05844625619353,-150.01125308295394,5.972005038330808,0.9258961261064129,0.2870094239610309,2.0
-13.737834072884045,85.96524276356796,5.7291464255939015,0.891889934099068,0.2625869858927481,2.0
-100.88396055742628,-48.24484995559005,6.077169430492358,0.9036285427797803,0.21025115240879644,2.0
52.76408431260068,-60.09835056465273,5.962718077465265,0.887463337826993,0.27659632433259285,2.0
33.22004538410215,126.69208526373767,5.571376823284789,0.8923295943046986,0.2107786676448644,2.0
122.7421581923947,45.92972925481541,6.104014407459032,0.8978112230140796,0.2035624316476216,2.0
-40.977049134874534,100.92430081233798,6.47666222916455,0.8687902734057867,0.14432954523781566,2.0
-60.67538455917398,19.50938468846529,4.957060296464861,0.8916270551385492,0.2987712016931299,2.0
86.69882283585675,127.045002649051,5.601736985774512,0.8945204719376482,0.22606092509663986,2.0
-64.20530060315681,-200.67470694410434,5.229483345710767,0.9094019315059342,0.2357765604056976,2.0
6.0313378023589514,-240.60521645881965,6.363970961977683,0.8401116086723301,0.17955594800735394,2.0
-55.649558033062156,26.125399656544317,4.613893749060814,0.8594252668926404,0.24106479770482284,2.0
-164.04686737905402,-49.263474784052804,7.227250622584389,0.9002247997787278,0.2201831083408857,2.0
22.269725593549477,86.79835337503364,4.450281003798404,0.830133640048818,0.176646557243524,2.0
73.58387603521757,-25.08890195173386,4.737930978401674,0.8430177307031508,0.2504883034757546,2.0
49.439573362028625,82.1258614448366,6.043487935734688,0.9226225025889196,0.2745485217090938,2.0
15.283477996853085,141.53239146665703,6.193080226770182,0.8985130548887376,0.25069420026213163,2.0
75.04851721170995,-67.63003140102576,5.788283314933875,0.8906151615138156,0.20148168814618667,2.0
14.795002836873147,91.21823398803258,4.922760039439173,0.9068869641914985,0.24897081963701692,2.0
-346.47037140027487,-16.08716602135951,5.579597162604696,0.897215680861819,0.22954157544653836,2.0
-97.72931484003124,-9.342593403909293,6.436145577200772,0.898019992961027,0.20442289203289798,2.0
142.76132863162468,-11.78504368223655,6.873192592868314,0.8756246278325682,0.14268886562909602,2.0
97.54270548852024,-65.35026595014342,6.15160752545677,0.9134080655546809,0.24077787856523492,2.0
61.88956417810399,84.78044422608468,7.314604356527389,0.9381343246250773,0.3035287994807459,2.0
15.523603083824684,-96.44055638092046,6.299206026739065,0.9107858335501264,0.22789654629018793,2.0
-156.95801331911713,-147.839688109936,6.094491308423465,0.897960357698567,0.21556936188883122,2.0
89.03132263503693,161.1969273817635,7.14951812584729,0.9375594576008358,0.28145018514413483,2.0
218.8499566675529,138.62800643724523,5.445874062847073,0.8907743913534051,0.2781605768948409,2.0
71.81064065058611,-57.37910110115046,6.411051132838732,0.8917925284664381,0.1796953631986051,2.0
-107.02393410251214,-113.26936172866145,5.831150152814191,0.8604255691308164,0.22785583500039616,2.0
129.27330984120837,106.95912490560109,6.253399477976848,0.8884739398774955,0.19617857175993256,2.0
-71.7071093022487,-144.6844657831939,6.4129608185456295,0.8986401252176244,0.21189901948838077,2.0
23.12981231051372,114.60493321661286,5.304709777044034,0.8707256868708872,0.2540806631435159,2.0
-67.72901088915614,-3.708208378934396,5.879820932689349,0.8880147881801224,0.19427268241241227,2.0
-95.12787165793029,97.95463591283487,5.443517083483354,0.9154677702084835,0.26429581052709855,2.0
-98.95228911240345,-82.0078458406159,4.719703144910477,0.8552763547164207,0.20966698344679938,2.0
-69.11020884053137,-87.08058273647721,5.714950219566939,0.8784699420809345,0.17567732985738618,2.0
-24.430792276687654,80.9753052825418,7.194680471160562,0.9236008876823867,0.29474830798419294,2.0
40.220729257060306,-2.668146046987345,4.748929873711008,0.8256111272697181,0.1607407568996596,2.0
154.42256406701347,3.430853559766915,5.773342835736304,0.8955368211496829,0.20070313294491793,2.0
-45.11850131739034,79.11018958855227,5.666776531681899,0.9150017973095941,0.3071031780398223,2.0
108.66976312746642,-25.797308591854424,6.959366520326009,0.8987374950202375,0.20379859391544708,2.0
-59.317956607683385,-57.81340621602539,6.360156286661423,0.9405202850144757,0.2489882322591294,2.0
-194.42118274491085,4.853379561841601,7.340794080259319,0.9391056656892695,0.27046893321804166,2.0
59.444679591833605,-78.88638638807282,6.137416440762021,0.9087470271557335,0.24831309770863558,2.0
146.24780945241383,-149.70921202366713,6.824796229461668,0.890208316722188,0.18057745702224606,2.0
-167.9192121760696,-16.00535333560126,5.965461418777689,0.874587888737583,0.20368526503259862,2.0
-97.61500249635858,-92.53694621042511,7.212015647449259,0.938088604957648,0.29304438057457466,2.0
-128.74870403874732,57.94296106212274,6.283091991791771,0.9160545659790451,0.25945320692691204,2.0
36.43567990973569,-155.05171675523565,8.173957945740783,0.8979794249532576,0.29543906928332153,2.0
121.40280583924014,2.8293710884915204,7.7306626737182595,0.9353336735021256,0.25589081904301003,2.0
39.674129611080026,-76.25169304638536,6.085422726735044,0.9079590939533074,0.2949329977027547,2.0
86.96413481663302,-69.61910047448372,6.6250954639611965,0.9197701901481098,0.29814555804778187,2.0
42.04635739201275,91.31336954231756,6.966387085331857,0.924571843606042,0.2747621891843563,2.0
-64.22352331277837,100.7773712090998,5.577361279813704,0.9002975729059223,0.25976632454842685,2.0
-47.84437906417009,-106.63753483515747,6.557247775217291,0.8962967489267734,0.2007912404036244,2.0
-187.70088723806987,-110.7168062174837,7.195705555307714,0.926364744645199,0.22841539854367218,2.0
-123.36561337221671,10.37669688274208,5.4772698458187214,0.9099497797479941,0.25931855640851564,2.0
93.69709736309825,-12.157055250138123,6.327354827007801,0.896501388391354,0.22650203635624522,2.0
167.0999954318381,34.65538830460829,5.452959551933617,0.8704836591869818,0.24647483551886376,2.0
-119.19800600855122,-27.469416555005235,5.5132720606987675,0.8992979992042208,0.22075076628796972,2.0
67.16882066870212,-86.39506268609462,5.240090167484517,0.9270244401219057,0.2826796084777466,2.0
-14.524780592477935,126.79829323061573,5.51201383517432,0.8942277571253812,0.2998961849718803,2.0
-13.540018197132932,-59.26379174473729,5.468758703844607,0.9024251946058754,0.22619977212023423,2.0
117.75599189713977,-254.8997484737454,6.550958521315366,0.8863008461908576,0.18518058947341123,2.0
64.52664150527765,118.81809843728327,6.131333310516568,0.8862121145022439,0.277571644056856,2.0
128.18921988953826,-54.30552380474726,5.830725316218321,0.8884510258741429,0.18795626236222548,2.0
-118.21565592536808,83.03003162414784,5.274894902089609,0.8329615023148764,0.1783876884077676,2.0
-161.22009310508034,-37.854551469699416,6.14086083570199,0.8443141999347136,0.18504903709758325,2.0
199.48050710434254,11.915059194803474,7.157973238094433,0.9157402552905178,0.2206640785267855,2.0
-78.68362890956584,-86.44542562392924,4.844578042959016,0.9123388231305776,0.26075200790094216,2.0
-150.2233063947442,-176.64431187593004,6.733451534295626,0.8991133168606257,0.20120748138877878,2.0
152.09714667614622,-96.71720354699823,6.4753122517334365,0.8866789333464133,0.18750558642230392,2.0
-27.944706526904827,206.89568617828073,7.433226527304173,0.9157284804313344,0.2499901243752342,2.0
-6.12315254983375,-115.73642461555137,5.937461933973635,0.9040285770005808,0.2750032409311551,2.0
-65.00104883154681,81.75944503897134,7.070765710177511,0.9248295410994575,0.20301863572637457,2.0
0.7658571710493511,-72.4080462746551,4.691695163402873,0.8418447309560402,0.20512944322562507,2.0
-97.03745345347438,9.598737575041358,4.801089222422842,0.8588808318404132,0.24490445210982123,2.0
-86.3738718318886,27.19484911563686,6.928735746521456,0.9134400105246238,0.2908659006994494,2.0
134.17659181295159,63.2518647491425,6.566559731597748,0.900391653015738,0.25982262311349835,2.0
162.40959992888463,-56.21963767239985,6.170841457208519,0.8954725931407189,0.21002161787358212,2.0
115.1283206007801,12.98781799134144,5.1595467350652955,0.8785650071233194,0.24979774901627294,2.0
113.73789205147062,-16.616244905131868,4.808032535267906,0.8264681326483381,0.15967211902566653,2.0
76.53719146910113,3.015259199403356,4.997406229517878,0.8358639435515025,0.1869774029577679,2.0
133.09978787485088,-4.664360961137214,6.709464088197012,0.8803695295512974,0.2102986335181097,2.0
135.81480437620593,32.1402757242947,6.597871784095387,0.8807044729297162,0.1566393794394098,2.0
31.201881894065494,88.1631481183273,5.697816154724664,0.9060044153186156,0.22886215561743814,2.0
180.9547358824382,-14.01841042364338,5.956090171533644,0.8722801410933994,0.1460598578762378,2.0
55.629484341416884,-138.8091765490307,5.3209358802749795,0.8038511309461802,0.13899565865853966,2.0
-3.7053463539385314,-94.2444643421318,6.366797893304588,0.9008420312950841,0.21151937838801751,2.0
-43.76980253010671,89.95083905731234,6.079992698191746,0.885267235642891,0.1696610778288022,2.0
23.670674514213342,94.84782642571602,4.987814940751176,0.9050465549353731,0.25945218271949044,2.0
231.61193164282545,-47.850065354139325,6.496502191091525,0.9405168400627836,0.2675444882914103,2.0
-151.84901811394633,-126.27279064223873,5.793766945613268,0.8872392767886816,0.18630506280261858,2.0
-94.16841833762332,-39.65232473512924,5.9789814364277865,0.9237976988262794,0.2788156183387138,2.0
86.11672837268574,17.664099493879842,6.430292617019957,0.8905513461349686,0.1788986726537119,2.0
-63.96262272298222,-96.2993094693316,6.290813175330905,0.8901536748279094,0.17806671065428004,2.0
-97.86330202860513,43.39143489417187,5.712118188751179,0.8968916037129814,0.20915338338132347,2.0
-4.669856070359976,131.22672584663218,5.840729376214035,0.9019119240001392,0.23160567176193672,2.0
-52.868438465370275,-14.349553490207645,5.974332369343349,0.9230065334160964,0.38367371346707874,0.0
29.15229780071964,233.6917584921323,7.056067031736979,0.8751799909650197,0.14311359094095719,2.0
-4.132513879287386,142.3989527912361,6.649408553076255,0.8757155919218351,0.14320561328663547,2.0
-122.60156554338913,136.17472603321326,7.545169834254556,0.9151321499082283,0.24187112330704255,2.0
137.68869386601264,-122.29485104489251,7.323969486099477,0.9285815070200889,0.28244481911826036,2.0
-107.50060511218791,67.84777437548445,6.778373860412206,0.9346976050523323,0.2948059301987653,2.0
-62.21743479068187,-237.08589971988948,6.670158299295895,0.879449404816999,0.15229156258910753,2.0
262.7869370001801,-120.26793776048025,6.288457130513484,0.882784546301294,0.17622248851307862,2.0
69.45504410333335,128.3251420821659,6.504067925683078,0.8667265045069996,0.1356824373239905,2.0
-39.57318332151486,24.5191146031914,4.401848162033141,0.8345349967756247,0.2307998635181207,2.0
-126.493792289073,-109.94349260382089,6.988471668132174,0.9366359775880304,0.2738965102580368,2.0
-110.89451953420969,-124.23996280706082,7.628646686003177,0.8851526443298335,0.17580410115950332,2.0
109.65171215581714,-43.27295079563586,5.920469733773656,0.8748492853032345,0.2447665548588633,2.0
113.1433307784436,-124.69474827288326,6.59809757394909,0.8857729273381967,0.1716245482499242,2.0
-29.61848132897341,-155.1799528401548,6.332235347586578,0.8836917486381203,0.1650247914814629,2.0
-79.35109323149888,93.43628887643008,5.353456485114348,0.8120770000142319,0.1477612900288062,2.0
-60.058993942098,-143.5308121142872,6.714877485122911,0.8842222174299839,0.1697564822901394,2.0
135.96492166115115,76.34280740596817,8.131337683381146,0.9349294491261652,0.26209020272778816,2.0
-107.62157740106042,-57.143930404558276,5.907848130981881,0.8984548678137252,0.20371620341926414,2.0
88.53190661914832,116.49152862177432,5.790580508306426,0.9065816798349235,0.23454375649986395,2.0
-36.301528974042675,-107.2798644208593,6.496927479326254,0.8702418327288846,0.13922851567472405,2.0
122.32495039935307,-153.11842546099766,5.699260197800952,0.9064656846172098,0.21765943755087422,2.0
117.45804364495537,-56.970908485309565,6.184007046819469,0.9158883277068799,0.2492709926437488,2.0
49.147181859836124,-148.51285713167397,7.910641646177438,0.9194387589840115,0.20028705152958323,2.0
73.66289802368263,176.81665390145392,6.277490949286401,0.9291329540874517,0.30005573978425476,2.0
-171.8696578570091,29.806963248043058,7.303828539025692,0.9051700552336096,0.1535598554347735,2.0
-150.30918508418029,-84.55564132284496,5.840856612142781,0.919796636020645,0.3099199688410843,2.0
-105.33711378543342,-75.11285431948707,5.543563164616905,0.9030737819956567,0.21074743949776556,2.0
-185.808211174628,69.4464485572725,6.951651695782419,0.9392454855426591,0.28156719270766495,2.0
-24.019966303829342,-107.07330970970638,6.632173141306604,0.933446064468835,0.30985331686384693,2.0
120.06905286067565,-134.24381244594892,6.47094361606326,0.9007688359634839,0.21667399835826212,2.0
-32.71010213832068,133.6692361946416,7.447432039019823,0.9160958280565866,0.1668651723269025,2.0
-151.3632845565682,38.75913929493932,6.336172243929177,0.8961048516695429,0.19419281179231188,2.0
278.4310268480432,82.21579105973026,6.591143681936602,0.8903926925975684,0.18163997083281774,2.0
-61.258800524124815,91.70585557949505,4.914500420765987,0.8279928948186503,0.17009842512987014,2.0
-111.71912740498875,90.28722253606905,6.330069771860803,0.8691855590103038,0.12814835245790018,2.0
-29.387137025168613,103.70821311080616,7.3552674586535565,0.8755289474684794,0.15279702198345999,2.0
-89.81167207386993,149.79688329504572,6.968616590536381,0.8927104160255214,0.19000957576993355,2.0
48.13251363246553,138.8801798510656,7.012651140528583,0.9149531738705375,0.26382586182988893,2.0
-51.68026543220627,-242.77265825018,6.659057033765785,0.8835645741903732,0.15925174649852009,2.0
-17.539868361632994,104.8514107734252,6.3746805362436545,0.8783935014605367,0.25334833961171577,2.0
-77.48737028625708,-126.8911719803938,5.671264584653119,0.905256369633426,0.24020108527451908,2.0
122.96857521458331,79.65952432212231,6.003392153142977,0.8964719305255018,0.26840729454361945,2.0
181.48323292302248,20.81613094780361,6.582360347089096,0.9513247397935388,0.3090881872024274,2.0
140.91727999748358,102.6069114635264,7.780725178841022,0.920312762361023,0.1778385931423832,2.0
62.49947031120739,63.55918652212336,5.792104039314498,0.9158329004997428,0.2816956689365347,2.0
128.7283268405463,146.68841941093208,6.072128379972382,0.8803117105224426,0.15850482717344094,2.0
226.24282205536008,84.31958663908172,6.652149742047765,0.8671276258284117,0.12484246901459002,2.0
-184.02395409170677,158.9830305817778,6.296302881512556,0.8896050482109037,0.1743382970081515,2.0
8.155782099371676,-78.6777050597807,5.885330420264192,0.8872966461992327,0.27987917513799404,2.0
-146.83101784551224,223.504078541692,6.716654622164789,0.8984155400988991,0.19491348972382597,2.0
-112.02166688136495,-20.795906454683493,5.539925649271268,0.8204834016126628,0.15769149383996253,2.0
-52.85860293974105,137.2891241323534,5.608777972743046,0.9251909306657664,0.2769286528911153,2.0
-149.06727614803572,-2.3004593062377547,6.272464164924072,0.8724495224369545,0.15240463995829606,2.0
-3.1930917516607207,-81.86562633667192,6.964490333217439,0.9290670578374106,0.3161174540275402,2.0
-107.76810148438211,-84.84329895294162,5.5912321069693975,0.9121603097415943,0.2922083442390915,2.0
-94.6318460092121,126.29593867108433,5.527064691280891,0.8137792500238371,0.14313357341491392,2.0
-101.2205592035866,180.18438158026757,7.091954914504387,0.8851449395646943,0.16222539298596964,2.0
171.94155759199631,87.56446391086033,5.672102173529851,0.9184672487038866,0.2575626869478443,2.0
-118.96667141107788,-1.2049782249980443,7.625008922968273,0.9194042667464724,0.20373014665689934,2.0
44.43950461752252,111.4981822611573,5.532169563612186,0.8742035477469587,0.24691881531508075,2.0
-137.5864445907039,76.35073848169512,6.8384811577056155,0.8777577758967656,0.14912860055533692,2.0
14.352921672475071,119.86916343426809,6.25421755504024,0.8819942498235375,0.16130190231031605,2.0
112.89358339968855,84.3454208266727,6.731874579378776,0.88485066403232,0.16186419974497612,2.0
118.25911464092795,-114.34766055773319,6.474368003445691,0.8724764803889766,0.14112235058088055,2.0
91.30707506832393,-55.3397142381787,6.62798848759942,0.9271391001292211,0.2975753690414712,2.0
-90.63966702158842,-63.62103627088589,5.822136388327833,0.9019759816447988,0.3091703490635244,2.0
-111.91016701826327,-47.23799693526725,6.056263158366734,0.911278802349539,0.23323231677267062,2.0
-145.35310881493433,-12.708662005342838,6.609225748502796,0.870953443460942,0.1347642154617286,2.0
-95.35733886074775,137.7056554514511,7.806450100136054,0.923121483825571,0.250525670035204,2.0
36.34018961416662,-141.68845983618402,7.678771205998296,0.874300808981473,0.15797010174893314,2.0
94.17024581487043,83.69961907345457,6.071461155971157,0.9012668486327209,0.2053244135753819,2.0
-23.075883090223066,-163.82419964054398,6.007612990472643,0.9110520024274112,0.2399548371151615,2.0
-254.3579428464028,10.40459585571216,7.691852766123874,0.9124235975312965,0.17499867467956848,2.0
-115.61604019345775,-37.51472955294159,5.528587406468494,0.9148556679532881,0.274984348365254,2.0
102.37050775951973,101.83892707600303,6.851798250785824,0.9418914457678774,0.29363784418026917,2.0
115.95084776068103,-67.95713795423462,5.950575804278633,0.8782910850368915,0.15052565859629116,2.0
-75.14837737763918,-72.38334766813266,5.10555359284825,0.9160907033761952,0.26484158184291096,2.0
18.713290890970676,-127.82975658318949,5.688360682469004,0.8561659396687772,0.21374576349745972,2.0
161.55780218504103,-11.69075977260055,5.2530439516359575,0.8435862131571346,0.19749243509823533,2.0
176.381573630429,216.26782992195953,5.821028542163501,0.8483938121300585,0.19960935133627025,2.0
-69.12363440355877,112.14252320874843,6.982678870405396,0.9188736179458037,0.2535598654391439,2.0
85.7032675193033,28.136122354762694,5.433615937243917,0.9074433271956466,0.24081553547974055,2.0
15.46783576801484,153.4227294425901,5.915141299556796,0.895092991595391,0.23764817367456498,2.0
112.17150259248758,195.3456862193046,5.410458617951242,0.8836135448807395,0.2821790248744927,2.0
23.603201270004465,124.595825672885,5.200070335749708,0.9174292725474403,0.2591266539252175,2.0
-9.292677330973966,254.41310564431595,7.510785430673387,0.927867821379566,0.2838810167428745,2.0
-155.16845693182265,120.37594471384736,6.4393413595104985,0.9254828514615052,0.30667942840939166,2.0
-197.4468668593036,-104.9709209852982,5.674416463559732,0.8881363076648952,0.19035320299706496,2.0
132.79451466542122,51.388833994925584,6.042587807507232,0.8917094018646237,0.24261645695493994,2.0
-170.211599410941,41.74651996782988,6.017912730355053,0.8796967681595235,0.20016338626734936,2.0
-41.16364034323135,-96.88953645703425,6.217616815334987,0.8842989746682962,0.17359279679505027,2.0
-86.75194864829206,-121.17089843324786,6.708627161856347,0.8838097057391872,0.16925499193085333,2.0
101.75171141035096,-5.500824288255569,5.380348647747027,0.8229899892980391,0.1631567652719547,2.0
142.49779150895785,42.74750582055441,7.177838856722109,0.9167347369943925,0.2886046057989594,2.0
-109.21095073199065,-156.22018957247857,6.309701430990109,0.8792591576410275,0.18728247228647318,2.0
21.942346736322623,-113.21986492575545,5.628293789531623,0.8733500145832395,0.24768329050276958,2.0
-35.2357720556779,-134.71105539082973,6.1770602973675555,0.9024000138430142,0.303632918978869,2.0
69.80166431368761,-76.6894867633735,5.817425850434423,0.9011743233962168,0.20837978614571814,2.0
-30.79443858041589,-116.9714324456829,6.429265232505533,0.8966982919079064,0.2131704597108383,2.0
160.16607169503524,-32.17701163667857,8.28297886018188,0.9113329827544416,0.14405154344247267,2.0
-33.29232875301308,-89.171306290383,5.594861785624321,0.9156287538941572,0.3003075830130515,2.0
5.954218856516203,159.37569746104393,6.545211525379438,0.8714042950734994,0.14840665680988635,2.0
-128.27020903915323,-155.0589057147866,5.86578394946201,0.8911196303276325,0.21000287643185317,2.0
-24.420693889932895,-83.7579082065945,5.479560231711384,0.9147351716302481,0.2740324313789986,2.0
131.4946149935351,-133.2798949382908,5.651363102035375,0.9252719837295708,0.2921948894574018,2.0
65.73444324783743,-135.9006764084494,7.132669965087551,0.8652760675942143,0.12267578775453039,2.0
-55.16232678392937,52.114660914097975,6.345912173812867,0.9189888039730364,0.25996534027082385,2.0
216.19492383436344,-92.9882702989624,7.201346404139904,0.8987613541430551,0.3072300453447106,2.0
-432.2975353016419,251.03237718385114,8.061607178955393,0.9021600694780969,0.13109892537583956,2.0
134.30318811077538,7.436540360109179,7.300910439057893,0.8907404421311079,0.1852765356310896,2.0
-166.84330835554695,74.08854992582626,6.076750328357421,0.898957691705937,0.21585051263931015,2.0
3.7136842873599036,-111.36836506477343,6.112394692869175,0.9023032046246208,0.2514024900177959,2.0
150.5623519507299,-51.921851439790906,6.894346758397604,0.9362349555692259,0.2852593983584293,2.0
103.72729588931197,78.58840961599195,5.683162124207383,0.9117418559857072,0.30548183809876084,2.0
-23.64234717583386,141.19877816830768,5.486142508517283,0.8849180929169944,0.17345200054074714,2.0
-17.5627225291636,116.24759011300455,6.609124757591638,0.8893471956042599,0.29079721160852884,2.0
85.55800378701788,-139.1026931208682,5.890142905630246,0.9065472730149028,0.22483035505089,2.0
2.513085746862282,103.94006722533479,3.8609709247384956,0.8488931360042075,0.20713318253332,2.0
79.54193457945748,55.96252741191832,5.2579607505082535,0.9068498211349556,0.31451511624020395,2.0
-217.4461843095362,-7.240794179888707,6.902264958479322,0.9348632314625206,0.23397184914948121,2.0
24.312906956060242,-103.35390019456416,5.892509576023384,0.9145895294803496,0.29054859364746827,2.0
-115.46152490777963,-77.63706992145251,5.723671139073426,0.9171018739606388,0.24706867840263366,2.0
132.80346238860446,-16.788075875709765,5.839965902427356,0.8860708910005151,0.2948195734807991,2.0
46.50924689234715,-257.74986987900314,7.575854295698654,0.9104518555577271,0.17296659234225464,2.0
32.75476413097999,98.13271861382007,5.291243648159315,0.9210307688579917,0.27099707091045505,2.0
-56.3293414805608,-46.925601572722535,5.642709233802895,0.9048007158154406,0.2271313154449016,2.0
20.178398771719028,-74.12998458450996,5.740782574472159,0.8896599558893156,0.29104770489500853,2.0
51.32911062606722,45.026431851722705,6.508305296338226,0.9023281114094913,0.22960210997292593,2.0
96.10537528590052,62.88010465860102,5.13593487461459,0.9189815851847943,0.3038406733466004,2.0
97.70142236516553,-250.05942554163397,5.28198887323467,0.8323321387068064,0.1681514722881824,2.0
154.6935957133578,59.846455501839074,6.498605985618689,0.8730443684693503,0.15015774891181172,2.0
52.38407608583129,103.45505445017531,7.199179952497792,0.921515069851535,0.26612859987712983,2.0
-15.740225496676237,-181.89965083196387,7.101693239692124,0.928987257132276,0.2080475445154613,2.0
-139.21992163501304,53.95537803932977,6.237348029547609,0.8993566788421372,0.2239559579410563,2.0
-200.19079013669239,37.316744222240736,4.093046077561239,0.8387920297686563,0.19795411959538334,2.0
-4.9161367973836,-237.06334978725803,6.952192257134062,0.8768088278091759,0.15555273949950282,2.0
-142.4106661120107,-24.54552368634359,7.074969553865733,0.9223835154922085,0.1981229448631037,2.0
60.22313779199186,-167.27318279392077,6.660079578704354,0.9233461192607781,0.27861584194264316,2.0
158.11671281668683,70.59578831199553,5.84007901595297,0.9155120971254781,0.2632064301369503,2.0
-91.58222594979212,-103.12149651391691,5.77285653051792,0.9196416309808992,0.25938978493846204,2.0
106.19534679024753,-72.56590448508366,6.091013984491433,0.8944788680047249,0.1868610925083469,2.0
25.85587401358913,171.39523098090095,6.321781844179153,0.9085005316885563,0.2426242643642174,2.0
56.012165778721894,186.45362207000426,6.18743857319564,0.8795938293280683,0.15730284445283116,2.0
-101.7686244581315,-65.77982243111543,5.396287387762075,0.9044347792940901,0.3045927155064258,2.0
-0.3314057821320129,-163.2824013018222,6.861084276704006,0.9342843963803895,0.278399041747696,2.0
235.2427927614176,20.97253324094332,7.515250338037199,0.9061602338978902,0.18867092039488204,2.0
-143.52263973474348,-51.39621592812477,5.305270448241815,0.8657906046689458,0.2253422841560213,2.0
71.87793849291054,103.00450718378237,6.174972909927171,0.8882878085984827,0.17097835373600334,2.0
-58.552931922331894,34.35999834081971,5.176292379810917,0.9224841261276324,0.2770624473393989,2.0
196.75082184134237,31.58136422973853,5.431938814304325,0.8998417247148149,0.2435437729873401,2.0
-151.72196355195894,-43.944013258965,6.793025490689135,0.9182107007765138,0.2684722847562112,2.0
-88.3566645736631,38.52995656789195,5.674990701583666,0.8938108738026885,0.200982691235406,2.0
56.063754052500435,-127.71761428328323,6.719499073512014,0.9364570028895867,0.25078769939142925,2.0
-33.2517428406565,92.82963114729384,5.906506199609918,0.8595582876867718,0.21910380050944098,2.0
-23.37796484797321,196.67198768244836,5.7239096240595115,0.8321086173945955,0.17718760497832217,2.0
-59.875239859773785,-123.0659871693247,5.549756161780223,0.9047094740480938,0.2494972380901829,2.0
-113.63934702752198,100.44930828355929,5.471327145196357,0.8845483382734072,0.2632333692538783,2.0
-180.33887114183625,48.43686188780674,8.024825681316713,0.900297908124782,0.17254613618702078,2.0
148.17965976527276,153.87817091698747,8.027182323752822,0.9140925994503349,0.171583855199902,2.0
143.94857669170693,-0.27051244195134794,6.184861560584014,0.8843061852484237,0.1677311821059561,2.0
55.73017184059216,149.21896785026397,7.2962945057807405,0.9033054799266892,0.13639010347984576,2.0
-98.40592753808569,-157.5838119463398,5.830428354759638,0.8915499395328185,0.20468831004048255,2.0
-13.7584851310257,137.19461206121906,5.95541760178182,0.8847123739891144,0.17772560510989494,2.0
115.98390138581188,-34.82943501868578,6.168954142277168,0.8854304309412319,0.26387345663385947,2.0
24.506087325516123,104.51373161262599,6.165713495115632,0.8788512547813401,0.15733130874673568,2.0
28.56679171613884,-37.8218949377472,5.397624858911133,0.8411459364238945,0.18087837144829047,2.0
156.4799175406156,-78.75189270303953,6.285687436445516,0.8934634413711823,0.19309284100556537,2.0
-187.76632067509559,-77.63793795395648,6.676066891165009,0.9019210902196347,0.23518815108814914,2.0
-86.37392786957544,67.14087211608513,7.025262971725736,0.9089708184351251,0.23102308458013412,2.0
-53.03693978475149,186.91319892478532,6.809888918550575,0.8937170638948798,0.1820940916430488,2.0
-40.334647851335426,164.41825281427302,6.98953474776114,0.9024559467388675,0.2581768353285451,2.0
-142.49612934740634,31.24932216736301,6.52032340028192,0.8849849551428765,0.16341993265092045,2.0
80.72921386826283,109.42504626602589,5.918183135389113,0.8927600334080824,0.1900665183824242,2.0
55.89184898900865,-99.16815215008363,5.459328751613863,0.8919490618234575,0.1804220921485627,2.0
-167.26353502972643,86.00123320658268,7.436724700844753,0.9284189250834833,0.21228359960358206,2.0
53.76639745303459,116.43404825070775,6.529382927262334,0.9246685562508384,0.3106010351631189,2.0
-163.56824051242202,-85.60139609764583,7.788680510556753,0.9379985690676679,0.26558531044945577,2.0
84.03575604016378,-101.78823377703038,5.641279227221942,0.8888181123855533,0.27736031099517794,2.0
-67.36160545828047,-133.0283873903483,7.255119739837132,0.9179152855435377,0.1981609540411873,2.0
163.6225666977474,52.63715890967789,6.153797046658502,0.9280760996399874,0.31284940105284653,2.0
-124.25972400108964,28.378750437895675,5.426866296764075,0.8987085573482667,0.30759104243823027,2.0
86.41226538408834,-81.09817542859098,5.342399356547099,0.9126396071166704,0.24606063795938365,2.0
-126.81441266712606,-80.82408853879322,6.9023244003840105,0.9103464182498466,0.23818025976329354,2.0
-218.18903884592325,48.14848893199497,5.55408464225679,0.9138490766286093,0.23629150011995828,2.0
125.0465554496971,14.942219440967717,6.083362149118559,0.9055361125254449,0.3151489133783415,2.0
215.81944708208817,220.4240773249535,7.19081979330879,0.8819677506527992,0.16033569657341107,2.0
201.31778319671102,-75.81797244857648,6.0162767510331925,0.8984622223153581,0.20791540643782927,2.0
-50.547296801208034,147.43919046869047,5.67417582258797,0.9003579684835328,0.20826639744023312,2.0
95.97610318073042,-76.6301064710937,6.271038408687087,0.89230862564246,0.18317078924650648,2.0
-60.563897877272474,117.70870741318095,5.086175681126875,0.8047093013928671,0.13536754519746066,2.0
-25.253634956478514,124.27225019208257,5.359098796813494,0.894865279042665,0.30187768099734946,2.0
-109.44190678726089,137.43666560004678,6.827907924132723,0.902196697938185,0.22864154333569792,2.0
-144.6388813707521,19.089707405213947,7.273125484222973,0.929369244189558,0.2699376505394339,2.0
-86.40681870138145,-111.0996644510533,4.496025363613946,0.8561225161075465,0.21107713523896646,2.0
102.97843921624768,90.01287282714465,6.113233890539204,0.9040502405918126,0.23742964236288874,2.0
136.95232304832876,114.95059176724953,6.115030376855196,0.9011864502689814,0.20403299881522274,2.0
91.39765982468455,-108.4712390547452,5.330882216594056,0.9231355280383509,0.2685360448872873,2.0
-150.17006091672417,-67.08908123318258,5.810012688049073,0.8551349791048102,0.2146982519581689,2.0
101.74693443393161,-105.26297765986824,6.3232573714869975,0.9315788897577234,0.22420283485633263,2.0
74.51846715141961,-93.17837637980757,5.496051379688355,0.8771975838939564,0.25783764786381735,2.0
130.09619246392887,-179.15536918317954,6.552102573241074,0.8817689629802927,0.17037629539890745,2.0
150.55931530620677,19.900991427231137,6.004643388634671,0.8620246986883593,0.2228052705434395,2.0
-104.8581982845454,160.474802672064,5.207437676617393,0.8026996149244646,0.13432335212170604,2.0
114.20011263542008,63.064965475920665,6.1130982533824705,0.8985480419672733,0.20765425092665246,2.0
-176.27108097486496,-80.45775486901175,6.647508696498918,0.903932098556876,0.3107072740453549,2.0
-5.769939128397504,193.86740897699605,5.441321468198111,0.9239901160411252,0.2715564630302524,2.0
73.68067186246779,82.42702442949351,5.782003054793396,0.8755093607756759,0.2424026112873689,2.0
220.7339486670026,-64.5348639164052,6.34863855695147,0.88902496118094,0.1825022789366242,2.0
-74.76140779875145,-95.54808153576853,5.721419543390293,0.8983852902356406,0.21182511196000045,2.0
-219.62359088681072,-54.36803106321198,6.188532929597286,0.8687384982608475,0.13293211483220813,2.0
-67.59378286174238,151.90611934851452,5.7005418247971615,0.8704940104793756,0.2360907915550736,2.0
-92.21865467593405,-166.91807896012412,7.108991647164175,0.8769429279551938,0.1496756177642576,2.0
62.625721667754476,108.41966898225232,5.702626701287603,0.9077207571481944,0.2765063831922265,2.0
-212.60083408963717,-187.50373476210447,6.7510109332371115,0.9309699808331473,0.28801781884551686,2.0
-106.659648707399,-134.7853074071804,5.351481813577671,0.865213187498828,0.291206507679414,2.0
-119.91030267295805,-134.30143715063625,8.014735843543122,0.905815607525157,0.20236914660754948,2.0
-6.334269897179406,106.77776946107006,6.5753059693722875,0.9187347244430207,0.3178162224747021,0.0
79.0630826317517,143.56612448873463,6.413900964832236,0.8947745171346384,0.20290431409473247,2.0
-230.98656616654458,80.30371434452128,6.729065973285306,0.9485633303816513,0.3065704124945431,2.0
-1.7562311389198366,97.46355186188528,4.846844780240547,0.8917747777253872,0.2761080418959217,2.0
-46.95664325160942,-142.67319008640033,7.271082095638074,0.9160308135736429,0.25477099509941187,2.0
105.34848460717475,121.20651277171345,6.284642571415887,0.8705077789004078,0.13247046649568858,2.0
35.30164963093542,-45.278060532952075,6.0603997698536345,0.9080847787325891,0.24622117462256873,2.0
-70.91538638644913,193.30611798364976,5.988560318679826,0.8971559083255544,0.21821687454716235,2.0
-127.57262934329478,80.94472498965072,6.016265956909677,0.8898317519335404,0.28577271429448325,2.0
-134.58160576924007,-14.790697811549036,6.089875127056146,0.881311044895885,0.18293128981701687,2.0
147.72683916011485,-30.25523674638163,5.960697622157392,0.860689947481772,0.2223171760491964,2.0
50.088103312861676,194.1626134157184,4.846802366309637,0.8251110268236681,0.1556042106381375,2.0
-106.29065600560347,25.507720580947908,6.00599031709633,0.9057499601238229,0.2988267307078981,2.0
-76.25968046338261,-155.13570327594636,6.2107356343723366,0.916740010963049,0.25104704746862655,2.0
75.10345123552682,-145.12081305079025,7.488331598095405,0.9280004317702812,0.22204355355829558,2.0
62.08903704796233,-146.87678220530535,6.296246632128054,0.8785922464489309,0.1641228900956741,2.0
13.91441229095276,-148.32069764326488,5.796295617203274,0.9096959991906022,0.2383399546642033,2.0
144.44848125738937,-104.64412643689423,6.202234160497735,0.8909425654803257,0.18484382168819194,2.0
-55.06515016788622,126.40865279446076,6.605626604381733,0.9361970684643526,0.2699585367890011,2.0
-69.17313819889765,36.310377180946624,6.2786204347734005,0.9346667277417596,0.2702755831279241,2.0
-38.111861837077235,-124.8288041414136,5.390101894472003,0.9120282163695139,0.28962964066920344,2.0
127.95062006756038,24.655380615145283,5.477510422165418,0.8378501770568735,0.17708834165226808,2.0
-84.23315729072317,77.88278817729507,5.840261937095981,0.8528418204716341,0.21323802618645732,2.0
-75.265668646678,11.154953568926336,5.0416263508108425,0.9061879831761819,0.23723331880721654,2.0
98.36302396672427,-114.32997662517242,4.61774104097614,0.8433604999604365,0.1931296920726596,2.0
92.67974467219246,94.77457474202892,6.312251868461465,0.9064117015931733,0.21523752727726397,2.0
-80.16002821559881,-78.74048287496178,3.4988995261655456,0.8961248827988496,0.29547559452232663,2.0
127.19830864859712,-143.42334110081376,6.3455943199440465,0.9105424346996143,0.22749297932526566,2.0
-43.94126570290305,-331.279735242605,5.09619503647944,0.8501849106185418,0.19767656600518727,2.0
140.3661984460382,89.51896911993272,6.630755200727315,0.9055209691536127,0.2448947848420307,2.0
254.50226940952143,-15.95916255494737,5.643228988741582,0.9054979027687537,0.2636134316134687,2.0
106.32464685875728,144.09575300167162,7.042461410104811,0.8770628521432235,0.1516580798057823,2.0
45.015420448287415,150.4545219144472,5.4972691353808205,0.8766204922557712,0.23415319827624048,2.0
130.40120045048732,96.35973914765805,5.788269940942009,0.9004280982013122,0.2455449079014683,2.0
30.33071052897882,-186.27496746418717,6.272701119545166,0.8838873649211142,0.16230216960891747,2.0
-130.61187091775716,3.3504257860558306,5.814246091861252,0.9006432846900361,0.20462082819953234,2.0
-64.76174968429548,-153.96207986962838,6.038158943258902,0.911083982995815,0.2553693742348398,2.0
-151.86133121371557,-19.771511316382842,4.59761563132615,0.8250900239673198,0.16926708972678992,2.0
-41.941368215606964,-155.1697837180344,7.2737390037734055,0.9014385772382812,0.2056012742019179,2.0
172.91738593726927,-70.96907813126256,5.650807849193908,0.8277392287409658,0.16375347541460367,2.0
-118.69228655855431,62.8283480082924,6.39645832399471,0.8927459292130953,0.1836896769575915,2.0
-154.45308711471318,-29.23755656833381,6.553821676667032,0.9236520925617387,0.2909052825924534,2.0
1.133431221045169,-192.4502834344115,5.994086952142851,0.877221877057271,0.17397042892516493,2.0
-6.767684815391847,-225.9859228931592,6.164100486420618,0.884264846319255,0.2689946713957939,2.0
189.656642268879,38.66475450575627,5.841641319707721,0.9006275454940011,0.22243076878923057,2.0
-5.376502141807639,-143.98358576570817,6.960174285206975,0.9191431269583662,0.28469744570217737,2.0
-70.94649613139357,142.30299936896122,5.791336234536107,0.9170612685442658,0.26589166507261447,2.0
-86.44614757831627,-218.67700445119752,6.974796651654728,0.8615105731201905,0.11666893444109236,2.0
133.6857481948742,125.64178618114471,5.974306886226233,0.8869675134740559,0.2247282259983591,2.0
-108.8282545863883,38.734770884506,7.502917028293954,0.9338908339921268,0.2921634937033668,2.0
-4.09955845329042,154.16032744945792,6.811101358902834,0.8635993166647218,0.12932186357083322,2.0
19.11395468178595,-185.62789297756504,6.040633652133729,0.8846384127971036,0.16409632516591963,2.0
-132.52597002080947,-119.07648217727579,5.160780059710756,0.8519261302244332,0.19925594122485482,2.0
-6.62432937697605,-154.66194644478983,5.3209358802749795,0.8578092225144196,0.22218796533264965,2.0
265.4230451582448,-200.62730528909645,7.080233353767337,0.9039790607610333,0.20950144061926146,2.0
-77.60097389091374,-136.25964139000143,4.636069203144283,0.862522112880226,0.22937469272109487,2.0
113.82730010048779,51.707987094382766,6.035175012276775,0.9076127417618038,0.2763899890062002,2.0
-69.15001894524661,-122.33573578191789,4.919237337965014,0.8485140258037407,0.1978990355207784,2.0
158.05128074161408,110.98427287465158,5.4710368525822455,0.8982078922617244,0.2330488310327301,2.0
32.27666239255788,212.7680004778227,5.311574406982399,0.9066658579309642,0.2379717019872148,2.0
116.01284858635844,-79.75314111041261,7.239122662197787,0.8974691577084026,0.14123397994423312,2.0
155.64488806644266,122.91657160143919,8.131516133218978,0.8926828485575192,0.1117463488738426,2.0
113.81659038482066,-91.34638790318984,6.572518008727863,0.895339295166045,0.21469914863762615,2.0
74.39039975708782,-285.2378026860749,7.2358998259243075,0.9160060239338363,0.1748827822996454,2.0
140.8886058152886,-94.56765992132345,5.837024181374861,0.9090976366727603,0.24936058051393376,2.0
-73.95391504251677,-80.23246164343281,3.4502287029761805,0.8833034428771513,0.2681945436398685,2.0
-135.2384546614275,-72.0042048958804,6.730378727492079,0.9109593170558188,0.23867259747049485,2.0
164.79054755531644,-20.794292640620835,5.75060028435917,0.8675752968665909,0.24287259182916282,2.0
169.430084363624,97.67930469401018,5.926312705777223,0.8994617194746627,0.20273706213247197,2.0
188.99681605660194,-29.2389383023016,5.262694645344881,0.8911167080915184,0.19143079261950585,2.0
5.4592306721764015,136.32749804485684,6.135478749718991,0.8987278194273695,0.21069942867633698,2.0
-34.869767608866304,72.51729120567099,6.57685984765321,0.9327572201134835,0.31767381639155373,0.0
216.3503751664437,128.77033567153975,5.710201232383785,0.8992228797126838,0.1993358673069048,2.0
-242.8542577467847,6.749559909548377,5.744113736616554,0.9017727679563938,0.2842255788243546,2.0
127.1463621171362,184.223418827446,7.1747899134580795,0.8986126003670936,0.21705447883694462,2.0
-17.402971104278432,-50.04782181621222,5.825311249346722,0.8952319488652107,0.18943028983429958,2.0
-115.27778419556267,127.29441234809258,5.731586327805122,0.8978422009244998,0.24684676827971763,2.0
-133.73839933092356,13.847952749942305,6.11893130978378,0.8909902049579631,0.20085230761094824,2.0
-105.30103579004002,-209.1792849160431,7.510408821221185,0.9253181503349349,0.22630639332491634,2.0
107.72182445119375,-62.147909033345286,5.492444413589834,0.8972750341597198,0.2011800840090947,2.0
192.72250085138904,21.72400255245968,5.592996798406913,0.901029757443537,0.2312081368050575,2.0
-203.96412638312142,-147.13661951127833,6.779035677359126,0.8762898981921545,0.15680469920849857,2.0
45.51650924972631,-125.94710278650722,4.991572541160122,0.8373812463714075,0.18150310372496,2.0
78.69015774029182,-121.88931769257191,5.610766028878667,0.9105365810664943,0.2421496191638779,2.0
-176.74611357672467,332.18234852798406,6.857209285572078,0.9149470546898533,0.1673322865264791,2.0
70.90276646131335,-174.76093245987695,6.994819808769642,0.9165339115619637,0.20932208831206192,2.0
90.52131043332828,-173.00377559392788,6.839869868559947,0.9315402377116316,0.2516113665756526,2.0
-114.32601778594137,-105.02218062787931,6.55777743258435,0.8985395054888459,0.2299002778525662,2.0
29.829020277688485,-166.36130119580702,6.856846645900345,0.8609840262302523,0.11468127865593573,2.0
-150.2143305717142,-114.253583549037,7.28394908547663,0.9158112407330763,0.24631046658283864,2.0
36.663230617497874,-129.75062137922572,5.854355853954511,0.8822568349422403,0.17779888706964342,2.0
153.02574879589702,-6.841372208744452,6.159523695565945,0.8802380787492501,0.1754880695837751,2.0
-214.69489589829575,-207.08443755574083,7.085829497010699,0.9249782470817487,0.22926758308101355,2.0
-109.56539767763327,-95.0463540284527,6.1665445997917745,0.8945825736099193,0.2834343405793864,2.0
-189.50828624083968,82.46970574006012,8.07792065321624,0.9138681358934893,0.183544871753648,2.0
-213.44770749456913,-36.132083347873774,6.775133472886638,0.8928763166991278,0.19740992223573056,2.0
-137.17402452005967,98.94846077234371,5.907878122928231,0.9032396974738593,0.2382514188007002,2.0
-14.977063732312063,148.97610631863057,7.21385947938349,0.9081510629365556,0.15923975091420783,2.0
-2.0852659523260733,176.48321682763657,5.700578490210053,0.8944012096530952,0.19410387714671964,2.0
-197.2129692132815,28.037043998458152,6.628663016043614,0.9027936405931876,0.21821927826355397,2.0
-127.4159651752764,169.15794105404893,5.783153682161719,0.9205334712522838,0.274790670266146,2.0
-215.45676576952383,4.622412816035457,6.301700245826887,0.8807359556100773,0.1742134255700599,2.0
-25.262166155296857,-145.80920579332272,5.534171151954285,0.837711677806728,0.1759287823257755,2.0
67.95613122077307,188.35803985447433,7.498888400194496,0.933782930140122,0.31136721334312034,2.0
120.74500533091937,-45.66584403137053,6.770158817252119,0.9202286832573666,0.2551421121813865,2.0
107.39966375715477,-115.13605184555715,5.539182207117144,0.8860805812939362,0.18235838182021058,2.0
-117.20815254824961,-213.66359830737767,6.522960633750216,0.8640919817437984,0.11977340374263791,2.0
152.61901579834293,-69.85329991781606,4.965873924522719,0.7999202134320195,0.12077489254098296,2.0
94.65443969452451,-132.15732850183494,6.585270055181676,0.8835414222685347,0.23203319853472332,2.0
-96.61280604979731,-139.79230389336675,7.123101869310202,0.9230761466285169,0.27710675686997227,2.0
19.202845718576764,195.6901055761415,6.546826150809252,0.8792706248333573,0.27731689069008764,2.0
-236.22376225190058,-104.29838791394688,7.66480631351759,0.9172587833160855,0.19568034641064,2.0
-79.02737620331655,44.53151934814629,6.663376175131803,0.9063114026771238,0.2755334986654741,2.0
-169.99396870950434,-61.013144027138445,7.412078648566318,0.9222205342023636,0.2631769425308792,2.0
85.05505843773791,173.86793971615708,6.563755737914109,0.9146544334708393,0.2578869796435497,2.0
172.94895948585054,-90.88124545294133,7.937235338729493,0.9147697140475342,0.1649937927585131,2.0
18.96852554317332,-166.98267914549294,5.542758758546437,0.8885736717842163,0.2593139954210786,2.0
32.41057332947987,142.73276447712146,4.1317881791858895,0.8389967996369765,0.21400275317603998,2.0
-109.46254711752962,119.76693557904213,5.245084213675722,0.8333482267688256,0.17093787930248314,2.0
16.034699644616545,164.90762494216193,6.742477088949275,0.8805258597509182,0.16126168606467456,2.0
89.96243755707773,-119.71136942958445,6.782752712428739,0.9368173223969344,0.286035360717799,2.0
185.413468236792,75.51629159403153,5.351382000043903,0.9096030070586234,0.23415458292321104,2.0
-208.63819966329234,-48.71800582031446,7.576404588041451,0.9185009602577835,0.24183766612593838,2.0
134.5765238842202,-72.07420640519864,6.771402252172769,0.9250322491381786,0.29081224196488775,2.0
24.546920353541616,147.45817301603842,6.589957478286452,0.8829193611234046,0.16373081179790883,2.0
-66.2727976213466,214.86147221637913,6.067302527819738,0.8979115915101218,0.23604583113940236,2.0
73.92637355136948,-238.4893327407072,6.736899656725373,0.8755530139813151,0.17293641824081168,2.0
-133.3606303689357,-183.19577795545857,5.023583368391033,0.9054164735478666,0.22335278330626607,2.0
72.61870731107773,92.4472685598916,5.926437233485568,0.9100212427114299,0.3043218429376684,2.0
-98.83265924844261,258.53968502510406,5.561177435844003,0.8818169905998932,0.2556184967754845,2.0
139.06007120075614,144.82593421199243,5.661158727125083,0.923608345101355,0.3107751119037619,2.0
113.68687267837215,73.50978029492376,5.638203942573814,0.914765167221075,0.3063567439970401,2.0
-53.542172749944264,-152.84544687089556,6.2107356343723366,0.8715736372098274,0.24099376186733848,2.0
-97.58805641439218,52.716873973327104,4.624656092245428,0.8728307172918243,0.23782949385160787,2.0
15.131773374334013,130.68370955037918,5.986187941597254,0.9067400317917094,0.22831088375560968,2.0
-80.67528514588302,-103.90895785238614,5.866811340703974,0.9030612818899205,0.21849321517278447,2.0
146.3389831011586,68.2743227191599,6.828523782195476,0.9016881237598657,0.2599451851535431,2.0
201.44273664546174,-42.348048124857385,6.571155130825742,0.9349765037432902,0.2749655983133902,2.0
-245.63374928805337,-42.277264026285465,5.725802837795863,0.9155069351088538,0.27883908708486405,2.0
208.37795271285148,-7.589116249709743,8.141476775066582,0.9253992267562087,0.14648717196625435,2.0
85.6441943487286,210.34200295064468,6.223481238651896,0.8871948175892107,0.18274773863076219,2.0
-123.3632919516995,-97.8547938849737,6.7018792185692355,0.905449424302389,0.30769285639629274,2.0
-154.34433676211697,-94.52975554913725,6.380508748928042,0.9103720843783459,0.27896607750027985,2.0
-205.5265559149303,10.335331690240787,5.999250643479238,0.9200358385897509,0.2551269648262392,2.0
165.69320860287803,-154.22008249801402,5.760368971180577,0.8974871647821682,0.20331933866075041,2.0
-45.760329319504834,69.24402758369312,5.3480855000457295,0.9229814495069287,0.28889788952580364,2.0
142.38866743082917,-45.19741931441199,5.072373923627359,0.8404474398553642,0.18180311902062543,2.0
-74.3356304510585,74.68226008323808,5.595335275627871,0.8791719547672767,0.2571522027734238,2.0
-186.66658183440987,-13.305288903866385,5.274300342804447,0.8546111491774291,0.3177186414404831,0.0
-176.17321597870037,-50.24329004822981,6.350751345560533,0.8883818918159261,0.2692874707302863,2.0
150.73599644186785,-40.40825960228442,5.817114163052748,0.8866140109252623,0.27218123732427646,2.0
112.03992586479299,-154.14989907781884,5.579308885228977,0.8805561972432395,0.254102481264317,2.0
181.41570997698514,-66.21311085752681,5.662019230828502,0.9038409796490312,0.3088128178805671,2.0
24.615432934132638,-144.94888194719707,6.404431243677071,0.8802961800585871,0.2698718298521452,2.0
129.85923934204143,-92.7194429830133,6.296561376319926,0.9215116976567248,0.2744710932414597,2.0
-38.829307495616085,63.776458045824114,4.3304358327159,0.83075557487016,0.17482645368124378,2.0
121.46900463404756,-101.87377073137019,7.418604024523714,0.9506601778696628,0.3149902969015102,2.0
-99.72501152002614,201.51592803765524,6.010979942391706,0.8895782222567551,0.20651784239582185,2.0
123.689900158601,-170.39680208916414,5.177852052844259,0.921997408125647,0.2767645023233073,2.0
24.206265889935665,205.76414095664418,6.407675160658312,0.906739316439619,0.2720024640965527,2.0
79.21324713048713,-75.78611385132821,4.692084544210934,0.8341695003178689,0.17275761907483614,2.0
150.4670650995286,-126.47798505263903,6.932524971167672,0.9458002816931215,0.2815488309793747,2.0
93.83461575460636,132.3817519519046,4.383626766490826,0.849842532276392,0.2185139449992498,2.0
60.819909975009054,159.87895370137403,5.256469601282277,0.9000505854004415,0.21404211261099865,2.0
98.19129484553108,151.8721937720949,6.204517137257289,0.8827743680417429,0.2490043993728676,2.0
-76.39208425138452,-114.69756565004795,6.985658736060556,0.9263789760375256,0.21977625129533765,2.0
226.313316601132,-100.9211691801289,7.762667314739742,0.8945158165946272,0.20596175057385663,2.0
227.297793225691,-154.3136094443255,4.5982303227911645,0.880473127719911,0.25853678131346053,2.0
-24.667449007176188,-74.68188176361437,4.748447339218961,0.8470008260589804,0.20552211750430835,2.0
-154.81186915832575,156.57533065842418,6.973713348568616,0.912404009432337,0.23743116313242352,2.0
-234.65181805790095,69.11538959788459,6.159061667738716,0.8817932255749912,0.17815843128348224,2.0
181.00054010910833,-55.70295811910041,5.757858021333583,0.9104256222192926,0.2293404105682287,2.0
181.12603262042865,45.64914850484434,6.814276929613492,0.8677717603909813,0.1356035953961907,2.0
102.32843008959698,-173.35842692237458,6.484500191979588,0.8786800571193389,0.1548043433081473,2.0
-185.76524668794517,14.342701522287948,6.652847872490677,0.9177151367619595,0.2856112660191058,2.0
123.69593497337621,57.35201416080206,6.375044297891211,0.8993720338805576,0.20229856412496666,2.0
-127.86001569876969,69.6028430984311,6.189453106719138,0.913278426596852,0.2389079830290351,2.0
163.27176675748836,-100.1332457233593,6.97742640329348,0.8971257358434541,0.20674095758271976,2.0
49.19153177326388,-173.34029508905004,6.703296229082375,0.9184063438985526,0.2570115174184071,2.0
66.988794175086,167.86093100375314,5.931200993589991,0.9074640050176049,0.2337936698920006,2.0
141.62016335953942,-22.408372512287148,5.196401266543775,0.8755137966894002,0.25598244410711835,2.0
158.71178852514873,27.709801592075905,7.142411425144073,0.9066911032999363,0.23429092460222642,2.0
146.14831477985857,10.253684608258453,6.080078145556692,0.8778546390091929,0.1619142692743645,2.0
-138.751787808585,-82.93712420651342,6.040127854866776,0.8951049733199784,0.22958205927369915,2.0
141.689809130548,-179.35666670194226,6.1811733301611,0.9062709339471818,0.2229529956726856,2.0
326.96842478654514,29.932614524407995,4.757129491682762,0.8330434506799405,0.18431460311198633,2.0
-111.69700910923906,-144.55821027523425,7.1859100616126375,0.906513716881198,0.2897883019417255,2.0
34.8670327288395,165.2135636827238,5.9851260004467415,0.8871836604798474,0.2729514712660457,2.0
34.74590920511204,152.17748871107875,6.055351576880202,0.9159593040603549,0.27413042653348524,2.0
114.18280968913776,136.70225901313904,5.150874468197777,0.8944192862253465,0.25751808300314144,2.0
133.45423184781396,174.89623592052934,5.659502831434475,0.8790688546688771,0.16934021505605917,2.0
-141.18891658694065,6.132809106380824,6.342841134111644,0.8794861391314507,0.2046627749925242,2.0
46.42192890769667,-135.5274050841445,6.2828028583509985,0.8712576869119746,0.1732215517186807,2.0
-47.62755175119963,156.78418135901836,5.056509645093424,0.8606571100134365,0.2234073405982886,2.0
-91.65933101134533,-187.7532808557553,6.463295557166629,0.8557133847655017,0.20888232938102583,2.0
-236.51735525941857,-14.528411531995824,6.019058844543262,0.905858372218876,0.25597785994921307,2.0
-33.263140248118674,145.21005906025775,5.5967674927089055,0.8865506416680597,0.18214485523904547,2.0
-199.3724056539258,-114.84758551594308,5.705555668139336,0.9145932208377215,0.2668529824194673,2.0
-206.4209981783011,21.4550855996129,5.958051556051147,0.9028198610340225,0.21428084563925676,2.0
116.1220576719309,118.95563477056007,6.381440197489569,0.8663367597106963,0.13063674511383278,2.0
190.40355142148874,64.84353444737697,7.283325561086638,0.9092956197014879,0.15520291829644717,2.0
201.11527661251412,-143.77874834528427,5.141341408896673,0.9201190267175594,0.2638222603232205,2.0
-198.79654138949977,-72.77005293452726,6.089503299916096,0.9140780999909268,0.2527847357883867,2.0
-38.55682527771247,111.90137646334716,5.858472941682055,0.9026741783681204,0.23012439185822456,2.0
-154.13945456761897,109.5053240295758,5.338211500054352,0.9213946911109181,0.2586131814963404,2.0
-163.5889481083551,10.209560752684077,5.634381291158313,0.8942125000967861,0.24075815038167447,2.0
93.81649878933368,181.8777031458367,6.741693253666016,0.8719271921856526,0.2052523735573411,2.0
39.55138824001319,144.126256445545,4.049102860503631,0.843910584290556,0.19083730451759728,2.0
106.89952707610824,-135.57405151745382,7.596268730749295,0.9262015046099724,0.21697009773956952,2.0
-186.4141437844791,-49.34259190606401,5.395171352916302,0.8904354722095867,0.2908544765272354,2.0
40.72104780034378,196.8381843109009,6.2894302816472845,0.9278638230907185,0.23301450788738864,2.0
-68.63636832382775,204.01962648635694,6.4363913395883285,0.8980318466092829,0.20449863690573047,2.0
-133.9647558867375,-146.87185995768235,5.571348107588049,0.896728186135632,0.20821488072120783,2.0
3.28339295557891,-151.73003887084147,5.855258477062432,0.9165040286442,0.2652448590101714,2.0
-130.3891685410904,-62.59854357403451,5.317800209930017,0.8332696211997024,0.17018308275186375,2.0
77.6653964302748,165.65322652006537,5.948814094720274,0.9181921359718915,0.2755551666524297,2.0
138.64014473793756,-35.953437226157,6.398549273434197,0.9004649153301748,0.3087688411020342,2.0
-34.66779886294059,-165.24544512760562,6.388733955477139,0.8950305182143118,0.2128200816275408,2.0
-97.11655200035686,65.052737560621,5.23163773434762,0.8739678274033158,0.24916284499432298,2.0
26.850548791790068,-134.04695405130337,5.794471860752267,0.8993482966951355,0.20875211343496522,2.0
-143.7893394685861,-133.13188734337123,6.403748274061169,0.8850898621314631,0.16608165564742536,2.0
-129.84206476105643,46.65332351504543,6.131387179927426,0.9149575691000762,0.28335739779188623,2.0
-156.45746504796494,-75.61141237399269,5.967952436788979,0.905823637976892,0.23133368300343585,2.0
130.15446725497947,86.59453080369975,5.472911574283344,0.8278187326473131,0.16717305009754338,2.0
-207.91896234961015,-25.149360466571334,7.326765232810926,0.9226504025355702,0.27246671684026463,2.0
-134.94891820382554,-101.20358435556264,6.460349885084372,0.897490206236876,0.19521284243629491,2.0
131.8201182119024,136.44423168369292,6.015971291310661,0.8827070460321725,0.17532797631227412,2.0
-57.676743017900655,155.70677202355085,6.450192562114022,0.9136543563209666,0.2618658314268131,2.0
-138.1643547319543,64.93344785081125,6.229029249778518,0.9009938319016019,0.2441061997832986,2.0
179.6099150525631,95.3731010465029,5.871250353320609,0.8971139693947808,0.2073821429354894,2.0
136.927212696706,167.15006409681982,3.7990881649470793,0.8374228644951998,0.3001436935176673,2.0
-114.6272103607664,195.4168393366359,4.260819485121804,0.8226453753370764,0.1644957036157777,2.0
-128.2302388271976,114.0130794528157,5.517494940351435,0.9025736372217408,0.23461885816669642,2.0
80.03148688285599,-260.5869000625822,6.985439793817079,0.9166700253449585,0.26509450117566774,2.0
155.69092515790524,-116.84537926411735,5.027637289878273,0.8453619516896372,0.19452046319262006,2.0
-129.5627113368661,104.653712806323,5.20806765644188,0.8379372116642242,0.18391949334377364,2.0
71.06970905667086,-114.31010783232193,6.5061496746255445,0.8805980480056941,0.16099989087093464,2.0
109.96512605568233,-99.86184867348823,4.670088143878714,0.8201002694355222,0.18543038837332315,2.0
150.95076311046984,94.57624544283662,6.383937318497854,0.8979940313106305,0.20473406972217986,2.0
-118.71865467516068,117.16668200600813,5.612325958783887,0.894089893825654,0.19293573054525673,2.0
-41.625172122409886,290.7017799756364,5.862570980964815,0.924857795944266,0.30652843085168585,2.0
146.44684434013882,29.578692430098098,5.919550899400369,0.8906607930056075,0.28584475315365215,2.0
64.99463647650077,152.58344762052667,4.352292703693603,0.7998306100150311,0.14179321381004414,2.0
-261.43605630397593,192.6292631822944,5.936715966643336,0.898823777111282,0.21358369080852754,2.0
131.6644355359777,41.58455534513488,5.264898179077609,0.8201739403262933,0.14862374363356548,2.0
172.16418630839894,13.962898089784805,5.571362928611552,0.9232426599152832,0.2910100298027445,2.0
102.34802702785097,-193.1138102762434,5.9898806362902155,0.907350559174051,0.2256897851940425,2.0
160.29659842591653,-88.85603392278826,5.920402031997181,0.9082795236503327,0.30269869027619645,2.0
-79.91140127527362,201.3531758511961,6.489986196490799,0.8938711234226213,0.21424290283891181,2.0
-82.1399825205023,140.6049338575139,6.480360342254927,0.908014612379725,0.22962501576960914,2.0
108.45952697176064,-52.75227204122229,5.0388084983856185,0.880779508580591,0.2626125564911664,2.0
-136.5434001458078,88.03637929471157,6.371209724374207,0.901790670388366,0.2144612784838358,2.0
-137.47619265864085,109.47704846191243,5.0898926061073775,0.928071003922568,0.30046212453837295,2.0
93.36381554450345,-98.26676175169891,5.645025136649605,0.9117779820772314,0.2516979153812356,2.0
-177.64335480055027,60.402837476271024,6.219822927197551,0.8867701687691002,0.19374378737241685,2.0
192.5228454717014,51.01331247515484,7.66677197118391,0.9093298282016349,0.15365566964171612,2.0
-131.9755352447672,-42.249889939401086,4.985431143362008,0.8439905336745842,0.19555720229971593,2.0
-166.52316061801065,-99.58014131020526,7.4744475578802705,0.9308292755002909,0.29043994398482986,2.0
-255.1440551568715,-187.9608465721906,5.312764096623852,0.8673057871669267,0.22508569651364324,2.0
67.80721217407935,225.0825544034926,6.046529360187952,0.8966195746257841,0.20052281558300464,2.0
103.03599898979951,282.7362981678068,6.427011760857153,0.8774395794039173,0.16920921264389807,2.0
-206.57979401925022,-90.8565562850713,5.863129890152765,0.8945919868075327,0.20057475621977852,2.0
188.0644260828709,132.25240249027695,6.026726100337381,0.8966028023954669,0.267095361392002,2.0
-158.8630588909771,-221.288292346256,6.324827988933306,0.8767268740111791,0.1516444682250819,2.0
260.1708091218369,40.75920541592414,4.868945348990838,0.8178232205498215,0.1496338833305328,2.0
-159.5877405402555,0.24555873328407654,6.016842664794098,0.8729603618448664,0.1584555576037622,2.0
123.00344755977741,156.06285140460793,6.512226358657908,0.8706059478275257,0.15028841954994632,2.0
-121.18055078735689,38.445332108964976,6.080811472224018,0.9024160857049718,0.25370659158776215,2.0
61.99807737543154,177.3082023055982,6.22337955098764,0.9039785493304061,0.22302129845669783,2.0
140.84744499171256,183.81714993861482,7.250987837817847,0.9358786543579105,0.2427143911178673,2.0
-57.0409386413724,-163.31468082906247,6.529308892707691,0.9178098187843365,0.27762697815339127,2.0
258.0831438974966,-56.52362545303484,6.124898648618289,0.8866263750011015,0.23713110404384224,2.0
196.84362802109078,152.9144693224137,5.707424113282386,0.8962765091897349,0.20237134809931293,2.0
119.43317361470575,109.47243264462713,5.480630989928513,0.8837317759000853,0.3118950258415563,2.0
-167.48693644646852,-73.14697181566783,6.1904938913354695,0.9171519654210221,0.2797436078135143,2.0
-142.96775937215259,-92.86579583932965,6.095866147304998,0.913330017716007,0.24262344822033724,2.0
-36.33755254970613,213.55087873048527,4.81656398148462,0.8300179065948435,0.179271088525848,2.0
138.05084137015916,-141.97274397360238,5.836412536252495,0.9158746561537727,0.28860794019278563,2.0
285.43910658955025,-28.200973209432632,6.0569632806567775,0.8764247125607149,0.1591758178409109,2.0
96.93704472060814,-183.50437356454938,6.238801820802734,0.9109751589075941,0.23955758717201503,2.0
-190.5867343324667,188.10936494789146,5.825102738038556,0.8956369414826904,0.22095067723041584,2.0
37.367301628097366,135.47113228792483,5.867063798923847,0.877205518398878,0.16458082116787756,2.0
-6.896393501952918,213.7596806799377,7.60858558652754,0.9097280667494342,0.16066167473641302,2.0
-190.27643411339503,123.74906954196513,6.690497747557362,0.8776840519031742,0.1497614310221233,2.0
171.81808411096983,-28.402260243318352,5.48301864575228,0.8976702548906427,0.23401370492746593,2.0
-140.8538911099725,-42.58496281442818,5.1849631081974445,0.8940967884315073,0.28437175739750653,2.0
173.63140292761807,-131.97725217051104,7.457293359942645,0.9323050329478832,0.3121420692433059,2.0
-45.32207112702853,176.96174299843648,7.107719777174825,0.9310036495814682,0.28043000662490414,2.0
-119.85300382519605,-164.04762497444298,7.531488678626406,0.9296417876767805,0.22372760172036843,2.0
169.87987487959504,-241.13763960862283,7.005795033375234,0.8546829629186529,0.11236523114307477,2.0
-35.408388242192686,-145.3995818249417,6.231573918364134,0.8608483801829026,0.21771669026101836,2.0
-21.258543382786787,-246.4645478566891,4.779677555031756,0.8314369765467916,0.18835894243742407,2.0
-55.33490755563891,233.62033569968602,5.940390677364769,0.8882342886342309,0.18100709443937235,2.0
-133.24387035746975,138.65949692336605,5.1415440449059435,0.8283141928222463,0.1679984596002619,2.0
160.92331322711624,-45.1595005934517,6.346472479562835,0.905557979431681,0.23526338244943523,2.0
-13.978637886587379,202.56239630469852,7.012946242484288,0.9247721276667035,0.2912344242508798,2.0
210.7959769602235,-69.74402211853811,6.037824033371786,0.9013844402614422,0.2134220204778841,2.0
202.0303788705662,-103.7647991269908,4.644446457471428,0.8395570192967775,0.20405268477444935,2.0
-136.27493544080303,-34.033071898809574,5.250166238250881,0.9075606219271731,0.23164914253049645,2.0
84.9675030774417,297.6481797943314,6.915481472492846,0.8990005852080839,0.23147522915217136,2.0
129.43079298508354,229.83870276455602,5.421380785961778,0.8934385845145818,0.29790814091353546,2.0
-146.78265025709445,83.07761471514056,5.880981453887886,0.9083937490885714,0.23355901593121609,2.0
223.7878193794553,18.227020278300742,5.793656490992233,0.8929835801735124,0.31106213962938356,2.0
239.32249755402958,-94.97696267490927,7.745824924566624,0.9400461648498842,0.2703286627542771,2.0
-65.33668559946835,340.2668911755355,8.036992938165966,0.9315827862159564,0.2404126328104644,2.0
-153.62353434866992,-56.39999405006144,7.315215573108325,0.9102769608090023,0.28496024170023504,2.0
158.42419017980575,135.47245952805127,6.3841896714653315,0.8828507595125582,0.19016385937088845,2.0
-43.060012301706024,188.6645792982459,4.867712319821308,0.8612372741631464,0.2937122483997268,2.0
-145.67863563067635,-75.60137343055385,5.545678208025081,0.8700858968988572,0.24288001629061604,2.0
50.35884557669926,176.83506345237973,6.160046777883145,0.9061236217375548,0.24330401314940286,2.0
-63.26498136580572,134.62424152959343,5.774229522166893,0.9281447502261487,0.29184018683121377,2.0
-195.66569671138404,63.79737678700787,5.399210365628369,0.8401019451953747,0.20008077458759022,2.0
41.27056695578667,-186.40101163214354,5.797791535811185,0.8525196234679869,0.21259640047345288,2.0
-139.85094963533894,-155.62170298485125,6.188452871470795,0.8993631997452559,0.2248547166950384,2.0
88.34390347341652,148.65541547201207,6.019463315939765,0.89634159887406,0.2918893601263986,2.0
171.36339908692142,-50.16888608272914,6.170841457208519,0.8974634130600118,0.20331754977305533,2.0
221.27949190171472,-9.37550565683,5.993858176644029,0.8895070532729292,0.17233120587395265,2.0
-77.20179033626253,212.5395800741339,6.566447474329749,0.9035382159650958,0.229797502009363,2.0
59.80263878192163,-179.3152171829231,6.944152499197983,0.8786396542753087,0.15877168509311276,2.0
-62.13421167156728,165.59893726695466,5.916732483502052,0.8640115158247932,0.22232039649819044,2.0
-69.37599509354631,45.47677201285935,4.242674654732347,0.819355870162448,0.15655298170225837,2.0
11.258633800608736,-158.62577697450976,6.025180595873964,0.9016999316657832,0.2672129804263172,2.0
-77.93591214494273,150.9944824847639,5.853058383280702,0.9165649645063122,0.2618761969237584,2.0
112.79235154022923,103.54319912810364,4.681884348753825,0.8525795900334744,0.21265422168881856,2.0
-25.290413580467487,-136.46422577279293,5.28406018211723,0.8752590440992031,0.24596408449883447,2.0
-40.47861479348519,-175.93397425885044,7.406216503407055,0.8914927292657506,0.18178841174131063,2.0
-180.1509126238365,-100.37808769568838,6.19513759789485,0.9010490580313166,0.2998020210367347,2.0
31.892094556801123,-214.88262166493985,4.663362522196944,0.8358315795058454,0.19834237243252587,2.0
-50.3091401394488,-62.66993291812596,4.810294678714343,0.8506652425486785,0.19801143193687915,2.0
-199.8323914902008,54.19399241741311,6.771342169078996,0.9151040777693695,0.27945524409136474,2.0
172.71588661767908,-101.38578182688583,3.835383237874941,0.7897748380903159,0.23843661737316046,2.0
-180.12359659093323,36.84931704844921,5.635890425769142,0.8122414139097796,0.1740886933373783,2.0
-219.21411121641253,-44.6681612775275,4.972886130589346,0.8226294372296974,0.15786391375015452,2.0
160.0249572089804,-135.20224155945212,6.956875898506751,0.8952708810141103,0.220072461214065,2.0
170.7155332740352,43.60858148086065,5.536968524984456,0.8890504077878073,0.2792878223923475,2.0
-151.25362265860798,188.2728693101424,7.164609034720969,0.9166075150484853,0.20065287891114414,2.0
-162.68889280720634,-129.82540481966,6.243336614491758,0.883237660020999,0.1714196000944719,2.0
112.33690513490785,94.92332873882508,5.447747930975144,0.9038909196857551,0.29512307655600806,2.0
-15.093648969646468,-76.83026760227192,6.3364844619722955,0.8953772672760829,0.27767773216984554,2.0
-138.34657084002927,-4.252542959816644,5.7667885738738995,0.8862035607971521,0.18093209620448608,2.0
-19.37073237326375,-67.18468889324654,5.22329677621199,0.9296652085079569,0.30958611324715096,2.0
-123.30665629869519,-122.3140313670667,6.086566374148235,0.8897174475928126,0.21252736172344178,2.0
-27.412636762023073,-175.38451361427175,7.302742897994938,0.9245780124541508,0.2760891066086005,2.0
192.9605948372575,83.0382930824692,6.374028384858479,0.8667491499090342,0.13428796921627242,2.0
-110.94953914439436,110.21847763469498,5.905963137477857,0.8917517218165723,0.2775866703873898,2.0
-161.75619437430728,26.400810915037578,5.072520093403788,0.8180095730786198,0.1508396077125781,2.0
-157.92456281782773,67.60728325424496,6.295446996367953,0.8962844134739931,0.19232208209984852,2.0
-74.21449411370052,132.32763769762647,5.9836769156188065,0.9032214120815975,0.23301865192797705,2.0
-120.6585376068139,107.17041402899902,5.502148718557441,0.9001461934363211,0.2985158484049653,2.0
-140.95902696445407,-61.468607898856746,6.470975384588476,0.9206516244497006,0.300028210043417,2.0
68.36536759516446,213.01771464005034,6.872123531425347,0.8913682019574798,0.19463140804475138,2.0
-208.87490152017438,-68.72109518621346,5.359553876327499,0.8911715088135549,0.2942156377849944,2.0
-8.000116407001512,-172.9630481074887,5.685036416235241,0.9116255492431403,0.27229914545458717,2.0
-173.17854725695597,142.2790291287376,6.908889393596992,0.8831484183272089,0.1606750122297588,2.0
229.26654530795062,-27.259779147760145,5.0836166566509675,0.9137739702644924,0.25677814195051984,2.0
-105.87277328808976,-167.87731269033392,7.77915458675254,0.920717236275024,0.18794180493165866,2.0
151.38992850418057,177.42329563351652,5.819403153342574,0.9144428013083649,0.2498884911197445,2.0
162.88918995425334,-1.9948752404004966,5.339456555034752,0.91823560243222,0.2609713141249596,2.0
5.365832657242252,209.98340696999173,6.746707129439933,0.9279349688392373,0.23983636799640035,2.0
-150.9099534066989,-156.72894837957935,6.177174409269299,0.9115938374395202,0.2704506533691161,2.0
213.84896357336578,85.43540817286834,7.216122841654251,0.9163858057226644,0.21977084637204053,2.0
-148.6166446966818,60.948922084073,6.21017637836001,0.9056467673829368,0.22158533106229567,2.0
163.29286623206238,247.72766378830164,6.093804566630739,0.892748854480853,0.19040488528340324,2.0
-96.89373298426507,-177.6692697496814,6.751533702673191,0.8721012350135491,0.14967567273937823,2.0
57.99351516282044,240.34367551755116,5.363307951627586,0.9298348418463822,0.28937919452612193,2.0
168.4367069472146,-143.39861032257838,6.349864363393894,0.8845381116926613,0.16849293720158,2.0
-46.36150755304009,-42.75814218805541,6.293332862033985,0.8852814269833704,0.25529161234207126,2.0
-22.236510836963234,-201.17173502444942,4.572868147916564,0.8267435860472913,0.18985620927126726,2.0
130.37995572931507,-199.50215451590125,6.3329627686426715,0.8803153832200197,0.21042682435676272,2.0
-219.69240012299554,-65.88867308566408,6.677121322443132,0.9027637681378667,0.21655447737313852,2.0
-180.00257954023638,-164.42388867710028,5.923881060869168,0.9170796702608699,0.24751382838398275,2.0
118.83158336218496,246.68409630916562,7.8844744381853955,0.9216455896130118,0.19157867060858885,2.0
-223.70940384869314,99.3508288711417,6.858153314727621,0.9440256803899313,0.3125709013639322,2.0
144.2335350665133,-160.59036783284782,5.903816613982317,0.8613047757958887,0.22330891707049141,2.0
-87.97131378702974,118.85723000990704,6.005715914236204,0.8803778464323292,0.16696997176135717,2.0
-174.25266700216298,11.547610632393473,5.388923287936891,0.9039218376784935,0.2825185019706615,2.0
-268.6305207685562,-78.99854453462908,7.589578073147972,0.9087484533677954,0.1404767197762961,2.0
44.94266360856608,186.07114747605317,6.097098687627315,0.8799577725478919,0.15679396615249327,2.0
98.42545578492837,112.92917884607654,5.981330499603268,0.9013265600650338,0.235531692501215,2.0
81.7657410317587,-111.80597201401996,5.550158182259072,0.9263426507792445,0.28901093299396885,2.0
40.79784393500212,-166.28224162677478,5.63883457056151,0.8095528685566126,0.13502001347503823,2.0
98.02738264101859,-154.71493029801172,6.552600223736022,0.9308631166287183,0.29941535669744673,2.0
-69.04175060542353,-164.25649540260386,6.600149925769405,0.892907615107248,0.1825899689596609,2.0
-97.89621760505182,-198.23042140712735,7.037189150090932,0.8679458412033587,0.12882492371963244,2.0
222.4814540346159,-202.1938616173335,7.823765038691445,0.9164288606397336,0.16793940881052227,2.0
24.984724277680524,183.78739192588887,7.394422669119422,0.9323550731302606,0.2523508085930827,2.0
40.63375984963012,218.2964631533779,5.726476878542879,0.9038791738021258,0.22425321309384488,2.0
-14.470683242114251,-0.9893172864284044,5.394197004917995,0.8681447563594613,0.2766620409977102,2.0
121.0878384489463,100.09974725023051,4.97095104922916,0.9271208003930215,0.3010506541572719,2.0
165.3745518940935,128.29893102068834,4.339880506203426,0.8281168187046427,0.17336178484899145,2.0
-99.56508454047697,116.8124910535644,6.740186564293183,0.9090321570441056,0.24636664465145455,2.0
-149.7950712989485,50.065099921564794,6.169194514950836,0.8981075269865326,0.21580291052931017,2.0
122.79828626078447,128.64996091518194,7.146745713960926,0.9019629710071124,0.14609839901188942,2.0
126.68264699127036,117.46435904972147,5.563925385171808,0.9078037151055343,0.25217485615237073,2.0
192.65294785451195,-237.0862543962377,6.193181122905787,0.9157346836583862,0.2917338712762899,2.0
-51.70233419918067,-229.50068211633194,7.957361171005907,0.9110543552198581,0.14995814479236236,2.0
-116.41884330013204,146.4862519242917,6.014650158468513,0.8934156128636072,0.2103163490251313,2.0
147.68438431612265,113.1425311300021,6.087312766607366,0.8826271054998353,0.17532990888426608,2.0
-73.88422387485032,-200.13315656006364,5.3394874843817135,0.8778364916579171,0.2635010962001594,2.0
-319.2442831843184,10.013236202956312,4.945512518215248,0.9123908722365501,0.258826988693913,2.0
-133.9708025793888,24.626621666762368,5.488835704015505,0.9131274653603495,0.2469650912392689,2.0
234.595579438901,149.1223365581177,7.00977476388183,0.9190124415663121,0.1767560932359619,2.0
-81.22707100175487,-250.36434779103672,6.044130604180821,0.874719978152426,0.19635750758345477,2.0
-286.57799648385253,-137.7752362984998,6.2609690605177875,0.8933827450946451,0.18962299089481463,2.0
213.7659709127153,-190.48889647888393,7.625593891988086,0.9238254387854198,0.22083702152861662,2.0
-28.448573868687227,-253.2040460422106,6.375482443906147,0.8905695406938939,0.1963453235921223,2.0
94.78501388366074,42.940120555885656,5.853140971523069,0.8719976440725691,0.13418179712290923,2.0
-260.65361297677,-54.428020125855674,7.203765428523845,0.8670976418265387,0.22849737088758867,2.0
85.25205483416966,-128.93970493023247,5.089211026609722,0.8229332986373185,0.17093805023628855,2.0
190.06954321180703,-61.15369077363756,5.669481168335597,0.8559963969303638,0.22147457616745392,2.0
-168.84270642344075,53.19844029751523,5.95947872734562,0.9050000752623588,0.24256262871355916,2.0
-143.77936245930297,137.15968843342,6.709428064566363,0.9135490843576997,0.24035533139938084,2.0
-197.7818299752306,-253.25710003677975,5.847576140861653,0.8891356535490033,0.1946576923773233,2.0
194.3713271982089,-95.45885404418522,7.376063736812602,0.9082601051560587,0.15290875880585572,2.0
199.93818456312263,59.30253312095264,5.091991147395031,0.8146441543069518,0.14423007932068724,2.0
-84.81112005763295,129.60513544020552,6.2954599760609185,0.8970697599768109,0.19654869372410577,2.0
219.2634893669288,-292.7620100680256,7.36058489062922,0.8902878418105152,0.18500673550219257,2.0
-179.1292942515913,89.80457130229065,6.112403628596503,0.8920285777849412,0.28068175221309527,2.0
175.2308430033761,77.75679009042567,5.7768820646993335,0.9081452084934517,0.22609352313939543,2.0
-181.03790206858218,-121.12799060663149,6.700561137560823,0.8828052302547968,0.15944437411287296,2.0
15.800746805457026,99.9204959474267,4.990992485330021,0.8829675540442079,0.19166788410749755,2.0
-201.0587565872012,-38.08018238710907,7.257191564416955,0.9206191184430449,0.28489413090538607,2.0
-207.17489647483643,-13.080916596282966,5.999250643479238,0.8980028203647396,0.21543586969505119,2.0
169.85227027098804,175.38470230014326,5.461442673524694,0.8730195091775235,0.24468673949878464,2.0
28.913735440079172,381.79418685395115,6.913401035556009,0.8892072914790432,0.19390603391653258,2.0
254.77981052865846,32.23218212929922,6.408715669687985,0.9209728691873326,0.2133705194103522,2.0
-226.16252103236334,-36.36381436332802,7.292435165332933,0.9019835306705366,0.21225192439883703,2.0
-35.4854778736807,122.56087282502547,5.629293168649213,0.8964226260342891,0.32128098244763237,0.0
-176.9800349351551,-7.866220925608643,7.654128020320687,0.9046995320405713,0.13127103035761495,2.0
-196.68448215012384,16.768363979411692,5.899766013455391,0.9019467509202795,0.29935553518312213,2.0
4.776341450261088,-205.25153432677658,8.602629152714721,0.8973296430226536,0.11039938331546344,2.0
133.40911449498788,195.65124987596593,7.957605133838747,0.9139997560757527,0.18054419418982814,2.0
-104.26484706099744,127.89300361156829,5.737806642814201,0.9000111760708388,0.269316959030637,2.0
-212.4042472086175,244.67306632367757,5.5622153319085,0.900310997966448,0.20550073900719848,2.0
153.0124551424593,37.766135152480366,6.136314790432259,0.8627577554886772,0.22061589420008712,2.0
279.8919016996081,50.16868737301055,7.171444599613688,0.931084677915563,0.2487886258495971,2.0
2.376614419224858,-283.8352048708601,5.6608725852252535,0.8856937704240082,0.278688610868573,2.0
-196.4501349754479,-8.422091432063809,7.201245654788175,0.8939247305359549,0.18892411889903266,2.0
17.990826501821722,-275.92884021953205,6.280324673790481,0.9029109440771574,0.22820715787159285,2.0
41.467007992674844,102.09251640837562,5.259186206327508,0.8630033321699933,0.22845788927006228,2.0
159.6607041702294,147.62966619783012,6.9852188437383,0.9149445535027446,0.2754613034272557,2.0
181.11211873624097,-3.9188812227329826,5.078727065292768,0.8965383241451382,0.2934139138442161,2.0
-189.58892990650975,-66.71313957307233,6.133192373233519,0.8966039691322916,0.2152607627768244,2.0
248.45380016797617,99.01947635050475,5.862951707759493,0.9000862250671683,0.3004343996575073,2.0
-186.6487300209001,-130.785377184226,5.92011287422146,0.8868533269992777,0.2761261672211543,2.0
-372.1365756030728,7.966271934575285,7.328849779021164,0.8549460211931944,0.1110063402995294,2.0
51.04848442739074,-214.663623512874,8.16020336065695,0.9282799077141648,0.27507112809059764,2.0
78.91124299365855,132.6911506101106,5.37172669461851,0.892683788018608,0.25657700970194597,2.0
-69.64834616992356,-57.08867366287217,4.806314827593596,0.835935454278266,0.1793607176791458,2.0
-52.37563327720048,-174.08175564966788,5.865305162093925,0.9011120831829402,0.20936729110637062,2.0
-85.14225020230663,-198.32020132469543,7.586484770891992,0.8791294915752826,0.1528396220121826,2.0
137.60293426444886,-84.05730440681586,6.553192209261948,0.8933017981064539,0.1857002365625191,2.0
-282.7692529967018,70.08837381315301,7.994760202346814,0.9220791803184285,0.27988235853309473,2.0
-87.26651980752175,-156.61584261078085,5.999525915515024,0.8943850620226331,0.2337342755328229,2.0
-147.94660067847147,72.05585960714792,6.1321557494826875,0.8967150013849428,0.23899483108785072,2.0
-7.094149698735484,265.7543318175765,5.612806059234136,0.8308190042110788,0.16582440831701947,2.0
176.79449182608013,116.01837155678284,5.542064701570429,0.8571796417857813,0.23590276647038294,2.0
203.77678730150038,23.215460870263158,7.062576314486849,0.860464731447592,0.11491559750652694,2.0
7.7341680024856565,-183.87815251319796,6.718541006959515,0.891053106103334,0.19314923765960654,2.0
95.70752288683872,123.63158023488876,5.3481869833819875,0.8989727442229457,0.2814984410779642,2.0
-9.900923639109632,-134.6207008304201,4.9725610314285325,0.8324075098002133,0.16942764100968513,2.0
100.58051958275313,-222.82807270766585,6.4443902322808455,0.8954293507755159,0.19186096131160987,2.0
-23.91519306902132,175.653748715039,6.803677838871983,0.9050568920352536,0.22046781849647293,2.0
127.47337278693657,-81.99025199771344,5.325954248542098,0.90001536864689,0.3111474926349617,2.0
12.347467809458637,186.67304567141207,7.163548522411182,0.8672351199695596,0.1313963765885422,2.0
171.4082323812558,-8.962937703714587,6.6024453897096675,0.9114390473453253,0.26122521995876175,2.0
-128.14805728844806,147.68343073348564,6.3882561234300095,0.9247292026416096,0.2787021532497654,2.0
287.3422494432959,-74.99214804462086,6.928860351528266,0.9191651964267016,0.19478279687705286,2.0
-27.730363230599554,-127.03232313939587,5.5573688381335415,0.9056683556943592,0.24500018336612797,2.0
212.00749922208962,-38.1655188403114,5.722412804696506,0.9021437219118246,0.23212805606351625,2.0
-155.9416887153002,-104.62455696476565,5.497824875617907,0.8370308779760547,0.17747715762085947,2.0
-12.019522049404895,-163.3165694049642,5.840474896040987,0.906851497114449,0.22261021948505158,2.0
-72.68048489314012,-176.55596662198576,7.583768551074469,0.9230163645235298,0.2798301504813053,2.0
-35.020974376501755,183.58492844786815,5.998018789761209,0.8900708184594811,0.27623231813864835,2.0
60.162147055792786,-117.03630004290892,5.932564596424198,0.9039368479082357,0.21314777913918836,2.0
-126.08874786215031,124.37434790601185,6.047437435645879,0.9129667799803105,0.3158413814282822,2.0
163.6308000497928,7.901111111528791,5.178677181124506,0.9206222311519386,0.2897967024751309,2.0
-121.99168804161762,272.1529072346523,5.1711917925030395,0.8970308742318368,0.30964150332264895,2.0
182.61113094979737,-100.88495553104701,7.198791402364152,0.9125369287031608,0.17702582786955826,2.0
110.19199911108042,156.2821761588766,6.988223535509843,0.9243514353056707,0.2347464096728786,2.0
113.16829783957148,-171.73959047958638,5.770850609984937,0.8989149432057684,0.22598453765076773,2.0
-285.68401561852073,85.04448992223963,7.901908253257862,0.934907892107977,0.23990478724612602,2.0
97.62377115571245,-202.9321820945492,6.14542521248533,0.9018252020561671,0.20474269848939952,2.0
234.57977516680668,197.28623237998946,6.308691757046182,0.9235687414577791,0.29586514057682306,2.0
-46.77711882405589,212.2392507631004,7.0435548690556375,0.9309675687869794,0.2212713428546628,2.0
-61.5158417440895,-248.55669372116918,6.204081335913522,0.878738076740641,0.16265185975585406,2.0
-80.35977825572648,-166.04742426066863,6.291248369097988,0.9113603514311742,0.25137788486248036,2.0
96.13910983244806,52.89573955216697,5.507756456518017,0.8818796485399052,0.1693272296671337,2.0
-116.89336791040647,-114.81738837952034,5.10817533834475,0.8252947494691478,0.16390285962300571,2.0
-154.1653672430034,-331.54033524911745,5.842459597810352,0.909605042954234,0.25672695988248784,2.0
96.3923246097452,170.8754037212717,6.327630778162815,0.8783618820743005,0.17540038311633654,2.0
74.61604325889942,-206.35441637293027,7.037001406283612,0.886412715699604,0.16571216152330445,2.0
46.85035970873334,-203.42372254247968,5.9416822690551765,0.8300820677948245,0.17513739002301412,2.0
16.428541930539286,-137.76494465859932,5.898421951696288,0.8996809943396644,0.22241282433055368,2.0
-111.83142086641658,186.26514590210402,6.610638288231152,0.9182573747681759,0.26199472256557177,2.0
-117.67958340359363,73.44865782291981,5.735661522309583,0.9004336249646617,0.2985057780881884,2.0
119.51045083043903,-200.87894118818804,5.825281644408276,0.8899427469642922,0.23284042857281542,2.0
-234.92403250666368,211.37498744959498,8.404333308429345,0.9156968284848436,0.1774426563779808,2.0
-47.88534235755991,198.6944818108129,7.233012724477008,0.9435449398369614,0.28100918647960654,2.0
173.92168080961946,-119.22076066224331,6.738042319883504,0.8699162142388881,0.136670989954521,2.0
219.25733067745733,-148.23638357957773,6.595629044478593,0.9136392520117285,0.2530360798507279,2.0
-164.1528338118859,253.91393476912427,7.6064719403942735,0.9101749599871014,0.23881518969372362,2.0
-41.196277795694634,-61.07790559140103,5.584461956801131,0.8638583024691765,0.2623570298186854,2.0
220.0487077677235,-74.70731654034482,5.279626768677295,0.88815145334167,0.18272297671048887,2.0
170.80429300131297,-39.24815172048788,5.874793409112993,0.9132932572871001,0.26803762862721814,2.0
-136.48179498293882,119.23550264113473,5.578457672110209,0.9118308492419245,0.3078595556313709,2.0
-22.204292183730132,253.5312390541918,6.313018975347121,0.902981823969688,0.3095905486159987,2.0
173.4303861685787,-19.178361145908212,4.443848538503907,0.8654222381441237,0.2454654514585006,2.0
241.61352026423646,10.261290736211196,6.8069268146121535,0.864934814627579,0.13539485873879126,2.0
88.43384967316314,-160.95400546555115,5.82218706145392,0.9148016328846814,0.2544660917938195,2.0
180.56926141611535,-79.2366939433124,7.392345323538509,0.9226679413306637,0.27495146932047787,2.0
-206.75770602115446,64.15117968724391,6.4712434834626835,0.9434643104114877,0.28523286584582697,2.0
105.85390840886768,28.26124334558193,5.43750490826364,0.8943682979071337,0.29067477868470964,2.0
-206.03123398217366,-1.3537950471353555,6.717361286251258,0.8948559728309491,0.215633929886095,2.0
-36.26869661327837,-199.03881095381263,4.890576243276281,0.8426820577241043,0.18369672903619727,2.0
260.7377708991637,3.892665693202827,7.359111000193879,0.9317662831879127,0.2624341580784025,2.0
38.482173913032966,118.35823412881861,4.787897500341311,0.84040165485532,0.2141212449251262,2.0
-18.45085141730719,213.20925314705357,5.682007370062541,0.843090900731175,0.193721476845173,2.0
57.335569296293414,54.712768097881614,5.446002350494749,0.9116566672050906,0.23623852355675065,2.0
201.08706022196603,1.686654827790533,5.052907750380635,0.8175696734664375,0.15711350473463942,2.0
-91.14714953105064,171.87441503845272,7.2558260616380155,0.9349483730497922,0.2639760060332404,2.0
-48.028306168847585,108.68485480486811,5.218298856477829,0.8917602603526076,0.27889502660085314,2.0
-73.35552894104931,224.75464899049175,6.930583581224809,0.9396233077343158,0.27818744798163747,2.0
-247.81177838226682,42.524251262692744,7.777642014486174,0.922369736524939,0.18390973041983144,2.0
-34.664248283448934,195.27946542440046,6.931554530299565,0.9352023635803268,0.2634265602115987,2.0
-79.20319076074604,170.34445280525713,5.961543024499113,0.857104616743521,0.2083403862769299,2.0
-145.34325332737694,-145.28810485495995,6.798044272726784,0.9375746166891277,0.276741193499869,2.0
48.69835241166425,-193.49861367822857,5.621300964559371,0.8903402857675382,0.18169390502669366,2.0
58.70151204803386,207.51148182339026,5.7158542408782544,0.9109100242526074,0.265412644593341,2.0
167.27287330024282,107.74834771764282,5.593310594608185,0.8834682475982996,0.26331755312668753,2.0
-17.35893656625857,-153.20490406833096,6.874057532360452,0.9297384649850851,0.29634693273116325,2.0
197.27359939162375,-153.22259765914401,5.962287540126794,0.9157958244983425,0.2705155583794841,2.0
231.51494282465444,-120.32366424138144,6.088150547418708,0.8990255946630693,0.20553693218796318,2.0
100.42466264380589,161.53025728707715,5.572719039802939,0.8261000518779391,0.15925779314172295,2.0
210.71521535512406,61.27304327606242,7.212895229100385,0.9003778893956895,0.16239751944275313,2.0
-181.38694934788066,4.039348008453304,5.928883062992723,0.9112655755872158,0.26386104761580287,2.0
-178.76413325920183,-69.53511344601544,5.9245012429070965,0.9219884094544676,0.2996367240665167,2.0
-7.1398950576024465,-208.58271215240677,5.212311314417466,0.8957727409238055,0.22751832943299122,2.0
-220.10110901859056,-26.081919347751203,6.083683312073063,0.9004270296139036,0.21599198827554292,2.0
170.51133816414261,24.572715271439954,6.157592961308694,0.9040398313884631,0.21323552805972165,2.0
261.74611592207657,-169.78986177377124,7.00334597808081,0.9202024263884826,0.27348095762568186,2.0
-225.17640902697272,-16.083246457962463,5.778172041456757,0.9159174979561568,0.2745339208452146,2.0
-145.9306956734622,-103.11423537135643,5.811831567780613,0.9078147483741859,0.26208600756888045,2.0
222.06162812790004,56.243303314961125,5.505550839268393,0.8974231086578587,0.23237122052091735,2.0
-68.5554666274632,-190.05025413489506,7.438356958020637,0.8977221912898777,0.21156960988544243,2.0
36.30696586907969,-252.53598218069718,5.775129141802621,0.8842235722146463,0.25074815288219976,2.0
-215.19332105084308,93.58016131636825,4.583329404499411,0.8511479090151212,0.2117215506274116,2.0
-201.42688905738427,272.41248403469143,6.781816129984225,0.9473594750051345,0.3090712629053517,2.0
-236.7699201219293,36.596636441422326,6.060674464315472,0.9168156570811995,0.2584926123491752,2.0
176.3995000441925,127.83572336130068,7.856480302965066,0.9090887146778776,0.1468407345239099,2.0
-4.640635520436538,-104.97005496457334,5.591082267890473,0.9119634578685687,0.24417204841410228,2.0
189.92232325067638,2.670514970065536,7.074538436790844,0.9468606005280623,0.2808935580790146,2.0
40.01955751482251,229.150887128212,6.520456766370641,0.8840631583041223,0.16676526130699001,2.0
-26.06428335860893,-186.1787721104103,4.915291098942356,0.8799507103317175,0.2586807737584961,2.0
-146.03692390374684,93.80767806186245,5.653736771191882,0.9124030257239634,0.2642065033991943,2.0
-46.17405420127326,-165.66505301267924,5.719327380704984,0.8831802786412368,0.2769631554066727,2.0
5.376835587845079,196.84624091345236,6.907712047724681,0.9211081268017314,0.2837349457956041,2.0
87.16985054721614,137.53576303276762,5.211942893477747,0.9005740886252961,0.2956655646091447,2.0
107.35226771168998,250.72599864293986,5.69865357673878,0.7991745399458612,0.1286141782714362,2.0
303.9436486482135,-48.9163157462181,6.872995981332232,0.9089702520098746,0.27491779345806827,2.0
177.98267428692563,292.5522234027587,6.883264162059406,0.916758860333632,0.18588577443191256,2.0
-152.59132066530083,27.938722726012518,5.508058165567592,0.9023702234233572,0.3049261856961505,2.0
-226.07781143357786,-96.08211564946073,6.913540133141064,0.8848574431986086,0.17172698810408948,2.0
-65.9396780896942,269.8223184143532,4.821398759102391,0.8420845614733883,0.18853642882473656,2.0
398.2862789165371,-5.767049719924415,5.834324696335037,0.8678826574804759,0.23668738987362856,2.0
-138.76913854834947,-111.49564834997875,5.952089162646044,0.902570016723367,0.2357671015639383,2.0
8.863149260091275,-130.07488687828592,5.536080660185784,0.9153803967523069,0.2475140469808145,2.0
201.95995278317372,68.97833690082697,6.18680477824993,0.8672589191572948,0.1276153961704198,2.0
168.7637214261899,70.16815984850648,5.342672248104281,0.9133387545801541,0.2510931765405116,2.0
185.37748313908065,211.05681957428342,6.074369471521229,0.8817257942214567,0.1657302049895402,2.0
-171.86218963356006,131.0517449404199,5.707498221989968,0.9045695560576242,0.22618245865328138,2.0
215.77018381876493,25.629250900041527,6.713116149887697,0.8774010004320854,0.14566940261375688,2.0
-122.2261346017954,179.92273532886864,6.674285583958005,0.9381642127346856,0.25941495496882405,2.0
23.84074714008617,-195.85740233299427,6.716685164498215,0.876718227829485,0.144351377347059,2.0
-191.33037704811292,48.60244047836222,4.954112222691183,0.8146603240321035,0.17000145488533228,2.0
38.92121613486283,-272.9319275023259,3.984880620749121,0.8437430051330683,0.2118597991813124,2.0
-181.55992103557432,102.72432158638725,5.723282058116862,0.8969500283389253,0.31412617633187884,2.0
-418.6309657108103,-181.37341309099656,5.921738394947175,0.8546440720649643,0.210867372767409,2.0
171.29772234968272,-196.38933731336903,6.202500276622707,0.8839522448134282,0.16569449396042424,2.0
-195.81824829330836,172.3544391225235,5.319015719867452,0.835033214728272,0.18080738221813353,2.0
46.91614405048854,-102.42207657183393,5.2421389598326895,0.814139918890513,0.14661309672721048,2.0
-174.68890014443673,-91.18816608031074,6.0620571145520845,0.8407303430132089,0.18269287498282402,2.0
77.80490002891533,120.51318340541434,6.900290373825702,0.9127054214348888,0.307578736388329,2.0
41.82914448911336,61.84386632574289,5.424124888937781,0.9032742050220154,0.3142373445202132,2.0
68.08125685942656,-187.16355069184954,6.0797186643600964,0.896830468881418,0.2460140663258683,2.0
215.19578807250363,-169.5532365227491,6.700163762736909,0.9376231885295596,0.2658508432709314,2.0
146.82278591116412,-245.82715375359726,6.838547301424367,0.8797657799792424,0.15457017451898347,2.0
-110.31355874749296,203.1351438408055,5.883711958685891,0.8608944366720158,0.16053079820292393,2.0
-179.9476098395431,-30.757106034913914,5.919676877065372,0.9055820671356586,0.22135650447401,2.0
185.9992058489293,151.5781746458036,6.407130678381457,0.8682008211708248,0.14498545647344557,2.0
232.2465537917508,62.044984838574806,6.870678682567536,0.9265308388571067,0.29435841994273526,2.0
238.06626691316418,82.81144167856785,7.007037637713628,0.9179284328273675,0.24071460722733212,2.0
-198.85589705707108,98.89020372080715,5.280060780301945,0.9117172425983653,0.28925796352582106,2.0
211.21470209628345,-58.98684037078657,5.7179774589616255,0.9137732732893092,0.2372076906537045,2.0
-351.72210207596913,116.0451080129362,6.088196178665891,0.8699255416591587,0.2347972589075816,2.0
-4.052076664905188,-183.0174696378868,5.763967388783781,0.9080544314402137,0.231572243129222,2.0
1.5630958287711696,-122.60464893982568,5.585232020342266,0.920318707437514,0.3028194727197513,2.0
67.48396222724334,201.5834406206486,5.663794593951952,0.9066239966426175,0.3137351787568859,2.0
-238.12616400201887,145.64047173308998,7.201556430950816,0.8699846711623824,0.15669711538755302,2.0
-154.10634096384138,99.6874174390718,5.338211500054352,0.9158757783160989,0.24378728846741754,2.0
-217.21824689966948,-88.02637885854118,6.204513914089535,0.8973975839715896,0.19566133235214683,2.0
-216.77851049831918,26.921398259406903,6.886263572506577,0.866585291599045,0.13293079143169328,2.0
-153.6732075867082,143.87860538495568,6.696363795007482,0.9125592954596963,0.23970585263405764,2.0
-49.00180041347792,-185.09813541948125,6.750041315384036,0.8879375812972202,0.17403622697213517,2.0
-247.69653875261247,-12.329184564041789,6.383788771844266,0.900048925635957,0.20308002319747925,2.0
160.4641287836123,171.04310736264665,5.813958182417474,0.9040159531446152,0.24452101702668647,2.0
119.0101561115365,233.57824931703576,6.814522497440489,0.9110307599674381,0.23757536306339594,2.0
200.16037021121008,41.6261736235497,6.040886677271974,0.8939058710210733,0.22189033374622802,2.0
-164.9906175686694,-140.0822652894012,5.845025737045609,0.8907307698470786,0.19304735292495473,2.0
-161.65583413453368,-157.97573256084877,5.648045462136175,0.9017992400463459,0.2575827258151243,2.0
38.79698909449309,-209.08985107805205,5.321304998733581,0.8974739910155889,0.2691760525401256,2.0
188.92730576553288,13.406980377229987,4.59728392055206,0.8742282201144845,0.24285503030873853,2.0
259.19385606023013,157.5015019611907,5.913880999573952,0.8681786577670738,0.2337822419415016,2.0
-129.44305255664642,208.84512417214071,5.891790112444908,0.9077340553496558,0.25636138240225415,2.0
56.121004020939964,168.26678901909793,5.477044021069224,0.9161695174578854,0.29640372900410283,2.0
-162.87712044687683,104.48567106631128,5.433808346595561,0.9050925553359369,0.22615430851099708,2.0
184.58949464540362,-89.86981946652121,5.14712596313322,0.8441622804938862,0.18724329213615756,2.0
77.57527484983525,73.61227393835681,5.321897296698507,0.8397469363357242,0.1801386380293678,2.0
51.039753327319765,159.56195302324375,5.53864552520492,0.8993742338352684,0.25550802455667354,2.0
-125.07011036579595,-205.06836094374748,6.525140723675753,0.8533049198412728,0.09890504821566856,2.0
161.28198682592702,90.16887013226061,6.122803347012055,0.9185234981335025,0.257852886980791,2.0
-12.826250654721902,160.1399242315215,5.0005224647093796,0.8972845915639093,0.2926997575325203,2.0
203.25836757696732,79.55466461593254,5.825409217739325,0.8773388582738112,0.25029198380526513,2.0
232.09057619622885,-9.866774750693219,5.936272137505227,0.8873516441614793,0.18066627249403389,2.0
-191.66796832566774,-185.6028939713769,6.324282868282835,0.8929348427021694,0.20750766062582726,2.0
30.602090809900947,262.57184906563634,5.6631175921435215,0.8856708358660048,0.2861069999931507,2.0
213.29363980008975,99.651055228821,7.241891956164845,0.9275885702824609,0.2442346838510548,2.0
175.06715409437302,-170.55140620743364,5.844118074764403,0.8921402412370103,0.18666532198197777,2.0
164.32994699448142,79.61639215870233,6.0951210845085955,0.9214330831598544,0.2630300853803868,2.0
12.367893115317292,-194.68659996077295,6.3143845965302345,0.8835509437590419,0.20370999616320026,2.0
88.54923294217988,57.89583178199986,4.8655654399386545,0.8342262992534347,0.18769934195298607,2.0
-15.667288396422522,223.00935280357857,5.6135636539790115,0.9099158548413023,0.24270808700885743,2.0
128.50621467399142,165.4705705695067,6.146325394077158,0.8774777883618081,0.1521411161352722,2.0
-198.3456448726653,73.47745625427241,6.590998312645958,0.886003505882683,0.22784846207763138,2.0
-208.9165016140103,138.5761130457801,6.679770305707112,0.8860016720899195,0.17780789774442277,2.0
142.2381309908198,-199.54512223418283,7.36697657300008,0.8683798081548282,0.1296668534833677,2.0
-158.44691356176315,-209.80156967597316,6.100257028262635,0.891066871385872,0.1910203100231835,2.0
170.33788068959976,237.70187881383603,6.854182725564909,0.939597267268868,0.259411932570812,2.0
-154.2503297728725,-137.17667390875738,6.377285642511288,0.8882468226750299,0.17500762587911362,2.0
267.7368065009241,128.46394573375764,6.397642348210439,0.8657736089207576,0.1283367002324516,2.0
-177.3141609544793,78.72627023863235,6.113558338166839,0.9098493348404463,0.24806607120590432,2.0
167.4289229627155,-79.77728620074143,6.27474818287146,0.8957839402273752,0.24553253427606092,2.0
205.2231919219416,233.39079317923174,4.986904150308024,0.8420592283252488,0.19857920073594157,2.0
-102.02967379564156,-148.89991689827968,4.66176195006175,0.8727350065316283,0.2602135779619138,2.0
-198.4273375145094,-19.033664372613387,5.149840203849451,0.8800272352139804,0.2724084571931531,2.0
162.7315726007671,-68.19333675355959,6.654070313212809,0.9266014182840759,0.2279234667992232,2.0
-322.8136434408053,-65.26823317916865,5.751002169635381,0.8849764450276828,0.26846507754419185,2.0
122.99180166673824,203.24993952595918,6.114066747860544,0.9075925342467286,0.31226843696305245,2.0
-380.1942406347535,-42.682061701119004,6.791466768751448,0.9070181373610392,0.23150620864911442,2.0
11.576299336804304,-216.48629764182084,6.630624831475892,0.8816743101415012,0.19420020513247904,2.0
211.02025191580054,43.500626367836254,5.398283232943302,0.8928454026177786,0.22955466663553023,2.0
-227.1653749239335,52.80081184964676,5.4819644364981235,0.9125892273047804,0.23362199245908885,2.0
-125.95737331602307,19.443844647878418,5.093313996563108,0.8349890043917069,0.17924184023543602,2.0
230.24400602754943,-36.926985504098106,5.586805661523548,0.9189478299811147,0.268752888776529,2.0
-223.58672615174993,-134.3396077483255,4.9833630910017215,0.8993299620164826,0.24528319666263193,2.0
-93.84159130912045,-149.77352629748754,4.1227354268728655,0.8735560161131154,0.2527910032272772,2.0
-177.0987543150568,20.289704522672096,5.229664926786864,0.825031470039339,0.16304457768197506,2.0
-17.846305845757705,-11.440979848879671,7.147142629493069,0.8872478683137512,0.19213671410453076,2.0
32.795209057511144,272.435977385554,6.387581641509221,0.8823607920704556,0.18611156889857877,2.0
-163.00447089574695,137.67343509821674,5.8569298869375785,0.9010482159081418,0.24055258332007765,2.0
-95.27921728215729,160.37441779912274,6.119107160170773,0.8972853973318161,0.2868967751876925,2.0
-215.67694040477235,15.450127412111911,6.301700245826887,0.8827236639775674,0.17462637314021098,2.0
145.29383566921953,-75.97811685806296,6.2587256496293415,0.8790051190805368,0.1635555332995818,2.0
188.17245803835186,103.71915555554375,6.793642801695607,0.8754003492409337,0.1666277612413377,2.0
-142.98580142186947,-184.4695407779901,5.3673863663260954,0.8982278012903699,0.3032121053435615,2.0
70.61951421906521,158.70104388561907,5.057668947655621,0.8991781861484017,0.21741121584173376,2.0
33.71721144805384,203.67661819116665,4.9830336911667175,0.8257676858236496,0.16224667950004462,2.0
178.83602914832093,67.97951363028434,5.747533957975721,0.9023442439884822,0.20804748783447363,2.0
-17.259820771431038,-171.4266147998089,4.790604752677805,0.8445301200171903,0.1891474659224078,2.0
-80.82353090341267,-269.2474418559097,4.50295233524876,0.8710269962607903,0.2409166781475248,2.0
-226.18344467452806,-155.91569372649477,5.853695234133739,0.8998581946664556,0.2287117068310518,2.0
190.84577245585905,-71.86060575970423,6.503046244563807,0.8975205944916771,0.19552693745881974,2.0
-263.70866715277367,-32.69168428547889,7.181628812955314,0.9040056724446318,0.20996581237396206,2.0
-179.19834231228083,123.37469798308378,5.846544275294796,0.8720742389453318,0.24098780724770613,2.0
7.212479874929817,96.83423619886568,5.238955470685602,0.8938640185694571,0.21417750626002868,2.0
-280.41277699067075,30.843960310624837,6.296337324193473,0.873394584377169,0.14621050256998647,2.0
-131.3001003380774,-197.45868972753394,4.792244429443413,0.8920761900892434,0.2149368290228667,2.0
-4.109267963107322,165.88635861006583,6.328981405851811,0.9167300260269593,0.25408498893360587,2.0
203.23698537471003,116.56281560579322,6.365748303168884,0.8592996571968109,0.112521716422073,2.0
38.81259595017934,-119.5260026033413,5.398476065119997,0.904095707754782,0.3077267232410323,2.0
-290.5098776425147,-197.15024615631333,7.5253344262036626,0.9243029355302562,0.22640588846718104,2.0
90.0137580437679,267.54258061422985,7.222213602111598,0.8699768542431613,0.1709158159197623,2.0
-103.57590851358489,212.2992724401274,6.986781951933573,0.9094356083797949,0.24862934107397527,2.0
-17.988741013013804,264.8806177673203,6.951980040159374,0.9265605864943854,0.2433243605190044,2.0
14.976994069839561,-176.11389215772402,5.542758758546437,0.8632451613376714,0.22263806763519037,2.0
-248.2826527778999,125.6599504580805,4.5053985899071245,0.8232322107220496,0.16831053489879255,2.0
-89.03263483950562,48.98416578399609,5.851054452936306,0.8954753610895566,0.19759056126234345,2.0
-196.8971560369274,-94.65346213755738,5.606960644712603,0.8978087493440854,0.19892925157905364,2.0
123.40374201466494,-189.5678217215024,7.22084428409058,0.9151139159336165,0.24098438503741043,2.0
-96.14024424284403,-113.70747489490616,6.695173293366646,0.9131024537971184,0.24357972574708772,2.0
104.10091548329451,189.1153034928523,5.919446715154331,0.894297841254402,0.25420547475686484,2.0
9.049318891258977,104.3993542352535,3.5411238247413155,0.840259563289769,0.21322811586804014,2.0
202.39413083285586,91.59399495582817,7.822464076547052,0.88104019927812,0.1606579847473725,2.0
-65.5757242094921,253.23872066573784,6.246671968889369,0.8830495217380964,0.15849310727245186,2.0
213.04017339312406,-105.59176049386913,7.037447289647898,0.9390705059527975,0.2570641748218509,2.0
93.6505660609986,193.2588414951424,6.83967079791115,0.8774635617851534,0.1659220936827755,2.0
-42.669757122857746,140.76174701467758,5.9589660416495756,0.893691339646681,0.1913952332919194,2.0
-207.61621104543914,32.62896754831884,6.014550517477184,0.8786353768873431,0.1972199545035636,2.0
38.86235337489334,240.44530503443434,6.025691573305851,0.9034305387735883,0.2524002032937677,2.0
-141.72210247043563,-122.36509322339421,5.909366682270107,0.9000540776305195,0.2225230659687285,2.0
-38.90624871865811,204.99671163876278,4.854764799515747,0.8570876853807522,0.21675182810463967,2.0
182.28588700942313,85.30102765774635,5.760850843499109,0.9009079631768285,0.20688091167954,2.0
180.21402284910653,-34.2953794209914,5.899031322913798,0.8948525911329637,0.18688292180877789,2.0
-133.3027866811178,-164.85551223718252,6.762971562290672,0.8872783342343799,0.1788109081798468,2.0
187.76872876279648,29.27297445793664,4.588078519198023,0.8749102945380048,0.2560821015032681,2.0
-131.51428012020105,187.30642729784205,5.8195911583805975,0.9013731637214273,0.2394336802254213,2.0
-203.23276317614702,156.23856063080956,5.907977979720856,0.89001618724283,0.21449728605232826,2.0
200.64937039359754,104.56071008452633,7.5137119421640195,0.8914067567992621,0.19602500555075364,2.0
25.13176896973405,-176.52269213241345,5.997047725467538,0.8879895433960573,0.21839170486286485,2.0
-158.84424266780002,56.991803090180305,5.668614362265011,0.9156983327919537,0.29797320853948595,2.0
15.588829707668143,175.80641475492536,5.827651704480914,0.8876964690951532,0.23117519345362106,2.0
111.7539525239839,-107.42435711348443,4.670088143878714,0.8253169586585873,0.1703035249466356,2.0
166.07762283925462,-372.152739319706,6.801026827991772,0.8715111250676837,0.13985518720652315,2.0
206.144426459105,211.14785112369643,7.9743587934674,0.9033437090750491,0.1933106643579437,2.0
-197.39992714096797,-84.0855535275278,6.2352901360957675,0.9061401303471862,0.2268193392451628,2.0
-24.49578914534679,-1.6948475565824457,5.594264024133232,0.8999688858666233,0.20845105118783588,2.0
-90.97683451160849,184.98657924222945,6.03427392910099,0.8801060247773745,0.25292280281696033,2.0
153.26234518438557,48.60652362256577,6.013877334441926,0.8865871673686975,0.17266386419111565,2.0
-224.03793927399335,0.631758205938497,4.5068392963536725,0.8431299115847833,0.198773698132271,2.0
135.37530904827568,-168.14486126734027,7.494626009955131,0.9231983326331529,0.23041157251259967,2.0
-172.723524594292,109.84672351715088,6.373348230396686,0.9311601377891641,0.3047507186921337,2.0
-227.44823451117819,62.33543743510762,4.991250210079466,0.8590405623884608,0.21823286236235495,2.0
-118.72109279517625,-152.94360201800245,5.159627921194331,0.8292895742093246,0.16498991934467644,2.0
-124.02103352431067,-145.49391707136581,5.2576635033587396,0.9043523941744724,0.2803934747569624,2.0
-200.7121303223461,-60.8931526905036,6.975379626309518,0.9348703937457729,0.30090043607565303,2.0
70.52686831547317,-217.74695408754218,6.642100026887846,0.8821613557185164,0.16303389175223293,2.0
2.076206934752293,261.36195636854245,6.054869418643754,0.9031525036494853,0.24235157895447654,2.0
191.62290000824333,-50.19033904880115,7.311009750632346,0.9043430498628902,0.2154707584504888,2.0
189.2046901800818,-9.077424727424102,5.270522281685474,0.900734274107106,0.2472536489516462,2.0
2.7489132395494793,221.4409332757544,5.875875583367147,0.9025940662924047,0.22110292832767464,2.0
224.5854678899246,176.41266113720545,6.218889661040013,0.8771216884088903,0.1568383335486675,2.0
20.46340230326825,226.72328661198858,5.626583048831536,0.9177715734804301,0.31655895182982674,2.0
180.79713798914497,-24.20277823828474,5.405362521724626,0.8915049360999135,0.18047996537052813,2.0
217.16521184114873,-0.5463403787382921,5.027929061480211,0.8061190874409588,0.1417480110019884,2.0
-61.51074396884426,-337.7418741445411,5.862374464328279,0.8546441018833686,0.22871820945319105,2.0
181.02386075924306,9.671527676244361,5.226821900288787,0.901600196816465,0.3037868331185584,2.0
37.30444471963699,176.714844787144,7.244243091292706,0.9381941948459073,0.27039814603816165,2.0
-54.64973612093221,-114.71261529518223,5.4265011093497835,0.8983221002840103,0.295724751916924,2.0
218.66577174328035,36.48061612611374,6.133778140347484,0.8842381340108134,0.16564933691025707,2.0
-63.75952326310137,-225.76783705707845,6.102493339641524,0.8866606741718875,0.17500115482142112,2.0
-335.32639320290787,-14.268935251614677,6.379213922442397,0.8737115350843149,0.1579209107286826,2.0
-239.75323686977958,-4.36831813118181,5.894858589217476,0.8986752588850134,0.259424269473043,2.0
65.42521061476324,-229.41086029732506,7.2016918496462115,0.9255835371456407,0.2932100735192494,2.0
-32.688962324921775,156.0427384691917,6.204171105036864,0.896800044601091,0.22158034196309512,2.0
-145.69360324834398,104.50196460263061,5.306437809675315,0.9289763936139647,0.30670255835456983,2.0
198.00713895108925,-25.071983541550388,5.914956840512001,0.9043188047494607,0.23865034981265698,2.0
-13.985065526940938,-308.62157893482623,4.9673015678492005,0.8468549885984954,0.20237200644262016,2.0
-302.69118444779514,49.010043844653325,5.921670503554711,0.8935126312662913,0.22058226417049376,2.0
81.20644852938922,-176.42907886808962,4.694704462343899,0.8221043681066874,0.16114768864273504,2.0
81.93543932147301,-215.6570492183301,6.187769068933491,0.9002002579195446,0.23132311977352102,2.0
197.64264765448388,-14.478928538990978,5.312468220884157,0.897402875895911,0.21149770700473383,2.0
-256.936806327689,-95.00278183445032,6.395259790375632,0.9096402581974239,0.25151790120758893,2.0
-170.65411188563147,189.19031701862374,5.768809531009215,0.8928114966093066,0.2008956525897025,2.0
76.45587462550664,-132.61158294059052,6.168391377040889,0.8811877916878991,0.1880765407865964,2.0
-58.99542812892189,-105.61521922089888,5.550708317295873,0.9157515374585831,0.2851185487040256,2.0
9.34140313121572,-168.35105692807335,5.522835112092034,0.8403669070095598,0.18031717041868375,2.0
-230.66229210436944,90.9769186986464,5.161944063455353,0.8541639312284793,0.20210313758627557,2.0
230.36732184061435,50.534680063542076,5.671974867385539,0.9086712156380219,0.23560382055422835,2.0
41.12182343471308,-235.57062286181596,5.850257481636358,0.8819470495060927,0.17576128129793253,2.0
-155.37180708860745,89.15674410777551,5.938213741833048,0.898425451657293,0.2022636283739006,2.0
-182.15440772503274,-200.95466377565404,5.289551782232603,0.9006594234741957,0.2980757835855366,2.0
-138.13453770678294,145.86863776202273,4.894508755591179,0.848634615341681,0.1941299551984792,2.0
45.23473737862451,167.83494663621943,5.545127263716485,0.9141614352502551,0.28499070828040973,2.0
-156.91061256691088,78.6804578619241,5.849883436642629,0.9204638768061989,0.26269217378592313,2.0
-25.36748127393603,149.9899892979374,4.865345166368512,0.8068796481764224,0.13517952266594743,2.0
-61.26946679540078,43.280930988743314,5.110534533546076,0.899509734097392,0.20243133144826975,2.0
30.905773639086835,222.62049695122175,5.798649786172892,0.8929413648075651,0.23042300099467325,2.0
-171.4173767328187,301.43583451844995,6.286116955945523,0.8797459736216793,0.15699092554733438,2.0
-429.18157226541086,96.70276883559346,5.620630158939663,0.8675779121463503,0.2265643863477185,2.0
157.46625266278122,-146.80040044681948,6.4555136587991875,0.8879056724486292,0.18523900520563863,2.0
81.78185664206967,186.76878870100526,7.598089389386246,0.9369247794730838,0.24138267108755398,2.0
-162.13998165158193,95.5353988148235,4.697906553291336,0.8280357063665621,0.16450808199328906,2.0
-168.79305931063092,-238.62599215959236,6.51924462674365,0.9318814402235024,0.30549540720471074,2.0
221.98017692471765,-136.44261209356733,6.619532111513575,0.9357875742000836,0.2656566830746709,2.0
-72.36403591750248,161.5856782289948,6.689028776308019,0.9078508486570235,0.27696721893792203,2.0
-149.32328764525374,200.53209482650576,6.3344066328959405,0.9006775237622782,0.20725347642418682,2.0
106.62858018751471,-162.86846041162855,6.058821188502589,0.9115570400550684,0.2360344582456236,2.0
-81.4591361056568,190.23943803772164,6.463876626242206,0.8708986783012922,0.13299590765430533,2.0
-31.990291361823886,-272.73630787916676,6.114002596660974,0.8943520123890636,0.23252990976731583,2.0
66.66888627232943,235.40728817049592,5.456329956931804,0.915596032866895,0.255272143367042,2.0
-35.381756527611415,-261.9803890280175,6.556688296198199,0.879126641663043,0.15529131214776826,2.0
-10.038265397484306,-216.90491469376138,4.603965252604599,0.8637544584772442,0.21985103833280176,2.0
-163.49984799957875,-111.31603502226021,6.147756008464712,0.8740991321361982,0.24450289453160334,2.0
117.35707891832064,146.76082237477513,6.262168151939155,0.8607125258895101,0.13378384407497793,2.0
6.117229463641805,170.01177989206096,5.512052378836819,0.9017537772643867,0.2437447540563258,2.0
-36.024818092830444,31.43027776402542,4.28504467508942,0.854353022473441,0.21839891536755068,2.0
65.34135440894892,302.89513129042774,5.2697022205628326,0.8808157535102912,0.15684192737666833,2.0
189.45788127787188,-19.39433075115928,5.469316004283167,0.8968205625294694,0.21291924372925036,2.0
-174.906172848515,-110.38597893449308,6.956721966923681,0.8917791622535857,0.18745441768981708,2.0
-256.3017307640732,-75.58054456082257,6.639022478315882,0.8719754110276074,0.13610948918593382,2.0
-201.2322539932344,122.13608471391414,5.73770961468492,0.8781491634685638,0.24698849300779885,2.0
-240.89442907658812,-62.072289375039176,6.943781111047988,0.8841117957148753,0.17633268720726636,2.0
185.16158669736214,-173.31457500741396,5.412232344374697,0.8936144130338708,0.19232603660370745,2.0
122.17896947422042,-88.05281454754149,3.672072689597692,0.8395984437969648,0.3070688651212598,2.0
121.50265721491952,-219.02715514650177,5.452016662201603,0.8901900694759923,0.20001544356707635,2.0
302.46637051086003,8.921863870424955,6.354094971312441,0.8868591443124536,0.18429776214450821,2.0
122.00395990351689,277.68506503788547,6.074520283672379,0.8675125740824228,0.13246692432356563,2.0
-251.48865621362208,-32.44093201083223,6.26682116358218,0.9176448839812777,0.25816667207216576,2.0
427.0620985812895,150.751222531274,5.01608624278279,0.8820010239333484,0.27630998731190176,2.0
104.94248692631074,178.4598436998512,6.428920326262905,0.8840660192495938,0.16750772245375642,2.0
149.136449308037,141.3602039549395,6.24378958209307,0.8819669595888059,0.18204324208369668,2.0
-64.65164362918826,27.35030294573945,4.863697571513667,0.9144513879027036,0.2706697227305678,2.0
-226.8802912166983,202.4119175748493,5.724718466110686,0.8069100395423033,0.14593671545232006,2.0
114.4682129147398,175.07174056357366,5.2130834699257615,0.851047265047292,0.20842067800437886,2.0
-205.89152223428667,92.44552976383275,5.451161321460352,0.8933765538542036,0.20333934035369491,2.0
-234.8648178269711,13.903197827801666,6.234694178071654,0.8806257607166239,0.22349077979017912,2.0
-57.49535218569554,175.9008575977556,6.468780198009549,0.8925944403683368,0.1838810658343216,2.0
-133.76007353626147,-301.3651593593767,7.35932596607018,0.9209304989769409,0.18704178852939393,2.0
-232.26323225821972,-25.31735749737081,7.269208405956152,0.8967336923356894,0.19874626349069674,2.0
-240.6058959232027,-33.21829790007226,5.760650245573622,0.8841648669718095,0.2623076958102053,2.0
109.24175995947543,-183.0357278423194,7.185628886050436,0.9132586929099417,0.2461690182822101,2.0
208.29477965357611,182.09944696591438,5.010341254629169,0.9210661129433966,0.2862150157536157,2.0
54.41209762081018,-248.42339274081093,5.796634465753314,0.8849362539004534,0.2662523895732935,2.0
35.319139953553304,187.74444551475912,5.232687720351148,0.8376675370507433,0.18156297258075316,2.0
36.923055536172654,-176.42252605162784,6.915173022410695,0.8955571401119505,0.19380016746928572,2.0
-186.3781653479023,-89.80510460980656,7.049955773254057,0.932004698389796,0.30409941662217477,2.0
185.84571468025385,121.18096719398211,5.482615859612392,0.8808128087393639,0.22685160199407686,2.0
-109.47745937550633,-221.7755672630818,6.551379576991212,0.8939358651857355,0.20933389751339992,2.0
-161.53426226554174,35.7198819625957,5.759452709062066,0.8758635316779539,0.2420675834066254,2.0
269.6321470011738,-63.237375335266066,7.285767127859093,0.929612304588122,0.3093152331565842,2.0
-121.28156692165544,-224.93900741198382,6.717068036402686,0.8810884359810628,0.17204903777021835,2.0
-123.73995740170167,-184.12197221025662,5.389003851546572,0.8890321447888366,0.20556123924154,2.0
189.64694847275086,-39.109450079730784,5.776824889497242,0.884420691455234,0.22770508091306751,2.0
-57.50161412415131,206.36056578409134,6.357080627319846,0.8998613792049686,0.23730738918845712,2.0
-189.9513874114514,-33.84960935583086,5.260026701952631,0.9073799991410912,0.22793812485298293,2.0
-260.8859753609698,92.87016223093563,6.449089357808319,0.8981831746951484,0.22259273200679958,2.0
192.24278505010872,-83.0581525077707,6.218425698627284,0.890907230224778,0.19166624459880366,2.0
294.45085901254373,-24.64641601232284,4.809503717959196,0.8326253302522407,0.17672217069465018,2.0
180.6859247588598,-44.90834850612306,6.072342768553508,0.8927412731066251,0.19704852003224305,2.0
-135.15472824145994,129.4097390412594,5.761932921591799,0.8923991453778839,0.2798505048391743,2.0
143.7751043198916,123.670602059172,6.057989787455508,0.8621163983281639,0.22113669870005315,2.0
147.99477452591296,-189.28409809005706,6.276674226881171,0.8933301897432641,0.22996047693904567,2.0
-159.41192211580017,-120.27288733078954,5.401007140560984,0.8114739246155175,0.13653741856575866,2.0
230.53341888408767,9.688476740388651,5.916408509298505,0.8892296720937516,0.24424037673253482,2.0
146.90615125504533,-170.344620928598,5.440904133942719,0.8839432524533003,0.25873295354869547,2.0
15.78148084995423,210.81093631304753,5.099756881358436,0.8254542666342336,0.16484368477759367,2.0
-145.679441730982,114.58780440454296,5.380611941401609,0.9302144358056972,0.2900469034200752,2.0
1.9187521841564024,-174.61547669832217,5.860798392888594,0.8666279562798467,0.22658198643437139,2.0
-49.662883115546705,242.69309486452332,5.722900747393439,0.8980516749595578,0.20015566731314854,2.0
253.2198801790214,-93.95845536371904,6.552542170834818,0.8848256344032466,0.21176174050789323,2.0
114.86217464757524,185.22308312209222,6.399898105623643,0.9160661226671396,0.2513331813572845,2.0
-174.78329411706082,-132.27525697659317,7.24624342237305,0.9271743070151526,0.29020810982005396,2.0
13.068856256342535,203.07900105625367,4.386698578857121,0.8423227526871506,0.30630989772979667,2.0
-124.32359064306547,232.9279350889926,7.226765449449475,0.9189895359519439,0.22558275572267275,2.0
-51.86228025643739,41.64466407535958,5.661409265090019,0.8834169037500992,0.2698566217839965,2.0
270.8604741376182,22.714135178031043,6.079524396316718,0.881175305928323,0.1749077836378089,2.0
-38.6320937432285,242.2375673615101,6.411655097562228,0.8823626052790561,0.1652115326248479,2.0
-130.97564835077702,197.9547429596458,5.948030005249227,0.9122054735863032,0.24431246307904173,2.0
93.07667882497347,-213.63145416780688,6.645679417888259,0.8855992938867091,0.16499723094160396,2.0
264.61925330537167,-93.1990016409835,6.153252150705101,0.8931528344396251,0.18830192321255107,2.0
125.37850793285268,-123.68683453687936,6.902264833862596,0.8870854508840126,0.17681839632089888,2.0
166.94730634558815,118.4285390326348,6.515088374125248,0.8695096855563242,0.20042100782221017,2.0
23.843245015619882,-335.62394679154164,6.401268547517744,0.8670042386876884,0.14635836157102136,2.0
-208.00374169512878,43.69518348847792,6.425348830015136,0.9301210213071137,0.3090840578034381,2.0
-27.662954353604125,220.73940634257775,7.592871137159097,0.9201599099452075,0.17739907935875007,2.0
-26.984248728526143,-31.796107962829627,5.763174940919926,0.8536887222555066,0.20478361544463605,2.0
141.3266303819186,-132.6552251616635,5.183107951860077,0.8623889742602232,0.22317137321626337,2.0
-198.4259559629768,44.48082455588894,4.33386028168931,0.8361841605923376,0.17788749151852656,2.0
160.66375672873846,-189.82461286084242,7.43023651013283,0.9231466123953869,0.1949558485983714,2.0
-191.8834662071134,-121.74006222148067,5.451649777209831,0.8927395114744544,0.28293315032778765,2.0
278.26106184634983,112.3541041330943,5.476967770724015,0.8728716190897051,0.23876525143006475,2.0
86.32012885625242,-204.15524679810883,6.445452004498798,0.8998161621842847,0.23260841184933387,2.0
-167.5589736269832,63.471037886676584,5.353996789523477,0.9209661570797081,0.31252103183764723,2.0
142.3761954096308,215.33271991088398,6.943584864662249,0.8948020154401124,0.2261948791391172,2.0
-224.2688620363534,-107.4481423607579,5.701154355212354,0.9234829259546483,0.28370965706690915,2.0
-42.193017998487946,-115.95607577565237,5.572562991904007,0.8826771400233719,0.2730979719803994,2.0
-63.974910225477544,184.99900618299364,5.7430138482149,0.907700792448606,0.25858351054031375,2.0
184.3691024104739,-124.49751347709572,6.569848135961575,0.8852481105607595,0.18133495485323387,2.0
-0.32713205538743395,231.52186688182684,5.594557916142933,0.8997729291901015,0.2094729219918403,2.0
-62.19423681021073,-172.34668479782312,5.31502051088158,0.8349561034995147,0.1736740130977105,2.0
63.01056163514546,-241.77793527839043,6.572515325917575,0.8535837990929566,0.20980045685649762,2.0
-232.75832248974118,174.7593265349248,6.28589281376617,0.8891166723425087,0.22262532707597948,2.0
-61.555258891164186,224.78695379439176,6.21604501916494,0.884812425305194,0.16411852450190023,2.0
-190.63858999288527,38.22844939295708,6.5516802429744745,0.9236847452201556,0.23983993808667226,2.0
-114.48323711550026,-256.4731080805646,6.794130514326133,0.8810762210593618,0.1540122874476901,2.0
45.31352023402536,307.93793464337466,5.9088623766255814,0.8733438279170298,0.1427539665130815,2.0
18.455230879724887,-225.8283756979456,6.521460354327077,0.8878397237591147,0.19123871434795864,2.0
287.5808354558708,-104.29719349663362,6.863750883537825,0.876643460829523,0.15998698387871108,2.0
104.19410867215193,-212.05287258620004,6.210534783052901,0.8806508502765132,0.16380540920756026,2.0
-162.67574553250645,-178.60714863218206,7.351770480112138,0.913085009080868,0.30606960642720066,2.0
-165.2577184448931,159.53246681882496,5.632468534432897,0.8523436657850197,0.20977848937562202,2.0
-125.94929730400335,-277.66645498253735,7.149249467645947,0.9088506443065405,0.2826079386483393,2.0
-221.13540862985965,-167.22258733178256,7.343348913606482,0.9216216634481136,0.21099058552006567,2.0
-117.57356726506858,212.69030775466135,8.187022812746195,0.8961111502373311,0.10178930164895306,2.0
151.71779747656825,104.48294404696784,4.448106395028066,0.8541978992635401,0.20921368712015373,2.0
-71.16242438007204,-255.64637524087064,7.470864753252502,0.8946901864278505,0.11061309561810947,2.0
-60.331295998263656,195.66486123570365,6.058269205454368,0.9117443311289344,0.26340966548975725,2.0
-108.96469797376128,-196.3998979836384,6.007149623899847,0.8754290499606914,0.29097076765121904,2.0
-85.26965611901203,-176.37754906403455,5.97379554511165,0.9008994367917182,0.3024438607429136,2.0
79.66394291868038,154.9139492368045,5.687214697133876,0.8993568591596606,0.21534609013484637,2.0
-80.23302690598366,-186.706250617929,7.007086155810885,0.8461534478466999,0.19423343883761895,2.0
-66.13245771961083,11.531140198900511,4.747960407861844,0.8873672064321485,0.2483891430836194,2.0
-50.60642219114088,223.7458587166156,5.754879747330773,0.9018155754199025,0.2121695005749805,2.0
-145.03099344428978,-165.96039557013273,6.156178534998064,0.903020187987465,0.2118539979028686,2.0
141.3863202664318,133.97681807501854,5.668516263574577,0.8999035584594721,0.2717482418399071,2.0
271.7674257449463,261.85040480464573,7.295728682067904,0.8907040805831138,0.1829409593883174,2.0
135.2591238832147,156.0694878423997,6.675541207576612,0.9183924251736844,0.2812031107243653,2.0
-221.6263152906961,151.86762040287837,5.135632721046824,0.9068438478436108,0.3158845181598562,2.0
-128.74278915955892,-215.82840664527902,6.822094593582011,0.850075060429324,0.09731286097501606,2.0
67.37401671710377,265.4340429884874,5.05368100767355,0.820776190915111,0.16402043170120412,2.0
181.91054129674495,233.09104134397558,6.0060589069027035,0.8970353987595336,0.2438384495484364,2.0
-89.97765401735133,208.95964903810545,7.367461268852206,0.9419080256939173,0.27203022363695295,2.0
37.01428840824668,331.19957398541897,5.321752761448232,0.8797092065513648,0.16574018600361995,2.0
-98.7341430484533,-247.47206289833503,6.0277767706509655,0.875042428971546,0.14452117291730562,2.0
41.39943336335545,208.16225742545896,5.328759719934465,0.9066732832378521,0.2617115508631719,2.0
11.477680179736215,267.17061767529276,5.815962175782223,0.9214933485448313,0.2913529877828509,2.0
172.014323878662,-60.972575283441074,5.691808285741233,0.9085328695540392,0.23593013936682863,2.0
-41.170100242379704,6.374696597807493,6.210274992781573,0.8955082241285471,0.34801567047675885,0.0
-185.41897036218666,26.882130104816284,6.952411859776043,0.917746992555495,0.27212856178511047,2.0
-9.417106458376974,-191.41444906559073,5.255189336199686,0.9087331802502687,0.22589416706527726,2.0
-244.93541794170153,18.591748849799203,6.607970996100215,0.892346832923232,0.22188901904980057,2.0
91.14694475878069,318.5912407540532,7.44494166958404,0.9249810173490266,0.2203525854809103,2.0
49.54120489815318,224.23567937932717,5.572078227706156,0.9106001619333144,0.2519056893175695,2.0
256.00785381406655,-25.92094680451067,5.41576621736274,0.9048543111791414,0.30497774644077635,2.0
-175.12032738109488,215.24654077134304,6.7752205476221885,0.9340695056933883,0.28774692782472683,2.0
244.51199356662534,63.316269748035424,6.365068919311328,0.8939293686481692,0.20420856159669767,2.0
180.6306497558375,171.38567017835604,6.940925794138152,0.9291214358809436,0.23893596012032003,2.0
190.12705805689035,93.15100591850796,6.234455709928296,0.8434020451379738,0.20660326620603953,2.0
-219.36006512002464,78.28692901463062,5.438167904663214,0.9078668706638069,0.24735944929861045,2.0
7.089647414938127,317.09667501162033,6.176649152425688,0.9080827223099968,0.23039342837445417,2.0
-208.5694316766857,-79.61569728129557,7.161513923524959,0.9023860824830469,0.20458720395892896,2.0
194.42601104751415,74.14213613212871,4.403628222909908,0.8033046006765899,0.2751065409402705,2.0
-283.32416239588923,19.278746493731393,7.020652994040627,0.9135662081795569,0.2415359089531227,2.0
-236.38769428660777,47.727774744116346,6.039711095647295,0.907020979089297,0.2245798916934766,2.0
78.03609210226635,263.35514698298886,7.709221415213251,0.9134222945299985,0.21151844058570834,2.0
228.90834959161504,39.80029064926727,5.709121967120179,0.9127359730505284,0.2465929490042088,2.0
-229.68292119762748,-58.82839913276646,6.5310983310565245,0.8818801415375235,0.17259857163273984,2.0
-248.4982746201687,-85.48512032757932,7.386571126021043,0.9115856954582399,0.15214542042782658,2.0
-162.72392224087886,113.59107287319205,5.0465469036958535,0.8670678328149454,0.2377045157875859,2.0
354.7146966585016,46.08971767001202,5.656968202410647,0.8806562297968746,0.20458104508128425,2.0
239.31109877669513,-55.31521380220903,5.208467295097708,0.8982711361766885,0.2916801635635645,2.0
154.38099099340553,-61.49621647360867,5.120954048739189,0.8113272972147758,0.1408197566981208,2.0
-95.47254493489868,219.030186604817,5.326314823699736,0.8523046679899875,0.2346429899876139,2.0
206.71741024189788,-228.08586189084383,5.536282398792421,0.8547321935008164,0.20269877506662298,2.0
128.87967413305066,-112.26571309965267,6.1160427604782726,0.9055165508179887,0.277915133797532,2.0
71.57585592827887,137.95386642395752,4.543580097666213,0.8424871975342927,0.1975606221599656,2.0
115.83272648251844,-144.46280236892534,6.066285058572349,0.8979875692559941,0.1989574492077623,2.0
-228.239657898407,-47.90992169489603,5.581735617499519,0.8928298212459516,0.18389712979543243,2.0
-139.2960172656921,204.876223493701,5.8774212741153065,0.9182360242344896,0.2676047765717734,2.0
129.56051702496234,269.16557537562966,6.755945213122241,0.8774445049279674,0.15508911967193476,2.0
-173.56276364478055,-184.61306209529758,6.799624777310709,0.8964767749646604,0.20363890412273636,2.0
243.9848118331878,-10.938984703642273,7.439105052554195,0.921337909168957,0.2614643188640237,2.0
-127.5406613713377,-174.5109521908386,6.403329255961158,0.8820655604523958,0.17105005036471807,2.0
239.1424526389749,54.312172990315794,4.73872132728193,0.8761753699618601,0.25337866809282283,2.0
-60.39679616930151,-209.20022504083096,4.844744844934126,0.9010605017775103,0.23659545468052867,2.0
193.05041079207535,113.89407210332853,5.741342234526701,0.8685272516989538,0.1324207570822625,2.0
-15.213825413129197,307.1367419557779,7.568627971537756,0.9379196482234156,0.2593794423795344,2.0
-178.34307089006452,-210.90023753955296,6.584833246609287,0.9190302788743389,0.25188567992869965,2.0
-271.9336664325328,-58.6624659457482,7.07426874730197,0.8674470632190233,0.13293525014641502,2.0
97.1388623083912,246.54221256430736,6.554770685302769,0.8896647112781632,0.1833538891062081,2.0
0.3022368014875426,-64.61471763271533,3.859472678203325,0.824084342865548,0.3038022858195876,2.0
180.02013068430475,140.969796643933,7.0570850704552806,0.9186597347418246,0.17798646898316672,2.0
55.55669823126462,-323.6743308561996,6.263990573306752,0.8831725419827852,0.19802996800359426,2.0
-310.0937737915169,-39.516753794839,4.561839909663277,0.8442801399809478,0.21712054363890962,2.0
-255.05209115013253,23.198982187523153,5.769734463127165,0.9130198910485758,0.24246669775975405,2.0
-232.82829163153713,3.3367637909704544,5.98913272901458,0.8905762341481317,0.18392596902765437,2.0
211.7817205428752,15.027710190677286,6.133929656586047,0.8829987813912237,0.27331933937595926,2.0
-90.25720388744834,196.66863806530847,5.839739816093753,0.9054856120355733,0.25584849790694353,2.0
209.69275150565815,5.093294243520658,5.463152737261501,0.9013968728797186,0.2367053691155291,2.0
-156.34310247971266,-167.08529085965978,6.177174409269299,0.9079294748553391,0.25117386007256354,2.0
-51.607337276056946,166.20103224747723,6.119498342386432,0.8961845957394096,0.22202410794632335,2.0
-181.8909359989725,-152.85512037796596,6.637408477288794,0.9076103862924293,0.23090987130140153,2.0
-294.7698799665222,-128.88907606483463,7.054420205117513,0.9224578942262879,0.2800939110803762,2.0
229.67835278098494,-145.47544538280732,5.441001890249231,0.9122727476761539,0.29210415297182535,2.0
-204.51178710640738,-99.76341382025224,4.422180977066278,0.8356154997568161,0.18917180452549828,2.0
-189.6124297011396,-100.07564036495019,4.522618811565809,0.8622599197477342,0.21920401034755377,2.0
-113.17016825071059,156.38258091104277,5.785348580498762,0.8636231934294223,0.13020020225302859,2.0
-74.1845225829123,-220.14864019994232,6.921555644386042,0.9258031768464847,0.21400513967769644,2.0
-243.25399817956992,-215.6273991113737,5.62162518218517,0.8224045662218831,0.16355447926202102,2.0
-73.63106219822379,183.35911145797184,5.36975089284879,0.8594564192748094,0.21458578367294542,2.0
289.0885183524156,-6.489238737280905,6.925665783191556,0.9314835013775774,0.2340038261515249,2.0
-79.19203619845499,19.49761934659432,5.315996750285718,0.8380635028566279,0.18955809032435192,2.0
-63.08903309535587,367.27568688141497,6.576334439094095,0.8982051061509856,0.2241205229814384,2.0
268.3653627239266,45.220988999870016,5.791912134789941,0.8756718508139445,0.17700840877133017,2.0
138.1157027921406,-111.55084306478683,4.674683019312286,0.8362467555030093,0.2064355526330665,2.0
-259.2949667115877,102.98955047811789,5.186456531945732,0.8411460337184626,0.19001780072548594,2.0
-121.67891724511892,154.38796659324657,4.428698749318558,0.8246564042394995,0.17168148927609808,2.0
-209.04569943905273,75.39222753140469,5.908570152052138,0.8930797595650325,0.20995420848678487,2.0
-118.65608865073021,170.69437541735243,4.370659863048713,0.8381746920333983,0.1827252088338234,2.0
344.1877639730082,223.21211914921437,5.380289515559733,0.8599927359303837,0.21792023048516987,2.0
-151.9265021542162,168.4084870318003,6.470570457138107,0.9027149521331935,0.21659632157722397,2.0
-167.85450740148607,178.34090318388974,6.172544222414267,0.8844615896896512,0.18266566787531222,2.0
292.00431850032976,5.001629826347971,6.005182808591932,0.9066165717220711,0.2210955989042279,2.0
78.51996554161481,-156.8499864424899,6.19098740386497,0.8904033280786182,0.17949259249618982,2.0
-19.127876617782718,-192.51246667468908,5.413696880700915,0.8906636359193694,0.18860433296791967,2.0
95.927896165723,-143.3079695704818,6.342776313351995,0.8961094957600859,0.2073002495878096,2.0
-45.98618460363166,-218.44410462287664,5.49968342799942,0.910646001567943,0.231475085253194,2.0
5.072048669520508,-254.7391429872745,5.690704843879645,0.8540669294096217,0.20658811815641398,2.0
161.17428668301778,276.0148784523696,5.454321121827229,0.8934801088903416,0.19327866959260043,2.0
179.51640304379674,272.13348473372986,6.755162940612854,0.9019247827814159,0.2087187170485317,2.0
-35.617265231226966,-217.45768217948094,5.777114407582619,0.8806472921567287,0.2645223375293297,2.0
-138.98510629655166,-237.04640193348794,7.316571623087007,0.8528622199256978,0.1179606457705419,2.0
-280.7206326751668,50.45204346824175,5.289752765167269,0.8092650122281575,0.14504907454390462,2.0
-187.16228936565187,-3.6306903613576287,4.966572343423353,0.8224447505452681,0.18469671428688003,2.0
-110.41614432735796,57.90303587728201,4.624924095329145,0.837885949801529,0.18216281246550942,2.0
-227.7895215054168,-84.35915825881366,6.204513914089535,0.8955410865942331,0.2148159160009117,2.0
311.15017337483204,141.0001672984658,6.390723591429583,0.8956991826814774,0.20389430184420224,2.0
-261.4387580438346,58.38579329292997,5.912836329831987,0.9205526029736194,0.29202892214093223,2.0
-214.55686736125404,-99.80771593498773,7.046789767336361,0.9212018410224234,0.2209803410902444,2.0
-61.869387836834456,3.88553132978121,4.826748693238458,0.888062602720779,0.2004190242462704,2.0
174.7084117406792,-151.27261799182247,4.886799200061168,0.8195787779761468,0.15897378922585909,2.0
222.22001841510647,238.18968002221942,5.604712106479966,0.9015773117436537,0.2231174608398426,2.0
-99.66153204359117,271.07849910157205,8.224945998319274,0.9286628968234502,0.20443467181006297,2.0
242.39336506271792,-161.67823656667832,5.4792327587589,0.901060853852802,0.2651408819302568,2.0
179.16482205254997,-285.2345381989753,6.364238428516112,0.8544204289698981,0.10342290737936932,2.0
140.12177318150333,227.60134414056148,7.0643095720367866,0.8807768243286133,0.16136109413719607,2.0
-136.34134454334728,154.80135532816803,5.294652948940859,0.9070011117861501,0.21649049618846833,2.0
-258.5311255554453,-131.697944406062,6.125124478146347,0.897626083978065,0.27307507732551206,2.0
-438.91023656140095,-134.05484453475776,4.018854275394964,0.8134845039077816,0.14311704473482703,2.0
-108.72850431488841,261.7456269129413,5.932014186809593,0.9171174474322045,0.2688063823728614,2.0
253.27457358675937,-74.26995346520677,5.556691466186583,0.9132294641165186,0.2946560004657594,2.0
-141.21929486214947,171.8600005189464,5.981096238801826,0.9196904331337693,0.2778150933196025,2.0
71.51295247223474,273.86462236011715,5.421337968364382,0.9237756806893132,0.2742522875774044,2.0
-60.413586800916605,144.5931686565602,5.7005418247971615,0.9147641408617713,0.24512658416111624,2.0
154.52808549301932,-107.49159122044347,5.416250937216986,0.9122112141205382,0.2829576586386856,2.0
76.55787224737085,231.2384279247732,5.704701693831189,0.8995333861988424,0.3167939846488632,2.0
243.85447934448405,-197.16318123443384,6.606804909227165,0.8592309446044577,0.11556712371939337,2.0
326.81178600881066,-155.23486916583724,7.584177579252728,0.9175635735925948,0.29507090858857415,2.0
-98.34153936037656,333.2664981010332,6.678505487784492,0.9356870302048325,0.2560713577090399,2.0
135.95499902139457,-189.16764691438667,6.540097164481994,0.8851628213502066,0.1761606143703222,2.0
129.20619973291252,-368.74021402096787,5.649311319843501,0.8667179571736714,0.12625966724021595,2.0
-150.13785626232968,-238.71768009516464,5.702387399271379,0.8259474242122721,0.16394264530984676,2.0
-92.50711330960357,-208.80880749640457,6.67332669750148,0.8710403915669241,0.1627978723502444,2.0
-16.455108890434392,-141.41083685226752,5.714575144950648,0.9061352026438622,0.2764449452910308,2.0
87.05041474493976,228.73543293938278,6.264551143692254,0.9002469949043729,0.22263355267803192,2.0
-99.20816171564768,191.1689293339845,5.708655504111162,0.8756201273612424,0.24884032371741993,2.0
29.664613512892508,195.30842064533854,5.590778192985075,0.8966721156048835,0.24898259557867874,2.0
-113.34541692825431,-234.90516538223505,7.863049251850047,0.9119882271508207,0.1637957991087588,2.0
1.062951578642596,186.34666733104953,5.550269918323037,0.8924258472170123,0.19994056931395524,2.0
-81.59588429580744,244.45443984466692,6.754171967055875,0.9250623756776234,0.29917050699660674,2.0
-134.55480413608038,239.47399154500846,6.683930309564808,0.8702583336136369,0.21375215320989524,2.0
-229.34454172407365,-6.744569647655947,5.551355934571477,0.9185143032189197,0.2553455636009276,2.0
80.17382919727572,-167.34999370396994,5.648414599559357,0.9081674440073888,0.22482319306966128,2.0
5.775538258627716,-228.20931135025472,7.822105167527762,0.9237394481029917,0.2213023806723216,2.0
-228.12215551009163,121.58278595954155,7.398879936401403,0.9323164246765029,0.27614823672827465,2.0
-280.6238506146301,215.99313946216617,7.471312773340806,0.8691757399379741,0.13019291266783256,2.0
221.1486089510341,-53.47482735111924,6.46081502968905,0.8920748818428953,0.19027334231286852,2.0
58.98472352618143,-156.5774038963211,5.305021088206651,0.8813275021506027,0.270952136875755,2.0
248.42720818196057,-34.07873850890595,6.814124163153087,0.9265814105144056,0.2777505047646492,2.0
-116.40745362510481,-175.63847931993683,6.336961107806022,0.8770704141479418,0.1739830887996782,2.0
173.12709019846037,52.3902067768353,4.6875247090022,0.84450082244485,0.1922475711620914,2.0
65.46409902023628,144.03605948797255,5.037777008062133,0.9060940239415981,0.2596277771435356,2.0
50.556394153802245,-184.07268223459914,5.215569695293693,0.8607830806958096,0.24650415248112106,2.0
-172.38599490272458,-157.4102843486704,5.263396861435179,0.8804486982704085,0.31110821553786505,2.0
101.92268119675914,207.70208067942303,4.534743965101309,0.8309871202920869,0.17724588835625826,2.0
-196.07498477788994,-137.5188953053655,7.315921207227907,0.8987824264242386,0.2020030419659789,2.0
-21.35381901688428,-391.4976040895491,7.596691352276974,0.910499361441045,0.24142823368908725,2.0
41.846947739456006,158.97718100388323,4.877888058469136,0.8529446800037407,0.204766428421398,2.0
126.1811511219123,-209.69816999485568,6.2580050276738595,0.8817870508652602,0.15879829523078093,2.0
-236.1324202218342,25.66671237213563,5.789532532465657,0.9191273164686736,0.2914194579260375,2.0
-239.4707718246418,-138.3980582942264,6.487150149037566,0.9236391190862352,0.2807842794609752,2.0
-182.8752402438043,-40.543672198277555,5.316232166575004,0.8986675304411526,0.30238424353166315,2.0
-16.750136130014752,182.576602282187,4.595285385180283,0.839299814647533,0.18264018461013773,2.0
-43.55694986274,-270.6614232711775,6.739742646832039,0.9168436276073172,0.18084185502263997,2.0
-39.92221909732081,222.61044832881,6.1435119936603515,0.9010876252443605,0.2118805758282891,2.0
195.75483101505105,124.58975368297715,6.420306050257973,0.8766556321289605,0.1500612121055458,2.0
153.3209305604451,-179.44165752640612,6.6188117537748274,0.888050150735328,0.17697365960144248,2.0
170.0624506786982,146.03007118211045,5.148579658638215,0.8326456900026237,0.17586874039606942,2.0
203.1056131408968,144.775918471011,5.907841688518964,0.8988607777515403,0.20363445472325592,2.0
-224.8112693481996,9.769956287867764,5.296071956699187,0.9076274005276335,0.22861274500333356,2.0
95.67611641581897,223.2500079780239,5.263562585803018,0.8945478362485151,0.2920718725505229,2.0
172.12961257282564,61.05217393106348,4.941524776438472,0.8947606862376197,0.29369452273624436,2.0
-107.03664897178328,-178.96450514354407,4.915648376201506,0.805366835404456,0.1298901561983466,2.0
57.8375301748099,139.22825214876204,4.20783028013984,0.837091103072412,0.2525029165157962,2.0
247.34387261022079,-83.85353738364208,7.296122801517385,0.8747519884551203,0.14569674704189936,2.0
238.88389920274795,159.92434076749728,5.901469180590667,0.9061677004487382,0.2468019278257271,2.0
-16.121505456874743,243.18134321419336,7.465618407265004,0.87373709799659,0.13799288798170514,2.0
-13.242524956191122,-275.9258440964344,4.859171306070096,0.7952548678995669,0.11838219461433636,2.0
-153.84640078541574,132.18412144399858,5.789382700022873,0.9070228284007826,0.24098176105897118,2.0
-189.03429816383024,95.19459973376982,6.32986859656391,0.8960590270026388,0.2074880508683139,2.0
228.34653474929087,-89.3621504023544,5.48518226185277,0.9031818899578298,0.3060896630418074,2.0
-243.75044370019913,76.47553756193312,7.220752859928199,0.9272012872611839,0.24050306328668783,2.0
89.19666409290369,-224.36830581216446,6.132866089173029,0.8966223018506476,0.20256732321205884,2.0
-8.293856039502332,184.24142798054498,5.240760987352303,0.9104340381131704,0.24760092215501836,2.0
99.77870323812985,259.33276088606794,7.931861938419506,0.8909207063996573,0.19601251541340733,2.0
-346.67232627201463,175.46139282186485,6.691839557088175,0.8823229295160635,0.15965591972806234,2.0
237.6496774924413,-0.3617902833919216,6.462838809386739,0.8783614539085792,0.2221165188139433,2.0
186.74310258865745,-134.75834012256962,5.84773405223836,0.8743864956715139,0.30503823514388795,2.0
-270.14992893996737,-312.2261290358637,6.754026484616337,0.9119263940505766,0.2754173648469648,2.0
155.2782072605816,-158.5716306240964,6.718661284838735,0.9198811530841423,0.2562205843777904,2.0
221.25787759519878,66.9928780655124,6.901376695869379,0.8684038658387844,0.13614746055347846,2.0
-188.5106743176666,-23.34476517138921,6.592463554941063,0.906269233162227,0.21959834534287773,2.0
226.82608781678672,-0.23179519234720075,5.941699713004726,0.8862196995962958,0.17369872868452013,2.0
211.3869964160552,-80.86972335375776,6.45035678135675,0.8939031493817631,0.2008428992526681,2.0
-163.8639942791001,148.96277951823322,5.942919070169556,0.904697885393104,0.23270461712482426,2.0
200.69070126755696,-64.27350967267947,6.801741909792272,0.9194108346806625,0.26033188897692416,2.0
-269.5856298647339,-129.54404516452666,5.950065224582221,0.9072456980953603,0.22797180513897786,2.0
78.87256949691437,-194.27209555494002,7.213089842396378,0.9342406061057114,0.26987513078796166,2.0
-274.4261248686452,78.92247576347579,6.367136134267437,0.8335451083411068,0.17742374954970502,2.0
177.15463651969085,105.71053604089094,5.948616509576462,0.896426324110591,0.21937644976799525,2.0
-29.705950234481698,-207.35110074510175,6.824841537535559,0.9042589276396529,0.22720242813770739,2.0
165.51470043651304,-165.0405599890864,6.293490821475379,0.8899573589007076,0.17821970422244,2.0
-215.73354545064592,-17.509183294027014,4.64215245797089,0.8603752399160142,0.2149518398819884,2.0
211.69938560125848,73.3876061038897,5.890363917847865,0.8855879838507342,0.16722477143221265,2.0
-111.28058088422888,175.38210253679986,5.649097988342661,0.8906160469929111,0.2123746928177635,2.0
6.097531704662171,239.42060760432653,6.065900583317391,0.8810593533221529,0.1666338345237085,2.0
-195.1657392018855,114.13046019551972,5.499544545157649,0.8913651928105207,0.27678427848648945,2.0
77.64266980055244,-226.6277695265027,6.545927630945869,0.8850198125103769,0.1861130140609072,2.0
28.50717821938232,-234.32703251578417,7.514217449835584,0.901531141571366,0.13549763021343597,2.0
144.10816471181914,-63.74331323517786,6.751398785977319,0.9301741758339127,0.24201963805138765,2.0
117.47844614078127,-162.5307950370969,5.794354813813109,0.8930340517122194,0.18655580679820435,2.0
141.7715880061805,-255.5509658632279,5.70958439043426,0.8812617163184707,0.26210372131188764,2.0
-183.32895195310206,147.5969461210192,6.176639687340645,0.8824022330227548,0.16173883630730992,2.0
149.6342031151694,131.81356276191343,4.029360549324512,0.836278086256766,0.26562688996538075,2.0
-217.5418036587088,37.9682026089295,5.67456918001674,0.9130499085870291,0.28405546943307425,2.0
-25.144157651181054,186.90690420425977,5.943221265307589,0.8968302746058261,0.269723055772258,2.0
-82.07019777580982,-228.59781062064633,5.601556947454347,0.8579656006601513,0.21847083041689566,2.0
151.04179475890595,166.45591679893633,6.1582538562049285,0.8961068197224559,0.19487182023494493,2.0
225.47780787341384,101.98484958988126,5.8732498642464295,0.9040272456486398,0.21295063645893503,2.0
-57.279312588540336,-192.87111301741996,5.8405386643940576,0.8875299510864291,0.2004889458844854,2.0
-141.90118341232466,-260.13678227475424,4.650889295626956,0.8297788015584804,0.20855985198926005,2.0
-277.9639529881849,109.08818900631678,6.598534514686639,0.8662856747508033,0.13163040734580253,2.0
203.78147220027202,-123.66946214694103,6.645030110294471,0.8908306285237826,0.17743072972216317,2.0
-231.21807804387183,-71.36763599172495,7.574644408903691,0.9255604891259065,0.2620210440451254,2.0
221.38070801145298,-124.35714909563768,6.0933564887436935,0.9065900763582134,0.22659531194815738,2.0
-217.8623655348877,143.39794162904045,5.3089825386695395,0.8192230708093965,0.1543853832903504,2.0
152.03757000970128,188.1536388181234,5.90593874292782,0.901045171183133,0.2908867629458288,2.0
259.68351980482703,-141.6959631186901,5.479714984275795,0.8871900008810041,0.2793801855283367,2.0
-227.05848722954588,31.88751245652011,5.876508003785968,0.9075925690216934,0.2576180722619895,2.0
273.30653856676724,11.280378352586501,7.367723334581377,0.9218069294354825,0.23721016197822348,2.0
-231.319706826058,-115.79823939562255,6.095382113794634,0.9180268213084648,0.2804051159731788,2.0
23.01667481722776,216.70065049346962,5.34267430077565,0.9137154377242929,0.25036218519304765,2.0
-169.35135650044904,120.53205131622872,6.017590772987728,0.8999876763749554,0.2970327807908114,2.0
223.21413543220766,-112.93317902809068,6.454344798529966,0.9033082622372967,0.3130032152054015,2.0
-174.9597205724706,-144.03535391896762,6.155058372728416,0.8681010234684013,0.22895150834431519,2.0
-209.93452858986456,-197.54519942353474,4.734753264937598,0.8612708896050747,0.22046555576049387,2.0
182.81041120013367,-164.6216580604294,5.036193296948912,0.818118067970667,0.1497638464454141,2.0
-106.96402341772414,194.8705323161562,4.180686917490004,0.8633232799261805,0.24846989664381366,2.0
332.0825355005541,97.1979291937159,7.090343350686099,0.9174089841303428,0.23559904947366397,2.0
164.44126616908247,-220.05377550304414,7.254824040523196,0.9404942207076351,0.26854189041370674,2.0
49.06008854757124,257.68216904182003,6.069580032418039,0.8977967714001509,0.20639330817472723,2.0
202.57197277647464,-53.39783284717258,5.628552819962774,0.8763365667153992,0.24856051172141852,2.0
13.777900589802087,-248.65332993898258,6.627627674945411,0.879961150831904,0.1672295234803629,2.0
133.4498602485031,208.14098326967806,6.398565875140292,0.8781163994642842,0.21980697711404662,2.0
-239.9037578404932,-166.84115915259667,5.930827394504257,0.849182853449403,0.1148002502626241,2.0
-257.73860525741566,-8.541572512291335,5.492203218939319,0.9098459369235128,0.24301720600250423,2.0
78.55121919151284,219.83745580394216,7.324770157965697,0.9017795001992822,0.21372840157571935,2.0
-238.21373236990738,-50.96659479781236,5.94674230536662,0.8957427760393734,0.22851263614716816,2.0
-359.80190458680505,26.909953074783576,6.035006049388136,0.8810880361858437,0.19607244565101,2.0
205.2092724097801,-161.6674727802604,7.062184755046654,0.8861923555869268,0.17341074041148352,2.0
211.51248109700748,-48.306885506255554,5.832180769228391,0.9085534731471766,0.2587094098698939,2.0
-265.87364479955875,6.699297426967671,5.2832129682627675,0.9178411357535113,0.268481049590533,2.0
293.6944835139566,17.385167459742792,7.572876863791065,0.9142566766729623,0.16623247156754695,2.0
290.59182166780784,-86.14104835774687,5.749080996506408,0.8935357780960466,0.20018872087133482,2.0
108.31090003295776,-202.21326405163381,5.549025778477872,0.9070751179395069,0.2744723633040929,2.0
-136.13111505498208,227.96833273841588,6.3344066328959405,0.9063678616183006,0.24818864395010465,2.0
-3.10896185786437,203.14516164282273,5.2192375669965605,0.8366645624328465,0.18278772916796523,2.0
-177.8721957073004,-20.076232553231247,5.9093874238099815,0.9006234101474314,0.2696464362032283,2.0
-184.11652377958572,113.35014544302986,6.633382664938634,0.9171583072107067,0.25398303955749285,2.0
-137.82227018092138,216.0648867418339,6.093142980699902,0.9082486832000518,0.2514407094842677,2.0
161.6906529588655,-232.20558603372632,6.505133989584647,0.8895111505379408,0.1759723459515088,2.0
-202.18964143992565,-126.1498041116819,7.095906747298733,0.9116220666715272,0.23694939804419946,2.0
-21.99842291577159,232.14326760593755,6.647957511394272,0.8880320214214882,0.17789346902875017,2.0
-69.24274956603105,-382.09056029382873,6.89593026980752,0.9231925790703043,0.23106295817616881,2.0
260.9212759340909,-229.69867109250006,4.60168742533539,0.8264965480666372,0.17391625117940043,2.0
202.41641839440098,-86.69118810902356,6.136298460412912,0.8603589438622861,0.2171528177854702,2.0
-134.7252646596407,299.3710804076556,6.678636057345923,0.9098053019954759,0.29270554567383694,2.0
198.2706013473045,182.24184782873016,5.284462212184463,0.9162969916294287,0.2811668698521765,2.0
29.466654440028197,-274.4374985102234,7.029762207509939,0.8828623759001906,0.1618943638301162,2.0
287.7197298697713,-18.02258807467902,5.603264420357337,0.8949264385326432,0.2862714506422186,2.0
95.80306474756844,141.22286042706367,5.260387667455162,0.9118141124044632,0.26660262531321316,2.0
110.97828717268263,-220.5345591961611,5.556023668043698,0.9018744357080689,0.24896287068311063,2.0
192.27558350575947,142.56845018255638,6.334123100876441,0.8921575279880805,0.19289251105039878,2.0
-57.315953062356805,-285.8668730472456,6.055050112624628,0.8867263857772357,0.18345652553772054,2.0
-4.9504567585508905,-199.48617853756392,4.87708840649793,0.7766947084110604,0.1369601562078413,2.0
180.19086489130908,-143.00949238458523,6.809692066069965,0.8768944321074639,0.15205086377821103,2.0
-191.54050209907382,105.26025733169367,5.084105911218125,0.9247437562705574,0.3105785974689869,2.0
161.62583216273165,182.37295044265667,6.810255893979493,0.9066949884124126,0.2166457975933279,2.0
246.54204838734174,-113.30859732001184,4.50798776641133,0.8287062207161582,0.1619769253787212,2.0
153.00528748047415,198.80587209910948,6.1376237840016135,0.8988318361285502,0.2226791854900073,2.0
-286.7997183570071,-0.37557674482051195,7.362671257520648,0.9194555120121455,0.2554731188412275,2.0
91.25967906551382,-193.71376124944325,6.046082171102708,0.9241585413304173,0.27090122150598756,2.0
-215.54334886506822,220.144214172408,5.768858743570504,0.8810815530381264,0.16573170412137556,2.0
-102.61505995290307,-187.65792060482656,6.026640467424389,0.8594907885126081,0.11073969321821533,2.0
204.19385898820823,-32.5754544836149,4.50268292253915,0.8895651358315084,0.2831488197342764,2.0
103.27865896326816,132.62322720213822,6.568603735782068,0.9174902577482731,0.28537292168222483,2.0
-129.54416029821027,-139.10530275321963,4.045430675016496,0.8494875114643132,0.21147011216857367,2.0
135.65936131204677,-321.66563642973733,5.159310877012097,0.854712372873093,0.20303056607873396,2.0
144.52158846861005,194.09351570150295,4.569571520769039,0.8658762467202378,0.2368538918173325,2.0
-480.28130958557085,80.93710097371132,6.054270640265757,0.8950598914989055,0.2296586042812146,2.0
65.66788215189817,-315.88947988955726,7.2187996724625645,0.9245986579806614,0.25971129780503527,2.0
-243.22947034450414,64.30106435485098,5.286168063223565,0.8975387086153879,0.23390947494442166,2.0
62.76357723729122,-209.1003271817543,6.408862195814206,0.8992152606400962,0.2480835238836183,2.0
267.7580198828173,-51.13715649134328,6.603957032211085,0.8931752831687862,0.29027534802130817,2.0
170.53410823759498,188.16255503321233,5.158901826771772,0.8759155573216203,0.2547378467734067,2.0
233.70077374129846,121.54674772974009,6.02564495795798,0.8705640179771251,0.13667774629051993,2.0
112.76643139244588,-193.44971155472956,5.618395473545317,0.8463538501664478,0.19576734790586772,2.0
156.46927624393646,-169.44243054998648,5.431731809753817,0.8642773156601777,0.23906932428763494,2.0
-12.029732724598675,332.7938611079799,7.270973610321239,0.9372698603726672,0.27344094108968886,2.0
-136.90375830375203,-138.9150520923492,4.209321621331346,0.8434075101007414,0.22842236408946923,2.0
-338.14134632601275,72.52601748300538,5.716157528443624,0.8648182007120871,0.22428340316667786,2.0
187.20034009714624,182.41974564125934,6.807249820007272,0.8828136612555364,0.17511667246102391,2.0
58.761689977672525,219.14290063130008,6.184789103956482,0.8889041719864553,0.21618296708376844,2.0
-157.4641952171049,177.9084192962976,5.288500857378802,0.9071971694548285,0.2319963456956677,2.0
-256.74141766632636,-42.946860030274976,6.565098763447128,0.9083062740394849,0.2444806278115987,2.0
-162.55746287322634,127.71150653414414,5.2119112897521696,0.8735490156802671,0.23858458440493055,2.0
-226.76692342924864,-125.12907214939567,5.600856739149304,0.9132126153934247,0.25273153880070465,2.0
11.371302419601797,247.07282723846714,4.894244157148954,0.8185523391866528,0.15013160904920037,2.0
17.920045307362265,238.5755384272052,6.8959964471681054,0.9323269983170915,0.2596651608782893,2.0
-206.76271797646012,-107.95906721079061,4.79749688047778,0.9303624995652571,0.3006309520473769,2.0
-180.20779773272827,-436.1608191686045,6.501552195262648,0.8763716927344657,0.25461130034590856,2.0
5.648900114113696,292.5797430738831,8.245338983787658,0.9145438409471246,0.26158921654455153,2.0
279.56632993154125,-136.692291118845,5.342387915325843,0.8971427475051266,0.3073888108779447,2.0
205.442592473933,260.6739710816934,6.208114942015087,0.8777647350467691,0.18471003916887302,2.0
-256.17371796349687,120.51742950929831,6.234429768121094,0.8828779430949125,0.18437029479572306,2.0
-269.65743067409727,35.65158646528323,7.037356446870859,0.9287171640091417,0.25363451120833613,2.0
-252.5846113961441,110.04623193339944,6.210307090612309,0.904209273876681,0.22486470962097424,2.0
239.33560463835715,-39.767565895285685,5.066383082910238,0.9139164347034967,0.27906022382972995,2.0
-39.70494677427312,261.4373044690783,6.849419444576973,0.8867934745366155,0.17477435980810394,2.0
206.31229954646733,-19.353443530722007,5.965577595703679,0.832224384925453,0.18293950670602577,2.0
242.71232665570886,170.63484639858024,5.998615596835962,0.8967590454640588,0.2199127944758746,2.0
-168.36128643104504,-167.42532118620244,7.106511525861339,0.903625980816904,0.21966620082480062,2.0
-240.7708005583378,88.35510977434183,6.516770650018221,0.9084881568427282,0.2360896264156941,2.0
244.7545528749876,35.7799286373232,4.686386488865402,0.8174013644403173,0.17784583890779487,2.0
184.2955103861215,112.3934081617497,4.344742622844944,0.8074355260971343,0.1628498670258339,2.0
-65.86422634048067,234.38509874743335,5.760782870924289,0.8952500877169901,0.2545017276510109,2.0
138.865629875779,-53.777355166015695,5.513677365358405,0.9163591491769625,0.25734121682156597,2.0
142.89395223346855,172.51208793975982,5.048162423741347,0.9068616822741037,0.31226001799453557,2.0
-192.29267103902092,142.38138817255805,5.3289419130815565,0.8367022458324682,0.18074358959391418,2.0
-56.10516998275089,-218.29346842714787,5.510928728295555,0.894891411515306,0.2252177821943936,2.0
185.41236150754565,-154.3878419387833,7.160768780092105,0.9217408917155292,0.19680016105923437,2.0
-69.66572185938728,-209.05374616637692,5.579815835718371,0.8961144218978861,0.21048303063478438,2.0
-295.753527414649,-74.11885694701114,5.717712231448554,0.9045433567233052,0.22055992079997788,2.0
134.28335907173084,-153.7350103730162,7.218328059248451,0.9374696494695836,0.26401825843513826,2.0
-210.46695010684363,102.61846292266445,6.999549118346833,0.9300492497870793,0.2895860091717082,2.0
-147.44179870935787,-226.9358875927154,8.038523298202602,0.8928319202464431,0.1127554336331683,2.0
227.21634888265697,131.2081362112457,6.610118429337173,0.9152442074001146,0.1657311238246147,2.0
-138.84203104225298,-174.95608290388796,6.025763516361826,0.8901507718478572,0.17639337409222638,2.0
142.5053120353854,163.05580093042795,4.260691093004698,0.8382094257449781,0.30558633544080943,2.0
-136.81758128409902,-395.4824750428425,5.1900710737208,0.8194334275881571,0.16472191145133575,2.0
-17.21262295646982,-223.34355710433144,6.0533672977317154,0.8962826607276534,0.29022904177451364,2.0
-192.7901897307272,-149.6175874821592,6.123710470857382,0.9054717504161724,0.22801581106094762,2.0
-215.01316839453008,298.023839544312,5.158726047355441,0.8377505116370455,0.19363910619578437,2.0
-270.5970908760932,-44.90079224782432,8.255214242147096,0.9182049714190785,0.1860049356435396,2.0
-44.55879543450829,232.77392078445777,6.414932653664922,0.881514940399914,0.15929203074616272,2.0
139.39330874527877,240.22579353870032,7.578249143921568,0.9024686949052175,0.21767033770740335,2.0
294.9981203075287,79.0120200688894,5.96481520866937,0.8694690489409593,0.23547796961927603,2.0
295.1459347592784,37.37300537414958,5.69489901897631,0.8737191327438185,0.14648484374587686,2.0
115.77131469400891,215.70431081671384,5.565295344582838,0.8498309971600346,0.20462906093410343,2.0
-187.50527595082374,-238.503074597783,5.250443094273008,0.8869034518614864,0.2660788926543028,2.0
209.36217615133776,136.62628671426458,5.75445286724624,0.8931397100113231,0.20554268949921126,2.0
66.46155913801385,-340.33984713102427,6.918249965285716,0.863693414078532,0.11582425634040791,2.0
9.58314161804748,-293.00048581954803,6.978739366868013,0.9215942957069138,0.18299629199209363,2.0
-224.51031368006764,168.60939580459458,5.7583142902892615,0.8922584238716641,0.30284683645671767,2.0
115.05679940905728,-210.6506654429202,6.385074074382772,0.8833359421139069,0.16198922218054893,2.0
-50.41752570235005,262.7846781083919,5.796304205519095,0.8729096627030603,0.2607747970892911,2.0
260.02578213011924,-102.84225039611498,6.0879395235629925,0.8970853899216065,0.21595694101806032,2.0
-214.20287109056207,-154.84312020468482,7.843050115707783,0.9103753815442689,0.24760619853379512,2.0
58.178754025801,229.98138543599782,5.602345541560049,0.9206837730232189,0.2612298295599749,2.0
84.4042710466792,199.34325688966155,5.996504256669341,0.8843170598919452,0.17433056811439107,2.0
-220.29562080259456,132.6099508618866,7.1623440448209355,0.929860028490997,0.2791409396467856,2.0
219.26449045359175,110.3273215161812,5.674462904197665,0.9024796132996125,0.21611284785793966,2.0
184.70981004116462,222.70409782212693,6.582732460881862,0.8722431788992941,0.16051686646125518,2.0
204.7316824123957,51.10302995377054,5.598204221616238,0.8914936734557523,0.18090080384532126,2.0
263.8966217927372,-8.430714152342611,6.600490298866094,0.9154805660144325,0.2014789983384037,2.0
-332.25366184237595,-61.99975923007898,5.697919556079173,0.8147903309530155,0.1847882997943169,2.0
27.072294392281265,-305.60153661297403,7.654784911934249,0.9077248509225403,0.14982578016637071,2.0
-259.431999829199,149.22388259505072,5.180020772432703,0.9101071233256902,0.2767764928197424,2.0
-197.33723165002536,90.33820325023996,4.2109913444294005,0.8579768625516345,0.21827893744293,2.0
28.46341626775853,-206.2226433966647,6.306622100767849,0.8677161816229092,0.14542020697274008,2.0
-201.63776049995923,-178.79945545336633,7.588343113881629,0.9263822939381163,0.2702995439811835,2.0
-174.2892853675817,167.41462624669126,7.798179521427031,0.9206129417528177,0.19325330561347878,2.0
-102.50766073382734,226.57167716794646,5.453707473194519,0.863310244068661,0.2776528337822304,2.0
97.58745826546323,234.4517022876012,6.732945661182036,0.9363683465130908,0.27034162878365875,2.0
-237.10069918144234,-91.7054890434639,6.5878812895241206,0.8754855972900258,0.15213882452043728,2.0
-154.79907615666966,-187.27603397437548,5.956488846639744,0.8937369299403863,0.3167104867316069,2.0
229.24937767155544,74.19854015584839,5.605942593153677,0.8724216907225857,0.3000620657405852,2.0
-103.57953200834302,-256.48681011374106,5.771295987383403,0.8954024151576837,0.27473150512195943,2.0
16.693459511078817,-237.2600570280285,6.598795687634388,0.883284285471741,0.22531435811224143,2.0
108.85620040754874,232.4681017798973,4.879625300055594,0.8308749780772762,0.22823051892840013,2.0
-133.65464584317877,-226.3388847592706,6.516476078496323,0.8831019725869778,0.18079165103608974,2.0
-147.1661158892951,-205.5682398682542,7.016330748001915,0.9147890402300957,0.15675628439353084,2.0
-202.2489839185104,83.30829941229072,5.183086191604422,0.9159320182465639,0.2551665688198144,2.0
-126.28996496951389,-235.64865030106733,6.512545176409633,0.8843947798146485,0.16999119827656786,2.0
237.5980148777203,-188.61738002531675,5.755239361006963,0.881856390402311,0.2316153158631563,2.0
316.6598445700013,123.19991840312709,5.071372366649219,0.8298473877743782,0.17461506382366854,2.0
220.17063399844432,76.89688316633023,4.489202162541851,0.8090755602145702,0.1524465220363037,2.0
-143.15630746015157,247.54756307171738,7.259862293901986,0.8692854698093331,0.13471136600748934,2.0
59.261212374404174,-259.07029034473237,7.303735444979155,0.8868131549615734,0.19525979293944373,2.0
-161.13457786050338,196.7483913820699,7.557794116457221,0.90572810814633,0.13923554344005873,2.0
-249.02127197135735,98.09483563794647,7.12423221079142,0.9501206892950348,0.3027908383004677,2.0
-28.01923649241687,-228.1293700232751,6.820802391760744,0.8881347526074754,0.2730387646552425,2.0
-174.05882121814275,154.0658810254326,6.275103550612879,0.8952514417046449,0.19842834860048242,2.0
-4.467404661245132,241.71393444732976,6.230928392691971,0.8882734367422932,0.2370943221011439,2.0
189.98533974830985,162.68542155481353,7.36490973420091,0.8923337582610661,0.18596382996384472,2.0
311.4473588821429,211.390781650976,5.364134896167241,0.9091547460609358,0.22712401071891075,2.0
-291.72419152512884,11.09458222758946,6.350985099963791,0.8972038701099763,0.22564062865381124,2.0
-257.201195778015,34.062951096883886,6.160581526384333,0.915067821984534,0.253653622380748,2.0
-41.380212149608404,-208.0939977168603,6.753618644589618,0.8796867857351505,0.16427490858983693,2.0
-198.0451820252121,133.20582986021603,7.025269277120802,0.9222532287320419,0.2925686804696693,2.0
215.06983380966403,-235.8415279982296,7.2242681268469315,0.9294937424190789,0.2118637859152851,2.0
320.1665473387917,-66.15845879907005,6.561637069897793,0.8637313700450833,0.1349960641805073,2.0
-144.26708457859564,160.98653225824873,5.631596107808156,0.8947895803331127,0.21740946751227966,2.0
171.39719125613559,-186.65711007018757,4.926030698681436,0.8585922312664163,0.22668554167481134,2.0
-113.63015156836906,-186.57651220111583,6.513637055588432,0.8706941221271821,0.1316237862498375,2.0
-25.649190652954985,-217.53122650573425,5.719392499792148,0.8324544816308882,0.16697802702033426,2.0
155.86605688345531,12.33704971635449,4.566312918270443,0.8602576110703803,0.2253004862928125,2.0
382.2408515013859,-76.44065081822194,6.982733946789923,0.9232435896063991,0.2704021453646421,2.0
161.4749378181824,42.59903469441432,5.157458962545331,0.8723096184148167,0.24373390289577862,2.0
425.7559046134784,-165.47349242660974,5.532278674635405,0.8178923466511615,0.15483077930123637,2.0
-335.45363284798907,-112.41928014320405,6.33882404452041,0.8929495577861823,0.1868182135773192,2.0
46.234118422022895,-226.3581298920128,5.799450660757517,0.8744733740805939,0.14147924636044937,2.0
168.8795766649734,136.8387535296831,5.893292204030041,0.8525633908883138,0.22173191456715086,2.0
111.74223234426165,205.8861418167843,6.820723701775549,0.9125736716116887,0.24945735634633867,2.0
113.53683868476591,-243.71727753215322,5.961201857795938,0.9139474836075785,0.24948896576334514,2.0
76.4586016882427,205.8517831420451,5.409395952391566,0.8807246970085726,0.2641403858291527,2.0
126.80274426656855,-161.5728227384896,4.8321457382302775,0.8500107618405186,0.21548236156406544,2.0
-272.82667058733205,89.70816695219058,6.439761406957267,0.8924956217594514,0.225875062152687,2.0
-216.14412611973947,121.44150753506536,6.2457399775320335,0.8668864799973377,0.22547088573472657,2.0
-324.8024121006584,131.18007067914118,6.9178620525783225,0.8917433859555054,0.18652587505661114,2.0
236.20070102355902,-20.005754645197065,5.740761560876362,0.912432347408611,0.2408553685645101,2.0
108.43815376839348,303.3095473728695,5.790197220924573,0.8881267244872186,0.17600562272711912,2.0
-52.13693989036114,-253.71057717953406,5.55622335218286,0.8955909772973067,0.19303356947863856,2.0
192.65027769104,173.44468437846268,5.645111216013743,0.8524521975804704,0.27075460165737675,2.0
215.84184994433474,-223.1892169332606,6.137465557533908,0.9089475116821317,0.24442620524476608,2.0
-28.318952049586066,-195.12170696873923,5.159795957417755,0.8938073179312142,0.28370522786696467,2.0
-249.96450201121291,-1.2784016611318214,6.224514364375769,0.8841977782695982,0.1648301492410209,2.0
17.449410621014053,-205.7321129597104,6.263394333485139,0.8782999854476955,0.21047100264748586,2.0
258.94137736707773,50.55371390324171,6.0489853942106695,0.8695671818166001,0.139024082897644,2.0
0.8954962652547855,-355.7028301953956,6.704187766660774,0.9340666680500256,0.2526505365701247,2.0
-244.53957872620572,-23.105526792187405,6.373847084905994,0.9051594762385659,0.22350695646144594,2.0
150.669142554202,223.32926348629985,6.032270846055549,0.858557269493196,0.2109619390833892,2.0
173.11866927076906,-229.6799916615319,6.5602573779445015,0.8916537360909971,0.1919095813855514,2.0
340.56111303462797,-284.1661644359011,7.994635143341327,0.8992989814565379,0.22660971440606537,2.0
194.28486657332166,230.21258029778522,7.080748253972253,0.9261912801266565,0.22210837449783893,2.0
255.09943284109133,115.40438041395781,5.318481595627259,0.8665722091216925,0.22809035398604255,2.0
-185.12478742244917,-141.52151180682765,5.92011287422146,0.8979983613161588,0.30457890544063715,2.0
38.073927213508725,252.82091957483965,7.387342395617749,0.9237903871616373,0.19455173749767732,2.0
-185.01936691651014,208.58916716915795,6.201190066858281,0.8906979158356535,0.2814222343125536,2.0
-252.9442570330093,-64.03834902440632,7.137340562020877,0.8711655487377772,0.13911682994657718,2.0
32.19632023809329,-415.0646128172478,7.173755320075888,0.8809307208910462,0.1560750821244273,2.0
-190.03319135513323,-160.51731164317712,5.977080993035332,0.9079217497155999,0.2896151072873068,2.0
16.36791048926459,310.67099035610437,6.085785536890963,0.8896074087053648,0.18335438228600867,2.0
-82.28716805382085,-239.01950050016922,6.38181432250774,0.90787779237673,0.23350309117732543,2.0
178.3443055593178,33.61231282513818,7.120701857218329,0.932198986583194,0.2867528700601057,2.0
124.93419018946688,258.22381445763176,6.07196290888264,0.9025883697375968,0.20989369277278844,2.0
273.58103386608275,-103.17849923478737,8.112440440966383,0.9516666717640523,0.24932866382406746,2.0
-257.22425681366775,-20.898389995358052,7.526558926726189,0.9410974818687922,0.2588885178928823,2.0
149.0818196416141,-138.6889005877402,5.8940776102836345,0.9128329719326185,0.28499159603496144,2.0
239.08079916122938,44.04881558710415,6.505220414180954,0.922863851583595,0.28694675253973095,2.0
192.70061254316985,-190.36172747182943,5.908395086970447,0.8560359026573178,0.20861956443179552,2.0
-264.4174742641925,-67.33802936477531,6.190570831582815,0.8882986645541157,0.29200442192184145,2.0
176.51001233501037,151.32310346850295,4.6321795477108365,0.8384614231704717,0.18947743714992055,2.0
204.81713119280806,-207.86570852470888,5.577921258553753,0.8653948630161191,0.23179033568861537,2.0
-261.6742984820222,45.64653838961147,7.468698139601661,0.917421005722504,0.26332948938816686,2.0
248.78752134900597,1.9105125101585745,6.075138299147991,0.8871203320534531,0.29208128045449416,2.0
-200.89365898939016,107.32366925905106,4.668092286918577,0.8738683444257872,0.28586269879241355,2.0
148.67713709824832,-86.48198957798132,5.958480739382673,0.9014381741379172,0.29480392472456196,2.0
-166.53312005934458,223.10179329419805,5.468234595384964,0.9219625715821786,0.27410093442780215,2.0
-71.92511311492275,-243.50436530531965,6.371336559165226,0.8843901133279993,0.17354875663241637,2.0
-81.67945819828095,-260.5226152674813,5.234190235708006,0.9074027154196992,0.2519835062194021,2.0
285.6219346144416,-38.628314237674324,5.926092653258207,0.8672288591811771,0.14064573974407046,2.0
-259.3186016235274,0.6136542650258329,4.570522438070507,0.8467241460996577,0.20065909819875202,2.0
178.72092528225812,160.08547813437661,5.621715138910369,0.8860662876003566,0.2698122999998864,2.0
237.32486794926618,-170.77154105904603,6.100339935811818,0.891140220644261,0.17832698069942168,2.0
-135.45086623375158,164.1497619880946,5.0326525330924525,0.8638530009837758,0.22383762802228604,2.0
-84.96318326635101,220.67008033913643,6.371197169010366,0.8931812107030539,0.19020979251125436,2.0
-243.26203089830457,-148.73922487169722,6.111304277902318,0.8778385256625681,0.1542382748565278,2.0
313.1786267964602,-56.675217841476716,7.0551202820798835,0.8981729741301447,0.25823615161496455,2.0
213.2105924564629,146.67559563360186,5.42363548071669,0.9196510358090003,0.31590315505679095,2.0
-86.17541568565103,273.1172432505327,6.706864730232894,0.9155839105597335,0.24842225020001277,2.0
52.562042014875914,-236.33255415005297,7.248536365761228,0.9221676938537443,0.29222913409779533,2.0
-176.81725188948076,273.877758391352,6.117292880320052,0.8845121601304057,0.16580550159398896,2.0
-268.17695564385184,-164.92031144916126,6.0764349521031304,0.8765004135922174,0.1576017469695363,2.0
131.92890402584436,-219.0288314614991,5.895670157031407,0.8891830477877832,0.1742933286930998,2.0
86.44276627197509,-184.31893301718526,5.643458508593325,0.913561793965255,0.26867596199017485,2.0
-235.7545083915618,-41.53485251959368,5.172902011054585,0.8592397007327928,0.22216160660917061,2.0
268.3619812422551,78.77787682617809,5.477128657366166,0.860419942823442,0.21379823607355472,2.0
-305.44081660185105,327.3384188924062,6.980842445567409,0.8925624748248409,0.18332811164800109,2.0
157.52405241375388,257.079688226927,6.1799183606494426,0.8852135958122836,0.1849665333286637,2.0
299.10878790162974,-14.93057104621455,7.510608881239265,0.9164107823031362,0.2573462071709846,2.0
131.99708074664304,219.81235383421907,5.519527387865217,0.9039145215378835,0.2655308630787477,2.0
6.739971185980979,359.8215490426945,7.502534975852024,0.9057794467326051,0.142190137629799,2.0
-216.56345753365372,-272.66407949900383,5.783594800790523,0.877950778159495,0.2655120888204573,2.0
256.7338137526412,62.11045279585792,7.141352524540944,0.9247941287473322,0.2866866410808788,2.0
215.02603484298186,-157.7869843119111,5.331081762370581,0.8619711766823258,0.2714993880904643,2.0
-270.5235189018669,-22.35152774380462,6.627588740654998,0.9065428355236685,0.24161357934844027,2.0
-286.3717645369507,58.53221466974703,5.955235888767099,0.8825855697763625,0.18796552422958918,2.0
-244.34913491387854,54.3724081602815,5.4819644364981235,0.8963548577081771,0.19539621025776502,2.0
-99.2577403972785,290.7834004313831,4.600025744189198,0.8411141577952493,0.2989171644314929,2.0
318.5988403538346,-175.74270294186502,5.879037439498637,0.8642101845803069,0.15266799744948256,2.0
-216.68572277407748,-137.81404387505677,3.8384313127936633,0.8707984176555016,0.2628502474345566,2.0
-140.88809758193412,182.9752830318568,6.103264631679462,0.8811689726104978,0.16405177897086778,2.0
-136.2100856755394,-274.9844737253196,5.330251379242863,0.7909003436633265,0.11262590424581685,2.0
263.99599030289454,-74.6831411147163,5.645189371015677,0.908950280246831,0.2750056517971083,2.0
-289.85840805585246,27.793705430242134,5.164697762650832,0.8244748353130759,0.15754299789063583,2.0
-106.56479084601581,249.41630722108476,7.5640518760733135,0.9014084452625716,0.22185511519546267,2.0
-0.28002486779633334,-217.08886121441,6.08123962959926,0.8894217872931021,0.2238758628946668,2.0
-82.4904752140915,179.58409141229112,5.550217847427529,0.8546389109774126,0.2049843848054424,2.0
-148.74571061027783,177.81470641093057,4.6301256914033,0.839289563128191,0.17859910477407265,2.0
204.0656285367977,-172.93941310332042,6.054034065059367,0.8901650494629757,0.29016785701488745,2.0
-387.37637727876324,251.5463550568628,6.622536495190017,0.8830015613683031,0.1592067373686173,2.0
-237.79360940258854,-80.94080719707688,5.968343546040559,0.8141638218231793,0.14062203141421165,2.0
278.329045145458,151.27403188516442,6.8436467706397925,0.9329228883473143,0.23100385346011823,2.0
183.16351587163143,262.24084572527755,5.059207425445673,0.9120241216668605,0.28958458633411627,2.0
-39.43540287024936,-227.2123522783924,6.308821356969426,0.8721023890682414,0.24868036942017854,2.0
-166.89447741515892,-149.8791989582706,5.421664456398017,0.853060893609115,0.20134629160135303,2.0
-48.240851123821,-287.85228060560274,4.40806422992228,0.8076001199630034,0.1364551630899841,2.0
93.9382496975298,203.97920244717008,5.628226470233622,0.8750809129228793,0.1766195645655839,2.0
76.97869093724945,-183.73352908794186,5.079539932204757,0.8240464947505587,0.15881017247925908,2.0
70.16318381446199,-252.03742486765103,7.828291459746706,0.9002734777788048,0.2533243044987431,2.0
-354.1206398098049,-82.91632619078806,5.919519984651594,0.8639135188047767,0.22589736319637616,2.0
238.28385308768173,-30.059529983047415,5.421130440025185,0.9196097518532141,0.2898713729597632,2.0
-215.34196549430808,-109.92831710627449,4.50668592064144,0.8599937216078244,0.24027809035350006,2.0
-118.24332136785529,224.25899551686723,5.2407965612224885,0.7906518860311661,0.11753657011287971,2.0
87.99545232773966,254.5031577194641,6.592935295215864,0.8991722642326159,0.23409501223416904,2.0
-26.794243024538094,280.41951952992093,5.1106387038379095,0.886623717723523,0.2791216553154232,2.0
-140.60679885587942,193.79278374125363,5.731752077386049,0.9216845448801996,0.2868378169102217,2.0
230.32456058001122,208.49461513596935,6.018512700728038,0.9046848399944012,0.2574289349761978,2.0
-219.4910928890588,110.77789388410474,6.474192087446529,0.9096022942910705,0.2958344142503179,2.0
176.9074667619162,-219.16483040697918,6.244956213257698,0.9045475462493797,0.2337170008759321,2.0
213.18543233353665,118.94429090890434,5.487442678792329,0.8876853899183044,0.21015345268786426,2.0
-222.30723562305732,-145.2006335360706,6.089093133766913,0.9290344075154375,0.26526334500937865,2.0
189.3478740167684,240.48110809673685,5.506633013017301,0.8860049857447853,0.26350741603795846,2.0
-273.53437276769773,58.89915869946133,7.75859349289933,0.9179509505648682,0.2811415368052905,2.0
119.61579655328113,-179.10472494623616,5.28121199167303,0.858764538583961,0.21910849636330745,2.0
-217.32711186556133,-293.5289631162909,6.0151367906748865,0.9071318780712366,0.2251036879112372,2.0
-127.79390797837567,220.45703683398617,6.387577551278548,0.8872659438218288,0.20114196234596898,2.0
258.83429740623166,-34.93694879837602,5.157358041579157,0.8402152783234715,0.1848762521668635,2.0
-11.665049597670432,-247.06771793421893,6.350670555871622,0.8886028271020828,0.17579335517180286,2.0
-54.55345910825601,252.9041301726385,6.256720016696163,0.8983708530045822,0.21538206329223325,2.0
163.23121121265496,-201.16913986987058,4.878598797936846,0.8385192815748005,0.19277070050841155,2.0
256.86740796538356,-45.11463314327442,6.723755179161712,0.9272810622797042,0.2872284538395919,2.0
-98.16804282151888,-219.13060852829136,6.0076100553934895,0.9005970231774645,0.21420799842151678,2.0
102.99229936549561,199.06042711786776,5.096608626409846,0.9128854607362845,0.24881013563747195,2.0
-93.16452253967819,282.8624101359613,6.6816475205560035,0.9206039906873846,0.2819301508386967,2.0
-196.95256240795925,-49.52069277949462,5.729597859561988,0.8997107613694004,0.22478806947727117,2.0
2.231305521128633,250.39894116609278,6.17242884042503,0.8942401501784554,0.20228859943943345,2.0
97.10159604970681,-280.2943435187829,5.981212849051022,0.8774089711204799,0.17069371653464502,2.0
146.70052296788958,-115.07806556728973,5.570177122112705,0.9046618664466575,0.28279572500305444,2.0
-33.334959931004306,232.04379769683595,6.157259902905593,0.903010126443622,0.2257370756197765,2.0
131.10159057287896,249.46519981068857,5.711508886040467,0.9153711691216151,0.24932672473415993,2.0
-159.1572383264903,-283.49618817487715,7.2921608673024805,0.927671894118701,0.28747170179384157,2.0
-212.17988557696455,84.99773724713708,5.671698294607597,0.8876784031497376,0.17963141413956676,2.0
249.02159838484712,87.9252042226207,6.2117155093935335,0.8884949152313921,0.17595504458101835,2.0
-209.81099475367327,-117.32710933697447,5.994627878012507,0.8993731918734768,0.22572456747847638,2.0
143.30937480862946,-293.74241268122074,5.7181088729441365,0.8462283405958184,0.1947054469700605,2.0
-343.29710725695026,-4.370703527917389,8.040327161515702,0.9051129441182585,0.14010010145458007,2.0
-56.557854143136154,216.27831415615992,5.033844028666355,0.8241261472176064,0.1554320312439764,2.0
-5.124327123566582,285.03440258923905,7.185239692908091,0.8864968578021862,0.2750408831899144,2.0
-294.80139389462556,96.296487450628,7.431936639131679,0.9208955031332113,0.21888873608952494,2.0
-248.9417097860614,-52.54136990249404,6.288816579017613,0.8971580080646884,0.21711518997328505,2.0
258.7815317703309,94.92323765464714,6.798801970183334,0.8879560309342234,0.17959828769280262,2.0
-147.48018173014265,268.3660965762819,7.050116140785867,0.9287552148856065,0.30843390572692536,2.0
-282.4832605268209,-21.982794552233205,6.7914181993970875,0.8901995657482943,0.2735522107431427,2.0
-272.0596746907018,-118.99938918767937,5.8417836921910515,0.9003315873807998,0.20622811701552984,2.0
-246.31516633763616,30.102803695468793,6.2529443866014915,0.9097144055502971,0.24177102966256908,2.0
48.4158384441784,245.98803547391753,6.450521629801639,0.8938364850828926,0.20510196842552797,2.0
226.56868466490596,29.120053139233917,5.88416454423386,0.8986929895732596,0.22866724302920038,2.0
-55.593801784563034,-202.05822061013743,4.406008978223536,0.8784451952255097,0.2545235193767606,2.0
-51.45580217011912,-209.81755837645866,5.406649464698919,0.8772078149985497,0.2723967072709417,2.0
58.8348665366747,196.92990594363326,5.656372523114471,0.913471818908452,0.3161675752185029,2.0
373.34593358256285,-83.12100895547152,5.740300037726774,0.8869995180915915,0.18174844347108168,2.0
21.66107304645533,271.27684240035353,6.40080534953423,0.9017487355370447,0.29809217666092525,2.0
290.1854966407363,59.194047741675135,7.308670119766859,0.9296762670570253,0.25722362849146263,2.0
151.15409817749807,-235.55405944669386,5.536658749748449,0.8873312663663591,0.2050430143980159,2.0
221.3971465595362,-42.9035229871244,5.706599395881465,0.9070711771610304,0.2634132696452115,2.0
-215.42543782746515,-127.37566223758223,6.999383959377775,0.9263282358296222,0.22938528075565315,2.0
66.81182696340805,245.5187984927582,5.451242740365842,0.9040946921450945,0.2433086471805828,2.0
-235.57702431792507,58.25508891413074,5.29363913908622,0.9107604763629956,0.2372408549287506,2.0
-187.63185780305113,-249.31259318462787,6.670778139857316,0.9115919158875222,0.26953002905650175,2.0
-264.7163493741756,-111.6910084972623,5.544748758306501,0.8922611009978971,0.18144742862564237,2.0
-191.6489993554667,-197.10592020226358,5.964978934108073,0.9165854581444131,0.24958961580989134,2.0
-197.7780043927414,-216.96306876244407,6.077322835739123,0.9167978631341274,0.2682056244367475,2.0
168.37331822442817,155.08649311566882,5.232201612232106,0.8975510646372885,0.29378835077901666,2.0
-87.21181494378277,316.4227023736186,5.912966387236213,0.8979767329331265,0.20929461201105654,2.0
-252.6504963545195,-229.42054559965374,6.304461843487085,0.9051485509572024,0.2532349166919758,2.0
-260.2559744289049,-195.91022095337416,5.4322776638071835,0.8589632100800804,0.21250213071588728,2.0
-122.24795063353729,191.10551190700215,5.686394536180028,0.8976038173262045,0.20879289896717404,2.0
-276.52820350103974,-32.950279514763984,6.828666842520812,0.8918667720552557,0.1874070785174876,2.0
271.9569973984439,139.71996365114134,7.412478406833136,0.8635547192128917,0.1259994882854955,2.0
288.71871014526994,28.694332816347075,6.548241232134307,0.8737398729145162,0.14074688805838298,2.0
-90.43028394635765,238.68649196349187,5.574530288019773,0.8164383892545086,0.15801310187661458,2.0
124.75710887207447,213.40141074062947,5.4112302959337715,0.8608735106902945,0.2255418725855805,2.0
-44.0544370031095,251.494613782811,5.868789647049918,0.8699345727175273,0.2477071327185984,2.0
-285.6787297033368,-71.6991028227734,5.562759945065575,0.8948224587169477,0.20222441926430784,2.0
-269.7059155776719,152.43959351391499,6.7363527203206,0.8855734766450722,0.1708069417562397,2.0
221.1868957348859,46.33481570522092,5.474748419097276,0.8939985101862608,0.2125366551903299,2.0
-233.96865514564115,196.17440545079617,5.488793060035647,0.8689728582684554,0.24052007251072177,2.0
-238.87374785164403,-126.03054153029744,6.950894635086432,0.9263501611276845,0.25627150156606077,2.0
-201.49974981669334,-191.7920116844376,6.505442577476146,0.906550469018433,0.21899550239128085,2.0
349.7609882330559,69.29099883139791,7.690984225301666,0.9027714934367647,0.2126322230268731,2.0
60.99562342822283,272.3329144219864,5.780599136975323,0.9043817800033304,0.24128562829495295,2.0
-115.52072156648639,241.99108782739998,5.624811681645978,0.8846700715117654,0.3109034142372349,2.0
-304.7222861806343,243.58812202526616,5.432444930144048,0.9079497214997578,0.25078586505880723,2.0
-193.0956175398115,152.42042278820608,6.110589795355109,0.8760680040925677,0.14308085481954125,2.0
275.8478172724597,-22.992869600553327,6.706205266136999,0.9080106381355794,0.2769739071251413,2.0
-22.106264093155747,-274.2613472242008,5.377886440289735,0.9046517143661846,0.25258566251615705,2.0
-327.51371420049674,-197.39715128017883,5.86964308412373,0.9023942168329073,0.22383775167665562,2.0
248.74724487267832,-63.4760671251916,6.693658943670362,0.9236769906534493,0.27985940881526145,2.0
317.800593292484,-215.49865758368452,5.902309857406162,0.8808837320062359,0.2522755194870082,2.0
81.94417241472888,309.7046949347157,6.056380034481441,0.8964473038687852,0.23118241010820698,2.0
212.69734539500843,-130.00832373234218,5.717556962812884,0.8919990260935458,0.2806788428555807,2.0
10.164007009310858,229.69799495762223,5.798057049959091,0.9121324342636636,0.25126116511821284,2.0
321.6836160341557,-38.05359228319592,4.4413078561512185,0.8486286437307102,0.19633579563771214,2.0
-74.36058712547684,27.53331367981929,5.206196116205037,0.8952783368882175,0.26003510775124516,2.0
246.24203872130187,-22.842781800339115,5.6898595627110655,0.9239368821584097,0.28970472955925103,2.0
-297.51547251273234,-23.960633508789364,7.629762046413308,0.9164322024339259,0.28026944991447245,2.0
-218.22958508074683,59.10140601446607,6.339234438436106,0.9136840843551478,0.2717826163050911,2.0
159.59101729872683,159.83605769422624,5.842972662802719,0.922562375304982,0.28094106329421986,2.0
124.5258576998984,-245.95241945548622,6.192664238001592,0.9034564577467621,0.2209503709017816,2.0
283.58021208408763,-94.04313537002128,6.23624485214678,0.8786317037539617,0.17454201054256618,2.0
-208.34096968074925,-166.1121519974155,7.032353998411537,0.8711031650467822,0.18459946983614603,2.0
137.16350530837028,-209.7291385906049,6.093710542701107,0.8787013994414722,0.2781722369436017,2.0
-191.52819058809203,-42.275572232585255,4.334993689825265,0.8525674878299824,0.20380179679079546,2.0
331.7864436973397,116.50887572581829,6.436402046167451,0.9054924694624078,0.24536273655194066,2.0
-129.38340150396726,-190.10338813523265,3.7603436000864354,0.8729118851718081,0.24466988044066454,2.0
-161.69350018316908,185.86983352295348,4.74939203022069,0.8400244001480887,0.18566133009575683,2.0
267.2690791445539,33.60949052160058,6.695844361527011,0.9158850221928947,0.17067158499150212,2.0
-104.40208164996365,-275.31126632984393,5.509643418406299,0.894073295162622,0.28088855786540773,2.0
85.34478472645166,-235.26561950964276,6.953454166343034,0.8592123094761892,0.1076940584264737,2.0
-131.6523887197326,-246.62952114394162,7.339648500243242,0.8586016526404194,0.11748589765114462,2.0
-73.78106722487298,289.7810691209054,5.539559676022209,0.9141759737538369,0.27140427744812057,2.0
-145.6506741644879,235.36108808042445,6.519380327894223,0.8939678578085708,0.19267820615996023,2.0
-188.15240071453692,57.79601337888364,5.674103514614081,0.8935303195435903,0.23206540647309437,2.0
259.0713863659918,83.52377927634845,6.346377590913109,0.8706558863894572,0.13814591606458876,2.0
-216.2372689675073,68.94922495335531,5.150698208695793,0.8731162118580904,0.2472730440526051,2.0
-60.47242023063373,-258.72983773152623,4.9995048819306644,0.882444602680591,0.26923498855869804,2.0
-210.05667405932792,53.73164110579472,5.17583024422395,0.8428278683275209,0.2083724676774791,2.0
211.08886752118235,-140.6415717551062,6.171774933566282,0.8927212024732853,0.19008382583107783,2.0
252.58237107784228,11.917082204401888,5.160847205684962,0.9212995355798723,0.27665648002222387,2.0
-277.11901359233957,-10.171305196302686,7.61321573690969,0.9319550657252043,0.23424982252421078,2.0
194.93451411438375,217.29567192293746,6.786892224097425,0.8746034127847367,0.15767390294414366,2.0
-279.36753372664685,-78.12804755376737,4.9030284402483755,0.8181258392350147,0.1571785592632038,2.0
108.60928025846688,-232.5997166392733,7.078292740090015,0.9254495068680586,0.25425536080977207,2.0
-207.99665967124955,114.07372163602267,6.2457399775320335,0.9044523665811298,0.31422203280605887,2.0
103.55071246746594,321.96040808221414,6.921110178701921,0.8924177474746149,0.18530237696728574,2.0
76.94860063690489,250.52155146597275,6.862002072581592,0.8832561352366329,0.16657916515812127,2.0
57.68235973071838,-292.6368691326467,5.358026301172752,0.870874783883204,0.23199867516632577,2.0
210.82564534662242,164.1719289103542,5.74905945219019,0.8904276005779591,0.1822620201315393,2.0
-162.43594339895776,169.17185636684246,5.717410735279322,0.8695114080028099,0.2397785240896345,2.0
268.774627693786,55.99323551895007,6.833340366634562,0.8808987276928005,0.17820406540839354,2.0
199.2917579490045,134.6355306166804,5.733522012553708,0.8955375265729774,0.2318064152455685,2.0
148.63919225931411,-209.1371939357366,5.474645727148098,0.9091051218692885,0.30029290224782895,2.0
-6.383460561560087,224.50991211115462,4.918990003903356,0.820863061089552,0.1597185526790055,2.0
35.87065462190661,281.54084494392214,5.256429173289556,0.786817442425146,0.13971344579353856,2.0
-19.838047799392694,-331.07607669312677,7.6163353800682545,0.91650530581613,0.17820122533823304,2.0
-38.81115293451602,-282.8296762410543,7.6780806585993755,0.9122133889582784,0.1488797308034674,2.0
143.1036892054245,203.31756124227763,5.416315968205974,0.9158796889140063,0.2692317239258047,2.0
-220.64434118951888,-117.17535172196749,5.322181703984479,0.9311599021023633,0.29613168253265676,2.0
-306.12371628929003,-48.50547814617589,6.77378037383413,0.9197929835987115,0.27754075480223644,2.0
-137.06521513056995,-191.0791452507534,4.497570481404943,0.9139413355971835,0.2607817964129029,2.0
85.74336679381933,-316.98043317114826,6.204488782854037,0.9443867964839401,0.28935743849891776,2.0
-242.43173552105486,157.32388223434674,6.711201694272786,0.936927301085773,0.30930475662071727,2.0
-293.4276104543148,75.74200977194711,5.399997120565668,0.856404836779501,0.21536549812911765,2.0
319.1142528528835,-244.9930460577363,6.048289360290645,0.8833484997962342,0.18366878826866126,2.0
126.63488015708873,-227.9654597186495,5.750463254704514,0.8802479760470673,0.15710699395215377,2.0
163.1085885378055,-293.7589421091023,5.864604028728052,0.8859293631640285,0.16742188462971522,2.0
198.2997707974125,-266.3672482325771,4.959307815088092,0.8291604964505052,0.1680156783935806,2.0
75.36639647759326,196.32876008724702,4.92945372238967,0.8483667703265905,0.2074791243574783,2.0
28.600721355614525,244.82894109933275,5.98258460595536,0.8920999589536538,0.21178620841206205,2.0
-269.80599449955946,100.8379917586623,7.050392083966344,0.867242859399964,0.12973470584253408,2.0
-225.06800254634092,71.05959010317346,5.157875300588627,0.8674037445335236,0.23142912719046438,2.0
248.50223599651136,181.17896885320914,6.641678554798664,0.9363598702089911,0.29303914550574683,2.0
-33.12648717498484,252.02684419049652,5.860454356351568,0.9077948407343359,0.22781813148576346,2.0
-177.53986230473691,227.5952378112285,7.122025378767834,0.9222060145787266,0.20352406587050334,2.0
278.4468653591287,62.29994552772363,6.065600299206152,0.9016880830704995,0.22761234531810676,2.0
-3.5306304793036403,301.79603778114875,6.62635597897312,0.8652075707748832,0.225174002097367,2.0
-298.1274560037157,40.57504488680495,5.09670540787331,0.8354283615043342,0.17846673402926508,2.0
82.32636731175558,-247.40721838378596,7.1593733531405706,0.884436778706066,0.18266585980337682,2.0
-273.3687519860048,-221.84159454202984,6.372422744448086,0.8607252409656674,0.15535786494292045,2.0
343.57900636454775,10.368761959993668,6.213677404341201,0.8647104811907557,0.17779250116293202,2.0
-280.3104947065271,41.08685760265871,5.531408887537687,0.903113314735978,0.2591257902901411,2.0
180.2495652017642,190.9031354795218,5.565888799440339,0.9033369997145868,0.31551602518937066,2.0
235.993257654717,180.18353991674962,7.16643780355482,0.9076061578293028,0.22187752316083845,2.0
157.37215335039642,-302.84496977457326,6.055245216915542,0.9027581429842546,0.22232266556124516,2.0
-28.309364166060348,-339.8512942978645,5.90334425330746,0.8864492316861486,0.2678165462686679,2.0
205.99652216281456,-96.14772493696444,5.560897034627556,0.8367523157916377,0.19133831634203546,2.0
-41.9722760933996,-237.5725832990064,5.967134573511232,0.8442510624887666,0.18665380004379456,2.0
-46.96984263280179,301.9870887551172,7.035984236071436,0.9255551089937154,0.3115523580027528,2.0
-283.7058702686101,269.9590412461973,7.406185086407511,0.9247459736462178,0.21209286510169473,2.0
240.87219817620453,-119.21468005964648,4.801716177937615,0.8206405624584903,0.15406965112455095,2.0
-194.02302024724352,200.02436294279818,8.007626825438352,0.9187797885337098,0.18020785995240698,2.0
248.81300801069747,133.20543148314695,5.955069074407321,0.865776692274755,0.14417511108262407,2.0
-285.8116645997018,-93.88082351391579,5.785196065689372,0.8998540163355382,0.2140732013087159,2.0
22.408630906424385,-215.19553612374705,5.411900663326078,0.9070697060791261,0.2319763180168411,2.0
-246.36268584840766,-96.65771865071271,5.375178619644897,0.8733457699357493,0.2677144496692074,2.0
193.3124822374586,-107.39612987453629,6.120085420186931,0.8863318900205817,0.18755006547706854,2.0
247.13717326916358,-43.64439681382316,3.964872879674227,0.881518381070094,0.2844416145734936,2.0
-185.98463935607876,169.93176068949307,6.13303442250071,0.8768510596575493,0.16795872314830895,2.0
201.10476975253573,162.0777007904678,5.477929030443013,0.8615580446775214,0.22483113812731145,2.0
-299.0362986750542,-37.779239158102826,7.216857707234834,0.9228967513093602,0.2828422744234204,2.0
-168.02139281092295,-203.73211157050235,6.979441862866562,0.922849859513098,0.299268160299827,2.0
231.8549515897462,-179.90003141463944,5.928920546832157,0.8913152079330591,0.19444060079854342,2.0
190.1751215858933,-201.2933274487256,6.983991978054423,0.9085913733858161,0.2671676789244006,2.0
190.726035117384,-285.8152938125768,7.016454004279482,0.9062810010438289,0.1409066691025248,2.0
195.99235211610747,-225.48173132087592,6.86416441368975,0.9316710476465178,0.31372370568437447,2.0
258.4936036669132,106.18339264115887,5.862951707759493,0.9378505405664074,0.5154594634905773,0.0
58.26687482954944,-190.49092134681945,5.278518047375368,0.9207462784005388,0.279212743756872,2.0
-26.904807165206783,271.27282736526644,4.746279483725375,0.8949449230016311,0.2859415981080113,2.0
290.51217465254445,191.76898255367826,5.625594956579563,0.8999216559046683,0.29648499445369275,2.0
-17.552259510536462,-235.6599778551472,7.607006477526941,0.9138499678313359,0.2486792347086583,2.0
260.30474377476554,72.92473621013947,5.913510978935065,0.8247586038092364,0.16108561055136963,2.0
92.59408041565464,473.95340641141826,5.976820353333036,0.8798335538081394,0.25070185276070117,2.0
245.7255430219433,121.38949187523859,7.281564746451379,0.8995653270851725,0.13612360782028404,2.0
-219.916714036084,-77.0075536367709,6.010694998966856,0.8862967905166461,0.27238767471874875,2.0
249.7151774327986,162.15760252490054,6.338305591346459,0.8993851114742345,0.2940877798045638,2.0
49.73433238977304,203.13064662415593,5.37615195468257,0.9128687348236817,0.30651586288371274,2.0
150.39390164021418,234.28948565822512,6.3597900166987476,0.8910452365978851,0.18462347540684124,2.0
-101.780454722704,-229.84154762960614,6.473477812407732,0.8656038644237812,0.13147877148564302,2.0
92.43913399959105,278.95904759964253,5.942200915152814,0.9009300128442596,0.24067846413578828,2.0
215.9733887522192,-17.57504843748032,5.133272640218941,0.8954764699839072,0.29632997732074,2.0
280.10736216955183,-83.88603066687713,5.858349300101015,0.8899098841975367,0.18460458294510343,2.0
56.46293410163963,-200.36201745150183,5.679754401746402,0.8894329846544646,0.2781236981300205,2.0
264.2790214614685,-158.49322219777798,5.6387190884638985,0.9016119385609181,0.2043470191280549,2.0
163.81137151881566,206.222971210527,7.585354170287674,0.9455828387742087,0.27507109138336355,2.0
-60.27533683745362,243.3930480723336,6.191301924633404,0.8885855436548091,0.1703175740832813,2.0
58.179898181419276,251.1995881125788,6.371386813124475,0.8877692285057032,0.1780722330961762,2.0
-52.51487447696163,292.04225653455774,6.313817828838767,0.8850529212844014,0.1841548348247128,2.0
226.40381394371047,-189.80743018230575,6.856097150966992,0.8804577701713314,0.16265885616974954,2.0
18.18990254626306,-286.1460768012575,5.278110471950619,0.8304498399930509,0.1652798222012534,2.0
161.60278145025998,228.05280301985948,7.1654691374261255,0.9285989525732414,0.20783053487779243,2.0
-17.727931745619134,-210.57597474517928,6.467449522044855,0.9201297734901429,0.27556864567269657,2.0
-208.77389270147413,128.27408247415286,5.340828993214219,0.879756015253628,0.3150791462351622,2.0
221.17892433091754,-33.23866332428645,5.311374290266563,0.8957273737746982,0.22021730078131996,2.0
281.88239470690235,-113.05247704699374,5.415446024760567,0.8911518004084813,0.24698301676014994,2.0
-63.62144035896342,291.50308494588984,5.934119432953095,0.8984583723001813,0.19714704069624195,2.0
284.74996005972076,208.77476949362685,5.512553770551389,0.8363638274480168,0.18008847434180644,2.0
-395.1073540621708,-62.1407424664295,7.594517246514596,0.8982816874150696,0.1950344215767375,2.0
111.25498035926853,275.4937531796294,6.001758230473263,0.8669995303702938,0.14527927958184747,2.0
193.28793422866477,193.0993043163441,7.429969464611419,0.9203855731038781,0.27554713755089677,2.0
275.8716876042452,39.755338623534655,5.155724686019043,0.8324939243731663,0.16883498678397416,2.0
236.26578649773833,-82.31545768854447,6.069372561278025,0.887180379472054,0.26284748583192374,2.0
-195.08120502570733,-229.5748747762335,7.446568768687963,0.9335886486458087,0.23065557325490899,2.0
321.0712898494113,-95.81993332227735,6.4349454255226135,0.8983531395493484,0.2096717765392287,2.0
35.266476909370006,-263.8936473638152,6.452790209888822,0.9234617516997715,0.23781405197384622,2.0
108.77040182497322,-298.251694666069,6.01034427463009,0.8922549289260042,0.24660309373033648,2.0
214.09373916352573,51.70859685433112,4.621948362084848,0.8300869339295143,0.18061706342567502,2.0
318.03249215519855,-105.85099130918829,5.476745037763643,0.9006396565742183,0.30496262748038155,2.0
333.1321151812234,13.285654854706358,4.779710439285878,0.9142329739126935,0.30604015259341105,2.0
305.58072521806326,79.67237609707884,6.258490259619818,0.8869457195173218,0.18538491328809456,2.0
-77.00762978438958,309.9791616681902,6.902416299895296,0.9452849657603861,0.2737735531860825,2.0
96.77252054554008,-233.3244347545584,6.338555537381813,0.8796093171387588,0.1704368929649,2.0
271.2506198421001,-14.875028104977002,4.46061646615979,0.790402731692918,0.13219462410732605,2.0
-213.20998456049844,-176.2512376822655,6.175379600538724,0.8246207301873868,0.15642345728524656,2.0
-101.24974244311501,237.8302855111729,6.3940411229137775,0.931176218401526,0.3148014104874101,2.0
-10.821336830818893,232.7200830429354,5.7914951131326085,0.8882549364535742,0.19365606564104984,2.0
231.54273784000654,93.45660846906924,5.646454480177333,0.883188943720596,0.22114414368001262,2.0
220.062156352789,8.47192290707341,5.952030274461038,0.8901371815171614,0.19602745810190067,2.0
61.10645064814986,-219.3438568468997,4.240756731015345,0.8573805716335935,0.2660094240696621,2.0
-222.16871066131034,211.66371653308093,6.017834828793505,0.862653458766677,0.12232475750966453,2.0
305.3434999781831,158.59392699818287,5.84399340735932,0.8894413027394159,0.20618371091583776,2.0
-266.51536419904284,69.9907059998867,7.373273121495368,0.9156276018466151,0.27679518980262996,2.0
-3.8253454947053487,-271.9925883740722,6.856539039231751,0.9226850077973219,0.31226535981122,2.0
109.11689594827708,-263.42890797968414,6.822299645701439,0.8744852010797772,0.14469220840893496,2.0
-52.74812879794627,-263.91764048403735,5.601691496894783,0.8818693755807203,0.1594610418367055,2.0
-284.98688102938263,-105.78940389849768,6.882426991706511,0.9254315090161754,0.24017151386622396,2.0
202.26388316015544,-184.33855413522556,6.978335553719211,0.9011259824180222,0.21157790572912902,2.0
-321.88786753923046,42.162488591039796,6.958869398934049,0.8904761989188416,0.17767592752328776,2.0
-232.5184860774168,-186.1371180855802,6.213680929889277,0.9212652843103127,0.30647514697111455,2.0
183.80551364262558,-112.97320936414548,6.579311560378957,0.8690457505572041,0.1344482686661855,2.0
212.3269394381058,-27.731317732677077,6.231690344669623,0.8923458185465786,0.20378884337336356,2.0
250.986966521399,-123.2555913237706,7.517527192586647,0.9040696150566198,0.12739152041947993,2.0
207.97401786265866,-150.70964091194926,5.518129348361174,0.910684026818415,0.25011221439972176,2.0
183.2014397209768,-210.56083944317933,5.753478624844663,0.9020889252152297,0.22825572332366342,2.0
-156.80513508736868,-198.75433159736605,6.0165169688770375,0.9158622716404166,0.27039145920214525,2.0
-144.86935516858972,294.6622592920257,6.110628253987765,0.875612962069858,0.24234862909203161,2.0
38.26027344445706,-282.9951814915215,6.708171186656226,0.9156447032679872,0.26190498574943977,2.0
-82.71855209242415,231.66670834227014,5.955858059065878,0.875450265468386,0.25025679935535156,2.0
-27.79014143665316,242.39878279977432,6.122635873834678,0.893909672807564,0.31362199763148596,2.0
25.394214679099555,-246.70075506339126,6.728917280153281,0.9138959187203101,0.2237682291626831,2.0
181.49591240128274,-239.1413492694446,6.837937888709134,0.8758786759327409,0.16104156393436553,2.0
36.77158459088125,-227.1057320493654,4.955158091389042,0.8315821025225786,0.1680273363746295,2.0
-214.87583042732695,160.06970253047035,6.680731389474872,0.9244158467451754,0.30135991337631507,2.0
120.94507599164432,-278.32250395811985,6.4875986348575,0.8701371272202126,0.1783035493655845,2.0
281.88544822373296,141.4040022928798,4.570305082487248,0.8070026964418296,0.2711149213929197,2.0
-298.84036548401855,-207.43914857886065,6.280514714391351,0.895459716498002,0.20828714369737078,2.0
-330.22329064155963,-4.055166312799684,6.70081927254665,0.8699602092274286,0.13678500345452793,2.0
-193.79860039445973,235.17039398431163,5.199424369084183,0.8136903530191605,0.148203828437696,2.0
183.82664946187384,200.49719358168727,6.001806155458887,0.9092491274800945,0.31270027234116327,2.0
76.02036659045442,-323.0265236259666,5.606958645649642,0.9146543132226905,0.2865464086778474,2.0
-252.6251820534777,-151.9406559399329,4.998594893292311,0.7830887326479636,0.10909270953573003,2.0
-201.35023376166174,145.98523376096816,5.6072809841530455,0.8875046368904873,0.2785873339190101,2.0
-245.24600730578527,135.633479114267,7.500618128918388,0.8979087116508567,0.1452159981351602,2.0
47.54929508021971,373.3913530555118,5.7789944506493,0.8996923704397833,0.24973474718603383,2.0
-284.97116825851685,-43.246634088286754,7.407464866073663,0.9202424936283087,0.271688514931185,2.0
233.11855305640208,226.07944296103716,5.260315961769712,0.886303992402441,0.26909664177226894,2.0
-5.83732759264523,-258.2781840721612,7.113739486168843,0.9252319383084279,0.2672636605007309,2.0
285.8082573209623,170.03308659593554,7.267036789421295,0.9297991547918533,0.23150686513198954,2.0
-244.8298838706392,295.87567892071,7.877874136632763,0.8910599929664768,0.1963173291094993,2.0
-305.1763006822086,60.24104020123156,6.780395993159627,0.8757976424231646,0.1540005572184061,2.0
-437.53744618757554,190.90374815202213,6.07241257637997,0.906519904624583,0.24276596478285228,2.0
-102.75642904406614,-335.93807417441695,5.538837852878505,0.8668358255288551,0.12996896614695544,2.0
-146.9093133523555,-193.84136017996053,6.02077003508359,0.8928207773831813,0.22102774697185268,2.0
-23.123454679181894,295.94421682833627,6.810032386131396,0.9143773729312897,0.2488093188437134,2.0
-147.85092107272504,211.96000998082718,6.137802041733704,0.9015641735212353,0.23117625173833795,2.0
-265.50979157887053,113.09032125364499,7.5722594105216,0.9199104755963804,0.2651035732759905,2.0
92.41224240311017,-289.32454297477494,5.680411903189745,0.8983396736671199,0.2176928636383035,2.0
39.842351830908996,-218.6069126002486,5.321304998733581,0.8718586901157377,0.24536898205366175,2.0
247.34333645427077,279.7072999641865,6.412281806980297,0.8871570580587728,0.17676176993691867,2.0
202.09379004658305,-197.01658187613646,7.074211487305954,0.9032910863923432,0.20937211376682435,2.0
49.1575751062379,235.04071637532905,5.787931345743715,0.9144387685357455,0.291403495735796,2.0
-13.565549742906839,-200.72399338639647,5.6930304763365225,0.8733974226470791,0.15720673717791675,2.0
521.0099767143352,-242.44431923025923,7.447234524782946,0.9734687584809834,0.6862199416352438,0.0
291.54734035356137,47.23862793781861,6.329929795703689,0.8797093951025545,0.17487690320860655,2.0
299.38062992259466,110.29226700013531,7.185747861823073,0.9168911239004865,0.2546130506883551,2.0
-262.36075836922726,181.60030778112142,6.0460894932279095,0.901471240232512,0.23426437109791604,2.0
237.3943745365695,102.94447686828116,6.929682595283346,0.9194292689608102,0.18427448089748222,2.0
213.65752336128304,191.66113814777813,6.747990671859819,0.9286517430233842,0.27433923844131763,2.0
248.29481987672872,-103.99280180325499,6.241086202224695,0.9033206110415762,0.22803890808297747,2.0
-252.06897031766223,85.83270928474779,6.3699367477953945,0.9085710778220909,0.2625463603688254,2.0
31.912539277643216,-294.2234394458778,5.8679295623490555,0.8856841464222401,0.26252160653242795,2.0
249.06356615507195,75.34781885968341,7.644589674384395,0.9132989785999582,0.24178038776863384,2.0
-264.1771526629613,17.223120489409776,6.222076329860061,0.8827818505979508,0.18439764789528623,2.0
151.6960228589097,209.15364095197256,6.064430235181226,0.8638783094497899,0.2279772611386814,2.0
54.04184467178727,288.6824071078395,5.164670038592201,0.857233101300085,0.24628230594490585,2.0
-272.54074868703213,23.720701611688362,5.807878963970897,0.8969010847715874,0.21804311485800845,2.0
130.02896911620215,-257.9294993885881,7.688351681504108,0.9249163685133338,0.2061307856474192,2.0
-274.4632899513095,-293.3955855319823,5.39117075506741,0.8831706585759884,0.1779305733745608,2.0
-242.5454194577151,180.47736786522572,5.846835618710762,0.8995946872435034,0.20240151131580478,2.0
187.4340820028725,447.0872596844591,6.5623242408244655,0.9325884411025664,0.31050926716570926,2.0
320.5577703328309,45.78365812165273,6.6992585213585345,0.8913678700403509,0.18706830618515496,2.0
309.0707066348331,-67.81719687818202,6.338786383093395,0.8748523036637741,0.14940367858646503,2.0
233.11845911300765,322.61857073251184,6.397099296727177,0.9004447345471076,0.22578171043885858,2.0
-236.6029764040797,99.24363132570333,6.398930429674586,0.9066624520907947,0.2388061576802504,2.0
-242.81482754075228,-115.18593909882597,6.597010775301299,0.8767806586701624,0.17114075173566062,2.0
-328.23481270801915,14.006854047272814,5.270181100633884,0.9168450592735561,0.26609133790031025,2.0
-275.2456908608012,2.394247877902131,6.0515699529593165,0.8998074080068783,0.21180522721825,2.0
-259.71156663085736,-85.45820883423396,5.263410609014356,0.8040624981801578,0.13549078129046205,2.0
-55.84402505666758,272.8944259966697,7.2014589616549625,0.9177406575291428,0.1938331476120658,2.0
265.2610913640738,206.27784393698826,6.358754107073489,0.895260303336543,0.1983723745035433,2.0
250.94087671515055,-144.0140970786702,4.796792223784604,0.8394318699859754,0.18999486475726807,2.0
220.83643909680657,-179.7761752533688,5.849956788251206,0.9203915234823716,0.2625204369368893,2.0
-61.9747912809754,-316.1251541525323,6.474769986695454,0.8750273265475783,0.14316160054514504,2.0
210.78871208777613,269.8313285609457,4.834383159916576,0.9227306260146875,0.30664217540492855,2.0
-121.2820293711436,-194.60858532273906,6.205764793326096,0.9159897933614359,0.28851034188045205,2.0
158.68341792751812,-323.9070706886587,5.59405680809337,0.8432587968098343,0.2091976950071293,2.0
149.7662851156302,303.0007417113486,6.982890477754643,0.9034367709794032,0.21201205491926484,2.0
-121.2939372203277,201.36233765747122,5.687323816135152,0.8794378894810281,0.21180792700723394,2.0
-263.7198193951209,26.969268756409427,4.51279687028646,0.8696059935207452,0.23122458508683874,2.0
-34.96774150145948,-304.47529539887665,6.953331749346291,0.9242588849850423,0.215917928740433,2.0
-181.2386944344787,195.05201921229627,7.249668372596593,0.9263006702513277,0.28502380501715835,2.0
-91.78539130498922,-227.702898538784,5.293691824613098,0.8460767347973754,0.2130364530279623,2.0
253.80279766664336,-160.8500489003655,6.1206884444965715,0.8862206880229287,0.22248677999642216,2.0
-106.36339395280022,283.1458725269233,6.979798275519256,0.9399101321504336,0.3045375960796815,2.0
57.5861883606103,-346.41911682724646,5.563579434133016,0.8394245307835488,0.1813808253833458,2.0
12.355774247161344,-321.4899220059855,4.931421123055847,0.8468588426642103,0.1922060066899628,2.0
-223.88751729053448,192.08587749810908,6.170495470614479,0.8831788052080397,0.16875904972248984,2.0
291.38452318193174,99.42398358384311,7.756667952666366,0.9126949724558205,0.18561047614202267,2.0
-326.61912017686785,-133.25332097091345,6.170331764034702,0.8876671067176637,0.1702452164253346,2.0
143.6888218761201,-219.2786830232417,6.985345227115348,0.9218525141065496,0.18719844911393876,2.0
-206.7641646701998,-246.98898095012558,6.402537805130525,0.8839005505822147,0.17951138240581727,2.0
306.6027355626765,-177.00385422249434,7.9449833941550505,0.9021561581760662,0.1335898959356999,2.0
-80.04858963795691,-209.2109154257463,6.414322778837735,0.8720585593317899,0.1773929119676707,2.0
362.52659565338126,-95.90174373731874,4.946093573080314,0.8758623643503315,0.24538347570992722,2.0
153.44965889564943,-225.62513684344242,5.428113498328839,0.9076087093390797,0.24407491862577366,2.0
200.71400431624352,382.61418920157814,6.396959804571306,0.8777799726320267,0.16855415000157822,2.0
-82.89121959227278,-337.6736651368705,5.592957961923292,0.9081359880315962,0.229998805677047,2.0
255.64778500005846,-179.64135844307128,6.421842032870521,0.8689042972450883,0.23541682925088817,2.0
-88.14631040889951,305.669152719437,6.216189531561784,0.890564306055602,0.17979319480692008,2.0
-250.6175046862653,-123.98683099082652,5.740312072476287,0.9017772316919269,0.2743088526041978,2.0
-254.25360380997333,-114.32443819260432,6.432497453061763,0.8627164134506227,0.1179765656737921,2.0
-276.1249579937423,121.36191968626326,7.445863570487489,0.865882133038223,0.12838620089820557,2.0
56.20138835098726,-277.7779014824937,6.577082942270866,0.8888134640736178,0.18975900584316943,2.0
206.38808713308495,126.83034207808294,5.5753393666389295,0.898230646276547,0.20432597793043966,2.0
-232.70648783441294,133.66956990818142,6.588392842275688,0.9067562628629681,0.22604692091475095,2.0
-154.76606757808707,243.90189235142665,6.903669105550987,0.9027867372841369,0.2346939352429901,2.0
-171.4226822298755,198.35907014546433,4.3402776807914565,0.8305344341805796,0.18856686882941437,2.0
48.60084222411011,-348.32644190697783,5.210007611224319,0.8691943979773006,0.24370114886917235,2.0
3.1512061944310585,-303.0383222367359,6.204290177095957,0.9051293401233177,0.21827468684090734,2.0
-19.705708733492937,275.2771851875391,4.704858604806575,0.8410031173064699,0.18335354091269085,2.0
294.03492431855744,-33.67060327464297,5.3058247277002035,0.8678383349884544,0.17655220798618407,2.0
151.2166217426841,-272.9985424337895,7.641244205150764,0.9049036908875626,0.1564203329868867,2.0
221.1242553020201,-24.52573012447692,4.6127205777511175,0.8302499184247134,0.167702187482419,2.0
239.59872919461768,-129.6611759724315,6.968147509311693,0.9216886871097097,0.19864255910686018,2.0
287.4568017656961,-271.755431624315,6.4025848733566715,0.9019494631685819,0.24294552375880282,2.0
226.49162810650586,-17.977559806396087,5.240254925976684,0.8917369773189753,0.28487769511060657,2.0
181.3875824752577,-191.22257021345823,6.573133709316714,0.9321799661694607,0.2684382028144353,2.0
122.76459193031427,138.9907077260129,4.758358980413598,0.8105764358147537,0.14360159361489444,2.0
-39.4769212904361,336.04824286273856,7.40635527882861,0.9366239264766439,0.27113318187544416,2.0
227.09807356711636,-216.48835453711868,8.362039251044934,0.9251626620967165,0.19455161782139332,2.0
69.33872614024797,-265.2264220074555,5.891094615599124,0.914123929180118,0.26938770735643125,2.0
184.58733812564367,-228.33803436771825,6.243263519069648,0.8931089122706126,0.2199398161708267,2.0
-164.6731777975871,-191.5886262984158,6.000312360498748,0.9107950057284889,0.2832888668822622,2.0
-190.9393302822625,-57.10056422014576,5.172638537586333,0.8253598439742643,0.16200140718275283,2.0
-186.6188178926746,-281.140172102198,7.600947822614554,0.8802754262132467,0.16064570266049652,2.0
123.52101877247418,174.09948877019212,5.147795613822645,0.8648467729206659,0.23366389940628768,2.0
-184.56964164007178,-303.507804191934,5.785698511662369,0.9093109203432139,0.26135088178120447,2.0
271.7783572802796,0.14927771490023017,5.82751294424802,0.8718062057832976,0.18969606938918962,2.0
-33.958107998252714,345.8921670879969,5.342976915259769,0.8496884868360598,0.2019351814192608,2.0
260.21218437623196,-131.4416168475711,6.278364489303376,0.8909546491090296,0.2129280955559665,2.0
-179.53249921367933,181.27269070558265,7.663661621618444,0.9269419601335692,0.22831758619626213,2.0
11.375651929505677,256.5494371806981,5.757514780476724,0.8986682588220373,0.20182249629422802,2.0
166.24198356136398,-253.5619658043976,7.955274683304021,0.8926674925604066,0.10186267570546935,2.0
-163.60447121623326,-271.91665878339944,6.213195864891788,0.8425770933212475,0.19646320701098988,2.0
294.90076544857845,-151.19580041016096,5.163060486956202,0.9186874436694603,0.2928963171942942,2.0
-288.75917923095506,-54.27621699823417,5.432151548390877,0.8888889463455065,0.1778149455329674,2.0
-319.58938225788194,30.383320264267393,6.226311271748626,0.9111555568853823,0.26887493239375404,2.0
281.8180302940503,2.9320708377334057,5.468205338047286,0.9055171731807115,0.22137788551315066,2.0
-279.1987351069078,-147.89444956890816,7.59579675984052,0.9297283869493145,0.23186088307253205,2.0
187.25873243919378,-182.41787223182828,5.3017440224640096,0.8628100970064164,0.22053842213132657,2.0
-17.517605709688148,285.02599962389587,6.443041502982777,0.9205276601962138,0.2913091053777326,2.0
160.25647658875627,340.95101007438564,7.166109876320916,0.9346899411581184,0.22803659072706872,2.0
-247.67531693653484,-132.60330544412017,4.8804967290918135,0.8521680905902586,0.2710528736288093,2.0
280.7465313687815,-66.27580522404357,5.71219376117356,0.8113148571961517,0.1393308559364611,2.0
135.44227328260797,-246.59354521563094,6.185833445606473,0.8891854199167301,0.18938096085698458,2.0
331.997393955249,85.75559692036788,5.897096613511731,0.8656454287713221,0.22704734154336034,2.0
318.25172254801663,-28.52444119761092,6.766982491054319,0.9385177942828021,0.2961312814074958,2.0
-280.1366883236243,167.0570476626695,4.832330140465409,0.8393054327096142,0.19552505532494494,2.0
285.05070262630164,38.901564219893864,5.661839799100537,0.8866933327958421,0.21031426674330533,2.0
121.44494203803893,193.47161748004373,5.020547749828286,0.8773874964416964,0.25155139203851734,2.0
262.81732839369073,238.5955544067498,7.792749275824985,0.9311878196801922,0.2850986860968775,2.0
-299.0322937282054,84.6768088112456,6.692618781150151,0.8810806364525168,0.1721532606081258,2.0
18.9253820677763,360.97338425707085,6.411088931566261,0.8706812382998945,0.14012953376181211,2.0
281.43149528875085,20.33570087395422,5.995494767850925,0.8870199352373566,0.17091204713456504,2.0
-64.73824289958138,-216.41770238967797,4.431125348516663,0.8426734071362838,0.1875108187173329,2.0
8.050475074736683,-312.91990466229106,5.804715609888074,0.8940941664999831,0.29160372746549534,2.0
2.9569309123041836,-323.95261025121636,6.086495282275817,0.8933909543163431,0.2924649487493501,2.0
146.7129317118844,259.2027572291571,6.207222465455292,0.9046080821311818,0.2740756101893563,2.0
258.9869429957015,-66.47969591580926,5.438393801649324,0.8331431394412596,0.16939967321766536,2.0
-348.00337336221514,-113.97891470137137,7.5824346906300555,0.9018563984274938,0.1326203580315711,2.0
-172.87789068953987,-280.16651788730087,8.049376899664045,0.9154624038264841,0.25416514990371014,2.0
347.12660822379894,-10.582775365009224,6.427716952083896,0.87323951440601,0.15140824812875883,2.0
-74.80486960316843,236.18792618239783,4.936837534724566,0.8483161265667325,0.23134633115463055,2.0
-229.78247158384843,-139.71460386917616,4.262240056767382,0.8329773672060011,0.17157365319459061,2.0
-207.9385705908776,-136.37495970592366,6.158133213084085,0.8709190830031962,0.15396409777059009,2.0
113.37898185954923,313.9686698225293,7.010581823874813,0.9266475210486959,0.20023194084719398,2.0
-295.1376940279623,-218.09959172518563,6.012255991881804,0.8929151093918892,0.19054492970119108,2.0
284.507258679245,11.403860963907226,4.662695172770247,0.8521021036120595,0.20596393068353833,2.0
-273.816173336053,12.987961365328498,5.623891333641751,0.9041619115589796,0.22732542219136723,2.0
-244.90222662946204,-73.10527711731852,6.3792179421913255,0.8864377739862279,0.2186615204945533,2.0
-123.65262174632372,-327.17946242562306,6.352555875263755,0.8985624560357306,0.21007096369042905,2.0
-125.02393314831365,244.21684449139738,5.571278474302435,0.8270868588194968,0.16009521369534463,2.0
331.0071800945608,51.26745379829758,6.028896541952656,0.9121791397508094,0.2909607285893526,2.0
27.375096867841687,254.25433365284823,4.92867585271617,0.8091684081107522,0.14008547433304816,2.0
210.61353969846655,-325.84877122224515,7.772993118459171,0.9132623185206946,0.2389300847103041,2.0
-290.9452069531368,139.6488578787235,7.982936126429414,0.9235610145889989,0.28199128560470893,2.0
-231.24723683727342,154.06817386325596,5.507056133454238,0.9026568062761748,0.31022700213973825,2.0
236.66632246592923,-108.97581762010444,7.383151010918068,0.9260884597408993,0.29817088806379677,2.0
-231.66303845029068,-132.47572568162926,4.262240056767382,0.8248572973363557,0.16841220936384924,2.0
-210.9644274338737,149.78181516712465,5.516643992665848,0.897511427694792,0.29520757551399773,2.0
-255.6645157336533,75.415806237716,5.948479486606807,0.8899174007881024,0.1880046350973343,2.0
-343.61683442421975,-65.2770747538082,8.586401406321464,0.9052267525078898,0.15326553257259143,2.0
-157.81034573303114,208.18017017695652,6.094460858776396,0.8825406976004688,0.17687557292233602,2.0
-267.0213112998749,-3.699819170570373,5.479197908786202,0.9047634743960657,0.25111032958401863,2.0
-182.9507216228107,-191.02277122004114,5.446294826351159,0.8962790619591986,0.2181615268188849,2.0
230.79685804999403,-70.6915642518451,6.8463106328085335,0.9219190854024204,0.2537538950277024,2.0
-226.03192191649867,-235.48082762442476,5.577818208412641,0.8948888029740465,0.22505811434560535,2.0
234.30304622937177,138.72305806658898,4.478320084496735,0.8042723770419792,0.1375583798000229,2.0
-301.22516611860414,-116.29038586229447,5.818604576930167,0.8833813483080649,0.27728476402624086,2.0
-93.63633244937924,-237.5552642983044,6.193546278784026,0.8957996699964496,0.19806612231560264,2.0
-167.591937758392,-226.89065223457536,5.4731919354874305,0.902211514861621,0.2811428822055606,2.0
372.39683176929884,67.9540879182379,6.119901040982556,0.9118501315436992,0.2942051259402537,2.0
157.99534321138108,216.76419933368248,5.528523268258736,0.8471262368554584,0.2009582046678577,2.0
-317.27129248412814,-104.27575907457971,7.230627179775713,0.8854050590826172,0.17076848954799503,2.0
223.16498469364382,120.41924778670565,6.1932329657014025,0.8819972206335167,0.1599408552661121,2.0
63.25315128706247,330.3545963340996,6.563094319943924,0.940834847785305,0.28911796951550095,2.0
-3.8692239849049512,354.4341671298899,6.222008036957674,0.8551729956200443,0.1306089791605486,2.0
-290.0433763265566,-12.847204304887754,6.790131584148825,0.8966507179335461,0.19610139756208744,2.0
-119.88787374754354,-245.9352382336349,6.4767424266876095,0.8765723128552918,0.1871455781996115,2.0
269.00776400232496,89.08048042724428,6.014270489566958,0.8954524886461764,0.19211732272437462,2.0
50.98528861586985,268.3748020865366,5.516040561695644,0.924635391673421,0.2766658527580238,2.0
-360.60309072493806,-91.75112907990217,6.708257334987107,0.8675266195534598,0.1267539669737863,2.0
276.05392978795055,-33.988423930365954,5.810461974907662,0.8788942904540178,0.16376112303538995,2.0
-337.0373559240459,61.80440442988061,6.540087362308953,0.8661903255928515,0.128506348298019,2.0
23.963504555775295,304.68508606057514,4.4860825682859815,0.8626057039743716,0.22086965588611168,2.0
276.96768887329074,-44.72354147369264,6.497783449267706,0.8594698003281033,0.14466833004671611,2.0
-109.03709786781572,-246.70441844995483,5.829605214481451,0.8786949049451964,0.18183163470267563,2.0
266.41453186158884,149.64178921616283,6.221759087786184,0.8696074221133009,0.24820769613607793,2.0
-252.97439826928868,-141.64248662135287,7.1564692008628965,0.9145771187019851,0.25603156313192427,2.0
196.5334959280042,-33.86922626310161,4.150924641411678,0.8501982749841324,0.21108476509221358,2.0
320.8633775924343,-7.610751220090188,5.584943449064151,0.8615211818960261,0.22617535081046292,2.0
-197.41536916528162,-28.118647215828794,4.996210821649584,0.8304165209564432,0.18243412562195452,2.0
-201.57656132858824,-204.73721989856304,7.405060121915852,0.9344194239677703,0.2359286021001375,2.0
176.79179508380707,181.6342757199898,5.28537037543145,0.8509693004527079,0.20420997944528657,2.0
227.65586511276797,158.25574220429172,5.901469180590662,0.9014443193147247,0.23848843425872776,2.0
411.4252059234944,-122.67360867131733,7.721839767545535,0.9355456092387667,0.23728492759083192,2.0
223.37252358058112,199.48454186697992,6.697681578336314,0.8780285888901658,0.1545156020019921,2.0
12.512312628959632,279.82827556204705,7.4591470106088025,0.910765449622895,0.2531568841503466,2.0
-188.2781064895598,-173.51360072887346,7.199528787418064,0.9315448333137322,0.2933398491792199,2.0
1.2607096833902398,273.67238123249143,7.411161340188836,0.9041826777402766,0.2246102570622222,2.0
278.0988716937348,30.45921756754437,5.6562367082538785,0.8904036105048092,0.19972989779119685,2.0
229.21468596556613,-129.3950548288225,4.30497253696436,0.8567125695265733,0.20731459502280314,2.0
163.2312426535482,318.47542722677366,5.75232666197096,0.8911987477678266,0.2800190803092228,2.0
213.15538206955117,202.22830029186778,5.574628420516812,0.8119915455973431,0.15927427312363074,2.0
290.38804424637516,-63.09585194273313,5.8494967127111845,0.8998720047912202,0.23786312278410338,2.0
173.42066503356477,248.95966693174057,5.582880673850549,0.886195392571891,0.18522987983889144,2.0
-177.0680094959205,-174.4799866152534,5.528801441456577,0.8762977845518495,0.3150486387907041,2.0
-30.47972991521685,-240.55445984053114,7.633309966165758,0.9014154829013568,0.20697949438944654,2.0
-277.642187878107,-87.5147365541296,5.929552468380029,0.9014607938190599,0.21456910099603538,2.0
-91.7616790149283,-256.37498939947693,6.423687326557317,0.9402291895746268,0.27506586092493984,2.0
-288.92083555826974,151.9576833699466,5.965220325513143,0.8760383371444593,0.24514077410170662,2.0
-126.35157026176472,290.3210255790629,5.99124527614593,0.8908541635325903,0.22317940777740844,2.0
-365.71420254081005,-37.857315585423464,7.217003858512824,0.905600399299834,0.23487698799773823,2.0
103.83146377322103,225.99164807303356,4.894460296373643,0.8304663211923438,0.17160079566165032,2.0
75.27065491120786,330.2959978694601,5.629475748193069,0.9049040689216572,0.2665484068536212,2.0
-253.03239000858443,234.15887411825906,6.273231899524155,0.8725748471376846,0.24149341164385713,2.0
389.6350488719644,56.0382466780751,7.424319477786028,0.85893502227317,0.11139345183635721,2.0
203.31830529260304,172.65756476545542,6.7102942126605765,0.9056908192961075,0.21985385556763984,2.0
67.56059418826234,256.0459118257927,5.512938145591048,0.9019414863348343,0.2536752273978895,2.0
259.4934772294985,260.90766823134607,6.624525286087045,0.8865441971155318,0.20332943700801887,2.0
280.6574307390402,103.42688347405935,5.449883819322106,0.8400348571779745,0.19971293847334978,2.0
-76.35247656723287,348.8220830655741,7.278070657186052,0.9279336771049401,0.2579970534127795,2.0
44.77535116668841,285.34348051102126,6.534042377211774,0.8583364924058292,0.11399609854921904,2.0
-265.9259830691514,-13.18012500411275,5.1751423443727225,0.854375188338607,0.2061343929041836,2.0
-112.93491765951832,-298.4889423565707,7.140254723055277,0.9304921486963238,0.2997324913057953,2.0
210.22842658344706,109.88336524818538,4.725777391258877,0.8258072291068231,0.17043894973142346,2.0
-252.36864750521852,175.48306845668418,6.245407815276438,0.8851803187998154,0.1868000509523388,2.0
-224.58985654951482,-214.0139022398719,6.529728043022109,0.873704590283023,0.1449325552682334,2.0
141.54042215665393,271.4615342201017,7.2392811487001225,0.9357962680623925,0.3143448411330682,2.0
198.9677154397235,303.50603145501725,6.709593754843509,0.9044789718335587,0.16658758163836407,2.0
-250.1363844942938,-196.81412427598943,6.149590096521295,0.8837731430502158,0.17935662765114643,2.0
290.6316992546034,-132.84900857879967,6.442279731281715,0.9285300810270604,0.26862573777347026,2.0
-263.78895758615727,82.23859559832243,6.095754640623772,0.9013527829948749,0.2470749163347831,2.0
99.17146551320938,-259.2404287193285,5.4085382149355254,0.868944673661568,0.13749280540438874,2.0
-205.14331292151093,167.34124825384572,7.127449333585138,0.8784962135130945,0.14971931189366827,2.0
-123.15486384248234,346.3720620201306,4.707881293927076,0.8288010612533347,0.16407502962438544,2.0
194.9597739157989,-212.7799491995809,7.128536460324328,0.9097229629164318,0.2333459582854463,2.0
-211.20783647338027,-59.675679820678305,5.133934087396491,0.8262027530895013,0.16108556745241506,2.0
-80.4173237365406,-309.70238750399363,6.662060022398498,0.8761255647974732,0.14645231819249754,2.0
327.6538135173752,-55.59955894089154,7.633804533015767,0.9227518426199607,0.22894558351622024,2.0
-266.7153864129499,-141.2475826496249,7.37754291351983,0.9356190694497483,0.23223779373745257,2.0
273.41355505040286,-8.043382679082272,4.067411407839533,0.7950551232226288,0.12323839733582914,2.0
-221.8395805550339,-282.52434130506913,6.739657327197927,0.8918137215843882,0.1878973654456472,2.0
-132.6315978120487,177.28939155102935,5.1653141902777815,0.8818917892745808,0.25617554799827014,2.0
-135.54294634087293,-206.59173689665647,5.721943855019231,0.862950615168966,0.14901022347812476,2.0
28.568693978040447,-222.92977606439453,5.5872268766833635,0.8547806757029851,0.21197481515956257,2.0
174.48618313874337,-108.79114500748051,4.813071718288811,0.8804049361934121,0.2574594692412556,2.0
311.96673355089575,341.66950868548844,6.177768656388845,0.8679289189444622,0.1539036613374026,2.0
-309.72402268260186,6.007096089725285,5.790266628466422,0.8826590540040442,0.19420497840648474,2.0
-139.3934502597928,-198.73366702517683,4.425314537738939,0.8237964101196747,0.1640712006212313,2.0
-304.60710707632876,92.8821999908442,4.030822746332324,0.8479939209532732,0.21103903437355956,2.0
-404.5104988213635,-197.8887245576756,6.625967175521053,0.8710860858316853,0.17725399235158212,2.0
293.7201480238376,-221.97353676363744,7.1065380003513425,0.9243612208106178,0.27626255827427376,2.0
247.89332750834055,216.68440456262422,6.465255395830997,0.8949203325300877,0.31341944816360573,2.0
-206.01759969499167,-224.69291123163853,5.947933758284229,0.9111687311954629,0.2466700326115753,2.0
309.4313844931502,129.7863352066609,5.815891639857011,0.8927135521983847,0.23017400352069053,2.0
-305.66652841104064,73.22927427704109,7.807216487970025,0.9318025882441282,0.22994190005768217,2.0
22.56995482010393,-264.97161446170026,6.492167306771123,0.9157215916515569,0.22727499162150197,2.0
-136.84519987275115,287.39748307252864,6.293392434701692,0.8923624408097126,0.1862738393038514,2.0
213.05702148867968,-117.49745956223572,5.895884561233318,0.9009475413541007,0.2966758564139355,2.0
315.56327383884053,249.59826117549676,6.462324346193314,0.8940496451761852,0.1863298632870288,2.0
225.53351195586862,-268.27347850331455,5.766814114045191,0.9009951745395639,0.21885693248454038,2.0
20.426518423128073,260.69581611957176,5.5117875417727715,0.9167047307691252,0.2929008850506936,2.0
313.042875280823,151.7300780541067,5.69781800161651,0.8981412767201592,0.3004958065599662,2.0
-310.18891570676607,-20.027571350437242,6.0590866518312225,0.8821107244906837,0.2861684040809297,2.0
-12.734983016636406,320.06349961133196,6.915787071558534,0.8905175112666432,0.1873604970802721,2.0
274.7428429262699,-74.51701758825247,6.276428394589217,0.8858469125939795,0.17924780768066093,2.0
247.8799531338473,-206.93531693797098,5.413240150999171,0.8886562966454176,0.1950194659761175,2.0
-261.9432764800127,-121.822863272292,5.950065224582221,0.8871313438753443,0.22388152815889273,2.0
-72.58771929596696,-232.2760267373375,6.03744458409233,0.9014143481375736,0.21611988131261162,2.0
-262.6328996936731,265.68806501341174,6.928321288795302,0.9378928509234697,0.24971408609372597,2.0
-148.466068320138,283.0095087714385,7.377333051052718,0.9227789161645621,0.2701055581263876,2.0
-232.14543257744918,-174.5197947321919,6.9499546211175005,0.8956587027978357,0.20557815031868903,2.0
-66.53278905579288,-264.48081155366975,4.171535869072159,0.8117120007699419,0.16255091236472533,2.0
49.36051316272134,-286.4641665802214,6.277799766063067,0.9018165469975101,0.25234816098602264,2.0
186.94316677593412,-219.20417442501403,4.663718339062308,0.8454791808606635,0.21512455615712298,2.0
-186.07221086426375,219.4927195454263,5.9513695849558585,0.899804963570214,0.2947190296248212,2.0
347.9980435240658,-21.335153985039565,6.379250938588245,0.8730113651450678,0.1788617143681805,2.0
-194.38330648704758,162.70484804149143,5.863436234213786,0.8778985208456395,0.1562652407963166,2.0
311.76270742126616,-38.81349635147214,6.53415848212978,0.9074412243387615,0.23199975273564102,2.0
353.5581196235187,-318.473897041855,6.850108166359033,0.9252229664964644,0.3118184497227897,2.0
-199.2157867791782,300.31501764258263,6.254491161209871,0.9014954918652672,0.21224069870349843,2.0
199.68250073407427,289.6634762442851,7.989071465421337,0.8964465965770233,0.12193784289761653,2.0
-189.66023374693236,178.7394370610057,4.70043925724787,0.7926338201556181,0.12579943868636803,2.0
58.70015744080067,261.92366320170925,5.653836552569874,0.8968508601435693,0.20748150969437973,2.0
246.49041512078705,18.140086276390246,4.208803776360132,0.820356597097394,0.23746314250288947,2.0
154.12265535349425,-253.99796913973503,5.593634973786503,0.8734120094685393,0.2431341950233739,2.0
-317.81695158719737,141.08703915935604,6.524633785849097,0.9079194055908111,0.23512253686358567,2.0
267.7081014238425,-282.17499550311163,5.804288828613405,0.9017592681263253,0.2161944491835717,2.0
-76.42858274308126,-299.526525150978,5.770445537470427,0.8773883158030493,0.16412688647939896,2.0
-97.00977903121824,-283.75702216596727,6.566884171496965,0.902047402622824,0.22405725994997114,2.0
-231.02587628393798,-164.04381366287637,4.547986560704444,0.8331086097353878,0.17686768265830083,2.0
-296.49636142515993,21.029826674694355,5.969667281397785,0.8904968828085058,0.27706683905244833,2.0
158.28514970492216,-243.60285906578235,6.7137642375209,0.8524611090478864,0.10656243321487646,2.0
-166.06510476062937,292.556901420105,5.556672460465761,0.9045084737098197,0.2875074881063859,2.0
-421.82501020302567,-82.42453682858316,5.354127544518794,0.8135183772858513,0.153346081175884,2.0
117.68366819449717,-315.7460460076531,5.142895957529661,0.8395055036905239,0.17837907489197855,2.0
354.04657058631835,5.941787040392427,6.451110780628541,0.8797795277294765,0.1531757079303789,2.0
94.80037428055971,-315.5316370912003,3.804636697041074,0.8715346384183404,0.24000484939962483,2.0
229.47476133567673,111.60114580155292,5.850542538883047,0.8833153031255664,0.15768601609021396,2.0
-93.11709361172389,-321.1242977175941,5.209014722828149,0.8520799893790818,0.2216238926926052,2.0
117.38453848440695,-227.25940217451395,5.066147272691007,0.8169653987387591,0.1530882913395335,2.0
-25.671191209915232,-300.4667317939821,4.65274132622293,0.8530933674768006,0.21158011080669142,2.0
173.4615879412996,226.4652765835902,5.882439149309052,0.9088725798127871,0.23002233710520745,2.0
-208.48570337165768,179.4850301676365,7.207081642292247,0.8942001753826665,0.2084642700159549,2.0
-266.0192575413469,127.55015982860026,6.928206759355234,0.8886016612210493,0.3027850070674186,2.0
-37.712672828908495,306.50745975350696,4.9709415216036055,0.8267829717577074,0.20006401299367127,2.0
-43.96762866161147,362.94226253837536,6.594883573479773,0.8842273461700288,0.17290799232644627,2.0
-133.17942267482118,-321.7105104762003,5.647961699970044,0.9090225614042042,0.31468523846475016,2.0
-37.234879262804014,280.03880181112487,6.791023441650526,0.9098083386851182,0.2269877191688924,2.0
25.355333641655385,283.13462252662424,7.173222612941146,0.923442901741159,0.2233281137840479,2.0
-148.93675470949756,320.43850586426777,6.0759363820922765,0.9095985950250167,0.24512990725346342,2.0
-5.14761601073181,-345.7275956004209,5.952348977226938,0.9054286829371819,0.2634396958363565,2.0
221.71219291454588,93.20958184032322,4.934416908515863,0.828154701521119,0.17716979588943635,2.0
-157.1275267166327,230.9341900383264,7.242023109479347,0.9301581674764189,0.3076702599136244,2.0
-123.16099497745711,301.1217556170505,6.9394154938128105,0.8732258894316308,0.1495488408404649,2.0
-354.15023141456794,-41.15998566700799,5.467158537451002,0.9057396266648973,0.2383367949253508,2.0
-268.75223986800853,-154.07094572442298,6.379700925664502,0.8932076977405666,0.21436943901048156,2.0
-211.15243231603168,-263.9774397520176,5.263101021887942,0.9031833548715604,0.2753354886640555,2.0
171.00813857042198,-208.73584216112778,6.913262086807229,0.9424529154426124,0.2787141667119294,2.0
-249.19375234986063,210.54710023774928,7.740923652968317,0.9051743847923146,0.13969498448702192,2.0
162.3545289959286,193.85455855420295,5.893347355359931,0.908093671752043,0.3024858561914199,2.0
-168.06961884805054,-215.6105042563648,6.016144700403615,0.9005967167932898,0.24504529671253758,2.0
97.05594344168921,-164.8169036147985,4.873527309632928,0.834260301754895,0.16946868794953712,2.0
-89.46101740272385,-246.28450415369264,4.969097847301104,0.8071226251586012,0.13746708430196616,2.0
217.02785448364975,156.67238684219282,5.36091244518761,0.9132007886821947,0.3125908616764247,2.0
197.03924557714683,-5.605074300395824,4.764987749336962,0.8239493067269522,0.15886920409325975,2.0
303.04299732633126,-116.10822677253724,6.4626324421627075,0.8793899796137721,0.15442126403672937,2.0
338.8271898689516,193.96199757173267,6.157137300913688,0.8854492376035903,0.17908947606491257,2.0
-249.063480215547,147.11841040089308,5.535105155574168,0.8904722015595479,0.296320775930277,2.0
248.81796710242722,-170.57814297002895,6.657083667120082,0.8890089698189801,0.18681628771751949,2.0
-174.39744665323119,-195.31372656967326,5.447059483218813,0.8498772902583055,0.2079376962539468,2.0
420.77594858534763,250.98340372481906,6.864877499798149,0.9311449322579891,0.2737956880209338,2.0
-102.659445200916,58.70613658495056,4.203511054176913,0.8966093954416952,0.3090188677135263,2.0
195.42409010134054,-256.57597936065395,6.392245743659143,0.9342862892173612,0.2668038577170885,2.0
280.91395676680503,-55.54723890870719,7.0144085525344515,0.9215095257270413,0.3072118092920383,2.0
-195.10451318366324,213.54552004195472,6.286538523249323,0.8993517418769077,0.2046255013760985,2.0
-83.46916137422386,288.0368031818637,5.361723920064836,0.8782693234009553,0.2595659239673163,2.0
-273.56949669978786,176.15824126539852,7.965017181709808,0.9191186125617977,0.17185406986682827,2.0
153.763115750679,-199.78180836135274,6.175054518330974,0.8838301459242267,0.21037010404143466,2.0
-115.18924351121804,-203.47850961350377,5.288532084734034,0.819756863094052,0.16544895874295032,2.0
-288.3821098329435,-31.90778773701011,6.508179734900287,0.8380668922418772,0.18020694894151265,2.0
96.69142974648953,-373.14364227198973,5.908117269347218,0.866757502658874,0.16907641777580076,2.0
74.7103386662209,240.38251530602747,5.110523004521707,0.8353229080512187,0.17771790323973974,2.0
320.5882690924184,113.7912751228182,6.270039681206466,0.9301552286575319,0.31163504502102646,2.0
-145.16436081968416,-280.5833230594017,6.685022402114513,0.9100436099169142,0.24007990242946556,2.0
-142.413602399718,-312.88714672580215,7.8599666702447015,0.9241527479955469,0.22078265114771797,2.0
267.15616188034596,-39.97218789373989,5.692854222304026,0.8962923213729472,0.194157989359918,2.0
174.67493623734205,-160.1930829673349,5.607847870698859,0.8831645183712283,0.18388827787664416,2.0
-336.7892194807404,132.74952189397305,6.437534563841352,0.8824156345379575,0.1722263690687845,2.0
285.9519092065673,231.26186066572384,6.34113553550668,0.9065657206746933,0.22103467604571334,2.0
-190.92392426712044,-260.97546547042765,5.695481692564967,0.9168002139838249,0.30201389219155383,2.0
239.02491399966155,-204.69276566421325,4.249395353417185,0.7950936050565061,0.16694986083383612,2.0
85.5524934917847,-280.62031780204353,6.09325744664512,0.9378172813214983,0.26638841747643344,2.0
383.3641508235078,90.46190343084972,6.106069018258717,0.8781388514439075,0.21353105040329734,2.0
-175.29794167604462,238.9709765487781,5.321980526494759,0.8890037247025963,0.2754960452714561,2.0
-215.36021892770455,-219.785981213618,5.836721194421929,0.9056202771035047,0.2537395354861999,2.0
-296.3368398858176,-139.69264487206533,4.798146867562602,0.887465592001362,0.26678045995896466,2.0
99.66625603659507,-269.4724019510006,6.0616175185498244,0.8464055692265832,0.10627375219788954,2.0
-40.60236354217793,-249.68308977839928,7.6089411715399216,0.9149261050140007,0.16650569276187457,2.0
40.95767710520481,264.7201420641601,5.863021677521819,0.9108116775998071,0.2324805266937417,2.0
-167.98625170312286,232.56435900822035,5.392776692287114,0.82944374649019,0.1748860211009304,2.0
296.3270067859136,-123.72266105057446,5.287002495112263,0.8597456019414524,0.22972500723260708,2.0
52.79657052172607,383.95655606250665,7.341214115221187,0.899042460395189,0.19862260989807617,2.0
-342.37720985595763,82.2342882929249,6.55023706278226,0.8879301095367145,0.1839355808586395,2.0
-281.9333556384038,97.611630994138,6.697217697831246,0.8995561062401443,0.20060788555609854,2.0
-15.06795781309233,-402.0425711409597,6.532962094085028,0.8881471925383286,0.19065424941194054,2.0
200.7105234628604,-330.35621464484683,4.725833607754142,0.8341269505676009,0.18910417021985043,2.0
-31.82809932666487,-292.8306835173056,5.933003289002688,0.8837309492546458,0.20329838032430322,2.0
-350.7892207084428,260.02603508186905,4.928682304214515,0.9002621041042712,0.2973122429361691,2.0
122.61628552288326,329.87216773644656,4.7008977842382995,0.8484975752010101,0.21871716618720996,2.0
222.80551969655633,149.15369591167214,5.598985914002141,0.8912927242208134,0.2776142189192463,2.0
-21.000880129459716,326.6940523202582,4.545063225130554,0.9003262566262245,0.3125625669318288,2.0
-281.4868671610717,-126.5600617856486,7.445420307952975,0.9242862518827699,0.19390495150833115,2.0
392.46756183871855,-109.31861057287077,6.84700461368314,0.8862993103372089,0.16919353212991223,2.0
-222.73414303515622,-180.07457128281936,5.911191713761414,0.8894944434265392,0.2875047085176688,2.0
-156.98435805316737,18.666745386244443,5.55011323924088,0.8913244855398695,0.25221812792637227,2.0
-51.324820212498736,-314.19594841140116,5.697437678164873,0.8915812841015442,0.22859971068237098,2.0
203.59850108034846,189.53781233627691,4.63674075576268,0.8738128118726781,0.24438472341068,2.0
-213.2666977732323,235.7134395933734,4.512237062323246,0.8454323107507776,0.20602527554460387,2.0
-255.89849465429685,131.25262545217774,5.813331029902109,0.8536723324117342,0.2249621776041659,2.0
-180.93426103146314,-258.21788281620945,5.781226757716106,0.9024659184789678,0.21799659342373248,2.0
-309.4138034298434,38.44289686699424,7.6406143774663215,0.9282619942356231,0.21843210412266856,2.0
172.86486630805837,312.3531571028722,7.174973205172328,0.9265440256909713,0.22724311316872817,2.0
319.4752958244278,-138.91061806044334,5.093203590182635,0.8254732308723147,0.16075733588539873,2.0
37.62395464659577,-312.0306372203733,5.508064172838104,0.8985661236900838,0.19911554734443787,2.0
151.11092031801178,246.8390004480733,7.3927099424807645,0.9202251349648687,0.19643679314464058,2.0
211.45912910671882,-179.32822180334557,4.511649695911054,0.8860112766443687,0.26427746360359927,2.0
-238.28718428224389,-197.36849801390065,7.147925790035102,0.9169387392383858,0.2703385477406517,2.0
310.5247477777288,-19.907276665269716,6.026765125349902,0.8221707811821245,0.17134289836035635,2.0
294.95822099680356,-180.37955949283966,5.984168003630043,0.8809574648729276,0.18615460641295478,2.0
-197.5887564232502,-167.53572635628117,5.879824141851552,0.822360760080786,0.16361316505280157,2.0
-103.2501387991426,-239.39541961476064,4.407164987694503,0.8325037406794292,0.17381626359543897,2.0
107.12593541990384,-252.16548339318246,6.033007435343879,0.876121049820626,0.16246720027807882,2.0
-203.2592348600664,262.04357286959856,4.615081293404881,0.8471789700366092,0.19654773708557702,2.0
-224.68860790426905,-225.32462080465478,6.057448515963836,0.877710094907037,0.1701342386060112,2.0
35.75944751183457,-336.9940406288415,6.73227250597132,0.9015948333734681,0.211942587597303,2.0
172.4912431471018,197.59257623633513,5.743904009189931,0.9059005459943095,0.28167173612884056,2.0
-319.7351796167185,118.95983192095923,8.087068811151308,0.8982529945565497,0.2627637803109748,2.0
288.96596240055356,288.88973408475357,7.80525454981024,0.9027059601966951,0.21812835684553747,2.0
-132.23754418884005,-265.52259553078574,6.681859549770019,0.9181114619810019,0.2421791608001775,2.0
-27.573392310230968,-349.47128577451775,4.796390647558018,0.8623858425973128,0.22685719113712463,2.0
-310.969745631586,85.5229756844203,6.892633211149413,0.8775052382054124,0.15955675187120347,2.0
34.43973627357502,303.15393724545453,7.249437011019045,0.9204330961301542,0.17716620405055866,2.0
262.1272394320012,15.624942611643057,5.775982969381011,0.912471364199305,0.2545246609572366,2.0
-222.94814007070082,240.25322383614437,7.049862857392888,0.9100392426705337,0.153152206096982,2.0
299.67085584135623,28.03955803626616,5.783297866306008,0.8805308832059059,0.1603473439051008,2.0
-275.46983449747944,-69.39767937193722,5.580528962783083,0.8942012376897267,0.21283117703306043,2.0
248.57600963097053,53.54680252075177,5.913510978935065,0.8686443766199939,0.23839675972674032,2.0
-272.43639329133447,46.755608850437454,4.993746709070028,0.8843602876346408,0.2918757246419815,2.0
-111.75653460074022,360.3888431214074,5.851446980159883,0.8956637278963425,0.28811027423038793,2.0
-285.6851579338303,116.33983133619512,5.435934516902628,0.7893069487125122,0.11135300644982064,2.0
122.4853118252229,223.01424325932925,5.332528840731153,0.905602143773699,0.21582662911882214,2.0
-67.63654238575522,280.18533399446727,6.941388257787635,0.9225453978216865,0.20906126172440045,2.0
163.86766871670983,62.6885441139172,4.7673439313050805,0.8505366232076182,0.21063089655363296,2.0
238.71190456567382,130.89024474436275,6.164373132457859,0.8650478918661589,0.15197023580891106,2.0
-60.51305309516372,262.2565089933446,5.531314653370517,0.8910606174599179,0.1949497390645393,2.0
114.14968171780716,258.04027973444386,6.099750270151009,0.8579601235161769,0.2113497685621644,2.0
253.55911732510137,-245.1395900144317,7.315225640138563,0.8922627662844183,0.11972579730200562,2.0
-206.99591968110684,361.9661785942631,7.2012294683959,0.8849712602802577,0.17861321041962827,2.0
207.224892244493,154.40928395592047,5.434216768461687,0.9168401851265142,0.25020619545105327,2.0
-70.69879307793119,244.3699698595297,5.456520097359976,0.8935508700519408,0.2898971909344232,2.0
-242.3782299060077,169.26010355588178,6.510554253880681,0.8917237026908449,0.18990759311941058,2.0
214.21806386429535,173.90612185897086,5.847890764284978,0.8817467263226534,0.17020112368284765,2.0
-25.012020160826527,-264.0721750659595,5.586458319869831,0.9045875177970261,0.2846275296047003,2.0
-325.4954495374282,-161.5991760901372,6.326794389504065,0.8661712639355563,0.1345561446623604,2.0
-339.02337381103564,17.712866982119724,6.827109451655372,0.9221291986616947,0.27711873364563316,2.0
227.0962402166966,141.48560315763584,4.816607934052199,0.8146322877835086,0.14187607120777032,2.0
159.45375499441013,238.75994426370514,5.100018997127749,0.8509085655064741,0.20136873809738706,2.0
396.51135169443916,-32.31152028397491,5.44837267892853,0.8955340311415322,0.2104802502861916,2.0
97.63037593032949,340.0551856304654,5.971745417273979,0.8800567948965422,0.16066259279651962,2.0
153.9537234334993,-216.71124758828267,4.710911868893637,0.8595854537077373,0.21301145592174245,2.0
184.6082965542712,-257.214336952843,5.782796562036848,0.8956970411926076,0.21030684601207386,2.0
384.59468451403905,-118.94234835598043,7.234200872247096,0.8991569525173632,0.20292264469136778,2.0
-69.88120412647248,317.84741650670105,4.60439702952342,0.8644801522620725,0.2359493533846522,2.0
-246.7588190362866,282.1655989820435,7.783469966953173,0.9283990127352626,0.2869975927233315,2.0
-242.21784178309872,108.27979555089587,5.518209779181175,0.9193809918955227,0.2832561459572806,2.0
123.44319080682965,320.52678987015497,5.853722416678278,0.8983912463876947,0.20317701686157763,2.0
-200.51242384798127,-157.54654592771513,5.687116957096664,0.9050794994422116,0.31697450859381243,2.0
286.08654069201293,-199.8507041400295,5.566923267728632,0.9091622310747178,0.2790935475617535,2.0
-42.69786522274073,-321.62952287103474,5.869581697859609,0.8860038256555964,0.22391367510890842,2.0
313.71249132095767,-86.90953600952359,6.080059604359383,0.8935907543856819,0.28140340696671556,2.0
41.71487941246956,-293.12871912755946,5.266697731616018,0.8632397030225338,0.21994105390150198,2.0
55.131282004137844,-335.4506527887232,7.1244781946260805,0.9036033370794188,0.21657372118929344,2.0
19.581953051740264,250.12781629234976,5.450079111620305,0.8978864958509771,0.22707184578055023,2.0
159.21992879151819,-209.38927520142934,5.52857323895112,0.920372119811844,0.27381859543914766,2.0
-54.805109162854116,310.91308760893907,6.043261768712718,0.9054934679287349,0.21923259137119563,2.0
55.58531076639,-225.60818792978117,4.940667332203901,0.8379063035075357,0.19143337888901427,2.0
-228.01931046506053,-194.83443513986137,4.851047592143846,0.8484931317925486,0.2238892343988668,2.0
193.46420821263035,-165.04976723391977,7.0508912842426845,0.9279634805874805,0.309507356110903,2.0
285.90487011539847,71.95747916049105,7.211892789064805,0.9051715610203414,0.21862155707163128,2.0
214.62753198148414,-211.92183120496716,6.208947232663282,0.8998011672057732,0.2398419092266482,2.0
263.9091873364039,-19.77433840397112,5.791125311731498,0.8948345564994347,0.23349794489512124,2.0
-277.8664730844972,133.94465695037132,6.842242295520732,0.9000308334014956,0.24608088120970964,2.0
-67.39716135905752,-282.8790380774283,6.167099705693375,0.8763061062423411,0.1589110636820426,2.0
-361.17932940380166,-233.82291030392852,7.29063437319426,0.9166909948547073,0.2022699337305491,2.0
-251.72559172911357,198.1260068297984,6.33305165314208,0.8920172807410124,0.1890873519454551,2.0
229.87598192466777,-287.9893919243859,6.3132323012818965,0.8681742762432637,0.23672471815548113,2.0
286.3553149684759,-47.35718520885895,3.8154363111783964,0.8631230531347639,0.23660558064659762,2.0
-22.054570708309758,158.16425384276832,5.181148042238073,0.9079247755333651,0.22845538939123392,2.0
321.2278078464742,90.64592253790008,7.133264752737614,0.9042157343646844,0.13253789194509996,2.0
-44.50897234799156,271.638489423044,5.4665756557217255,0.9064607738284636,0.24798083716760275,2.0
203.41456316628341,-134.10055358847612,5.350870968980724,0.8826756758592105,0.2800501577786241,2.0
238.979477573601,113.18845346018962,5.095449131126812,0.8132621120683156,0.1479628821549622,2.0
328.82790231549455,-22.870204970697145,6.0060917783542545,0.8952781233988174,0.19819555608922626,2.0
232.27259727391038,-136.94950566147136,4.858609411593927,0.8395903450744316,0.18545660368650121,2.0
-145.47762918464642,150.9622403874373,5.48125644383227,0.8770042955519289,0.25538103813629837,2.0
73.48269195280552,357.08064362677715,5.0130518458767614,0.8354483558207242,0.17756941156021883,2.0
-201.63184223057712,189.87112755216003,5.935022746678765,0.8876946453816091,0.19388024772254728,2.0
-308.51597829114723,24.796435590827294,7.481270570037356,0.9238342340107327,0.2171546618084602,2.0
-65.419397011871,-295.3510983884992,7.26147863427502,0.9266556410271901,0.21139232952631143,2.0
-39.01631521923416,424.2736263621926,6.28776480373972,0.8836439166015575,0.16572584034012813,2.0
-365.5978255417431,45.964123186142395,6.9540922998144765,0.9148228968871561,0.265767576235797,2.0
-294.94837724649216,65.8486176477382,6.011761312093257,0.9009553597556885,0.20877768806341931,2.0
-70.65118032360765,262.19320029581377,5.223936307493811,0.9051091824766224,0.2322929767367981,2.0
-197.90130394530757,181.18807417399134,5.291729980961857,0.8266490864058836,0.16844012044719875,2.0
304.33385225048596,-28.7786190793242,7.202777816837737,0.9105934593052543,0.3075353893531806,2.0
226.31154235744248,188.0883080531273,6.950816690862491,0.9107910698937298,0.26062335651804847,2.0
194.44743671044083,-128.45628595877034,5.039107880409583,0.9050496489970304,0.3088808193274077,2.0
108.63451369849793,266.2254969504124,5.2984555143178795,0.8104293383513831,0.14851021691477004,2.0
278.9289661231986,161.75164364937697,4.838778830402806,0.8517770957837796,0.2019822990846939,2.0
349.0168796847156,160.6568719367543,6.502163334438612,0.923210527406524,0.22319960743322015,2.0
240.81192080650118,93.07287509798864,4.817981902478894,0.8384785024512198,0.1786104118575199,2.0
247.2160128358143,301.56178935419115,7.407292258805358,0.8872995888644499,0.18067973937371584,2.0
236.99908861795973,217.328736742968,5.563753703464668,0.9089019960486073,0.27828410898924694,2.0
321.3610893846105,56.67579650578564,5.948402067504598,0.8955077617066635,0.22729352946263426,2.0
128.15670641452343,239.5829243787348,5.452484701285858,0.8455454053716386,0.2087167004898438,2.0
-277.75356319269366,-160.4714881304785,5.647303987802404,0.9125845846428443,0.2675209756492971,2.0
-157.08588421520454,-296.20844084967695,7.03176651580411,0.8774384708115567,0.14930954992202305,2.0
-101.29111253615375,364.39092444943367,6.78289174400004,0.9137585948701992,0.23840571309545078,2.0
-230.10350750220786,231.2571057921084,5.914403935595207,0.8897378299285504,0.18763519259045133,2.0
120.44778337710343,-236.17643396490095,5.529017558601697,0.9077027663800697,0.25167942737370297,2.0
84.46720769332458,285.66420699200575,5.812724202550764,0.8982351217201193,0.2083072578209251,2.0
-253.44543956450568,52.335497430562825,5.082292700803436,0.8084308804864084,0.1487367120758506,2.0
-310.6903062053309,-84.95098627164732,5.8298405070890045,0.8925517131547342,0.18250379339730435,2.0
-182.84453916305193,-182.02320098788525,4.086640910730995,0.8586761316168511,0.28658704523323036,2.0
432.48851831843774,163.4388660979811,7.14061606164777,0.9168383999373542,0.25034119302301,2.0
-287.5922327024319,-157.5092866419788,6.05665932037888,0.8967978932362684,0.28677587821363176,2.0
-316.72999282161277,64.04703419920561,7.400505685386334,0.8886562378407615,0.18242742943978996,2.0
340.1986222197277,78.0618299079558,6.933580618033762,0.8927474682679057,0.18665782260102004,2.0
-191.95373990332016,-294.0928807057452,7.544346831242534,0.8774807271351517,0.15411959852556328,2.0
-234.60582270980032,240.74338951177347,5.6810576112637525,0.91267926573972,0.26208438487801633,2.0
135.8070280176649,259.82097762936303,6.19443865160133,0.8977159892521429,0.23114593303482817,2.0
231.9167107936997,168.33762123143464,6.419597888606126,0.8890782929964245,0.18117766516308567,2.0
319.4754097178637,23.490079975638523,6.626287258777169,0.9050637636153502,0.2650538770574249,2.0
112.27454888810061,128.14268605409495,4.9156860403819795,0.8078748799212918,0.13224334879353758,2.0
-252.22296818155704,186.56688473715204,6.65188135381323,0.8751519821832767,0.14492882203471308,2.0
16.85477403874936,-373.2317677069581,6.766955230311926,0.914032362314986,0.24620641697857681,2.0
49.892864807179926,-297.0673370992921,4.9306783059097254,0.8893780543079864,0.313335281373011,2.0
-276.2634288248304,-98.10058463254258,5.785196065689372,0.9075849442275391,0.2272846094301411,2.0
-325.49653910420693,-34.24763039577976,5.946738650942966,0.8794621363238312,0.1619673929414465,2.0
-314.609393826995,-146.05569064953448,4.27992756743454,0.8328146612364861,0.16800667072517989,2.0
-225.77258301308677,-203.53012284933476,5.685212808622518,0.8814461256028542,0.2627190848278023,2.0
173.566393763728,-340.9223864417207,6.632904641858542,0.8533913092945994,0.1052359389293676,2.0
80.52639488723217,375.711260651766,6.019083619063782,0.8749880387889206,0.15484644992036084,2.0
-170.42441106465785,2.2281922087928097,6.2104697239751525,0.873140946005915,0.14751750695516402,2.0
-263.2835616443197,-248.87478757133238,7.423539936482648,0.9370194532201622,0.3015221295129718,2.0
108.94483382016703,-276.9147161512708,7.9445920117030715,0.9020300856522593,0.22243346490513752,2.0
-301.0266953902141,-177.9729502399138,5.123894340695931,0.8450039604733788,0.193413321188605,2.0
-188.75922788103765,293.70662680053175,6.786326102554584,0.9163764012761586,0.2732877837030718,2.0
-103.62991581215444,-305.5455889402602,5.923786599552588,0.8910072212862761,0.276097721052004,2.0
250.64261940085393,43.183570881197134,6.530462244563037,0.8715455657922284,0.13377576317337633,2.0
-188.25754217191871,272.00235283888105,6.547098361169394,0.9359141575464069,0.3066844947426117,2.0
-89.11769991045101,-266.3305129991642,5.036561973582524,0.9007054103751231,0.2071559380768691,2.0
-151.81961292536684,256.53676132006296,6.843191461007266,0.8904142192906569,0.19165114976670242,2.0
-250.38023906004955,-169.06186796133363,5.859115672527705,0.885104613938585,0.17617851495266296,2.0
-322.0476735997939,102.51772227177356,6.796540706477952,0.8794302400453279,0.25359985552049186,2.0
319.10951090751934,-47.03456049641816,6.048483308362885,0.8727534777481196,0.25052614536930656,2.0
-117.6738795053503,-406.58566374818054,6.150558848419358,0.9010779466284287,0.20881052093481273,2.0
-323.4749869565018,89.8682697994089,7.720459453682973,0.9251331632977511,0.2802190854877901,2.0
-92.23195384957367,-310.88147827288424,6.802736669486948,0.911762269915659,0.29308500922424074,2.0
252.10274524306772,171.4248046755513,4.555105379619453,0.8576587597820394,0.21484752529649112,2.0
-295.022488036891,-99.58445949147075,6.4551835381006155,0.8661332473308458,0.12034934968627535,2.0
254.120190103211,-6.123621228766468,5.227994089524958,0.8395492025000937,0.20366387265311278,2.0
402.3917563004178,-51.753784682528405,5.364045347316839,0.9009026826376266,0.22033924194565033,2.0
-156.91595191649367,218.94932927792354,5.710284399314207,0.9140700604720038,0.2612244924507229,2.0
-296.1535004620995,203.7432179763299,5.886701542528653,0.9074329006074262,0.26616364079820615,2.0
338.62505638499164,-38.00812796649237,5.9282828155186476,0.8980805628256692,0.2017176655352852,2.0
118.64664208455196,267.52126561346205,5.993244256751667,0.8681111326500939,0.13722156629549656,2.0
-246.71195962187397,-159.19207698303236,6.337470147072352,0.8521968928067115,0.0978335673004142,2.0
277.69803906587157,179.28095045128546,6.542825974332437,0.8895491931449281,0.18705402012220215,2.0
81.01017596664155,338.6606803685395,5.748380325355745,0.8904047765655358,0.20025581789128594,2.0
-9.520421833534533,447.8747733656891,6.286276400577364,0.8722252836430506,0.1372897556983171,2.0
296.50953552960635,-168.69518269658172,6.816556051913679,0.9037270455111364,0.22604626316019055,2.0
62.133229337376335,319.06097889636254,5.847729262650564,0.8714909964597001,0.13876507842045346,2.0
231.43294095206343,289.60683850612486,4.932199810485348,0.8440616417611926,0.19633445512880546,2.0
52.16200586093714,-268.03064961458097,5.200050641727223,0.8988739070853954,0.23158956752344345,2.0
136.45901590942518,303.91367157755684,7.5976038259030885,0.9242736608354799,0.22030161327411718,2.0
-299.3314586812266,149.37880700932178,6.187876100503368,0.8797458044070703,0.24987957067716798,2.0
310.1644537351256,-8.937991940345036,7.072467704150047,0.8753802076437966,0.25167064608091355,2.0
335.3508098347447,-126.43519642483459,5.791894682913084,0.904923357578921,0.22294105102618103,2.0
112.87061499260308,224.52679453123568,5.1961254522023435,0.88565529430945,0.1815526334411215,2.0
359.1778084191071,-47.717046550900626,6.2182717089661415,0.8640893921070244,0.2374693270156216,2.0
261.6579357574885,25.115876512757556,4.783008021151046,0.8360685039428934,0.17465516039702494,2.0
-48.670433716272804,329.6776517941072,5.333076844767807,0.822752492658422,0.15505332931189944,2.0
269.8147451687196,187.81209589003367,5.777602880625961,0.9072930616610556,0.2485362919579008,2.0
100.72284223959035,272.0768807228411,5.701996632655601,0.8955846539693733,0.19916815557679876,2.0
242.1600644178752,141.1384034901015,5.058239396489591,0.8966669536053871,0.24169352395408958,2.0
-159.49128970097877,265.18918540484566,5.8579123492635,0.9059954397001451,0.23948342678012668,2.0
191.18487723304366,-144.74696097148924,5.36511667011404,0.9051345683944664,0.25282842784899184,2.0
132.58206813210677,-299.07101737373125,7.8145983845899805,0.9066566926143942,0.1393709712159778,2.0
338.75154256596227,-49.230364127118484,6.279395840829043,0.8998804984652717,0.22731925532974803,2.0
155.26661891628737,391.99949355709305,5.704893921165978,0.9322076042561065,0.30494911215471604,2.0
-59.24311792690197,-385.382969085766,5.216201988353913,0.8261354180553051,0.15848635655819945,2.0
300.0880637053337,-2.4229518490178363,5.976955811552173,0.9079219056179825,0.2228875933351899,2.0
248.44262023747848,-52.31388024424855,5.515956356777132,0.9036589215441847,0.2259841296683688,2.0
-3.784844684176187,-313.64525512131536,7.738579870052311,0.9180598130885185,0.20403104889523166,2.0
-312.48978303967976,-66.60784042865231,5.727521895105265,0.8819444453251658,0.1745889333138596,2.0
76.18218867034022,291.2042498139186,5.422915600284466,0.8900857580258451,0.28854632692617543,2.0
298.3089606800128,-70.12066911502824,6.285202719703532,0.8766993255929555,0.15454072933816498,2.0
270.27435266779315,-190.80350412205377,5.313723996963626,0.8781736500806723,0.2620082613330713,2.0
91.56558471881058,-273.3929233198649,4.364406380404626,0.8019636901917203,0.13592804364904826,2.0
-102.57710494267376,169.35453822226566,5.522644753147008,0.8934019588600771,0.28880710456186803,2.0
249.37017057700888,-188.26116178109382,6.1391161648770245,0.8711517846703691,0.2709178595672586,2.0
249.93260552487834,238.43047964047062,6.521638861322266,0.9120384488532398,0.26774968620349915,2.0
231.04173602082687,254.01516833688805,5.549725856989374,0.9208100011149936,0.3113558957971258,2.0
-82.5666477156597,404.9047363295029,6.156423086800241,0.899323084524097,0.22506564175671523,2.0
11.72290570428087,-332.86333129758077,7.798316553900009,0.9088141345561048,0.1473748599875096,2.0
-111.99733003739837,272.4123723825157,5.5794403676516655,0.922967000143255,0.308369314921966,2.0
-10.69520593040028,275.1361533510263,5.790760796884993,0.8930529716273938,0.2687342161243284,2.0
-277.8231251804085,-265.69980466630926,6.930557266506333,0.8781508631917427,0.200051223934134,2.0
-263.3566846216471,226.70198756091546,7.403097674825258,0.9119745722614315,0.15456201888313137,2.0
60.77195121176257,-269.1228329997219,4.110222978830254,0.856266658313226,0.2254579646395463,2.0
283.68282160647243,119.99817709958808,5.240279336671255,0.8957065403518963,0.25262603570494835,2.0
273.249768954908,169.40901260792666,5.680050296752226,0.9083736500003317,0.24336797898421544,2.0
169.90934415417132,283.07926324304844,6.4755225857739,0.914350834661691,0.24680276804767645,2.0
-341.26190203000317,36.19285546293984,6.372343990576865,0.8910954794506738,0.1824516807513077,2.0
147.34887393584705,361.33653687382287,6.953614260385546,0.9055301478229643,0.2293522911941177,2.0
310.2748298389208,408.52542034715736,7.601829236882738,0.9312641973466377,0.2821723171972318,2.0
102.12352402694053,-405.4726340459354,7.910361180562036,0.8910926487019407,0.18408191120232803,2.0
-290.7744374429479,-228.67605138092907,6.477683522742875,0.8788676059626943,0.1603169911059093,2.0
-294.50331643759597,-90.18801118128141,4.618967255069009,0.8212184567197987,0.17715699719489691,2.0
-75.87427604288044,253.77771754144194,5.394179454761564,0.9054627095041818,0.2718626956220691,2.0
267.7742011722561,66.43018381479185,5.750746845824564,0.8553042681677686,0.25024589054544844,2.0
21.29018034568346,-295.27103567287355,6.008340237478585,0.8777491115453038,0.23509343171259037,2.0
-1.473774852256932,-247.7027451800757,5.623406768761608,0.8300472966146589,0.16395632360824738,2.0
-279.2895942317851,145.7499517442533,6.564713579501049,0.9000768430264996,0.2273100434916471,2.0
242.93347596542316,-179.8519640375526,5.813709631999641,0.8934849094284236,0.2893995480841708,2.0
329.64752615479955,235.51198576869342,6.740903217407245,0.9126995196856004,0.2397548467847302,2.0
-287.70163278010193,126.95412873737993,6.7413436543474115,0.8753982918818947,0.146646968212937,2.0
221.0260860953615,166.10811653933365,5.527867004870107,0.9119545106372619,0.23637499881454418,2.0
-295.77946366406104,56.01624843949529,5.130965343063161,0.8227612392008741,0.15589411937908149,2.0
-111.50430745870356,232.19057429782097,6.5592727492243705,0.9095039668768644,0.23746436573497412,2.0
-401.8412121359545,3.9945864307990973,6.520194020986023,0.8912642984640126,0.19798839538494462,2.0
315.9819328392217,-186.27951339485213,6.670703679991314,0.8887472272675808,0.2823696090256586,2.0
27.68649081272666,314.4516350176546,6.978923154970131,0.9208707005327066,0.18509822287897726,2.0
102.99701414223952,-242.21473447705316,5.4885709367391105,0.8980833911600762,0.2288179715255682,2.0
-236.5073962238189,-156.99244256185068,5.429355056701354,0.8839335861860589,0.1660789349941828,2.0
-124.7827491180801,320.7149131109454,5.680998787964299,0.9120097760218231,0.2858761416075312,2.0
64.6052885173804,284.03608779151426,7.600470469673318,0.9499246223321756,0.2968909427721291,2.0
-316.2434010557029,-55.832351563845705,7.154147478392314,0.8756880966847461,0.14716642474576652,2.0
241.17913284092165,-47.51432024913917,3.878630862721359,0.8638688379917109,0.22536160401122513,2.0
230.28813094822019,-59.15383199409787,5.523615616397492,0.9091945788051246,0.2294626370139362,2.0
-308.2447692619027,-30.24055118472962,6.292173549309391,0.8751872040049324,0.17440040458275055,2.0
130.69192772866478,-237.12947791080566,5.459765620680443,0.9137553103567974,0.25142444620124643,2.0
265.7304198552857,251.10232999041966,6.77030472672325,0.863354408310266,0.2182878745802016,2.0
215.2654044486535,-265.800377574273,5.872153929320453,0.9070098831714998,0.2767027897630296,2.0
27.816071580180814,326.2924551071982,6.031599781152633,0.8807358422177639,0.15983554551366266,2.0
287.084763926215,-173.48516775595039,5.517451748150047,0.8381947971362657,0.18362258581240246,2.0
-232.7994974145676,-147.83352511006032,5.769696914117568,0.888658163827446,0.17684945171037642,2.0
213.33582831801985,333.36539708680635,7.453840581509234,0.9233725056479569,0.2650512793168314,2.0
-15.422592956625664,-318.7819192509701,6.851912972712721,0.8717087074181351,0.1449597230544863,2.0
-252.31412102725753,164.66092859566706,6.131834372459252,0.8799251815475024,0.17085423842097922,2.0
10.860055672197754,-282.43149474147634,4.48100378852962,0.8114219671507342,0.14287107550044126,2.0
-18.906865465035814,166.58876769834822,4.932421853140869,0.8757874120811011,0.25345536204797975,2.0
211.59391849166113,-201.72172539774607,4.724350853952901,0.8453805178115299,0.23479550430647037,2.0
-319.40862471849647,-44.12308518881922,6.929963756769973,0.9112903880629817,0.2502473711562331,2.0
-119.01276561420532,-287.55386086340445,6.85015328396262,0.8810028564003073,0.18859901391188083,2.0
-166.0976533358987,274.10918152451427,5.788943348070696,0.894196627562428,0.20939686880557343,2.0
-252.79653714302773,155.24466343055863,4.851265140629537,0.8484382513391278,0.20023428815432842,2.0
-245.967464894262,117.52022766728834,5.020239379618112,0.9079545720784309,0.24948870996325573,2.0
-17.943875152357972,-255.80856089478482,5.706259346111605,0.9052096419883247,0.2619664566795887,2.0
-186.9608901767618,-219.56219653105123,6.655083268592003,0.8942931309424776,0.18789184068050832,2.0
377.2179029684988,40.7297617988819,3.8647758224889612,0.8742792855773459,0.24436878504539158,2.0
-307.1119151244167,-125.76511355416733,7.220275823671536,0.8765903687298602,0.14531014676601925,2.0
227.49079686065792,-79.92954200815343,4.775056224393817,0.7999930957978899,0.14607124862265086,2.0
-308.691161799071,-152.94835137575495,5.841689391859728,0.943718227025949,0.28008535104642884,2.0
-322.6109905290589,-14.314195066348683,7.409426530132799,0.9171958536416711,0.26613072185137854,2.0
239.59367860256444,-224.57142584301062,7.556117930004508,0.9219651015926127,0.3134530003539784,2.0
-329.4840266908626,-83.31831050142826,5.689457527801049,0.9067101890695402,0.2366974502990912,2.0
347.3574527266855,-152.83169645194968,5.476745037763641,0.8252388533868593,0.1749652425417698,2.0
-138.71326940683298,276.6207179008993,5.74127668086208,0.9035720832124156,0.22743473555223206,2.0
219.77832676766064,210.02734550059134,5.770162914498856,0.8907763450917677,0.28084356406098043,2.0
-299.8910431670067,129.45092451987273,7.312895070410123,0.8835264331977798,0.1705638377101181,2.0
-173.198329612978,-266.44724159581926,6.7714223141553775,0.8824053829455544,0.17131252744269654,2.0
168.01809668886048,256.68896547663746,5.016224972993145,0.8914526217421351,0.20733189668185162,2.0
95.34498095512268,213.81238459570238,5.260813558542688,0.8962560730946718,0.20390331201643994,2.0
-123.1984584352548,-349.7593277721459,5.717572229891371,0.9065195653097334,0.23854905675026583,2.0
38.295350551704544,-302.1042515740452,5.662601770314112,0.8542411503106423,0.20817688689866642,2.0
-289.3907591095929,106.91907025594911,6.37034022381097,0.8775223501675088,0.25078437146781335,2.0
299.1376787150203,184.8424254248602,6.522501270620685,0.8919989877825474,0.22009088301928723,2.0
306.1584048447692,19.70611038104905,6.1996190312785515,0.88325067149483,0.26537465434076746,2.0
88.58889312364997,219.16114957220978,3.9833903144228766,0.8468412556288756,0.21115136799245363,2.0
217.26753678527263,182.58865458937967,4.54632101116697,0.8408009686813444,0.20265386106577404,2.0
40.34406351665742,-386.27218740735424,7.0007622374246825,0.9145131315809091,0.31083489264480035,2.0
-171.8883877396062,-256.5143600883672,4.3672629122572815,0.857410583191079,0.2089685229937256,2.0
94.76446023589735,290.71742142936785,6.9884578678328,0.8972740930878799,0.21306882913713313,2.0
55.01949243248268,303.5177767092918,6.221984278878467,0.8895736249735392,0.18244648027674723,2.0
-242.58332555531732,191.32346483635342,5.846835618710762,0.8863959704329053,0.18531464121480842,2.0
303.41383370848445,348.7203070836821,6.5327468880497035,0.8837284628885306,0.17734630697617673,2.0
-232.86086580804619,185.7041402568101,6.425581870212318,0.8867644806444319,0.1755345056645902,2.0
266.5934516614544,226.43363051812602,6.02348047118517,0.9205319479899023,0.2642189017272306,2.0
179.0080703166256,-303.47606362063357,6.049132917833628,0.9031492471885095,0.23839749729636922,2.0
292.5539675870456,118.29415712061652,4.941310494605322,0.8379353171813048,0.1822179137974113,2.0
-111.8539684172096,165.98274768057152,4.77735128951531,0.9044162703511923,0.22904826444578985,2.0
246.4069462323403,151.45398163502978,6.351631889914136,0.9189052643474173,0.2967345033637312,2.0
-131.7984812036817,252.05240068468743,6.235471455714025,0.9113517773155448,0.2955828864495847,2.0
-354.10998443406135,85.2163886607556,6.501892178005586,0.8733346319038406,0.1504660387571914,2.0
226.6453198756279,-171.03296257557994,5.57615112369806,0.9095006396677774,0.29687999419433575,2.0
-65.25381825714702,309.75703801075673,5.7752545045276795,0.9106191907796056,0.24262158284705254,2.0
-1.7359743974298345,-293.2982340579145,5.578153583628934,0.9095856982131764,0.2434810636274888,2.0
330.5470101573983,61.79885286156064,5.32443165354169,0.8954749217617552,0.2691872647910047,2.0
-89.10592206994414,-390.8536751778179,6.241357246652277,0.8858184273581786,0.2645494424580334,2.0
-42.18390097669245,-295.11940985205564,6.2926453352311915,0.8745880505201499,0.1415123981140633,2.0
-282.06459605910635,9.068146892614319,4.362013856492529,0.8529304423881224,0.20575401960624545,2.0
15.736285919307614,300.05880053907896,5.9167108136925695,0.8864554073908933,0.18408109806023504,2.0
301.2579485933979,-59.81452264809306,5.935593581614332,0.8942301073287701,0.2180128162890552,2.0
290.8008566564535,146.93706581095665,7.435791545310292,0.9127977721621624,0.15804695500050533,2.0
-14.59287144135985,-266.18293830465416,6.669605938176074,0.8758600033210224,0.1525949908394018,2.0
315.30404530856447,11.80999004400004,7.745403204700411,0.9051334528481204,0.15257418943171303,2.0
-235.3265023658867,287.7138136838096,6.209334973577372,0.8832582713820643,0.313364070419178,2.0
-361.5018467682448,75.8171484548205,6.914680598444453,0.8718281853890554,0.1327020443827493,2.0
-220.10905103326272,-456.3403303119524,5.884927348123258,0.9063348401902587,0.2649032991148371,2.0
86.48436551820215,-349.14731496489566,5.945250982886618,0.8798396907218093,0.1547838300647357,2.0
351.10972908921485,-65.62831504022849,6.810777869197166,0.8740542810954876,0.1484544921743875,2.0
-47.32679694053807,-304.52411819628276,5.812810304820627,0.8813169214307089,0.18213953831459476,2.0
-270.7910414473855,-231.42359489672987,4.85268326637228,0.8180741878281181,0.14547784177079862,2.0
-289.39580619731885,194.40437030636284,6.404910619912899,0.8919926595584826,0.19671352997753547,2.0
140.64170958282384,-237.09482498571475,5.413105480749746,0.8984347746375413,0.23388326387019068,2.0
223.1094605336393,-162.11199813327573,5.394151679346975,0.8726013994297022,0.2378643661014356,2.0
-7.334103396140109,-301.93572350260195,5.390267363523573,0.9149985936609051,0.2534307476681042,2.0
45.378879846314895,318.1392294778157,5.466592648936786,0.8834521235239151,0.16423456179966112,2.0
332.01326566549756,138.97540205398775,5.959339913153319,0.899221752292629,0.21493085705712223,2.0
-3.287027162287472,313.0395686647293,6.247751294966525,0.9091184950764853,0.3058736456622869,2.0
13.17002710873881,-259.3301721910098,4.841658466794137,0.9005793063109225,0.26013782295731924,2.0
332.1483132254031,-77.34526863547002,4.267680689131013,0.8347282310188048,0.1804871232136359,2.0
85.19381613207179,-327.803518799561,5.567852214100869,0.9154226002605828,0.2489238872990363,2.0
-348.5342075257757,56.60805113484113,6.97230697530305,0.9096818165829127,0.18933227514994633,2.0
-212.18085861678207,211.05238967414715,5.473323477236268,0.8117495274432411,0.14172580740233665,2.0
-313.81681076146526,51.359785823812594,6.8362829340670865,0.8978498938019218,0.1979270243867855,2.0
-196.80480555516408,-242.14243379243285,6.077322835739123,0.8994374921772867,0.20427427407651996,2.0
-165.948136207736,-6.748356306885041,5.037793398834604,0.8065476869788217,0.13232393556072608,2.0
-74.9932253500851,271.4846894075528,5.539559676022209,0.8923783115359354,0.1956581673012534,2.0
311.13294971903065,40.698192886054294,5.117950885199245,0.9232457042051113,0.28281307508288717,2.0
130.40857559349618,-270.52608570039945,6.362577468136728,0.8696376446841072,0.14828823951756817,2.0
-274.1604600330438,-108.48029928163218,5.635503364103674,0.9009688768895049,0.21264621930982225,2.0
-286.14441738535066,174.94046069918866,5.90467073385752,0.9131599869228499,0.256287633894771,2.0
-241.91094524447928,201.42736471677264,5.204120591766532,0.856276655092914,0.21392171314924996,2.0
266.6675487175575,-29.49291985922011,5.785647428360726,0.8932256779049371,0.2795088377377945,2.0
-189.88297405473713,-208.29799111110557,6.3494921657880665,0.9042795883822937,0.22531733362304163,2.0
233.39389084914455,-198.06557918044348,5.17096524263595,0.8796563516462983,0.19282586038247987,2.0
-205.81529489739378,-235.80582509718712,6.126845191609989,0.902863269416185,0.3016359434708483,2.0
-221.92866708862027,307.05874295514826,7.282852800580728,0.9318794668401342,0.26047539630816396,2.0
70.78657342713862,-305.0611669494348,5.783670863704342,0.9090206852125549,0.2549149600601622,2.0
-233.2176442403202,163.7034119699577,5.182551480849463,0.9269222494977765,0.30567578419512903,2.0
154.51604663365762,-333.2652127292458,5.895780222635831,0.9052424747002484,0.21496239780443793,2.0
-120.22668975151029,162.68584781422933,4.759619254494335,0.9006680540763489,0.21048970888354623,2.0
-391.671944453297,-23.91467903171605,5.927266902260247,0.8953801140201225,0.200226924913572,2.0
-128.84363463956723,280.51710614011324,5.48968434238788,0.8877648836190108,0.2773626827657674,2.0
-337.1578946358011,-33.13398920215038,6.870032357025946,0.8879820709684844,0.20148099032585107,2.0
451.128984122135,-18.064982868856404,6.368786861030939,0.9182961608198591,0.27022560553296965,2.0
-229.2944198495938,248.3570936197689,4.337310283275277,0.8683927281873173,0.23340110999151661,2.0
299.27915220542343,89.64574236289579,6.616709938789242,0.8812623892760943,0.1722037863234922,2.0
-93.42878958869503,344.2889892897162,6.02102849759209,0.9068782052773651,0.24194308192709996,2.0
213.82495763230264,288.4842396448278,7.011456312931328,0.9253579359941878,0.2057663278986176,2.0
120.01325884366963,-266.640160787953,6.616648321001262,0.8816833525318829,0.263837251042636,2.0
-329.10569789603494,23.641659529679803,5.627107288307875,0.903707949290301,0.25779609906168083,2.0
274.7737924477585,245.22736598981604,5.934750033244369,0.8680893056016029,0.30837552682378727,2.0
-312.2746827331885,-114.8933525391622,6.465626367155082,0.8754110024120465,0.16700716715401276,2.0
256.6202270937009,148.42271952709717,4.982709577759711,0.8620890982053352,0.22947640490571464,2.0
344.0249625862982,-93.05235167569882,6.579030361611026,0.8751848802819338,0.1492064777655036,2.0
-213.20906279256985,-144.08849454665827,4.010789711325939,0.8433181535704213,0.19624730625644382,2.0
-102.80227958365887,381.1012783185202,6.962849483258334,0.9149659650835144,0.2893976514579716,2.0
140.7543486223228,251.1629578260961,5.0672732967487715,0.8346627008841707,0.17812293456378794,2.0
204.5293568007014,223.72386453437437,6.283982016934187,0.8677291345126932,0.22902593470255814,2.0
324.3302686037384,305.1153225037134,5.380966900528753,0.932665218120994,0.3050976483788475,2.0
185.23218659162617,-340.4898177181616,7.112714665971344,0.8620259808517083,0.12357888213814708,2.0
213.36388508687747,253.6465622668347,5.7613233025883615,0.8733838435956602,0.1551430697043669,2.0
45.743383646360044,296.70626783595196,6.80036893091011,0.905407163858058,0.24831834232064048,2.0
-232.72530329536727,-261.3308691368083,6.955746118315385,0.9202253734174877,0.18746271600250058,2.0
-195.48729053117262,-305.6797912482182,6.235381453956423,0.9027288203408697,0.27888638886554873,2.0
76.36572552621844,366.03375747714955,5.514203333121245,0.9109846492885054,0.23253207399944814,2.0
6.507686159046783,178.711436214485,4.460707107046639,0.8209388034501515,0.18198851250973055,2.0
-108.07653021797519,-285.4536407782461,6.363837205486086,0.8813612206383402,0.26886703484763486,2.0
-321.6964420394735,-206.09679620154097,5.8789306752841926,0.9029835152204224,0.24928641929251588,2.0
-11.882333824612513,294.77838909024507,6.219488793036026,0.8618623854472965,0.22291603229063048,2.0
14.463785546737707,-304.0194147092844,6.226397046614515,0.903414195325025,0.2082381459173903,2.0
-138.73997346526517,369.4636482448737,6.798531380985462,0.9257525173947402,0.22786727658770825,2.0
-101.83834129875164,105.94765098762726,5.827070442898826,0.8653403399815321,0.23317695652057066,2.0
-221.1069044811082,-262.94395302680687,5.910851660790385,0.9026457993621014,0.21089085227834073,2.0
-106.4189673671729,313.60831669786336,6.9697589509667575,0.9279224322107447,0.22383825412052383,2.0
-341.65929650042796,-80.31545671020616,8.088033970256653,0.9155068711536903,0.1629126453516134,2.0
-123.51013338647911,-296.9687543249717,4.673053880637936,0.8441153179405824,0.1863024861028606,2.0
188.1171308353603,286.14641289187193,5.689536209837911,0.8633749655423536,0.15005062998241486,2.0
-398.1756421471345,83.74665174154786,7.610330087808773,0.9130346880973113,0.162754159653281,2.0
-300.3588189872828,108.12562543860784,6.159768481383064,0.9004147306837632,0.215778026968156,2.0
44.67836342339382,-245.62012193883058,5.55367578166338,0.9175563819006793,0.26255348514853133,2.0
179.15100442486573,-317.4188681997603,4.9843483327496605,0.8605382035537512,0.22950989899190744,2.0
-114.41923250711015,-276.3597093084873,5.793523820183445,0.9048972178321137,0.2606215538616253,2.0
-97.06079738999424,321.54440696192205,5.812005009187669,0.9109400931703489,0.2507873004357861,2.0
295.25274293719065,-95.87839419991019,6.256188020582917,0.8855285812105242,0.22011573015712252,2.0
321.3978539243184,205.670454345399,7.108271475213356,0.9011863507102523,0.2280465014371674,2.0
-176.0366144922783,-379.7513701783185,6.331866731837964,0.9150479128617264,0.2770972054410512,2.0
-290.2144443545564,-117.82930864526895,6.3714119483929315,0.9020894382854303,0.25763887697975596,2.0
-145.14912075036565,-249.62190729368018,7.805530672883168,0.9360786852742224,0.25369617651410575,2.0
-34.27097508183625,297.9453124336877,5.686863789355788,0.9046846667377807,0.3077695841950206,2.0
198.2893288064483,-305.36174742901704,7.66651891829165,0.9111996796121313,0.15995181118599067,2.0
-251.83838431166254,-279.08118887043304,5.2138177112108846,0.9040970719637855,0.22818994136125642,2.0
298.12583869749045,-141.81367652285402,5.997614082222759,0.8945412785504867,0.22977508302850544,2.0
-240.30567967534395,-331.9172720193834,5.870296816971574,0.9054940397850378,0.27536780032047214,2.0
341.1416087700009,36.341883433554976,5.093108718630608,0.8074570875298825,0.1415511180560263,2.0
253.39749271794886,204.73274570333336,7.135724723278509,0.9392402311517053,0.28025478129049836,2.0
302.1161813174231,44.42592691147718,5.117950885199245,0.9073681888794822,0.23642223401026594,2.0
-242.7800002138493,220.02748115062892,4.895348604368422,0.8136849341253217,0.15485395967154197,2.0
-174.42831266042396,-301.4881731145579,5.731044511909091,0.8612813148932615,0.23955765544653715,2.0
-291.1287308786502,-147.6951598052522,5.718905813493593,0.8897097240137838,0.1881464047427679,2.0
-266.5379953423091,-101.41590560481185,5.755023248006683,0.8990132536076452,0.2074432244522587,2.0
329.3407742070395,-33.079920395925285,5.834837000195562,0.898989767272349,0.2148260355618351,2.0
81.81902500192197,275.3355613721868,5.544707795066605,0.9191164894491789,0.29830384623807993,2.0
-376.80266577091857,38.5256473416496,8.28340803294713,0.9030665150979631,0.1302490834959732,2.0
-239.39059150616606,125.12789172499654,5.393730715313602,0.907598073618612,0.2406890379849036,2.0
195.02599299237164,278.6321069582216,5.573785245360892,0.8736038052888971,0.1679218113008064,2.0
337.66546307898335,107.23056126259772,6.128150560685694,0.8623053478646768,0.12109737289944014,2.0
-47.996083974986476,281.79776952098126,5.749283428718465,0.8975972630312326,0.2253729469701141,2.0
231.32583195983256,243.89215750582946,5.587685730867245,0.9061951660940575,0.2346948719286342,2.0
-167.74769461253763,206.18517683017888,4.947099735762813,0.9102884437411544,0.29283096286473603,2.0
-257.5200527487517,-104.91864780293463,5.340849315599192,0.8346329617159358,0.18352721247084824,2.0
301.1520883955923,-158.71775109473325,5.551825921122247,0.8936155139541858,0.2015884078543344,2.0
-322.65648977351066,253.31738912190622,7.319092956261926,0.9291315060450572,0.2285828236676428,2.0
-305.8142228824033,-2.917066204821849,5.284896556557353,0.8781881122319548,0.2543230784868614,2.0
-302.945932442773,13.567816477489153,5.5988619718409645,0.8916533526056906,0.2099042186695014,2.0
208.69060698318046,-245.68234342529882,5.429293038499217,0.9102692159226514,0.2459992931865177,2.0
333.5506771516946,-115.48180121667637,6.20849058217925,0.894264075754139,0.22170614303651287,2.0
6.606112195567815,306.03687428777124,5.919389745430406,0.9107975195987417,0.29985708153960305,2.0
312.40855234913334,97.83195557621556,5.51638241412757,0.8244187358793065,0.16346335639436188,2.0
107.18630446834169,241.1400102171801,5.856240825062344,0.8841047458837505,0.27405721220601736,2.0
287.6833799543194,158.43042985817783,5.585054679307297,0.9098803044917928,0.2455589970155836,2.0
-206.92256452878354,293.54580248629884,5.340319282708656,0.8910780695998272,0.2828742324465993,2.0
361.73242230953986,-205.9024733115191,6.724867371894623,0.8795642566450538,0.19774851529029142,2.0
-298.4182567042721,-56.33141421834802,5.708004408745014,0.8711787774129577,0.1574697704897179,2.0
-118.68246434909484,311.63058159759737,6.570085476826669,0.8769810843166727,0.15544561025017534,2.0
114.45444105444264,286.44923425631725,7.181866906289026,0.8905329358359506,0.17676799919478375,2.0
17.13711436095994,290.18418627289725,5.185575364432362,0.8206806831996794,0.1583640302672792,2.0
43.35046545505207,274.74246029613306,5.431679107249328,0.9029288180873192,0.22150316659472305,2.0
-85.67949296624353,-284.78688039638985,6.195876906686122,0.8846749745049046,0.16969662635536278,2.0
225.6187643852908,-229.3023549540047,6.433420643396757,0.8956453750652855,0.2975289517917103,2.0
150.498242343358,289.16042435945013,5.256971105494662,0.8661020069941426,0.22351357468918248,2.0
-408.26153698820855,23.45605490574273,6.616890209569358,0.8908758074379141,0.19630701896014624,2.0
-274.6348027591042,-182.29757377961488,6.485834593247615,0.9183399297502985,0.2881500983736367,2.0
-308.5228979993548,-257.6636369706017,7.059739481806788,0.916132299728772,0.1711154013596071,2.0
27.449005814907157,-285.31778127115547,5.751497038445457,0.8694788365599272,0.3178762974855324,0.0
-261.4079820560377,159.36198674338226,5.670923923346813,0.8901709121881316,0.20162670125564414,2.0
415.7497696393766,40.050510210390776,7.059779643162242,0.9152946464426523,0.24680914477992114,2.0
-244.3415975006173,-186.62181776896318,6.772855754459627,0.9098968508876804,0.23976456491824366,2.0
-199.07602479213992,-283.63663769596076,7.113213521621036,0.8703641062350864,0.1865112868238459,2.0
129.1983164737155,-329.5072494361193,6.18831410398708,0.8908706362356237,0.1815036721734984,2.0
274.901861904835,-238.7930779977478,4.315746402962523,0.8163533715893485,0.16911022569169626,2.0
-340.1717963686325,-150.79503720315196,5.077454391438834,0.8893503706824413,0.2904967148542057,2.0
-129.59303077292583,-290.20941336409084,5.638696211992901,0.8810539272813105,0.2563182218919798,2.0
318.3290797687595,183.60534958095676,5.711887210221371,0.9061623185172947,0.217374736348571,2.0
-354.4531384239722,-0.25981148542591365,5.899507152187177,0.8032689696268309,0.12837557091861604,2.0
-262.26505844062444,170.2214985936694,6.332798204667393,0.8940147804908402,0.19140218527402156,2.0
301.4372912610434,-39.01501672543589,5.319564403520769,0.7956238388879946,0.12485870376587979,2.0
-305.7768541976648,140.06242476037215,6.459512099302977,0.90609342782838,0.3136993181239359,2.0
16.908553396825,-344.2480306283574,6.321517194737158,0.8685080198794227,0.13185394810599915,2.0
280.8450441043732,-254.19009492729322,5.438656785417573,0.8804273416773276,0.25085381573977383,2.0
-166.39401968117744,311.45932800709966,6.657651916572157,0.8779676138855648,0.1514469872964809,2.0
132.35069177227302,280.20346626004726,5.889126079612417,0.9033424512954036,0.2562174021261354,2.0
352.52422157416555,93.83871123871306,6.480228703992063,0.91775565010546,0.26695801966663196,2.0
65.91964425992923,-328.25992569901365,6.759060043770199,0.8816384313975911,0.16606994654014207,2.0
269.2963241440802,-83.59564063363557,5.871994049430664,0.8795800698904379,0.15561482532841206,2.0
-176.42962974931189,-222.13338335413712,5.76310985014407,0.8944242932189561,0.2040518511838193,2.0
-66.15777616802319,-347.32019144026856,6.501474451694429,0.8724755802667274,0.14569134308322632,2.0
139.98062250983367,-277.3594834279232,6.621567939260048,0.8699681616793102,0.15920194935392376,2.0
274.6625503673948,-366.2518948914371,6.368043491032233,0.9098717376734244,0.3264674571020087,0.0
268.3649938906549,-337.6990899164723,4.9589924251155,0.9179195018654851,0.2638786696834416,2.0
-76.27760934501474,84.45466748667371,5.8946969881841165,0.8788450769019797,0.22903214804608568,2.0
145.16972021300168,-229.2489570613149,4.528575534353226,0.8323094273754083,0.1770666587595461,2.0
-68.2907816830232,-371.0069520464265,5.162327443907817,0.8807702731318104,0.306368416015923,2.0
194.7122012279041,205.1919625448424,6.250252414899039,0.9024886494844844,0.23832874894214826,2.0
-280.69606435365637,-115.34255651924893,4.725571021859902,0.8562744518351609,0.20909424348776223,2.0
250.0227165247626,-216.64954917830386,5.79921720118167,0.925285762817106,0.3075484078515084,2.0
-183.0724900538045,247.2162629952453,5.32198052649476,0.9096626150916899,0.3162144457921077,2.0
-25.686319952408546,337.3465465317534,7.589606993846174,0.9229463474387146,0.22665686077324293,2.0
-85.4972252940499,100.34720467576003,5.34950641312755,0.9076331961640307,0.29657032420984364,2.0
112.46870973495463,380.05487267473205,6.289792783494271,0.890176212411639,0.18097131131410713,2.0
193.818129977412,249.08091550483257,5.2928116952840565,0.8498064104760923,0.19798481624667516,2.0
-332.06742746190696,-43.71024417029602,6.992316657378311,0.8726743944368264,0.14966514637772896,2.0
-190.6101767192466,435.83607078721354,5.530545388318407,0.9185449852162499,0.3078240689549264,2.0
291.78899625663564,-190.84043920458612,6.405586212424406,0.8891791694866309,0.17806873944444981,2.0
-99.80628382550894,302.24416512970237,6.763403574449386,0.9228995051810887,0.2785331794965982,2.0
-33.55533495795058,-316.132185109435,5.502054755129458,0.9109566110927064,0.25858021228565403,2.0
125.07364903567867,297.7738414716215,6.297377598189739,0.9279613474806889,0.2843785978638493,2.0
-13.282954593002449,401.3559452935555,7.38168495897679,0.9092995983294687,0.2449356093618209,2.0
-228.40551441732802,-292.1654978319481,6.453820477843347,0.8772020309985729,0.15023500251806707,2.0
-40.4279155933808,-380.9381325099501,4.643782985344413,0.8395796791180459,0.21025948619771864,2.0
274.22849146888444,-91.65390606795144,4.795249697562215,0.8311546737356681,0.17066631075583263,2.0
-243.15533096027622,-176.23154236848993,5.29532456214397,0.8763990329893379,0.2571353804787573,2.0
389.3381928570503,15.689637762336165,6.397850634231578,0.9201090302094328,0.26538157655440425,2.0
-53.72424742325159,-325.51963055120336,7.303825587532945,0.8995648851715508,0.20986642079512813,2.0
-91.96150247194862,-292.6573645628213,5.133390800934465,0.8703891819590337,0.25284160013352913,2.0
302.3654216265009,-87.50649420366803,6.576118130759003,0.8755815874087246,0.17402880792660164,2.0
324.99655661885436,-122.70210750668637,6.219455407156488,0.8867483063122804,0.16994998778032938,2.0
223.90034898716783,228.17438951822785,5.324224225215419,0.8974451033933124,0.21094381254410113,2.0
290.5707645535576,127.42599020585233,5.648490277175086,0.8781568529073882,0.17613317014033644,2.0
-282.40781642670817,-61.93788794877723,5.585639569600722,0.8809225791892361,0.18962087201747743,2.0
-133.8649877898558,-332.9533152507573,6.702308060043092,0.8899064316231668,0.17841679875194114,2.0
25.393858272748353,295.3800000738589,5.742585557150112,0.9060075425079588,0.22368644006902919,2.0
97.81201959329212,-298.74175428794246,6.615229974228134,0.8877343295266041,0.17118762075003283,2.0
44.901697151381065,-329.3884540176348,6.255596335081336,0.9251784361968692,0.30908881929120335,2.0
220.59055256454124,-83.94528512267141,4.898904796099858,0.7971374867062094,0.14445783520752206,2.0
-153.27921925776923,-272.7430608703983,6.285740526108354,0.856658192342852,0.21183728658243886,2.0
302.1988043896384,-131.97374782750964,6.434021455506221,0.8806486042391798,0.2526877824086974,2.0
376.6842912236525,-3.0833455889796144,6.548382614672999,0.9385202872767573,0.27890542486078734,2.0
46.31839418553611,-275.950513642502,5.033127366497787,0.9007042747175396,0.2638453712162819,2.0
123.39028192015357,359.086686498684,8.129613037787097,0.9389965976819548,0.2709786326698467,2.0
238.57093522453368,-64.16870462381479,5.085741021520316,0.8290473127766459,0.17628729734349913,2.0
137.60910459321985,-373.2293595598906,5.061754035788155,0.8876759751916234,0.18429715821975237,2.0
389.5193725485924,155.4717833939651,7.224393995912094,0.9025860298582653,0.2569096644447398,2.0
169.36664974326052,-265.1671477643472,5.89157546571153,0.8589971751314126,0.1805350594691654,2.0
-241.74751139689235,230.93772752025905,6.852838974777897,0.9243267332822144,0.22001243092920295,2.0
396.90656046825006,88.82875754630155,7.7037826488188745,0.921795235515861,0.23365525342272817,2.0
66.5875862290155,-275.9724240856776,5.8679295623490555,0.8650564590073039,0.15653858616589253,2.0
-372.31556498153424,-90.89247352637395,6.211904067768072,0.8842797678016387,0.16168214134219858,2.0
-150.64858518537963,-215.69660991624758,5.0791946066715425,0.7983513813929811,0.11784391763004347,2.0
-16.27460922482248,342.9631373938109,5.163429191640768,0.829860391680476,0.17392135374117373,2.0
-334.97322350850305,89.17305576696533,5.0719233893598705,0.8512486303484273,0.24701815405359936,2.0
279.6345800773076,129.99528788248986,6.988068317367351,0.9025308686021519,0.22869640677046285,2.0
299.4641589507827,136.558837706096,7.527087611679028,0.9211215042337856,0.19879450166825946,2.0
276.37496838626413,339.4432565288675,4.514123790268749,0.8833190315179573,0.2731503834165071,2.0
-66.36772560493546,-327.56181449500497,7.4918540841213055,0.8710061460444612,0.13411169246610044,2.0
253.58326121082732,270.23877874646473,5.980556853115594,0.9082730282677782,0.31436000357272376,2.0
-364.0817834219975,-14.883220956909485,5.161651907629842,0.8180424016580823,0.1643101177528706,2.0
322.0647720604772,67.48686927337599,6.360564756930371,0.8819973349317499,0.15522327857569979,2.0
264.7521873382727,-239.5601343525079,7.338291846693362,0.8872933808324839,0.10213487044950938,2.0
-243.05282822257962,261.98579081698847,6.520609750429012,0.9289377829984405,0.2947616490762225,2.0
-313.2664938369112,222.4554820877156,7.569657027125514,0.9278027797102333,0.2648572681884664,2.0
340.2785765665986,-60.55097150713116,6.67281697119452,0.8833899105304599,0.18766953800329886,2.0
311.8753235734747,-197.3569493462666,7.228931479543461,0.8885221138292866,0.18930658496266223,2.0
268.19158728615685,-210.8267658273763,5.179526711503948,0.8692036131890496,0.285529455181506,2.0
89.4374136184037,395.177522973689,5.92802795860954,0.8738490082769842,0.1577287341898237,2.0
37.766941436181696,313.15403694998514,4.50371816798961,0.8278752966499214,0.16609538923772546,2.0
-203.644856955409,247.32525658664576,4.669410216853127,0.8722109692528058,0.23688989085743914,2.0
276.9492889324525,-146.3927871746099,6.58307704183946,0.8743665393789893,0.1419240082576804,2.0
99.45229192123472,300.3013236622616,5.0804617807193475,0.8650430387002904,0.2908616436232428,2.0
-257.1194386100577,66.57442566069857,3.89301369970427,0.8519202999450981,0.24153919945818092,2.0
203.16992315362737,-237.30706201513624,5.827403807307883,0.8943855745214933,0.28434995108584377,2.0
84.34529660315621,-270.232762870508,4.999006820499745,0.8159871935101706,0.16834827006063538,2.0
104.97304983216866,332.8584389357795,5.762355138004572,0.871057391745349,0.2527564963541495,2.0
-297.6167402156268,173.11333362800053,6.520533663344679,0.8961303176588729,0.20035728785838453,2.0
28.44393140110077,-317.49437608432964,6.279205986820605,0.868611200693741,0.14334579461468241,2.0
-360.65866030990566,157.02534188999698,6.1171889220049245,0.9043158339967657,0.31444096408494576,2.0
-336.0580557343435,6.350476579476216,6.440136079750975,0.8776925354266009,0.1610474436834179,2.0
-306.8060958880557,118.62156249945052,7.470187104513116,0.8639105132199142,0.140701643123404,2.0
-242.9712029819923,-245.32345116402817,6.343815124421638,0.8872446088594005,0.17782142622528288,2.0
298.8570810026984,-200.7787837838029,7.339209381459157,0.9287910008994922,0.2611249010939852,2.0
211.55614597496987,242.4586738000536,7.028528026362131,0.9174975359916477,0.1699802499078679,2.0
-312.6402377582838,273.7281883712881,7.234666770107022,0.9111185781507976,0.2683593035681813,2.0
259.82102244352217,185.79227261157902,5.629850003900502,0.9016284132206056,0.2719975164946122,2.0
-316.136715145318,162.02497793507632,6.766063441992121,0.8929663164841445,0.18723043060696684,2.0
184.55287443774571,-275.47365335015695,6.2306135038403445,0.874468360051188,0.15057593127344593,2.0
134.50329201272328,-311.3084730948908,6.411706979653851,0.8714871412023938,0.1430683368238708,2.0
-159.8717564873574,-20.645092381358396,4.59761563132615,0.8477085133029434,0.1982950260646663,2.0
296.66036524991995,174.52358251187405,5.8149840200896845,0.8906687227835536,0.29181171394423927,2.0
-34.11556292706277,315.70740706118994,6.759505750541115,0.8671790291117749,0.1264779352347785,2.0
-305.1177177726284,-105.22261411366308,6.5945625205566865,0.9181503741631472,0.2790142542498053,2.0
-54.57763331511781,359.0472110062975,6.706703357096847,0.8821578640673665,0.1749232254128611,2.0
290.40590971592275,-323.0334795021468,7.254476322212522,0.9217560811043412,0.19981748814678124,2.0
-9.951556953489158,-336.738572581008,5.525058494890641,0.8272850071929964,0.16520011513709731,2.0
28.027860759942072,-345.9645800708111,6.071902363397966,0.8891484039033914,0.17965943986278665,2.0
199.61077499110343,240.94376253717633,6.086470692720658,0.876739311213891,0.143226387220424,2.0
-319.30234620328565,-76.3878054380493,7.300390389464936,0.9313635159109828,0.2213560285949144,2.0
-351.0451017748976,-52.907525675197974,7.458843273307396,0.918659253304627,0.28105683928122716,2.0
-314.8023224830228,-135.63246820832623,7.137829761218252,0.9004736188731094,0.1412252780858266,2.0
-199.54067005349074,312.19732983137186,6.9868712651920575,0.925288176516968,0.29462044939368354,2.0
-352.04612377750004,-239.6449632679409,5.286841465771789,0.8088521653593811,0.1443194294231119,2.0
-167.533639732709,19.045645028612388,5.482258072851998,0.8910039716568952,0.19788512013645237,2.0
-276.1983927478747,-211.5440291966277,6.31408265838255,0.8736761265605272,0.15247943485611734,2.0
203.34311506747568,-112.75694075139774,5.895884561233314,0.8972177847149333,0.20853104068281517,2.0
-222.01192230008823,87.65966032966215,5.3863907260583535,0.917157418531734,0.2634561541173702,2.0
399.1536307758311,25.946710441602445,5.617075699035365,0.8762947508539911,0.24397012950216612,2.0
-427.7810514603941,-186.6824580584324,6.371687261131021,0.876433488250209,0.14580721733551316,2.0
371.4024518407365,-73.31684772875934,5.504176887632642,0.8979336469530474,0.2658946987960427,2.0
169.5235680774262,366.90624969795584,8.1072481084729,0.9389246960296401,0.24724745210088797,2.0
-251.63832109594216,60.86734832171684,5.090604487139036,0.8826418235816001,0.16858550180024917,2.0
-222.54610765889024,-188.97449311237241,4.412938391244005,0.8598833659011456,0.2540484706621306,2.0
346.2095841464177,27.84991823272783,5.677948576192434,0.8806769385676789,0.16175325104434363,2.0
-28.877107764971257,262.0327201812873,5.7044022995328705,0.8859653772907112,0.2399199041283585,2.0
-128.27917908497736,159.1376101233065,4.865388998687067,0.9074627990602824,0.31609151158323934,2.0
53.17230428438348,278.62050586849693,5.785385173047567,0.8986132868862722,0.22120846198270872,2.0
75.49820770410766,282.1313037200656,4.827312826276662,0.8579542760458605,0.213659852274934,2.0
-356.9876410169846,-30.704975899511044,5.9486043811331175,0.8848176001800625,0.1947464295817766,2.0
309.2893879983899,-108.67254745996864,5.061411475102363,0.8221589416671462,0.1809519937263534,2.0
-142.47427507216156,309.6754420106556,7.570194066143975,0.9295452395265991,0.28717347693486045,2.0
-235.23380124397423,-208.6586040704614,6.292326294271644,0.8951295035836067,0.21537500926976053,2.0
321.0509211126139,133.4322460861384,7.6952381745937295,0.9027398263245657,0.12912026272612237,2.0
-280.21133747154545,-202.30788527608686,5.523925936953542,0.8064406426317058,0.13159876066662768,2.0
-101.4070441525313,-370.62894878007336,5.469416926345401,0.894985689726767,0.19366135223630634,2.0
63.42619096102196,-285.4781835241653,5.232177834269355,0.8686800240665092,0.24333504149296378,2.0
-17.58296472856031,-345.1060139246719,7.459291258702396,0.9186447731835656,0.17880994569723066,2.0
-311.7175323487933,107.48404730251448,6.214433789731916,0.9154748887159413,0.29595382184824975,2.0
-173.81442551809997,248.20677531672925,5.027872174403642,0.8760756370658116,0.2500820138722386,2.0
-357.9006809887802,-64.48334889197048,7.651986345243473,0.8970535863987351,0.20723300829007466,2.0
-140.43110776557893,-349.8367283475057,5.527254955144129,0.8091171913508501,0.13243755170257962,2.0
255.3220956657892,227.85221054059107,6.477325285590297,0.9050553290689484,0.30590967249362494,2.0
35.08626559593229,291.4097942458361,6.035210205882629,0.8920500412886099,0.20076872253729114,2.0
-237.52707151497322,116.29002385816453,4.598278583593981,0.8536347452290858,0.20885719953674708,2.0
254.3712446839548,-198.9228433350913,5.734151635978913,0.8872922996040246,0.2504421873246903,2.0
259.3170980449112,216.56753437123672,6.9322863092558675,0.8972147847544175,0.21311975332961658,2.0
188.00109720055409,-302.24414862747454,4.396794586952134,0.8132775436467818,0.1495160983203874,2.0
246.81301780259457,-277.2764181313429,5.3336068508912655,0.8227314335429111,0.15856496163067746,2.0
143.54868333476676,325.2039025642231,5.911218631910288,0.8975592121480607,0.3077990219146435,2.0
467.5633117684599,210.279617653677,7.559843791671574,0.9200837095281039,0.18190940923172302,2.0
-78.25643602866349,322.58580526687035,6.42006033781657,0.9013286080869801,0.21041975392065354,2.0
351.36054461838523,56.39790797199075,6.649565451333232,0.888663839306429,0.18630321773989902,2.0
-2.4612481200173564,-381.61132248676597,7.143520044234796,0.9100926472273729,0.19022925901044258,2.0
88.42623663622231,347.2324713766237,6.983630621905298,0.9154369491987561,0.27408175506570437,2.0
-404.015259046105,-42.811671810751434,7.760383909537453,0.924631394789357,0.1933641408572194,2.0
-102.93878177842302,-316.7990035318039,6.677284420898848,0.9135384092517641,0.25142009861822845,2.0
-250.16414187525717,68.72213092282684,3.7604383111550685,0.8557697643872042,0.23026678044703452,2.0
-234.0711524146267,-219.9767193215187,6.451564844419302,0.8586452836958499,0.11296346477628655,2.0
261.9209577672322,-219.64390889600816,7.033804340329489,0.9389593091492279,0.2884081757413963,2.0
-31.973989864858403,-394.8204369621269,4.924085203729645,0.8497526323412666,0.19896616043406298,2.0
-88.4313529428849,336.19882665081553,4.872232741615195,0.8328481621149106,0.176497057458747,2.0
205.84857159448995,-261.62729194383286,5.331368279971164,0.9059022526779154,0.2624781512721162,2.0
-219.31892170398942,328.44280709156914,6.1108923882693515,0.9031354660402902,0.21684260676445996,2.0
-143.86769830519853,-326.12167754263464,6.97433516807783,0.8969715325820611,0.19678871749806548,2.0
245.33549786657417,26.790162241974645,5.943223038198304,0.8760476732896151,0.17960758382514924,2.0
175.64036691580353,206.70745306438766,5.347483144349125,0.8752196329736003,0.25012494306670296,2.0
357.0314555166096,-15.029202845944605,5.488891214640278,0.9183263892592574,0.2572262581982637,2.0
-298.1435807169131,-156.29358025277514,6.025604495989722,0.896623130512784,0.20925228961201495,2.0
-113.03507408047129,-310.972735796705,6.367291376292701,0.8924584658177448,0.18220819487180767,2.0
-131.37943437699366,-387.73107558756124,5.9229501384920775,0.8853537160968141,0.18750905071420373,2.0
43.93875370593402,-267.8860788596489,3.899081171109463,0.8702479507798687,0.2447246232177476,2.0
-280.0643906431637,-230.50039026926905,5.780129992674034,0.895668113387062,0.21746817051688658,2.0
-279.9275954417605,-52.5217834525934,4.625040048694353,0.8312081653981829,0.2018828283326561,2.0
-227.53419876006348,-397.42893434891045,5.3152398119373965,0.9083258185476472,0.23369879126231452,2.0
340.15814961068213,57.627087761780714,6.48824552299788,0.8670950930401038,0.2327133141984355,2.0
394.8036113071754,-58.26631159438505,5.785234963132198,0.8705334345842518,0.17047507611188456,2.0
-200.86287545903434,442.96285097250455,7.143898916500107,0.8688822785451346,0.2001432721659109,2.0
258.82541537921014,-83.759805309323,5.822154393589462,0.9006561519430651,0.23702418222588037,2.0
234.90501310980187,278.91746137584755,7.725246150985729,0.9129353628815104,0.15778153546776874,2.0
-316.45909881187686,-34.56674047744318,4.174707827835248,0.8446407911062611,0.19886331136806146,2.0
-246.59913569225938,-206.4463101924987,5.751728546809376,0.9124096454257322,0.2908518984120362,2.0
-311.0639495307231,150.91137605532788,6.9269302509276045,0.8876394894634869,0.17031581853410369,2.0
206.48498441458509,-273.62160489407125,7.529498438406035,0.9026451133313095,0.1407019950625637,2.0
-319.2921211261318,76.72959902478492,7.280377146501197,0.8859206909329521,0.1734981310914844,2.0
-170.75249581053927,264.2618887253868,6.409331706103957,0.8986073477840443,0.21357482905510985,2.0
271.49498954074835,-165.20790522381793,5.336208857469188,0.8424897355662617,0.18953858190913547,2.0
-265.4513835876052,247.49025760372862,5.305139566844982,0.8653760268650396,0.23555402497020714,2.0
-158.90850139616532,-243.24096074817757,5.878127712660517,0.8722116762040235,0.23598536288906222,2.0
-120.3579236999362,-266.7753379469366,6.684728260354418,0.8911388272486604,0.18565538669047604,2.0
179.6282884793857,320.81468950716504,5.043514572843453,0.8300166977407678,0.1701794498116695,2.0
145.0412879668113,314.10120290585456,6.690151129955535,0.8853999478735528,0.1873496248262641,2.0
-130.4604601855505,272.04181209202875,4.611866040145372,0.8263142947239996,0.16142711524765122,2.0
242.47631109272362,-73.18621419078404,5.85312036131144,0.9093081017418788,0.24178581831368098,2.0
-259.87110811776677,-171.61697918523507,5.369655578710504,0.9106479517054082,0.25383163739253367,2.0
-326.1876187486999,437.28215318457023,7.455247830081996,0.9137639931357111,0.24565690347948085,2.0
364.3398820346889,-182.12784833607972,7.845201013340382,0.9137727883985319,0.16238904019922729,2.0
-276.72225931320304,245.62002277521967,7.446036675239142,0.9484801394498655,0.29464875648115446,2.0
-233.99122913570926,301.6115299183141,6.309849710074958,0.8684275091151065,0.2794285657707672,2.0
31.465970475600717,360.1446721124765,7.444906146672431,0.9196733090023584,0.21698476081015727,2.0
-183.95627544761572,-269.1882448146867,6.3393200464520065,0.8817333915254519,0.27508468070236464,2.0
-357.3567275995205,107.96529600989719,5.437599382825705,0.8137474898512689,0.14430072286300205,2.0
-262.74537196322575,-181.89050231973704,5.760885256409107,0.9241430372335516,0.3022459905141477,2.0
114.43823640102278,-288.35717709022896,6.392129174119496,0.8863904603391038,0.17539493285221272,2.0
87.45367793887611,-297.9819943756584,5.083394865052776,0.9034374742159954,0.2775014936742069,2.0
8.773819948621181,328.8092335483647,7.022268000230893,0.8813342095306899,0.1587911897680667,2.0
21.341193256029428,343.496185380309,5.234898254822127,0.8866195254590835,0.31598010138515137,2.0
287.6901786918128,-143.3390579043845,5.761103158074008,0.9023818766404695,0.24838869865034646,2.0
279.5771921751533,-4.881116624568745,3.8975577475106182,0.835952787070897,0.1960565676875806,2.0
227.93826934727298,-250.40362910681904,5.59565735420123,0.892130011843265,0.20267973519573637,2.0
130.54650594504136,-280.6598747260669,5.341121689997312,0.7845699314302504,0.1044420208579119,2.0
-441.5150255600066,-31.106113282098473,6.297315510602931,0.8804118842188574,0.1566888765163894,2.0
331.0200685372103,39.670058085490915,7.0197522765183855,0.9258880585638465,0.2716744997094472,2.0
-234.86316120180547,223.11663222935059,4.860680833682769,0.8131792178768329,0.14224564281943672,2.0
-90.79085216500586,294.92667343336996,6.344096176860971,0.8830013889059372,0.16649413979539554,2.0
266.7752684305199,-148.89303417575405,5.250467176032754,0.9063989338310222,0.2637099256941347,2.0
253.9263047241276,21.39782837928568,4.981630741682856,0.91370079921831,0.24622133405307886,2.0
-140.0842733115541,-291.285260459363,6.130816332120578,0.8786453182542968,0.1533618683650372,2.0
-165.71082175478713,242.1045860636498,6.043415910129994,0.8669717932465283,0.24225322055086246,2.0
351.5112690094307,82.28809326078951,6.412282710322916,0.9080857335897445,0.23566720882728753,2.0
282.15614554089035,199.56615198605147,5.356972103382324,0.8916645603743437,0.29449412646160045,2.0
105.79867251716806,293.3928773906252,5.276401297618926,0.9015922124499092,0.23143403628704534,2.0
83.70577019647244,-289.9164233082912,4.169581342296297,0.860539422596173,0.2402647505694273,2.0
111.39642078871616,-334.61490306784333,5.645145391699841,0.8724251067223153,0.2503617242957357,2.0
-300.7974754305598,223.96637450401764,6.90824577337898,0.8845738542149381,0.1880863188146363,2.0
-45.00983244317685,349.7308505963212,7.719402541342391,0.9280612063850073,0.22127376949680413,2.0
-393.97036851380625,144.00862835024353,5.260521683772727,0.8517527120694294,0.21019045006094306,2.0
341.23009560123927,-105.63564050716289,7.993756235647067,0.9267414466298765,0.22076625669821348,2.0
37.139432915425445,-376.12905464794795,5.079403382565495,0.81754676761868,0.1448069803862366,2.0
-292.8117936959728,183.77094880532837,6.398221523755452,0.8884867179429711,0.2725140097233855,2.0
218.78859710157715,-278.5117270321636,7.756975503628135,0.9056804695669118,0.25744203970979734,2.0
-319.4016890700097,-124.19400075507203,6.696887518982087,0.8785294986189256,0.1480728576576472,2.0
242.49349431068316,268.95537591064664,6.427295013425668,0.8978004492833335,0.20171237062637615,2.0
50.25301883800054,-365.8704971354698,5.866870458886566,0.8971245014640806,0.19910603211290445,2.0
103.36305354124374,-288.7739074211957,5.981212849051026,0.8965137793508547,0.19965508980594332,2.0
-212.93976077722522,189.9825936423199,6.31466682690426,0.8795269037748641,0.23398875726312662,2.0
-165.0320875990055,214.31276854237674,4.592558968807769,0.8514646923867832,0.20135618004526187,2.0
-176.29610267162244,204.81321218633443,4.749571354485062,0.8593285008668125,0.21779925309916287,2.0
309.9352184983035,1.6644553545510317,5.711378556770715,0.82258762582478,0.18035709435741626,2.0
-276.62385850311813,-136.6441816595276,4.827359877076111,0.866324560755932,0.23032676009585087,2.0
54.220697216415445,353.92533336155924,7.909548106989261,0.9209865532116952,0.19143691887301326,2.0
158.88425800620138,-263.6572485831233,6.16172722049551,0.8699142515426063,0.15253638772097278,2.0
285.1213883705427,-153.36606042169026,5.862941144829367,0.8791308133216432,0.23934439888548753,2.0
-324.3174931578001,-113.58498009025932,6.3037113505639715,0.8927670601364414,0.2277452245113259,2.0
-118.91029921552096,253.9526039811223,7.585584130838636,0.9127151010298273,0.18383441831881978,2.0
-167.96539998834493,-292.3934809389352,6.050028127037044,0.9055987918996056,0.2748228376410137,2.0
339.41887267587475,299.5830091402343,5.283092818643646,0.8540055805233847,0.20429179241293455,2.0
360.77742642313154,63.41604983600382,6.537565878734222,0.8478343894993426,0.1537815005118741,2.0
101.61937198125464,310.9900936691342,5.9398018538880475,0.8892828792264491,0.2588661594562421,2.0
-347.5398253145272,-217.9575713784901,6.229549722794707,0.870636739972973,0.14098526827447952,2.0
-218.8079924426315,-196.66196164147874,4.978496461720417,0.9189900017740109,0.2612679699642366,2.0
348.7562215078634,-43.14816915029626,6.882926951294371,0.8686702926819949,0.1370464035114266,2.0
163.92632865183592,265.852404171526,6.315258498359034,0.8729458601486214,0.14171555424797075,2.0
177.47331336890142,-366.2466261574599,7.414098526957307,0.8864970038326759,0.16626600680389114,2.0
214.4538450905968,231.50964319447405,5.7241311097813075,0.8758915825346406,0.25416621654505483,2.0
-243.32929200736504,-307.8441146341014,5.560352915175883,0.9020872154170023,0.21725183914329937,2.0
-151.6810410362515,-261.48684994229615,6.351724122897728,0.9087396787585063,0.2291220826702008,2.0
-243.51601867849178,-234.87458785071172,5.660763447794644,0.8863264050173701,0.1802430012858581,2.0
-295.2780660156262,117.97208730281132,6.081958523534225,0.8727150344413942,0.2506966184437502,2.0
-319.37072227675213,297.37228322198314,6.634623041872437,0.8891786792998737,0.18681137249353524,2.0
-31.100765359067115,288.72919433008366,5.208962212883515,0.8915128475313943,0.30281438647828707,2.0
-262.5821133283506,-236.534012364022,6.28894544307365,0.8960230109615935,0.22019134179086405,2.0
342.0870693842972,-182.6779766933097,7.647608257197272,0.9024653378302878,0.21794819402070795,2.0
-2.1034409544069965,324.5681451894263,6.31540744393305,0.8972147416118146,0.2206695774003798,2.0
-323.19674222704055,152.30947321496467,6.529428555724582,0.9070897667964111,0.23276448240350986,2.0
443.7255846898954,-152.89647686693928,7.242904704497964,0.8770970330265484,0.16576996138169808,2.0
-267.7965112774206,-91.2584740855985,5.726434661789675,0.9092346719456278,0.23482703924468906,2.0
-261.85286197934226,205.29614192622938,7.39263107897853,0.9230330151271734,0.19535473572889533,2.0
9.230484037325574,-450.69406187107796,5.91691420907641,0.8908228930080534,0.1864929262693275,2.0
251.97649009776106,192.20703437246624,5.926186501785647,0.9131289574124044,0.2644568562576641,2.0
276.21306896886324,-174.44951795747076,6.707139839132447,0.9126299023263207,0.2664933246045505,2.0
5.654956275346382,-372.95574142385703,5.20803119581025,0.8987464418433739,0.22062017326590694,2.0
-329.5594696229017,-24.139837733269776,6.464195845177571,0.8702563816207,0.1410774712608797,2.0
352.315101544292,134.7550289752439,7.274757113772797,0.9006225381075418,0.30442494468377657,2.0
205.53521097483593,-218.1491143194011,5.862664966049771,0.9072891478320708,0.23298571401403476,2.0
257.27023365278126,-151.1384525145966,5.601327591749994,0.8794287240221781,0.15596562802169078,2.0
225.75097479528145,-240.13078180437986,5.52194551512222,0.8971912893768161,0.20613315748222788,2.0
279.891014412045,-13.02475658915943,5.064270501395947,0.8966297685287969,0.20666538245633875,2.0
-33.13972262478067,-328.68383714750286,7.403868983595135,0.912935399526285,0.1781009465312029,2.0
-172.0076870044578,321.2898419999362,6.223739575030174,0.8893350683481492,0.2083587181062124,2.0
-342.88597932633996,143.19624541476765,7.081737843791747,0.9065201104628827,0.2474023464037841,2.0
195.4541974900776,-137.1207136458905,4.545055681876187,0.8468871034457605,0.19800435105495556,2.0
136.01643751353956,355.85845735180123,6.756255838210316,0.8906743183378341,0.19252448007239267,2.0
-136.5065487465823,322.13416703030833,7.260151634785344,0.9492290375538859,0.3113151962220059,2.0
271.9964543807042,-115.24753252179512,5.576980325565004,0.8790750638389547,0.26094903891175475,2.0
-220.18411126958114,-344.77908574536553,7.579661174806976,0.926498991263111,0.2892928471044996,2.0
323.7119414365351,78.81842616375104,6.447525829094576,0.8871120025696225,0.17260550770993532,2.0
46.492766905407144,-317.9212682132527,6.182468643543092,0.8722516845051176,0.14626445642906288,2.0
121.35469882022683,-392.34951769872885,6.709228476593535,0.9244673234919306,0.27682744484395805,2.0
357.98394578430435,-25.589761360302774,5.747230937135622,0.9143977777418683,0.2552556443079122,2.0
-53.45825414750921,-295.9137023695156,6.354844574917948,0.863771673416683,0.122393907959837,2.0
-369.03580481942384,-243.3917839928478,5.590021077775256,0.8842632783957034,0.1885210093723863,2.0
226.89973231943534,218.35303675264853,5.500072902936005,0.910892069614819,0.268797639274226,2.0
107.98463985993376,343.4878219674366,6.020191986686881,0.8615065151588753,0.15101853381990935,2.0
153.23976216138058,268.11092957982584,6.421477171690254,0.8803260868021244,0.17783693120804625,2.0
140.23165450878025,-265.9878109966518,5.998462455087835,0.8965786932496427,0.2047343382383887,2.0
266.94363020589293,177.8615017337006,5.777602880625958,0.8877265714596934,0.17973522768584957,2.0
393.09926851692876,-215.89304780396776,7.663302773791736,0.9259430881705641,0.20039069446667807,2.0
-345.9739879702892,66.81979703546376,5.313989137450111,0.8141757800588563,0.14407379332524428,2.0
359.24024347120536,144.747093736553,7.087097235985713,0.8968199304252056,0.2205619932425103,2.0
-217.72582051961817,-243.0754765788204,7.169745005768789,0.9217873268267338,0.27833892327319953,2.0
274.2488214730622,-156.2461185582737,5.424722520007974,0.8932122978520997,0.3092367394905763,2.0
403.6122059510111,42.24028099903909,6.1988362336475396,0.8880394922061318,0.17426095740887035,2.0
301.92099559218747,-232.0058720234198,6.773687950313811,0.9007298689491335,0.2449820760616466,2.0
325.2360774962844,15.366308070081221,4.212044222960366,0.8444038914671962,0.2033157698394742,2.0
307.64860493473714,268.30664187673733,4.9434209279839445,0.8150410881390028,0.1403451556858378,2.0
-51.8872336334812,-364.1269582166461,6.1164869395965615,0.8854567318320379,0.17657561494289495,2.0
-274.0583107216198,205.98153187688482,5.924865711580251,0.8938596826807308,0.20176087801861547,2.0
-0.10548652006890591,-334.9787658332259,6.030670380516931,0.8909026285197394,0.25306701218187705,2.0
-276.6366130231072,-170.49469100675694,5.240152786068221,0.8921505033744612,0.2797553250548636,2.0
-336.5618083772522,-92.25671964656425,6.569474243906308,0.8819055469834491,0.172051120976496,2.0
299.2425323377376,-212.2275297183408,5.6928133214286785,0.8342375876664896,0.1706392142937137,2.0
-298.92574551090485,31.319526855471302,5.753284193865736,0.8864833754761808,0.25664689633462684,2.0
-303.00712204968704,161.34171933391335,7.828713588305165,0.905777463943781,0.21520318396277824,2.0
76.89407003665559,-378.89025580787893,7.6501394971730985,0.9088131967910816,0.23094477813505576,2.0
-279.8054764397272,157.36202113766376,5.936803326753747,0.8946221523364736,0.19281531523412945,2.0
-356.2465800552171,65.64036110938022,6.266557493673697,0.8798910234894509,0.15982007097463025,2.0
-309.48591828131816,-171.71819872645554,6.724582959854067,0.9268350465571121,0.2822819099125789,2.0
-266.9585851098168,140.28344453158562,7.37168026900178,0.9208976149754152,0.2872020201231019,2.0
238.29426474238457,71.50768187808455,5.575694805705719,0.8258554113963834,0.16123187693517427,2.0
30.378163874901094,118.47232848115063,4.586646945219373,0.8308018763964019,0.18185546163049587,2.0
4.237483444258654,-264.52681286279983,5.630957470753414,0.8915972758246523,0.237614222951023,2.0
370.35171056244167,195.62655913422213,6.627716232367798,0.8705188400461144,0.17115808302874966,2.0
350.55838292230146,37.125025356033674,5.957723183040077,0.8723132145320556,0.1401672301868628,2.0
-27.473263333727207,306.5370506234649,6.017452327810276,0.8981558059223228,0.22148102360959507,2.0
-306.87012661876867,-75.21604536860556,6.034289590881847,0.891918738224275,0.19444216049447052,2.0
457.81044493672226,-26.254278505237007,5.459597041576545,0.9051285048921774,0.2536416579028097,2.0
71.1099479746233,312.2334591904021,6.809687953074488,0.9125437364238469,0.16334335997980687,2.0
305.64387791885423,-149.52670200512918,6.1093578913597675,0.8970769090174096,0.2247263615463426,2.0
-271.2285234535442,188.10365880810104,5.58065242586818,0.9155700973578194,0.2656440675526217,2.0
-122.59292841759034,-306.1150950401271,5.803027250407548,0.8966596289524397,0.1994356859189552,2.0
-243.79312256894616,-256.0219678389509,6.085473254764945,0.9204401003731219,0.2920020355996522,2.0
-24.62186677355301,373.8246619992211,5.811338843064588,0.8896024701226388,0.27417152264345074,2.0
203.70279017057658,198.83776251329294,5.574628420516812,0.9129179563882336,0.295729310246295,2.0
-193.73814874910278,245.23135786570123,6.39539093532354,0.9343689244720431,0.278320882897318,2.0
307.93259696732645,-124.3467325236225,4.843731510970947,0.8061178662227557,0.25523154747508764,2.0
-319.89183502202263,19.74264828057713,5.551467099400448,0.9129258443704504,0.2453473710089337,2.0
53.734831122912674,313.77677079140756,5.333804506370296,0.8783852470884892,0.1568048870748393,2.0
153.45720030841153,322.3702108757109,5.708058543759058,0.9021204413587242,0.21222560794362566,2.0
-207.17213494118363,-214.64633997185848,4.9552883538087045,0.8596927724173575,0.2200390975660095,2.0
94.4878717408016,-343.15008121090284,5.206865724926941,0.8965229412023188,0.2037728304955069,2.0
236.2502642069185,32.80578141223008,5.484477487936194,0.9107306603609551,0.2509114399685322,2.0
372.63807110532895,93.87211144264536,6.714135808293557,0.9175178645122515,0.23667429401999032,2.0
179.50695334097946,-201.73513792671088,5.099009773276378,0.8492220776807753,0.19851558280665546,2.0
162.63135988727637,304.7886346505656,6.896034859993159,0.91466432472295,0.247111354362958,2.0
297.042383807201,-243.19598172511203,7.365248030124118,0.8861190486869681,0.18350415752921648,2.0
348.1314972039853,124.26519344060334,5.579456455873261,0.8816678779108712,0.21154872491794893,2.0
245.57602667810323,363.29641877286883,5.437103530650444,0.9025036735902049,0.25323845710549736,2.0
31.069320623886114,347.4082298653288,5.433273504121289,0.895492861971824,0.2773972537258657,2.0
209.45042744735747,-286.20336993496124,6.382317230095046,0.8535501343439809,0.21714873561838458,2.0
-51.633909672408,-336.69677694355136,5.7246362084873645,0.8637367116172032,0.2328979153657207,2.0
-160.6343680725452,-352.8715685781561,6.129998935567502,0.8883373780276849,0.21786325573443568,2.0
275.91624904999304,-184.2855868554404,4.791441810557641,0.837990855380575,0.18915562472404893,2.0
-52.180694806825315,339.24757782216454,6.558689336948736,0.8892777426672009,0.1866750560938163,2.0
-302.0813043204667,-66.28174856008877,5.392966656112539,0.8909722827758193,0.19599340970762585,2.0
-366.27227611512603,-3.6917188106117345,8.158214518435285,0.8991943670399548,0.13174805628619551,2.0
-113.59599568734518,-333.6306576089197,7.1136796570828675,0.9039433993521957,0.13942949809622524,2.0
-289.37820382267216,36.8929104574858,5.323903131554004,0.8963110873037687,0.2742737590602871,2.0
328.24809208166977,-143.60173010604024,6.490820367775108,0.8644118036648564,0.21583656212696825,2.0
-135.8889684355768,-378.5150592856716,5.715116562153384,0.8988197449314841,0.21333344026417994,2.0
-27.252157329833818,-282.88556780850104,5.4404137845731695,0.9100418933266068,0.2781199050682289,2.0
-322.40896970626426,-188.48584991463468,5.7532452380859285,0.8772093164266168,0.25689411594587586,2.0
-38.44930992971254,-339.1606777808699,5.654041715007303,0.8823416942967193,0.2562906503931906,2.0
-58.03036032419793,108.51456296138231,5.562596509697442,0.8918434292220689,0.18958374076666404,2.0
241.21797685811202,207.35345542056214,6.59474232173826,0.8867831226941122,0.17349730539571934,2.0
-197.61997571111118,225.3976955422617,6.97513447691433,0.9251308839885325,0.3130946569496571,2.0
404.96131172045153,111.31356637437077,6.76804844153609,0.9308406636364669,0.2865397200819732,2.0
-220.43688420147205,251.1435924593997,5.712209586081543,0.8957513168394999,0.21108751076663457,2.0
-111.418711288014,302.7621110045947,6.294022192804893,0.880858289791914,0.1571839704994179,2.0
343.8014398041073,-130.56745302362245,4.573424805673317,0.873284320134625,0.25611890651219615,2.0
-58.90057496391401,301.08087683238404,5.664383494650089,0.9206508711282201,0.2587189846984824,2.0
-224.85822842946925,159.85031050362954,4.3291529031666505,0.8605745621956647,0.24900919224288443,2.0
426.5208061325129,23.854439567959535,6.096379955958069,0.8969655449019159,0.19404253431764282,2.0
-365.85908764755806,17.864488067776808,6.138326552512035,0.881103568884546,0.23119227666563966,2.0
-16.206681793401927,380.3777172891052,6.197914065786586,0.9018776759365079,0.20788222883085605,2.0
-186.17026488239574,262.46579451356405,3.9842158646286556,0.8612555641008302,0.2189483364342313,2.0
125.20237327849233,287.3627627760379,5.154335391787416,0.8659746438636717,0.23187511607602396,2.0
353.0773203542275,115.04593335611018,6.009232809140969,0.8735442845153303,0.1430995039291699,2.0
362.18123913619144,75.20302846976392,7.757867638408783,0.8686027321969474,0.13656192956690646,2.0
-330.2012666884893,33.81772804891935,6.144289436429704,0.8833347369601958,0.16997349962777858,2.0
-44.73319773377055,313.3625942180403,5.427372108698727,0.9069832656234276,0.24095977551854966,2.0
-312.9186591603784,96.46227268678324,5.580518332490002,0.8959333754544668,0.21900595120788288,2.0
-282.7520143227083,-176.83151920822993,4.6377425340317515,0.8520435561940114,0.20171332721316335,2.0
-42.603455627131126,373.76685446615704,5.480339767168276,0.9004292473443404,0.2058083191688453,2.0
-215.40619069526232,171.044943437441,5.425075465335435,0.8258166669013912,0.16496443256896215,2.0
-297.1690595738829,-432.6347513869623,6.322469201870943,0.8808418448653089,0.2936462797676638,2.0
-287.81221802565284,-209.56471205072407,6.642027246696377,0.871138086351706,0.1329838972775972,2.0
242.28316321498232,-260.40876815444386,5.468120175298904,0.8523381452697838,0.24121735115959597,2.0
89.89615455556756,-255.10872833126726,5.592996010241975,0.8483878594526842,0.20938926524973062,2.0
-104.88297615726154,426.5914881495394,6.410626868471943,0.8747807453995211,0.15453237248194215,2.0
-297.3369312926752,-167.7736412585492,6.965688395324594,0.9150393101895418,0.24302808288428834,2.0
-43.7397774491449,-413.6979162555211,6.015399834615714,0.9106015524081549,0.2998972075981683,2.0
200.12956542898638,320.83061441734617,4.990491106164834,0.8996284358413369,0.2961077565661771,2.0
325.2268674275496,-84.8163903123342,6.8058155886026155,0.9268829332752322,0.22316179451490153,2.0
254.17686968485836,249.36043709741134,6.49565652156485,0.915697839119348,0.27542297978903496,2.0
241.92556674127312,248.8332920093803,6.9240864207732145,0.947642705443646,0.30793189266129906,2.0
-21.354017009343696,-356.36239941452254,5.266919433884761,0.9088926818757743,0.28060319511831183,2.0
-351.229582868388,-73.82653570463472,4.850129866405505,0.7868612093049688,0.12172659950535697,2.0
-320.4358131060009,-87.59362147621474,5.435498619177167,0.8844396018401677,0.1793291047801073,2.0
76.11851356073518,-333.8289655122351,6.473510905504218,0.8749369655721358,0.15700130452951097,2.0
-299.40499564843645,4.253523076845229,5.551705080229465,0.8873924465146884,0.2724999943622905,2.0
-179.6030860924617,-291.8677005660736,7.081862275056161,0.8678973285690793,0.18008281291171543,2.0
336.51757790055854,-252.2384821714215,6.812152541580929,0.9109779627538739,0.23312690679281897,2.0
-378.89092769544715,-111.09829241801194,6.597168714979875,0.8883687336095805,0.18562649774953033,2.0
-335.12499615469227,100.36826339803584,7.7616060393743105,0.9180802806198451,0.2597522581474576,2.0
316.0026915787728,-76.64875757059853,5.853320977161301,0.9031881458763159,0.2303632589670072,2.0
-457.9734057727788,-94.23573661288123,6.461544702410182,0.8716425608064123,0.1508472240882951,2.0
222.41689579069654,258.9027892825517,5.348198359427368,0.9128005432951387,0.26655067125926935,2.0
-154.96146065098276,311.18905401711805,6.381377247275181,0.8800296290309777,0.15960786660379095,2.0
370.0530255199837,13.209759225073286,4.73444391253446,0.9028180140505239,0.3017107203171586,2.0
306.72303942010006,232.5486037848996,6.93960841666473,0.8820047062371186,0.22879570279852046,2.0
-215.58093394494173,-231.04045299281,6.229156554499581,0.9112852040883709,0.2608237838736718,2.0
-152.11122187480652,-385.500201802537,5.935506832602318,0.9036645841285684,0.3058072452680456,2.0
-340.2203307555371,-121.40133453551927,4.931337802838579,0.8097802436197536,0.15058015213822099,2.0
-337.55318382870763,-161.02083436814158,6.816916996387371,0.9096640975591949,0.2260664924905477,2.0
-191.25835967565433,-324.2019392691223,6.0013066695087876,0.8836948361936653,0.165477543961758,2.0
421.76660928653615,-63.469937355224125,8.310630338269744,0.9089725581249556,0.1582614996499247,2.0
333.100823214571,149.713673085126,5.916230084669715,0.898970912118424,0.21502600528343577,2.0
310.4008936338147,29.94567398698123,6.149774515487424,0.8968360788397497,0.21456130268680249,2.0
-156.64623535492768,395.27574660659,6.687220886149157,0.8751561805303818,0.14897639883400504,2.0
119.82457288705297,-298.4882619915393,6.394681779935739,0.8763538539738751,0.14334250730649206,2.0
-367.69291242061956,-110.23974013621964,6.478664869368471,0.9107220041700401,0.3005503780134014,2.0
-338.5013019430414,52.02754682922059,5.154672307020944,0.8367600695313286,0.18934148211691293,2.0
209.59195675518959,-312.2703463393422,7.120084481099304,0.8897942982918188,0.17773873969331114,2.0
-189.22605866595782,254.7425761298482,5.361553083164467,0.9062080064372539,0.22161608921823994,2.0
-115.53982951586151,292.1361810565854,6.237724746851123,0.8870571436379538,0.1956695233134942,2.0
-326.6270150043247,54.72885994418569,7.747383562599258,0.9224032010496138,0.2245616083262308,2.0
255.6046628956616,-112.2570086491548,5.730278002197026,0.8839927427056616,0.1740839036778626,2.0
340.3224717219484,239.25247546196852,5.588222411433295,0.9040464487409692,0.25963213735315516,2.0
-290.4638566637424,47.365267960681685,6.626781609686252,0.9153825331210405,0.23439203761579225,2.0
53.6269532578712,323.8779743318807,5.553210583857019,0.8927395372437777,0.20270263164336064,2.0
-77.780194562223,-347.9361062349871,6.848554984616628,0.8736401999455807,0.14882594379002234,2.0
352.28034289762627,18.13480068378677,7.101150670552466,0.9142964816553054,0.1776092533462575,2.0
-187.8379207082778,228.7380055336222,4.649999689038049,0.8284555328537898,0.16602361477090988,2.0
228.66330627625396,312.2565708382609,6.550173635792422,0.8859061267525086,0.17097782674807047,2.0
126.60253821217039,-318.8686369630434,5.652030647438816,0.8877130856674786,0.1736282828225307,2.0
-70.00657579484034,92.32972734027364,5.149742996037232,0.9014730100939332,0.2196075112202042,2.0
-388.4958369376045,101.90110435667047,5.863599292440485,0.879662284076724,0.2834767408883042,2.0
-120.34025805735621,-372.35380811076277,4.8638930265805715,0.8339104115547671,0.17657088281994207,2.0
72.0901479338444,149.82689963884,4.579494571105994,0.8530096157258523,0.22470178692768994,2.0
-194.44628642855622,-271.7698808701999,5.899665265917057,0.8975311460120106,0.2667363292466021,2.0
-211.60097502311962,266.0926129511338,6.126461077167895,0.880344222965991,0.26941594829363424,2.0
-409.41175967403217,54.059595577189384,7.693207930571643,0.9219806033552835,0.197171012208121,2.0
-149.5901813065057,-289.5578161189155,4.989186312623765,0.8194294290499191,0.28085850366507215,2.0
-303.0731553331032,-197.00098992373418,6.459709642806832,0.8924013443430899,0.2358886497452339,2.0
-127.81714264647442,330.7231093342331,5.695399234495526,0.9175316625546185,0.26328070553783667,2.0
312.56246236120677,-158.57997825828897,6.659696893468664,0.9257827268164308,0.2914044440836239,2.0
-302.78064728278537,-247.1927152458524,5.709753196072639,0.8756949019512595,0.19005991079420112,2.0
333.3640518495177,-232.9671909121548,6.6476875296167925,0.8801746045864971,0.15594587052094327,2.0
134.17187831368727,316.7161974043184,6.440073676145407,0.8715669807253491,0.2516085110271906,2.0
-340.54555193190765,112.87521033319388,7.176833930202899,0.8697045752420466,0.14120215545281456,2.0
-219.25592271008827,260.3971232838483,5.040589888588508,0.849127545290782,0.2153269145277015,2.0
-333.70870026872404,-272.87078377005605,6.1210380011467995,0.8894921397986727,0.20722465181617852,2.0
155.57201096678145,381.02567865814177,6.083646825421158,0.8698619792796194,0.14830242535957316,2.0
149.30394333136775,452.41787499643345,5.1071754759378125,0.8548219624072296,0.2250827458383072,2.0
-383.8013993839982,149.45761693607957,7.911654810685548,0.9173145454940205,0.20854504288391593,2.0
385.1552795187949,68.78452479023348,8.045126105738852,0.9189368658067185,0.258629287375145,2.0
100.03563011826789,351.19306435095973,6.96217048961905,0.8651657924744945,0.13190255627845604,2.0
61.4487056522475,310.24018181083136,4.075754876651527,0.8314293121306415,0.16549515755767824,2.0
344.79705313891196,171.11789661728963,6.410462674733006,0.8982093267427099,0.20747032331495743,2.0
-257.54597070994964,-205.57432302269308,5.833810797061709,0.9246546540119114,0.2997777235675962,2.0
315.66679235881134,162.5018248849034,6.601525250231265,0.8997836097677626,0.20573724893175543,2.0
396.54318756403285,5.455614995202187,7.16750367767642,0.9387478953415742,0.29145343682082475,2.0
-393.6562300220039,-4.786870869321216,5.970245508987131,0.9056266073838201,0.23566480740596185,2.0
-41.18929693691431,150.63145162292182,4.989173299074834,0.8960703918257211,0.2855758606223996,2.0
125.54459073883169,-289.0663489171551,6.114945831091361,0.8705257381327024,0.16105416250606294,2.0
125.1563607483127,-348.37947738133363,6.24884517796401,0.8986499757986038,0.2004745905503869,2.0
-175.0720539096399,-231.22595361621416,4.324156875774851,0.8515926092166735,0.2023755183542513,2.0
198.54950044518034,-246.22560377666187,5.204193869718591,0.9304657226806856,0.2997433282766567,2.0
309.99740040843886,189.5857537778105,5.695962714290283,0.8980124167936333,0.2228424681303233,2.0
-154.4616030396508,-308.1902755378118,7.018899043084226,0.8679122769902008,0.13900779379482012,2.0
-145.89459654217706,-300.37875453431707,6.032532881662471,0.8932528780128007,0.27977571635095216,2.0
-76.85533386878058,452.3370326265406,6.869644831985747,0.8651025427588886,0.12572359851043693,2.0
51.51911025429013,-393.93720657628756,5.124977164430966,0.8974357855381767,0.29208580641709625,2.0
-290.07271622495637,163.52455120864622,7.100932817445146,0.9055221826907041,0.2265909296036938,2.0
69.83697536148038,374.16608163869375,5.935155467710731,0.903775444477598,0.2146570620979425,2.0
194.83275148641076,-275.06490168214185,5.462338397690677,0.8853928105810879,0.18215291092646155,2.0
134.35200122411612,-340.5556512566575,7.1096792448345125,0.9361496192447872,0.29031366503157574,2.0
-4.029224946052666,365.4402342254654,5.936887328433805,0.8756547477279004,0.14374009048540426,2.0
-130.2619306265146,311.02777215123206,6.166790907069647,0.9215163288143288,0.2905452432341336,2.0
-304.3744185343875,183.15680715238165,6.955434858941944,0.887925368136799,0.17214450702847212,2.0
-118.26799828696987,281.5620491659214,6.427016152205737,0.8991341646147212,0.22178661075153128,2.0
-415.04887521547414,42.50797255358632,6.30359852458488,0.8966198847269613,0.2172923184866808,2.0
-404.42271799230826,126.0467352097391,5.91063837677203,0.8950605474468484,0.18575113361363046,2.0
94.82854082995158,-479.4342096343868,6.45542985497025,0.8995806216289509,0.26312769921830453,2.0
-58.17220073646325,-305.681089098948,6.0150821940802555,0.8982004034454246,0.2105435670726264,2.0
-304.63031202205656,-328.3832652191523,7.214104940545088,0.8837594139154243,0.163870046203844,2.0
264.85894451093134,271.20002211383337,5.819313986929293,0.9088866278142325,0.26614964676913333,2.0
358.7436047871031,-36.51158468446269,6.097036648154445,0.898752325114788,0.1978532932595327,2.0
306.0533992276705,-77.76137409514932,5.355440215726777,0.8870834046737821,0.27964248358300203,2.0
-205.15529070714268,-295.96132577708886,7.558343501037761,0.9288408337715419,0.2648312583320116,2.0
335.2729320710796,4.072637657426426,5.906722372031024,0.8766387241240748,0.15475134805059967,2.0
-312.05908797225635,-10.15816641784512,5.849290262923656,0.8049409057124131,0.13173971241220658,2.0
184.2209063217727,252.0462235753561,6.294763808315091,0.9209990089393401,0.26923999378082963,2.0
-69.04856713130536,-307.2740567090541,6.188302473016829,0.8978808294950931,0.1969922948608089,2.0
353.15037333033763,-199.07372102875973,5.814089655905428,0.891958289805508,0.19871694560386152,2.0
-331.29153511305447,-72.60075307952539,6.2849186145093165,0.9078465541545717,0.2365271646536971,2.0
70.27231875340905,339.93196688723793,6.533233534683978,0.8905206367813535,0.17813280350086755,2.0
238.7642548726917,-282.5957850160715,5.434678216875606,0.8875647795172468,0.17638822511934965,2.0
158.39296918122446,361.12036746160356,5.723521891886015,0.8551990275225101,0.21811936253844896,2.0
59.47495408881017,-303.5023052298659,6.883021983990368,0.9355349482320127,0.27594825378555343,2.0
-338.54529923743763,-53.3255685939801,5.683184294338155,0.9146891855711511,0.2665646384093518,2.0
-300.1124492174732,-275.9708504506389,6.075326176018741,0.8999924618291003,0.21236699034669435,2.0
-268.89896986866705,215.78761794699358,6.113952194501086,0.8905449606506124,0.26845107098515636,2.0
-312.14107767988344,14.883620173901573,4.784533477331656,0.8220325541420604,0.16280054248689635,2.0
-10.842373319208281,-355.30298030282944,6.337628533272167,0.8943431045159714,0.19214955205572964,2.0
288.4571928135843,181.66495965818976,5.661996935098448,0.9168914871851246,0.2876296786163092,2.0
-306.8740255781837,-59.005934237441906,4.5914966431421815,0.8067709261006716,0.15178934225892723,2.0
68.46812532484569,294.651227933596,4.5087610364120705,0.8568220448856405,0.21980071620769084,2.0
-309.64792598528516,172.35010576606652,6.432943122193147,0.9044470319039405,0.22241635907216165,2.0
-107.01308727421078,325.606502345627,6.347531405691672,0.887779164735818,0.17220796373801134,2.0
-259.0126627129225,216.23997616893035,5.186096596136674,0.8243901740266865,0.1562434568953596,2.0
314.33808338272416,73.82244342281318,5.2242354067589885,0.8678551659264293,0.23622228118251484,2.0
217.98710434692703,310.0841817656027,5.6719875097471,0.8781679983358578,0.15274133081075345,2.0
303.1441818261269,-188.98901470313643,6.405586212424406,0.8912572878917622,0.3024744975906397,2.0
167.14640272154801,218.04229875884184,5.492172209946947,0.862399020777181,0.23561746212820292,2.0
36.670923687676925,321.7968086340829,5.297408096227596,0.8903972826840635,0.2428080835624634,2.0
-256.6555079174259,-258.47214361633064,5.757035446634879,0.8865150290017173,0.2724616127485779,2.0
421.4751060606082,-101.20870365719783,5.704931816896689,0.8966047819024171,0.27914536746448276,2.0
-181.27237331109697,300.8397360122766,5.174523539674849,0.8153837313109596,0.14528392471873242,2.0
341.7471915758341,-73.48971031412455,6.947221719967694,0.9117069970246594,0.19831945457932193,2.0
-417.5711742042331,-170.99761899502982,5.697975164223299,0.8923192984607425,0.2761053525217359,2.0
-282.75376031653224,-287.93498879159745,6.144241351957223,0.8948173646148028,0.20558152940223365,2.0
-304.99968004679283,100.30048170629017,4.195284397724806,0.8750726098064667,0.2556077018108734,2.0
-238.40220619536447,251.3089524164228,6.1937364996415445,0.8985441404954425,0.21656327464094344,2.0
74.8204551771686,301.5362813152595,5.546250334527983,0.8954235717119687,0.21991487315933309,2.0
88.51332220833483,-358.2447361440833,4.808979985129031,0.8214817636320132,0.16153854774000487,2.0
-74.57773975130667,363.1763321989436,7.433369172059384,0.9031944584651247,0.2675078452243721,2.0
178.69389563947968,-328.9028786516709,8.019692174935548,0.8951875504610528,0.10378994888817984,2.0
-178.80892763533672,311.36597529205767,7.142460310711737,0.9140831742353184,0.1687606097129123,2.0
92.65701509579452,-242.8066937204657,5.217563308121262,0.859729810277065,0.2514319741297141,2.0
312.71295043965966,62.46578109260646,5.582864678548536,0.8873693378267941,0.272751181123332,2.0
366.0623195071902,-153.20423083517704,4.446877855001797,0.8396370225983292,0.18482247274821345,2.0
134.8079598456167,389.18912741950976,6.42239316863877,0.8904811019950856,0.2070758586520981,2.0
247.6489349441537,109.1108195633571,5.627472291947219,0.9206672566759525,0.3004441692798314,2.0
293.6413029329984,213.60695072927126,6.228459239919797,0.8881114061813931,0.17382835764456056,2.0
346.0663481318889,-83.09677353798094,5.098250059155568,0.8155629657136549,0.14262394043943868,2.0
-104.64161251255017,97.14441589432006,5.083057638257347,0.8423124162494168,0.1942752224126208,2.0
337.8889909219325,-17.222700818721247,5.925995295916747,0.8859527764724384,0.17038949130544812,2.0
-57.65031272688347,283.5069825764924,5.301995645601298,0.8099882233834548,0.1405443565763487,2.0
342.0512234246032,153.31990262919857,5.097041767310733,0.8184668220582894,0.15279864781634192,2.0
23.40961571233846,392.4585997858783,6.4392427623917134,0.8853531092500488,0.18705839968971114,2.0
-128.0770884964482,370.14935823859935,4.241038091808786,0.8479123319863137,0.22832410516543797,2.0
-120.92214471551664,355.5681224481807,5.97167476793024,0.8930224326972039,0.20339005837181945,2.0
185.59125361187714,-393.7017047409953,5.578492376447046,0.8769651739042247,0.18398493888192718,2.0
-287.2605866041715,-258.2795548524413,7.526393216682032,0.9060142233571867,0.2700499001463636,2.0
25.975044944474508,413.92575362948037,6.886447459141338,0.8645481916886734,0.12574060076123514,2.0
-65.49093656153444,354.49461467421247,6.874798434265503,0.8883587142302901,0.21261454337440994,2.0
159.60095857834935,285.8891085806051,5.696962105446806,0.883487397459075,0.1639794813598481,2.0
-73.29148224137552,-318.11160911448053,6.2630018300962,0.8693257390499192,0.16808495047208255,2.0
-231.18087702314506,372.010623629005,6.880165212165537,0.9224348120569992,0.19794015006962554,2.0
-94.24314853697612,248.45297027575398,6.817976596875091,0.8957484420580533,0.2517678405719894,2.0
321.0373943639098,-165.62574620708043,5.840203354996488,0.8669794204609008,0.14494747734078522,2.0
-104.16251868892975,353.306968493409,5.785595485116766,0.8833503082832299,0.25800905514991146,2.0
-206.28323417845388,-308.7383375770864,6.552756623946376,0.8921492085241046,0.1825395453070461,2.0
-224.76946767799166,-252.94158957442244,5.989012588241121,0.8886853761102904,0.17512829627218762,2.0
360.5840831575895,-58.65009275412207,6.685476514560647,0.8899187324153393,0.20098889506389458,2.0
291.9433364364636,-159.67891446078244,4.4978903450521734,0.8764112501912991,0.25334306213123525,2.0
-23.315811573533605,316.97744959274087,5.8779931620964545,0.9002308336220756,0.30828395532929465,2.0
353.035334523019,-99.6968792033417,6.296648135466307,0.8788857533040617,0.15589196918369247,2.0
5.658543527034845,-344.49849654248027,6.287655918454147,0.9028411656713041,0.20964557293446318,2.0
-347.4736085095612,26.440482609468802,6.664213425982835,0.9009381300510696,0.24844972897447293,2.0
-170.13630795269867,-344.9843427389476,7.459936106452411,0.9278942378435133,0.2629760298256779,2.0
-428.16252101351046,27.639243725341196,6.032643829809691,0.9133964927023119,0.2490819565031766,2.0
-56.63348252351352,348.5689723910853,5.168752382017532,0.837831528204288,0.17510331800525847,2.0
-285.2303871018326,204.8896544021635,6.481434431961304,0.8796483213972152,0.16778604801837785,2.0
189.1134442289627,296.7936582491529,6.712232449720885,0.856538350890125,0.10774751268556729,2.0
374.79476094506333,6.37629924826768,4.5889139242145385,0.8516165375014068,0.21039648012287643,2.0
292.8933889785997,-53.188260404041976,5.788952044801147,0.9114373896500538,0.24332545354896704,2.0
172.19151726973968,301.3570342736682,4.70601051467824,0.8380113483550814,0.1812197725321043,2.0
291.4349300565981,262.8931653083486,6.240161421889367,0.8947944123284503,0.20505735804044486,2.0
-410.65442598518223,12.118348167696793,6.642398349757081,0.8909352667637542,0.195613019440164,2.0
-339.8777620245894,-23.11127409973215,5.020479688461599,0.8449170545047493,0.19366928984593038,2.0
240.87600328631467,313.01306408030285,7.286774084511486,0.9164083546800865,0.27502646274299075,2.0
171.21359250143917,324.5204971388316,5.465910171974521,0.9076771430112079,0.25273824542931167,2.0
-210.06454514366624,255.00434627863484,6.140247163244619,0.9383715799960715,0.3005238470539957,2.0
-245.46017485638896,242.45047014096917,6.677863690935112,0.8845102404844103,0.16527542967777428,2.0
-274.98461533364525,225.9389704568555,5.743131040552224,0.8919289029890273,0.3023800596407886,2.0
314.9513646201157,82.22794906181298,4.301037201635663,0.8185020367540569,0.15242526361686567,2.0
-308.4236195109344,-186.23064909452424,7.4986001449737385,0.9034721644661217,0.3053268475493847,2.0
234.64003320332498,-234.86476263077694,5.511402240322678,0.8734386939527602,0.2543956602334206,2.0
240.1245684911598,-304.37648360849033,6.055603249663345,0.9052530236359921,0.21998080986913754,2.0
-380.21242899548,-23.525951341288724,6.317403247592048,0.8924639268440121,0.19564120965524145,2.0
113.03892185924995,-345.6988922530635,7.00834330300891,0.917896295168227,0.2546336190393645,2.0
-149.87875945647127,339.90915019012607,6.399227889762036,0.9166018804357775,0.31409777627536856,2.0
-342.09882261813254,-102.82647439398191,6.7221507413560015,0.8923982912570291,0.2017373031507877,2.0
320.09512386458545,217.89281032167776,6.445288225374305,0.8692517599691922,0.14684363662203406,2.0
-355.23691065819776,48.62458937200991,5.137250257833914,0.8255557338878975,0.18225904043522323,2.0
331.41290442467795,-67.64181124081503,6.7609360003496795,0.8492542989965143,0.10606131692884188,2.0
77.39686398897001,-296.68066995607063,6.206782220287276,0.8813995245025744,0.16273600793882984,2.0
-285.8295586602326,-185.83859786736937,5.8573161086281145,0.9042572054586234,0.22148852204962838,2.0
-271.06774274568227,163.72254729122307,5.758453658397636,0.9029571687282597,0.21142692876103186,2.0
-327.18077152416913,-53.50545652061714,6.140855020694137,0.8524393019063955,0.2517183889468751,2.0
-317.33625708132087,-179.58167233386982,5.878572501215213,0.8287745454934274,0.17182995799873352,2.0
-160.72469333398965,358.3816146162226,7.5107197807292225,0.9300813717862195,0.2803133840408244,2.0
77.86133230678513,-547.713472280548,5.715075630672612,0.9347452546096452,0.47010199763258276,0.0
-114.79613206399567,320.1302203261577,4.445178843252868,0.8291233159317987,0.2375834135707422,2.0
200.1436719102783,269.6641658699834,6.312808276778494,0.8712072196169336,0.16655892972787337,2.0
206.3485722809431,279.02071430261606,6.610487345992194,0.8723380034042725,0.159079534129317,2.0
-89.29981292368309,-347.25341950721577,6.726792100057967,0.8779430801415795,0.16810744017293164,2.0
349.74083848500084,-54.264540777604424,6.184072206088259,0.8729296172518888,0.17585976437637937,2.0
237.46869740526887,-252.07608329202156,4.663589966722473,0.9066478055537006,0.2299901045396539,2.0
14.933913804362495,460.6064205097982,8.002387509869326,0.9306853117420018,0.29377556341767946,2.0
55.391798033433155,-313.4138630603401,5.132339359837139,0.8156323462111588,0.14763611676759733,2.0
231.26516784262677,420.661331961047,7.33483948251158,0.903982046490047,0.2161227808692802,2.0
306.3836611562726,-290.31000501631667,5.699668810299887,0.8775451052294931,0.31120476474793424,2.0
-94.102782055356,-380.0147346295984,7.096399711845807,0.9078307663806564,0.24308153531090065,2.0
328.3709299282938,-213.9328302597244,6.223085187708981,0.9034145422443748,0.2378226406648886,2.0
158.3039876191234,-283.34244955984497,6.478533007098438,0.9092181205508947,0.24591919051743363,2.0
263.6408050421958,-251.5272592537577,6.2045209127804455,0.8676211945378004,0.13521669910407474,2.0
-21.759647067087126,-291.92851533415165,5.870817567599921,0.8829054901508776,0.17486382144700405,2.0
385.57925785643914,289.43944884515054,6.888710866765732,0.9206568799240298,0.18682957654632032,2.0
293.80561877304984,-43.742384085848094,4.93618559153941,0.8987680083586308,0.269949690208746,2.0
-347.56367640199755,8.639495626214766,6.876471700487373,0.8958267822795064,0.20489742253129503,2.0
180.77388540638435,339.85305791820343,6.429103315427512,0.867874969621593,0.1281532895660779,2.0
-77.76799851011603,334.93383280847337,7.208026991965989,0.9301714523527935,0.3162543263746542,2.0
-160.84665803786535,301.7907549059048,5.535069724999432,0.90100710381021,0.217099866661667,2.0
-97.07621396151832,449.35668737434446,7.66586450462407,0.9288695948996819,0.22421244112801375,2.0
-203.67156337086303,237.23423297943407,6.566136755163278,0.9350882459350358,0.28533701175585446,2.0
-362.95217337149893,-55.244154596989496,4.695460686817138,0.8454848984549359,0.31801987764124634,0.0
-156.92815356237884,-342.3557722701123,6.041240601675434,0.9023372155065159,0.28621168845585787,2.0
-355.03036675454894,-10.39054762029321,5.867331927676666,0.8894918982244686,0.18263301721687344,2.0
-76.56562292203066,-391.5793328823481,6.32144811372021,0.8895894834414693,0.2742894035623794,2.0
76.46363506462703,-345.7146023691407,6.189138261819745,0.8959866909545476,0.21354770724263764,2.0
193.73616049978497,259.6192035604393,6.665340480437113,0.9284447394287286,0.2856977701738916,2.0
10.353281227969912,-363.5648369116877,6.346178165110533,0.8977594477495925,0.2033486616607492,2.0
342.14009498211766,89.1849305626631,5.911417627335422,0.9023173928917833,0.2603931176673115,2.0
-318.35995934357993,-1.193237578922337,7.187863016957701,0.9026624397008196,0.22581875978409965,2.0
-113.6065511338027,-321.91173783148315,5.664530403007106,0.9052293701582097,0.22588568596159284,2.0
21.419191772543478,-353.3764714316375,5.105397457387284,0.8636226086503642,0.2200748241801622,2.0
-16.19118510565898,-365.25669674635697,6.09106499568637,0.8979891035233996,0.19520261103301448,2.0
-368.25682162818407,65.75489116629514,6.801515876957412,0.9289501659406367,0.2840853823932532,2.0
-7.542024290217291,-283.5985231123308,6.204290177095957,0.8907451093604204,0.20617804306250737,2.0
-107.4714209254625,-433.656925515653,4.98292784510959,0.8276583751504468,0.1837904231282671,2.0
-94.99105384735009,-399.8832163641625,5.940458348165232,0.8994324698243878,0.20772285547342437,2.0
-164.76821025740094,-314.30818504040457,6.8793099955676364,0.8894603343693185,0.19223258045326908,2.0
374.7434520525053,-13.377872196545594,5.352472955321909,0.8968909142847897,0.27215835179345477,2.0
345.2669115535229,-0.17210776194283584,5.963707635605,0.8625735249470577,0.22472008963100792,2.0
-274.1074860572136,-241.47512268423674,7.049640311872676,0.9347471791311345,0.2563306886701188,2.0
47.646171081973364,-306.80634474415,6.528382327658493,0.8946311412766847,0.19655759978411305,2.0
209.5990356261522,-299.96472686574964,6.373217132697651,0.8815221102493157,0.25603789835648294,2.0
288.85339093827236,-291.2903517482635,6.402584873356672,0.8474436302583729,0.09781809755739199,2.0
386.4770878600374,-205.45011214014482,5.858125687337732,0.9064415763376301,0.2837523906598194,2.0
41.145016123983275,351.66751658450346,6.845802323481502,0.8799787826601934,0.15387136247771022,2.0
149.0383293290923,-261.8676449462745,5.053614129198452,0.8471396878702027,0.1917816783867617,2.0
-205.65168434204728,-273.4195224556211,6.9981632374031495,0.8862441974724515,0.17475689967026473,2.0
-336.38822506747005,227.06131949701296,5.673372859976591,0.9069589798198109,0.24990417184997443,2.0
284.82908820020253,-182.5989923584084,5.420709424034341,0.8854880633738879,0.19550207293262392,2.0
-209.76631096142947,352.4391370646753,3.860828914966469,0.8050577576756736,0.25851028135949805,2.0
-213.82452118438994,276.9624841988522,7.107682500818444,0.888176793875144,0.1869164240336007,2.0
327.24569926994195,-132.92424629006257,5.826366662213865,0.884176910770903,0.1860151801894934,2.0
-312.53020577172697,130.24420994109641,6.540911137455654,0.9042016232641047,0.21065968357258086,2.0
-200.63389480347058,-263.5112975319934,5.396373768815753,0.9061715961326487,0.2697755988026847,2.0
344.8297137504854,-119.6957393546454,7.121065011069334,0.9309857057374941,0.23022960414146157,2.0
308.6170095630803,-97.92413045438786,7.501270206596265,0.9140725383002761,0.2032708864546144,2.0
105.62466230386552,-147.04312657992728,5.4567214031276965,0.8579399520836123,0.21372156467888986,2.0
221.7260509071885,-329.0305618172401,5.409973130075246,0.8104005762370765,0.13899588080220798,2.0
285.2964603847862,242.4039579469746,6.216900797525611,0.9002934188073267,0.29502265911974945,2.0
204.13791005000203,-253.0119990533126,4.235407206455886,0.8691667469321116,0.2403152291180145,2.0
184.64628229119378,313.5887643731619,5.432938015454778,0.8915159164040407,0.19615490668159516,2.0
208.31026050672833,361.49145208584144,5.0429837629944005,0.857910094492891,0.21773129888000767,2.0
273.55492562434296,-247.43134404197588,5.7545678659962824,0.8742580426098933,0.13826881782443098,2.0
156.12013978775363,-364.7715724543867,6.757372365067834,0.8738099101677524,0.1501101581583179,2.0
326.0169715336374,177.20582807859955,5.532171465804442,0.8816486616827738,0.2553790750899735,2.0
154.85154044818367,-406.18714448038685,5.276850561748852,0.9034685044989844,0.3173568618204124,0.0
216.64990622281874,277.3610449251335,5.088306349424662,0.9241566109369569,0.3073438056105963,2.0
-318.7692461558026,-25.91311425995486,5.594730949082966,0.9139944237560305,0.25206470487813476,2.0
-337.11367076549544,-215.71194654200264,5.925490110173058,0.8726151496998107,0.14654444004938455,2.0
83.04345420451514,357.43721929961646,5.99892198286145,0.8969819715025021,0.21284155743929153,2.0
-354.1138260872379,37.50353841806244,7.780444216323843,0.9122906663403579,0.16621502576854463,2.0
200.51003739199246,331.2404653729081,6.625040121584694,0.9389493651503986,0.2891610705013451,2.0
-229.54202522708204,258.48853571701056,6.747712502093375,0.9247750868279895,0.27977571688536196,2.0
323.9307497817623,-194.74075575445485,5.952291107665074,0.9255695466508539,0.2843682609616874,2.0
-352.91303458210655,145.44689052568646,3.7901203960722327,0.8342603138592468,0.31165418599940914,2.0
236.42124870283214,-152.83632378752716,5.654382380881326,0.9052670237202981,0.23855276736920597,2.0
-160.0925735708886,337.8229508560185,5.5329264599888175,0.8673553255015964,0.22977157344119117,2.0
258.81236406835393,300.2354564069213,5.675043880980321,0.873649248692838,0.15148330054236894,2.0
177.8283082994708,-180.24094621563495,5.489791291834103,0.9152071499656913,0.29601856572897933,2.0
386.65787928906843,-29.801264656181747,5.750388053175426,0.8947716206448773,0.19786076989193763,2.0
365.5427298291649,2.38179825637522,6.593113162470615,0.9336567845479667,0.3039575999865637,2.0
166.73004875221469,293.6719553004664,5.800517896751008,0.8884559417633933,0.17661570701236376,2.0
-160.20898936184298,320.7456129864158,5.873908648616641,0.8983749686704587,0.23322482020453725,2.0
-357.0858802071868,-256.4834245133353,5.843090055954009,0.8912626116551452,0.19613100843675607,2.0
-321.04628237409116,189.86792477741213,4.502624704962205,0.8537457143849289,0.24571916198200067,2.0
-400.77707517306686,96.6049063603566,7.103284980280141,0.921395765380833,0.2882402147398113,2.0
-250.84013195663186,316.69050531000937,6.234888404716669,0.9045060037359108,0.22291424502261903,2.0
261.79014235378776,353.79732354933054,6.731993516030561,0.9217046309453036,0.2972705381583607,2.0
274.6686839289808,-218.3124440204126,5.9399487993755,0.8933198804016533,0.25560503953485764,2.0
306.1315413458529,169.16887966960704,6.181496294716074,0.9101487049415187,0.250801628083187,2.0
198.14763320479636,-319.2082627659499,7.729151402880246,0.9213013943597215,0.19859555359216283,2.0
92.02785576353078,306.56458520369677,6.260399865678809,0.8536564719024373,0.2024797598730836,2.0
-180.15355749786198,358.8310024223636,5.121015060091841,0.8780484954191925,0.25516176803152035,2.0
-103.246572781806,343.2573168965746,5.515296253860036,0.8602474726269789,0.21610740779332585,2.0
-208.80869209487997,-319.98836416336985,6.036185505271615,0.8982668040901631,0.29207570430306845,2.0
375.57183280106034,103.18845896713646,3.89739163575696,0.863637671053118,0.22151586210357785,2.0
274.9301179233906,234.6791823579034,6.351452942680006,0.8987556072990232,0.30552422330061796,2.0
187.31228104574708,-311.49518013073634,6.187334483800136,0.9165837275180825,0.25596770306849925,2.0
-11.737046623022433,-292.9272013403172,5.652062489057773,0.8829279645374697,0.26216310522492353,2.0
102.57556260431961,-338.05982687786445,5.204278719778635,0.894878216566283,0.28659822555371034,2.0
429.1814761405505,-14.854952898908405,5.32334213009948,0.9142509116043938,0.2670488971379777,2.0
156.477689779137,-352.7133615210061,7.164704753882194,0.9092382634785718,0.1812103405274381,2.0
-338.84850908564556,-132.08484235327845,7.415118586124883,0.9032363266908375,0.13191567679862873,2.0
-122.29416223810658,-316.6702409034818,5.707531072806356,0.8859458551237274,0.26585169967982547,2.0
-24.21770528990687,350.73705482480256,6.995800867161638,0.9156890032188378,0.18459176729652407,2.0
-205.33103854765272,217.84644359633137,5.709929213269484,0.8800764454219913,0.19162688573992034,2.0
260.20739176553303,-189.87424522852936,6.126256370379091,0.8907108864488842,0.17960802878634524,2.0
-136.9730354636307,267.0797942607815,5.04419997959697,0.8325879631493222,0.17379083315943614,2.0
68.44946114669631,-154.75725140262773,5.334822377616524,0.8692334375281384,0.2329603177115976,2.0
401.7445031400089,-15.633270247798961,6.254010036182917,0.9045350870872779,0.23551528613045836,2.0
-40.72883818150945,-362.17531757514246,6.857505804740261,0.8995806203829894,0.21764554217825582,2.0
-58.590682870644834,-355.16065685380033,5.911028356085359,0.8910432395617178,0.2410778948988154,2.0
402.74016121735053,195.4272021943876,6.206885682300068,0.9481883631964797,0.3139648719967618,2.0
-34.27898015334654,-372.5131087868186,7.14062803605471,0.9003365173038543,0.20807558655797953,2.0
-348.39040615579984,-92.52838919847386,6.981304920915663,0.874716054745426,0.13980829744195034,2.0
427.79727994786583,211.66311413344843,4.911518528943228,0.8586128688405279,0.22550889148318734,2.0
-219.64913810071786,229.29369700007229,5.94292804135679,0.8784188289849123,0.1859810296177564,2.0
58.616494306763116,408.5155320438345,5.1546269109083465,0.8464779633645789,0.19241892192621451,2.0
224.9708122034608,275.06062107855513,4.557991570995222,0.8419918946479004,0.2016256047357548,2.0
-95.92862656221337,311.9669892788719,5.032286502456215,0.843015563072676,0.18483242973815717,2.0
-269.15081925045786,-272.98110527368414,6.340646282396361,0.8949366605958723,0.23529428242207992,2.0
36.09309279438471,371.6781610787099,6.083942638520022,0.9108676113737513,0.2657924457802311,2.0
-329.59768853395144,-102.09497023204788,6.668722056757201,0.932723261912662,0.2802922717481646,2.0
-34.44172861497336,356.62984013483907,6.328260047063915,0.8864127286245882,0.18206790276681106,2.0
-327.58173343964387,-179.61096744484377,5.969629737660811,0.8786713902744159,0.21501354543911777,2.0
248.21387907440115,-286.8205894492517,6.011810234308135,0.8736355229597286,0.24572103386686867,2.0
-183.50402312855815,-229.826894289118,5.34619603646195,0.899677494906722,0.23703054579253502,2.0
-80.51848067674278,263.1470018306042,5.864480042026615,0.8923145184447991,0.18600081231857268,2.0
390.14825898655783,142.88507730696145,6.782434666807695,0.8732468791925942,0.13829202357359005,2.0
292.3658344293178,202.2397716978237,6.374707585491209,0.868532281661195,0.13535807797430538,2.0
-398.83893467531703,71.24761157796326,5.719391719352157,0.9158791873096633,0.2862967848677025,2.0
325.67702651489253,167.37849569805616,5.408912922807843,0.9184304403611854,0.2707906381449226,2.0
324.9685758302955,-296.49149145925594,5.591080200052803,0.8881015163212245,0.2704679940122627,2.0
278.70952375871275,-319.01242641296307,6.559462981455997,0.8659300605523711,0.12339029233692188,2.0
-367.69362103454984,-24.92649746487347,7.045679259522957,0.9326464037771656,0.24142563811240045,2.0
-371.9407940444061,188.06401730278574,4.4778567394077795,0.8301284723950896,0.16774870029670227,2.0
31.595652048048954,-357.7995910129685,7.075208136423147,0.9317829525039026,0.26942211989775966,2.0
-329.956399255655,-151.8981608059527,6.460284843300958,0.8659882278846585,0.13817223224460143,2.0
49.631205023261536,-117.98711277436989,5.537646872706583,0.9056534669393521,0.3090216190666043,2.0
-87.71243516217005,-328.96399544960997,4.942476712312782,0.9167505544668739,0.25143863532974914,2.0
-330.8241778642394,79.87905343753302,6.011755962398237,0.8989491186714336,0.2162830355345216,2.0
450.7783299837925,-71.15398625919099,6.266321460475295,0.9364894726457667,0.3163288262133333,2.0
-184.58263820832482,-330.9899654314638,4.62836330572625,0.8472971702501487,0.20263451553804246,2.0
142.93847959898943,294.460018388621,5.458195340396928,0.847164576133461,0.19742939275307214,2.0
229.39474557337556,-356.5910969855394,6.986790557793119,0.904557557050171,0.13120480453905203,2.0
-225.9512485004458,221.17774117749354,5.59020683473386,0.8941581580084546,0.19772884105342814,2.0
-300.0859089538433,193.79144493556652,5.711736715102029,0.9013576039871533,0.3146474902773319,2.0
-262.77525366682494,-224.73665126110157,6.747801221300191,0.867297061665622,0.15270024546092303,2.0
-216.83403254233824,-312.5415185587552,6.099209253431912,0.8869256059469305,0.19050859108923895,2.0
343.4029444368479,98.96341178682943,5.394324286730715,0.8644587083925208,0.2242856028927302,2.0
296.6611971853343,155.5518611575292,4.904274938198888,0.8185321670273135,0.16897125543991662,2.0
-278.33454479202044,292.77092921956745,5.507348792850605,0.9047305519267845,0.2265262513734734,2.0
364.0512355050707,21.502571935343354,6.325990454876111,0.9010331437750884,0.20843070219080442,2.0
390.7686247061662,-247.24566027879706,6.377486101515879,0.8719112792488715,0.15162880349690258,2.0
269.57843419222957,100.90146278576479,7.259488925306111,0.9097429125382991,0.23540218605487975,2.0
-163.22170686295343,-325.6740627062568,6.224118985391688,0.8829867260354096,0.1771885823829043,2.0
133.01590560498565,338.56461364757104,5.49168810119552,0.8283381982739295,0.16875908655499453,2.0
6.832248831009291,-274.5351983997173,5.600806981447699,0.893516760755726,0.19717892905623985,2.0
-366.43905295710516,-156.6346047084122,5.486091817865477,0.7933108561213115,0.1136374787080569,2.0
261.98185525857974,195.86873744466365,5.748746840126257,0.922191991475215,0.28945691264808004,2.0
-216.06955979204628,201.16336558799915,7.1953072505096065,0.8807759721472189,0.15995132799724318,2.0
218.5228968964268,-247.19233630946283,5.655777648418287,0.9030045556004129,0.298821810720919,2.0
349.9972427773572,-208.86742427111807,5.6574593136232405,0.8979230663839453,0.2923495299450478,2.0
418.8407606187234,75.6592043459678,6.310550995106406,0.8956702400092587,0.20682026398170916,2.0
-34.570278210786825,367.52250188175697,5.363375778929079,0.8833741711060057,0.2755458141863664,2.0
322.3971293389011,145.85864052730273,6.725935273978244,0.8958838282516277,0.20831730435138568,2.0
-333.3415047593772,44.007728844086486,6.031502345372279,0.8801081958752818,0.25016107084931993,2.0
364.25635174828597,255.1943785736064,5.437697221868853,0.8595340360807145,0.21758373878955894,2.0
-30.960344689381962,326.5236058810294,6.4519165202909,0.8842641613469813,0.24572488467948503,2.0
20.985736925349638,-410.7449246371413,6.646103037601594,0.8700712512851303,0.23911503434502931,2.0
-314.9783081421034,-161.95986195530267,5.544649406171563,0.9062746293862385,0.2430499540705968,2.0
312.8551742263717,-168.45721391942703,4.074935708056237,0.8198903973670488,0.1728930548836708,2.0
248.52582021454086,259.29647217772265,6.0926135146414,0.9064361253105323,0.3015671871698638,2.0
-356.44508865957204,-20.486681202183735,5.6758023178527885,0.8923965205517449,0.21251379386745967,2.0
-380.05370782736696,-199.1460541600511,5.800961436301637,0.8833631190242449,0.1785334657523847,2.0
408.4517894287813,69.58709140851022,7.353268835892742,0.882497197127685,0.15631033774176917,2.0
-388.7871342490407,55.06335216049574,5.547656568432111,0.9044590169483562,0.3085535552497928,2.0
-60.42898259470747,378.5662386662963,6.0129070956698465,0.9123577911933826,0.24262990900835682,2.0
-292.15833233766034,-247.38748637533317,5.281847459596958,0.9022784517670615,0.23359666257905803,2.0
-340.86305116934693,164.47049568797868,7.1180163886528245,0.8742563340863094,0.15718508852083773,2.0
125.282489627323,309.6386994676321,6.714841729710896,0.8752961479199637,0.14821898772590594,2.0
-58.46668246214315,329.4575015198545,5.887628239247983,0.9090530875600858,0.2788306276715063,2.0
-360.90821138367096,56.413221137113695,5.545751046008818,0.9100375580435138,0.28282090554014716,2.0
-374.96702417970516,-339.27848908413625,6.123491713267507,0.9092102361687814,0.23210639206601963,2.0
147.6452314141027,-284.7029071214057,5.523487105758229,0.8829700564348464,0.2615060720569923,2.0
-0.33622756378237234,335.9012421192541,6.174778573075017,0.8900357869820282,0.2776448854865855,2.0
-53.173086272458086,-393.900250064378,6.494917548486642,0.910133378141032,0.26655470626404254,2.0
-323.8243068835868,-334.0710656593976,6.354329215943388,0.8933143534474028,0.19082655468637144,2.0
35.291342724080216,-243.14867619586653,5.285886864351654,0.817777377201094,0.15005280633885187,2.0
254.83539543347902,-258.1415316620455,6.376515926756224,0.9129425257033426,0.27406576203873495,2.0
-7.475723620056519,-326.6534134084418,6.106608485827373,0.8986756347294586,0.23768838410925003,2.0
-123.90890972600758,-338.5250044496377,6.080361990354216,0.8718504345550854,0.16303728415955437,2.0
279.1748251355549,93.50423937634957,6.098041398330969,0.8904388498908457,0.20600967624640848,2.0
-207.49972132272205,-345.6248208186173,6.219542356739865,0.9139692702039587,0.24450271899621898,2.0
282.4160638969128,-163.93076220807828,6.786939967414865,0.9104383539238637,0.24185392214038823,2.0
362.6753344277407,86.96877447623537,6.412282710322916,0.8799821055638407,0.21437909572983826,2.0
-296.49930407928485,-186.89245278175483,5.862727028207484,0.8999229623750443,0.24983174031924038,2.0
281.4144737501819,-191.2542786239113,5.152141667219873,0.8776999271871955,0.24954425274984485,2.0
296.78126154465343,302.64416761278636,7.367071793599111,0.9160600933652069,0.24805387391177044,2.0
24.630403879101564,370.95511479559474,6.510268597888599,0.8959247182632754,0.28783477836715876,2.0
-84.81546381041015,-359.3376830164932,7.806332475547637,0.9334822793449408,0.3040736106586259,2.0
3.7645864460678617,346.67376871393435,6.782790595557463,0.8795875800363214,0.16630144282390497,2.0
-144.86959336940583,-339.2126512192628,7.456943490413209,0.9240684838538774,0.246584782003504,2.0
308.54468933523333,179.41327843860722,5.840375113923685,0.8895701093920734,0.2757423535860566,2.0
-337.34422729538437,27.491312969982637,4.2062307437357855,0.8642014512116298,0.2275566964936318,2.0
-27.38639302934501,385.53684321447116,7.016920413573196,0.9272630991569824,0.24987871474236076,2.0
79.54408354280814,320.34103536302905,5.681802692313,0.9110300190853644,0.2508590126549694,2.0
-316.2451486526289,-215.0703245404356,6.115097434828328,0.8879301436082168,0.18387640552963,2.0
359.4905902706584,124.38341635868677,6.979811135965391,0.8767747415432294,0.15493396739949578,2.0
170.8297712811097,334.7231626443158,5.908230987748039,0.904655356158942,0.22059201782571286,2.0
415.1958404771086,-73.7753152218354,5.287640410911993,0.8971548614436557,0.22158026609418385,2.0
-269.48052221166716,295.61062808138195,4.789874962728771,0.8469575782256528,0.20050440441148523,2.0
151.21100507112627,278.9758723681247,6.174184864108784,0.8853465607752611,0.16721134105565302,2.0
17.893904130159086,321.56576227912603,6.503398126851114,0.8764685093647084,0.1585598911052392,2.0
194.49687005017358,-176.30775321799138,5.349375605318257,0.8868085158724491,0.26519580519193553,2.0
-340.9293208610777,185.55084037504034,6.533602134521033,0.8986437575661934,0.20626430753356184,2.0
-156.52161300828072,-252.5506386479814,5.20631399260518,0.8599834284411281,0.22234617543287527,2.0
-33.0164781526606,-435.41681686720483,7.11343605778672,0.9319305273040156,0.2251664831583587,2.0
348.4135332500833,-31.99534080164814,6.394863062951935,0.8749468242419179,0.18530685291708762,2.0
-84.36601802153335,-462.9168864145295,6.552139613378579,0.8776125826352038,0.15089697986394768,2.0
91.66088599470027,377.39996581822965,6.027046104670109,0.8820433934034713,0.17488831682883776,2.0
336.53726208021936,-6.55710199450773,6.2408338126071925,0.881823472698777,0.15591912734851726,2.0
148.50693974397765,-414.78928284790527,6.055561669969149,0.8800005328087567,0.19726201573380414,2.0
-8.642540625852632,-392.51494393261066,6.073514616406093,0.9012346192628964,0.20667316280795023,2.0
117.46815122843662,-356.6926026034793,6.435495676145663,0.8705456693462943,0.14884497439279498,2.0
249.03505852312514,-310.0323317285905,5.806109501458478,0.8828518221572331,0.17844742417538045,2.0
145.07089480507273,427.25935566848636,5.074051791615816,0.8865465218052953,0.20125853611230804,2.0
303.04124661959884,216.27771279318645,5.196806476797913,0.8339279750463053,0.18510341173052747,2.0
263.19729749581796,308.46588774935003,4.397683060365895,0.8594579605483751,0.22170477488708826,2.0
208.6906683026685,391.6793286615575,7.097934877900955,0.9101539395589522,0.1512066740639037,2.0
-96.81711873382444,-328.8687709143793,5.009800215879557,0.8566251328123534,0.21474278610799258,2.0
397.8290269865301,64.38787567005437,6.231334786762477,0.8584094341708374,0.22279493616662419,2.0
302.9411304428231,148.21738100218985,5.608071915147203,0.9166024697602533,0.2511209040016984,2.0
142.54685783029865,-441.41676776379967,6.595429077502851,0.8766821921186321,0.16384930864193736,2.0
-58.35981188082927,407.3537903872829,4.781352724555283,0.862698782645417,0.21976326981718608,2.0
161.72619494765442,329.0600899785991,5.997010109428581,0.902870320577877,0.2075426718032108,2.0
-281.80644530571215,185.56542856653817,6.0239358371435285,0.9098026268865976,0.25661701482483157,2.0
336.7054280994405,-84.68775659370606,5.6676615445961405,0.894046995555954,0.2069007429549371,2.0
189.80238138724738,269.76296299671054,5.38866989276928,0.8870458113057276,0.22588083273944962,2.0
-252.79849210436828,-240.63167471922506,6.044713787198685,0.8975803014496527,0.2530835164914337,2.0
-149.64888436697436,352.0670355663411,6.160523529473478,0.8961576070795977,0.26499210613248464,2.0
-321.14611171845485,172.34098626439786,6.2819246276288165,0.8944323522871938,0.20877730165024344,2.0
38.489970095693884,340.90410074222905,5.630563947562419,0.8666902884924854,0.13359875925238807,2.0
511.0336190299813,41.12167363818128,6.128518949772612,0.8912278495494551,0.21107740601156416,2.0
261.8738197807222,167.9865304516624,6.589705948564082,0.9215201397949789,0.2738787846202887,2.0
-284.06624788615284,-220.03924565219708,6.128930862043741,0.8770680346056793,0.17069928522005115,2.0
-369.3974832686295,-309.4666611331563,6.137633898218591,0.9030762462453058,0.2095272358504973,2.0
290.4770103216821,-233.18754058731523,6.117789932991077,0.8825318511191315,0.22575871214736976,2.0
-46.425209151941665,-344.6693544613881,5.438409852413919,0.8478249885941667,0.19491030493568767,2.0
342.98946449827633,46.52957462528396,6.96020603743699,0.9282158131964199,0.3044475518586661,2.0
232.51281195614604,-161.92994970892258,5.282813448215996,0.903795703735469,0.29008273277687074,2.0
78.28182010198725,-357.47802777360613,6.7978157904449805,0.92600570061345,0.20338798033128735,2.0
385.88216599252286,37.69475030764001,5.977655346853429,0.8953624866958574,0.20548052630643573,2.0
-360.96381719773996,-136.93175354088262,5.230615882842589,0.8064455781603914,0.13926908488227005,2.0
-5.58035281041974,-427.15979499562354,6.426100260007002,0.9042292836948466,0.21057513321241994,2.0
-150.1987662885325,-434.20055936688044,7.409119963436444,0.9009455783608068,0.23317143098542006,2.0
171.62726471011732,345.37821800808587,6.042659796277619,0.8708521798025373,0.155917487857652,2.0
366.10183861565554,225.97630225724131,6.504398283468876,0.8818399041824435,0.2547159425695378,2.0
269.1548388484965,301.694741060561,6.022022961379471,0.876060260764413,0.16400995231555532,2.0
278.6879700633675,-208.15463446201377,6.492728317440924,0.9141553230612284,0.2511332378971091,2.0
325.1903089565585,156.89985070108906,6.0853181644771634,0.8884263907447861,0.272777507971363,2.0
-203.19929275239522,321.7572786456127,4.833663465285414,0.8423428300997741,0.19535125694037017,2.0
239.1091104677154,-379.4808443787681,6.968387766321847,0.9445977765708956,0.29591390163529496,2.0
-297.6220786635512,235.04376953209822,6.23011101861667,0.8807063173839567,0.1761421354959289,2.0
48.55926835837184,342.89852706252157,6.036416772112463,0.8684181517395954,0.14424980779746982,2.0
-52.64063347617686,115.96353769844062,4.570234894621468,0.8411570273928504,0.20934828754758858,2.0
45.50378006070452,-339.9038255066512,4.71396817335925,0.8895328136140634,0.307738073947383,2.0
38.654602061827596,-348.06558866536784,6.357778477757668,0.8795876117618922,0.18127078139799868,2.0
9.192780630558033,-382.65798712694556,6.550771224041147,0.8676843993990209,0.13977844009360665,2.0
-455.877971530622,-60.76269410874148,6.295745311134014,0.8777764816909267,0.1853346239220401,2.0
381.92671724003253,-137.9214590423742,7.260087798440286,0.8790068641143277,0.17088745937761193,2.0
137.1303915173201,366.91331858032703,5.916029831285813,0.8813970815403606,0.25517460694745414,2.0
427.59476138023405,-36.12455485136485,7.170476361981029,0.9072800240656643,0.23351039425149292,2.0
-330.63134252820805,-122.8563036598307,6.09398983795863,0.8874858070510813,0.17128000806566146,2.0
86.04294933403571,-368.78834666265146,7.526875587203734,0.911931936784787,0.1684982779008425,2.0
305.96650149072804,-165.95870055949612,4.074935708056237,0.8490056801226302,0.19828245020621016,2.0
275.21927404327045,72.16563060772523,5.415025276637233,0.8223536975014126,0.16167358283766012,2.0
-14.815669451334113,368.8293369113503,6.5880862691260145,0.9325767024055502,0.2562075376692936,2.0
-158.92246973085517,-232.53004134142316,6.117781757542045,0.8868223664465659,0.16952940519723783,2.0
65.92950627833017,-381.57146803451485,5.286490949938691,0.8629514470428077,0.23199840485644083,2.0
-278.70324669429493,195.8361922894771,5.751062071660735,0.9039191086013219,0.23269734675970263,2.0
363.73517251152464,113.52337565398989,6.023287212987329,0.8879293785832211,0.17379200882541562,2.0
102.84373392975364,-309.7117614413551,6.959230376110893,0.9287822761255936,0.27451608113121445,2.0
-178.89351525884163,-238.1845085206657,4.4778579535034435,0.896462625370701,0.31243858556492066,2.0
-348.90134402961104,-148.20395729820316,5.077883525072287,0.876759369818021,0.2628848906152505,2.0
243.41323203632936,-346.1194092538799,5.71350229929329,0.87260869559826,0.14004856364742246,2.0
-319.389523154418,234.23318417306606,6.0857906862481865,0.8976511692120084,0.2587199906044359,2.0
109.8579853524487,411.7856686442389,6.153368607573832,0.8685194235912447,0.16318113435287754,2.0
246.7198286940689,-152.44015184393717,6.230225212625704,0.882608960289198,0.15975619296240962,2.0
-234.54772805599276,267.58869641885116,5.004877181024415,0.8511530440511594,0.20641132808170756,2.0
337.38838469162005,-137.39815731384007,5.9927942195174975,0.9124928297207231,0.24963676750918706,2.0
-292.2569535235919,-64.19221915493026,5.944842764456948,0.8743174896837167,0.146221076435649,2.0
-421.4421272506243,-92.30636640617841,5.4917380555741975,0.9001394221691277,0.20528658420623883,2.0
114.99195579160627,335.77463227842657,6.428219950277561,0.8691387523959653,0.1429716461857263,2.0
278.5645645097695,-121.17039849449309,4.790606716469917,0.8000089703008817,0.1272613990849999,2.0
324.82687250529443,263.17576799891015,6.889635223356015,0.8893650233173941,0.2724929066534077,2.0
480.3257231859676,126.0195649391788,4.535469985962503,0.868804729676148,0.2695008836026017,2.0
514.4762886003249,-136.33358953868932,6.936715591930421,0.8741837686597244,0.14874701055648046,2.0
-145.17854026932397,493.0389010742287,6.5070111537888735,0.9347144235069181,0.3120919543643866,2.0
330.5261921718308,-165.45073566535143,5.2027661700307055,0.7832186425189648,0.11304948495054674,2.0
-404.4716581100891,-92.30652921003485,4.977922117457688,0.7871399842254765,0.1202391990434161,2.0
-92.86968462275598,-337.2230747916004,5.585022101923125,0.8800177289641015,0.1745200767273093,2.0
121.16249898102477,-365.46141752764316,4.2767747681822605,0.8202198576931157,0.15468222179504734,2.0
-231.7402239574488,-337.75805023330247,5.698352543311842,0.894672415586559,0.3018319476661051,2.0
-413.350917358926,-205.47085439007472,5.508520588931353,0.92501425672682,0.2820846501547186,2.0
-380.8497012927672,27.97244652365526,4.980555685825724,0.7962613620728023,0.1337292431682699,2.0
85.49879688711276,-338.715839320021,5.945250982886618,0.8837946508873958,0.18977569670098882,2.0
153.62989414414258,-314.19620666410356,7.422868264097184,0.8788251043151294,0.1584532995912627,2.0
189.1892669193893,-266.125139576741,5.659997298120471,0.8882878560448193,0.19550624655902438,2.0
525.3404283181349,76.05306961726166,5.774795806409666,0.8943879057780424,0.25541710301631854,2.0
67.16174386251019,-294.9035460673039,5.5763879522848985,0.9072553931039775,0.23631216078650422,2.0
-163.0103597446671,-260.59487924437735,6.294893349117147,0.9134269610809037,0.2470172193433264,2.0
-68.50180676769499,327.46063435021625,5.679291352813723,0.9202981114570169,0.3031234855987836,2.0
-358.62452226622077,96.73565116489853,7.742518065397787,0.9150981936509075,0.17519898712177367,2.0
-344.0624212832377,-395.51202881842096,6.998456148381757,0.9202033697548407,0.280513570777505,2.0
-277.21289512651657,336.44073349882274,3.9168051248677904,0.8717363359600421,0.25160872381997973,2.0
-94.9848839519356,373.46819872665577,5.730528161400312,0.8605448814470016,0.240695494001494,2.0
-242.97071674197804,-279.17205130402783,4.512299543136957,0.8743728152562622,0.26106941363757863,2.0
277.0129315073239,224.58488975223906,5.611044795474193,0.8919411852478228,0.22277521336743347,2.0
36.18894610656497,-437.79190018315666,6.162927306659175,0.8828967327030888,0.17534822303003267,2.0
-315.44594429998455,-196.71082470141312,6.691175292250128,0.899362739169884,0.2287800316763917,2.0
356.01847272610877,-120.25682522703153,5.32165924063211,0.8304022673315846,0.16771585119567575,2.0
-109.02982896306695,-266.35127740400065,5.771295987383403,0.9180181809918617,0.31116085337419913,2.0
340.3135767610407,182.30835620596594,7.168284282782659,0.915487207211053,0.24489047728865412,2.0
-271.6036960077231,274.6302565022488,6.946674859426615,0.8752168897626774,0.14236203521093987,2.0
-470.2561188233785,155.80437165936831,5.9425753414665605,0.8837295996646901,0.2707335294940573,2.0
-8.204285341574883,388.0187005333573,6.265755201512198,0.8752729973982364,0.2404839749777519,2.0
295.71215659821075,237.67157213643372,6.433798967128855,0.9042112910396889,0.2091635213787199,2.0
130.14890820255067,439.66959561290616,5.280154731030595,0.8288038378579754,0.16295849344110183,2.0
44.23463526372679,-357.1991562102446,5.657392403733948,0.9067458634830858,0.2777918483223924,2.0
-224.8252675714352,-303.7419040051768,7.35975074581871,0.9169191769504011,0.17715474979463544,2.0
369.9395977167021,-136.30075900992097,5.883376241858044,0.8902811393901439,0.1867396659475637,2.0
-249.29279313756632,252.93915499378124,5.901173719179272,0.8851895285467719,0.17409915619146435,2.0
-98.95898417345003,-428.40539364304044,6.490379053342608,0.8673351313763774,0.13197099975663332,2.0
366.1496491664809,30.94268962598474,4.718372495953754,0.8818553025018736,0.28985297415981004,2.0
-357.9994613518401,-172.6483597798731,5.994288517832955,0.9291590087151751,0.30115679021278297,2.0
-69.74729944305017,300.21773064454766,6.033037602594094,0.9115394344092466,0.25802540144755765,2.0
332.61741533233237,-94.72280292508374,6.487292363704288,0.898347705525933,0.20818117395327337,2.0
-240.3761631112675,333.40432854313394,5.707958637745749,0.8995580378579637,0.22770678192455696,2.0
244.64768559587984,198.0541155931448,4.983128409064934,0.8287805959513416,0.16801799446428653,2.0
221.56886645624346,-317.67970243713296,7.6468724469085485,0.8833002423718417,0.1581295134277737,2.0
418.90889525282387,97.66855263827367,6.152099388358749,0.890184955242175,0.18762932885961683,2.0
369.36962574751135,-42.426768967307716,7.159068005287486,0.8907790222121675,0.18499767766691091,2.0
269.6659890976526,159.70320228337707,5.822249917492256,0.8971494868985572,0.20244416637580542,2.0
-519.1219520725535,77.16840348132276,5.8267835713252545,0.8999217803770616,0.20552723281415278,2.0
219.93826882303784,268.4922165318623,4.820787866349385,0.9240216243489876,0.30669666602197826,2.0
-380.90001583727064,-2.3264630792159364,7.862657759928084,0.9131788203920314,0.173734553504515,2.0
3.577321008911369,370.2099496596866,4.3851863796448445,0.834539928930061,0.17504050612038313,2.0
-345.60518562224127,93.13658151926482,6.555426471781648,0.883996909517465,0.20926810646985824,2.0
-292.9033158317254,279.7164739059325,6.991032897537569,0.9298604207465202,0.21256434479607877,2.0
316.82560200736054,-148.24573976455872,5.8610318072354985,0.9110413360990341,0.30995849810654114,2.0
-323.06858211248715,-143.56020933032735,5.795824517937482,0.87316990298295,0.1512752917260157,2.0
374.76396066277323,80.68774883109094,7.812769423005307,0.9302291231765072,0.28598709504521946,2.0
119.34187994737734,-376.680264379184,8.259920947848956,0.9247844004429195,0.20046136291869937,2.0
-225.1259533186103,293.9224124622488,7.582541376692702,0.8870098717153856,0.16940430199337822,2.0
418.814419536961,53.86737596150781,5.57524433673584,0.8718078254425498,0.2461858458781167,2.0
356.22401180224574,-4.612049691617063,5.788793024436359,0.9046896480648946,0.3150277783189932,2.0
-409.84528878016573,-32.4650729133038,5.671191452487872,0.8810865061322964,0.263620693474448,2.0
-384.0664279800987,-122.6987958286341,6.863429400966634,0.9178648331518244,0.18686367832117598,2.0
97.76177195813722,369.22233514030364,5.812799352516244,0.8903852203205217,0.20008731061826562,2.0
-451.2228818099362,-7.963804223484264,6.51915705317301,0.9067372570232958,0.24052477280794152,2.0
117.99644614229382,407.1054741132004,5.053149162304599,0.8109512036983156,0.13840250107775787,2.0
234.45466661551896,350.90965187305,3.680993883937179,0.8408189675413892,0.31159352039880445,2.0
-295.21477794833254,-47.577224158058,4.73346118882462,0.8671719215907656,0.24394403361699102,2.0
309.7292860749995,89.0506903854127,5.674224401622269,0.835005095851187,0.17884722164588207,2.0
220.0214361426362,-305.3051791258067,6.582070719112422,0.8850467708623198,0.18103845062135843,2.0
-176.2704303837433,-247.71453088926128,6.417939607989696,0.9170030303695526,0.26272245980207676,2.0
-414.2100302381679,152.4576876753357,4.9031264550285,0.8276377564260244,0.1629182196248974,2.0
-348.75969406968665,154.5053494754231,7.61666370498269,0.8964783984680592,0.20605802807671836,2.0
-300.24613764452243,-83.29267987519394,5.846983031881438,0.8932624837092789,0.20077442923551533,2.0
16.1818161361036,382.3554368205078,7.409300202920875,0.9168041408637945,0.25885415495149433,2.0
148.81019194273787,342.56230842790586,5.292352973049636,0.9207278240621257,0.2705404491840642,2.0
-368.7087688466677,-71.23745349751619,6.80963140406849,0.8687384616569127,0.132600572709412,2.0
-374.4208342201178,-13.853843809147872,6.367732595854849,0.8984162302758618,0.21690221304874896,2.0
-156.21784845769238,274.809582087877,5.622221870467899,0.8312845005763826,0.17072088645420042,2.0
-201.2777401801948,-327.5215484981351,6.140346869001301,0.8945752094513096,0.2071246724452725,2.0
-529.7753383832783,130.02370210354093,6.177965979150066,0.9413405285146476,0.49455054248748487,0.0
299.3856994068064,-105.7867267456436,5.894897835165508,0.8883206735263046,0.18749184591364706,2.0
-237.2469459508541,352.92732134027034,7.285970536686497,0.8978282942895998,0.13786627359759518,2.0
-221.64349394606947,180.38203539400115,6.881648984560744,0.9454400962054883,0.29721141274000257,2.0
50.82911585137028,437.3723149258573,5.423886322907476,0.909037599339692,0.23550367639276626,2.0
338.4542186913963,-27.55426415659772,5.542613369119051,0.9133515132344736,0.24429981153950356,2.0
95.1357080716296,329.72005184790527,5.591501233214798,0.8985559761440548,0.20416691344472557,2.0
-319.2444363236087,-153.1561359933289,5.239247498374862,0.9078465904514176,0.2286278244486402,2.0
329.3732590176383,-43.581081747271966,5.803539926001009,0.8975673755294421,0.20250254908687748,2.0
-259.76460288727566,278.65200405365357,7.233721412029397,0.8956049664675655,0.19597829660383273,2.0
301.059934181803,195.68053456930352,6.470439184671077,0.8600728420500119,0.12759179792343275,2.0
-415.8786225092266,-60.59787440647239,6.127601956013784,0.892716277364925,0.19705974772602314,2.0
-150.26440202212805,-350.35633590358975,6.004573081321868,0.8651666571410689,0.12524164124713907,2.0
267.20157939735196,-271.6819922390585,6.253102067593242,0.89154583887406,0.2021149984645784,2.0
320.18662731807444,-17.371593360626868,5.618305872719868,0.8772199570020752,0.25086981576587114,2.0
144.94973744171227,-347.7597215072771,5.757425553129934,0.893568595238726,0.28654308122263294,2.0
397.64392706745184,75.8502866128251,6.874704553715894,0.8776726298815704,0.1667490394889752,2.0
186.77740964328802,277.7757822946361,3.694423189934053,0.8392421764476934,0.21070940476580186,2.0
-292.7845403585662,-372.63725379056774,5.4858148746615525,0.9107854942842623,0.241010886519555,2.0
-355.7419645934838,-103.24288202012688,7.515362985938815,0.9119232539398904,0.2155391405608739,2.0
264.64303814069245,-110.69620875853343,4.232273347583853,0.8585691731080464,0.21813012596455195,2.0
359.1730547555158,200.38486124070081,7.651257871442472,0.8980146491171543,0.22698393252776183,2.0
-73.86517192068284,-418.3740880050743,5.426832159310835,0.8860434119496184,0.18200643905612504,2.0
-171.55027987205094,283.4745141560664,6.264786402510302,0.8915990940865168,0.1777983795276556,2.0
282.3779870126994,254.36012163764255,7.496057965455077,0.9008439792281401,0.20799043897514363,2.0
-3.175165122243617,-402.5230236997857,6.451562359207992,0.8909694580580869,0.18211247494121585,2.0
105.50275308520712,460.0104265142011,5.8370777043539235,0.917078057777597,0.32427207086504944,0.0
179.8313651928789,282.17474148698915,4.98096535033404,0.8278421067029844,0.1991890119274916,2.0
-388.2895651055346,-71.43513991138039,5.556327360970164,0.8508923462497522,0.313349276844202,2.0
-155.57690981581567,292.8202325063496,6.02703229494842,0.8937412395278925,0.18661087776973412,2.0
-311.2405493545387,-222.4020894756073,4.212596011430457,0.8381886776846176,0.20186434521722038,2.0
-344.1602732132816,124.13773491462176,6.515866069428869,0.8779656248740827,0.16216041928546393,2.0
91.00187679639504,-264.41994046049933,5.371816918211127,0.8634313786933046,0.1344574278042958,2.0
-377.67023676551963,-80.23275545020822,6.986106864714934,0.918154854158952,0.2601065613352786,2.0
328.6153625890752,-104.81682233285291,5.929853066931812,0.9019583719095166,0.2437084954459399,2.0
-309.905944349019,-206.3895771255353,6.1444093386494325,0.8941491563195445,0.23119686662992914,2.0
-210.7253763892182,-284.4256783888418,6.298670052869843,0.8854519787237543,0.27075133281316344,2.0
349.7740707777651,-141.23847602511813,8.076625482429495,0.9491686204120292,0.29588304032685986,2.0
286.56614689193856,220.9834849757252,5.3124641111720985,0.8752098476593095,0.24973389568694312,2.0
105.86589048997236,-356.75024092917494,7.127971296914273,0.906670638267229,0.1581757541691104,2.0
-226.90676932998187,-272.0761075756265,6.041022011380045,0.8883540672208747,0.18702454351445016,2.0
-352.15009084259776,-197.89899707078678,7.421867501377887,0.9300605410141919,0.2759208908855237,2.0
-438.71833156742883,-116.75834732755173,7.26482177470956,0.9367196661140665,0.23722488686515422,2.0
-269.0959354663468,-202.00189444610257,6.82876530890489,0.9361375650847567,0.26702108221659315,2.0
-374.2783617808949,167.55554221122443,5.1476837152053925,0.8756401116800155,0.1501056414467601,2.0
-255.85357550350386,245.58843532676556,5.289177244905277,0.8956593864943784,0.30335529967149677,2.0
-78.04698130666547,-328.44366696985435,5.7715247129338225,0.9005302227892923,0.21854680107604552,2.0
466.24398197467065,-98.7301329271345,7.311372089453938,0.9219042689551641,0.29160157760376615,2.0
33.70860424695113,434.74544499846394,5.436904909778899,0.8317688173961103,0.1701148971378253,2.0
-258.11533372688166,-297.50233947162064,5.230010040278765,0.8804621084815523,0.16353560256939464,2.0
-131.88023286248455,-357.2811933128498,7.265441136294922,0.9129298146649863,0.25740809999627945,2.0
399.5575820975777,-83.22917587345385,5.958041819827375,0.8725057437313193,0.1392431237953057,2.0
37.72324755654363,-321.9156456823315,5.256711196291504,0.8439708864881635,0.19860818309845127,2.0
-273.70229017001964,264.4419130630803,5.261126648407459,0.831594443167978,0.1717156291770634,2.0
346.9896835873759,-170.94372383520692,6.817558907867547,0.8778515945672932,0.15431253526857622,2.0
-80.16888856793851,298.166347844212,6.036261910930023,0.9015285984539959,0.21599726599779207,2.0
214.98906595816695,369.4777613646162,6.772691035389019,0.9105188364174813,0.2549370464357588,2.0
-43.43010738311144,402.6475054957201,6.739667979249542,0.8856129723722017,0.17082879697435707,2.0
-348.44650932714194,-177.21430477294865,5.613058846251597,0.9087624875234833,0.25518727929342516,2.0
420.74540259776865,-5.840370990534197,7.41802678515657,0.9225761915297286,0.22753507860832697,2.0
13.148800665551871,370.61561577667055,6.379067193551928,0.8772611900309792,0.15744682328192666,2.0
331.50597182202273,128.84655217483447,5.234162512555704,0.8815067634367256,0.26897149895854633,2.0
192.12619014698626,-350.2520166736592,6.473305912174133,0.8722450448305412,0.14844202433069506,2.0
118.19173992941245,371.0613540651851,5.571800815498797,0.9080975662083819,0.23512860950805267,2.0
-388.3763918269379,-102.54204983860032,7.716486733023128,0.9003845110144297,0.12142472738914921,2.0
-4.500122192430113,376.93271451956844,6.95968411737116,0.9355001626036995,0.26162076633601705,2.0
-68.13840433089622,421.8840446930225,5.836964035325055,0.8940567323088547,0.2371989372748835,2.0
-219.0375896600464,387.4035040295524,5.410983816883122,0.9088660233564008,0.2376858378336371,2.0
-372.12668784174105,77.2199932168849,5.383279740052879,0.9043774526066561,0.28184071955368367,2.0
343.11976006348294,115.50003688493896,5.281901139313124,0.8809495822355209,0.1930296735565468,2.0
-330.48171020357165,235.71026145760874,5.441672729052229,0.9250338397803042,0.28900746592437526,2.0
81.87113369837968,-306.113444389114,5.722407238516696,0.8955973995193227,0.23943007596063443,2.0
295.18367054989886,250.54666477197446,7.5385124070944265,0.9252458333208612,0.2051587546058112,2.0
351.3039367524192,-239.44066512944647,6.613769076162347,0.8750177502470046,0.15756045996754844,2.0
80.69541967554218,-411.62983159201605,6.89664660996263,0.9214151667875137,0.3147675006359401,2.0
-269.5247767236251,197.49006241167422,4.97592031049671,0.8316626404709004,0.16986821439114316,2.0
-295.5062842139953,244.5437347206927,5.04507883216094,0.8174711060044164,0.15107993587977325,2.0
107.57706833684686,370.93185902162344,5.521865024323363,0.8956426437408598,0.22355353525455027,2.0
-391.4640868467551,-42.06037568535664,5.801989919070191,0.889392526473596,0.18952748914599807,2.0
102.92541558319877,-393.6150773845746,5.947989053142319,0.8179866293844638,0.152038972066501,2.0
-61.176041817475316,319.4941210909466,5.38326362040557,0.9254233964406503,0.29866530215152626,2.0
89.43456839014215,336.5770815911393,4.106112269998142,0.8678726040382669,0.2509874030707687,2.0
-163.08557043063746,-443.8993709750775,7.854229517437959,0.9022959039066746,0.23253005537768057,2.0
-188.32319983958533,352.00582340677107,6.700974660199621,0.9077876183321723,0.23170255674248627,2.0
89.57251619443092,-403.3813359122767,6.997175673417906,0.8745959341642326,0.2477346101839722,2.0
226.1725058468596,331.3559116379307,6.0611392901085575,0.8870631020876072,0.20329951586853723,2.0
321.15282266807327,102.47753477814283,5.9726779341421095,0.8882639508926827,0.17564165784695168,2.0
-3.9885588431868415,468.2583577934174,5.210172938549,0.8629983208463898,0.23210566806630575,2.0
-314.98853459634506,208.48615366573912,7.2559758390653375,0.9211515392101689,0.2641422082222269,2.0
-119.98776749697335,387.7843701790881,5.852317341716693,0.8877126711597967,0.16942518723384445,2.0
-303.93857457761453,-93.40572485882464,5.9015710724208805,0.9130408597699934,0.2584925408540774,2.0
7.49882968960277,411.12560047223155,5.907356362733653,0.8947943485810115,0.19226506218747388,2.0
56.59630138369682,-448.49644825180974,6.740377255237582,0.8883857816864298,0.17295796067619287,2.0
-98.796569103027,-265.01607428201237,5.5478775524689485,0.8988073484213374,0.30215036449310756,2.0
328.27364311591685,-183.1378328278552,7.069877416526325,0.9382226381332684,0.28134624067205927,2.0
309.7437994092885,-139.63223842975506,6.091139132047067,0.9023727729789952,0.26072928806807144,2.0
191.14186939869776,-329.94372544399346,6.004377034734765,0.8771473234059082,0.1530103040341286,2.0
-51.52248609161751,320.6772441620401,5.40857186527255,0.9102108880284311,0.2786800138135493,2.0
-365.93864455835404,86.43826833677015,6.343917019180306,0.882216247702848,0.17858059946989766,2.0
-49.56365169385872,-383.05502546090565,6.277660641113052,0.8796326346294611,0.1506428919652808,2.0
251.38449182012604,317.17051043146637,5.638345949429338,0.8537457640967349,0.21821172781818932,2.0
-372.7776227324689,-233.94143186449745,6.187692223896395,0.8328524275789517,0.17252991271772797,2.0
168.4524257399475,449.1882197911901,5.983900094724436,0.8892194917796825,0.27965113666010727,2.0
222.14291329254678,248.49027077705074,5.991177683231691,0.8944583704483837,0.1918885371068125,2.0
176.53560109786832,256.8712594388373,3.9305198171312123,0.8593961344902529,0.24650300628985844,2.0
168.90636715089428,-320.2915198398968,6.376771654192853,0.8924178868912733,0.19704638210660239,2.0
-271.1670325606467,235.19441999476382,5.08542252246742,0.8649644746030707,0.24025384888670784,2.0
157.21435131081347,295.44110934288676,5.221312987036303,0.8477792611185565,0.19634307686607624,2.0
348.00108548520956,213.0340075757771,6.53315245021469,0.9238486815097471,0.27702418787592603,2.0
-315.26125947432945,182.02967439239774,5.522658106034514,0.90418806760883,0.2697070648256025,2.0
390.61088943971816,-308.1055452593042,5.789153544660267,0.8859970979205397,0.17761249433368365,2.0
-204.91799822773845,283.46812453537206,5.572760400059898,0.9059760878026359,0.26955277129881017,2.0
-265.03772107371685,-463.7448502711853,5.862722273201158,0.919269641089148,0.4460349493811902,0.0
387.34124370091683,80.7685698157636,6.416666303960958,0.8149889173320596,0.14401403031247834,2.0
189.72449855316745,306.63145439077516,4.690628368403996,0.7955575815839436,0.12312065333191813,2.0
284.46076032463003,-216.35567562397034,4.771672606000283,0.8600592780908527,0.21866283895677846,2.0
353.61215083869564,271.5885750652783,4.867798331639065,0.903139523917831,0.3052507477705434,2.0
57.47080999745635,419.32256740517016,7.137361454870838,0.9307462140900583,0.2382755437619437,2.0
189.05230666196547,-362.03310294510794,6.631386405169992,0.880644995599953,0.16977529387051388,2.0
-64.89633522322833,-455.0288968652861,5.685998377951538,0.8661581904164749,0.14768203688617199,2.0
-194.4757044834058,281.32177182034917,5.7519542091919025,0.9060272317035702,0.31507430950360305,2.0
86.69025557635612,416.559281877988,6.329484486474407,0.9201082505875868,0.3081041671588929,2.0
-257.7017423376159,-269.70518928682964,6.367261190639786,0.9469505545196738,0.28509881566563755,2.0
332.87612614713606,246.22380794801765,5.406534849320841,0.9050727825898394,0.21845973440490377,2.0
234.53273044754172,300.56992230168663,7.478296293632676,0.9122079205146357,0.23953469331642088,2.0
-332.205053918893,-224.65434495190746,5.7037274774162166,0.8778597019086836,0.17683022394712875,2.0
-248.97740480021685,327.4493862585083,6.146941077932042,0.8559009590999056,0.2086387747816178,2.0
11.62239902464086,-417.83644204956033,7.041463075823777,0.8830279183893428,0.16510739042803052,2.0
339.94606497049546,19.91290990227981,5.783884017179364,0.8865978267771311,0.2099094981974514,2.0
-85.7364947172292,254.73061200516534,5.486434412297168,0.8728639065607177,0.25034433118387134,2.0
-86.30479404174743,-301.5387344642236,4.947171460815304,0.8755736068300406,0.26323859921092324,2.0
-129.79811517080282,340.6968053340901,5.198659036570846,0.9109639962932922,0.2573037720504944,2.0
-327.10250942048606,-264.09631696811715,6.697102330740515,0.8582339934836237,0.10471026818009085,2.0
276.0162667655024,-198.43144462634137,5.3183527842643326,0.8530499512156202,0.22118562227957042,2.0
-41.975353908013076,-312.23269559304975,5.164584601548367,0.8136680647793083,0.14142176057335762,2.0
339.43996942873065,-211.861045225491,6.605374798466342,0.8812823542087329,0.16556427864372333,2.0
-371.02788701977255,27.080183123578525,6.0533980240224015,0.8818432262122247,0.16948699719669916,2.0
-83.80691960729636,-319.98847911886224,5.5241318138009925,0.8993575424161937,0.3019318445179433,2.0
-425.629112370218,-3.016358589544877,6.445901994081035,0.857403614081146,0.21043450283928397,2.0
91.61807521408235,-307.6352336862822,5.59038639235406,0.8991232906689847,0.25475621354842815,2.0
59.26760171338666,341.745160645576,6.300159453448173,0.891021695891093,0.18822504200717322,2.0
355.46708549514824,-88.06473342888576,6.902044647259954,0.9119823014823609,0.15676476598126884,2.0
367.8049941049472,166.46000479811082,7.597334058491733,0.9092031216758681,0.1478497552655039,2.0
383.64396508997504,118.13715269576853,7.165818180033952,0.9345198592876391,0.3048803475954745,2.0
-358.15058567059515,176.5971538380668,6.142870942628851,0.8864776574261757,0.1747962354517536,2.0
85.1498439632187,328.91065147706104,5.388512824779898,0.9189573226930348,0.26087955479869096,2.0
-83.19287392979734,373.28297939606074,7.810551433878155,0.8966520098881291,0.19604096292759246,2.0
310.0294210342963,51.79148031284406,6.768321000236106,0.9356505277598711,0.2590592602055885,2.0
135.95152811695166,-352.7848341976547,6.4764244009863,0.8892194942207086,0.19102522186898535,2.0
-347.91219748410566,103.9974129240248,6.25939345351663,0.8827362307928809,0.2719611709561533,2.0
-92.93813346288856,228.91173393128244,6.524941443286399,0.8563175006265202,0.1173500193031939,2.0
-555.2510261431817,7.394323174184871,6.6313592261565,0.9425041806344927,0.42972227998665147,0.0
-193.9025400889645,322.7524941853576,5.3708471053208635,0.9066553355792119,0.24448611153174876,2.0
-56.04320689626814,-459.39006595972893,5.760438637216788,0.8742527667462844,0.2006898841812385,2.0
232.28209249096096,-325.65096899201257,7.26775933522916,0.9039041331647509,0.22542338835770823,2.0
-298.0853611596288,-381.5681139897496,5.993373775568433,0.8810161683186862,0.2060295118427746,2.0
-296.6306097774595,-4.530256988665831,4.9545871371794385,0.8266412781836553,0.1701276022855208,2.0
416.94833086549704,28.391250194847753,5.975556519451886,0.9008669917967809,0.22598477238024928,2.0
-26.372519901638977,-403.40903118224253,6.335846059331458,0.9018807876898522,0.2163502235258472,2.0
-332.59893228119,122.21805403974508,6.05861157210141,0.9017515679379534,0.2050035948389995,2.0
-79.33164749636704,385.0193207472529,6.29309172055281,0.9046956866445106,0.2524117026851638,2.0
-352.21114515283017,218.8741449351073,6.190104468159898,0.8762951108001155,0.14734546414013006,2.0
413.75621726988163,-192.50531586437006,7.495393699638019,0.9256510182260149,0.2930332761229494,2.0
-62.03141555368431,-364.3968462500533,5.656478045873744,0.8251123143076634,0.15542910673657895,2.0
496.7620066514954,-11.93769436869202,4.542928564890827,0.8486154865927713,0.43848661238345576,0.0
212.6619666654133,-255.09424495509342,5.391722832996995,0.9092165561590523,0.2632310298974222,2.0
440.14350640597064,86.62910550459522,6.999887783953859,0.9283379986415232,0.31657050652700275,2.0
39.590973632890304,-366.59578399086814,6.204406541354723,0.8874881871320556,0.18047924876941923,2.0
-32.8876384541456,406.0288303424944,6.110446594423596,0.8882243445865868,0.20454636416473884,2.0
371.03204727403596,-170.35935503090843,7.401539239408335,0.9263730053318462,0.22013751065537268,2.0
259.82825901199584,137.77731330549022,6.975200322860481,0.8998945015681832,0.22315920252543586,2.0
-234.52898822878024,-230.26898023438451,5.4785877800509155,0.8944035026206284,0.21568883840930056,2.0
318.62710537830554,-277.99173044556085,6.225680211245198,0.8459070611143277,0.1878716627031772,2.0
-17.751373439658828,-283.32359200982,5.151144893947504,0.8839208803459163,0.2795334839365151,2.0
-55.64034994809312,-413.62053666063997,7.198834490070043,0.9009780395864514,0.217937009220047,2.0
-335.4836321823004,153.38858279870595,6.694997694676985,0.9003901559982821,0.20632682253135032,2.0
-324.9076811115072,265.73301513912986,6.077100837737097,0.8798820699668813,0.26564499278646314,2.0
231.9885051305909,-259.9409361930518,6.0047737130962595,0.8811563498695639,0.1610740984135698,2.0
-367.2665981254295,106.50357891009325,6.083446593670704,0.8856543787382901,0.1698133979581286,2.0
-374.7244096039779,132.27834098776125,5.449249440965864,0.8440532311708191,0.19237720668306052,2.0
-72.4299933065356,-337.7955030671808,5.9784155310927884,0.8850055555652896,0.17599972454006013,2.0
-307.62915674642466,-237.66562325266014,6.804350307720304,0.8532086934977409,0.0969491168112631,2.0
418.9213094662563,331.3540710420332,7.262637374412176,0.9006634988003568,0.20894995048489798,2.0
-181.48357686602108,-322.266600646244,5.4076870809072615,0.9017090845862704,0.24312787078597145,2.0
-341.74376087732037,218.32454836663644,5.3914138970326055,0.9144412012480646,0.24387997836456077,2.0
-213.3350750060084,317.05386462055316,7.420866773032059,0.9310925403329395,0.301998001654564,2.0
-321.3814580157555,-225.59931747372957,6.870428704739368,0.9189011900325794,0.19800984372949673,2.0
-391.0702732098351,-143.97813614936803,7.102312530029815,0.8972713008243965,0.20141077842081445,2.0
-378.40758042271534,105.30051400883882,6.569921221717658,0.8835470194162727,0.17396869489882144,2.0
-348.4463036744064,-126.04719219605921,5.42138260927197,0.8873135887544318,0.18324917673134541,2.0
178.75121540804895,407.9871592937353,4.552473208128865,0.829079716893488,0.17213515305341417,2.0
445.57905586998277,-130.90710399296262,8.158078923332154,0.9360952827996848,0.27491614288763605,2.0
-308.4807029988275,-269.64820656798673,5.819416639386757,0.8858681994073383,0.264960925149135,2.0
80.08292739920705,439.49410806133216,7.538626362476849,0.8735271166971228,0.1755233926924603,2.0
-100.35580349882078,-390.34993273262353,5.915050159094621,0.9173011389068535,0.24795534013908602,2.0
274.79525875204865,-308.07907760281364,6.747207651389254,0.8770577428338117,0.19094394620398988,2.0
132.6232456854693,328.0546135599847,6.913981784852776,0.9024704433385953,0.23504534743698602,2.0
-237.33887658482402,-271.89039021826966,6.128570040304225,0.8594597292152477,0.11839515166311361,2.0
-0.16670744358448844,-413.99457577454285,6.458911618133742,0.9247255311470727,0.2756336610650387,2.0
181.63320755196563,361.572073481748,6.449343711624377,0.8787555266363622,0.14955263574175676,2.0
-135.132653129876,-283.32700184300387,4.579382529990616,0.8251291286573733,0.16127104682011947,2.0
-132.4645408103598,-344.40027925718863,6.034156934402152,0.8944168504160749,0.2826194424675309,2.0
258.0050067124315,325.62261448993024,6.566681662455736,0.8884100405423317,0.17993885131763335,2.0
-435.4080466093827,105.3217538358983,6.506552738862345,0.8895789328805747,0.19076060001864825,2.0
-139.93808851424018,357.34631734607655,6.9647898183771035,0.8735175567610036,0.14378349234721063,2.0
-413.86394070749986,-302.24639789485434,5.161468159039539,0.8684816547801527,0.24128621455363977,2.0
18.41421609578634,-314.1812125677543,5.724893804861443,0.8946024593770535,0.24193986035565848,2.0
14.190069540268524,350.5440518335054,5.888623375000015,0.8789263788976829,0.16384040182507142,2.0
329.0410820734292,197.75835885782837,5.607306504243169,0.8477208103688157,0.1990592118724842,2.0
70.50040211631077,322.7027320332301,4.820321816588013,0.8377562319306954,0.18177357449526213,2.0
44.921851918674406,-430.85889165933133,6.792334184828129,0.869058884596151,0.13803363155783543,2.0
288.2340093545651,87.31935225137374,6.275710122337026,0.8632844553207586,0.21957043972396603,2.0
200.84402180717882,-430.6163701141547,6.975890672629226,0.9101338035391837,0.1657315608796912,2.0
253.0642399070556,290.4452501428038,6.86753498299823,0.8694064341072044,0.13617941740589418,2.0
311.07021693554935,107.66860631284648,6.3185480071268065,0.8793350503392717,0.1991364966299046,2.0
173.59612341187358,264.0491594584779,4.982398336977814,0.8724629042498124,0.2921499760506772,2.0
-214.86214384590428,-254.4652061030374,5.371239252851653,0.9086512141044789,0.2428714228368746,2.0
-198.50355769045447,-316.55895379448447,5.858469233344685,0.8998661778948686,0.209522103091854,2.0
362.48901385894357,97.00580401296264,5.550230263465112,0.8090622197624614,0.13402548337053055,2.0
-301.8105476508566,-12.787002698509555,6.320553785184236,0.8621632363519997,0.1278406653636508,2.0
-222.7245754922102,-333.75312436150267,5.359629815802406,0.8250937004883749,0.16425970410297588,2.0
-291.64596392738997,-177.37202390534716,5.473952008922511,0.9007080742870922,0.22612713442434645,2.0
-329.16736546044,111.36577022694433,6.5613604136407595,0.8092463691986491,0.14764293088502617,2.0
-343.5509060368503,-43.682655174294936,5.98047153330164,0.896152548766401,0.22958014807863333,2.0
205.075279934805,342.04976575069975,5.970216064466607,0.9017258048862674,0.2197071678451549,2.0
336.00785513319613,162.01513375726734,7.122753878363158,0.9327712633449388,0.24655998313936534,2.0
93.62500500548654,-415.71832878726264,7.1760392653105045,0.9224868547183946,0.30053628451329367,2.0
353.5228574868783,-76.58362356152483,6.232536059854725,0.8719357024578179,0.14300991591416737,2.0
-330.02423213783743,142.4902461755099,6.985565955794066,0.8900266912361688,0.1747873695776953,2.0
370.8460487758913,145.8388220724678,6.40388974062756,0.8652105484601194,0.13258527716374063,2.0
-22.134537906617567,-376.09242957087343,7.161252925704055,0.9199274853265336,0.27874334451493754,2.0
-45.92216838928298,-372.8680149225561,5.691023962216228,0.9102190606550487,0.24825851997818213,2.0
266.70948496425973,-180.81872212557136,5.89878015538698,0.9186429451889084,0.26198926016594404,2.0
-354.40176682897334,17.67800447842489,6.22042701422954,0.870247750906189,0.2408306976243254,2.0
152.51113935322724,-342.7180432327306,4.9951827278049725,0.7939935578182163,0.11797989601389039,2.0
-258.3876956470452,292.14895712703304,7.848379711796848,0.9283320775834523,0.31563816588147986,2.0
29.11659812103098,-381.902010215789,6.346743888465024,0.9035052561894796,0.29962552254343866,2.0
-378.4883436734324,18.148072327846698,6.551447140240576,0.9157319540440105,0.24895503894042903,2.0
-389.03389041188075,190.89560649848454,6.4704232876551515,0.9241403843910523,0.2593748340174382,2.0
270.0637090128961,216.26284200062634,5.5758815204922465,0.894071759487915,0.2713374584394923,2.0
302.29162288103294,-255.7386089732422,6.921861541261224,0.8799285393594556,0.16512561372956328,2.0
146.66880691735037,373.4857884944457,7.008119991324278,0.883847623253992,0.1622228889548372,2.0
-126.13134177381832,445.9417502944417,6.643711227228478,0.9371443401792738,0.28509986326508074,2.0
-376.2269323027166,-215.98574606971906,5.8757841926656225,0.8907169209379026,0.18749482528797112,2.0
-183.40783057789844,283.105691484291,6.723118873328985,0.9002610095423793,0.20489328768282286,2.0
381.4694810736647,165.95081022596924,7.511288336449044,0.8767651720746169,0.143763465503329,2.0
367.6107419639275,133.93795776977348,7.593231732499599,0.9215651321083094,0.2846117589762507,2.0
-150.4050896848113,-368.0856933809079,5.207011270125121,0.9164787064115355,0.26671499123158454,2.0
395.7833336267393,120.0061010482372,6.78572658789604,0.8785712232262582,0.15587356528829135,2.0
355.8845383213791,169.75195041535707,5.675878668014276,0.9080946862685783,0.223715001373738,2.0
-423.7344193214647,-43.732770771870904,5.720828061081089,0.9069771698815488,0.22785479852394244,2.0
-333.2062168345099,-141.95225254156858,5.886433268647823,0.8518862851916144,0.21221168002602506,2.0
329.04863152168235,187.24300763382857,6.4094578777233595,0.916928182913866,0.2656588053449901,2.0
243.97337989374586,-327.2822401886451,5.724763986609405,0.895689323231833,0.24278420178333798,2.0
17.34094176110857,404.1072960244,7.254589166941148,0.913968088652458,0.18392984374606722,2.0
426.4978741538053,182.91144373808774,5.7320348509128145,0.8811162747446112,0.16541048622101734,2.0
-117.7671539334857,328.58566412313894,5.8465116791633545,0.8908382149938969,0.1763283515731219,2.0
-181.56858120902956,-360.8662580961378,5.373908023571178,0.8976339032482545,0.2243918565436425,2.0
325.8824942626546,327.30225821859773,5.808165955178754,0.8889857420719782,0.27204851205345437,2.0
-288.44559285212085,-317.25501570119377,6.363668362569687,0.9066515970062868,0.3082813703240785,2.0
368.5726961741614,-30.008615574546365,6.927978724886748,0.9178668222543904,0.1857740089284667,2.0
188.73671552462343,-247.65291357954544,5.572470879050491,0.9258901970208914,0.30530329239089704,2.0
-347.4525459723688,133.5680210810517,4.9840242407914195,0.859243804432991,0.22826693359691527,2.0
-318.6392016026222,-236.89049897539792,5.895985787665972,0.8803610511430445,0.18009096195173246,2.0
389.4771821445956,130.55800347127487,7.003241972955228,0.9293366014133259,0.2516216357645093,2.0
74.3352914460976,384.24747296639373,6.127997986738112,0.8759116122487899,0.14627232356273961,2.0
271.43239604256433,-128.23442596856285,6.997495429293288,0.9060767395745608,0.23482418113451434,2.0
118.64663961179036,346.62164338491897,5.7924635310997115,0.9017541803934047,0.22467241645859518,2.0
28.536710233101974,-370.16194873231336,6.695989965525631,0.9001289027888422,0.19977662660361842,2.0
352.97624134584146,-129.27687028284825,6.01355230874343,0.8895221891776144,0.26917100438368236,2.0
268.93783170394164,111.54848058143371,5.293396825117583,0.8743861460969943,0.40261924489336937,0.0
221.86231970194603,-258.1629852122493,5.527240423128395,0.8998401822979859,0.3051766790687238,2.0
256.89355015372183,-305.6330671472464,4.701541204635265,0.7871496191760967,0.10975650435289741,2.0
-345.62410239629986,45.78503788447887,5.60933481635981,0.8714924253959407,0.24943594256324442,2.0
245.5411687751706,-235.34293449147447,6.481730828229364,0.8946756336045985,0.19799673957711822,2.0
365.1725453144381,-234.14420002904603,3.655185534374141,0.859717957544724,0.2404368985136066,2.0
-370.36093676119106,-196.44138191527932,5.517070379062725,0.8906272926190245,0.18272708534581925,2.0
354.7414163271046,223.45177790937592,6.784365462956831,0.8832030649077292,0.16907511130999006,2.0
22.70819488778054,-508.4103440008218,5.060692755446783,0.8410897928658545,0.19842942131609603,2.0
442.40610601395946,109.20921504632396,6.79188618203404,0.9314932532169217,0.31182202217398036,2.0
302.0235124910592,-323.5398423482447,6.136872244215901,0.8409305614209107,0.1884122601192734,2.0
-41.59248986038877,-391.3743665759869,6.488404966846592,0.930971310417026,0.30403002164270654,2.0
-424.6984382299698,-54.60882712556578,5.8719532037464575,0.9015882050983777,0.22888227935825953,2.0
-362.69949537242246,116.53427279052922,5.978293923891728,0.8870087427029445,0.16719310898069578,2.0
241.49542603241846,290.0358187605537,6.533916598669562,0.8782411025323805,0.15387599300441795,2.0
-362.97049700644186,218.73370963264938,5.681587086989316,0.9091098629358715,0.2342725461021211,2.0
-360.16772244274847,8.361921233106075,6.314861954874341,0.8688196397410293,0.14802265758537286,2.0
141.78957613666634,284.07303194202314,5.974651902467077,0.89757766078987,0.2112918930056612,2.0
269.125042871466,-138.95960954527024,5.7132042180381655,0.8881237340538475,0.24139552443128096,2.0
396.82644490958063,-149.82409165864976,5.474308397683377,0.9033055596028001,0.2380106169786009,2.0
258.7935389409181,280.29287061181253,6.5169192980712625,0.8819273141477796,0.1647564980148596,2.0
-187.99299086856223,-313.83793935783723,6.0013066695087876,0.9058853801348018,0.22188964036159,2.0
207.39799314267864,297.57659316204,5.296005406063169,0.7878391513656652,0.13198089182118714,2.0
-228.44822702562988,360.42346939042375,6.402737872088641,0.8489764718929909,0.10643157544213168,2.0
114.193901186108,325.2726040591924,5.52756137567699,0.8918410373284693,0.29140388410189805,2.0
-175.02293592625304,341.83001536615956,4.0561457151502145,0.832537834298648,0.17006203152232865,2.0
197.95448098323573,349.2127527584189,5.076406704075821,0.9110466471506371,0.2813740693482468,2.0
40.61394278321847,381.9671223328368,6.565235279355649,0.8769827894245776,0.15274075377087565,2.0
249.18182700596776,-387.0173789424771,6.715268020972692,0.8767340455744356,0.14639833877147107,2.0
-224.66626427664517,281.9313029544146,6.0994230586710385,0.9002197521415622,0.26792991021126494,2.0
370.28175102370784,216.78297504813045,5.095300224292667,0.855772814069495,0.2136145128452925,2.0
368.7799811776922,-64.50091436101215,5.183980868706207,0.8188978012811036,0.15212385236218087,2.0
-388.4917866175581,44.49237385838985,6.085520482378021,0.8941832638064412,0.18794357574934792,2.0
276.908417567286,293.3326936679138,7.218522420880659,0.9031210199674544,0.28076942563257373,2.0
273.7605228567875,120.37150928016085,5.04293652331447,0.90977869304555,0.3034200869706072,2.0
-398.35743787400475,28.63003523691357,5.964144798545642,0.9027179399388843,0.25776404702900163,2.0
-22.26477093043739,409.57026613181364,6.857524861264589,0.8724798904194981,0.14733251052798516,2.0
-84.32886025665847,342.8835513965505,3.948384941872077,0.8432067051711205,0.20436372658824947,2.0
-429.50911743747764,86.62568403410859,5.882461950350243,0.8958508720621565,0.25745182091399915,2.0
168.1222283191574,-350.4608751947815,6.044491569873177,0.8132259620130141,0.1416763059097145,2.0
162.02841676996815,-341.7623260138621,6.4773093079876825,0.8435370536213944,0.0874160173430924,2.0
-336.2333430616088,-291.4058506956325,6.264404210787113,0.8727236353773232,0.2130891236659817,2.0
-265.3500098905144,-213.26979776418938,5.775544029196922,0.9258874558728465,0.29106562936312363,2.0
-382.3315328881746,8.655991560219704,4.4472175938155445,0.8182238905958149,0.1612278742151213,2.0
381.0546874125989,-46.18167088450726,6.863654412102096,0.880095533004305,0.15633022918050782,2.0
-394.39438655189423,-92.40139854956566,6.250968219625231,0.8624200864339399,0.14091535739445027,2.0
363.89188988038785,44.53705201018902,4.66430159011311,0.8230694254970882,0.1603944020117598,2.0
-366.08547456865307,-82.19655016501079,5.910894828993752,0.8738452879698837,0.24042186424333847,2.0
-86.44065027593537,349.7069167115109,3.817732871105549,0.8500161408244858,0.20605036686421935,2.0
540.5688455408906,-92.57422446479619,5.620670883730268,0.9055530489245545,0.34506720296037857,0.0
-17.964191138242207,390.94961223829455,5.464521279243245,0.8491096593420742,0.20157955640302366,2.0
-151.15581907036713,301.9937005362866,5.116495337975766,0.8533964988709349,0.2110073692146878,2.0
257.24262419529003,-277.2243938595456,6.439629182434681,0.9284622824041148,0.3032812497648239,2.0
118.04367784073585,-326.2661126858268,6.817080139186791,0.9093398053969924,0.22985615832238862,2.0
434.4704735387871,-58.44227856756483,7.557988504684423,0.9084936364242702,0.25902684291774425,2.0
362.90264831420075,-161.56779315392498,5.408474869012054,0.9207776432225322,0.26241781474910864,2.0
124.41606168813972,381.14018094788554,7.1814627352345015,0.9211829569678998,0.19889995783841535,2.0
179.45423594807278,-266.2573928563822,5.116118464650175,0.9086490362025829,0.23154934913896755,2.0
-310.3653578295324,306.063522017676,7.727259429385287,0.9124426382836005,0.24714561317459577,2.0
288.4064113904885,136.28654897688162,4.9606558288171305,0.8183781018744514,0.1499921415882353,2.0
389.78532701329306,98.9522216326606,6.075023305416343,0.8813482055260812,0.17446956509756975,2.0
-57.30569376889903,389.3072445003018,5.941451854602471,0.9074216928904963,0.22946794360529799,2.0
-84.00935929755528,357.532209932986,5.304291580989613,0.8742318606787443,0.2594501865560095,2.0
95.91049902845143,386.9498499513064,5.413614696031009,0.9104039005125232,0.2266610145798172,2.0
-305.90574537284886,-162.01538248000318,4.737182506121068,0.8389705549669972,0.1789655248464964,2.0
43.659824813970346,363.03724223584027,6.592145941753478,0.8876751001167973,0.18730655188417691,2.0
60.30409987469642,-364.5409548664796,5.705857299624081,0.8845001198755875,0.26151100004932815,2.0
-78.37000679244335,280.497515893479,5.201632862687593,0.8786202776777448,0.27606568894982864,2.0
-194.48939472856148,362.85817359114645,7.078952465622486,0.9106113414645192,0.2454681408931169,2.0
-328.36358460642913,163.14352991959464,6.522950430324564,0.9114362588973178,0.22879727326469318,2.0
-468.8223451134946,-180.53670616203487,6.486021573296171,0.8956683548518655,0.19589682481630302,2.0
381.70478810864273,-164.2189836248167,5.894145266704918,0.8900519209116864,0.20881272435389917,2.0
-258.7830095664033,375.5420974883835,5.160544539208569,0.9229337398525904,0.2660006252380048,2.0
-287.9675909913989,250.20525031107147,5.519942652719279,0.9110679598800265,0.2711341230124865,2.0
251.50843214514111,401.4850360529543,5.082972243836408,0.8565218096307781,0.21329576256273244,2.0
277.39709799850465,-288.47320591595906,6.661478137331344,0.9236451308731518,0.20973986109314735,2.0
-308.54058727450547,233.83543873723613,6.1685904103699025,0.905755421248136,0.2645113039156034,2.0
-106.80029380987263,-360.528869365483,6.723448853406555,0.9280913443590629,0.22557643850941853,2.0
-327.71318314488127,289.3178994778067,6.410471896127452,0.887484146793089,0.18045897767265448,2.0
354.43580283391213,-188.82623558033336,5.5694353333547255,0.8888926873006237,0.2743530246943785,2.0
-243.2494804252433,-225.19520392705823,5.185931648631215,0.8921279926396781,0.28600075133320557,2.0
352.5715567638213,-161.7368591335482,5.697779253942924,0.8999929042988376,0.2568266736133533,2.0
-238.5905758122698,-290.42854497296173,5.160791350160215,0.8612445360945994,0.2157582582611711,2.0
372.47711676256773,-54.69209450566686,6.790267922288921,0.9234114011561386,0.2991089129627254,2.0
-200.62087970430784,-356.5121304507539,7.654685874288974,0.9222364478957348,0.19533678804970023,2.0
-414.9421146961077,-123.76684960500724,7.689902760914537,0.8917370237873546,0.17910796703500864,2.0
-456.60411325614785,30.209905325578926,5.862495265172318,0.8742826666474119,0.30222201349969624,2.0
257.72062391779366,-209.09399985859832,5.657643260517208,0.9104628282394772,0.2771006621612757,2.0
383.07823740855554,-174.74356529818166,6.588972163544758,0.8788590434820946,0.15902089235400663,2.0
188.38563158508612,-416.0406807340778,6.228176674060307,0.8746257614817324,0.1738272477932448,2.0
183.63194662946754,-465.4734296168361,6.485045748707316,0.9371299240636299,0.2948104698601493,2.0
-52.480632423931425,370.63952726713967,5.896414727719445,0.9086170150234977,0.229559455148626,2.0
-328.02885537820134,68.47615452637815,6.33366341858485,0.8889099194509515,0.22707108494299227,2.0
356.4666767200803,28.65840845695632,5.572858654761772,0.8788143056665774,0.18311116454127743,2.0
42.13320938196038,-397.98407834201083,6.361652471889022,0.8928788620026149,0.18415910426948248,2.0
352.4175971921988,179.85884195302341,6.246794016298301,0.9015467909988625,0.22522057271612664,2.0
-377.29054717327176,86.8533726033881,6.365708188881407,0.907184874337425,0.22768049318044295,2.0
230.02824096881994,-299.28339624229227,6.549876350908935,0.8807814518998842,0.1531985250230381,2.0
-333.78713885417045,174.9768250100951,7.620017424655435,0.9023816776061337,0.2183494300401786,2.0
-367.20420528474773,-100.02592988866782,5.517134133683417,0.8477803546800454,0.19845736855108748,2.0
-76.39882543756825,-366.4881723268757,4.324518417251271,0.8554878466661633,0.26544210712567856,2.0
20.846287069466644,-324.90942536800793,5.379926978383581,0.9034590551677626,0.2617450802778452,2.0
-238.59788137716063,321.2921128142453,7.592372507261168,0.9309776567301149,0.22771700011881837,2.0
-242.33597819276386,-264.74035099234044,4.183519211518859,0.8088825191036929,0.1585524181767553,2.0
219.8522453892541,321.542562277798,7.310062359004625,0.9280949549106297,0.2586960912853246,2.0
54.79365575903051,-356.1238170272616,5.735321766226253,0.9154372128548768,0.261171316399384,2.0
-136.84118426685302,334.45224301941806,5.327188277502762,0.8948759499832118,0.31513389784630896,2.0
-234.57325037850535,-250.7332838168719,5.004521801187962,0.8944498239211012,0.30456616124066915,2.0
262.83227355330416,-298.48839433257643,6.105474441184591,0.9027831479196072,0.21677418142592414,2.0
-214.16813001701533,-302.69326884689013,4.652122431165531,0.8564462331276776,0.22336591938171044,2.0
-429.4147431628044,-318.90356230807885,6.463033694476147,0.9259942915668294,0.2890242135952364,2.0
388.30750537035675,-66.51586089778246,6.465106800425377,0.8694891763894222,0.136757662217771,2.0
324.78130376882785,-74.8878859685369,4.346209618403527,0.8210115968301407,0.15825815421696154,2.0
-128.20244212027313,-455.75426615533826,5.34519270283705,0.8852574230564118,0.2638328866256666,2.0
-158.35029647263536,383.35971523502053,6.685659270193223,0.8850205259237259,0.18705235474133114,2.0
-176.8373574030706,-312.07002749179657,6.63654094750244,0.9138825714863237,0.2444415860227835,2.0
121.92286697662547,-337.69576291692954,6.215581327676938,0.9045459333438173,0.2249024667803555,2.0
252.02918447727205,-226.50571464194005,5.711064766958874,0.9088341277234199,0.23812702775338848,2.0
-25.475739312248056,-320.7992029944109,5.3144414363390995,0.8173006858532567,0.15817306218513588,2.0
-183.04418316896923,322.5388605624487,6.003826330797465,0.8887438981770636,0.18895751693453716,2.0
-326.4021637976791,5.353724991469156,4.700059098383578,0.8148418498307208,0.14761414264373102,2.0
365.86597356579244,-19.025126969062807,5.287472607433259,0.9142768434428433,0.281188695748598,2.0
289.91599085903124,-208.95308154967492,5.633088311922178,0.9019958053434375,0.3007751963661252,2.0
-333.13890727942254,-188.6272626496172,5.723775937106346,0.8989638895344668,0.2060485743175956,2.0
-235.02203690731534,-239.3951583557987,4.777839835878408,0.8913803657237432,0.2857777152041281,2.0
279.4697344498362,282.2700644502881,5.267317336859656,0.8502786637683646,0.20419158790384317,2.0
-113.31543072860211,347.1271655157211,6.642818569347512,0.9184103105104271,0.27189355922356473,2.0
-110.24517147549138,336.0444038599185,5.985817356854039,0.8987201007619954,0.21677199293683863,2.0
-357.08961839270313,-160.52287774755288,6.553258541267938,0.9089382446961075,0.25865414001760906,2.0
199.11826488381772,408.0314721703304,6.201486264231767,0.8994756145821428,0.24655977665829704,2.0
-350.7318540162938,327.2272082939475,7.94084850580706,0.9149221261473205,0.21549331400518276,2.0
296.7549613668021,225.35760892488344,6.989540915217483,0.9202537370386753,0.26164090853575334,2.0
347.4090585676433,107.15449086767883,4.857648265787399,0.8656365026007182,0.22960700878494317,2.0
-373.6093806843547,142.03970166198593,6.089524450842107,0.8990001785077586,0.245291171337357,2.0
160.18041175460885,465.5435706710346,5.853623884304438,0.8206249663828733,0.1566271950236965,2.0
463.8374259478707,75.3276218881905,6.435076072744776,0.9043341296328942,0.22062630777624775,2.0
326.99507054080965,-173.0327752507682,4.331067131272812,0.8244201992232401,0.16582439762480702,2.0
-385.4073186606009,136.28259413961936,7.290250210180786,0.9158879056188693,0.29937340841061333,2.0
64.74895027764721,363.17095443239253,7.153573424815644,0.9290993664358603,0.21701123955402732,2.0
407.85298585373016,-34.230615953953375,6.427136306180896,0.92092789549068,0.3005136522827789,2.0
-127.79226815589149,-411.5738051235157,6.296610637988811,0.9094923695635156,0.22575159093355227,2.0
519.1773302631449,-37.27892783869531,4.747772831300527,0.8759038029393424,0.25045945533329106,2.0
309.31111788674446,-208.6604066307228,6.423710830303789,0.8807988185247574,0.19096409446654677,2.0
-461.3385676011091,-43.13288759010863,6.954522716628805,0.9383872984379537,0.2606539659704797,2.0
-281.02609760251994,-329.0111950565785,7.214104940545088,0.9162449309638534,0.26289025385690196,2.0
302.66126648507094,60.68225030033216,5.413701983532207,0.9046212394998479,0.26057729748371516,2.0
-24.172308812457523,-310.26387137002234,6.2367628789414935,0.9380573724645402,0.3156723165266887,2.0
298.6585991390562,271.23855470379993,5.87730867689848,0.8876907620128414,0.21389519360885068,2.0
-359.83061887750733,-147.72314046884378,7.45844753851165,0.9307332096822063,0.3141012068920119,2.0
327.9536462228005,-377.8289832370568,7.148397164417642,0.9220183415249145,0.18089589094155056,2.0
361.59391261476344,12.044360667046911,4.987479386582272,0.830837162653771,0.17452759341090357,2.0
399.7147046151441,-101.07033159082722,5.65590240292774,0.8891461814681635,0.27402420210870737,2.0
343.2221740014338,249.7076448506976,6.711046131879174,0.8738447363495269,0.15022010102599725,2.0
393.25834104975405,45.100813865061816,5.496471969140862,0.9060812998644682,0.24931527449450933,2.0
-299.51468789463803,351.72652436778037,6.28837767331391,0.8755254923927263,0.1566676493936614,2.0
311.17929608411276,200.4301772829658,6.407602453900365,0.8752701719753695,0.16438733144480316,2.0
-193.59951100685913,-381.3267246745185,7.345716286077788,0.8776497481593633,0.17919380002361263,2.0
-71.16128442919245,375.87567565947495,6.322381751265099,0.9029676772732931,0.2518659538104018,2.0
291.16864732826116,-253.1252998759759,6.261230515549725,0.8557995187033928,0.21564038783298695,2.0
-342.88873903220156,304.83284707935235,7.075126831570265,0.9320507573495628,0.25155681822091275,2.0
145.1031008756726,-304.84248822069486,7.276515587186582,0.9057128765149635,0.2416419481225475,2.0
-87.52707974888347,457.6418592209047,6.299411788842783,0.8881374931405898,0.19322003050255313,2.0
-253.99107555406383,-216.6353601555591,7.1803647107416895,0.9147377329899352,0.29036806704869744,2.0
-352.58098240912614,269.3920137598688,5.423600560634769,0.9088234567494692,0.2524078474357181,2.0
338.791170225611,123.47154826574562,5.184960971058021,0.8278647817681793,0.16281021408906166,2.0
296.2618544125994,164.58156284839603,5.396777699688717,0.916764326651438,0.27864817432196903,2.0
309.1428505616625,371.5868821557918,7.06825585244109,0.9229346653937295,0.2708677428667605,2.0
139.07460967362823,345.17748432387,5.217312887240486,0.89271438656434,0.2508271992432273,2.0
500.9198044092535,36.760516722053545,5.452053032420712,0.9219512170367199,0.27170069342306696,2.0
-71.05305522608404,-358.16413156007667,7.002397151922406,0.9109032750561107,0.28787162351964435,2.0
-184.70195590637832,237.54943795354535,5.720169054501764,0.9038365376084713,0.2505698323023538,2.0
-32.044554263758286,-473.4022263596765,5.584588124247279,0.894182474590722,0.21822012392865253,2.0
-350.53468012852755,-137.4314166647817,6.875889005630697,0.9135926539549443,0.17631120942625314,2.0
264.86194058355,291.02836297081893,6.642217899200346,0.8832354669240723,0.1701118639910079,2.0
435.3889646765851,-45.821095422695585,7.087451021909496,0.8767753349052144,0.1613101086613913,2.0
346.49546698593673,324.36913250787694,5.759740899854457,0.8941279242562213,0.29195154757952646,2.0
-266.5967181541022,-261.781221826668,6.209868747906178,0.9136788491220299,0.2663762064103164,2.0
169.82866002228317,273.26520504800357,4.615299067867671,0.8332991324743765,0.2941961936564939,2.0
111.00973322772263,399.1327380870657,6.9663066897255375,0.9246257415169459,0.20767372818409272,2.0
319.5101819912627,229.31708422429753,6.326789037472235,0.9206134299657657,0.3134291059541549,2.0
324.9622473664208,123.0531294180867,4.447606620736429,0.8495129090264657,0.2166518112209958,2.0
86.9169397778533,367.57491602921675,6.096788845467841,0.8762692261641161,0.1556428563182113,2.0
-251.38670220437623,270.3359439447673,6.091537971285855,0.8994635026529411,0.2090234525567124,2.0
189.85860119241684,334.43367323861906,5.586404428304275,0.9052423894045107,0.2625023452450148,2.0
354.67788616000394,-258.117786535831,5.598314465488927,0.8851106651208501,0.20869943202487068,2.0
239.6485333530151,-213.24408730979357,5.924530560745279,0.8719697241011317,0.2332495127217985,2.0
44.924544903585684,391.75305635238027,5.583409328964802,0.8251518853736284,0.16078939018870253,2.0
-213.65812193464993,-355.81132515715717,6.948274044504527,0.8843554700719224,0.1951027759598721,2.0
440.376969126876,-84.1508068848727,5.356503662068083,0.8251912914837203,0.1575439076959488,2.0
-225.71784550786822,319.5512311062333,6.361724518642373,0.910832689881132,0.24766544902073076,2.0
180.8584140458675,304.04138036485165,5.706206585992198,0.8821249601220889,0.16778437550081785,2.0
381.49855727073543,189.38332610010835,7.809316209287854,0.9111672374079783,0.20048319205903029,2.0
220.15075735256792,-383.74094072101764,5.485650981873111,0.8709977603089644,0.2353349893762659,2.0
138.73051825724076,504.3443418650951,7.7963746764301085,0.9266058241056484,0.317826874066684,0.0
230.54622189650652,234.5127104218935,4.700031644595205,0.8722232950627472,0.2392828414128028,2.0
-130.81270733310916,-312.12212632056634,5.465359330928188,0.8344690746647064,0.18024226554770018,2.0
223.94104853074464,283.9756663903409,5.251853050343207,0.9147383895236427,0.26054762177587193,2.0
-305.3984797802483,-215.91555800072112,5.379490854479116,0.9131189645289316,0.23821015093767137,2.0
-174.89690273394746,-391.19934744244875,6.4307165238880994,0.8872950645952307,0.1709352374088151,2.0
-458.4195511057322,-303.9231596875963,5.643562783821258,0.9237167034435343,0.37189170469364413,0.0
-269.74086712933547,343.95692548084804,7.709147246139379,0.9002256833311243,0.14751290236512885,2.0
-277.7932922204074,-192.85150903924207,6.188118692966874,0.8933277615005477,0.24210019009938907,2.0
329.2729096772749,213.45389878657716,5.783953002065599,0.7997684989660913,0.128386186902871,2.0
383.2163263921069,-19.702382816578226,5.56613044163041,0.9524316613669515,0.3120228826101123,2.0
342.71677656824846,142.95440289804944,6.782222772269166,0.8999944510286317,0.20382329061196558,2.0
314.8572759233567,-117.33279534536813,6.300498784674943,0.9269941104118027,0.28822620040825847,2.0
19.448004162919343,332.51436953214255,5.456344772635361,0.8880056069209799,0.26802976865280187,2.0
76.1270162690466,-313.5289841403489,5.264747624440953,0.8348541653950433,0.17945196932685883,2.0
53.81579807190659,365.4985072676966,5.38515733966476,0.8241946539281856,0.1611210635612489,2.0
315.0047207005278,-256.6219287579113,7.513469034224534,0.9115464523454548,0.15530773088806268,2.0
-289.71658793280886,-270.6725617243273,6.360887984731904,0.9105633213481601,0.2606035665661768,2.0
378.5342687505255,58.129717065336436,5.873337394353072,0.8737550440979477,0.2790552546539583,2.0
-206.33075547883743,-256.7266600477418,4.648900528308152,0.8340572532339284,0.16959377136928366,2.0
-423.65795545539765,51.61645167845442,7.676802135788901,0.929590925937365,0.2955272789897834,2.0
202.66036098104385,312.71083694354706,4.472227018609294,0.8698512178747976,0.2388501068850112,2.0
-355.8803684298393,-335.5613510184488,6.3960073388428205,0.8962195970355947,0.21293542727013895,2.0
391.2188380125266,-12.966367100270935,5.3048691831572325,0.9063009058687337,0.23624813408609052,2.0
-99.31180291312596,-417.75866823334064,5.66598789036973,0.8980706585354858,0.209217797790122,2.0
-286.08294155316514,-167.95837827730782,5.853168447104047,0.9049012536836926,0.2694335195114075,2.0
-464.3823473992852,-136.30955207627497,6.776290672245275,0.8868864412156543,0.17752945240696488,2.0
-234.22916902721082,277.17672621023144,5.790062298248566,0.9179730350451111,0.31525818211508644,2.0
372.39134342622674,48.81042485132437,6.317062785724473,0.921758186146108,0.21021284704060916,2.0
-412.2205771154239,-85.78792369904816,6.857314983267358,0.8980850900106861,0.2021037986086907,2.0
213.08975171744396,-346.52623751378127,5.636920971580081,0.8834451044815604,0.17314918469660373,2.0
-224.18819731783134,270.0394611852462,6.9331286188929955,0.9284611809392076,0.3049456372319572,2.0
-174.31866970372923,-332.33197977631806,7.206263179164618,0.9218587920419095,0.2232442331519784,2.0
-107.14210993036885,477.79518375658853,7.389981181535306,0.9351345480161408,0.2648126699621175,2.0
-460.43450850019684,106.34493584531421,5.953042550694655,0.8873710024976693,0.28424506749641765,2.0
329.6086434404399,286.9127582717324,6.588907410584811,0.8933818744247892,0.19720309801175337,2.0
411.2815412497,-11.953163473363983,5.430610199375508,0.8740690692803345,0.2555469067410494,2.0
-164.32201095223076,-385.35147922158194,7.058971273969735,0.9302992555652867,0.25254357427183866,2.0
306.8682510499195,-220.59016725673348,7.209077936374429,0.905937763723335,0.13705602701407857,2.0
108.99983327147507,-319.3334432838757,5.645145391699841,0.9013821476698554,0.30121867926698354,2.0
277.06226818047855,-277.1379905141423,5.70417375932011,0.9140085277254851,0.2585540546475491,2.0
426.1445411177089,34.980585712877485,6.09637995595807,0.8945332774258246,0.20548041499822303,2.0
295.7529422249676,-264.3217597880888,5.443205020666496,0.8918502280087871,0.29333926759343204,2.0
94.13992691004086,-333.0228094631001,5.79116799214751,0.8977917243762243,0.19767569816112324,2.0
67.40482428656242,-371.8915686734262,5.5098438162826655,0.8761525482823822,0.15340540020744675,2.0
-156.19839734513184,452.87843249322674,6.420369547090349,0.9324334052079162,0.3153615156864011,2.0
-9.776348868258786,-418.39702662192525,4.805091715536413,0.8622133351041308,0.23206568418403772,2.0
-119.48442860119407,-361.48652753438597,7.242127802904728,0.9290745228163219,0.2221308634464382,2.0
249.69715196159206,-267.7875631668255,6.185122148295611,0.8805257292131811,0.17500038487548158,2.0
-330.49465593200676,-254.30537750076934,5.248471095736058,0.8851941275148736,0.2866662361688918,2.0
401.1594509821052,53.36368666673245,6.569676379444619,0.8809222811973958,0.18381968277213617,2.0
151.75903511681113,332.6851315048294,5.708058543759058,0.9136002141891416,0.25000488583015873,2.0
284.2644676713748,-243.5678799069554,6.72985615101431,0.9191962268194118,0.18958936660645798,2.0
-386.83336850863935,210.90835099021692,6.635994648580955,0.9309302778446816,0.23793532481728868,2.0
429.83136990282327,135.0067653057045,5.5752964994723335,0.8834964207733857,0.22707176576755822,2.0
3.9245910884828112,387.83485451746816,7.326637003406167,0.9198766981594069,0.20851889165009052,2.0
182.1084865746033,382.8665901921311,5.93321720431738,0.888998861713049,0.1977877800730117,2.0
-258.2340912015837,-160.47576580742418,6.48045975202009,0.9261510836889313,0.28076065898973424,2.0
-368.2241019562817,320.4021464621523,4.395268578792098,0.8485584168578392,0.21196358640615537,2.0
-377.4079848383438,-169.79849240785896,5.581589404645685,0.9057069464271166,0.30546010307161997,2.0
-128.32104460621164,393.6570414165389,5.6716695548610225,0.8218952892084931,0.1573777529556451,2.0
155.42056483504464,312.5944898683017,5.481357852190908,0.8314194856624788,0.17019866691873403,2.0
-332.07224439371686,217.40381319172008,5.398442505581765,0.9042424856637102,0.22905154961752003,2.0
196.66852201247497,-339.37895360986005,6.372469621742239,0.8627399253635204,0.12689901103651424,2.0
111.89418769402225,-433.65881198350655,6.731836012183772,0.9228192121527173,0.20972166620344404,2.0
-126.84814015664848,-399.2478753192593,6.922213098650018,0.9274289613621766,0.21337941832548318,2.0
-344.9992263676371,-187.80154785066907,6.803705066552261,0.8978670729155951,0.21394858089562466,2.0
-177.85143999471634,349.70076050194166,5.440259533406033,0.8783746228934844,0.15218857252208118,2.0
92.5151620940915,-392.08422833752434,6.430437162359472,0.8660346291190022,0.24238464326121562,2.0
54.853461421496235,473.84951772446794,5.317476027700572,0.8441735590481751,0.20933372762592814,2.0
285.755636921169,-365.12207160694845,5.950741518099571,0.9020932733175847,0.31206261373838956,2.0
60.14362361875974,391.97755481745986,5.1202553718218375,0.839512788326435,0.20348941121049352,2.0
42.01097789170835,-409.0351746858472,6.020205543092523,0.8684222943454412,0.13146534771446525,2.0
-55.659627496517366,-345.8501831379365,5.113368914039437,0.8882330773336629,0.269710327579034,2.0
-143.53497922222277,-269.0041459182345,5.956717827718283,0.8623849693242178,0.12690536831949462,2.0
339.9322001614728,-160.70498477614578,7.241219522433678,0.9223022941277523,0.2846810570850616,2.0
-262.48285404822286,238.38859401000582,5.922669292354605,0.8481206568367071,0.19424199109597995,2.0
-325.8884638251741,225.9543487946198,6.402724118593888,0.8833437520147082,0.17001291207093314,2.0
386.52703654947373,-317.95330959592354,5.924549635112248,0.9245948434753103,0.28049399168663325,2.0
-475.7604834911844,-274.25591454212395,5.064630540892638,0.8981140954870311,0.2999988455787595,2.0
296.56351838463814,68.71504387889912,5.632749321585236,0.8566728222709957,0.2177400601534803,2.0
-57.80049726433601,-374.65246891185745,6.92070993572477,0.9273935730030233,0.24424894927685137,2.0
-172.1998368500762,367.3689782666979,7.217204439137583,0.9366497949257677,0.2742286275682738,2.0
384.3551398821063,5.7845655896099375,5.735488096184792,0.91645050039207,0.2583166940385726,2.0
-145.23731455833305,330.1234168405668,5.702643740541962,0.8759871647281932,0.24203283111479312,2.0
66.48680733857718,-352.7384913592812,6.8226475295286875,0.9254435667366941,0.29778071581834176,2.0
239.22054503457412,237.63386345917718,5.749923415090578,0.8788766269568781,0.251079045444608,2.0
-312.20906538359037,-337.9298274228668,6.853476736227164,0.9201037033541007,0.28199625261811856,2.0
-258.2353314209517,-322.741270323616,5.856596490702834,0.8612100574668945,0.22085821233437775,2.0
-357.36640959595474,-184.74177778412218,7.041877988036752,0.9470584883520524,0.2938713173312735,2.0
315.574258467298,239.01354710989332,5.4995707515226195,0.8780848082206524,0.25800366563066324,2.0
237.75171401190747,-270.5162881169588,7.618503382157329,0.8920796546150359,0.10676917865166112,2.0
331.40524755003685,-203.3916995338879,5.955789096470375,0.9075437325928711,0.23903571897406006,2.0
232.07885141569002,-206.74165951922714,4.128280694860902,0.8224088288891828,0.26167747096164407,2.0
-39.43628324487183,384.27249625705474,6.478695014384473,0.8751960042893573,0.145120605701167,2.0
382.6901848260553,235.04784809238362,4.950565072795489,0.8433043757254963,0.19156617147316785,2.0
365.86975175497804,-8.806742403081687,5.924715998835184,0.9164914406471911,0.2834383865685358,2.0
-37.694900338946006,-350.2202061467092,6.541499907405621,0.9126421272453724,0.24237171787592857,2.0
-251.70149053459656,223.31557510882206,6.273231899524155,0.8827797975559916,0.1744673243604032,2.0
316.77565218659294,173.20385750971155,5.682958743811605,0.9049519438984722,0.2479329947961299,2.0
328.42452775189,107.52846522175011,4.399821577475335,0.8358524677651967,0.20001455499272985,2.0
111.25834990746212,354.1585553338326,6.412511332607346,0.869853166229053,0.13915541589809816,2.0
-90.51529632200553,383.219168587039,5.7672681847886755,0.918560566212671,0.2938300488764665,2.0
360.14615693276306,-265.2601558667664,4.707737993570404,0.8251895889700142,0.1560295210222502,2.0
379.501996309709,138.10468029350142,6.2704628898759145,0.8814770753978893,0.16202832243229134,2.0
-18.09684457871481,358.8419344307438,4.358403608414108,0.8315387289413181,0.19523135874293374,2.0
257.7423081792402,177.11773291992492,4.66515212972958,0.8294374242985227,0.16281879878741543,2.0
-399.1279102066206,135.41741504283468,6.054943127536693,0.8983726269860184,0.2962742805202589,2.0
123.66992288234967,519.7724831952358,6.467725760842845,0.8921861926067269,0.18210975428459342,2.0
2.6536436395710736,-392.76759956511904,6.441725269909382,0.8916470788858484,0.21491537175197425,2.0
92.90355212513232,439.52875302009966,7.624989264949136,0.8970323025949594,0.2111656955786974,2.0
142.06629440606517,335.3916516260187,5.5876728616907005,0.8980055128411047,0.21618228291669847,2.0
202.2783004911941,370.8274862155563,7.3212592430521575,0.9270002453018115,0.2557177490214323,2.0
-139.74997960723894,345.04690069337295,6.708856466003552,0.9103423985786259,0.24188619712647813,2.0
316.62182217725126,-289.07551431366,6.69313571604106,0.876468555974453,0.2371628369316378,2.0
-313.32072090420087,-292.63245307422704,6.712370131342635,0.9166671504009976,0.299699194469142,2.0
-443.3013808217348,-18.26049209649869,7.869968957751469,0.9210564934288699,0.19938372389022513,2.0
70.40675683585043,-392.14528159202564,7.0061204331521845,0.9258759708621557,0.3079319760463299,2.0
-88.2076729467977,326.9840082505851,5.850082514003659,0.9036977454568718,0.3109394843321406,2.0
335.0663865929731,-193.06236378365386,6.447042199259501,0.8864245296960972,0.17474437727610379,2.0
482.86493581518215,143.81133019498222,7.376796943643115,0.8848127792605585,0.1687048962352168,2.0
-307.26846177089743,-143.04507717311392,4.798146867562602,0.8694075177728996,0.2436281777101226,2.0
381.1294056184668,-107.92151440136561,5.75152155031009,0.8976952165690725,0.2956552077929475,2.0
-296.5393469156262,-238.09827769382807,6.292284583622158,0.8756146681748801,0.1723085323966291,2.0
41.53070752793302,401.66379403323583,6.58730974660213,0.8575716188839428,0.14190690145655455,2.0
-220.1279817334918,-366.426831860207,5.866282725555894,0.9215280772544464,0.2818038274017846,2.0
-165.0281654675954,-303.4611577369771,5.581556435321549,0.8573876958821213,0.2709823085768717,2.0
-356.68675745817325,244.1909935018384,4.668783384843586,0.8204718477333438,0.1797851706135515,2.0
168.07812527273254,-302.6193799442546,5.351994390938765,0.8973573036493574,0.21150967036136523,2.0
393.4550788261442,-22.47213406380491,5.794332787227866,0.8898521119851995,0.18519693531300663,2.0
-416.1305909178376,125.04506066250289,6.932251834661675,0.8992501537267603,0.2023600429124945,2.0
384.4646361786734,-186.4319522070306,6.59162885297612,0.9152968522705462,0.2450540558000643,2.0
-303.6050858291194,-135.48949701566454,4.691220948603728,0.8661481833054466,0.24524335036256564,2.0
371.44262408263467,-109.044822351102,5.373322013512365,0.8776645837614583,0.2491354145073434,2.0
-254.09501134211266,305.08635438483884,7.248317931524048,0.8832385914659697,0.166593927473614,2.0
399.9450419889705,-41.90071094532903,6.141226931336449,0.8931919294637841,0.20430270468465858,2.0
272.28865807553905,-297.8710091157987,4.379732790268885,0.8972166101329062,0.3163713803107947,2.0
329.3228411010055,-272.758468961245,7.215996379922914,0.914254632414787,0.2730173689316656,2.0
-47.382093933630415,464.7848878280453,5.780566873305502,0.8900751739959435,0.27149854643287064,2.0
-313.64418852008816,-94.2731130596546,5.1193735101863584,0.8681130822940808,0.2611756407665153,2.0
93.46635387458097,359.61210862585773,5.92802795860954,0.8690637553502654,0.2738772125790485,2.0
-262.20078098335784,394.7526414378461,8.12067047873899,0.9045812967296909,0.18821572011664323,2.0
145.22388093776604,-337.6922839131854,5.24061429644057,0.8792529295260094,0.25658417263755356,2.0
-430.70334553976517,63.3966185252758,7.177375918014764,0.9389305935993513,0.2932571947815099,2.0
-260.40904035927537,-149.63848176181742,4.6114567332112495,0.8310738958883235,0.2605854036108149,2.0
60.45226368395887,-411.1927897335823,6.7931906411042045,0.912643262346937,0.23389156768438243,2.0
-79.7674677279201,426.76282931747653,8.527392013965681,0.9037740372834431,0.19119085394336832,2.0
243.60982945180479,227.51558651434885,6.720162684784472,0.9167017787664927,0.3021389743699679,2.0
-105.37859939854982,-326.7383271986537,5.076862986702362,0.8434519559934982,0.1907710532408546,2.0
278.6305384163515,473.9021954638114,5.5109339444049015,0.9045737890750007,0.3855968873468807,0.0
249.755957394316,-134.96740345285886,5.809276548234322,0.8920928410696325,0.29264648828150924,2.0
-255.82257323750122,140.71776437635566,5.081137257421015,0.8625006657204018,0.22272610817182575,2.0
-260.4199005142953,-332.3462110616531,5.703914262920567,0.8856980390226455,0.2785075901192573,2.0
381.5870352679399,21.955407316122884,4.901173652289655,0.8145172317450882,0.14668865249645188,2.0
136.13292065051522,-382.34928466809595,4.912094729807775,0.884245192418985,0.2736223135290942,2.0
380.95304877152836,148.5107979755148,5.757522725774089,0.8087624288793387,0.13349263307060563,2.0
-469.6460376670951,-113.82058232324265,6.702797179022348,0.8496542540147899,0.10344348516896561,2.0
397.3995429183276,-120.64480033914268,7.089201743052305,0.8737054660035279,0.15732388941684644,2.0
-90.44899071608734,364.5016546722584,5.237120997917609,0.8603436802319291,0.22621778738422524,2.0
-356.598709038683,126.79925145356538,7.1352649158075385,0.9258093472176441,0.20551632706103035,2.0
111.18861597474317,-386.5778984159062,6.132830341632246,0.9048126522610123,0.2469518932226059,2.0
6.342098823884563,400.4726012103164,5.896611465457894,0.8923197411566035,0.21855540108431537,2.0
-169.28653056635054,379.76038375878636,6.708856466003551,0.8889712596800385,0.1889440564786562,2.0
502.1949674166557,-63.066163148658454,6.134974844532586,0.8993228465591905,0.39534946327431547,0.0
378.91398168315027,13.800032486370094,5.037299111164776,0.8894813967620266,0.1878097960406258,2.0
-153.7515650019941,-319.9415043318125,6.125074045728272,0.9098522585840424,0.26481794054304114,2.0
164.0907812376948,352.63385832490746,6.312975356615737,0.8570631923894264,0.21001406165568903,2.0
-41.56869497132178,323.46595786138084,5.671166223729221,0.8951865526982169,0.24154781677622986,2.0
-233.31861115673067,-281.80418201163417,6.301351835908358,0.8924908614401393,0.20350961566119405,2.0
-153.38687018782193,-359.3408477108903,4.594026775431522,0.8321461495392005,0.19213226134928763,2.0
255.14823503096653,-235.01418222035443,4.218213987801239,0.8305795911196086,0.17080985314472252,2.0
-158.58133453304347,411.43493743886324,4.312823709237555,0.8359655847443481,0.18801640090955754,2.0
-469.35647445280176,29.769418332761433,7.064502118425586,0.9200722260484971,0.30737449034350073,2.0
-563.517126208423,-53.84375167832339,5.510037042714853,0.9663142296463693,0.6487644039369634,0.0
-425.24918246246847,38.27657892529123,5.829953127503426,0.8944427293701326,0.2694681788778011,2.0
-188.52007927730392,332.08945453995966,6.386000915238574,0.8856443405722916,0.1727479457504402,2.0
-341.0152161668091,236.90040528304812,6.009905546919025,0.9055888634443792,0.23133144528306432,2.0
173.58990549595015,-294.36026118082816,5.895234882671592,0.8763808903165856,0.14779006904264178,2.0
-402.67546678143674,-24.69945483456769,6.362439573780475,0.9005298003940635,0.2069097469449427,2.0
72.94049238046767,402.2370681108445,5.534330681029993,0.8964511137011948,0.20443441207505966,2.0
442.60355881570644,169.13860268593334,5.75411925281356,0.8924782605469361,0.18776275233703166,2.0
360.33089970084086,-134.9634026043158,4.596477109999408,0.868687277132118,0.2534457176023485,2.0
-93.92815363104361,355.03084363377064,6.0986500819748715,0.900962107932623,0.2153735403547403,2.0
-407.47077838200346,-76.2731701663626,5.424963662429933,0.8075004475134955,0.13523764426226184,2.0
382.9350684360047,-10.687567855404897,4.261942421627516,0.8683179266119918,0.22793762941939405,2.0
-211.9629985335968,-397.99312667489306,5.293681514439903,0.9098196070016848,0.2897701930126636,2.0
243.7881895037862,382.5864239661802,6.785164239465332,0.8793845082762475,0.17156639547797092,2.0
187.15874988227912,-321.2170016283208,4.886371975838729,0.8146899344347303,0.1484353762943396,2.0
-347.58319959818124,-34.44406089865651,5.443910141626405,0.8413215846467076,0.18538138926301698,2.0
330.1684548408502,224.03864076925245,6.288248450450866,0.9142015995350065,0.2571003982800403,2.0
382.0353999147676,244.60884559444813,5.718136422542528,0.9050663310434277,0.23123872361014178,2.0
395.34112969534607,-228.6749284804871,6.528932731456623,0.8735429621483207,0.16043454434721313,2.0
133.81559664265865,291.28982020153,5.624986240111532,0.9146322954134755,0.2811401811162686,2.0
-376.79927828375025,-131.04748440972645,5.614457170400107,0.9030678241705994,0.3041857744529275,2.0
-227.19608006966953,-315.9382634650671,5.987949679039547,0.8965273097218788,0.1945981914552284,2.0
382.5154464446356,-89.61996265203895,6.342975595559457,0.9408936970811159,0.28387458307671387,2.0
296.9581404834167,-362.62014940153443,6.860709733599064,0.8997306415893461,0.1971819251498597,2.0
-10.929368511472527,359.99759164300116,4.15987776948232,0.8047362036257266,0.13792951768424996,2.0
-381.00014653934284,124.3650493191147,6.274399940120974,0.8831622616519403,0.26347434084206445,2.0
103.26801920838783,-327.8668823690663,5.8906924250105375,0.9303933904756099,0.31728998763137173,0.0
-68.14123914702334,386.94381054244855,6.260912861828044,0.9112887623990628,0.23308215931620674,2.0
-16.775495529007976,478.0662613940592,5.685829437969968,0.8939696460133006,0.19324037840557384,2.0
-75.7431625661021,-288.99931642174676,6.119602766450146,0.8707521028038511,0.14683664830742751,2.0
-2.981073340937102,396.93523153482727,5.7308992476307,0.8197655400934067,0.1510317923629177,2.0
400.29130412229347,100.57361927014287,5.817383826737878,0.9008801543412138,0.23257680936579334,2.0
-299.010002212824,253.19698118092083,6.050956415115234,0.8832088445643049,0.25127675144165174,2.0
173.29726556871984,355.7435677315055,5.271663786297166,0.8142059257938288,0.15463485059536203,2.0
200.8281756328263,-292.84759958450525,6.355765369662989,0.8822170830848248,0.16886393228980115,2.0
-356.755399498784,-129.44779406423723,4.527266475278381,0.838103248537612,0.17803347900493788,2.0
-321.43441173289466,199.0434886937516,5.6350282955892625,0.8948029035402996,0.3070873718377829,2.0
292.5281867422133,-114.01885065031655,5.834410992363957,0.871672508220921,0.17186927911021244,2.0
-470.7775726915227,133.67732451467074,7.082889804933472,0.8954857269946758,0.19402629665974983,2.0
-310.6269766130106,-308.48518557503843,5.070971593985999,0.8788188783928068,0.2708467935494697,2.0
-297.81244080345346,-255.33361627667233,5.589081590578059,0.8086395355403071,0.1462429258955247,2.0
306.78244953676835,-267.0500045865034,6.5821775482024645,0.9230613367794626,0.27341335310867965,2.0
-371.3985972613845,96.31890591839442,6.280401830663978,0.8844479194368792,0.18320827591439012,2.0
-373.96753656950636,115.79091726092872,6.441252571788661,0.904867955549512,0.2540852307029432,2.0
-419.71941476569464,20.1112270680743,6.0326438298096905,0.903615867747203,0.2671023293320586,2.0
305.6004376042643,243.6956111593865,6.249470187505225,0.8761389982341563,0.16361500131652681,2.0
227.86036552663776,393.2705535587914,5.4333358537965815,0.9030170360756515,0.22097745271406136,2.0
427.70051274944825,13.38570003828243,5.711308573801288,0.9107883931424293,0.23780609984167786,2.0
-309.89895293483823,252.9265103131615,6.410576087463166,0.8888637775011862,0.18714049343543562,2.0
-99.65387076597007,-439.4935382871006,5.849373395486922,0.8927484833282959,0.1809560188124306,2.0
442.8428933143264,25.249836256084226,4.6832068974113295,0.8239033312494157,0.16194370797665722,2.0
241.71868538978333,189.5205537600923,5.1500162813367805,0.8956228081909707,0.30204062326416403,2.0
-268.5398462844234,-174.51672755083257,5.044898722508611,0.824075384096281,0.15784966359416397,2.0
-252.18744716953756,-376.0543856697343,5.642339827629167,0.9036297990800434,0.2560905299972415,2.0
137.0470592629785,408.64341612836745,5.915902985945781,0.9087068587192374,0.31701154801347886,0.0
100.165124510717,-423.3228217912656,3.8958962015131844,0.8560617340559699,0.23408683645554174,2.0
-413.5763604744615,-0.10307142551523671,7.372287485504702,0.8797922463321615,0.15326019962761775,2.0
-242.0056540942845,272.05057775134867,4.544440373626738,0.8592397743441534,0.21527906924630338,2.0
418.97611174761255,64.40454283159468,5.970704866066955,0.8828704972599697,0.1721941583116526,2.0
-364.0692286815053,167.68961959186387,6.172231354236597,0.8730057673093377,0.1415401866380401,2.0
483.2614302412804,23.9430541129744,5.35247798077484,0.8686473358450956,0.2283315896884944,2.0
-99.43237533126286,-344.57774340713104,4.946847152174907,0.8881846400725693,0.18709622270294984,2.0
276.9116667863206,-265.9235701017333,6.829629783435431,0.9049078970017717,0.306214426101966,2.0
428.1212375628639,232.85442637165858,5.3826105839188685,0.8937411740346621,0.2759629097497607,2.0
-452.2669234244022,-207.42769235550833,5.495592917778304,0.862314343265571,0.22316313474473193,2.0
-126.25669786037881,408.9764685391303,6.7887635815209615,0.8988093964036606,0.20035820195229162,2.0
271.36449917803975,-228.85449114238654,6.982177807506372,0.9110763686708562,0.19650255007823156,2.0
-434.88201264916734,-69.13908175483834,5.16727967364747,0.8313545624235261,0.17665471621469095,2.0
-352.3549997061682,202.7314536908678,4.94232746809244,0.8908410646986965,0.19124566187134506,2.0
-338.87441292908426,195.9246993871705,5.352740934394766,0.8476600892191107,0.1998768946349768,2.0
445.66094832460533,55.96421631458778,4.716522817390978,0.8377109328481996,0.18714017702338087,2.0
347.2791807651311,-220.0772579138368,5.940239608701133,0.9002826697718892,0.2939408214035269,2.0
280.93021792914305,-233.66048980810194,5.038855310673208,0.8236338297867126,0.15454668830808077,2.0
258.5659593621731,-355.9674854046896,5.326918942004829,0.8923649526878138,0.30114569962352306,2.0
-413.6319733255119,-23.31921743874022,5.473950827932821,0.9077236205643153,0.23641502163387526,2.0
25.47868266558955,466.47676677851445,5.890986549210795,0.8790699570343258,0.26270362991594426,2.0
-35.12551063928669,-488.95769081145085,4.829147552561096,0.8462010000047625,0.20069850628273286,2.0
-348.68596262772314,-229.6748672653231,6.557953630727972,0.9284110725426986,0.21496640602781578,2.0
-177.0661000504535,292.298030145451,5.518499261003634,0.9038779568780673,0.2778668332038763,2.0
364.7286176134646,154.83174218973323,5.617869821841996,0.8742951831380587,0.1498280366966322,2.0
289.50100977415025,321.25474588309703,6.155584916805693,0.9104819937753852,0.24940809591598914,2.0
182.97114572003724,-453.4544846923338,5.590980045580298,0.9066919619009602,0.28179951224961286,2.0
146.08154618370784,-431.7689008503679,5.323642059393202,0.8724579856746867,0.2504663906641692,2.0
-188.71995510461775,489.52317890398285,5.02436775627852,0.9001690865147711,0.31019995267359507,2.0
258.774415022939,-288.48193243240434,6.232785944039655,0.8995311542418368,0.2175484226693934,2.0
468.4212719853912,98.08827111288853,5.726357907772977,0.9088143246722753,0.24223349112151477,2.0
-497.87943584946106,17.814224397106475,7.0096337776425806,0.9201934634976917,0.187481307413424,2.0
66.06052687589121,-442.98687781716256,5.435453505417725,0.8410977548515914,0.18322481925089695,2.0
57.143104873560496,-375.2407942739657,6.650454340179965,0.9155461029700327,0.24428394784417184,2.0
-160.79193633517644,283.6733695324273,5.736368849809373,0.898054723804294,0.20735705164634124,2.0
-155.02515464052868,329.46775310089964,5.42489686002247,0.9094672171018259,0.2691729099025367,2.0
-398.35480090557576,60.32167406417871,6.355676102358441,0.9051408965688049,0.21632732974870247,2.0
285.5275100994269,-423.2216403824198,5.80117286181097,0.8985318510791461,0.20796849730097608,2.0
-430.01545409269306,76.18786970109562,5.966312029590867,0.8876145899346818,0.20117153667621782,2.0
-192.98622726143395,-469.34643168940426,6.359664038836243,0.9058282867948615,0.21516162249005524,2.0
-261.5705886964828,-280.24057332258496,5.869891024541523,0.8870334850832563,0.21788916133461056,2.0
163.84022012471232,-311.0793596238811,5.305571076648443,0.8426510959937664,0.2050917394315894,2.0
179.78536711027687,-352.88012980161574,7.75993224311673,0.9092453168135001,0.23003438001962506,2.0
-407.9785878680877,191.40267948730346,6.075695343128389,0.8612335837203733,0.17400192117500232,2.0
-189.80249197455012,305.3313571831095,5.883123221488193,0.8908699747055476,0.19241109568969075,2.0
433.96418376904927,-159.1106814517574,6.6462984939061815,0.8667187101586591,0.14799379646698843,2.0
-426.6725468797248,-119.81747884235023,6.326546155718524,0.890342138648993,0.20287385137933422,2.0
-317.21131528448814,320.8514311530196,7.624886831754115,0.9236238827031333,0.26584949934387564,2.0
-178.92168932194568,256.68100176549,5.927069261070361,0.9328665256506026,0.30910316414781996,2.0
240.79018287759553,-142.36746320030872,6.398035993981426,0.9462225603934157,0.2918642450634809,2.0
-165.5539237352591,404.10872329134025,7.062638212041562,0.9321828399997254,0.23985131596375744,2.0
-67.46006820539623,523.5971392437748,6.896038905380066,0.8832737910712282,0.1934591691493929,2.0
-274.63928471009314,-254.0540281348329,6.1405444820401325,0.9208626647082399,0.27881705401272777,2.0
99.94447639976576,-383.39843509630873,6.559201526178137,0.8675974756160105,0.13010445357436318,2.0
180.16027258158275,242.62738310276745,5.319181176824804,0.8377243935648779,0.17633360136260653,2.0
93.80590264150399,-323.4544260274195,4.8885951621597314,0.9198734454716317,0.27648555511054446,2.0
9.231436033475395,-404.9185462323468,7.684553103876083,0.9191562333563357,0.28914037671836573,2.0
143.1847555705682,-316.58861920325074,5.320675491181476,0.8390612006316575,0.20457569095128608,2.0
439.00246271525435,-215.5515101042402,6.137050850006907,0.8957434179064735,0.23076514691398878,2.0
214.21536344646216,346.2989815440846,5.5384196301758575,0.8966567001148243,0.27698797406041636,2.0
378.4780639976889,128.08790412199536,5.486810532135956,0.8506395322097384,0.20721418327025445,2.0
225.15958694904964,350.92509167531017,6.945277705057174,0.9151371159346624,0.18796480529936133,2.0
373.4463086261515,20.931163115442555,4.477434602694844,0.8723059231465399,0.25781957396181737,2.0
304.7051963399789,-301.39307763904867,6.080101708247625,0.9096582134949677,0.23463292777538208,2.0
399.83401530879496,-338.3894482391895,6.010457527897714,0.9011422498975684,0.21643409847091072,2.0
-209.1451939196496,305.74522624272475,6.062270296359849,0.9014320902684225,0.31565310448456596,2.0
50.057114604906396,482.36714351883484,5.640080639724128,0.9153573007112079,0.26863208202647454,2.0
-365.26070648283866,-273.52138701144037,6.052773939548246,0.9077045723046009,0.22124482344790872,2.0
-239.6231870427337,420.58880989037965,6.479846561748235,0.858530878795878,0.24558978483338315,2.0
-96.17981105757273,-362.4147197240881,5.344309342539075,0.8562510370416582,0.20923176805993793,2.0
-478.7638612785086,-22.000200891064075,6.349137690156856,0.9125176570354661,0.24078685230618713,2.0
198.68171195642114,-369.696846199547,6.51561943283598,0.8853774130995494,0.18795381781693432,2.0
-390.1330499427003,75.74884750711733,5.354735201085399,0.8528566050132216,0.21275664156441515,2.0
190.31481419151143,355.26498990112594,5.492427724865946,0.9036099800264199,0.24523931650084127,2.0
410.25611148079236,58.81846886652711,5.227816018037511,0.8721474044813684,0.25075109857575295,2.0
-99.14928593973974,416.333706942385,6.557116034155425,0.8861666031761056,0.17468367704301563,2.0
340.8370634792727,132.47115887367355,5.578250165850582,0.8873921959878007,0.23845802617267506,2.0
-8.542608343929796,459.1598164853401,6.072354143501216,0.930422984479537,0.23219479801489937,2.0
183.6630411954904,426.6693157969897,4.553467074726067,0.8359573843362116,0.17937614613205952,2.0
408.6314404116628,21.83218056189968,5.890043832017008,0.8922948339625807,0.1801925420554101,2.0
-260.36725941015794,336.29521311374276,6.055422225955451,0.8374508781737381,0.1752577593873926,2.0
210.39783673359344,315.779406362699,4.954175842812113,0.8850954688812344,0.2652960277539204,2.0
-342.20420293825026,-142.5575676027121,4.476065754774751,0.827785783540452,0.1761396636836375,2.0
336.7092406176684,-222.39861260539433,6.071785602357731,0.8793027630518947,0.18456241740020857,2.0
-30.85354640013225,417.15776674243955,5.984610975007432,0.8965886193398456,0.21347926332493414,2.0
-44.87888540491854,-259.79377063882947,4.944233196713853,0.8123748634669,0.15827921580681859,2.0
-447.8316930861402,342.12507055472497,5.970700966573242,0.9566642760644668,0.537002902163379,0.0
59.07924667923871,374.0114809978395,6.186279055146448,0.8847380088933948,0.19428335328585858,2.0
261.10200966119487,343.3052544051563,5.330066116200816,0.845870285878699,0.1936064742155894,2.0
-139.21047306971818,-428.8334362844487,6.727242717399914,0.8804699938371945,0.16346963254860786,2.0
-403.19315488655275,-127.30986942381699,6.538142299671289,0.897414022981224,0.28235086084109867,2.0
-324.9844321932367,181.9239372240965,5.641156446576596,0.8283330057131182,0.1731001148283261,2.0
447.97015237300565,45.82060850478311,7.300695991432353,0.9238690774369515,0.20509594089060026,2.0
-216.4548861006845,346.27012333879793,4.912574568031257,0.8971280078608481,0.2901612947127194,2.0
-204.92845495547684,-379.83064387842,6.310641720389767,0.8682748291949877,0.24883761640849988,2.0
375.60771556045927,327.13807439100174,6.435429603088322,0.8943051711734582,0.19905682996441473,2.0
-535.078722382517,-187.123750273334,5.484334935359293,0.9225877334399256,0.44326859750403047,0.0
408.74204897673854,10.816678866621064,6.367734799833857,0.9005749356455232,0.2518194625888263,2.0
244.32359772495596,-368.0266650806732,6.093071537374239,0.8952456756643649,0.21472867705415535,2.0
165.17154980604013,-384.671057147526,7.6880633443523045,0.9163216667060622,0.18509117246892048,2.0
-424.61525856622455,296.0126274360659,7.250049634006108,0.9103900505444542,0.240490989538673,2.0
68.71755436103423,423.3004291228626,6.359024299092793,0.8884382049565142,0.17570244781477506,2.0
345.2873372477421,-326.6386511220406,5.68592042682184,0.9131499494398628,0.2784460915315574,2.0
-30.797925409273176,-358.06516689303874,5.3938223449123806,0.8655296966726923,0.23190619833286374,2.0
356.80468535724583,-228.59073788894335,7.1613807322936625,0.937053258873371,0.3156578074311365,2.0
-433.60815162022277,-48.54883450432114,6.48297138408572,0.8889945036944501,0.18206339774321711,2.0
-116.2444327530539,-343.88406384413264,4.454018425233024,0.8576525155638868,0.21050563289633464,2.0
216.14493530852997,299.985963796869,5.69708831419066,0.8686870322704929,0.14092498493191846,2.0
230.89084632126793,382.35854642889973,6.721254760423147,0.9450002077188033,0.2831026430867041,2.0
357.5884205140618,292.46199674474246,5.612900766414134,0.8940571313155314,0.19683047881105292,2.0
-398.689750694753,-175.6180941363914,6.125281961310615,0.8911285630046265,0.1848435116142781,2.0
428.6181917287757,69.86003008505683,6.207636763916062,0.8963205152747274,0.20163725297854296,2.0
158.66973050947783,416.98506318487745,6.85628404208791,0.9223710435477274,0.30917497171322117,2.0
-418.5823748442922,-112.4844025786782,5.823590650700346,0.8912866823436456,0.23948811928025285,2.0
-353.1976574896525,165.98193108104192,6.347823921161205,0.8851314222112574,0.18284271643289468,2.0
373.81150101863426,-203.0965192731271,7.1158525723447505,0.9384543696748895,0.30971530445975076,2.0
317.23878665139694,-225.1315197210282,5.308844600306679,0.852221278819349,0.2019508570075121,2.0
189.9529032443047,323.5631938198159,6.518621835286272,0.9454403191072479,0.31155125576650733,2.0
358.90974412566965,234.3568315818885,6.09484011836726,0.8951034173593295,0.2265128625762922,2.0
-343.98976236589994,-207.2063054845453,6.4186750416462734,0.8889550211463856,0.1842501603231639,2.0
-420.4372384311463,91.44945170733055,5.818327374360836,0.8658586097486456,0.23461260693987845,2.0
282.0106795452424,265.8555561831271,5.224008813535416,0.8276738739292323,0.1609692968562536,2.0
-403.44064849464195,233.26569986957549,8.70824301484372,0.9120064147472636,0.15089370004359043,2.0
-294.6183670561738,269.41733191650195,4.634419846412216,0.8500814490030795,0.2005853261717662,2.0
-108.25999605927262,-343.11893751859554,4.66535512218467,0.8904901978600882,0.2770449588273244,2.0
20.469314301723138,-255.5084329343273,4.440860164890444,0.8158916536999965,0.1481773444325874,2.0
-197.40503021046695,393.54740739439166,6.044345967478852,0.8994491668734662,0.20712222116130102,2.0
-19.669770872113418,-413.88470552208133,6.811755385194072,0.9441494461056827,0.27571636943444644,2.0
207.2270497659418,-337.7022379423055,5.7581712905855404,0.8951814772100662,0.2074508182137017,2.0
243.71967293228275,338.69646455737376,6.611660181992676,0.9038598783558963,0.22195190401687945,2.0
304.7007515344308,-341.6028843492921,6.464307295412775,0.8762324209228718,0.1437863652671985,2.0
-252.76452095139226,-178.7815435022101,5.407413588810995,0.9106661847744697,0.24039236534615877,2.0
216.9806687926408,435.6982371630054,7.013296197978188,0.9198427004815285,0.21805787749838823,2.0
-143.84668291002373,-359.558864464832,6.405884862479934,0.8775493694484875,0.15932427043109768,2.0
-350.3975975407253,75.0932554788076,5.800861764833764,0.8553839862725302,0.21080563309247002,2.0
273.5078623936504,357.84444261226105,6.330733575583403,0.9134188984032684,0.2587942824516021,2.0
-382.8509745553462,-151.85954307275213,6.140614687445233,0.8775617612616055,0.17118091595773305,2.0
-200.26610272193213,331.9110793518027,7.006864029706547,0.9119115428104412,0.15796780149847275,2.0
374.0266218239777,-147.26403796097065,6.8279512737399815,0.9139406756394431,0.27148470491791293,2.0
251.6486955801627,346.5998832879139,5.775508470025847,0.9228777279511945,0.3158053456428369,2.0
-189.11910437344042,314.87410999094084,5.112752712370043,0.8349635358154902,0.1710451302210156,2.0
282.0634308719608,-299.7869950147204,6.762260726974864,0.8563799563373646,0.1360710894294477,2.0
383.0106189128148,106.92833357864244,5.1811069636100395,0.9069751095015225,0.23322860606887313,2.0
-527.3692114934094,-111.34728461221454,6.778106058936359,0.8878002090488178,0.19224771022944484,2.0
27.047204337244967,455.45875439249187,6.406664000163983,0.8919631096282314,0.2107128269946631,2.0
366.17004107474736,288.2359659917474,5.007998389415802,0.8524850072771948,0.206761464426609,2.0
-370.39085164139914,-48.6548816506629,6.407083892118433,0.8709211943953548,0.15302431379330383,2.0
410.7066671987306,-21.418315349633158,4.996782707714118,0.9056917098630897,0.3110244732442559,2.0
334.346419944872,172.8187946440575,5.282372557958646,0.8734225042590207,0.2628324800580806,2.0
282.6655585246829,-224.97983700711947,5.319343878474662,0.9079483227768596,0.288583045845136,2.0
-209.74053670646515,327.3668975904184,4.868523624980758,0.8264056438599597,0.16151447737912808,2.0
376.5912636372355,-127.71007974416524,6.432613141676975,0.8610062649904727,0.2257207097954512,2.0
-43.62328597000875,-433.3554484522788,5.0278910242331225,0.8775035573529039,0.28495169401396375,2.0
408.64282517542813,-0.9362794138327941,7.072498130368213,0.920112651062623,0.280088604711821,2.0
-208.86050635211146,227.6595405097129,5.272676617861247,0.9302729162812429,0.311029018708852,2.0
332.35373001996317,335.52398780712736,6.120066132638285,0.8906961866992169,0.20937732968459327,2.0
390.38161676653317,-157.7539845682851,5.972524830527047,0.8857063461363444,0.16943595840206377,2.0
-198.33132710308294,290.1473289287839,5.1138509463753845,0.8435090019187673,0.19000536495003262,2.0
396.0552169595141,35.33770555129619,5.527153326886456,0.893209714765966,0.28311598194109916,2.0
-13.344790465467705,351.5984340225715,5.292814013597225,0.8659897460486625,0.15046489923275877,2.0
-107.05887773514539,-400.30776060694245,7.095056455155293,0.9272983774128047,0.20393682935923332,2.0
183.70492520129034,-294.5081473534368,5.244268506169127,0.8764892616658475,0.15209977267904362,2.0
-254.90360081007665,-288.382277225581,5.604609042363801,0.8839077705836383,0.16362454705590052,2.0
322.0043686452074,-234.4160381247541,6.520421355182387,0.9043321018288478,0.2385637440937746,2.0
-194.5352173563736,263.32555014647886,5.4553561604786855,0.9023936953869737,0.21452230616090154,2.0
-369.19691042422545,-178.3888347336411,7.231445493764216,0.9365625150565614,0.2514290379054789,2.0
116.44916698939946,389.6869677448552,5.377288961815995,0.8923022928191545,0.28804923140772276,2.0
-227.2794951119403,143.4249119717516,5.883151505082368,0.8841529317109318,0.3045519703703366,2.0
-53.532262639300995,-439.8049070873281,7.94692273940097,0.9321525671541782,0.23683072561831794,2.0
364.96602595542856,-126.01968883026076,6.447815756654802,0.9368147186937565,0.29241658474169047,2.0
-180.0622179388379,265.706986654225,3.9415423712802937,0.8602578403886603,0.26454682279023645,2.0
320.7295359414268,-205.29246803868966,6.02986324172924,0.9080413325504297,0.23817996944928535,2.0
-125.50306474135553,-256.4558139082438,5.844863857325383,0.8784242443245465,0.18803762648162758,2.0
-249.20409357990772,-366.97014381381695,5.303409317972897,0.7910212177981552,0.12120202952888774,2.0
-105.49402987139473,-350.62916158620624,4.403327630810536,0.8592215683773289,0.21584602503123104,2.0
375.24689621924875,176.94550178535542,6.773603939945012,0.8770359428671353,0.16405295035310113,2.0
-239.28232901163122,-318.99484477094614,7.189468362944955,0.9182084279248959,0.238037483833935,2.0
-359.57694140375656,-75.34734874045365,4.88487251751358,0.79283150168263,0.1157651138221021,2.0
-404.7740129013231,201.52612220410788,6.325042977636263,0.8519185957327285,0.10274339548677808,2.0
-302.4386252194282,-226.93318758713664,6.8796528261727685,0.9087079523140419,0.17692404566882758,2.0
-332.52425824116375,-206.4609740526104,5.762720426964536,0.9067775358403629,0.22752491999691007,2.0
302.2864659421771,206.65843168471298,5.817838091137537,0.8796930109809846,0.15627501966306143,2.0
-267.86346574625657,-190.50152796717683,5.270320889257059,0.8931927768462017,0.2893635172820189,2.0
-50.052514062765454,381.2664455048644,6.0382364974768,0.8977486146457029,0.20179282031095933,2.0
356.2177594555387,154.41872332035828,4.025295691844574,0.8331145941782742,0.1714713410073446,2.0
77.12131466066037,348.36864329063474,5.498847925095316,0.9094089882040456,0.24034314345088703,2.0
408.2989738846158,81.5528838669449,6.357091467473645,0.8985053375987279,0.2307888709695063,2.0
-282.7266184968045,-248.11546869213856,5.184906287713259,0.8414218751392577,0.18832975179493336,2.0
-457.8632941517206,50.90332349876481,5.896850464115534,0.8852938478597978,0.1893624590861852,2.0
45.283676650903665,420.75045686388427,6.276101312471033,0.8891766864241398,0.17561750393852055,2.0
222.00415589689547,340.54386593626873,5.7165349642741,0.8129527312825269,0.14124525809900895,2.0
114.94387290009523,296.51877370403076,4.797943108122041,0.8494627923502758,0.24191248778106836,2.0
-13.454538868594954,-383.08155388155376,5.846522168333255,0.824385927619964,0.16937568460033217,2.0
-480.9862399015107,-146.07924393641585,4.930592474889731,0.8776169002162404,0.24623828239679574,2.0
37.647316020609416,412.41761238959003,6.52281382681412,0.8697243153604688,0.13268230533206327,2.0
437.8702464337405,9.955512126150689,5.954974877329756,0.9042318620701574,0.2424709795496637,2.0
-334.60195831734757,247.1945564077704,7.629478671976161,0.9216429165291713,0.20094293433507615,2.0
230.86248237205382,-310.3660936724645,6.0205943210062145,0.8802926439172227,0.27373372047683214,2.0
203.41522901767704,250.61835348724284,5.696730192731346,0.8776473521308928,0.2493595829672373,2.0
250.35176974197427,-297.9635581508009,7.085133899353246,0.9199970307712227,0.1959766963862823,2.0
1.45524715816811,-365.5178824213349,4.136798554142391,0.8386196387164743,0.19093730950919569,2.0
415.26829117395965,-92.31160781129356,7.006910386398071,0.8594443204213706,0.10785072947390971,2.0
342.30580816582795,-201.64132118676312,5.8987273355287275,0.8803394743616931,0.18419644839179397,2.0
-129.60114446323763,361.45226583143176,6.111628137471929,0.8770626753944498,0.16817461112979717,2.0
-90.07526724198011,-422.40110731844896,5.579329128458284,0.9012054705352739,0.20779205010855875,2.0
101.25954433993267,-461.92227547402683,7.641071890445379,0.8833917593268245,0.16864909933877617,2.0
353.1707140966194,-179.39422131215625,5.093654195369797,0.8467193242453209,0.19940218236874702,2.0
234.269444743789,-243.90138941253153,4.955586185228267,0.8557360375634543,0.21369318454179234,2.0
100.54216053628166,-319.38443352845593,3.759925611645905,0.8721294245749198,0.24025040934174022,2.0
-314.9436577087731,243.5584618201441,5.713141954225801,0.9083891033776718,0.2715227147308705,2.0
-502.5819648788003,164.473422122917,6.701940587133702,0.9096132460552079,0.22917275084960353,2.0
-352.33273318922363,185.27801740877192,5.718921398778696,0.8921147689817518,0.25107803374514714,2.0
-68.16998028585714,433.4936089742598,6.501267896361178,0.8769784870665687,0.16558029896292525,2.0
404.6997389877495,-111.29312116148076,6.820867749067744,0.8766950900152279,0.15310375759290976,2.0
-426.24297107893716,-163.07852377357406,7.27605350056105,0.9272321993564103,0.29026593548452856,2.0
-349.2972628196358,360.96630058997226,6.605562520517731,0.9041731284143342,0.31759447415155123,0.0
-25.88761429507451,-365.6500412991306,5.136882435640302,0.8575296417063388,0.2843467857373219,2.0
309.8072245525688,288.037947767379,6.778668696762315,0.8896842317297495,0.27119799591863664,2.0
-458.6696835512872,221.83870353257277,7.072366666625948,0.949057325888024,0.31386927453638797,2.0
-110.98169192304312,-389.6149802375355,5.507232066325263,0.9009619062186403,0.25742181346587906,2.0
-311.55904487743413,193.37103865267346,7.097548215041978,0.9175128732441771,0.25808619821624823,2.0
389.9777732226877,-129.66770687007576,6.079973961660961,0.8813648342502852,0.2701532663350776,2.0
440.5362273291118,-0.9002351708668255,6.87064689167492,0.9078346463619883,0.15241128780183275,2.0
-183.53937380368083,-341.7621266476821,7.162331224092193,0.9362526683783785,0.23661442462998455,2.0
108.03598412682295,450.9460267632101,4.688295914883969,0.8653164642214325,0.2295121092410108,2.0
-18.153005928389508,442.5880571647434,5.383723843972247,0.8799679687722193,0.26082463833060543,2.0
-110.79939010083349,371.789804391428,6.502861116912716,0.9261439693034831,0.27975161768963025,2.0
-304.024111186272,212.65382328891715,6.167288947699551,0.9033585326932213,0.2949433419367041,2.0
370.9455742187876,121.55813583918945,6.094564705715435,0.9004345589994426,0.25335540081864233,2.0
-231.73315122771123,-367.524646537323,6.78755635860892,0.9348917576132755,0.26586196616619623,2.0
-355.0567801963766,-210.0037041865208,6.145270462452086,0.895123135818483,0.1943110233300019,2.0
-200.8688049681958,455.5495935979751,6.851884025531068,0.9226833006621261,0.27475448026818833,2.0
362.6779772551917,-144.09063929571911,6.16754338377831,0.8874039665745128,0.17771872388715265,2.0
313.4270107554085,260.4697562512676,6.263829251238974,0.9030780734745717,0.23944773222511304,2.0
19.62659353311506,509.4054126264001,7.3661452601572135,0.9464030411163612,0.31411671260648477,2.0
-117.65507057516366,264.73990088037795,4.65488213432296,0.8576348646031219,0.22373497372783233,2.0
477.8751274013386,-104.88536216978696,5.866017373776011,0.905446857833593,0.30044263080853684,2.0
-219.13743096765182,-323.71147214575024,6.3900229061984835,0.8941280429193957,0.18675628475415662,2.0
-192.88093151163272,-334.5708669453268,5.496859236434343,0.9028884649491491,0.20905960044154528,2.0
328.0757976893919,274.9467193834529,7.154543396742834,0.8724901341318564,0.13522080780457282,2.0
-365.32218501518133,35.24734455233575,5.08139688606325,0.827988992157252,0.16432933803059596,2.0
-405.01750948598476,43.8606389080147,5.141895449275289,0.8334423187650549,0.1761811421853323,2.0
-316.76751115278006,-264.8798585577003,5.378387907135694,0.8260461078262914,0.15978356488283454,2.0
384.52820901405806,-279.24405744141643,7.50674350097767,0.9110770618024313,0.15730999700478,2.0
-198.13601626263997,-369.8268650432144,6.753107578892041,0.8916927669634634,0.19183491317680235,2.0
-20.42879226014701,421.146592318278,6.473293193319261,0.8861894314880423,0.17167813149981512,2.0
116.72594924846207,-421.8725819061166,7.187169208773263,0.9240099152140886,0.22664008360679289,2.0
135.8666080866909,377.9034006531084,6.222525746803483,0.8936263692317071,0.20744416618925518,2.0
103.83466767948228,361.58761207625946,5.075028696253322,0.9090675200533336,0.2464588969873535,2.0
347.496228845563,201.6451547308666,6.295879828546536,0.8374152583027432,0.19900646940915914,2.0
-400.5879943809921,-83.49294730871802,6.223856030742023,0.8508464198812075,0.09099268755030201,2.0
-285.84502755016854,-238.96118841920406,5.809313429620639,0.8977626430121594,0.20945674731755232,2.0
-158.75803751785324,-425.3467115018097,5.367010853740975,0.9034132716730144,0.2884987192418623,2.0
387.22389423837535,-99.7651502052969,5.46583555327444,0.8858864499069974,0.28010274316952377,2.0
52.68088098424132,333.452968633126,5.367385680244798,0.9025643876791485,0.2334026356962664,2.0
152.76111097933546,-386.3244565309903,6.1719695985355045,0.8703405920598729,0.13173000720350103,2.0
30.431652129670812,-327.7107066255471,5.757393560081611,0.8357646164746486,0.17901934939964445,2.0
14.323830983484537,-393.2240642718681,7.017405678513168,0.8702209138849795,0.1456049572315838,2.0
168.65243826111796,420.3796473006893,4.9130924621562055,0.8623443936114814,0.2360097662358374,2.0
-507.14241794260096,267.33232576856943,5.683506690248847,0.9892103607474543,0.883726218009336,0.0
210.20084312352554,-410.3310087062369,5.177412158577382,0.8206332368075706,0.2825466585564173,2.0
-232.18905444145005,-348.10428990371406,6.342326439777814,0.8904723939969567,0.18430084724293078,2.0
433.04295541824314,116.43650872625496,6.618870803012995,0.8674731074927791,0.1307157314465727,2.0
42.665316355749155,-419.94764704297734,6.006143928129058,0.8745173048360821,0.1546554092404829,2.0
-346.62422680459264,285.809940764039,5.905017965849925,0.9012975414537238,0.21859486955699078,2.0
269.47143545123726,381.8251082064685,6.663444165667319,0.9198450730729829,0.31739399635195303,0.0
29.8454488818369,402.45198839059515,7.277590278332564,0.8606479971849574,0.11919496264126231,2.0
146.17075531361368,-369.0617265123362,5.801213145854602,0.8928370142429299,0.2109134942018115,2.0
278.5131748710208,305.8897657193475,5.600412556056169,0.9118997550495014,0.2792024747286699,2.0
-230.38597522025515,-326.75998370767024,6.605648837170183,0.8761867323019359,0.15107149173466675,2.0
-253.24414362477827,-306.04658094731485,5.941478782121087,0.8696988911692995,0.13281977029056427,2.0
-130.69646079541351,351.0280446451256,5.452688704612246,0.891318741535571,0.2171264639528981,2.0
-412.95914070860664,99.03058067123516,6.740694421893299,0.8982084875803662,0.21354284432771828,2.0
352.81283216285397,-279.8237707908063,6.923894717020251,0.9190858373599058,0.29900631180331827,2.0
392.4238708098709,-167.86516219867596,5.905366069553221,0.8954998634918265,0.27304743292055217,2.0
-274.8401637448335,-302.9643889763773,5.326154776003258,0.845463167649856,0.1925679778458807,2.0
-327.5397198764625,-92.07376184891008,3.8654149214824067,0.8570278725524108,0.252293473208457,2.0
312.1120858822853,329.78314427118903,7.225512040906828,0.911918388455199,0.24125739453941467,2.0
374.26021116530603,111.65788151193819,5.542340923860369,0.8997821897978516,0.21169759356855417,2.0
85.18696914371733,385.61348356626945,6.247482939448926,0.868832424115724,0.13752418528922505,2.0
-402.14979785871805,-102.04760882246096,7.015782025090866,0.9117560726408376,0.17470024614277152,2.0
-268.819328225186,-359.4278237884599,6.321696219495929,0.8246128463010821,0.16695307573635706,2.0
-370.263494755735,177.83848456733998,7.159864179733101,0.908767544376371,0.14391503917760026,2.0
267.25196038766563,334.1453881503004,7.205267538589139,0.9338635715958281,0.285934531801243,2.0
-198.82282680301697,254.5666862872067,5.1515501407152495,0.9127793115984125,0.2927848562563314,2.0
162.44408160127966,-401.3691024161157,4.893368459650281,0.8673600374015159,0.22973565300445542,2.0
446.0908582247563,-107.31855608798219,7.860096707495892,0.9173665044687127,0.17211305705585286,2.0
-83.59446350820866,-400.73840402355376,6.61396554045344,0.8903869961595473,0.17775001466058,2.0
287.9241476464159,275.22053985662427,7.091488834964691,0.933090223650466,0.26369695480953903,2.0
349.78186344129597,190.72958952386176,6.530345842400205,0.891553743529771,0.18771287498858447,2.0
-158.1449807355305,347.07116043554345,5.492995080636644,0.8417285461473825,0.18816853523723778,2.0
154.04083232321386,351.2989211525343,5.810226884079538,0.8794020641135476,0.18030459839479246,2.0
-205.53192208415234,410.8722198379962,6.253787150990759,0.929197785562604,0.31478575662552405,2.0
319.75475953766977,193.74317652667784,5.577066114111161,0.9163158937022579,0.252364391685165,2.0
-228.41062759306516,-244.37697661350222,4.634099085244454,0.8655542090463085,0.2288939124845372,2.0
489.0092981549202,-18.228735506337298,7.280349432189077,0.9152448423489092,0.355873578936205,0.0
-338.7991787763459,-197.5473619287921,6.123453931993657,0.9064471783041032,0.26502479262789297,2.0
166.16469078648885,-331.44957604272236,6.770297083635946,0.851949797687692,0.11076225833729281,2.0
-71.9212994126993,-401.6214564368231,6.292622746212723,0.8845019567091802,0.16240595822071555,2.0
-269.4679592384505,331.7617145402844,5.674919720445805,0.8787225908488291,0.17623715856384295,2.0
-326.6465479708144,208.50197217245466,5.664959283477015,0.8781264591613572,0.18232028009109408,2.0
-11.48044742685906,413.9811482773336,6.141502653958867,0.9015937665970408,0.21449279927398307,2.0
390.0353883505961,-83.16991468426096,4.770640609282734,0.8405242157596281,0.1859621994613341,2.0
-214.9991769823124,287.95656135507585,5.74792401372168,0.881784817622326,0.22935799540986068,2.0
388.22139589920704,-3.4128247596704617,5.627770972839908,0.9128235538447617,0.24610482778652457,2.0
-386.66521415154284,-50.52655839223606,4.528761833166386,0.8980679630975157,0.317465089619136,0.0
440.28614797826253,-34.35873812683591,6.938765200293523,0.9097942696022412,0.23877953498871676,2.0
305.5863304893649,-447.0269644967688,7.16019634154858,0.9188537950564899,0.34168993786899937,0.0
137.83450717596716,-481.54421319370357,5.559125331267396,0.8845152810561854,0.4668352438642715,0.0
-76.24842279083771,414.3476189847331,5.7424741502522245,0.9061354891912959,0.24615335960103385,2.0
296.9688019163906,-283.86077779154397,6.018618348802671,0.9111316763235493,0.2707505260462699,2.0
298.20800428753466,314.32028139916383,5.811630203662905,0.9105866388229854,0.25291180402524466,2.0
66.24334727789604,350.60189081105824,6.1079130067836225,0.8992409207307079,0.22741858691677522,2.0
-348.9941199911486,-166.82068435454244,5.531742503409991,0.8909839619327911,0.30957928823051367,2.0
478.33039266481416,-83.04534769327772,6.727134002675068,0.8710523926754834,0.143491197384163,2.0
269.1036325407957,321.851908632103,6.643555155287597,0.9021431960663295,0.2226268218403174,2.0
358.6452678718611,161.36846419155037,4.179871962678453,0.8356990254778504,0.18357757085693582,2.0
-432.02176411384863,-37.067268953704826,6.0791135123850575,0.9030370551043544,0.20663207289558777,2.0
-292.83572241444466,214.57573176682234,6.684301126008725,0.8864624169256804,0.1779219379074643,2.0
-25.607547231410216,363.32303349790647,6.0115886160345955,0.9066041602111825,0.252088216264989,2.0
-170.77116447659523,-358.290082858731,7.194780964887367,0.8954165243865447,0.19029261283419563,2.0
412.738318172506,-135.3463969398355,6.294583278286698,0.8915462706116729,0.2562054281878989,2.0
-200.20595789172756,351.42961119499347,6.814207788106711,0.9080071328691012,0.16286977817797949,2.0
322.1420050762722,374.8773052496527,7.361249091531782,0.9081225919849084,0.23618603875308034,2.0
300.9581898205761,-351.82003957565126,6.011762077702311,0.8811194134507714,0.1657189965104418,2.0
240.74153822785914,-406.52896720936576,6.414664926949107,0.8699153170355277,0.24639484432578476,2.0
8.634185681099991,440.6131742904298,5.32503688903186,0.8644457109631655,0.23598586351965783,2.0
-396.55137670895766,-110.24305865180544,4.914853565915061,0.7878049519125248,0.11878635704998214,2.0
176.14827257797495,-378.3015772203988,6.297645669034056,0.8877921111467668,0.1817346116721213,2.0
-389.5315235286729,-81.92322283991918,6.624886928798001,0.8898835684825123,0.20532622364394298,2.0
389.13255437373095,209.06124088412275,6.587226259736934,0.8808032580435128,0.15941129909826096,2.0
60.80269574360295,-399.1965391543535,6.243635444156574,0.890267156107696,0.1870840752198487,2.0
-481.44051100901623,-12.66234290634589,4.860573567122907,0.8627293116967107,0.23114903060355993,2.0
-193.60581427046708,341.8888608227993,5.83781021215082,0.8916120251600846,0.1785625294944085,2.0
-326.80727948468314,-215.4486190746743,5.674000999759515,0.9018503844381668,0.2128293904857791,2.0
-105.70409517063915,408.6842875220975,5.1418931442709415,0.9029968495735482,0.29151673652879995,2.0
-32.236223740442156,-413.6845248690889,6.971258141222825,0.895671589954119,0.19249713953612313,2.0
181.3655810541039,350.5369693104338,5.844073827453901,0.870585879286216,0.13647190316871735,2.0
347.95771334035425,232.39741093007527,5.84594393424933,0.8869698983612594,0.18251188286796424,2.0
48.87501147173863,410.4506835025968,5.992456659319458,0.8928123401883451,0.18373478561524276,2.0
-250.15231426485687,-315.8613394774575,5.739934084070097,0.8755945081340654,0.15604029123177654,2.0
533.7433399419349,-59.54856086895319,5.530867338829496,0.9097219871459382,0.2948076658870733,2.0
200.3705816498697,-282.58721205050557,4.80340972057041,0.8138080490450632,0.1557450656608108,2.0
288.09065809576623,310.2767314380426,5.787431933104319,0.9005293548065574,0.23697478435901728,2.0
-295.14520591884934,-109.24726129437839,5.006240570257523,0.8185359628250197,0.1574026002539032,2.0
-321.8919312823161,-95.85241527615534,3.821415015914662,0.8404594874214291,0.21473485553411745,2.0
371.8881504287559,237.21778599390635,7.4496824692776915,0.9315761085557064,0.2586246709082913,2.0
367.66768759276664,104.5328147892831,5.145057327248549,0.8947142078229455,0.27558571872026205,2.0
-127.66419449000342,262.6683442991183,6.341105320718931,0.9187608706368552,0.28238588319213137,2.0
443.56624098088065,-52.50776943970229,4.476729093975733,0.8497193033827802,0.21794286546285702,2.0
-211.7665803337828,-333.61408799896435,7.260591328936323,0.9252613100640682,0.2786334176346724,2.0
-149.75594273065178,364.32391962662234,6.42567726039552,0.9105081819881766,0.25768526976068923,2.0
75.66600469129658,-367.8946722752272,4.643776943873165,0.818358028821025,0.16832842507866444,2.0
207.49941130605706,-378.0560276975025,7.000363619311267,0.9144376896021468,0.2417296839382471,2.0
-303.456374400646,-299.7250708661472,7.2009720503128225,0.9130901889933108,0.24279033567616026,2.0
111.78392129850957,-397.90712428925747,5.73043054771153,0.8674836753928988,0.24978827513304977,2.0
394.1320192803182,187.94966015730543,5.81386308112112,0.9002084951042745,0.31526204089953996,2.0
-97.71494400857198,391.98000563298405,6.8896018428083705,0.8855350993350307,0.1799042035996938,2.0
-365.0509163172994,-342.0771375335298,5.541806221646526,0.89419744312407,0.2956707014956337,2.0
398.35502007270054,-66.74604966782961,4.710442221810624,0.8600356597449428,0.23617005298396684,2.0
435.6805472664253,186.43681106861115,5.495395251597111,0.8791848721932153,0.2048918413761802,2.0
-429.8791157531639,-211.53959122068215,5.137759128757036,0.9350361311877404,0.31342154274707607,2.0
55.90442263303348,-519.5598946721559,5.021180496310055,0.8461199808449144,0.2021471254521494,2.0
-320.80358476332407,-170.54950996976584,5.429946388467565,0.8922044404658822,0.26941042700018225,2.0
-407.81802100841355,76.82358370920838,5.751640595186288,0.907611932445495,0.24647660665594642,2.0
-280.87032818077,282.1420311944846,6.373057758328062,0.8992048925556231,0.20148053087360634,2.0
269.6880829232152,281.17586169153105,5.989366907732339,0.8830904962847737,0.2698493502037278,2.0
501.69855695539,48.156180887003856,6.615210020082531,0.9186171998564078,0.30724708069326223,2.0
-19.099212082222863,432.2663848647531,6.326499875246745,0.8790424493579359,0.15022089775525801,2.0
44.54565766293713,471.04969296633436,7.312620973656326,0.920776446566577,0.2112241855586887,2.0
-94.26529984966484,404.7624299086329,7.101873421521632,0.9326201441110512,0.27045429977746493,2.0
347.83176960870634,353.61711176930004,7.657515270275687,0.9112147649589979,0.22129857871669215,2.0
-146.23493362826665,-377.38065950031876,5.339212596299955,0.9161349152577203,0.28100315192126607,2.0
-303.3814415119212,263.7058080802709,6.869020455468788,0.9285161255514006,0.23956142303741446,2.0
-232.44947526267921,311.6546070006612,5.508543292525814,0.8353658115061119,0.17745157726935365,2.0
384.3423642740557,-224.95120915923448,6.464725982894463,0.8899789761953438,0.1809450536134435,2.0
436.3263614845158,40.56310824226252,6.157204028810548,0.9061364100900196,0.22793437785597903,2.0
-348.40498764135737,-25.41693919461982,5.087401683077229,0.86667837080182,0.22696425508739565,2.0
-372.1164186874021,-59.84510620380432,6.558732966496939,0.9145939140972073,0.27841702958924486,2.0
255.04213550479272,308.94427159465283,4.873461630815681,0.8604517959347076,0.2489157876489955,2.0
-427.40470053023057,-222.26930710753,6.3905876797896815,0.9050513822686991,0.24833082495221198,2.0
146.16685859296598,-358.3469856777333,5.959487187615978,0.9032033002770053,0.21319316639789357,2.0
-312.57234743843344,-229.68501547721743,4.292132889163773,0.804726906888883,0.15770792864930303,2.0
-147.04014712109895,-397.60050850794823,7.1294948894223715,0.9176578658201032,0.2701529092076372,2.0
-129.60001512668998,-369.2544709317149,6.4877140814913945,0.8977874286364804,0.21079070517843296,2.0
-128.58611645595332,-423.6974904685935,6.722027566885357,0.8842302000196358,0.20036056454214757,2.0
-406.31803676140686,157.9226963595415,5.9068372421229105,0.8912591775777973,0.19758123396092384,2.0
389.76898908784693,343.5576124969773,8.077011249854776,0.9053833141411444,0.15749461413427263,2.0
-284.2491802117305,364.68544964745615,7.083176903131187,0.893692739118753,0.22315206082123074,2.0
-149.5827366079956,411.4051377562389,5.5934378336665205,0.8852525865438545,0.18455017173118524,2.0
301.71935653833,261.03570948460725,5.877308676898481,0.8793463878210565,0.17511790854655868,2.0
-372.4980016872163,-148.8106399878821,6.057432572103942,0.8916333890286882,0.19626799239426404,2.0
393.12922656531555,109.1620489021171,6.246581613759369,0.897564265535734,0.23341481986718585,2.0
-140.52840166971458,-456.355887164893,8.215779363214521,0.930484851725246,0.3187310075197989,0.0
-67.38529810448208,-410.9408101486616,5.5418718453512215,0.8948765497493366,0.2882508371157346,2.0
-217.7953425924616,356.8719643903932,6.737351819993398,0.8754944918968113,0.16257442015731965,2.0
-389.2729434912414,23.17097575688674,6.248852611995572,0.8755137685132233,0.14521699915856287,2.0
-261.6956622078495,423.8332431633507,5.697161531141319,0.8845642786540484,0.2056011499306324,2.0
-332.85058484801465,-245.75621823292258,4.948124879462521,0.8308361522195651,0.17810892605443487,2.0
44.3191550159356,-527.7037455123119,6.277426362803804,0.9152906716059774,0.4071321135274138,0.0
-340.7081522932034,351.81865906141377,7.426849436486393,0.9203977520196145,0.2743037187926569,2.0
-360.71650946265447,202.89464461177207,4.656177906463277,0.8258734076303595,0.16338202022064502,2.0
-129.74192694067742,384.16691727915776,5.551122082434713,0.8929479373639773,0.19672146756263714,2.0
-251.96415327819454,-250.31071209554818,4.865521860572469,0.8751022053419897,0.24148023409291716,2.0
-165.5217588466904,329.5802885776517,5.801487165709447,0.8816059921855897,0.16986668103565014,2.0
310.4615065328463,222.26807177310226,6.2053420907759245,0.8603350156454381,0.2491926217612254,2.0
-360.5352457503637,-47.32135892773255,4.808890375794374,0.8289205106685609,0.16267732349067876,2.0
378.171328477006,225.1258394853918,7.209932399139932,0.9247021333734888,0.2006590879080955,2.0
-38.340791818009826,-403.06840053220736,6.6683534364432875,0.916076897050311,0.25104634078722804,2.0
-193.87546183256578,-400.79195886899566,5.854334196456088,0.8879764782839729,0.2149751156925571,2.0
-10.044414900172825,-545.24432994667,7.547338636205316,0.9238139453209324,0.2819098217693708,2.0
374.7791971057225,156.4829247609769,6.052582771476549,0.8530765403488569,0.20891584120154844,2.0
192.19568243842295,-295.9358209706212,4.358162783615454,0.8223527556706176,0.161568385940894,2.0
384.0790373130336,-56.712964138724345,5.546456999541324,0.911711553858162,0.2772121094566029,2.0
28.32446197616768,-256.7882457446336,4.699869949651401,0.841543130957612,0.18439219794953624,2.0
279.49266006723786,329.0642406292067,6.987547949007702,0.9420845135220681,0.2722984041562246,2.0
-440.8560650001486,93.74896276986297,7.5840457186129475,0.9424891774413425,0.3092902929310931,2.0
-165.97846534106785,-250.09683019253092,5.34257798285433,0.9076453930846705,0.28950202388558255,2.0
142.3634107848724,-389.32963299278487,6.022896092967428,0.8820434128897723,0.16366011384460047,2.0
-262.0891342122133,366.27369751758783,5.454921116087419,0.9214576925817061,0.2592576472056228,2.0
68.22026664510365,411.8800397594122,6.359024299092792,0.9326828758651788,0.31697572782862654,2.0
-121.5814272315497,376.8884443417782,6.2830340134410685,0.9330285586032955,0.2803954934655337,2.0
223.1339841226649,-346.55874417639916,5.854211413158349,0.8923495309256579,0.1881986351457664,2.0
-295.4377746512245,332.3511007164324,5.929935666422659,0.8958582711441913,0.30131758290482985,2.0
387.9036194029011,177.76966918029908,7.754990017933231,0.8643017554087322,0.12121450104705031,2.0
306.3165503797895,253.22200329751985,4.831068897740981,0.8221379135411055,0.1601793345472087,2.0
279.341451105499,316.7826913389492,6.455716630177791,0.8903515490667878,0.1832670852473197,2.0
-243.01814052381164,343.64391792782584,5.470363904196838,0.8569730023056987,0.2430683733887407,2.0
336.98788400414077,205.81415754007568,7.244550633456256,0.8938912671839137,0.21103277596916412,2.0
-446.7830474633568,2.819259342023355,6.034690680481072,0.9160977849741608,0.26971223064627114,2.0
-166.18166328670102,-397.92335568858203,6.1385938819272345,0.8732664299361436,0.16783561083008772,2.0
88.97878504083758,-380.9504443753074,5.994914964975002,0.8924815233303942,0.18979051221494134,2.0
-320.23343320505256,-255.17750033618498,6.142477950573401,0.8767508600326546,0.14887570118119683,2.0
-369.6053512817935,160.24238888019036,4.543480768514076,0.8324547253646599,0.17231506196980106,2.0
103.50859985098664,-487.23895483595726,6.632887254878271,0.8636744154843632,0.11635577292540202,2.0
-43.93346318962201,-509.6922283920698,5.413491823176997,0.9332796294294379,0.4675855821577544,0.0
462.53009311944226,87.78925185577009,6.952964100648612,0.9367095687462462,0.2720693803366879,2.0
-381.9693169716301,-208.2925025721742,5.105814831616954,0.8172758844909583,0.15323121614735058,2.0
360.2573637830505,213.01600167204617,6.931238845125639,0.8978043083162621,0.30057336350033176,2.0
-390.2998823948233,-183.66179534386356,6.959976229723337,0.9283224776797095,0.24177496066728496,2.0
-280.7580223960274,-277.05946293522885,6.280350368244198,0.8977358637385121,0.25358551728545303,2.0
-175.91833893308043,-403.02040791293297,6.647786536203575,0.8665434593571963,0.12286149016360524,2.0
-407.6456816584148,65.9685071443028,5.569590890055581,0.908804528486879,0.2445881396370919,2.0
-375.5124934393346,-159.6428579528469,5.786138725234502,0.8737025534264097,0.16085683151550245,2.0
-259.7874191117247,-313.5216827786794,5.278288994405087,0.8439532516098593,0.19377751811944377,2.0
240.34884566682007,-316.49347584355144,6.748970309651226,0.9009130391210465,0.22839231033723068,2.0
376.5805935173663,30.923876578757085,6.897104910278859,0.9358549701237483,0.2982608784995721,2.0
-283.9150059510829,-352.75079626176273,6.6748079312989494,0.9126915471268903,0.2597001597616924,2.0
112.38780891590943,519.6162444202612,6.244992212009306,0.8899918461822065,0.2992098599580512,2.0
28.781379870429642,337.0941746001702,6.224767823744591,0.8819883625216034,0.15688669982281483,2.0
188.2881227704654,460.00201742916926,6.957423917789704,0.9141764202353913,0.2676075970630008,2.0
-386.39401942098726,-133.7824201310633,5.395456351204989,0.889034955621395,0.19429298140576862,2.0
-355.6024294354641,137.80597124308937,5.4383430116026545,0.881108654859667,0.2624010698089027,2.0
-375.2694155650045,217.58549529554824,7.452049549157433,0.9309552190530972,0.26114774739910024,2.0
139.3771109719975,-471.439745465201,5.459408358077146,0.935514713914122,0.39286967886109664,0.0
13.333947757491426,393.529851204281,5.06340719356328,0.8550047995353695,0.20795613906603774,2.0
428.5448640988527,58.32695847904409,6.792210989792635,0.8778847252462185,0.1472397728511065,2.0
-140.921824343515,-470.39651721183816,6.285938573467588,0.8829316356513194,0.217345919680344,2.0
76.53646858827084,417.75004742188395,4.571108684000836,0.8323443926793306,0.1886794839916124,2.0
124.25271855316295,338.7612004538181,5.108815978725704,0.849795686510118,0.2292383609995011,2.0
-99.94155198721137,-408.26994805344185,5.187015485308802,0.8193499200205094,0.14900559966167887,2.0
-382.73976204837845,165.81301929178565,4.426165937231687,0.8313689292455829,0.17867509292745393,2.0
406.31845592319013,121.81115171762616,5.39434430511999,0.8406809501641875,0.18146652257031642,2.0
258.4214972247208,-338.60581963421293,5.382804028654499,0.8774653031136084,0.1808984964568769,2.0
326.82122504470726,-325.83746696301785,6.711380953378698,0.8936125863618138,0.18423720786986683,2.0
357.0492096667194,-152.69756258388844,5.829809386917028,0.8850899380761813,0.20667097579017124,2.0
393.91603280490557,-178.57883418935782,6.660931099114915,0.8706684409077611,0.15033096034070356,2.0
-31.382458962626426,-384.48050706450306,6.415419289619995,0.8993163837425179,0.22154508964363098,2.0
375.5247995711792,-233.48546856529546,6.986468543165926,0.9208975972774189,0.21103446042347615,2.0
-397.9590655241185,-73.45776527020317,5.691190904643072,0.8707569911458247,0.16944410650449396,2.0
422.85004173095757,-130.03342110456558,6.621897465175393,0.8995914593320969,0.20925795174814993,2.0
-120.15709080241788,366.1759086910553,5.4005680156082185,0.9085790727649146,0.22597405960107872,2.0
112.77183393555246,363.66652102996267,4.752838051477613,0.8327260489801486,0.1860595131866052,2.0
360.64447926922367,188.2959185182323,5.969944519713097,0.9008075936768067,0.24179649412513343,2.0
-159.96126775974258,371.25454196421947,6.924984970425399,0.9058339400727504,0.21993395147602696,2.0
-403.40560970001366,-186.3608279169916,6.836375630678071,0.9114112659309245,0.314281461531097,2.0
-269.7712060248229,285.9552987318676,6.3536284098599225,0.8839942901972639,0.17282942078195507,2.0
-389.03286473168833,-326.20329590255375,6.993822490113518,0.9106723476426234,0.2374081206324775,2.0
-201.81164325680487,-337.36602540482954,4.981535474277907,0.8249230780882367,0.1613820251367209,2.0
339.2027786987416,279.1362373056389,6.53761417214303,0.9096349648452478,0.25134220129850693,2.0
-347.47902667228,-259.6014823060634,5.355619100942437,0.9208608586020728,0.2781241494788462,2.0
-234.1954595055355,-309.44693114001205,4.866171890687963,0.8376669417718575,0.17556225794813177,2.0
-356.3861103596635,-121.29871990720423,4.886546802373569,0.8715586672588609,0.24006774234335218,2.0
-60.31300923339807,-268.65621486676866,4.6302494820824665,0.8801277553591623,0.2578837275104772,2.0
16.07133716648228,415.14230815891386,4.807661708508408,0.8343954864545954,0.1989889607503011,2.0
-48.39309590297227,-354.08947011415745,5.5614009825111435,0.8955988703056459,0.2883743273522816,2.0
-398.77085346351475,117.12759552048563,5.783743790665904,0.8627436293988995,0.24395175484371884,2.0
-405.3165246513924,145.99748526501068,7.544601558360104,0.9115789534969272,0.1615711278666762,2.0
-64.59410480958663,398.6498494705398,7.181053441012536,0.9113558430634321,0.23212271968647227,2.0
292.65126681668664,343.46359672910404,6.459350642371516,0.8705482023130164,0.1507192283880597,2.0
335.9977533291504,-173.0674006474643,5.799983906483372,0.8729875361864018,0.2689768805727353,2.0
363.5607682688964,-79.50267383967967,5.560730687145469,0.9037950246110455,0.21623002390813761,2.0
327.8311484348623,-285.29717650447867,7.180700630200378,0.8547694694307585,0.11587241231559882,2.0
-347.29974729379916,210.28063457666224,5.183523431534889,0.8944000974371924,0.2173501237150573,2.0
-305.7301170447869,202.39665769081384,5.151308577259806,0.8647313142736832,0.24330001915861968,2.0
217.08060835303138,409.21993803893355,5.7785958247623075,0.8767276204956532,0.25574751810839347,2.0
145.53073804930008,385.6986211058149,6.8430812190146355,0.8771879704941851,0.1720070552604249,2.0
438.4807187358552,98.00122168072998,6.087285323156691,0.8740628685073757,0.24796577700344402,2.0
-109.66945704586408,221.2042029141092,5.199727576738178,0.8282022197750378,0.18440689252756232,2.0
92.34775733060526,406.400102653493,6.927760644664776,0.8903322099360349,0.1956572417704108,2.0
-49.56053211210891,-279.6835799938549,4.8466140501849,0.8779264605764083,0.2551558926322906,2.0
6.8686419245309684,-499.0115804355043,6.16347085602524,0.8749306046439228,0.15929959551985248,2.0
208.44690427921404,415.9824870469661,6.446062532471993,0.9515257510373262,0.4194240628118729,0.0
426.25773901270696,-109.37224096583553,5.388962853981237,0.8304705149243469,0.1650706038922264,2.0
-386.1830638069935,-32.917761581938535,5.964573976058688,0.8884271969008133,0.17271420716044172,2.0
-334.847697038607,270.8805545836712,6.090998644533204,0.8946448175892222,0.2007323744357055,2.0
422.46341722339093,-49.22627766420874,7.7349174894001385,0.9327142858803159,0.2941712590430724,2.0
-305.17348575394675,282.8058756392059,6.290676128256903,0.8829032520707343,0.17668693840974786,2.0
-183.5502580042662,341.5914576220168,5.502078095914015,0.8983592748210721,0.20115201153022164,2.0
373.8638842451096,-190.87126193453722,5.928871207285155,0.9082448861416087,0.22564319918894016,2.0
229.85360782698862,-277.8749146263063,5.557751927391627,0.7912319173691151,0.15835505032480998,2.0
-398.55585363038773,15.754000716031404,7.085860010002292,0.9291319740214727,0.277136020928236,2.0
102.50886841504992,426.1697118017463,4.361272223917107,0.8523583505900433,0.3166585696969214,2.0
308.6807385136745,118.03492415502889,6.127398572928587,0.8851133391169251,0.3169129398509867,2.0
482.69942499848474,249.30186136415398,5.567583057803219,0.9081375338105587,0.2466401189923348,2.0
300.3092861964742,124.27859302789938,6.1363815774831645,0.880766224496525,0.25551881826732864,2.0
-410.3122141442564,-284.0195387396503,5.133813486161704,0.8652708104548198,0.23376662457316294,2.0
-121.21322240876958,-388.79534242003143,5.9783878842154206,0.8934723303612511,0.19627795349818192,2.0
-268.0306827823009,373.9830889991814,5.100451738896052,0.9157279601780102,0.24171644205563123,2.0
-225.00516784176966,-356.81730321641595,6.113272890666525,0.9010750767195157,0.242836045046499,2.0
255.03287316662846,412.49038819398817,4.569717996277678,0.8697890908454382,0.23681010968579677,2.0
-404.83272912092724,-138.2195995220521,6.16540571671484,0.8736424063260104,0.2427709975495139,2.0
433.89360805935587,-180.6136346615834,6.286315762099307,0.8861588491435108,0.16841884432194393,2.0
-137.84507153495437,391.23490755881267,5.789707652807744,0.8843125696394989,0.19227781837786895,2.0
279.63587037089314,-386.1129500352965,6.250386806512653,0.9383118580529327,0.43971841939053397,0.0
-138.4623357688082,411.95234642522115,7.003163709621014,0.9202408972048739,0.26249504538014706,2.0
271.0842206040973,-327.66202141618385,6.094968519451936,0.9328840670173062,0.28167735339378647,2.0
-361.8696004638357,-193.9635738806669,4.223770373352666,0.86610392950399,0.2397699693890481,2.0
-246.7997522532949,-426.15689009133956,7.171488802640416,0.9270530881421196,0.2863761058231997,2.0
298.6817934778198,281.66188385267867,5.963003996110392,0.8930143774424858,0.2983442424375088,2.0
-519.2173955558244,96.78802461492182,5.1753312731214915,0.8995558426788564,0.2401107271755561,2.0
401.88744182390366,147.60748370478623,7.560600050552906,0.9092780326452724,0.18934850223946467,2.0
153.15812069321942,-458.76178253005577,6.9959848976073795,0.9366183910571046,0.24042259730244234,2.0
81.91155669500901,-389.9195558281678,6.495850335210602,0.8534934930920685,0.2138058941324619,2.0
391.8907529348646,-48.83322093619258,5.991652387201115,0.875940350842353,0.19871139675053476,2.0
-375.9159144709235,-290.2915429931129,6.991094410973341,0.8857721573720392,0.18486087989152716,2.0
174.54361399143266,502.56802698234424,7.382800500813773,0.897225094046341,0.2337823714420584,2.0
370.0174208683161,-100.35652460494848,4.914259392569575,0.865258115745433,0.22541284307532697,2.0
-236.30327383195421,-300.08031374532044,5.914064764409866,0.8879946292854564,0.1715291846132871,2.0
-16.531634080571717,-468.26669132276703,4.685220101497535,0.8643469073457427,0.25182158652999126,2.0
11.758386723081347,-353.34931940336753,5.580505616571367,0.8747367201488682,0.24617355974985786,2.0
38.28847130487302,452.18374045054435,5.641662774153411,0.91290383912746,0.25693300168881755,2.0
-264.8456837177474,-289.9550630332735,5.923619007322133,0.8689626454492568,0.13163014782610438,2.0
382.7479916276281,47.37483115716952,5.588010690901869,0.8778616400660262,0.30626536779943736,2.0
127.94131035208433,370.4704503482914,5.345508507619143,0.8751619543508172,0.2501615393912186,2.0
-427.98758999490764,-175.1437641301996,6.477908714196887,0.8903158772834201,0.18166003402875783,2.0
68.09723761382249,441.54001773654795,5.523420921454411,0.913896240312763,0.24949536499283004,2.0
-171.4517364922822,356.4956461030933,5.003044733704135,0.8411305298795204,0.19061668092113274,2.0
139.76845854691877,-330.11328139749884,5.674426427676037,0.8837872720866502,0.25819123179757775,2.0
135.97694795500303,-411.448228823092,7.318045947040326,0.9037396966089997,0.2352858890788035,2.0
63.31758903214126,509.42836238343534,6.423451612610531,0.8697036279584314,0.14459778064690476,2.0
378.3601008380344,-98.92074791675255,4.585371892465596,0.8884005278534022,0.26926864561707914,2.0
-220.86513446533814,367.3197191684261,5.481288710498915,0.8606132168400518,0.2166340009700304,2.0
-105.80220388832016,-380.36519193896333,6.461595330243217,0.8886369906819843,0.18262863413426458,2.0
-301.82510285421864,-310.3875024130914,5.077766645344815,0.8619931192066234,0.24180005348835903,2.0
393.6346889957583,-139.84794922788885,5.4897324459965375,0.9133898647581552,0.24684740858896637,2.0
-195.57890353183961,-345.0604049671375,6.403654166433295,0.8956692156447303,0.2017255637309589,2.0
326.5877363192048,-224.25796351716716,5.547848606126934,0.8816315690070535,0.2549917074862579,2.0
-418.1636340655036,62.37877109956661,6.1202196110045755,0.8819775643633823,0.19607364278052988,2.0
93.59132457936472,510.7081253979423,7.2897668543717025,0.9308167199351559,0.26021564599209884,2.0
-441.98926821403165,-41.960131142645935,6.047525889653811,0.8785733261870696,0.16714476393675953,2.0
75.06361995407931,449.73284471664545,6.222700238471753,0.871018231070188,0.19176527071595936,2.0
107.41752499824405,-375.8025140960362,5.820296083932036,0.8648889063098335,0.22316449628200324,2.0
-386.47229819261895,-13.783225201432446,6.87840201206123,0.8785956548481562,0.15753053100156442,2.0
-362.0678892884348,236.64354190410901,6.321330068273184,0.8693615005846279,0.14808901629449928,2.0
433.83304134287806,305.47832040806423,6.549446557444821,0.9269204497436576,0.2839756856742827,2.0
435.20288304918637,29.957289503081917,5.711308573801288,0.8893024516620484,0.18720993953811177,2.0
309.51788212689894,440.30529728148736,7.293439297372048,0.9022315888846923,0.21305889975100822,2.0
-366.4464994935878,-128.43871408192294,6.322786102840798,0.9070617873427124,0.21962281678349616,2.0
-383.7402226334696,-379.3463421582734,6.247400994470223,0.8979485116938541,0.3118275170527429,2.0
-93.15539621297307,426.8453524576749,7.2520864077340095,0.8653968688394352,0.14311425141617737,2.0
-379.33831444658136,230.0968658672131,5.860508339564213,0.9012472280811389,0.30245552279673515,2.0
-229.22447539948354,383.80478766254845,5.971069438294043,0.9075687707454531,0.22931865451964126,2.0
-46.85429349480086,391.9043374032521,5.8821842156614395,0.8903030150956657,0.21990859912493038,2.0
-190.8482030551006,-362.2759430090358,5.1653130400739125,0.8333358847258744,0.17218705372133866,2.0
-397.58960507312105,-15.006118930187961,5.681444128873301,0.8956107797976234,0.19997051212633976,2.0
64.26355607213952,383.30568901200405,5.518128641748935,0.8879366164712827,0.24141420407166023,2.0
-233.02030152212924,340.88046102798546,6.269203311706508,0.8902006319332223,0.18329804845912612,2.0
-49.034795800878044,430.7749273301194,6.9833119560471815,0.9078218861646402,0.23205138725557678,2.0
-322.71161555919053,309.3523878151032,6.640992234266267,0.9046731471243722,0.24191088491277465,2.0
255.64313368177434,364.37907659837106,5.560123556941398,0.888155264788024,0.26262099845398534,2.0
417.9874492813034,17.30034447785698,5.635098216148038,0.9211820059097993,0.2684196151646605,2.0
386.9859261903456,-147.78717663977903,5.915624503680112,0.8682978474267878,0.24364459869670782,2.0
370.0774988292132,185.59119243965833,4.957203191267161,0.8432576191652047,0.20262479565898628,2.0
117.42177032933343,304.2710830107091,4.544526326169793,0.8145747548350334,0.15530718684993872,2.0
155.20778237798433,-375.98890163029796,6.089215823992788,0.8911521583099854,0.21322984251559843,2.0
-371.6084132469154,151.86418427348968,5.422772797763801,0.8912211705448099,0.2811017268378105,2.0
23.04410844257338,-422.67454018066985,6.595016755376409,0.8745109259091958,0.1536532726936111,2.0
128.86196988345048,347.5979784768268,5.553996347517153,0.9021571961583278,0.24298522939029465,2.0
-414.88780080454893,-49.744285261261304,6.0686727275988686,0.8959277843719953,0.19075430305229055,2.0
294.0744914526893,-343.4474670129676,5.587298124272804,0.9016899808235104,0.20832358285084687,2.0
-96.53500622008943,544.2386147587163,6.375405978663939,0.9238954488539054,0.2779794230286932,2.0
-386.2047994210123,-249.05314731827357,6.282409021698678,0.8911186603065908,0.17893835458255336,2.0
-387.02012227152,114.07838926880042,6.944438450648875,0.9384267957095267,0.2816796335725104,2.0
335.66894556332204,-305.0037476776251,7.191833923329279,0.9198768580937868,0.25649338015543444,2.0
-33.51262674021581,376.4989414698764,5.004536146440997,0.8318304265140316,0.1746259083103806,2.0
-0.9283017782432909,418.7792786953856,6.774142190385081,0.8881814204096157,0.17987697195033703,2.0
-128.3708601008625,480.9027679796952,7.134611877944555,0.9256786954732341,0.25682089445581474,2.0
475.0710697208134,-14.987699724857803,7.480003114180896,0.9298672045562663,0.24001246285715844,2.0
-147.78731321961666,387.65651847955473,6.545061575312816,0.8834648445364345,0.17753294101734948,2.0
354.0899488741366,252.86814985919392,6.399378776199127,0.8723203797154758,0.13705235197133106,2.0
140.52793374578556,455.92903419002283,5.710964109734514,0.8852302517802025,0.2632217411301364,2.0
542.7783577825574,-191.29452316043904,5.328867935845333,0.967264010095653,0.6794089283406975,0.0
-200.788985509276,-460.45162169446326,6.4749546928198916,0.9063922664149675,0.2211715706316456,2.0
165.2585233428657,396.40060379137293,5.910935837443352,0.8994957412654694,0.27970309397875043,2.0
103.90988972887894,-367.0462722514936,5.0617358407699955,0.8127625991592982,0.14140705324891287,2.0
-242.6454514799312,308.9667745078435,6.097764710323484,0.912638448280022,0.23848327665544042,2.0
172.77267920646398,379.02048822767415,5.5051677255396045,0.909229780552869,0.24578477018514458,2.0
245.19481370726112,326.448919625375,7.181699161065714,0.9332956086180317,0.2783947872305004,2.0
64.14664525014317,135.81580840734705,4.247829499617716,0.8059768877085727,0.13898678993522,2.0
-291.1566335851306,260.40954568003434,6.184563209363095,0.9009711944213635,0.22961293385925644,2.0
358.656895336655,-170.86236758773538,5.9018833406115245,0.9126679659365117,0.2420005605404234,2.0
-341.6188532889958,-240.46836689642473,7.0817828910010165,0.9138937319198217,0.16888338442596781,2.0
-178.40674398619873,388.8107133119149,7.362912669643186,0.8824624791659678,0.16232176359062214,2.0
-260.0137183554883,-353.0147641494336,6.080606275722754,0.891534126626172,0.29035809681418373,2.0
-272.45885298306644,-283.3731273839279,5.666453938094014,0.8991312022479392,0.2548363081253344,2.0
-414.4575346424593,108.72347608399257,4.676850560609112,0.8217439191251434,0.1608629322873893,2.0
-114.13717515305208,-495.41171532790923,7.197402189025626,0.9185986679638459,0.2050037797043664,2.0
-6.941788433635691,343.98216528069446,5.384789323619377,0.9076252842305023,0.24085600392451967,2.0
200.17052520925904,-358.56178895609855,6.8292581230789295,0.8598414079857237,0.11493437495708074,2.0
78.80157594672671,393.7557652197024,5.484969463850928,0.8782929451075789,0.16351839698860393,2.0
-314.8834302549508,262.46900358139106,6.187409292867901,0.8389658599388662,0.17860757684939516,2.0
363.4078069881528,177.7814709620748,6.188986580896228,0.8921411385365516,0.19512463098147473,2.0
-191.80176765356975,375.10330046159436,6.685809700310812,0.8815149821008412,0.17333258506005106,2.0
359.65998867544556,-248.09127482583793,7.201334347567825,0.9057202914050863,0.14769793720566143,2.0
415.7209537725187,147.2333685074905,7.771507550546806,0.9124280188094661,0.15722249670085514,2.0
293.34265865206135,-302.2009778218335,6.439423389919031,0.8579114052402759,0.1138886873903908,2.0
-215.40977171747642,411.27042925577183,4.565767687167172,0.8692206250008198,0.23212085993807294,2.0
312.045167735395,-237.22384423160014,4.991487635830396,0.8918411200529783,0.31639530762429174,2.0
273.0330939892345,370.4402912124522,7.26370633912525,0.8791994281807265,0.17316716867598975,2.0
424.04014359635823,-74.51672109520082,4.156586763598518,0.8553301201038478,0.23571040998346546,2.0
-395.68346100345263,-51.0016894129125,5.502807384179851,0.8440442573925958,0.2096098305877465,2.0
44.507612991321366,334.9623556332363,3.7405101699247583,0.8585758054670007,0.21162331286218375,2.0
189.6750198239417,345.1113089555331,5.3423650416120685,0.8924112652711106,0.22389315393240572,2.0
-53.61306952574489,399.4257498688029,5.497959009500473,0.8712516280018834,0.2558758513859975,2.0
-386.98016480661613,84.35776927399816,4.753587256364436,0.8577661765042,0.21101570919412987,2.0
-305.2391492441886,340.667422830884,7.629044200156233,0.9307013154890348,0.30125213120972155,2.0
-292.70587965792095,-293.57292753113427,6.529608812068721,0.8963220538410362,0.20437779916814558,2.0
20.84296936506901,-362.6574781724123,5.5801774226549705,0.8779740040483776,0.2518978967446881,2.0
196.44290921596837,340.252233838204,4.1202172818682286,0.85985092280208,0.27462440313558256,2.0
358.7096179276737,345.8899047210222,7.432594205238656,0.9119068772246659,0.2282035902854921,2.0
-250.91780566596233,-347.1553955186322,5.385579713124717,0.9247648777413222,0.30718482694518673,2.0
-253.61178565164005,-385.78698190220905,5.585860419098285,0.9031291117012274,0.22259355437997908,2.0
192.55223726557153,428.0639630667589,5.418363874853211,0.895268299779685,0.21649442112677916,2.0
-406.28591702514063,-114.49587683352598,6.770829321094879,0.9244809130867144,0.2890191031909351,2.0
-368.24897752205914,197.05485930703074,6.494321837075121,0.9262887737434589,0.2863295883806685,2.0
168.58253937749095,-285.2819417955437,5.553581961624865,0.8523370334994231,0.20455851155833027,2.0
198.7187739071578,391.9920429239075,4.091254370837908,0.8248848790954428,0.17292489622942017,2.0
-109.67556075847608,391.706944470565,6.374251692054003,0.9355031126133935,0.26321681721254764,2.0
25.51679015109033,-433.9121824998448,6.183472958676694,0.8907662709262171,0.1765047133787761,2.0
-167.91404497254737,347.43557046596766,5.824027429463672,0.9232538899792262,0.3003046982947645,2.0
69.25524204409876,-362.5670734317196,5.0115837929477145,0.8241856964151775,0.16238805454653096,2.0
-510.96819831019025,-229.18593516420097,6.890508410927705,0.9332445043943809,0.39033556018352866,0.0
-185.3841816826954,-371.88727574341704,7.276323823296081,0.9024241173027814,0.22158659643331813,2.0
378.40937814688266,-27.407749983672172,4.1246688482526555,0.8372506906736061,0.18534760152532975,2.0
478.5149392898997,292.4006394826375,7.513877583303577,0.9338957638615148,0.31096500973996394,2.0
-180.4898803555703,377.0401378850006,6.530024237467438,0.8693513666212043,0.23734601031631575,2.0
-95.33348862362016,-490.89408710176036,6.079823579205505,0.9177490397816452,0.2638563009471521,2.0
262.4996658641599,445.8688307715852,6.8943370071139025,0.9320529918871885,0.30765224658145657,2.0
-134.33795118132835,401.4161720012082,5.844880762160881,0.8523229330171804,0.21070774067651454,2.0
279.1569482728751,215.63187213043108,5.16658469812281,0.8304529709072557,0.17117779228721636,2.0
11.363697040184935,-479.21305808105285,5.718713907257496,0.873109414844071,0.2713602071925815,2.0
-342.98644296999026,450.04202569906846,6.233781228259722,0.9660944646266793,0.6471275743259411,0.0
-291.82847183798765,-344.9748886095881,5.318223378283744,0.9147741509033901,0.2436146915411187,2.0
-249.55820531789846,377.21044988458726,5.193374219931583,0.9028846634087794,0.20924409984878287,2.0
-450.1709804158828,70.22948153569699,6.204293924461363,0.8747752558202366,0.15977950137831373,2.0
-110.57018123104889,417.6393296319208,5.830396318278713,0.9075101904606271,0.28489218785203496,2.0
-302.5703661415519,-371.6448974886744,5.227024486556166,0.9187703903495821,0.26533169339496215,2.0
-422.8483743415388,70.55116698973785,4.629719470372773,0.8297448210972038,0.16892633085484976,2.0
223.80687245225522,427.9667299797146,4.554115323944789,0.8977110851547787,0.45631936859423483,0.0
-75.7367913307998,395.5595305604743,6.046405980501416,0.8874342049009288,0.19446976445635478,2.0
349.9533469119772,423.93772591529995,6.688587551303076,0.9128178640955777,0.3634230171631871,0.0
287.7496078484548,110.5602392319773,5.304429008768549,0.8946110790245493,0.22625461327880456,2.0
380.1960062356977,201.95054995414654,6.541577362120905,0.8840250775718205,0.18045788452122477,2.0
-247.1826995903569,-296.76180080651125,6.725760617560775,0.9186509131977297,0.18478073633160175,2.0
-368.21094313365256,257.08263600563015,6.194377133438829,0.9122477190789828,0.25040315329680773,2.0
-432.06308761279746,-25.791484619654035,6.21623063166079,0.900353616802959,0.22345592979742646,2.0
-87.41806501686168,415.411501329342,6.6594781965872745,0.8923454515180508,0.18384669177880478,2.0
365.8413050585052,-381.5023417291949,6.174185613930546,0.8915271843737426,0.18153747360722008,2.0
363.65569369022836,-194.75006925147335,6.363078193022772,0.8954170803547468,0.23175156691698928,2.0
350.0474406724443,149.89671957547324,4.721330495874713,0.8636646669676792,0.24679633049976807,2.0
37.48188292640862,524.3864523863773,7.623610455702726,0.8903038021436135,0.18784182012163483,2.0
-227.1395696524641,-439.26057821746366,5.982892312710612,0.8932951918289493,0.19750104146983252,2.0
533.1548054258826,28.618002437922655,6.242233966302722,0.9049611158014633,0.24819475892384416,2.0
-25.10554685117009,398.1568057361767,5.910523638537787,0.9090039101488517,0.27194300516587677,2.0
-184.01132577874333,-386.5762146781091,5.238459060880342,0.8731893945938647,0.2663693006642363,2.0
495.64586318866543,-202.68964878687788,6.474366335456748,0.8790918247334558,0.258509282587787,2.0
329.553922022841,-243.1976976356493,5.558526007705779,0.909647252831229,0.24050548732500188,2.0
395.1398224077306,-298.63571981612483,6.013966627392535,0.8836570829749022,0.16045708644717765,2.0
-120.3988882206115,338.0462096586531,5.25125346364856,0.9144913975437028,0.2651669028033918,2.0
-395.9407359035973,-119.39887798309873,5.906242001612599,0.8671677394332391,0.14712213311517966,2.0
-369.0441612872568,-223.9475181625219,6.131495670797272,0.8801984993810692,0.16037048366105566,2.0
-391.2225843512447,-226.54671428287404,4.175583062705753,0.8215302615620477,0.1605547741408576,2.0
99.6192357245714,396.58731497511735,5.870696372265802,0.88813818537377,0.182700211521787,2.0
419.05701823335346,6.3517543377817525,6.275622793985609,0.9110101205709165,0.24356942687692823,2.0
-115.5877797517494,409.35671325392167,5.091023837054713,0.9095037814208519,0.30159664281073134,2.0
-470.81232125700524,-74.36702210579756,7.8397802860741175,0.9113541601787616,0.1476775806368735,2.0
-65.62119451743311,562.2312273675642,5.404115099917603,0.9503595955852003,0.51817602295503,0.0
-409.0507295946201,116.25173660414588,5.967586246020401,0.8973172313428528,0.2395123470234185,2.0
-139.35156467592856,380.760384441622,5.649262845364592,0.8986293888953883,0.20438878720067993,2.0
191.3018479085197,376.81859209819163,5.593016242379302,0.9324044337230366,0.3058388085006668,2.0
367.2931891591151,-227.83857557976935,4.128372129546094,0.8430080284139979,0.18639437361773184,2.0
408.3644864050271,136.93608418688416,6.344282415226901,0.900803472929195,0.21909008197300409,2.0
-326.77380037944295,-323.6872379722693,5.87374930599682,0.9015805820588674,0.31331127619757393,2.0
266.17510899441635,434.9211420989757,5.864747238135273,0.9012577191642479,0.2190959259397302,2.0
-125.83108154514926,-379.46827765736083,5.127145772033694,0.9126409774124713,0.23945824109293176,2.0
-224.2612456912642,-388.7705458430537,4.849401734168179,0.8414324321058986,0.19693054960307474,2.0
-455.94193279247185,-103.75370684821493,5.022567787132833,0.8287428332032374,0.17357242535205764,2.0
275.38737181815014,207.0680960946846,5.229174978041307,0.8940761614292083,0.2425642461415233,2.0
-267.1127270700969,-298.92724310807307,4.896025674999279,0.8440717551274474,0.19159089767652282,2.0
270.536598760571,346.67782859012465,5.859048655872873,0.9069028050036416,0.2784618772062089,2.0
-578.1326538033444,-25.181513147583594,7.984140414070049,0.9854279715489611,0.7954923238963962,0.0
-10.681379866788205,-373.5622524600642,5.196732740372306,0.9053300562624134,0.27289741946244866,2.0
-246.4799927904518,412.734599129834,5.312104259254346,0.9008568038525255,0.3174926486398957,0.0
334.9329294395561,257.30895682719614,6.598601669965676,0.8806939093836813,0.17965970543056983,2.0
-288.0841395496642,226.94728705686865,7.732005585141368,0.9099408674681586,0.18050057674533757,2.0
487.07916149338274,-158.25255135548912,5.983041191379358,0.8765003185211653,0.24557582686234528,2.0
317.00994450112114,311.62786248353666,5.379247017284709,0.9114331503014655,0.3137115835142377,2.0
363.6560074979455,-324.30829670233595,5.067780255689312,0.8933599098714784,0.31504032487559397,2.0
-375.7032647178041,-32.87819590655084,5.608394512573719,0.8397318771518246,0.18346954414118954,2.0
-378.2441624366086,69.6759454989057,5.194428757518884,0.8739664888586153,0.2450696590706083,2.0
145.34499579119807,-405.5732166575348,5.795692830985514,0.7954622917737966,0.11853231087618313,2.0
217.74227291316166,-374.34760982431925,5.60194873677798,0.8584394543794572,0.217104803184982,2.0
45.066703710013,327.28195201034794,4.808674526109212,0.9012269786091757,0.27910848501879676,2.0
-280.5203873014853,257.33995946409635,5.98303673758083,0.9142361781520523,0.26124155664690085,2.0
-297.9231531962607,300.4504359771485,6.621587931425725,0.9275812483801201,0.2999310699517713,2.0
251.15453954126875,-424.4164818967175,7.116123876106495,0.8850127511531598,0.1673168692609375,2.0
-269.68125023480644,255.9336900563444,5.5846650701677,0.9187910336497899,0.28285593012116966,2.0
425.3914398478865,142.5050461407787,4.5821130130330525,0.8273477752111208,0.17951460030991617,2.0
-166.77827192974758,-374.2867279448896,5.8965522652501186,0.8600976886592268,0.21660809347348736,2.0
-461.85705689681737,40.09255337167397,7.356115214897976,0.8825027677269122,0.15675135768118081,2.0
-421.46409335438625,-32.10994256735915,6.749365466502729,0.93812712044091,0.2597027573758309,2.0
518.3926910118433,102.33787680299812,5.923366199650388,0.8913732118969615,0.181925118833844,2.0
69.91281222832146,-432.9971548404061,6.545975566759941,0.8721464003591137,0.13928283299834449,2.0
362.4308384945649,244.89962348773304,6.497720595629729,0.8846072307533529,0.17426302272403071,2.0
144.2005671286001,398.37119285770314,7.559329613565921,0.9349129157139983,0.258068750546012,2.0
476.77120726572616,134.09369810200624,5.424953060743138,0.8662714003617437,0.22705550475713865,2.0
-419.16885017765213,80.35845304659054,6.8271634805844625,0.9246038635083503,0.20365471854229417,2.0
300.0089411087071,291.9571371678602,5.671674603017476,0.8103854086004588,0.1538128243746873,2.0
456.7396186388297,56.63120175599271,7.215547622313705,0.9239057992894357,0.20660361669294605,2.0
-363.74079667829784,282.58084452781526,4.569489327374905,0.8468671095995843,0.20683048975523485,2.0
369.184473597471,-290.4980784655175,5.195478650853785,0.9139997950166299,0.2514399809658107,2.0
375.38745469829,-181.14686743572403,4.8818872412686805,0.842013967878496,0.20489203631291752,2.0
424.11960692516413,125.13685788793211,7.467373134490823,0.9102757850601251,0.14853873037880233,2.0
124.05358060590339,-412.071656912926,6.635480530994034,0.8635689942875305,0.12750970817251708,2.0
323.83617915213773,-113.02378297636864,4.992137752331856,0.8336818902150758,0.16961424675475908,2.0
345.68814562429657,-370.6577659137647,5.788526466531551,0.90546854354917,0.31373268882601213,2.0
-501.70759064335925,212.095118992046,6.11007927782524,0.9192059847117411,0.346499177234562,0.0
395.0213462492539,-271.5145801109158,6.573353589320604,0.8898655524499286,0.21457873985596584,2.0
-357.6342091542316,194.73293676062255,5.1756367353780925,0.8925946766551629,0.2651178260916043,2.0
340.41535519657236,-241.5769615220154,6.108663139914206,0.8902587412488109,0.22475292454204526,2.0
-118.4301618726193,-418.0992620570311,6.313374129261971,0.8990465901467917,0.19998681876533544,2.0
-413.94673029914554,240.7903156968122,6.361491604500351,0.8246387709391713,0.16121165407952934,2.0
-313.5885924848439,-246.92790409062857,5.998623131491887,0.880478039201622,0.17661677360861977,2.0
464.29767961652755,-265.6637073422043,6.911088991195034,0.938616498627053,0.3178238886780835,0.0
-324.3966310747363,242.6114451110332,4.599598602714283,0.8750788143929168,0.2448272901551813,2.0
80.8107971764711,427.0517927289033,7.218432851969988,0.8947731414135532,0.212118476845308,2.0
-269.1942775689629,-324.34415309324277,6.728941518808002,0.9106989240303585,0.24429721889777073,2.0
316.840988024709,271.55961504965575,6.223200720018264,0.8768550375804642,0.15341590778999512,2.0
-390.6252299696505,262.6558313534814,6.13195918854237,0.8945503129782306,0.18584447367219098,2.0
208.292958415307,324.0278909983406,4.709173997844807,0.8810661985470736,0.30767082874920276,2.0
-46.137322195555875,-461.57226040769575,6.151196512237294,0.8769157726803477,0.18584824319324136,2.0
-113.71632765130457,-352.0884669112823,5.013883791771886,0.897498510615339,0.2929142557603298,2.0
-2.6226489876859302,-371.63916911339476,4.012286493194651,0.8572276383045047,0.21803164795155422,2.0
401.60622811200136,-131.80883119092775,6.888461142131785,0.8861573703462582,0.17784841347823224,2.0
-362.5617733175608,145.9014785845883,6.566101954918855,0.9266924274581874,0.2887588061810191,2.0
378.55805533319887,-35.793365753878575,5.385937733187536,0.8843318265519723,0.2706757165986978,2.0
-230.04254531770928,330.20408227359513,5.766908304537004,0.930703903503673,0.3090965427319341,2.0
-287.46757019716046,239.66311921160295,5.938113704888201,0.8859386074561781,0.17041291697483238,2.0
-283.41022885064905,-298.84093741463204,5.652493282634428,0.897435593364387,0.22690879730415334,2.0
201.281948958224,-460.4668251988634,6.237890721198533,0.9171578352640265,0.24653079125373925,2.0
-504.8695228123727,38.962341264966454,5.605096418574232,0.9181100057647491,0.29833252822701933,2.0
307.52593419806203,-279.2225807435967,6.734566060573265,0.9152521460895745,0.3163702688701562,2.0
260.52026798607426,-382.4023525423371,7.099341347651256,0.901856259604416,0.13610196003731603,2.0
-436.9358021097002,53.416339728178144,5.942396119427856,0.9125092801950262,0.2930487468727453,2.0
242.64589387898766,-244.7837998200815,4.910866513889376,0.8457869913030295,0.20754100706104775,2.0
396.30781356005485,395.331726119048,6.458665810069405,0.9340666383931844,0.3413119336067932,0.0
394.04213999817307,-74.97089090289299,5.275633487397439,0.8935650252908492,0.2213403354338139,2.0
217.27427972692777,-337.51176559192913,5.618365682212864,0.8973492830034913,0.2944944301684024,2.0
-77.00924737887755,-435.94659012793085,6.193913652113197,0.8586113604702211,0.10954620790252546,2.0
-416.35657848666466,-193.4134868712379,8.002875420240466,0.936006022200539,0.29698459724896725,2.0
-470.15751362153634,-226.8347880198148,5.219671938207957,0.8634533091712114,0.25677441193641837,2.0
453.3737230396083,25.64451595378847,7.326855379898969,0.9013786063225782,0.13230468170349716,2.0
-6.467505155450611,-364.4230445022818,4.963717622441065,0.9045279412341258,0.2964413895600048,2.0
57.19935862391505,-434.8929516101518,8.08791269648414,0.9069287208609903,0.13822670812279902,2.0
289.6754025173149,-403.9420141286422,5.808519506093318,0.8977335235261752,0.2893516721815493,2.0
-514.7818909482296,-126.28280034304885,6.184750751153999,0.9042918492256172,0.22412355098989709,2.0
-2.5809892246992447,407.3665308599184,6.076691364920097,0.8914705318169283,0.1854240824464494,2.0
-333.3767060368139,310.27017054722194,5.3912879686045,0.823286404033979,0.15275832087160707,2.0
-92.49781305989993,-369.97485609558333,4.52154479753233,0.8301383291285022,0.28655684250479335,2.0
450.6278078161132,-236.30102188905784,7.059695859210836,0.9457356960655834,0.3002579647570567,2.0
-390.1415895754468,232.7645755990669,6.0871284641607035,0.8857382078578809,0.18051090370770914,2.0
424.18331401618514,-186.02239215974913,5.7818517463113945,0.907977176306212,0.23426268181627466,2.0
-498.9856224901141,-171.6043444107927,5.735195902018305,0.860496749144007,0.21877191580824376,2.0
-140.54879918414437,258.5661377290638,5.880126512321582,0.8709325301016831,0.24192095726855897,2.0
429.709159865134,277.807794571307,5.0839212361427,0.878018095672782,0.4957796523424434,0.0
-453.5309645372271,12.030391534632592,6.480595510177903,0.895781759634084,0.2039892454638999,2.0
-259.4946305776288,254.87795966831226,5.233489225852015,0.9229550033189646,0.27299948510622624,2.0
-426.9279256040118,172.40657484182393,6.652013346935427,0.9389639326815444,0.2805445648912789,2.0
194.24205221389508,313.9367955823626,4.970689370838072,0.90984375563434,0.2494566237886768,2.0
393.6757699902325,-259.32653270367234,7.770137121421213,0.8775441655344949,0.14556211148316023,2.0
428.7223022682281,104.78296835132426,7.572861420042345,0.9161350878091866,0.2619603693603198,2.0
361.3597932457647,-69.88526157759593,5.187847848264398,0.908114988924192,0.277934471839577,2.0
-189.62361639186275,-439.7282281190093,5.048729571647935,0.8544509141577395,0.26738543917107294,2.0
203.06700737047424,-347.68784904251436,5.870507135048164,0.8675636332600236,0.13851932823684515,2.0
279.3759182150868,-355.22737870071694,7.365451748113598,0.8919126397526514,0.17971598440656622,2.0
110.48253333593969,-444.9291543045971,5.939776600342081,0.904198297413882,0.28128430127861637,2.0
338.3469129578885,230.00510936393977,4.797270824904587,0.877515526296157,0.25168323215612437,2.0
-272.5982192699575,311.5680915629774,5.839876306351166,0.8948020327519459,0.1893013919472317,2.0
-262.5160914935306,-305.4527547406696,4.500043266774251,0.8482643255245758,0.2030351413167775,2.0
-168.6459290270254,338.18969883582736,4.299027426139095,0.8507354379716418,0.20088268577271978,2.0
380.8708489379554,-154.9061528958124,4.925051765498079,0.8329086227981489,0.1746402513634512,2.0
335.88808700453956,28.951705270487324,5.659303196002596,0.8695561363232397,0.13555861044952294,2.0
-278.3827773152369,-318.45395121014633,5.230034925682616,0.8389749437225276,0.19229075398373502,2.0
452.47399953943176,-35.09182084956339,6.065027930350358,0.8841488057924997,0.17379589203709045,2.0
364.9086138506917,-258.0590370046383,5.275223077880156,0.8767749775181193,0.16723046998014365,2.0
344.5092421817069,-230.5264219692205,6.108663139914206,0.9029793514730272,0.23210243796024105,2.0
219.559308931866,387.5484899270817,6.115244095963204,0.8913267030519527,0.2129865273208256,2.0
-270.53821132770344,-335.9844595444924,6.409283225621388,0.8926800400785934,0.22984595915759023,2.0
413.2804676238153,127.8772616164537,5.1865712988770705,0.8820897736015848,0.28686277452400605,2.0
287.30106473903703,-122.04660036181815,5.325544983723185,0.8796976736625575,0.2067588122740985,2.0
438.02120735773514,-316.56897474139384,7.789957944996098,0.9410466604477726,0.31982872796449247,0.0
187.4268535854423,-373.85392278040166,6.528583804258797,0.9132244618216749,0.24375207003523275,2.0
361.8864153319818,53.029829830790334,5.5665635601332,0.8626252435342644,0.13129467857002425,2.0
260.92477561223734,-323.1103947531572,5.812708669498442,0.8656819927199801,0.15837157314579645,2.0
-249.76811913483425,-263.7173787285922,4.342201303324214,0.8663049304765148,0.2366570531045804,2.0
32.45827935062748,-393.9778917512462,5.370690537078526,0.8867769942455899,0.27134957044597224,2.0
52.88853426033077,-423.14490142426996,5.630126483738427,0.8780464540341715,0.25131139984775747,2.0
-426.87451536544194,125.85274302643283,5.356339350472565,0.8695938292495271,0.24238264876995994,2.0
164.07798618905727,376.73687513617676,4.605555089141235,0.8261524050673411,0.1640761103526873,2.0
196.99251039520803,-397.45177244353255,6.782421987310448,0.885302978087853,0.2103239698669701,2.0
-390.1334189600574,179.86932227058256,5.699611780598734,0.9020159637989528,0.22899530556675227,2.0
365.64854721488683,-88.1521640584504,4.441707391827544,0.8548598194758998,0.20525224859553792,2.0
413.37527136904544,-146.52723888599385,6.634654168453445,0.8699827507481717,0.14259749636279057,2.0
-295.9967247460833,362.66118045824004,6.702908941270126,0.8890371471517758,0.25655692856190154,2.0
-340.8574269034604,-281.0652903660821,6.196226976351669,0.8890992112595503,0.21790905323021,2.0
-388.73715204919586,33.859872478438504,5.825621795684308,0.88309441726875,0.16691366797767418,2.0
111.00539370266803,433.3616206508158,6.72868890907176,0.9150996523988263,0.25832390008033723,2.0
61.034074111238965,432.06679882472616,6.666602401106751,0.9317986281982097,0.24448885070429197,2.0
-462.85460113704363,-8.38324930735556,5.648329644225125,0.9005354799744628,0.2573887765368949,2.0
-430.872162488126,-13.623468384248975,7.313064789262584,0.896810140953022,0.2049966959128691,2.0
92.81187806962231,-429.9302605025819,7.009080741898549,0.9216868754900568,0.285710603274751,2.0
-438.9921321621823,25.114847034592344,5.72187441466379,0.9279019842146984,0.2890622118988476,2.0
-365.5647852762251,-213.4087081456648,6.200063599626026,0.8871306229451655,0.1706679966701923,2.0
-141.91347288922643,-386.8977876055796,5.617042751371503,0.9128981466876235,0.2467029915138061,2.0
-333.82624124472665,259.6313208235689,6.309201440641404,0.900705933266498,0.22411472561149534,2.0
-434.97001570756555,4.673366023783336,7.324069970770406,0.9003708326945168,0.22684261775516099,2.0
-373.28367393258725,-120.40866339144554,5.598814389218584,0.8942505937089221,0.29140217486780545,2.0
345.76282212479725,-192.81144872842947,5.264568575145776,0.8101015848631736,0.15236895274933332,2.0
-308.52719016608546,-317.75913975104237,5.385849189402149,0.9018092955905597,0.2295527344785389,2.0
-329.01547321417263,-313.0514067519675,6.5308524693210535,0.8892721450039179,0.1873497698247171,2.0
6.217364995383904,377.70519843376485,4.573943434392971,0.8448684280881449,0.19959300153895215,2.0
-166.7709922713349,-409.3973311227421,6.132892127221922,0.8795959805738304,0.16628212249890437,2.0
-379.075065815698,-68.64244361456377,5.967231420124128,0.8425707630040339,0.1894279534553169,2.0
-377.6869985916893,-188.12642186502816,6.76956912029465,0.9296886127351459,0.24217214254469155,2.0
317.7629282776223,-267.9187999857524,5.656385618526588,0.8743065649500791,0.274833388185766,2.0
286.7205182618091,-311.11552390969416,6.360150487256883,0.8908383238984475,0.1919539633389254,2.0
-395.56235188469424,225.1436440371481,4.324766640809253,0.8116979422481967,0.16436642311733143,2.0
533.9812216412239,204.45036405553333,6.232502365673885,0.9205914468191478,0.4354178544771477,0.0
-140.35890432786456,-369.34133899400445,5.918622800831743,0.8688648398404136,0.24098595757662686,2.0
-292.84005452113905,-327.5892591064896,6.233196469719734,0.8756971993897905,0.156582584703739,2.0
429.45687053901116,3.343778764246443,5.66387922505598,0.9089300438358173,0.23891334114623486,2.0
418.73344946346964,86.74466376925875,6.2314281276576535,0.9045512639773722,0.2194638037022457,2.0
-50.212561856157066,478.4674482979295,8.036299861806901,0.9472563345551895,0.30837238416307855,2.0
-80.65883599060359,-426.11458469906506,5.420180981218157,0.8956697755523093,0.20040640653109854,2.0
264.849249320915,390.01705095946045,3.944028505420791,0.8325968009875223,0.18897082238469728,2.0
338.137484492955,-148.53854267118436,5.978668134442818,0.9222653423957197,0.29772810379640857,2.0
209.29458384361615,-354.9908089794996,4.829014729302425,0.8035950690140409,0.1387979754803643,2.0
-410.7543728776965,135.25668290694807,6.381298752921165,0.8854823313105248,0.19749639038630937,2.0
-230.23683269944382,471.91760286973397,6.917630619060424,0.9331042380052609,0.3080520261203532,2.0
-406.55991995796495,-66.29758215433662,6.26407253215892,0.8751054031610432,0.15687290917872804,2.0
233.24064890592715,-345.85832913629537,5.661468350980012,0.8779053847407634,0.15689469409127815,2.0
-491.3917057288991,193.45418202641642,7.198928129435117,0.9146619030971096,0.18619330819318147,2.0
-59.49750996675542,428.0460357491141,5.423986266434254,0.8531702064128267,0.2286651911083856,2.0
1.4768890482274377,-458.36346324915314,5.780586423512803,0.9009849639702004,0.23464774915370767,2.0
-344.9315331856152,-270.4799605546801,6.592914804005878,0.8938717593867415,0.19420953098206334,2.0
393.7093337333353,167.01618475620288,6.453994476809019,0.8545466706345285,0.11383249154661722,2.0
-375.4313773474694,-268.21421291425304,6.374993522463281,0.9161420235500823,0.27971853932175583,2.0
-211.70457681458902,337.0692699630573,6.2827592025760985,0.9272873593310119,0.20132431606626724,2.0
-409.84508326305377,87.78905330688029,6.319880511507376,0.8962742990593792,0.20470708446703362,2.0
-297.9560955448057,289.9000376624986,5.519475177758468,0.8435670276107143,0.18868724097163378,2.0
123.87821436970475,-432.2295855913848,6.589015842182344,0.8944845661313934,0.1884043039347614,2.0
148.02864182763696,410.4186822194188,6.617820097876784,0.8817134695785921,0.16596342044036957,2.0
-11.760421425748172,-445.48487478978575,7.358472438174363,0.8915362640421021,0.19966600751248728,2.0
300.07610668566423,325.23836048215105,6.406775408767172,0.8912090263231148,0.1881150535316367,2.0
-429.024431217318,-109.00480535801545,5.935695725140702,0.9149583804081127,0.2548503405544222,2.0
-260.3010280363701,-445.1415720611845,5.813842666839862,0.875514915066928,0.2524097602716533,2.0
-472.6084992443945,18.57897644476019,6.4906189982113105,0.874727809768773,0.16139025607817412,2.0
275.7134690022497,272.98256733833057,5.639438750754517,0.9049856003803847,0.2542433095326906,2.0
315.3010276725557,-339.72842531916746,5.6485050111095605,0.8958194296713284,0.2090261172754162,2.0
-99.56340130233643,464.13977475418443,8.505077165195269,0.9134160911353513,0.1987303051840516,2.0
-502.1893881406434,-62.25748352798587,6.847313093699276,0.8874263194563914,0.17140363390379196,2.0
434.21270964094475,255.47463611023318,7.619343965839052,0.9152625392723561,0.20254200137410164,2.0
-444.9557842699657,-54.008136061262896,7.009388959492171,0.9268571826483675,0.22486697238097214,2.0
-290.72643258468554,-423.4341988600021,6.599615659243266,0.9077859284831371,0.31948366963260655,0.0
260.70181277920517,315.97416693275517,4.597594946144694,0.8902323804816132,0.2891391194231928,2.0
-407.69608023723663,168.50547498220357,6.090086604373971,0.8793286036735253,0.1873495502688664,2.0
-489.30205589831075,-91.87203246829816,6.230981256482225,0.8977413283054179,0.3227653467881427,0.0
-172.34723939143788,-321.6084394849199,5.184162519200746,0.8206132120920198,0.14973244480957248,2.0
490.68772595193326,-65.58740665628767,7.28706371695788,0.9271558851967919,0.2956047738956307,2.0
-138.07356793965042,-416.94486729784626,6.455743510595705,0.8894608233735644,0.18222184027281838,2.0
-320.12758087760443,-303.6756555753336,7.212704649787543,0.9160844907153068,0.25164033928050145,2.0
220.9382343650037,378.08088860013544,5.11116218381561,0.8387793962333214,0.18537222889752597,2.0
-431.23681834565855,17.167240130874113,6.203997362210704,0.9054960767517152,0.2642962075506071,2.0
457.66327516346877,238.3209752798379,5.173765990344568,0.8334696524156062,0.17303476319865405,2.0
30.379978998392343,444.62508519417275,6.546540416444675,0.8741729478425033,0.14402794886382633,2.0
-336.2791872174225,282.05336180939713,5.890681393636053,0.9091238724978409,0.2299598427024015,2.0
-379.1546228546133,50.519371287732746,6.290365678089397,0.8662501436895853,0.24840168359464154,2.0
-59.5114120749452,-428.80222073766555,6.163121698015817,0.8607382969385547,0.22115281732408418,2.0
-108.74125217369975,-423.4094608417381,6.031192568881813,0.8885094766051718,0.19424139770570165,2.0
403.66601554071894,226.34850647897468,7.325756698879369,0.8811214418004479,0.156236194443804,2.0
129.58289790518984,-455.12775352961063,5.6581634974449875,0.8594980207349712,0.2211372701092868,2.0
34.7153093985106,391.81678520884935,5.88208594992449,0.8910238700881289,0.19525360567542915,2.0
423.1906716244839,-141.4720687372109,6.14386748182647,0.9016670414637511,0.27039207032394796,2.0
-170.17014096709832,512.4148760105783,7.232002119689526,0.931902906196484,0.3669793097984421,0.0
20.9794440287679,424.37614796364795,6.157662749851597,0.9072833320275661,0.23745208462719006,2.0
431.4098850566475,-5.889421647757953,5.112684499384545,0.8115353879209726,0.1466835494146579,2.0
-392.71003618799966,-203.63489632485783,8.026777348306723,0.9294805687211931,0.18209444457503884,2.0
-378.7099612670117,60.54305982499711,5.393087654068311,0.8935703849555487,0.3036258019349753,2.0
-438.76426595631074,-104.35439474526076,6.131885703515605,0.9073266933887658,0.2251632689547737,2.0
-422.7322871742403,8.84321815434971,7.375771457210939,0.871433919558357,0.13327504729946674,2.0
-542.8287226423847,-45.3583261764406,6.282198592660923,0.9382805271770834,0.49655637969650324,0.0
180.41720815942065,329.7299717202279,5.5236162173793355,0.8952056787555298,0.247554419032157,2.0
426.56418322184817,46.37489071345318,6.530408756843004,0.9093842521762443,0.22812544110620891,2.0
404.545815655309,-402.56668471710566,6.226390753451666,0.9425964042511444,0.49490085124959493,0.0
-426.3746444942991,222.98903846547805,7.3939578676750015,0.9328358758565928,0.2569143465246287,2.0
168.11528913326237,408.9040019781553,7.458506245363739,0.9230748134082625,0.2226004601095658,2.0
239.57337413267604,-293.2614440728922,5.942848774105743,0.8972118905933347,0.20229565961706736,2.0
-302.252367869011,-287.193684724409,6.638896238689718,0.900218300560925,0.22129563220893955,2.0
46.278921496021205,-375.351597920315,5.452718936217682,0.9014701563493713,0.2810186447032147,2.0
341.7636145572143,-271.6590715404779,6.552760440327381,0.8926593648382063,0.2896095733614674,2.0
-388.16819858422184,65.72233891086174,6.417734908368529,0.9228893815366885,0.31252930487030633,2.0
351.3475264161019,242.1307350900241,5.968675481824716,0.8842297556346942,0.211876606572971,2.0
462.66686261868284,-16.807225483296428,5.841571142024392,0.9075958578474143,0.24781498767926377,2.0
-148.96866330739203,375.9086938710945,6.12934829731477,0.9213279730708178,0.2592687816483484,2.0
397.2313087537761,269.23434461762446,6.698730972042064,0.8899401216293098,0.19503169889998576,2.0
-248.72501741112362,-326.1971793592631,5.884683051365381,0.8769820968124534,0.2455821521579733,2.0
433.84602800088607,-101.34186259801704,7.090955319625216,0.9342007646201417,0.2672136429764937,2.0
9.722825567665614,422.4057796684633,6.2728112588197265,0.8863202018650373,0.18385343044075586,2.0
-405.51766627745985,-55.288330861274964,6.210255549953114,0.8845288159178337,0.17524629885349793,2.0
450.6724512026106,-216.3331404605951,7.073363579006623,0.9219284515041043,0.19163012113388034,2.0
291.13843295163355,375.2118763204606,5.2254551441371335,0.9053877995225391,0.23501533926399762,2.0
369.4595071181102,-213.45573116258035,5.341419936084424,0.8992330500098208,0.2989899111048562,2.0
445.4574224513604,16.80541547587091,5.4817608335843895,0.8863032443564506,0.18312573923477857,2.0
319.151981501676,282.3098085484362,5.95729023387157,0.8803304940872743,0.2623815573958206,2.0
372.6275489721537,-158.99402396227782,5.376491144235848,0.9065520205708683,0.23987684251504493,2.0
-60.413746224472966,-402.7218383881476,6.399217154589839,0.8863486760152818,0.1770511694541643,2.0
496.8143485819189,-95.11693912826443,6.039624986205239,0.8998892614951397,0.22768676364954318,2.0
287.5383474981343,-335.16537039409184,5.890997298048633,0.8904293521143675,0.1955978538805607,2.0
-49.213448624252294,-404.060725090298,5.749088588193664,0.8899152948061778,0.28683001597434266,2.0
12.141169390263821,339.6706282153149,6.016466929496088,0.8784562807313854,0.26429417966857105,2.0
-184.35062969503136,-396.70831428399504,5.534592689105385,0.8883395374432915,0.20269895104849361,2.0
164.60036574826745,386.0954138992182,5.865297054897153,0.8951635544104005,0.22051643480886088,2.0
-362.774235561017,186.5960307621406,5.8898968832694205,0.893875246170996,0.2009340815096076,2.0
407.00785404561924,32.28955925518502,5.715181326512475,0.8995379637868616,0.2930904901359919,2.0
19.24394185287779,-383.32122650475515,5.006122988354656,0.83808924076557,0.1810536504454096,2.0
-448.9864886707799,-87.48147019491573,6.795006284842119,0.8823133446273366,0.1825550621584541,2.0
420.90384837952325,-241.2545958700827,4.533174334864508,0.8379890580856874,0.18518357963346352,2.0
238.1272181865561,-336.3360648824844,6.391854240783572,0.8781436305631412,0.1516864776503752,2.0
33.97036771365995,-426.82826510872565,6.034234390273743,0.8963264657729593,0.19263107162846219,2.0
-346.6729927235341,227.78165507265572,5.992293159825174,0.8895573533975305,0.19122288949676813,2.0
-262.1349183927038,313.9586362850164,6.275441267856113,0.8805794549197942,0.18559399666175044,2.0
467.61296182926685,-86.95113141904505,6.399834654334215,0.8863637963875766,0.2068297293060659,2.0
-379.9684414486918,-141.29061984376182,5.640630068409425,0.8931202616978632,0.1982326138077752,2.0
-367.1369205285743,-166.78072664853437,6.133725930609218,0.8922073746426804,0.19116631574010925,2.0
174.31869415485454,430.1019249398022,6.884913417946175,0.9381365639427343,0.2782599241286236,2.0
-281.2307583460642,-341.30614013879386,6.7634286038297535,0.8679814784778139,0.14642053854929754,2.0
482.84779166917025,41.41158788597402,6.304638109351733,0.8839659713959953,0.16592706079436179,2.0
-155.68648867119813,421.3040794162035,7.2865593068414025,0.9215767476990232,0.18012324491400095,2.0
468.08193668132344,53.428397759086266,5.572846911302243,0.9205816938986537,0.2945536507175015,2.0
157.37026846695096,370.72724876930977,5.482056595476939,0.8805732696691202,0.2588453730782094,2.0
-174.54853045666286,460.9484007511948,5.677653897089344,0.9111817575379749,0.23934500163024033,2.0
-278.3378580571211,328.00867245000984,5.500904474100619,0.8860557409336812,0.19187750084014907,2.0
-26.82654898786695,-424.27372672329454,6.636474994789659,0.8897328324035108,0.18282424795822022,2.0
-86.57403348771834,394.2141104878556,6.451508577740218,0.900188916202252,0.2433993445642324,2.0
-447.4745754263216,-247.81332470646188,6.309863877336601,0.9002635787103588,0.22501290845992158,2.0
-417.6235221526457,-12.124631679461208,7.031604496917371,0.9100027473708573,0.24385194367828494,2.0
-3.504032205717211,493.0698228137536,5.401409149264016,0.9147597292299983,0.27416016607067506,2.0
129.886513510687,418.88612784422185,6.585800491106674,0.9341911999374786,0.31356849804561215,2.0
312.1759745144848,-321.8662797622106,6.02070757685457,0.8892803685287967,0.28621570502518034,2.0
-60.1115937175022,-276.8168637542232,4.586426579556934,0.8770523344748895,0.26201102435101653,2.0
-275.9282747976232,302.25791805763555,5.324886742490253,0.9116286242191617,0.24793460283195087,2.0
-417.4774762573138,-72.34889763123876,7.11118609647744,0.9123574730890865,0.23857730418662962,2.0
435.01484217240227,-90.98229628495932,4.882703282958895,0.8169848445482685,0.15889650884717973,2.0
-74.6495892935895,-521.8012423759319,6.557855549772749,0.8780622056201852,0.2215564306875167,2.0
-337.2962560980292,208.54762819281194,6.014146608430221,0.9259713595556746,0.2764084879389906,2.0
389.07248518317306,27.4941217888914,6.079724999575734,0.9067449061146761,0.2981993859694954,2.0
192.67448458315047,-387.72545310285693,5.274650152219594,0.8384415335789697,0.17625926190180027,2.0
-347.68826912422594,-290.48607944038775,7.2291244413317575,0.8651090734250972,0.13311273076662145,2.0
488.8629170269061,66.46719874036182,7.200517720000171,0.9322736300334103,0.3039448584788052,2.0
-205.53276802025132,-415.0154479783803,5.602153438899235,0.9077433695101186,0.246656302947498,2.0
250.44358409572385,373.10054635442077,6.251773105919369,0.8818081315869475,0.185693316703429,2.0
90.78852745502037,-455.14197814857306,6.913426966271506,0.8682644298882128,0.14319862323687121,2.0
-202.62291397029855,372.84230586913765,6.35846101528037,0.8727755118002615,0.1659233322541306,2.0
58.63855266925408,442.18717572750984,5.009656875853654,0.8433380066129699,0.18998707514631685,2.0
-479.6637314801702,70.57228102068447,5.48839791892855,0.8964878940243942,0.21697050460706385,2.0
449.72308613481323,7.018493088329401,6.6030401724695995,0.919049873518919,0.3032276868625597,2.0
-329.4894851872227,348.28213302665534,5.384572488131045,0.884965088210355,0.2704374219045903,2.0
-51.85202446341904,-558.0039862120677,6.692313013251581,0.950969551480978,0.45212088883139706,0.0
-331.9501433452949,-367.69749754670687,7.352703903987578,0.8943312394700331,0.10745395218826011,2.0
-395.62345786219595,-192.75785918516826,4.594145298871083,0.8293033301017226,0.17112364499967242,2.0
-253.29055084655698,261.20215539203264,4.4663826601817185,0.857882684952703,0.2162862063076876,2.0
-73.10930446144317,-447.4332954267117,7.209570925658872,0.9014470468688945,0.12073101487398875,2.0
101.85563766126441,379.0462523664334,5.287186861804657,0.9208915164865036,0.26689240674469933,2.0
-274.1542379723917,401.9211400004155,6.050512687888395,0.9016024748710961,0.24998255022876492,2.0
-16.13113464533111,-425.2172944963276,5.646469779437149,0.8919067100098816,0.21013751243922593,2.0
235.90583962408417,409.0339106610344,6.751783363659454,0.9031910535142345,0.23977719523612515,2.0
284.6549939742363,364.977830749535,7.704330971121606,0.9198498884501571,0.30519908601439255,2.0
-89.18253412706399,504.44282503340554,6.0516803877166705,0.9247967500979545,0.36088534198654043,0.0
397.5416771044142,-204.68373455568903,5.814663092699782,0.9008710703656476,0.23707466773583535,2.0
120.14316444077704,426.3282543697817,6.113265015859123,0.8837547391599625,0.19473873167683806,2.0
404.42752943733757,-92.30734251440637,5.473564948301893,0.8905797082399357,0.2526382038639378,2.0
106.08095119292507,388.51999420052385,5.742065699094604,0.904593241631211,0.22975406078946545,2.0
117.18368265655687,456.6536388419709,7.349984759441253,0.9298554009532685,0.2646198040680289,2.0
-428.3044168525906,143.1532596087988,5.601527642545139,0.9139643229535122,0.26781370646977476,2.0
24.331134101376026,-390.39263070506803,4.868476553090697,0.81633595416105,0.14609018163510898,2.0
-450.65501812493085,-27.108491905834892,5.148585456163233,0.7978439879504639,0.12885230101257195,2.0
-439.7697538215139,-79.2850093780521,7.167443038016829,0.9170621604693192,0.2615683547606012,2.0
353.8591490531037,315.17864508197295,7.437392673092296,0.9211418735745202,0.22439749564518638,2.0
-377.2315866024971,-328.18723408178647,6.283762912382664,0.9087040219390482,0.22999743415776586,2.0
214.86525604063718,425.05774216688377,5.094245213574154,0.8696744629396839,0.3162830618833067,2.0
-282.0754531648788,309.5872436232149,4.832330830027621,0.9146795763784452,0.300510323164383,2.0
81.32433679438815,-432.4344680343271,6.231584705908226,0.8863645961140177,0.17695601887236614,2.0
422.6509938398058,171.87896307318326,7.347735453326891,0.9109844630895256,0.18503424916609362,2.0
-70.41165271281074,-427.70920065920177,6.052370601599859,0.8595670113801145,0.11173348645108634,2.0
-82.25455957400942,-381.9632742651502,6.6607850094498176,0.878247712036249,0.17229924782857728,2.0
-23.687597029966497,-444.81501344427824,6.742718996586495,0.8929947880742487,0.2596264252210653,2.0
-299.0170945549633,-265.18384839515943,5.891617732098156,0.89509170706367,0.2863661703664865,2.0
177.96804385630765,-411.6336303903361,6.480993187871465,0.885731217244072,0.2679221598905125,2.0
-482.29633224578413,35.316619656262105,7.0405234457303525,0.9211510790531667,0.2444038683832946,2.0
435.2011527288894,331.37461054232284,5.064361839955845,0.8829868473517164,0.2595728702422027,2.0
399.8376823133328,158.54274372851884,5.3382376880736695,0.8056109710425154,0.13370889344634915,2.0
303.8686071066991,36.23909301298036,4.330425597256525,0.8332428289781467,0.1753999205177269,2.0
485.7858339195128,-54.90466823216799,5.684272568158156,0.8626049322531851,0.34374781018165534,0.0
445.41370755011343,190.67717567038179,5.865659143307142,0.890163468638979,0.1902599622964135,2.0
-398.06005523488153,164.1814061917121,5.769244508249455,0.8989239002188875,0.20932536610913008,2.0
-510.3250447318822,-95.64461513084144,7.299733543310355,0.8766858348712315,0.19887099896767646,2.0
286.0106139763911,300.1220299959963,5.061114931010586,0.8721956051424404,0.2574954950776869,2.0
334.99362141905635,-263.0406321654143,5.626562530435728,0.8473253323553044,0.19251584492697058,2.0
-456.18389199297724,-197.1541363652156,7.205744220346901,0.8683110749855751,0.1415753041083902,2.0
-108.90006514723012,-559.9888159926527,6.4093242379695425,0.9850324771502333,0.7935615874089242,0.0
-417.6242686362049,143.73827882933455,5.603115881379049,0.9102838617369473,0.23968414988874284,2.0
-125.79131312700632,467.6738293491435,6.603711396093882,0.8933006417902105,0.2290900009128331,2.0
-477.2185048139384,58.69317259772678,7.5218110200935255,0.907284662756165,0.17142232380704864,2.0
-451.0798213184624,-120.24161288304454,6.437061552696139,0.8948657944015472,0.19754822846463269,2.0
-363.84279796955036,329.7273501167768,6.847330955762313,0.8707185874129717,0.14608744213787625,2.0
-436.78712991118493,-157.05154534528427,6.12738003879414,0.8919206793008906,0.1888478079739026,2.0
423.2209203823025,114.3659072785258,4.873272958894413,0.8046571019402305,0.1313433412818581,2.0
-29.144348981366164,428.2689269245072,5.770336625189667,0.9047303735196532,0.23157176823780923,2.0
-9.835852384239969,425.6510490661053,6.304551815692254,0.8948536207652383,0.22430664118938295,2.0
247.8147262511464,-356.6656376248618,6.942781785900063,0.9132819192241876,0.1534967514824955,2.0
3.259318222688536,-423.2381987339892,4.567140204266945,0.8310500075405508,0.28976728688852993,2.0
-66.06233512021099,-437.6356521546422,6.3622668936346205,0.8563855336053388,0.10423328465136017,2.0
-316.2460654342139,285.9433144151509,6.384037134891925,0.8968261497463489,0.20083999093227997,2.0
-433.74917685233413,-127.47649553816638,5.646414254488052,0.8933628134838456,0.24138923036455978,2.0
181.46403824594273,372.42067459177974,5.98995041518119,0.9109433382713115,0.2796679075319534,2.0
235.9470851728018,332.1756405131064,4.874328945799749,0.8391667797738688,0.1782182411658687,2.0
358.36341288339094,281.32105919165366,6.827062906367154,0.9103587819604659,0.1548715583092889,2.0
283.93645333633077,-344.66994830183563,5.6790629225472244,0.8900962111373388,0.20483381214901505,2.0
102.54492231549256,-346.9081823204538,4.83364244521377,0.8431351087678676,0.1976310262366539,2.0
-451.07569620683944,-36.48302300293732,5.672363889803171,0.8770580664442531,0.16854797841218105,2.0
416.4057615080887,-216.27522592806366,5.2479382804417,0.8424249939933228,0.18863280074841937,2.0
132.7363831213236,477.6017658978891,7.468812942555817,0.9168272513790922,0.24788977221938116,2.0
-89.81870359717105,-410.8616603686006,6.80504592276711,0.9252311954500227,0.22518036632406177,2.0
230.5428558678835,266.2390673563476,6.796370711088547,0.9354329601448104,0.2732414674163152,2.0
336.88766650378517,267.93570113062543,5.649545622460302,0.8967207801557492,0.3036125265689454,2.0
-396.7140938246944,107.43140793954662,5.9849169397404225,0.854858511156025,0.2079156967489279,2.0
357.58762453700973,-216.4774718702675,6.7229024794632295,0.8724836086359873,0.24028197712693,2.0
-365.1585462105675,135.05819523474915,5.506170376058865,0.9176404169754495,0.24965027959090888,2.0
330.38525613785225,297.6154384513556,5.207529845752421,0.9024597736810975,0.3144635050500544,2.0
427.1359570376672,-233.85132636883148,6.41461230509547,0.8714977735900514,0.1402264337122647,2.0
242.97949005200238,353.33979123982846,6.061245416657217,0.9056363312163791,0.2254456120117416,2.0
125.44663338423716,391.78688708511527,4.99423986424544,0.8402892025803601,0.21862122803108647,2.0
-31.653132798667496,488.9960802426924,5.627980477000988,0.9116704032899514,0.24800178704309842,2.0
233.87135663518674,-471.86810517347664,6.653968315007798,0.9479293088776961,0.3200343730977024,0.0
-65.95212833719614,458.1215014785407,7.015792105371508,0.923728248835462,0.3157160493469541,2.0
427.68243426154345,-24.701255563274806,5.912350686633357,0.8807932920598786,0.2620257673245232,2.0
438.81224855966025,-22.00876134862418,7.045978873784772,0.923412351582044,0.30854662911725383,2.0
334.36311545771997,-294.17833504962454,5.289959694989643,0.8306016881327665,0.170535271535009,2.0
-276.75330660331315,354.8110335613934,7.292073840676134,0.8670231943008533,0.13002412311942643,2.0
254.39312177996874,335.8394820192949,6.127115077245828,0.8968097549485072,0.2758076509431989,2.0
-385.6795506962456,-162.6833650863538,6.524496780632155,0.8796628963702258,0.15149082523095747,2.0
-212.77482945131644,439.05384446555325,7.379686112342402,0.8966216565065681,0.20158491440717818,2.0
414.3514524725475,-166.50089622940928,7.80488772181962,0.9146867997054324,0.20728701874855254,2.0
227.5477858039979,-337.03195571961606,5.772906266731302,0.8877457383035086,0.17851356919950348,2.0
177.77542250722828,-399.3613835296689,5.2383313938666864,0.8954061723535677,0.2965696610173267,2.0
-285.96388171834724,300.50176947655547,5.806297326155528,0.9258113280646392,0.30063517066062667,2.0
-147.42745525504745,-410.1490365618144,6.772486744025207,0.8818270352416456,0.15681997662721336,2.0
-323.69376303138546,-376.1325047904456,6.57484996084999,0.8799010829414973,0.21509156399873355,2.0
422.51362853582947,302.0672156417787,6.1910647731594,0.8844793323630056,0.18296168008266475,2.0
-188.39676721587946,-352.9233972377856,5.753836532072532,0.903975862318676,0.22667884217948825,2.0
263.7441995492964,-364.5935578294755,5.970577101834181,0.8882967409945939,0.17445844465808105,2.0
281.83268114230015,-128.64892267507884,4.593503371924571,0.8093255706547325,0.13404386375376853,2.0
-202.73720153943847,341.507335366094,4.547533997073712,0.8215076347570062,0.16396845709717903,2.0
403.4995489799464,-142.47434963542622,5.581381701936311,0.88634066404908,0.23136683539892958,2.0
378.0123900200312,-65.17120666793859,5.531191133208159,0.9084945001553725,0.27070948841744363,2.0
-210.44644124640433,381.21859320123485,6.338561346739462,0.8922092979552507,0.18229910558669962,2.0
438.22747845367735,75.27504723494567,6.28883244861911,0.8832041430402022,0.26090459936855537,2.0
234.0199173441949,360.4406433141807,6.691934355195567,0.9251136324783542,0.29746169319378674,2.0
546.8830722305462,-7.161508412402987,6.342231494097035,0.9118284779849214,0.26894337235874105,2.0
262.55513099101955,-419.5032929798,7.004981644011782,0.9267797376539056,0.25345931112160297,2.0
-72.99329168483138,405.1411204093896,4.917549673458793,0.8413472057145807,0.19105015697697564,2.0
74.77439099213404,-423.55742920139915,5.511547256704761,0.8873545291803929,0.27568948919291864,2.0
-287.67426296992363,485.5303833156363,5.257248520249671,0.9315577588197673,0.5614109785395074,0.0
351.0117246932625,-434.97030911631816,7.185255321673224,0.9211983192760984,0.3943249828605817,0.0
-42.33286041261807,-471.59308511921336,5.2631762133344795,0.9119115642202599,0.2603534008958076,2.0
-88.78861177811856,-434.318105472084,7.265512568926177,0.9084383531376506,0.15544503508953578,2.0
-393.1908758754025,-155.22146479405353,5.4553792389914815,0.8965089702460414,0.23685496384497048,2.0
256.6315703231893,383.5532347887368,7.468886742101217,0.9178922363233012,0.18028729204091867,2.0
357.53185272380557,263.03512229495414,5.7877012991363,0.8988085595730687,0.2027760504686434,2.0
425.4806335599388,221.4661849370438,6.581564207684753,0.927110567106566,0.2671511974468461,2.0
-372.14291503154305,267.30713928149703,5.741667950221955,0.8843495543534141,0.28104736489313464,2.0
-424.4606849145718,369.02258931563716,8.293553542736158,0.9764303762458367,0.6953068955100008,0.0
282.01802898113215,349.3453681449315,7.344739549555932,0.9208865105069728,0.29536822031839705,2.0
408.7561989829339,92.45103262899589,6.211041109720847,0.8898516580907625,0.21732252219677414,2.0
-340.88552446838327,-223.98828386258788,3.990332236034513,0.8367374664005961,0.1798843718135891,2.0
-537.7290966002423,13.68514329080776,5.368774112422305,0.9062328696348692,0.44373615308494657,0.0
384.3055754089128,319.11186757137665,6.313404214364627,0.9072636724995791,0.25127973584916946,2.0
477.36449917866446,-116.44008546748948,6.972606617137785,0.9218858621194364,0.29749555699833635,2.0
-140.8716195556906,-523.4653216202526,6.062719313896518,0.9184114805070641,0.29763986656003316,2.0
428.8033031319445,81.25933202085125,6.229638391412147,0.9045678430413905,0.2181976345920383,2.0
-222.59615892330925,338.53574764431323,5.763241615533551,0.9085504354800411,0.2493788158653646,2.0
-265.52221030196137,303.7546076683726,5.722873064120732,0.900188825961417,0.31270539258177943,2.0
-414.6739836854906,-161.69292121740128,5.397120265116496,0.8886769432293878,0.26808943528046536,2.0
-320.0501959911162,-284.57201932861244,5.2086719841068225,0.8263501446896645,0.16668310931868088,2.0
316.0872883669597,-129.54138579275903,6.406962158553268,0.9253566000984829,0.30698813687113874,2.0
-404.1460935010876,-6.850950594267759,5.9985040825977425,0.8731775590243182,0.2424377116100791,2.0
145.1053802300513,-379.18733554055075,5.5249923885512295,0.8911220286250687,0.1789546534082153,2.0
-355.73125924596746,-267.1701229460935,6.394341225157906,0.8864289811535723,0.19167724858956026,2.0
-477.2360082024655,101.40568387193635,5.4327500429246545,0.8165927556939767,0.1469884949419007,2.0
-292.2339477613708,-305.8639899918276,6.693506732792389,0.9283145466917464,0.280230771239799,2.0
270.74437072866044,311.5434447786283,4.659093778725066,0.9053683474611861,0.3100633632472928,2.0
-414.82692415741633,71.22669718012857,4.443332467590609,0.8374010708547264,0.1761332753357541,2.0
-77.9160574068717,440.269571159829,7.130094115617009,0.8552944036888759,0.11291613369497036,2.0
-47.85836156200441,419.8639792610803,5.051507652840614,0.8627109287320806,0.23292702648952637,2.0
-68.41791067027414,-272.73203571066415,5.183808027411654,0.9175904095462972,0.26430724642330045,2.0
-451.35845069497043,133.2836128707866,5.69304742140705,0.8437437682839367,0.21562055235486297,2.0
325.490706142691,252.56082786050615,5.215486586000969,0.8661479202427509,0.23191249026458838,2.0
-368.21231813937334,125.17184298257227,5.66231913701376,0.8951213036304444,0.28725488831708024,2.0
272.3386325351845,197.67062577167817,5.7187634558089435,0.9087941151797552,0.23129653114597906,2.0
-176.55024342994042,400.3841007108865,6.078423467512162,0.896312728477388,0.31147376296995694,2.0
393.83120555905396,-92.2275646421208,6.180940111156082,0.8959890343832062,0.19517132043188273,2.0
-425.8647535734447,204.26439727302025,4.9991825588834455,0.8324974786981985,0.20405354176517104,2.0
414.00758732533825,-179.65317713579455,7.197835682835045,0.8876161378245973,0.18296864039108826,2.0
456.30382753135376,-135.57559890948372,5.250825732983633,0.7985667673937551,0.1421652016543619,2.0
-396.72472631461875,-33.31125722315361,5.550633596746265,0.8888845111155863,0.27771662835498406,2.0
449.2205500397782,138.34642340057695,5.054568284993112,0.8400902972986245,0.18368998912813564,2.0
-388.9144726037406,-236.8576362966348,7.506526798627975,0.9109755608920141,0.2354767495461186,2.0
-259.9819623331854,325.0751616237379,6.9476397537403,0.8914257472859315,0.19633412284882834,2.0
-311.0245161057868,-280.04430634659076,6.212945123033231,0.9155770073119008,0.29753399637688016,2.0
-395.7564085264663,-297.22415499369475,6.009729836024108,0.8732310753113491,0.1397717323229239,2.0
-118.45282650164366,-431.5045992599183,7.990972522227738,0.9176575118297764,0.20962900594542475,2.0
-496.72772364656896,95.59368344787705,5.081948914348422,0.81564448389419,0.15916586683373832,2.0
-291.4691949806145,-281.97496350626284,5.848404039918262,0.9188515872712207,0.29042417879586585,2.0
280.31216113529155,189.81254160815004,6.03178213254958,0.9017667166517958,0.2663363258119142,2.0
204.37298543546024,428.74482418154764,7.755888775464889,0.9236522769977916,0.216602376650406,2.0
-355.5725623839113,-346.8381464917768,6.662871738747565,0.8856597789893431,0.19719647483539968,2.0
-456.7137668499163,-153.8921465752667,7.246613085179417,0.8920269358403567,0.1815735413659733,2.0
-374.38613652117317,279.0517026766645,7.497957155563091,0.9189263598207507,0.18018072019361706,2.0
328.3689745871878,316.0946132181024,6.868507555804837,0.9366017083589929,0.3140115822399819,2.0
-157.20708129023294,-393.8074468894695,5.460652405903189,0.8144800164706621,0.14221878174393657,2.0
1.645268541810559,431.37464505994325,6.922306058223652,0.940872914726746,0.2806593696533723,2.0
-429.96377182727804,-98.09140770056749,5.555637713784074,0.9128054157486716,0.2497667993807569,2.0
409.4097527159905,157.02011384641182,5.709362003631183,0.8704772301111483,0.28342233358541197,2.0
476.56175785576886,182.68578257300396,5.9007213016282,0.8885256981689967,0.1919180737724509,2.0
-347.3317431891943,-157.11085098357256,4.976533303722497,0.8987915428716242,0.31339284197636685,2.0
-466.83869339555986,-102.61126586888795,6.913924952563239,0.9150938695189484,0.23522291037455645,2.0
340.0652162036211,290.01772101789766,5.903601646151242,0.8820789508634533,0.2641355883621409,2.0
-116.7518733439865,-396.95265408341385,4.4925506442930345,0.845876052932119,0.20042600758968263,2.0
291.0589895153462,332.0860430952413,5.997789114996627,0.9012685653321084,0.20376616025776345,2.0
-367.21224537194803,-188.32421200076556,4.183541128691211,0.8718364807897384,0.26081063713673786,2.0
-337.88054932475865,328.6120437170356,6.635938167753166,0.8822941759610082,0.19336030338342985,2.0
264.9017481338621,363.72231247485905,5.361699785929162,0.8144926676704443,0.1604864629705116,2.0
-450.2060339690851,176.82354623303135,5.223264554103636,0.8355100706181015,0.17606106089704682,2.0
2.564455384300191,525.8364952047681,5.268495375815276,0.9062455561687119,0.31819918235823613,0.0
500.47346294627107,-106.67467731968335,7.435197095530717,0.9156305978498965,0.25199500499527117,2.0
-325.026160879136,277.5270202788855,7.39648171862922,0.8909473428639633,0.17939357179835713,2.0
-32.20627960352649,469.1669633746171,5.446574661263694,0.8959588740097565,0.29305092921285614,2.0
-337.7264293972774,-262.1199829504171,5.839021546128426,0.8914459151145204,0.22415182514826215,2.0
160.44636066337765,-428.60372231474537,7.236713840772661,0.8973965517879392,0.19369901578921395,2.0
-112.93752613787271,381.7892243505163,4.620882656602388,0.8587398377970054,0.22825835950470572,2.0
196.88919022237255,-420.3653533006399,4.839685903956538,0.8254313717011388,0.18101453052929195,2.0
298.775761514549,401.19473114580404,6.649153293188945,0.9134642925730101,0.280460814605728,2.0
-456.24173941696125,-217.2409596067263,6.32533915829007,0.892723087325073,0.18960660434181256,2.0
165.52273128096863,-458.4207920164839,6.65873876605113,0.8753429800541133,0.1881596531300572,2.0
-167.19669064388938,391.800865275347,6.249626004061731,0.892020118563475,0.311706698342621,2.0
-502.1177145594698,-140.5602017662974,6.594963883145386,0.8924554257628449,0.22296714735617876,2.0
-404.77268418123606,276.98215772929495,6.885155617507868,0.9117787619862331,0.24790502494070732,2.0
-189.6416099854029,386.0635357599043,6.019815267691956,0.8867321587295467,0.284445698703445,2.0
-325.7348887317941,-388.29957051194583,6.138384648544085,0.9540181971035595,0.48078442298231644,0.0
394.7840268003051,-188.40809034158997,5.2600084236706,0.8151480408651168,0.1523361431331432,2.0
410.1721867956522,-101.84250043160914,5.773531413892366,0.8830364244851474,0.2862312696154552,2.0
-235.43764913046357,-378.0372864683253,5.154465156141604,0.8215686873976628,0.17516187915905104,2.0
-238.6652029779572,392.0843854822547,7.511702180863127,0.9262471347791449,0.19911940138121817,2.0
191.1744978995987,387.6009478318145,6.015481498787111,0.8798110821282393,0.17153236557766807,2.0
153.0905156136563,-293.27804036872453,5.61458539712059,0.8903233686695881,0.2777623772529334,2.0
112.7684328615871,-366.3286503958114,5.236672300660176,0.8929729303592145,0.23390463712759615,2.0
248.59204043024053,-337.72940418344956,5.812708669498442,0.868958388034538,0.20130789885082265,2.0
299.33660855058537,-312.4363047998245,7.248646201995372,0.914917524931294,0.26215484526262006,2.0
173.04927571531036,-275.37639185259104,6.969768497874668,0.8841567025365837,0.17233739417355146,2.0
323.71726759199174,243.6444228281009,4.983348451516366,0.8507689812388614,0.2098213519489557,2.0
128.99478150854213,-401.4461701419456,6.053330233429715,0.8920327864913692,0.18851555526692138,2.0
238.42023969442366,371.9009558656817,7.219862187120557,0.8847362857157877,0.1700834663339908,2.0
-420.93924922807537,212.31363698907157,5.949124712206703,0.8994776387633807,0.2367084290338343,2.0
-331.2344803882224,-170.37598276764152,5.708984242622959,0.8751061333031367,0.25580907474995357,2.0
138.7205858731388,-398.8084200276951,5.628595314661378,0.870902211214626,0.2674101143875691,2.0
-144.95609488037687,459.026414734582,6.722739595558817,0.9195263156706314,0.30655338656105185,2.0
38.07360376596999,-448.44208296216874,5.627972873922899,0.8904813565207593,0.18522719892063633,2.0
-288.1415488755412,290.4048513148293,5.910039425834962,0.8840185557630703,0.25780700548805446,2.0
426.3046047345441,-198.0732584612818,7.6364873564707905,0.9123596921046253,0.2639957425488147,2.0
401.8064754168745,-160.80737395097023,6.981429643076159,0.9327239096399679,0.2365275368094644,2.0
468.3341852262847,-44.20563673672058,5.640442313882377,0.8967881806935538,0.20604226052012722,2.0
-242.7800771100239,370.3542475075322,5.562379184090494,0.896968762121548,0.19721077664832587,2.0
391.0060378682734,278.73921495073387,6.341560023510482,0.8953739987320489,0.2095157726868862,2.0
-17.133429206915565,-457.26443983368716,7.440241149602025,0.9120713615321775,0.20844120500884802,2.0
140.88116731486397,-453.3000753068838,7.416141693807953,0.9146052163345407,0.187784059817923,2.0
-57.8425214973842,417.7177508279798,6.686404742396479,0.8990531645882845,0.19913381123042628,2.0
222.49129269729357,-365.71835625094434,5.889941987492909,0.8821671359963574,0.2599994920239176,2.0
113.126041907757,-410.3275359811346,6.004582696492941,0.8685005125425358,0.23956842558955327,2.0
-482.56954379888384,-281.42310605491053,5.534191926971554,0.8997889974873865,0.3327125588354161,0.0
401.9946029029068,-250.7777098071602,6.137583302469643,0.8830055018882313,0.2790426587464682,2.0
-445.7740484705171,152.7136777052917,6.938156040380313,0.9118853513905624,0.31850397186271895,0.0
-445.80261880032145,-67.23144114599663,7.710203448804355,0.9170895117815684,0.24101806112737362,2.0
-174.86155537070672,-368.5703421530549,5.394825957483078,0.8746451717247554,0.2853968080060357,2.0
230.00669514969462,-387.49445579859866,6.177229919428282,0.8988542235857676,0.19826833708322977,2.0
-84.17906891828663,-371.1790497078483,5.4024321442596275,0.8829422887361437,0.27283933352613354,2.0
43.794048798800816,-550.8658270053105,6.747095773842075,0.9448380966040106,0.511496515103099,0.0
466.0759818067097,-7.116018177779272,5.163523918840205,0.9303173752115191,0.28844251002437776,2.0
336.04005449906623,-350.3722154895841,4.965082923731944,0.8909386192302555,0.30218598345488823,2.0
-392.4740110560294,125.98154560021023,6.9884367899189,0.8888352715687361,0.18744225223252253,2.0
56.25570968729211,-461.7465415287241,7.896294990155426,0.9237580484526681,0.19600506374125257,2.0
17.229752441863003,-442.16629443077755,6.656954511765963,0.8688145863034819,0.1406570671714162,2.0
-439.072756257357,-169.17457305159155,7.482307977173469,0.9327828928280572,0.2654300830291905,2.0
96.09389072677024,-362.6050211692689,5.246250640701583,0.8928046529975058,0.20225483721296955,2.0
-151.72846720018757,-465.11607572394536,7.776951194027475,0.9065658394157148,0.23104772917091015,2.0
554.5825513068017,96.37355587576596,6.722492437565404,0.949950643529867,0.43747474262941105,0.0
-185.85760691105352,-407.66184638692977,6.01104435659372,0.8828231906374991,0.18121391976489154,2.0
438.9332109727443,63.562923246440526,6.52474160040776,0.9225780658475019,0.23172518153448085,2.0
-82.97602342852107,-443.4417191606145,4.924995435056651,0.8029689345458413,0.1252730706200946,2.0
419.2534353454786,-281.48271394207785,7.199554298005815,0.89720504299733,0.210532127699528,2.0
-35.342543944346,394.69792016285595,6.220163723628667,0.8979894719146619,0.23967227609474234,2.0
433.77626448967953,-124.54574585120805,6.47025555522958,0.910099606782975,0.2302630259364384,2.0
69.17192390974193,392.99713215667396,5.425410982847991,0.88826722280076,0.23451283823453076,2.0
-154.06322481599975,442.0152136368062,5.690848892829132,0.8905313486911659,0.1958469376120979,2.0
-322.473041315161,216.6276598842834,5.141733477649894,0.8047822363146604,0.14057108809802124,2.0
284.2296997657698,338.5523943872699,4.438566661789449,0.8660847671495814,0.22590794043477666,2.0
-3.4538719516336593,-438.09263762998086,5.7284876246226295,0.8655134358241059,0.1584837439188323,2.0
402.5446083641355,186.08713148530228,3.94337467368992,0.8666081368176394,0.2334673358764696,2.0
469.5734238638265,-187.55011017937605,6.880209543205145,0.9198720890387528,0.2828746569152439,2.0
-354.3193457474902,-279.5850041454816,7.671735535053033,0.9193209874983858,0.29269754866160164,2.0
-108.1913466223557,454.88792210007165,5.877124392071308,0.8807787685624023,0.2687685534806831,2.0
76.41695702457385,-442.3075098822899,6.2188509726242,0.8877142444647627,0.2688820215181789,2.0
-412.3775382937444,267.92387397313223,6.715433755408164,0.8691439180935967,0.13704384310339793,2.0
-298.0259756546943,-337.14876593074837,5.404961084741119,0.8793767713768124,0.2757978990000416,2.0
130.2773414165524,-377.056660624472,4.143170179318988,0.783989325083572,0.110677455706007,2.0
127.59989520388544,-384.5229077989928,4.903480364676208,0.8163163637238949,0.16533297959414645,2.0
-157.1159160041043,-404.17279067278275,6.200268492395812,0.8698002863435053,0.12952106743590672,2.0
-282.3993908954029,-372.0165055928881,5.8057537797786996,0.8957779931351779,0.2028432362390228,2.0
208.39492392189115,-399.99668982816365,6.780818693395218,0.9055502691711792,0.35600458068988583,0.0
336.54717359661606,-323.2436203047026,4.933482393730759,0.8245832996311926,0.16042616066196028,2.0
-458.6820404980671,-71.24436807251094,6.188222622506629,0.89398845240394,0.21863376651845257,2.0
3.7871485385398187,-469.98142980442714,6.561588485533273,0.9371274753729458,0.2596127889577434,2.0
415.88493836686433,-323.6290568828672,6.522760801461747,0.9445911227630561,0.29329855272626115,2.0
-464.8384658284134,10.053527124376052,6.570680472670545,0.8698731011308009,0.1276782934930338,2.0
-65.33199669696445,-392.98932163817665,5.886390965034901,0.8943398514618026,0.22733940890896814,2.0
301.7690084442561,336.6509046901234,6.811548987439766,0.8715243362238517,0.13854408933684548,2.0
-446.4137055456558,105.4100931757767,5.981382398889233,0.8905549030425157,0.2910425083978943,2.0
-344.1463798296158,202.47499182152993,4.162209171015388,0.8606682573936495,0.2158197269736919,2.0
-137.09072426875724,-405.4482962101526,6.061782881276436,0.8991740586553032,0.211343225387068,2.0
-156.57430047367063,-507.2731454414874,5.511749974614091,0.9080367946170156,0.3227521617573933,0.0
440.98186084877426,-141.96844947906666,5.60311673782994,0.8194549514643945,0.15009473822713004,2.0
-352.03313867776114,313.62388528966534,6.1718900380969615,0.9044437588502938,0.29628675913951663,2.0
-76.97053741894204,-277.91894468998345,5.812810304820628,0.9176961397126616,0.25175387479850125,2.0
-123.78374331491064,435.18448534381145,4.448198044569912,0.8655890637525254,0.29810653398656173,2.0
40.039415974626976,482.2598428864009,5.684878126189875,0.919591504352943,0.3059886001176824,2.0
-357.9060211814363,-221.8539471339807,6.700391480597658,0.883851419961335,0.17671501363623698,2.0
-328.3339257507084,373.3441842201632,6.7457168053692085,0.869950576687169,0.13888510798328355,2.0
270.8107120234656,-381.944061397805,4.8484791599018875,0.8149656439184897,0.14912364072664236,2.0
-165.55252285501433,426.30107855596896,5.244108760893777,0.8857185047695276,0.28913917294670616,2.0
-156.49576490732807,-375.9668286415003,5.762024176598369,0.9155473231389099,0.25123457523996334,2.0
340.4349387546503,315.50531754179025,6.157084725136335,0.9278805619902968,0.3129149531823468,2.0
445.5103739816528,-93.84100305807071,7.302439692812821,0.9152538808361975,0.19524363697512467,2.0
-278.4241350555265,-388.1988727279555,4.216389806523501,0.815323965408851,0.15792524840550795,2.0
-406.4418196076864,-167.60298586898762,5.9591936194100406,0.9051386056643685,0.3213797331807323,0.0
-116.7903678213897,439.7889480723037,5.377583119809186,0.8941574285447096,0.23705134472462247,2.0
111.33777723583258,498.8532771947339,6.6846993954161285,0.8837510892165005,0.19693829832159476,2.0
-359.88601566982095,262.9894101799624,5.465577354070676,0.8728997387374836,0.24775511932349253,2.0
-137.48199402582776,426.0498141237241,6.643665465817185,0.931542022946245,0.30189364143179587,2.0
-424.20611445572615,-131.3064908718916,5.84960035962896,0.8981355299284258,0.2329531184242198,2.0
46.704863559182506,-454.1227841221559,5.83495550814642,0.9037365298521939,0.28339306011144744,2.0
-245.67675193748371,361.0704954929615,5.151997318012596,0.9097920075709331,0.2283027659342773,2.0
-455.3056842557761,79.09762949257464,4.919722082362535,0.9122960630114926,0.2393520660371223,2.0
299.0986955064086,-407.5931937181624,5.59105467076296,0.8764944886385865,0.24681533330334096,2.0
323.5904907615917,-306.81602142165787,6.281197772374814,0.906084601919397,0.25047036002873396,2.0
483.8863485903088,-36.041601103460515,5.833947827020836,0.8646889122545236,0.13440956793311587,2.0
95.68650563180026,-352.81513885524606,5.041859946548997,0.9019262390013802,0.23276925517445612,2.0
-345.55407559533637,339.73174747358684,7.52838894242005,0.8807993126359207,0.2033280494898421,2.0
-451.29187903238034,42.88108318785068,5.3271536412323615,0.8769959796277285,0.2690040688465363,2.0
-482.91736165723853,128.43334002257083,7.159887236853198,0.9412727457923942,0.315035939359212,2.0
237.73457324864341,-493.2554585942387,5.774666839142136,0.9349305497732253,0.40859137508519316,0.0
268.2457800694611,-316.82589492280596,5.719222542575158,0.8644157003151612,0.16410999015184852,2.0
215.38324087819623,-475.76198075587405,5.6995705639775975,0.8925922813301912,0.2778433758005962,2.0
-187.05297782540424,396.67260249796004,5.642811229294049,0.9101548433198319,0.24068750798188543,2.0
-247.95123180192135,352.0480648039273,5.151997318012596,0.8454330741091043,0.2174054057475863,2.0
447.93085480679315,-27.06327308503511,4.7577092323006545,0.8225040068973579,0.19695642339899572,2.0
-225.94448743069887,349.08324330789475,6.191818805780764,0.8724297315170803,0.14929014930119744,2.0
470.60417522319847,121.08106740956384,7.1880502915072695,0.9187698051503111,0.261507843696569,2.0
80.63876226965571,-495.7746697521386,3.9740882438855025,0.8640459125740614,0.2662727008925121,2.0
-426.562574571924,-247.5442239496314,6.09399678046524,0.9153766360056599,0.24207413020204716,2.0
499.43490578559977,120.46358535373335,5.618062941334149,0.9057019696692047,0.2201575383077177,2.0
-102.08392030706044,-294.1939934713622,5.690825014543371,0.906229797156088,0.2782692525215156,2.0
465.19800500786977,30.90126150414531,7.248869499611415,0.8971569917483154,0.21005450940852155,2.0
63.61190011955647,-423.08138673839073,6.591030325791219,0.9000918881084671,0.20329468647952542,2.0
-409.51978741647133,179.93978941430467,7.357420818237183,0.9060674262915979,0.1545190430622601,2.0
92.87491903684922,426.8988456056729,6.409136699946611,0.9125296154267406,0.31577098667662695,2.0
468.84374083899195,-64.00167317024794,7.063158613331331,0.91362569081583,0.1601473298606804,2.0
-477.7707226945638,-95.55155076612364,6.9811628890871,0.9259110995582044,0.288912684689426,2.0
130.3067787014234,-443.56856052843494,7.321606309887107,0.9279785554224481,0.2221602604471307,2.0
-411.9126097819054,-105.77228154604838,4.87520402917673,0.8429189815382602,0.18813777017808736,2.0
250.00390364287242,509.8737247254192,7.512274200448614,0.9674896813721514,0.5829002135630651,0.0
-460.6056026009472,-82.80635596599237,6.7683230890357535,0.9185514335710243,0.27106641997369724,2.0
136.18052549714585,-287.70251553380416,5.125484664593936,0.8855326949028942,0.2830923204767038,2.0
125.10641004224676,466.7587858918931,6.9512036768686585,0.8885078935518443,0.1779515102409161,2.0
240.74170054200056,461.59267258915474,6.510455669987992,0.9037962578537085,0.2140660490383197,2.0
477.41775909720235,-94.15534596116018,6.128607642563626,0.9007099188055456,0.24904978248783374,2.0
-340.84136270037334,-171.00760230315544,5.308127797331757,0.8311235717293044,0.1695837440233083,2.0
-192.80741666926045,-495.75816462554366,5.32773872398056,0.9196562196924017,0.2731630880229063,2.0
446.8162300389436,70.5603470703535,5.16697620836581,0.8276879875763193,0.17916501561804188,2.0
-107.1001681977396,-474.2247854500634,6.020339514345922,0.8723273620415398,0.14445569752767903,2.0
-263.34934937603117,-379.18020564270023,6.7486642862896975,0.9399918287332729,0.26083714223435706,2.0
308.56938705256704,318.1829194002985,6.1783414369729615,0.8884695141889455,0.18017560845481534,2.0
468.09311733641704,223.46843553163,7.073290400633021,0.9326944631669787,0.3050511135087869,2.0
173.99863208430386,389.24620655173555,5.47436314971542,0.9029515116208029,0.2685923629560882,2.0
-337.8060430238415,-179.71163560303023,5.582849614679096,0.8813802776048595,0.2948966029594932,2.0
20.610333507171177,-453.5947083995994,7.0457082742371275,0.8971120624817863,0.11735722719822268,2.0
-110.7991852453161,401.8652617385576,4.675455722507691,0.8149544290101367,0.16986511520851283,2.0
264.0200774141852,-347.04897204159784,6.354751608678155,0.8926040226412242,0.184805454083562,2.0
368.77479211986986,-275.8041362064858,4.014027641228293,0.8131069090098993,0.16478024755758186,2.0
-418.5024721820063,-152.88621801550795,5.377748735308571,0.8894304166250879,0.2785563665424073,2.0
-40.55348164618535,413.4927021832537,5.438415859700017,0.9095468568393534,0.2259319415516581,2.0
-256.1705490305323,477.7475461652964,5.946035246627236,0.9742423596210747,0.6762944404774204,0.0
-372.67315571173884,-206.07249970850995,5.426927584588491,0.8927171884448817,0.19049068539654843,2.0
-245.2743034531313,-392.8057136740261,6.516703704737246,0.9021658354739851,0.20626870157785415,2.0
319.4716940898939,35.06771454623494,5.575461934643393,0.9037664689853264,0.26949697794912314,2.0
250.88701566798417,-320.0279374847802,5.198383041797393,0.913683032463676,0.24070793319340025,2.0
-225.2111955366575,439.6143507646239,6.526694824205065,0.8827586944425311,0.17355770863727923,2.0
-479.78908215770286,175.15632985116864,6.7286972113322845,0.9293914604956697,0.2930697025144921,2.0
-438.30074530872037,82.36749430743863,5.31919378457719,0.8810013788685359,0.25957414766238535,2.0
175.81486619773128,-258.56813484187666,4.209414847732986,0.8423604807226891,0.20048192358971287,2.0
403.1550198143196,280.28372844404214,7.0006498346343955,0.9144840050243218,0.2491183362657719,2.0
419.64664420622466,-17.821041781722965,5.584140586909073,0.918764517375618,0.25278521960021366,2.0
127.7636806118142,-359.06881720185817,5.7088666100403405,0.8662109852165508,0.1723825430960125,2.0
455.658650440782,-170.2971618892166,7.347221081440401,0.910725771958137,0.24331280668045333,2.0
-306.53806036867127,316.66643412234134,5.3473197040131755,0.8242087773233344,0.17208373760471862,2.0
-64.92918601931467,-465.7166641083766,6.145920686157524,0.8986235794509941,0.2046911934270492,2.0
-207.93646709893974,-440.83289242553184,6.7310650113988775,0.8867262780526853,0.27069402778584245,2.0
-346.9405307876134,396.954436177274,6.6080140785608075,0.9121899384709872,0.2630158166174998,2.0
102.51202207718258,405.8502238532318,5.232507208642036,0.8073209643264175,0.15258378043993764,2.0
-20.351893035121034,506.388809229124,5.3855574461359,0.8414860835818098,0.2005979937533977,2.0
-300.3887569498118,-147.28731749414237,4.691220948603728,0.86778216501376,0.24982357667879757,2.0
23.180218054972897,523.9886572361561,7.929416888795225,0.9481536221043588,0.3138791309215705,2.0
140.66417603335643,-422.66292099220203,6.517445689526514,0.8751623770375874,0.14533184382125383,2.0
348.3431244131693,296.386280453207,5.397880739150032,0.8930697059982763,0.18987626500732904,2.0
-270.44819337635204,321.5324585632909,5.4932135481282724,0.9004826214986746,0.21887023445668657,2.0
-130.3306817423682,-435.83473035533723,5.9777850584171555,0.9000498386878855,0.2746561780908801,2.0
-343.22480633845873,-300.6829302545287,5.4358978711412025,0.8881916511209277,0.30160628294476866,2.0
-284.78323746788556,-413.57560242767096,6.1780981815314675,0.8967678001856769,0.22051419840252834,2.0
452.19931291923655,79.70339121918583,7.353347935352861,0.9252593853740361,0.3069224330563791,2.0
334.74856757175985,410.60778806717445,6.383772514311366,0.9154397355601701,0.256343110307857,2.0
-381.0780721220659,-226.49678126808513,7.100786581269427,0.8825311792072978,0.18045785779766996,2.0
179.74119422720034,-422.6315411888394,5.759995558991892,0.8977368154477717,0.19569504900975637,2.0
286.5514262489368,-261.7782065076505,5.3761090062281145,0.8137165289978531,0.14608603200085749,2.0
-347.3019455436976,246.6518839287051,6.470602841777676,0.9237738071452158,0.30611511562557686,2.0
-202.63281892550987,-391.77935353501476,6.915959481282581,0.942128743547103,0.2880056688886232,2.0
-140.36169360752035,-440.9850254403726,6.447340971719184,0.8820006674962034,0.2660643445257995,2.0
-37.99410921176453,-424.2127092548081,6.036633272484738,0.9027176516582387,0.3086942634547155,2.0
359.5880452050769,358.0151058857395,6.083364818925077,0.8756105775157074,0.244871937368669,2.0
13.750750905249118,-430.45862510341965,7.311308257892091,0.8991231517169189,0.21229005462226974,2.0
-322.49373484290663,-424.866629464667,5.14028176523959,0.8986500718443194,0.3084323183935021,2.0
-463.376551088715,-124.1042162004022,7.310704550042331,0.9052984469790721,0.2206488565266842,2.0
-370.2517200331364,340.6313094546385,7.6541570930411185,0.899006639600607,0.2178667936069092,2.0
31.698605713610085,513.790404640111,6.570719089228011,0.8873208892784165,0.28556214425297666,2.0
-97.57649103700052,-353.5827002115949,5.216201988353913,0.8831130826353554,0.2888169921473163,2.0
-91.5307982046648,58.17070384143585,4.587943349713679,0.8714812179512742,0.23937632968420805,2.0
201.67958462938424,530.4927384920915,4.466273860354705,0.9122856426890981,0.4199025286773686,0.0
-467.24211430178383,-158.5288033839483,5.455633690456162,0.865252698408476,0.22222090495935498,2.0
399.5896853850092,-368.3178243368517,4.516484283313355,0.8628120686970026,0.22124659732366583,2.0
-414.55274062148635,220.29325519190004,5.475451413318903,0.8770505228154748,0.25412296869264933,2.0
-133.03047134014028,457.2077598967948,7.298687089986996,0.9207755944815541,0.29537082510401474,2.0
-21.636249147942966,-434.04232680396143,5.827931585104771,0.8706231600840508,0.2368919535012042,2.0
417.06678955814624,-38.90859874600515,5.258426445854918,0.8489028603785845,0.19993019965133477,2.0
372.80292825063054,-92.38554713337892,4.87148783464557,0.8746853753062188,0.24643646200689695,2.0
73.28369210964411,479.8493614307224,7.994698547245014,0.919475550425922,0.2665770491918405,2.0
-263.22010276756475,453.71794647144696,6.117107514982729,0.9052792612316846,0.41164346803909896,0.0
238.6930151731748,259.3214569755112,5.105328589687983,0.8547018928177407,0.20317276165598064,2.0
365.08344540651024,321.64695830708865,6.19169473672867,0.8850963018730493,0.1798623640185117,2.0
-266.91858415980437,500.61413289860826,6.294416298720433,0.9892997578960276,0.7576966707644133,0.0
-119.70717402592116,399.1436659984681,6.6844571821417444,0.8919468206979613,0.21489088342292098,2.0
-49.26133230818927,-424.28077143717775,7.00267000807581,0.8978639766936893,0.2970695479584772,2.0
378.9689041138679,213.0599764471092,5.746837209202129,0.8969544500423761,0.2058751434467141,2.0
83.08144970160463,469.01207312090094,5.966025912430249,0.8802485524366481,0.25200973735587917,2.0
99.16827186248086,416.6549466912289,6.794016913055228,0.928724332562106,0.23529928980695564,2.0
-184.1260968340114,367.1316868991682,5.624616600930231,0.8614895134279743,0.2203385891613408,2.0
-279.87958959182583,-423.21500371321935,5.969961553389667,0.8842749467687822,0.2641248738061536,2.0
-39.19389215961866,-453.3536819061019,5.260040381369293,0.9013572426975299,0.24049224629832927,2.0
177.928145835738,-249.59917657699884,5.694389932540872,0.8864426130576459,0.21542345396055712,2.0
380.0908848338753,-243.9594956125044,5.90237558734233,0.8599701887887878,0.21987563062378573,2.0
137.4260018850238,-363.48471815448687,5.314372710100764,0.9094860861163356,0.24796302962788466,2.0
218.3232440686148,398.4065337150159,6.0587382404728505,0.8957480323231327,0.20086568425350643,2.0
34.644521048755124,-468.9760895253386,5.988756304260117,0.9142420981901164,0.2912473996052094,2.0
-419.0174850984151,-286.81720516710567,5.423335730034185,0.8527315119659026,0.22336228694914276,2.0
266.13752048587844,-401.37454597503915,5.95953248348721,0.8694155876844337,0.14687938011332413,2.0
-329.7598090288376,-235.59997718479718,6.826444250558742,0.922276384107875,0.19693020588079466,2.0
463.22689599571237,19.131802583657613,5.437674314155228,0.902870229161531,0.2368156688231399,2.0
28.095034965172886,-444.6146245425585,6.093264544175363,0.8649588694326973,0.1278832225532553,2.0
-397.5600056522808,49.66028968769258,5.501741880007347,0.9159624509921791,0.2995541616933499,2.0
156.70080538548487,403.2056472321348,6.6111321093033935,0.9037678080121213,0.3162772166557336,2.0
307.756312632336,-407.840434081755,4.572719108373633,0.8549037431720834,0.2572650809762208,2.0
219.69917286925624,-405.40875435413227,7.344171974147975,0.88517856674648,0.193558797137578,2.0
-103.25126831196363,400.03273680217836,4.548552369047455,0.8236355650128834,0.20278626916210474,2.0
458.3217302871638,-126.01467892381788,6.178418487633442,0.9102147169930213,0.26632535231255344,2.0
-407.5740264730117,-15.908969870179842,5.183366736758686,0.8507825640730571,0.20803082189428726,2.0
149.10094352566196,463.5238785857316,6.871896269255622,0.9342612520955907,0.3131329172064141,2.0
432.4419941878625,-70.92190368405853,6.020425732740892,0.902144833237371,0.21917579993040126,2.0
-420.0570430740147,-213.5589267732351,5.716185243872069,0.9185707482849564,0.2561422832804252,2.0
-357.85761747445395,290.9487391186247,6.929468346573263,0.9326106061946541,0.23680723599819123,2.0
-199.93076636625182,383.3991497807525,5.657493978018951,0.9045654242192268,0.30698805648628175,2.0
288.4801898314256,394.4496205643245,5.9299123178529785,0.9068819388461195,0.24948108826414603,2.0
446.68970826943865,-9.651362481859586,4.657722198116096,0.8663842639004827,0.27801212952683935,2.0
-325.3004022990686,-293.0072864103942,6.344873481024634,0.8744702400315002,0.15205133481455202,2.0
488.72534508823964,-121.83318495685535,5.851743492713979,0.8838486156215388,0.24370353677591378,2.0
342.34927325153336,372.6554994984548,6.119322553618071,0.8574275851481478,0.20811432243671907,2.0
308.40101369582607,-246.1681849723615,6.294901294544026,0.8508196878633973,0.20040331611669907,2.0
387.3844930282188,-236.27064634604113,6.379143180082122,0.8773350987483809,0.15860247029245436,2.0
-414.6821244852065,-135.45573012021077,5.650156759524991,0.8692502227993082,0.24602790320689177,2.0
-132.8115036786961,436.4228815391993,6.015873483861123,0.9041929191162468,0.25766359475182365,2.0
325.86258598222986,-252.38022462681755,5.21313664441792,0.8732760013001788,0.2416590492082291,2.0
246.4512333290436,409.3182012538856,5.753984041155149,0.8701909566982777,0.24607364465147746,2.0
-330.6474970045858,300.45321468005653,6.393962977797056,0.893668194792615,0.20136431645808295,2.0
46.71012740252745,-442.5360124762581,6.326228645974757,0.8872695493755048,0.18834620771882074,2.0
89.15935298596636,-442.5417235361867,7.589719781878163,0.9347166913195215,0.3087127392536142,2.0
435.77869926740897,206.02950688447018,6.119635226687103,0.9222367185795021,0.31484109404996785,2.0
52.94330512325575,399.4030222871177,6.9193948757380355,0.8988586155132333,0.20323157189499877,2.0
-475.3947890111324,-45.14155812007817,7.76995564875738,0.9495717715969137,0.3159756024788558,2.0
-38.093633586063596,436.02727595765293,6.903134159192241,0.8884941556339702,0.18439857620939043,2.0
405.15751442024225,-151.3550588628256,4.145172476546477,0.8364408533613523,0.18699110877767064,2.0
336.040102696294,325.27533573143035,5.5198602249124,0.9310093247518425,0.2991107325325771,2.0
-292.80466708433045,342.7060933517787,6.150168532524157,0.8976627622902649,0.2063168765130716,2.0
382.4891046474291,-254.47817272273787,6.0663171425861995,0.8718718315237487,0.14640374207892398,2.0
230.23042303932152,-412.4378576506004,7.682623899511306,0.858894146294217,0.10998654438758013,2.0
-145.615955783778,400.45942037244646,7.198717857974843,0.9212863712828224,0.20509291873220403,2.0
192.17821388877653,487.3869625410969,5.963676292238899,0.8824414427180395,0.2619641137143298,2.0
218.2804781756641,-356.0904223991924,5.911702872495795,0.8830389860875102,0.190052378105676,2.0
320.17566661947654,294.11672743497957,6.755434898761519,0.9181643822479303,0.279349052560832,2.0
460.7834853965637,-70.70865695861461,5.099937632812911,0.8275673535060031,0.16490861055754075,2.0
45.198784084706034,459.3874287088953,5.41053243104457,0.8531837056858701,0.20601202366850951,2.0
362.07346966680336,-105.38678461036491,5.620567657042791,0.8820088508277026,0.1590110207652851,2.0
-516.7582050897732,57.76909932003034,5.354131353175197,0.858903584873524,0.2117165136681515,2.0
-332.5171116627936,-302.1392681266056,6.684411172586676,0.8767038826344843,0.14566129457389038,2.0
149.4522241930012,435.5231245715299,5.60448062321148,0.8833054543138794,0.16884667775352827,2.0
452.46450120852097,154.61841224837644,5.026311050218312,0.9105198856772064,0.3063231042933215,2.0
-389.0107651301002,-305.9287589854768,6.270516035498653,0.898248890069871,0.21726907831173262,2.0
-259.79333647044723,-366.69599131415634,7.473966369040328,0.9066374848710128,0.24878926881101315,2.0
-417.1133868001715,31.0457454953517,6.769291735746269,0.8798769833611381,0.15294826011445653,2.0
-388.589021312717,-216.6841853145991,7.240328169771184,0.8955358030774742,0.12803592099205516,2.0
428.92664816945745,92.2796012979227,6.197412506115918,0.9074682899410816,0.23019325129079857,2.0
-15.03525894357382,-516.428195126842,5.22522711397692,0.8864127936942785,0.37565890049951806,0.0
82.60906918226176,402.5125269628779,5.546289714944459,0.8365195846141426,0.18017418847944264,2.0
-459.75868734446016,126.44351534871653,7.32568027927668,0.9200241765303484,0.3201298072183342,0.0
-224.88404996055547,-378.22011239753755,7.335765922824783,0.9154330249723007,0.28535586632887217,2.0
123.2596613876135,-537.957415485504,6.539356648536044,0.9719994626725383,0.5804326895137282,0.0
352.9382078486776,-110.74277392765424,6.269733483212068,0.8823509405461126,0.21342729316650508,2.0
-382.9425802752117,270.5279970404626,6.084195008859161,0.8975839809445559,0.21585426701152516,2.0
339.2992290406942,-342.9049159754037,4.30983312478807,0.8075167168636227,0.1455319551278474,2.0
-61.43446398054,473.7430616465547,4.818247896645975,0.8752420178166214,0.2537606655679965,2.0
-49.97434395440616,410.68015891269357,5.2853221989793555,0.874745452688835,0.2584402118230583,2.0
350.05185798806934,-290.028722348779,4.75798472020533,0.8282753395718888,0.17525049250741212,2.0
-471.708324510825,-56.01701213725294,5.009287174254666,0.8467965044390878,0.1984123201802059,2.0
496.8546245600576,130.3635583949336,5.513027075031451,0.8878424457740374,0.2762063462171328,2.0
102.67908407694479,-430.35734029331655,4.33749581787617,0.8204010689425758,0.17088054445883027,2.0
-471.78866229082877,110.21302646320112,6.697872502660327,0.9225858101510264,0.2937488236537591,2.0
-19.472747686863006,-536.1864939685536,6.520325087304405,0.938151635621225,0.3267840746098216,0.0
-0.29463161092877593,443.1034766483986,5.440749886719622,0.8981173236338366,0.23278188737607994,2.0
417.6965554569852,-28.593280381830812,6.066756145234304,0.9184076330023259,0.25575722311294385,2.0
-443.2108675655015,259.11428077384045,7.214436003038476,0.9200172211843145,0.21684237193816813,2.0
-344.6486474285159,275.4231550809471,5.9620195202407675,0.9003954455545773,0.21092655468120633,2.0
-203.822617956871,-403.980643861623,6.299582966003993,0.8889429682169223,0.184101257845199,2.0
-107.3272271979936,-506.3893181279418,6.117949572151139,0.9185193995785326,0.2809381146899697,2.0
395.54999669316965,-281.8810739879817,5.550544156455859,0.8215389239612727,0.1559862841841145,2.0
-259.50068339054,-407.0361489154847,6.18509104798639,0.8736254466118243,0.1642661283088823,2.0
87.10317946791183,450.1178130346172,6.196202672739049,0.8956797006336445,0.23196144834914936,2.0
-287.3801605899911,316.30658625543236,3.792290726764494,0.8630997304325836,0.29854443974878164,2.0
293.6776464797012,355.5841974242447,7.343200253708807,0.8805086797405527,0.20236991888680161,2.0
-472.5511955767966,-283.6897167317692,6.152782161339196,0.8909136445425385,0.2740405195454993,2.0
390.74851552159936,248.94219707642847,4.709865547377889,0.9045065608433621,0.30983078799987807,2.0
-516.7051861907789,-115.24390870847108,5.722949404207528,0.9191932093742995,0.2786058141475206,2.0
450.45788955708974,-196.6928572934054,6.903768225952665,0.9248132769517513,0.2057430384462334,2.0
410.28942663849205,252.90583838705535,4.852023578534775,0.8318976995460243,0.17624915640541255,2.0
-498.91434170033295,57.061375523146474,6.351582133416474,0.8923975896969754,0.18315509864065796,2.0
-484.97593833595664,16.452914509137504,6.820923124301561,0.9264303990545263,0.19771140547464264,2.0
-368.62331503100364,-320.7488080796875,6.449656249189201,0.9065072675808159,0.216913895132564,2.0
-86.49210301458643,-275.2460264982543,5.136303718416565,0.8529179614169404,0.2144004566407465,2.0
447.35314023463474,128.19953263590196,6.829497892204406,0.9061749596861808,0.22273021666343717,2.0
-536.6151048836822,-65.98258495538745,6.7171890361715745,0.9265809090772673,0.3632303263133304,0.0
-257.2871550361741,347.4108991372889,7.061070046222864,0.8986231488542393,0.2088972177718905,2.0
306.0851941846082,69.57875829009426,5.5524911731243725,0.8466726142077134,0.19088727249359222,2.0
282.21719095929126,420.07512879238175,4.943038577109457,0.8628049546271328,0.2589356114195581,2.0
-87.1011857677736,469.6310575241126,7.36562001886364,0.8558325662901479,0.10833116635125041,2.0
-373.3422621257062,-258.84265718982925,5.0250912334537,0.8088770048716154,0.13748496707884167,2.0
124.24108221857,447.3684511279498,5.951486153825419,0.8958055750795874,0.2217909480341793,2.0
23.50058646624614,-400.1049006726466,6.238746232956511,0.8797734989721198,0.2713105045938389,2.0
-458.31192393550447,-185.44413833321747,6.62787180788431,0.8890457438192436,0.19479996367066016,2.0
-17.127522004081047,-300.64482212849833,4.9673015678492005,0.8955032668509425,0.29815088716884075,2.0
-357.4181931063459,227.61751614849575,5.546202553608392,0.8958692177561689,0.26383597887742094,2.0
288.31371024732226,-393.03625695681615,6.365219303200927,0.8934793469061683,0.19770514645661033,2.0
395.93552428566863,217.56798305393585,5.949258478885885,0.8747005884008249,0.250085896806779,2.0
-398.9619440953599,174.4072818068224,5.199209585489631,0.9328176580063884,0.29817090834861043,2.0
129.3155574251624,-422.26760000522887,6.380389599205024,0.8862145264965045,0.1807014157504727,2.0
-279.72263539692625,234.39670291266722,5.08542252246742,0.8243691108425409,0.1642869584015324,2.0
-179.07990965917824,-351.6281271550948,4.84431324173305,0.8500592180402393,0.20940730185003742,2.0
-362.90724039373026,-202.9917114977027,5.578037750880939,0.899038949790496,0.20826822011265742,2.0
-377.9968245929192,301.87831527730407,6.5488989601437275,0.900025671081308,0.3161328297083006,2.0
183.03755691976886,393.23694905829865,5.357179304524867,0.8894888621614028,0.18926126390239167,2.0
338.5902218455149,67.4234004884235,5.32443165354169,0.8183094204886004,0.1636667338462176,2.0
506.48243119599925,175.29336859071373,7.277678991721647,0.9426339687062383,0.28309549420859015,2.0
354.6469433197336,-352.49912425355484,7.858423057365764,0.9197448536012346,0.26567119203961953,2.0
463.14646273477854,-35.08395674316172,5.4884870902126455,0.9083661565964684,0.23625701263970728,2.0
-111.34673110245623,-370.75158380056337,5.695018869868985,0.9031505333583597,0.236963179651606,2.0
329.44472042698686,345.3029483551256,5.5838140110266,0.882961292408006,0.29187935125717074,2.0
-429.2376473485832,161.41288668035676,5.846985785413183,0.8883162561151181,0.21577995126785973,2.0
222.90470865382716,361.78926681185254,5.925418501625648,0.8468016104635919,0.19243404323316549,2.0
-391.0520603030089,5.418733177410888,5.9008822708501905,0.899300510606005,0.237796482874567,2.0
-318.336481257377,-315.3894030747449,5.874390817982171,0.9013668655187246,0.31183594884101157,2.0
-234.5438767232375,-357.6003442894118,4.852794436416112,0.8296980777904315,0.16540984803471115,2.0
272.0122675221257,-256.88392741242654,5.100238789094153,0.8345204041211189,0.1737715794564022,2.0
-399.0035420950987,184.4733302064747,5.717195685867524,0.8931641003927907,0.23756493946887638,2.0
221.98076354047367,455.6493707424084,6.333652874097865,0.8736325889204664,0.15746098539545367,2.0
-427.3777779744944,-280.88665863970687,6.772134851033378,0.8712290982194074,0.145698414415395,2.0
-477.4761009800119,-204.45124890525952,6.751157144035142,0.8886034234500688,0.21353603673132396,2.0
-226.1203339673625,-428.6199169863434,6.335263234817536,0.8563723367482451,0.10518459532227079,2.0
-484.03527472052997,-125.1358925919834,6.711769000140513,0.9299378277003274,0.26028414577734127,2.0
7.408196333301232,450.62909657693524,5.7725364472481395,0.8903110099671045,0.2074115400203811,2.0
175.08945964751132,399.34812182013457,5.90532292679185,0.8762691146985465,0.15356172437378712,2.0
-279.68438151511424,318.5177578959337,5.184375769518677,0.901993028857442,0.20914510082431856,2.0
-425.6133565767494,-235.08920215391097,7.421983081559018,0.9225110509579474,0.27689548236731476,2.0
-323.84730027875503,-245.53026536321406,5.407175584312087,0.8960075721397388,0.28876884429017924,2.0
-502.43166612268533,152.78253778166413,6.325489756432991,0.9241891775732048,0.2840233901559957,2.0
258.0425573381344,-444.5793677711427,5.378786808381687,0.8719222624956205,0.2421549173395832,2.0
-246.9561704407347,385.41083282784797,4.485775854096384,0.8277178416438429,0.1643115507283307,2.0
454.7789350053714,-184.02188482654893,7.687725590574337,0.9153006757370186,0.24096663199649904,2.0
-27.563325206334213,438.82732111015815,5.651893983662657,0.8920345541265847,0.291569126553101,2.0
373.06436493179086,-118.20779706342307,5.404702512836146,0.8768080230656853,0.2623202643198881,2.0
-291.50566500695146,309.17101979892635,5.65473482406871,0.8930791832736221,0.19034519233825353,2.0
475.64892527693104,-247.55311402878388,7.558775558210059,0.9351194645548827,0.314573073830096,2.0
215.25868184922888,355.7761865094604,5.224164439057165,0.8761111966096548,0.24605301511702243,2.0
-208.83347795993862,-366.22149977222773,6.337382639109358,0.8719131998669223,0.2461589519478216,2.0
475.3182916254563,-155.76930962160193,7.357510928736966,0.9158776758761789,0.18730784475111173,2.0
128.73156019739457,-500.64963230221207,5.64032974492159,0.8954290654287768,0.37795151571027197,0.0
463.873210821814,198.88061702563266,5.920696933294607,0.8872164571348334,0.1783266892497949,2.0
288.4744372683225,404.7575432833661,5.655100305876964,0.8971608897781471,0.292687755610128,2.0
416.22366786940825,280.08274645338594,6.753114394567248,0.9088298897588937,0.32984671697540596,0.0
409.94775250662667,-82.65471196508484,6.098915409042079,0.8565835115889094,0.1433076507949143,2.0
-331.57934487619434,356.83512140415866,4.391536718242518,0.8241962994083124,0.171204625564529,2.0
475.5958370558792,-176.97650115225173,5.879309912044916,0.9084052814854643,0.24857618761798175,2.0
166.4180695651212,438.5541005753498,6.229510488416434,0.9052994881302631,0.24608298847036758,2.0
84.87900031259831,-488.83855622939984,5.031022978019818,0.8536213450115506,0.25348976114070315,2.0
-447.5255348792165,-224.27181078105113,6.451082039190126,0.8783702622540219,0.15814809738163468,2.0
514.0262607547177,62.29176489479763,5.974096098453791,0.8446952031325188,0.19362131292893509,2.0
-416.4729492883873,230.13511274139367,6.227156371677569,0.8563063450939803,0.205881445232871,2.0
-453.9190843713258,60.501042107264816,6.038538262936114,0.8938753986776052,0.22749606262164826,2.0
-412.5432648913488,-96.72269369500835,5.242658384670958,0.8976025041164482,0.20023445137544615,2.0
459.4825725072672,354.7480089046794,8.164263013396907,0.9920453480711386,0.8321580648019781,0.0
381.94719298337344,-422.18711172776796,6.285845095842592,0.978019924767851,0.6186967482435233,0.0
-225.0596896890239,-477.5087883155353,5.455253218328381,0.9038879244220906,0.3402488461669622,0.0
-160.91641929163725,-365.28692389497013,6.564249267953843,0.910590924121312,0.27715767085761284,2.0
-166.10720922712608,416.22641266058184,5.547496792073728,0.9070933340489451,0.2389866107739019,2.0
444.9854924985281,34.34312487398428,5.789154011141065,0.8890792441529001,0.17756165430629642,2.0
382.15477819799105,-196.4826691294831,5.085483436668202,0.8536299360422426,0.2100066764082446,2.0
-368.57536937788444,227.71483931319636,6.131205044078136,0.8974336050708989,0.21289955052141757,2.0
326.11141289561516,7.283776271673751,4.744197729022011,0.9184215981723108,0.2717437187921394,2.0
149.96118822266226,-396.7801507053802,6.024600710588474,0.8918489102221134,0.2341571755780817,2.0
-370.1790303599257,-138.7929606868233,5.724583755664481,0.8862309092235205,0.2649899865557275,2.0
461.866317883761,256.56753656039837,6.952379431066762,0.9054486841680099,0.26625923423295816,2.0
-168.95062497048474,548.38674053819,6.5718147660593935,0.982926097635722,0.722256737586856,0.0
-66.54528537531058,411.51863814577655,5.447319695225165,0.8969123899450491,0.29368605635122363,2.0
423.33691691316795,201.64838003019207,7.355226267541422,0.9502581057119631,0.31343002323613117,2.0
-434.81311890187175,-59.428736884704975,5.8719532037464575,0.9036842485424658,0.2743124534863416,2.0
-271.2386697766914,-348.1396187107083,7.4642021700002985,0.8956082859051405,0.21790472568845115,2.0
135.29645904302015,-432.45035978800377,6.144098653442733,0.8945608545756818,0.2044931646000585,2.0
-535.4524336007713,152.2206315887952,5.878536150652098,0.9615076493193462,0.5166913559409878,0.0
317.5591679329343,363.1370653203798,6.4718809689941805,0.9058302170508499,0.2429903330825906,2.0
380.197124510964,-213.88969893292705,6.219112531095059,0.9119085687711572,0.24240195849543988,2.0
471.0192267959209,11.862330160680338,5.546430764977095,0.9120356850075215,0.268666314064523,2.0
516.3267951294197,0.42667545037920257,5.601488937899089,0.914378078847163,0.24101594459636755,2.0
370.0432563763195,206.85195151262084,5.808712385458148,0.9032840726347297,0.21548943379059607,2.0
33.6015770158974,473.2385400645172,5.616753525100743,0.8802891050888774,0.2046957590433077,2.0
-55.70594654225693,-514.3727307968713,5.578873102891695,0.8816050118008026,0.4744586239056867,0.0
113.24001749743503,468.155829973569,6.0191121623589305,0.9115795004742929,0.286148124348489,2.0
253.82023481133353,-329.56155753940203,5.678420051244781,0.8669960549370734,0.15811841123988074,2.0
414.97177995908254,-271.2910058574662,4.780305891863654,0.8785671599249236,0.2545526476874587,2.0
-120.7091738836228,418.51784783169626,5.502099919415256,0.9112317456661748,0.31045308039313035,2.0
-497.3848775319449,-13.830327239938125,5.287590800943651,0.840884305392704,0.20689401767113705,2.0
323.42278242123155,-348.1431731335209,6.8648014881542645,0.9141014493877054,0.24906385664568279,2.0
430.34002434232565,243.48363621480422,6.93838615683195,0.882941023047079,0.16751059504592675,2.0
325.4396267831685,-261.82118524308385,5.44324233896844,0.8721048960307655,0.2356690770289987,2.0
311.74961724101735,-310.5000981356763,6.4669145653249345,0.9247276214580532,0.287883937656681,2.0
399.81232945777845,16.246871199139996,5.609129930732173,0.8531009456073886,0.20419932218485773,2.0
-321.66595235054217,-274.4734120197697,6.7202385720256235,0.9137455208385127,0.25728933955925715,2.0
-429.8753097954919,115.53804704712952,6.876951342147468,0.9063341583098808,0.2213582849356287,2.0
-57.814253004199415,438.5406520046923,6.071281778043629,0.8959548198148801,0.19903654555816966,2.0
50.18102545541236,449.4435121531929,7.192667799159722,0.9208107813588793,0.29698998357233075,2.0
-436.80060368255727,124.40035231716459,5.595909936071345,0.9058465030034968,0.21932427760129009,2.0
281.79261321460444,377.42537238751385,5.634259828224554,0.8957114527131085,0.3145159620140485,2.0
410.76596703575024,174.21840850848577,5.194832139092528,0.8817687556432791,0.18817940438289177,2.0
268.5560489588755,-356.14113458546564,5.390037569202223,0.8614762118145036,0.3493484355692558,0.0
168.3242114400368,473.3790971540912,7.359040971822723,0.918017381243612,0.2309732789655227,2.0
577.1940319158134,-19.55129794124648,6.265946679715212,0.9618008956419344,0.5692303720322683,0.0
-296.47599138097104,319.1404900801476,6.2507210564574915,0.9185418225686441,0.27939663746573135,2.0
-168.18206559983994,452.5949688837157,5.579019595346276,0.9001924181879133,0.2900496107096494,2.0
100.85366957660301,-449.5977401231358,6.226494337589103,0.8936951533692193,0.28408476929213844,2.0
-417.81438208072797,162.47486591096845,7.102734445798052,0.92175119197761,0.21225411542676756,2.0
50.998351363263595,-384.1615184887925,5.658191176433698,0.863456526919289,0.23182334219112322,2.0
149.93030116151746,-470.80068187327976,6.256834811880356,0.9064866087366468,0.3246785252485563,0.0
251.2480525073982,487.72940476471797,5.67453059123745,0.9125602850410894,0.33476001089799573,0.0
121.50987528512549,-462.2633088224967,6.660318051601398,0.9200366257497528,0.2710419355348197,2.0
342.2424186908331,-315.45470844297614,6.202296921850739,0.908669273679433,0.2575029315955182,2.0
417.31221666336927,-206.10249907048822,6.6162985256594125,0.8961729694679774,0.2864789010431475,2.0
-366.84233049384795,209.41419114886057,5.569729502713419,0.8928434279779113,0.28519123466419677,2.0
-214.2193833701364,-375.33980509882235,5.98048093229956,0.8360834287317664,0.19500838441480378,2.0
355.3940246076227,-330.1534736777179,6.459633365680595,0.8781070599557173,0.15106174588478563,2.0
391.3759081689012,198.06315227044635,6.042082609242398,0.9205612319811443,0.28000398340109334,2.0
-266.52925570625865,416.31158000979735,4.326369203834172,0.869861184529246,0.2329381163162955,2.0
192.7406634815422,498.0374192285447,5.79833347767165,0.8820388915456453,0.19479238757823958,2.0
178.22821082063086,453.9634151687923,6.16366794784572,0.9089595429644668,0.24308720437006515,2.0
-398.9630021657413,210.58366183205018,6.360125086596972,0.870963048860631,0.14134746560047273,2.0
360.23211596624554,37.22337258657712,5.013771757583258,0.8863641049552827,0.2763789650815015,2.0
512.3956295095354,10.557821285558843,6.058913492370682,0.8725235795934602,0.2569983227706989,2.0
406.5049496524671,363.57563319647767,6.465511925314892,0.8911062483879828,0.20167153140404354,2.0
-340.0059105276885,-252.17917470448117,5.55968666910383,0.902296098474478,0.2307888244579095,2.0
18.29910958581048,446.48615137519266,7.409876617823773,0.916933395818099,0.2500803414460619,2.0
-370.469884652878,55.51311284240922,5.067746816278036,0.8606265985252636,0.22410957302931028,2.0
-334.88469135009416,-357.06903826133646,4.941305220719079,0.8636826074945058,0.14811194318557444,2.0
307.10588026612004,308.0696604173666,5.53420251073001,0.903324973909076,0.25089242886034313,2.0
411.78095997007665,-55.6340251267206,5.700298254744223,0.9106266370012293,0.24908839297789698,2.0
33.06534796147772,-403.86025252603076,5.537350289048819,0.8733348697928601,0.24323343390038302,2.0
-111.55363598720521,-464.355201358116,6.022091437691746,0.9181532930286164,0.342659036898268,0.0
433.31584964940856,-190.13314547168224,4.776646154442933,0.8253920782892572,0.19383624571084548,2.0
-405.0657408592514,-239.0376290820761,7.070300476785298,0.917512269480935,0.29030629723879253,2.0
344.8517373613624,-260.5510091390731,6.04537334090415,0.8908734876115547,0.18106780544087903,2.0
70.50262760010001,-414.9242122548553,5.438259768502002,0.8432092393639758,0.18681186031374916,2.0
-197.11513029745618,483.86282141904974,5.903117636822953,0.9208509460442196,0.26524148243353285,2.0
-27.341978900980312,459.1434155928605,6.460876250995586,0.936347982780091,0.2538143317309594,2.0
-208.69172746993144,392.43206471924,6.595961720445873,0.929754841118429,0.31156857992348064,2.0
-310.5945949601528,414.814875371461,4.966067562355946,0.8815427687150516,0.2602710560532579,2.0
24.498774191206902,476.01485677763463,5.0437039009109546,0.8498868730740846,0.2001803177010162,2.0
-116.37133318407678,428.26440157819854,6.357648721347604,0.9337964029815168,0.3026236542427378,2.0
481.308006591922,-278.9102912860374,6.235643319353725,0.9324621307182321,0.3110228657121203,2.0
-198.30214051518453,-433.56110232671705,7.235589140998748,0.9067232305962882,0.27099780252631467,2.0
369.6747006632375,38.728841975788136,4.585242458430012,0.9129089781396752,0.3118577550377619,2.0
270.8341146894163,-410.8432905865181,6.218481265437563,0.8833526517485889,0.18433274663077928,2.0
166.7878860309961,-360.68851070731756,6.397869616204919,0.861902727737306,0.24246963939835667,2.0
479.61138422607485,82.41551835597885,4.8781951295632044,0.8239793287579248,0.16032861510712387,2.0
221.19742543182906,-393.9509962400618,5.915788507853942,0.872716516805296,0.24237257923244013,2.0
-383.32103013224787,-274.09655748563847,4.69950590401677,0.87782809965004,0.25234147952992725,2.0
416.21475092358236,-233.28957960947687,5.668907710440155,0.897120606538981,0.19403281856519677,2.0
366.156683033883,-350.1705550593136,5.33604506307102,0.8865979264992268,0.27960806394650206,2.0
330.1301545001279,21.66982287651565,4.776464530024851,0.90947994164442,0.2361036979474073,2.0
-106.39971986539162,294.26065456971884,4.6729729755183635,0.8494421894900415,0.2110839813190892,2.0
416.1381988866756,-110.83867336493562,6.050197065531795,0.9001789880888643,0.20713871089540517,2.0
59.67721361045444,-388.69828895343113,5.657351329033142,0.8727844906628622,0.23875688006411552,2.0
391.1701682271189,228.59172142176902,7.043299916576503,0.9286696905812934,0.25228012436792463,2.0
406.20743663065787,-212.6364602759872,6.977963721708461,0.9061937584095041,0.23044700822623235,2.0
346.26558766319346,261.5803544587622,6.534217207934846,0.9278964295991596,0.2810834222123873,2.0
343.7628200439058,-296.654873294081,5.589369029390289,0.899809766373137,0.20586521619892534,2.0
443.6426673320873,-119.14389072213304,5.69157735534512,0.8507998473111438,0.2142937955449896,2.0
-436.8970370597168,-229.82917416966148,6.787563581798478,0.8739016883872387,0.14391444628377673,2.0
276.18221383685517,429.4454363409024,6.749165029681902,0.9429378368438268,0.2906208826118326,2.0
-329.7968558979766,-282.73469054662297,5.661765585902572,0.9117379625504084,0.23638416170101878,2.0
-108.76053305476164,-412.56891017344316,6.003087873051204,0.8965812934054208,0.19754100271214575,2.0
-95.16809218538391,-273.5924898064704,5.290428343571281,0.8518041287917375,0.2073379689921226,2.0
-430.67009828751236,-86.96519629603553,6.257115573102281,0.8914514988421167,0.21639450878427793,2.0
345.2671891805683,271.2991665188829,4.35665682843054,0.8699358675414164,0.23675240383396445,2.0
-384.390397575144,-283.37854750101616,5.601943914655644,0.8928501940883286,0.2907430634860107,2.0
6.451325371546727,-440.64375927694323,5.931535130552637,0.8765124428792826,0.1602363128454888,2.0
376.7866704173958,415.23320806427745,6.4414600292231095,0.9592916594857102,0.4901667403814288,0.0
411.3783397492517,-156.19611243974825,4.534826653128681,0.832123797081841,0.19208684291182107,2.0
511.07184159536536,-29.467723140922264,7.788177619591987,0.9103682823479512,0.15085914035798784,2.0
23.619233058505362,352.3331109033751,5.012345128070919,0.823369229155506,0.15716176332741094,2.0
-460.41877306789155,190.43831946733957,5.604839197737587,0.8862840001577973,0.2974094428545103,2.0
299.41034887135913,52.705678643990275,4.71227689635532,0.8490340253718454,0.20597108859362503,2.0
-250.62467158013573,-336.7948915738876,6.206369487524568,0.9211053711235893,0.2682383740671855,2.0
-443.18285830784873,61.691828999719,5.647829421076112,0.9183539579851187,0.28141339891134654,2.0
331.0646061926511,72.12983677134767,5.066977316199959,0.8615958003971659,0.297508177049821,2.0
410.25658155484183,-65.53026512430321,5.013008508269316,0.8721300126671555,0.26708255904872,2.0
422.2565535030559,-154.6149542296015,7.263382124302136,0.9177274240904622,0.21517555610758998,2.0
468.53409450643034,-25.790537190224306,6.481615896946563,0.8838857294093468,0.16186192917125447,2.0
168.85372008948545,-418.98866115175736,6.864316939475344,0.8994710282426075,0.20195098013856225,2.0
406.54228736677055,214.63948230428318,6.583452099436432,0.8681854129346223,0.17142255912560497,2.0
545.658248238585,12.967866564431073,6.5275202549915665,0.9600325591735778,0.475027128035529,0.0
211.21786683392796,380.1006388904758,5.793514846723356,0.905146346346045,0.25105739146685113,2.0
502.1463424538005,255.18696717677932,5.442286031323656,0.9477045530818844,0.5931516681028993,0.0
459.3178429687042,0.08849179805546227,5.358398710954575,0.9098097146931363,0.27331476916734854,2.0
413.8545320144074,165.48443478033292,5.505799750882899,0.8058677707725761,0.13343563374271725,2.0
410.66921627261064,204.44932099721638,6.616921475295554,0.8849037940751696,0.18589155280503555,2.0
-488.68034443981537,43.672770593479086,4.935758346570304,0.8090128470610826,0.13435322576311837,2.0
-22.449024221802908,469.4315728103629,5.861567635526402,0.8788427508597734,0.1522761599381607,2.0
-209.26122529522613,428.3551925684907,5.318535550915506,0.8261887613631123,0.16553835572379813,2.0
-295.8127388924097,372.9633083469301,5.248938178517392,0.8760342509536466,0.2602194796563523,2.0
-145.2328648720821,419.5779877100522,4.476620453783878,0.8513346789207186,0.2101410523046305,2.0
315.1186932846948,-299.95128556220527,5.769705066256609,0.8915836220196464,0.27883048339965777,2.0
-214.11380643459154,-386.88560009325664,6.529665923385095,0.9376809444328492,0.2996761096029223,2.0
499.3579770769729,74.71945648408935,6.939861598042834,0.9181117863058222,0.30348103150546174,2.0
-167.34914206159687,-420.1688866276744,5.489676304906921,0.9076183209925929,0.31697549678203013,2.0
-448.1511207666276,-109.51760397771993,5.859449275710339,0.8987271433704791,0.20855086863743041,2.0
-392.26743585864693,-256.9479357361101,4.879631660919959,0.9040333959448101,0.30811674098135705,2.0
-393.64409518273993,-315.987723272317,5.959340432947217,0.8977708550149779,0.23785599712606298,2.0
134.81320442137266,491.8688812454551,6.654590145518793,0.8862320176608746,0.2702940342346479,2.0
386.5507811420652,218.88311657808777,4.63968371797082,0.8489642729749594,0.20136287728791466,2.0
309.7110212836329,-381.4485224180962,6.2037648270769425,0.8773605201671735,0.15019528787307176,2.0
-398.9606986999571,301.93572189683226,7.64070363776268,0.9432791044422668,0.294927359399252,2.0
-454.18092870693704,208.60726964934096,7.99044572341243,0.9235250208727657,0.18870473873145202,2.0
-157.6999253310812,-415.3127806509254,6.21846465714352,0.8803158896633501,0.15782174372146726,2.0
175.84422711915923,-531.3929435058618,6.632455945360553,0.9488701290413888,0.5090834433823919,0.0
-176.76297458450878,-414.77479824883306,6.565701596459691,0.8942006293701226,0.18788686306671182,2.0
409.81148387433353,102.13197260604294,5.165953326283378,0.8245653114302129,0.1573999092092067,2.0
-42.287653310068684,489.85969299897886,6.190320180597338,0.907387615895379,0.2535795873494801,2.0
219.20718776370816,-419.3160819296171,7.117005700796014,0.9174391010281538,0.30770906010848287,2.0
-415.0039071445297,-40.15127681228806,4.787431436061527,0.8372387046876307,0.17536923219701003,2.0
-388.03893462671687,14.07324324576501,4.522630198177172,0.8379802133825909,0.19039974579021424,2.0
-8.01615375071972,-485.77511428423463,7.006577960933936,0.9219870310026257,0.19300856501137847,2.0
-7.85232702691899,476.26268936181873,4.707139272107507,0.8851940103378567,0.3321842217399884,0.0
367.6396597801838,298.5425694130795,6.864118123585541,0.9180260972596705,0.2990608156071496,2.0
458.8303788423612,-108.46954212799103,5.793497247003753,0.8945477969387309,0.18764815412016259,2.0
-357.12625739898965,210.5719407935411,5.006215198155646,0.8933009085297735,0.22237946887235716,2.0
-295.5072841373883,-355.17907334235883,6.40052670312007,0.8947731903979181,0.20501107187189183,2.0
-401.41352292784904,265.2869398652681,5.933306129467156,0.9135873448167692,0.2487989040266339,2.0
502.73871400982875,-137.55610485445825,6.509092621110666,0.8996341445369991,0.21443616164794488,2.0
35.589525441912656,462.7104138465856,6.219148259325524,0.8865603103181263,0.16926328123608134,2.0
-250.38418832234203,337.7379998862308,5.829538467208965,0.8723142609631286,0.25781026837712345,2.0
262.8209532844791,-331.5918091486233,4.220583620305763,0.827429397934995,0.1718531536119429,2.0
-265.2644737322695,356.26415506977077,6.011063607021538,0.9025954221770602,0.254819252545791,2.0
457.5161743665111,301.69509387961176,6.955456562405891,0.9449090892707235,0.3100713007778135,2.0
-68.31867669038411,468.3866692370969,4.686059956946847,0.8947793221203545,0.39170988552251274,0.0
420.47703013231086,-82.54409285227236,5.759647881362119,0.8764211585927908,0.1744006173984685,2.0
-486.38557433154324,-271.49939305532496,6.670396127810963,0.926845743992922,0.2908346163316912,2.0
-36.633748309863,448.88383208401063,7.669062154834355,0.9146890523023435,0.2777263090653693,2.0
402.8076584762076,-25.51773042317202,5.074442895100175,0.8559480828691163,0.20904455468994815,2.0
-455.2854934148253,-51.62562045309821,4.485984352594608,0.8109547527793296,0.1430535339390241,2.0
-422.3169618471894,-142.7799496795922,6.295183955147281,0.9122130208765702,0.2489086861039072,2.0
400.8188840859285,238.12372528336155,6.6797703397852715,0.9047449846170346,0.2697482260044666,2.0
2.5662730783989245,460.53202298607295,6.030435735256218,0.8764704843458552,0.1651003763820633,2.0
-380.6803716170688,-315.63522601037823,7.682019030379625,0.9412227643990069,0.25627873846148613,2.0
129.37974575044106,430.2580064401724,5.831916300443517,0.873557317264114,0.16504395301080538,2.0
71.40308513557663,432.8083065090512,4.837929625054904,0.8388659093805199,0.1817628828491743,2.0
-418.5899864697419,189.10190232354773,6.580927576951815,0.8808672712467377,0.15672145999866458,2.0
-505.6079797272783,-39.56982435113147,5.082472928764009,0.8704234419125931,0.2343681758827201,2.0
550.1193906073522,157.29827785029676,4.491354358875107,0.9513602226456302,0.6085235297704478,0.0
-78.1961626747543,-409.86449467989894,5.300719585102306,0.900259345887956,0.31262216005485405,2.0
-289.34711545984146,-336.2237832349208,4.443360234041801,0.8304528435922559,0.19293681324024411,2.0
111.86411564818799,-537.6477643744522,5.61702192833437,0.9436813409853751,0.41836339067073897,0.0
-78.66350937140633,495.29262227720466,7.260305118628398,0.9085590907996159,0.3250395755889073,0.0
-414.41990612778324,-233.41083635124062,5.681372502355844,0.8327861134731869,0.175795440128292,2.0
70.07896182306472,-404.76199193321037,5.975292032764766,0.9024120570536027,0.26391944796954203,2.0
307.45102979735026,298.3763692491295,5.227786765353263,0.8769559094530182,0.2472841368079517,2.0
-163.79622216347119,-335.5602616708304,5.3272237623994165,0.8288067197608716,0.17692108306031343,2.0
-338.4962718152561,292.87472078286777,6.088322085834115,0.901457594086526,0.22396285788662643,2.0
456.9607009336974,-89.85765691501261,5.745408471626606,0.9103977316626792,0.2604106715094393,2.0
-241.43811472511038,-342.24187973157706,5.517418142546733,0.9227293978273987,0.2970795188793562,2.0
363.7601173176717,-115.06649165191503,5.509026758109805,0.8922729417617149,0.2301839918251253,2.0
156.08790718144442,443.98822665383784,6.367270798599196,0.9215110127708089,0.28851405811118075,2.0
119.06059727352901,-475.01402897154765,7.00888769502325,0.9180939580335474,0.17953368980212447,2.0
-395.9845592922743,-135.0821159416595,4.702754241691062,0.8436395744735973,0.23101659940243977,2.0
-230.2278093169645,-408.90176244494705,7.322448948983048,0.9515808636238904,0.26954534430801685,2.0
50.99566010826595,-482.6578535460301,7.248661988401102,0.9260742931339588,0.24761825545781016,2.0
-376.0106014626937,249.2220959983504,6.452405186234107,0.8729629682518736,0.14916589761000765,2.0
310.87292710332457,-229.66528926826382,3.8429617585690665,0.7854169089293158,0.230931184168334,2.0
-442.34729225268705,14.317570031018587,6.651264520634454,0.8928885321516058,0.22000392017854667,2.0
-465.21041615652047,-324.2841601138718,6.274017908260202,0.9516151180922738,0.5331635757287045,0.0
-200.59575019603116,-534.8702163727695,6.526913552103695,0.9873137208029544,0.8495289568009184,0.0
-129.67050227815818,522.0500383946134,5.9196865338547155,0.8825150440451196,0.3610665509283291,0.0
-95.22865846904885,-300.94699340870653,5.359033462728522,0.8244192998128663,0.15897317457661028,2.0
-47.72385052786366,443.0115474652804,6.143533567621051,0.9065475749294006,0.2220497189558018,2.0
465.3801067652025,181.85535781526323,5.777662053806776,0.9167166043049919,0.25991354247230386,2.0
-34.38994290132677,518.7899144194112,6.2040500655984205,0.9003675111649143,0.32742682305020837,0.0
-181.0201694804465,439.4924235668008,6.010431047419378,0.9021603393928314,0.26261264576657817,2.0
-315.32067814872715,333.5665897821171,6.3826352238300155,0.8742448650514013,0.24161388938084477,2.0
389.46050662227276,-39.116528329907254,5.290904071299247,0.8941622594937263,0.2916985738248606,2.0
239.58090613014102,-392.18594355962415,5.982527136416054,0.8823379220958667,0.3006478470143799,2.0
475.02470552862707,-4.113071723632022,5.100414866091461,0.8403269237076804,0.1949665069885132,2.0
60.06975477769539,-474.3823541995051,6.281888424201436,0.8993153815829794,0.19900625415130724,2.0
-219.32390795392712,449.72157875849507,6.619833600256479,0.8737038002191515,0.1423569309640509,2.0
158.10177880930013,434.4336963489546,4.409725381082736,0.8339310370777326,0.17576510260055392,2.0
80.74972490673015,575.648908765576,5.455531198529815,0.9805234468910704,0.7790950298319125,0.0
73.73525917264266,502.444921446633,7.278158482433308,0.9076775107528611,0.26798470400820074,2.0
-406.771987906487,-226.64727525619162,5.773371987626633,0.9039551181655463,0.2296042351300004,2.0
374.05608564631444,-222.28955326907536,5.601888480605414,0.8732148763750148,0.14910591627650674,2.0
-484.11313809793785,-71.61714865150431,6.8519430675646396,0.9066451736009988,0.23359647445267331,2.0
-489.84194145257504,75.56168799734705,6.275450462317478,0.8893733157261572,0.26167024980822906,2.0
64.18528811980713,463.18952723103433,4.989323941333378,0.8291555872203398,0.19443315333930195,2.0
211.51786760319584,500.009535528833,6.784205046266631,0.9237886623686169,0.2950520399143015,2.0
-242.046741495152,-372.20054304436655,5.365819658561336,0.8945192412526085,0.2699322515835493,2.0
500.73254121818496,13.797661244652607,7.079970147259744,0.9425838053622537,0.28017134261823357,2.0
251.9294819718463,356.14479542884743,4.879790810053053,0.8359597627223252,0.1865410825028589,2.0
-288.60119979119503,353.3165623018449,6.349959749964047,0.8750430809565292,0.14721836254361714,2.0
356.76124204683214,104.99613804028156,6.046055940083361,0.9067418763111168,0.2626355437689889,2.0
-220.7959334930789,377.38412793592937,5.867505730141752,0.8952260120062424,0.19022755744377853,2.0
-194.20973735365604,414.0103471848081,6.757430146698689,0.8913165361616353,0.17763842045730147,2.0
317.0120644193263,-374.2304161594794,5.453368174018401,0.892778529357174,0.1940803112176051,2.0
-390.25777286964046,92.43042442465193,5.276267484686735,0.8855623641073372,0.28366312932800924,2.0
41.34981744314884,441.78345437284366,6.1850250519398235,0.8835952737914881,0.16905789280819905,2.0
486.99552859671934,-175.9985633255918,6.002951545747558,0.9011249612092396,0.26836280188594613,2.0
-348.1212742813352,194.2420630185248,5.763488760648007,0.8730584977620971,0.15113313225349917,2.0
-74.4950697750067,-484.3060507940909,6.252597330812464,0.8963750520686387,0.2067378992252201,2.0
-499.61847072868085,68.24622739744392,6.054730410776317,0.8856204745431648,0.22740009781880313,2.0
30.88488486227291,-453.2335011494493,4.2068097398492235,0.8245973899166812,0.16541150246256425,2.0
248.33506531559073,392.3667006016172,5.436637245262913,0.9014876556857285,0.22678064203328796,2.0
423.7200712309602,-119.00883578952362,6.17606583878529,0.8920861818239281,0.28052691794085133,2.0
-203.44338923091053,207.48200974022595,5.56524296509578,0.8622688764960788,0.23194759220833247,2.0
371.66400844268907,-250.30105797376217,6.502220619449321,0.8756474802667927,0.14744359461322812,2.0
-278.7019165289512,-362.3468213239589,5.906822006898244,0.8545252574368813,0.20789325975791123,2.0
369.751811377507,424.5655142469808,5.666286976302672,0.9237159489807136,0.4147699660286915,0.0
-381.5750092353214,95.5590509916827,4.4540257783038175,0.901018616370718,0.3117765103334032,2.0
-92.34685657216868,-455.63319239126713,5.51080473458532,0.893745070846123,0.19791261938842428,2.0
400.96340661731597,129.4106458445671,5.408964230684074,0.8690594877082056,0.23331542139796835,2.0
460.5199452594882,45.83920374728953,6.107700418940245,0.8711187722990221,0.2516394829458302,2.0
460.889995185598,115.13446510244324,5.483090170703725,0.8780815599803399,0.261464441306568,2.0
410.12356549462845,-45.498488134605104,5.4789220861399235,0.9298245400324391,0.3074594837567859,2.0
-365.5401072627615,246.78544450799023,5.183708630411557,0.9164578840387058,0.24697207288023412,2.0
-423.48264189775523,105.45257391544274,6.160287170735003,0.9299711179251217,0.31002246598301314,2.0
-428.5553947125884,-75.83411351731756,5.576525487557684,0.8956408732054776,0.2471282823996444,2.0
444.31065088158147,-164.79587323583345,5.9109215784646905,0.9060579470404057,0.2261761059402491,2.0
324.5176909302942,354.88052364726036,5.523661236655774,0.904290714668686,0.2732977362040053,2.0
52.047507224036394,503.48348314665526,8.070016051509931,0.9100460136237251,0.15567481539435934,2.0
-397.3069235800812,38.95725079607123,5.30378994381205,0.9117983577397356,0.2926099093658984,2.0
404.60698777951603,-73.5959759174978,6.117948616424581,0.8973104708051165,0.20934344618600828,2.0
110.47876431864708,422.01175739022597,6.06792877768401,0.8786665319960777,0.1965598013651937,2.0
403.153001902448,-222.58286721817922,5.3351671809469,0.8321587613594079,0.1937642550097999,2.0
238.20056692699666,-452.07509140675063,6.683305375724949,0.9216424108021943,0.28688173321361293,2.0
-398.0657586116889,315.4760395975018,7.11642988813506,0.9278591559655004,0.37618933713832964,0.0
548.31427185842,-120.46744514038987,5.566434529742247,0.9188013017940436,0.44075803779974954,0.0
338.00010016180164,216.8437861535409,5.089551763072555,0.8583175622551954,0.22158151646255117,2.0
-82.55028701151947,-417.5123680577504,4.468518815978878,0.8346460781438604,0.17597156079097373,2.0
457.83154780892045,-44.32206094499999,6.337600568576037,0.8789299374308407,0.15188810625688096,2.0
336.1873351401475,-333.60022937340847,6.711380953378698,0.9193745567560477,0.1758179274478517,2.0
-307.85119830066793,389.9403023040028,6.25464825997738,0.9038446917668664,0.2100832967148317,2.0
232.8209678689579,453.37922260818317,6.258829364422021,0.8777763107894098,0.15093334674174277,2.0
-286.1403895962292,-463.23736291104575,6.777492277371895,0.9437090379553075,0.35765677384918637,0.0
-439.2880747177416,142.62296067471627,6.2439616619430724,0.9239383794506875,0.268913352927432,2.0
3.3150706839477273,-431.60256771687784,4.991733881304261,0.8105268651776752,0.14389897890258227,2.0
-406.7531348353984,34.61642595747356,5.553012344571917,0.9008537010454848,0.23743426680046026,2.0
-454.12281099743507,-131.0030352169078,5.855716920067547,0.8894682362518724,0.20888074765524994,2.0
-349.4998161063568,-249.36652634632625,5.805207071012824,0.8930892647650194,0.18933904762625794,2.0
-110.53072357353356,-443.88203321220146,6.9158163453132335,0.9321341185879237,0.2675990348356352,2.0
443.96743150775853,147.42193882980737,6.401317048415219,0.93175580474024,0.2514091157210917,2.0
457.12589801195116,-61.78298902217251,5.847519796939683,0.8957417887552677,0.20112404149285099,2.0
-12.351209906601616,-434.4788629342441,4.8749713822173595,0.8611119789062762,0.23495347446863596,2.0
-422.0570902398297,134.735628214137,5.66315699613596,0.9044371530642568,0.21864476647710304,2.0
-7.10184052955862,-465.2550868389705,6.379659563762454,0.931263547811541,0.3008018393758863,2.0
163.56298798467927,-529.7408380908296,6.839943719315375,0.9531601020163312,0.5234632984710798,0.0
119.40958707516843,-441.26637838431014,4.985703229366168,0.8427157053612013,0.1854271552594227,2.0
-225.42942607855775,521.0267366129449,6.505018393381336,0.9631006978317269,0.6386500874248282,0.0
447.26116932264716,-60.49576340075164,5.525026417405895,0.8969629356872076,0.2510300166251038,2.0
418.1808536531674,212.53830335338574,5.627900029640451,0.913803880405305,0.2566226129029497,2.0
-420.21801583303915,179.55611984510315,4.535845695408115,0.8229360619121647,0.16477840063300303,2.0
60.092065781844965,295.01850862694863,5.197310496679291,0.8647123334074653,0.22784205561045726,2.0
-86.77524723581612,-498.10079200673135,6.333678058819309,0.8726534274498335,0.1417970989213323,2.0
492.32465153095933,21.235349277458756,5.5110410950477755,0.8598582283480845,0.21181285727689958,2.0
-491.79414483887433,108.88397934267329,4.373994856765567,0.8512321469215204,0.20428829255347553,2.0
204.8843830160946,-492.0216808836409,6.364732699573177,0.9303786987444038,0.294060307876981,2.0
399.05664832720737,-239.72136374854878,6.5893600029052495,0.8881372489596949,0.1789954000860172,2.0
-501.0491546731993,6.3269959438462795,5.93903341194677,0.885291787478065,0.16582372540565513,2.0
416.39196876275946,181.88307842558496,5.6770315940146725,0.8895472443818053,0.185195930282562,2.0
489.16081335191836,-77.97256656482108,6.862790709204974,0.8769677191606854,0.15227761930050387,2.0
151.16169243213048,549.2261190457118,8.221672950034339,0.9659402949212273,0.4549170054237346,0.0
-224.4034966256309,-497.0770934297517,6.437853310795651,0.9103230476497236,0.3305530667947207,0.0
-497.46181257337713,-23.446196474478818,6.088248046221858,0.8801240289050009,0.17650889510613396,2.0
349.29467686383634,286.90976219451454,5.141143661015576,0.8897715486757288,0.2802902827680243,2.0
287.2330753941634,-469.5729871540259,5.389958524673353,0.9455410940191123,0.40007887614637755,0.0
-453.4798679917615,160.31267196629355,5.4837756083664,0.8703650393775838,0.24265340534808968,2.0
-420.8236903657667,-102.35576032181615,5.762218756111999,0.893333167197984,0.18270002611100133,2.0
-302.77396865467796,420.30950674011376,5.948483113943311,0.8995648949266112,0.30567063055878557,2.0
-363.0453943040514,272.9060407930489,6.514361442897369,0.8984113964287126,0.20017378412568354,2.0
-459.40635764011085,-174.6213864065845,5.7426147622019075,0.9006556029438044,0.23770619140847377,2.0
63.65185484979093,400.86889019859285,5.1202553718218375,0.893204501048025,0.2872343433628094,2.0
-345.13688668932224,-353.087880933907,7.546540237835482,0.9012733596211702,0.13535581441019426,2.0
-510.4979376247969,-156.68280995178782,5.470144375758348,0.8477221718581458,0.20462092021482609,2.0
-273.05805559072553,424.0097990222834,6.494726207742631,0.9419497291928449,0.28653122757430705,2.0
-355.94987061574506,-396.0860050523953,6.440660887911519,0.927807675289178,0.374168284627142,0.0
157.9636316766572,-417.69907311620494,5.2230107435992,0.8728851597649352,0.24286761051086697,2.0
-316.03414306926123,-325.9909789948022,6.284280788059046,0.8945632505606169,0.22284817267816442,2.0
129.8964721842477,456.5710186133471,5.928891928335478,0.9067570650215436,0.24723700608819554,2.0
-461.04292467343237,20.72088175799021,6.224623447754393,0.9006976011258063,0.24009218155213946,2.0
444.3562266135854,-206.32857416790503,5.636364394477628,0.9008492583230087,0.20493837422699768,2.0
-460.0199209740524,-31.340182017136822,6.165014607093981,0.8849375625944789,0.1741993139074073,2.0
380.05679682929184,278.68737137172616,6.124510200897702,0.9079904351969067,0.2275459008304984,2.0
-200.06500151375857,431.71144379641777,6.141229281710128,0.867299065815194,0.23332441340071186,2.0
412.1380588428851,298.57717069350315,5.527226051479826,0.8847539821062549,0.19023460595422187,2.0
199.28181482365304,-409.7529866525622,6.769819785181057,0.9397968649302152,0.2903923202598104,2.0
477.3944238718891,32.20571339763036,6.081775942913442,0.8868928431645113,0.26675666260439324,2.0
-366.50960871867403,300.4880563862804,6.566443786020297,0.8868055880684079,0.2813559932578527,2.0
-567.6965120331204,12.186829132528326,7.174605198064738,0.9577399785421982,0.5648566021786966,0.0
104.48473338105961,442.25372791878107,5.872825811560694,0.8761454176225115,0.1657730733092194,2.0
54.887475703849375,559.7717022443976,5.949268230181189,0.9504571268150036,0.43708635318896344,0.0
-384.7837965021884,200.50405465374516,5.354979519882369,0.8321051215214269,0.16640269047220257,2.0
435.5696895534946,-253.42618382351347,5.786758727459111,0.8612407074134668,0.21814451370070093,2.0
-425.9862857061424,-65.05390845981552,5.668861355649073,0.9024870563939439,0.2595687081075936,2.0
-302.2943113037732,435.3962766049111,6.4317987443344755,0.9343990161504401,0.4757959911638834,0.0
187.5940886937022,-404.65400008848843,7.186274191472144,0.8747757569256309,0.1496947104616927,2.0
-417.4936682586988,-253.73305887726738,5.710788654018835,0.9095220027754527,0.2370501985378443,2.0
383.05083146114987,-266.66910670937534,6.925421055021925,0.9080406941564779,0.26222619260706,2.0
415.1328070026048,261.05035990992064,5.953692282826132,0.8793881098266422,0.1539670018092739,2.0
-330.9941290229789,200.26543236448944,5.415558613242674,0.8462570595870913,0.19452803761408166,2.0
306.5129319327515,-431.7444432906988,7.577172752135654,0.9388846292555446,0.40058762720285634,0.0
441.2998881396936,-67.07976817035318,5.00615155672103,0.8214082614459335,0.1568919076545255,2.0
135.1978652600327,447.5333997099548,5.696139145684148,0.8931179900946593,0.28750451231273333,2.0
403.5737201928296,-172.85970082638377,6.400101925744974,0.8948226860188032,0.28037710293310447,2.0
-472.9982393560739,-8.992871833337679,5.357095507065898,0.8616142769726177,0.2310237954450658,2.0
-394.4336240761781,242.9850433492944,5.992480666063538,0.8938255383696376,0.29088758452553826,2.0
-491.86641090259405,-80.59143714702769,5.629953334918067,0.9001180040643091,0.25611280814808546,2.0
150.95229599292114,-424.1106937268752,5.117129430316895,0.8282201921548388,0.17813431292933551,2.0
447.21841056572106,-274.65363447541654,5.792919799812902,0.9604164795143533,0.504733214865935,0.0
410.6635562709355,49.40449823067065,5.327062143754173,0.8212602805416427,0.1564247154603051,2.0
-64.19802591847011,-478.07539866253944,7.4841491974701295,0.9019471055103988,0.22638478659706196,2.0
356.5088424046096,303.15538592111886,6.5059732813129045,0.8795199291897013,0.15435026379868003,2.0
248.54983360503567,-398.858995273689,6.414787667693472,0.8970412669281724,0.24272368675518463,2.0
278.4643100833216,-433.00549238520074,7.64193303598437,0.907325487812416,0.1423644610639542,2.0
489.8398176411629,-28.620403090636028,5.176046176795104,0.8174479963493235,0.15665000335641777,2.0
-66.85546060134462,445.56943699765657,6.795392611435055,0.880821332107647,0.1555663041267089,2.0
208.80459189093787,403.69081658311705,6.071154961571019,0.8794682202923869,0.20058231513034774,2.0
233.21200127305164,-368.42260221109774,6.542835135374473,0.8925966396638996,0.18526713863864996,2.0
-13.513832254705049,497.60856301546653,6.887604048668539,0.9451900673354344,0.30413318653329796,2.0
455.5931024315663,205.83823514461727,6.229190515079213,0.9005814981472566,0.21840030558504275,2.0
7.361033483541533,507.4712303866622,6.327758812977794,0.8951402816224527,0.22036003620213207,2.0
480.86801210976296,154.9711774846115,6.063272687238575,0.8651547093406569,0.23485699797292844,2.0
-149.7341915664348,480.3786034444638,7.57773372609242,0.9200269688896675,0.21192690806453796,2.0
-481.0834866150362,-2.3328398107369046,6.749759391713448,0.9075643356959597,0.19012591889003935,2.0
-42.13449348587649,-443.13503563153034,5.600682493773243,0.8968557273330833,0.25203579716617747,2.0
-386.3182180634142,222.3657951281993,6.266548281807964,0.8731030857692004,0.1510544154774081,2.0
442.4543971818167,264.81570871721203,5.73991108351032,0.8684249574596865,0.2477695789694995,2.0
84.50167363583189,-422.2165185826672,5.764691735365899,0.8506774652133132,0.19890434695377965,2.0
432.79867863995463,-135.8211356751772,6.14988562605882,0.9045989546612634,0.23207000042170706,2.0
502.89921164336,-36.238378817375484,4.630944162009535,0.819797126681848,0.17467767687477154,2.0
438.31617761101916,-11.577096795553695,5.173748442399878,0.8580392610215922,0.22670218059421343,2.0
-175.10713996931463,411.4140835577262,5.951910851926384,0.9107537022658377,0.23718473732397,2.0
-116.06385588121316,-380.29018980123794,5.296632199965302,0.9015154395943896,0.27969104390636523,2.0
23.602541640036154,435.25447842691574,6.130137906242334,0.9018832329270693,0.297488016621912,2.0
145.82783067631743,493.87696978658033,5.980047511140088,0.8932156823121334,0.1951272214493001,2.0
515.896034537638,221.62287795356931,7.977768089757856,0.9712310028801185,0.6325421226800219,0.0
508.91781346443383,31.618915974028155,5.206119369096506,0.8238136136226071,0.16095557842647978,2.0
-9.616002000612701,-410.14679107053945,4.8749713822173595,0.8269921508188881,0.1643197726927905,2.0
251.52974513572175,-411.7476149519373,6.994782435953885,0.9308628251029518,0.26006328311551297,2.0
251.24007487508416,461.9831127269649,5.5640913895246165,0.8809134233674927,0.26115829429914544,2.0
373.6983971464631,-282.2314154616097,5.246090624024587,0.8826817034798949,0.19767796223128875,2.0
231.09586402007366,-399.49462565160746,6.793276974213432,0.8940890537393904,0.18924217661261927,2.0
522.3022501580522,156.6945152798643,6.67545548839198,0.9179053274034707,0.2593732453571153,2.0
393.19651431552836,258.31584212148454,5.603509863376572,0.9320882493486973,0.31135856009248913,2.0
-441.7170468720226,287.3250217775057,6.03444730832094,0.9057871429668441,0.30706821579518734,2.0
-195.93551308140147,-411.51762348738345,6.0948596071623795,0.8747027812745897,0.16118812515601813,2.0
488.26043523914456,52.929031876183565,7.775887339123303,0.9110803214502834,0.1927248413770361,2.0
-508.01569358751465,-50.52542288461635,7.328950786324244,0.9510857524297761,0.3818389113877487,0.0
452.23413364427614,164.52593632411572,6.054799261850169,0.8926466939545754,0.1841984658068834,2.0
450.8311987835523,90.79960500901569,5.696749520257436,0.8741361998324533,0.262257673044585,2.0
67.6296309058364,-453.80192273257,7.011483631050078,0.9201733728271462,0.2674706870393809,2.0
-284.21001799039794,396.4753083899989,6.081005811796212,0.9081228640438312,0.2282699439813941,2.0
114.49588717248652,444.3630073273199,5.392841014168147,0.9272640997603587,0.31775268626030645,0.0
162.6066847678037,-273.3836169011956,5.073148917462052,0.8913370888029435,0.31523584639972146,2.0
-445.9471346174402,270.20027892604105,5.624622483674958,0.8978950248927886,0.3235911940798649,0.0
-378.26999073393193,194.17352016201528,5.243284885317302,0.8928803344951093,0.29913469884918215,2.0
-478.18313453291927,-106.87419456916714,5.795060021478697,0.8928054387945786,0.27810358971321864,2.0
-475.9741167977824,-64.29278140738418,5.380533326546177,0.8543688680971949,0.23469364634290937,2.0
-437.8899618230853,-181.63167481396638,6.503037560283905,0.8903391018844784,0.2035430007236887,2.0
-262.9897315261324,-485.34346749267723,4.561914957129351,0.9972190153271709,0.9253739006568916,0.0
-83.5767243180852,-293.89360159978105,4.366118276104407,0.8295329482236419,0.1639883698872221,2.0
-411.06040726085575,-321.6133983342739,5.1383472648838895,0.9220166182240224,0.2848591116167236,2.0
206.48322627484703,441.48912647011804,6.9353757850502955,0.8763027648823909,0.2462027961126837,2.0
-344.20090862857506,-340.1955789623859,7.180726516613473,0.9155201738315807,0.30727618271858875,2.0
453.28927157278963,-362.78271580002377,6.856933973122569,0.9856331919161228,0.7420690550213069,0.0
-332.16683586405037,-341.6877639267553,6.344341365565966,0.8980707643248595,0.20862723743453837,2.0
-35.07319105701574,270.2094398715445,4.674476372270037,0.8606408755700117,0.297079177535415,2.0
-282.02860447491383,344.19024661347277,6.035930849961295,0.8793597856054647,0.16585928298604088,2.0
473.8342278890638,-339.57369856428807,5.372337555031375,0.9813127252881862,0.7859249658766911,0.0
-457.84841277691794,-18.927188749453734,7.685842729370261,0.9161920208675232,0.24494632802152927,2.0
-40.92545869866965,471.37013841458884,5.018808834361235,0.8557799424601265,0.3188793077316975,0.0
-307.9324544864658,293.8890995592303,6.372691737304994,0.8883296804560545,0.17846501973678433,2.0
-521.0899574803095,-90.9892614231585,6.612348627029934,0.865369389541826,0.24083563810866593,2.0
-146.46152749026666,448.29280409566326,5.286399371055356,0.8993420623872858,0.29593127592422935,2.0
384.98949765020694,267.16229518659935,7.21478178668029,0.9438833283358008,0.29132653426512134,2.0
-467.2241470771936,96.63677562001965,7.235309611787199,0.93115557919649,0.30015029798167087,2.0
-155.16710708412694,404.67817041776374,4.0707652350383565,0.8506860668079665,0.20548251755021615,2.0
-422.9419887606309,-21.5340735726938,5.285340000270723,0.8325894665816117,0.16809740065689457,2.0
-479.8240360340502,25.437027255664926,4.805557848797108,0.852891055084832,0.25241202076106944,2.0
323.88794603735,-367.17059237007106,5.414100681462785,0.9079127660963107,0.2816816615889615,2.0
-446.7419579790434,-137.01356169640837,5.2140967606469415,0.8796935960433688,0.2682651962924464,2.0
-454.0515222130238,96.91600202911295,7.171456840664755,0.8986984767172461,0.19703030895118268,2.0
-185.0313692871142,407.1698408275631,6.050538162762201,0.8963966084339062,0.19333459552494486,2.0
518.4874398922268,84.18055647288172,6.397021158882795,0.901901060458176,0.22232768012079204,2.0
211.767469001008,-389.2331972870831,6.1402208429781275,0.8716843679589222,0.23488797136595868,2.0
-476.20082705986334,8.104546667272276,6.4143996699433465,0.8676070879934057,0.13056660772122008,2.0
266.2227015842856,424.56159939372765,5.148138036898896,0.8987539520237623,0.2462653587912359,2.0
-433.21515448604833,-202.50866320788705,5.211291912346498,0.9182165727557292,0.26689314892706284,2.0
308.07020778941614,277.4740917233567,5.616050755629446,0.887493020171897,0.31405095975227426,2.0
-369.77917345549884,390.3155236661395,7.459979152723151,0.9467917816378094,0.29631966464537,2.0
-447.3622229432267,52.14335515240438,5.4989794298378225,0.9237933220207053,0.2669191788586332,2.0
455.28558757298003,36.88513926498074,5.988870535772127,0.8323799382969364,0.17397571379985513,2.0
-438.7588990236535,160.21517236832818,5.262637984737921,0.8410916457645394,0.19868588931648257,2.0
-28.766048579183423,-454.96082786509805,6.166313652174304,0.8710734928223263,0.1703150337423607,2.0
347.7854089546004,-250.08494705803884,5.834970709899821,0.9031990139833173,0.21507711587589318,2.0
-266.87280785739176,-398.4806494341668,6.924140112245532,0.8998504476492961,0.1406358817384179,2.0
-359.30724066039886,-245.912869780193,5.797919815718142,0.8821092887719684,0.1615645343904554,2.0
-287.3322610686549,374.5937501023556,4.454580873037713,0.8651753514054186,0.2594589859053081,2.0
-341.3184683960367,-363.19993037280403,4.784133663024844,0.8111238786118454,0.15706349127762317,2.0
-387.14043502560276,-193.37617399015494,4.879746853887558,0.8313661869275665,0.18135523382989913,2.0
-92.5220732873902,-518.1586506996408,4.559193975449711,0.9272005785487688,0.4309913825880285,0.0
-446.9225420523719,-159.88193965794383,5.891705643289244,0.8616242582944569,0.21681996543938556,2.0
391.483834566083,-196.83034209375597,5.443406386698674,0.8859520338443487,0.28132986265308474,2.0
-470.02617842891476,145.19123536924724,6.0901942980272,0.9129132829586384,0.2823776508047585,2.0
175.65645144597318,-459.0864039394077,4.940658568958316,0.8501821652120626,0.19901891877262712,2.0
-243.4555564973781,431.98076626217573,6.165297152995916,0.8901473491832412,0.21719777396942608,2.0
527.7500497019122,101.77933384062925,4.9238311490054,0.8622741535904814,0.22134323008581053,2.0
-84.42964437438525,-488.11167573916504,5.708772844928385,0.8877889605012772,0.20344946781984347,2.0
369.0795779258138,365.10398041119794,6.898618189250154,0.9165713953719081,0.2467527074845096,2.0
18.916811486876743,-497.6139976627516,7.546647117899514,0.919500237871651,0.19347838925409594,2.0
-333.80924680434686,339.15088185014804,6.359409570316646,0.8631006517346808,0.2304796550083179,2.0
226.42664630240316,-449.0711256158275,7.214239293929975,0.9083466936829282,0.22993054673850374,2.0
-127.54648298829012,-556.4389735442277,5.857904178134721,0.9912793844348631,0.8914849577295356,0.0
387.1837045105054,330.51762202402784,6.667738169615882,0.8919158789629028,0.1832894531391928,2.0
-247.25470470038292,-271.5069464890412,4.808872802373434,0.9047287182859973,0.23043037581658102,2.0
-446.7121415954715,-189.4120365474564,6.869328401671581,0.8729815723920016,0.1398987321352567,2.0
220.03601691935782,-497.4920425152034,5.367078373644994,0.911474471817278,0.42461405640958066,0.0
-445.4643309789331,-148.92089310591652,6.502480489600096,0.9168243242047427,0.26237508055975745,2.0
-287.75907927231714,325.0773026028454,5.958385418825499,0.8889526982179322,0.1935658298368996,2.0
491.9401005092577,112.45008176536699,6.290173725286976,0.9320113543465646,0.30810135430361063,2.0
374.7134554545283,-318.32115467254494,6.601949578617734,0.926532749074466,0.31473638635544593,2.0
-126.78155774017416,427.08341610397287,5.28239915534356,0.9074810023361864,0.2819897257530357,2.0
-95.90390504852512,476.21321408369954,5.42960021516207,0.8278945909409924,0.17215116064186894,2.0
-495.44494168639665,-315.3809240605864,5.431703332506933,0.9866596897146788,0.8754788368014003,0.0
358.00965696534246,-307.7029973274306,6.313898996154617,0.8900128657684616,0.18095353984416462,2.0
403.87810955735824,260.2098335463748,6.348781729782893,0.8798674355694003,0.1596679291096139,2.0
-535.582207213835,-78.09063239122825,5.6013540850558785,0.9303856452228678,0.5097305208692057,0.0
87.06383970735172,498.6288841168756,6.933065982715337,0.9414591979619663,0.2929339526251274,2.0
-354.663393472259,279.5880284952076,5.592463848233807,0.9105402132043098,0.25549979621509283,2.0
-137.88127189029217,471.153582018322,7.840450444843192,0.9369647708554155,0.2909333221118026,2.0
-164.1387267991475,461.7089749816708,5.927325609135292,0.8902365898118502,0.19226561072438167,2.0
-447.1678445622038,124.00949404790077,5.688386827427791,0.9160321330488159,0.2872354999687061,2.0
-441.3953114347194,115.01153181819909,5.774385401130296,0.9100126231097491,0.22897375597529643,2.0
398.2793985527092,137.44992183763185,4.5236245946629365,0.8299982003207352,0.2048372844226073,2.0
-64.28278452624203,-419.9700559888302,5.260072758817079,0.8422983106943495,0.1928544863492844,2.0
-178.89051172874335,-456.0218436488013,5.408545596232045,0.8859785664804997,0.2782148740753054,2.0
172.36950379446318,-448.77284485737783,6.879226015088047,0.919667772877435,0.19110081709857446,2.0
-298.6705242903437,-318.91082535860795,5.554908727871959,0.8559321569044648,0.21183834137239915,2.0
466.5541537640566,64.21116310903827,6.342431299765855,0.9160055811594685,0.2520241375738225,2.0
446.90795023368304,-44.054946720651635,5.866602530971779,0.8893132149420698,0.19525691792743596,2.0
531.4549236086185,192.79630420464682,7.098298114218455,0.9631259008046358,0.5471810132225029,0.0
432.28187650683407,-147.65205349310708,6.198673020652588,0.8993392806100966,0.21431515559370598,2.0
248.5833896475699,418.4644311103424,5.214417185322292,0.8694775108690943,0.24093152417087482,2.0
495.9479517728891,-54.67166996272793,5.54878054783137,0.9053533311332724,0.2162912834844728,2.0
528.9592966817693,-18.502296861558634,6.747340749616244,0.9087988813924932,0.24367550320055553,2.0
-439.35906282375396,-93.24909432519208,6.243587542389287,0.8819763174861853,0.26232893520078615,2.0
331.0594921462044,-315.3259602144051,5.726669478263166,0.8890248567548735,0.19160978160097408,2.0
423.903297242884,-294.79488842660396,7.836927430499598,0.918539243725542,0.25595784703956753,2.0
-30.471461912166742,-541.4847859766039,6.89226966729413,0.9367752662273677,0.3418438998706264,0.0
-151.65628948929654,-484.8481553632406,5.475470258478782,0.9394348817064299,0.40649299828772245,0.0
-283.7215594406246,384.3826697676843,7.259866077575887,0.9097769027213981,0.16466962290689466,2.0
-326.2478880997299,329.9897421779834,6.5332071910203595,0.8768827366081455,0.14652485580337285,2.0
-160.29055911534454,-476.47978218393956,7.511480039110534,0.9545602892057408,0.4444410165851992,0.0
151.23242657205608,484.39959529957696,6.080351215989553,0.888707462870585,0.19137321812224964,2.0
-294.7709457676549,-393.01619005582177,7.245225944741111,0.8922234926237285,0.19800978356317706,2.0
437.23736374232254,51.3974767289893,6.031077845732112,0.8948659175304678,0.22946861383891864,2.0
308.2802806010047,-331.7745277269595,5.401853320213589,0.8912409605232394,0.20199421619126381,2.0
-498.3299507972687,223.59502138551778,7.186375560966911,0.9355019524806344,0.31523324045062207,2.0
10.971176511267908,-522.4990338663363,5.765561135536522,0.9251230260243221,0.2943384665269825,2.0
387.66697341245714,401.0448198426251,5.219298859522657,0.886837714338838,0.27930902296771437,2.0
-368.26571491105204,-298.22001182936185,6.260394470773024,0.853284890042739,0.21387414814443786,2.0
-431.51574837467257,212.2918603099164,5.358380722010432,0.9262255062174722,0.3090679988869148,2.0
189.7633569544044,-426.628132925949,5.8519734254779925,0.8818912601625261,0.16087085037567908,2.0
-450.9076145103509,-77.37212663386292,4.9764754165243845,0.8550980543840353,0.2213547221447926,2.0
-355.3403698151603,303.0634607172715,6.54104340972018,0.8952559790754913,0.19814469223654887,2.0
-380.69202359649154,-178.42197932339397,4.869630876372025,0.8717183311787384,0.24858421024593585,2.0
501.3410097103929,162.45043745543143,7.7905279614791585,0.9317661285731714,0.2481845656541608,2.0
-455.06704451444307,-142.39801164170464,6.113760343920799,0.8884552481137208,0.29700336846261666,2.0
-404.403056499874,-207.33426326244305,4.532816278146814,0.8362870647176129,0.21800453615534998,2.0
369.3481176550207,-307.82713548349216,6.43986525810952,0.8723631096483673,0.13480288884758498,2.0
-148.63311292177116,-421.93114920453206,6.19049988740119,0.9006481526832842,0.20477209988086223,2.0
-212.25464797810096,402.9558699043743,5.206059079245006,0.909280669504126,0.2289568715164107,2.0
-381.37766685726166,77.79724362545038,4.992100085468481,0.851556927676181,0.20157248629606828,2.0
403.7929855922031,-184.48541350355677,5.641728612278067,0.9155247058563268,0.28524204397016567,2.0
392.20401020125246,309.77414167376537,7.558199064580488,0.9396183587730219,0.28636028160325544,2.0
467.8035817595003,164.64837460618557,5.14360139966593,0.8397717418145039,0.17846840971946162,2.0
37.82301807025018,-458.48133812633887,5.1635856674220495,0.9079449989710934,0.26302723810117223,2.0
181.65782352759194,-432.82646786219374,5.730560971514528,0.8754451730631952,0.14990267185589054,2.0
-150.42135795548035,-447.38456439221227,7.0487928468829075,0.881850837242466,0.25790872898049305,2.0
83.00977581726487,-461.126264744301,4.498654836165103,0.7956972034635131,0.13152046651710061,2.0
171.2814377825926,513.9412974325945,6.125871185390025,0.9092135374473325,0.3714500263143322,0.0
-264.87124213199905,441.10007216350897,5.2692361786871595,0.9037111336049937,0.30962513887501786,2.0
473.3028174922136,-143.4818807016071,6.478371175695044,0.925141075246287,0.3297622331209456,0.0
455.0170302449098,-99.49716272257395,5.426099579240186,0.8238717917552055,0.15578907463977343,2.0
-36.42285370547555,-532.3103116971221,5.375009141701966,0.8646289066360431,0.23725235279942464,2.0
234.57540572584526,431.3018536262064,5.166148287172185,0.8746846777082417,0.24619805859582483,2.0
171.792701270761,-429.84631446580033,5.893347706268443,0.8743734391896963,0.17046742500305598,2.0
345.9972406961372,306.5106430377836,5.684006247189936,0.8906152005830094,0.28365660091801026,2.0
-314.7512826604343,-459.92279110251394,5.417665488644772,0.9346798880591763,0.47062111394388767,0.0
206.96956099520304,-420.0761324837437,7.081155432814539,0.8723047148792076,0.1428820501834025,2.0
442.2030680662156,-244.85702537016323,6.304255920407948,0.8960956898978081,0.1930824671761058,2.0
270.3302692452098,466.23439387228734,7.512065353912887,0.8703034723250831,0.13526499532295091,2.0
238.6810491348532,-360.6088288971615,4.347525752786384,0.8036842020575007,0.13439596954995173,2.0
-464.7016187140146,59.52218929649512,6.023657820656274,0.896322751626507,0.19245159651530602,2.0
274.8220036226177,-456.0486035896732,5.691354807442779,0.8720626469767085,0.2566007154957331,2.0
212.385833485874,-514.7085411229559,6.227073623002385,0.9299403987810583,0.36918090774032886,0.0
-248.65434781545437,-404.46247972380246,6.6958917042363835,0.8963434991313641,0.2809478711807813,2.0
-376.20197823679,205.29649262797852,6.063961014595128,0.9063583157512747,0.31522939525475535,2.0
-236.17075595908662,-432.279263557011,6.175717959542652,0.8873232586382308,0.1835875251528769,2.0
198.1324421932023,448.01351391607335,5.658011828142216,0.8587713921129901,0.32678801760967224,0.0
-302.7710912161841,-346.4539134348956,6.59571000822193,0.9132269051465512,0.26906651539219345,2.0
320.69101623964525,390.70798302709534,6.079949362793375,0.8668774597837111,0.24610043819685062,2.0
191.02137788810882,-437.11986156685595,6.046465641448244,0.8755260015133379,0.14013623860033725,2.0
-285.5734385227651,334.8544518923716,5.115114437599183,0.9105343264763783,0.2479807225751881,2.0
-175.63977432101828,480.45038138487985,7.0183955813951355,0.913870361920646,0.32740780572277783,0.0
-458.81390134354916,-112.74915955866386,6.108808780563716,0.8700730126822144,0.20704436698787604,2.0
-376.0837974674464,327.5340576583612,7.234270751744496,0.9285312495289262,0.26439721898541013,2.0
-496.7364941653191,-33.935603132227065,6.377375551432784,0.8703871257658335,0.14603981069744337,2.0
-386.6354927742995,280.78202847427434,5.979792957311585,0.8974157681712174,0.2776427910630736,2.0
-223.0977633248023,405.1166603141401,6.483638546284323,0.9354006451234923,0.24974948588812226,2.0
296.00433971783093,382.14842304646135,3.812021364646517,0.8501800619226378,0.20542690060943603,2.0
-384.8300859187063,372.7896447714761,7.442425484288265,0.9195742700083159,0.34600996780254945,0.0
456.74678851084064,217.21003687046354,6.6805089094042405,0.9037776449602031,0.22626801918850695,2.0
399.49956431925887,205.8315225103661,5.7908088896208,0.9038129086122886,0.31484437722562286,2.0
238.4723313173499,-353.07104633473244,4.107512802533441,0.8086790615700805,0.1429628873721956,2.0
446.1281420872803,223.79789868912505,7.198358830667311,0.9234277822690977,0.28361998766580365,2.0
385.56811328912505,300.06397956419215,4.529247253685839,0.850514127557244,0.24218960692515637,2.0
476.521090522833,72.1681640187367,7.270633728232967,0.9343125927911493,0.3003709537019928,2.0
-396.620801812601,-349.1346184244686,6.061219570795734,0.8801770462879366,0.25321050676600393,2.0
-449.02623896987126,187.85695998153057,7.232617587212344,0.9209875716389628,0.18080488236705317,2.0
-359.4177569444926,434.8909267168086,5.458831250063129,0.9533581873651199,0.5415047350412527,0.0
-316.21679738926923,358.761970861734,5.711759707202863,0.9027016654543456,0.22133352986693902,2.0
192.17249041032858,398.7705156404769,5.926680870156954,0.9433965943909851,0.27819518983441843,2.0
314.29409722737927,462.2712051644527,5.5446647213689175,0.9734821889586269,0.580658680285749,0.0
479.8061907938314,-26.136103852803526,6.323134182301188,0.8718826331507045,0.14658785973252264,2.0
436.78791471815714,196.086144543624,5.341660940505072,0.8853714995591386,0.263722211692824,2.0
287.2426953420553,-442.2422843439843,5.9758096729171095,0.8717211881899944,0.24875480523047444,2.0
209.3102674892579,457.7410138083704,8.210261482340393,0.9350125745081408,0.31327465825708634,2.0
178.42071071131159,465.9987214567005,6.453011060320336,0.8942985993298185,0.21175423476684568,2.0
64.12653539828469,472.3552898519094,5.793637058540261,0.851143811046164,0.20945756415698405,2.0
335.8704180541731,-387.5143688351874,6.32595997753948,0.9264179014400498,0.27668524679441686,2.0
-423.90462956881436,152.3456655858271,6.01801973434688,0.8895205346743813,0.17722378768811836,2.0
119.53216323953936,416.1448102280789,5.408764568870444,0.8928678048095339,0.23717132883132425,2.0
469.6314976415223,143.34496003459404,7.5861472257668225,0.920128065244509,0.2600378534721878,2.0
-55.85040757296773,559.6798097760717,5.643031617527498,0.945962074881329,0.4343152628595888,0.0
303.1435773946672,99.77504596442685,5.13535173503885,0.8963170195184782,0.31595347039806704,2.0
536.1453535041073,-28.972216963136077,6.836045289358071,0.9321846322647263,0.3233543497556314,0.0
-303.6412526367666,-452.4892971405013,5.237140805271565,0.9388871629043746,0.5738462595371062,0.0
-300.40627487806984,310.2325935313054,4.491106916824412,0.8305577976689373,0.17149215007164648,2.0
513.5469857409754,110.77985087911722,5.19316783307664,0.8976955678997732,0.3013670391074894,2.0
-286.7325671948033,-382.81623756906055,7.273290184719637,0.9096655282315547,0.17793134714292136,2.0
-389.2048424125668,-408.0846309783346,5.38050316333419,0.9171350891435207,0.4451866661134407,0.0
-491.1037379320524,-143.68137939879654,6.545946414950407,0.8866374476120903,0.17502334379267712,2.0
430.7029472992496,-284.4714339031454,6.115126772872333,0.8841629279405603,0.2679067202428383,2.0
-271.3282301533663,-370.2606972749798,6.14535714566241,0.8789987111629753,0.1640522565763908,2.0
226.81134664070203,402.72428306096816,4.875004737952215,0.8839994937941094,0.2750127505001032,2.0
154.00459188845525,-438.8558627108476,6.365302605966855,0.9069219244119773,0.22530024367110005,2.0
-183.69600977308934,418.1961784467171,6.0121210919110855,0.8982779554087078,0.20607334852558457,2.0
-231.54948868633173,429.0864751761756,7.566411272786835,0.8921190260345181,0.21311798677837332,2.0
-262.6969753356687,-504.84973355604825,5.337413253609091,0.9907074724600495,0.8892225860322513,0.0
-189.64652264385145,448.14901759189166,7.663013186543158,0.8934688088075241,0.20930851594364222,2.0
-402.2705488182167,340.69936165616843,5.6926088114265445,0.9297244865224898,0.38231509175819073,0.0
380.22353591217507,-308.4866163055879,6.211891469919952,0.8807333885435094,0.19989357272183073,2.0
-281.70573086627684,-309.2668331918393,5.384867883477158,0.9042900327512965,0.2607570177296494,2.0
-273.96134704285,390.9503315969262,6.643079520491204,0.8528019183099173,0.22490421166589508,2.0
261.54927521079577,373.03544193385136,5.433214272333775,0.9205969130687847,0.30096666945181516,2.0
369.7206760831016,343.74649818384995,5.732724925893946,0.8207664774364253,0.15451471014234266,2.0
-246.22394727322623,-286.4403899257048,4.659798958371178,0.8659994399285337,0.23487479130908753,2.0
-436.1677102777163,230.31223005396652,6.484432696749233,0.8592651746144973,0.2169359034032449,2.0
-429.8192550864879,269.9840501076323,4.754432210201871,0.9264110334990179,0.2859808159752391,2.0
-452.54568986634246,114.68866173044643,6.496392186252056,0.9176937261199989,0.3383326227416673,0.0
520.5717537322644,-125.07627732082678,7.208195992231395,0.9314137193105628,0.46813008795714933,0.0
317.46868340947253,471.29016150960376,4.580916254346118,0.9338513709951248,0.5459511103361508,0.0
-416.25800824135183,200.73060764289323,6.810596747761087,0.9217644568761454,0.3145844940226652,2.0
-500.8465207396745,29.054901992056436,6.344922430549894,0.8764630307627795,0.15319163936566163,2.0
374.42255415271853,-298.680690526364,5.48927143162412,0.9042062661844077,0.24694172205620313,2.0
-224.78421361536869,460.57774782660124,6.69366477826063,0.899051090034184,0.20811405756026352,2.0
-8.866121553078159,436.83263295512864,6.3398509893512065,0.8833618790175883,0.1693097771887629,2.0
51.35301481579228,-404.0484938755101,5.93533616630091,0.880031162740229,0.15798868964065135,2.0
437.67847372282404,363.3066170479082,6.108710473409911,0.9414242658594636,0.4193421898852323,0.0
-219.48454031286852,-394.910389140535,4.044067404776504,0.8401556445060471,0.18165421560677622,2.0
-338.70940426199286,-230.9597055731733,4.196885787192702,0.8524160280415992,0.2136358456754963,2.0
-390.5310023231977,-388.6350097170057,7.046945129077357,0.9154051430563627,0.33112728795290985,0.0
1.5495020019266073,-539.9410852645645,6.718518063479272,0.9334621798339637,0.34500871420182533,0.0
315.12945102633586,302.90004423066034,4.858943996285007,0.8655625053681644,0.23642829890260955,2.0
246.32333005697728,-252.666132143557,5.083473296397015,0.8140850412966637,0.16316652926853684,2.0
-19.153990066500064,-484.1865932808562,5.498879184689889,0.9049237226502741,0.24022447478516004,2.0
472.2347454791918,-234.656996997677,7.216219194929658,0.9114063249817875,0.2419357775659107,2.0
-542.8492894569906,32.70885693170208,3.8226542789308606,0.8825164457988319,0.3688257325969433,0.0
325.0915856832315,-336.7428733028047,5.783231191549831,0.8860441755941388,0.16991133196019242,2.0
29.442973238159166,-501.709835522537,5.571231277835982,0.8793549236461821,0.2709556636047516,2.0
-426.9233235413571,-258.96656716989753,6.353698800902191,0.890380327349637,0.27899277705496817,2.0
-351.5439377445519,236.58275207422616,5.3601347014312575,0.9051152761379285,0.2540890156091131,2.0
-218.35868503316578,-445.58850735440564,5.838654081537694,0.9155848013137249,0.2438152763127367,2.0
289.3570811130548,414.6620534822823,5.426187522959731,0.8887716444538708,0.2733834805580482,2.0
-220.26069343202005,-411.02469559166764,4.2904998864761135,0.8284609859287683,0.1692894783171302,2.0
-388.27554320452253,-172.8159451274346,5.545690514114683,0.8897621299911956,0.2900532888082625,2.0
297.0875055094961,442.057424971195,6.6459022038027324,0.9329000639008317,0.46679161440381967,0.0
105.3825447467191,-508.23153471120213,5.691911388304226,0.8970898629210147,0.30169501040101276,2.0
-197.48187659460962,-448.05835764327264,7.491064921395126,0.9331761197645393,0.25305768021733616,2.0
484.9231017948874,-147.62145777464514,6.371725882978064,0.925780791988602,0.37485287076877916,0.0
-198.15826533563077,-421.9792543953684,5.230740327949021,0.90332981587747,0.3149051105811262,2.0
-56.57308761396111,449.54715859917707,5.823376485795684,0.9038520042923743,0.26347500411649977,2.0
-174.3520003250541,422.41967751079244,5.657067047475446,0.9127027669801931,0.2544155604484889,2.0
-174.43610223277562,-487.7708766954847,6.468122128989393,0.8723667121287363,0.3608104174708674,0.0
573.452500660572,-58.45729526726088,5.605320363802229,0.925237880179665,0.5778965532876077,0.0
63.59023855025239,-486.1922358851726,7.126884675978852,0.9103686795976444,0.32344584207900506,0.0
550.3163578928668,55.935836050384154,7.108122075275294,0.9501543804680355,0.43830812400749875,0.0
113.7832136987178,557.1851243901523,5.331089087716418,0.9597031176218501,0.5461450675126563,0.0
-152.9569688012055,538.1126200975948,5.887926683201618,0.9507480651196002,0.4419232518651905,0.0
533.5206952802905,-99.20238651159795,5.609936213896546,0.8899725096315602,0.27367059242856445,2.0
-162.72288725203208,-463.974993280248,5.023007493286379,0.850880580610344,0.40707558152303985,0.0
421.36067380598234,158.7957438866337,6.32753110608274,0.9025692860490844,0.3145191574326976,2.0
-337.415075502257,-416.92825860941167,5.737445586856,0.9549178185132764,0.4131771952558956,0.0
-490.8869402084742,254.47240404489264,7.243677352087043,0.9538029441214786,0.46738647326523347,0.0
413.589873062283,195.51813318473083,4.812499259502974,0.8452988813426785,0.26719898804079845,2.0
-35.301977759125606,-499.73507509591286,7.0738977658649125,0.9019498106819259,0.30460662011721024,2.0
403.7314962674286,-60.42861158972033,4.324821183369978,0.891218868557461,0.2771166817760686,2.0
29.013956804450753,-461.1873316215305,5.276726440522926,0.8551003938944038,0.21136055446387414,2.0
120.60579056487457,-495.25356031425196,5.975684768090385,0.8618226473893443,0.32699608084607934,0.0
90.02460180277403,-468.4803998377844,7.260181041901186,0.8976216032585396,0.12996323783469532,2.0
365.90653173491495,-392.4037796763197,6.081606115143836,0.8962101648130623,0.29305524531563953,2.0
-534.3450670440247,-14.321019080818413,5.459089013169554,0.9249251264346198,0.3106937969806103,2.0
260.62878610363776,-501.1620951533417,5.178290992994442,0.9208912018907811,0.36125789970482475,0.0
-522.0950212242847,137.475110695047,5.94580804957281,0.9147904202899971,0.4327045366618093,0.0
-432.565995569601,44.53070693524891,5.501630282372523,0.8265225834466052,0.16372516187419134,2.0
-196.49581773450396,493.92655300466953,4.889807891096717,0.9077576074825798,0.3130633157318918,2.0
53.80482780866755,540.7839575806903,5.988855607817381,0.911051901385784,0.3184183308768614,0.0
170.5365709837792,-404.84697027661207,5.175266378651552,0.8742327764591588,0.25604688042557644,2.0
524.341847805369,-54.962977815612284,5.304564075620654,0.9044134473223275,0.2554611033815534,2.0
-250.67596721977745,-357.493359991041,5.996591807541731,0.8906623888028087,0.209819345243885,2.0
-99.93170144297538,437.0594824652686,6.022778634298562,0.8892886940901322,0.18285625792498222,2.0
23.12371811409629,497.60602392174616,5.358680179752469,0.8247064868892987,0.19033993882851097,2.0
-340.6479683112059,-311.0536662553789,6.652935186041682,0.8990368330065627,0.19762718485512273,2.0
444.56585422824236,-176.07850969050085,6.6751534609668655,0.8892530218244197,0.17575593259243352,2.0
435.79368385365,19.73395889827646,5.196703158192969,0.9086569855065476,0.23761625585677362,2.0
139.0524182258295,435.36811084881236,6.047152625344003,0.9131001220109136,0.24300274535538205,2.0
365.1173825777385,333.51781071068575,7.180484919651603,0.9202408877132477,0.27392655228261775,2.0
55.96069736379008,-551.9067601355824,6.924565511219967,0.9431580298337007,0.4550273201661145,0.0
470.89120426316646,41.75828294826762,6.720117435853536,0.8982893633130051,0.23525873649362572,2.0
321.3677882002593,438.41180170426435,6.481656033189745,0.9000334812627241,0.21775778036544477,2.0
101.06236356627683,-439.0335281220597,5.746224952718619,0.923225446307239,0.2974659369577547,2.0
127.69062177080498,-510.6541119173932,5.300273759578711,0.844736304597645,0.19915130159758676,2.0
-130.7116514440495,-476.8067767999472,7.480534793125565,0.9064951567183182,0.2237316586303326,2.0
-480.6664615061046,151.91868874558952,6.909731544393576,0.9071123915453554,0.30260436657510437,2.0
-42.37895764916084,529.934541015509,7.363250472089629,0.929349236329781,0.36608875644391387,0.0
1.9275273513380282,-480.9613351926683,5.381839368375494,0.8944565783546508,0.29307138049634957,2.0
-69.55313288284766,543.5065205445369,5.337203664515322,0.9139933963050494,0.3618811193763878,0.0
312.11647736419366,-349.9627771286591,6.245656449013685,0.8777739664899412,0.16318421421522117,2.0
-110.88635839288698,530.397016280098,6.254374986868021,0.9326382918244359,0.3838973742120118,0.0
176.37017336828515,-389.303429140242,5.7903429981706065,0.8952710651537892,0.19473914703082545,2.0
209.35850605348327,-439.43731399389884,6.382412178732712,0.9059679962392083,0.21805685188644622,2.0
318.5496030991408,320.88526990768975,5.478537583874818,0.8336418637101551,0.17109861439696625,2.0
-357.58922546486014,339.8723357269515,6.699867107252203,0.8799231981895135,0.21583454157956874,2.0
414.37539657414385,221.94568630537296,5.678053297813557,0.8670101636308636,0.22834278791327248,2.0
-468.8390645436589,49.6777404024994,6.038538262936114,0.8802935202343907,0.16330775192186622,2.0
160.10310747386998,-448.599443035682,6.083423947922775,0.9045166695657199,0.2239205496579159,2.0
-516.5686256636092,-183.5055330735418,5.302340881083634,0.8609174810438331,0.32680855141750936,0.0
258.74493249300616,-267.50836920967777,4.185848060513514,0.8555909753862585,0.2273588877877762,2.0
435.1566377561207,226.09067394248532,5.639599937119828,0.8541748788865936,0.20525727061472024,2.0
-427.5110324081697,194.78886694908115,5.513922643528557,0.8962645912026704,0.2985852089132035,2.0
427.0529738593917,-352.62266678509917,7.411212685987412,0.9334006101706608,0.39652038817853114,0.0
-443.24953379237377,311.41345100159293,7.452859267807628,0.937770648247018,0.32214078473893876,0.0
121.86386044359612,-518.5064542060551,5.824705428384523,0.9152900763772577,0.3372219174798077,0.0
-80.1035023292248,-504.8272227758629,4.713876958502468,0.8869762045081385,0.3201869849868941,0.0
-55.55247965856806,-485.736388680624,5.94763695673396,0.8709063932978613,0.24105865213421182,2.0
-436.2501015832505,-193.1097528986488,5.533073550327478,0.9048766661070731,0.23910979977966398,2.0
-135.94256248301426,-499.8008439378445,6.2002544582772625,0.9008560207495225,0.2632286155881857,2.0
-562.1725710779692,102.8891287916817,6.295745059820881,0.9862697841074338,0.799328276883651,0.0
178.3854962228056,417.8789357209256,6.685527237378442,0.9311257838538183,0.23019725434912386,2.0
409.88338967490876,-315.07253588829127,5.074900636669974,0.8567839601101719,0.3228848207793746,0.0
-507.42082980713354,-107.6914200560348,7.348797647232641,0.8864586832523055,0.1844919929425092,2.0
-85.7759923833879,482.3376893100952,7.210085560945853,0.9161516922755664,0.2752605718667153,2.0
187.14636588147434,-526.7788430169126,6.710069316443593,0.9672726169205048,0.5820273262005907,0.0
-187.79196569752415,-419.1064190003435,6.801896351227716,0.8919070308152762,0.18179011492202277,2.0
369.6557473292899,279.51539935576585,5.421471221747953,0.9038929541327296,0.213709323247431,2.0
486.29562078468217,-309.99953243545986,6.383595195203687,0.9824734001604261,0.782930103136207,0.0
347.96499747250476,342.7106673372332,4.877634610686561,0.8243734384906334,0.1626473046558922,2.0
448.18978412815835,100.09044186653392,5.3602740034054905,0.8568809172843976,0.20815912819909768,2.0
352.01439553183656,366.4126916902472,6.974929326096766,0.9051507139949753,0.21912074543275625,2.0
264.6561530034596,-261.8146313622502,5.063457216009978,0.8905890940174656,0.2735464282716126,2.0
-450.5950161383431,143.01383583526143,5.971016033677994,0.8674292337088293,0.24726860563196815,2.0
-479.72682513503645,-231.67193188154624,6.0283783158549635,0.8880457121663475,0.19358779407627413,2.0
-357.55205951310484,253.2166047895453,5.9115000366862835,0.918593587006591,0.28707418340577884,2.0
341.6060195082047,443.7630791508949,6.544128239025465,0.972593039486369,0.6416136314099494,0.0
396.9096138137344,366.5292448481507,5.0442149430244605,0.883769102523249,0.2713344319453509,2.0
-497.19263839063154,-181.41507478418862,5.760021265888541,0.9002447928943881,0.30977186995409606,2.0
407.2805559835129,-331.29666752953455,5.870360615626048,0.9059273910147732,0.2913029062613975,2.0
-52.961436985778896,491.44162949167657,6.3120561625697045,0.8930351604770309,0.20211548614354174,2.0
20.74457019028593,-464.2667267393066,5.288535872432875,0.8099326187689336,0.13384485141336097,2.0
-532.5949423073978,-141.91480739919635,7.3008165686760504,0.9061111357483604,0.267249651720569,2.0
-479.58153534360474,47.09568061392577,6.251732308544133,0.8626650805465244,0.12308224549923374,2.0
-288.69713003788473,-363.4268855780934,5.697517299542268,0.8908499244295611,0.19297668897782633,2.0
-121.20466785390154,457.1539868837894,6.277197921257616,0.8782825566857176,0.2630904166237922,2.0
369.34362886228433,58.476412641981646,4.968673686049775,0.8218395652145918,0.15597196954228343,2.0
-473.96206855276085,-122.6433946618859,4.316757342609681,0.8443172881288654,0.19473801250055725,2.0
-330.5965636142853,190.18243574703385,6.018264146948258,0.9012700854458872,0.3018083307276632,2.0
379.3983121636836,-289.9947592097504,5.528602441641623,0.9049407050218825,0.2281377613344086,2.0
-307.7057941600956,-441.32262691463535,6.2919808821680805,0.9309502407808611,0.462847069577265,0.0
441.6405375487425,-75.60084314746773,4.972256390965737,0.8840090164009102,0.3091528765347235,2.0
-460.1443633780158,87.59362680379054,5.332111472924711,0.9076894147909533,0.2753127674012011,2.0
384.11443858958387,-370.1072476270632,5.76817737288441,0.8946252305482802,0.19425818950482943,2.0
365.11103714958864,-360.1128589214915,5.942147421562377,0.903156497050333,0.21093919673986214,2.0
227.23110510591454,370.96573483640157,5.896809699154853,0.8884435110618834,0.2846845772464998,2.0
367.6558813864592,-341.5750087234123,4.699944505330871,0.8378640686034673,0.1766021713078706,2.0
-427.3498956736401,-196.18487484451006,4.553173328551546,0.8411727503592591,0.19468067332533037,2.0
-452.7653477086464,320.493471918321,6.481999661471356,0.9571756151530056,0.47261379590325764,0.0
318.3437471540846,450.8860284622117,7.2818367798770725,0.9314051373364778,0.30791565948247707,2.0
44.44561026457967,559.7749400249639,5.248935231307878,0.9206367900968804,0.3486432542793411,0.0
542.6340048924611,35.73757039637601,6.757798877744377,0.9042821702910228,0.22414226273800578,2.0
62.63989600285176,452.3053734833299,7.406753921491965,0.9202979610004052,0.24413480903495097,2.0
-487.217271269896,281.8633093820536,6.541989850096656,0.9783973743932426,0.7678564601290963,0.0
378.41614780629624,307.31295478973556,7.210001571173889,0.9343751282934634,0.28136679969991873,2.0
411.14981587621395,234.37139908095423,5.271718783814935,0.8660480861527696,0.24971819028153389,2.0
-471.3831173036177,122.17956500942944,6.400934967740597,0.8760437468999793,0.17217485994732332,2.0
-343.2680220193,265.17722193831116,5.200759992711864,0.9210686300513099,0.27654298249757026,2.0
-537.4635491008133,60.99429598379767,6.862922203858666,0.9331613588835218,0.3858724374430539,0.0
124.15083306732338,498.1817347485962,7.720561532324232,0.9129491455903979,0.24616072395539382,2.0
-556.9934805636112,-137.79209556984048,6.901725922042521,0.9441690228678653,0.5000871593977286,0.0
-442.06469032465253,-363.1301630444717,4.884126696128111,0.9631238277671847,0.6434082661203612,0.0
-470.30202520971676,85.70339790989946,5.268298888348474,0.9194545590520992,0.3049075894124731,2.0
-113.06967108569002,465.6612372022515,7.121209154453801,0.8918362438461914,0.2002879284291464,2.0
-381.36841439196894,174.55591389928006,5.940737513741128,0.8676293682377187,0.13374538853114912,2.0
-118.42649198720082,475.47161769699557,5.741581247039521,0.8242872695891011,0.15437431054129533,2.0
116.00871885620964,488.29083867435236,6.087295288363494,0.8957244038109443,0.21607773319246762,2.0
463.2046155533636,-53.532752066796846,5.8411224798732055,0.8948764039482338,0.24427810254152763,2.0
-508.55030118913584,-17.211587630319332,7.620589486803027,0.9260200047064455,0.20638237278695398,2.0
374.0671844767101,-21.59669663616838,4.363738289117552,0.8370809942444737,0.1907523467712686,2.0
-435.6458295620005,35.056260465721486,5.662455936646441,0.9106273742510816,0.2421857115261494,2.0
-307.9611365608337,-360.0334010340836,8.298787553891085,0.9488306334437339,0.254806534824674,2.0
258.55736618298397,-393.7979865812828,6.26390015299636,0.8664650025611023,0.13351668268678032,2.0
305.9554615158296,359.97580947768375,5.922716435529673,0.9208724331860306,0.30494532277389774,2.0
-205.8729328022015,198.35317780196957,5.1738767108982024,0.8364970884239127,0.20091541752948985,2.0
495.5805573324792,278.51452323072317,7.400118633466294,0.9744062177247029,0.6782200289199959,0.0
468.61117872333676,-167.05570043486014,7.07930837328581,0.8983849481300684,0.2059541188682649,2.0
-477.8854496586683,-32.808120773931485,5.641308137855274,0.9109355520683761,0.24710793734394942,2.0
101.39433190061709,520.1749445726213,6.163218992861972,0.9052410371336306,0.2279084335308571,2.0
-544.869117602641,-139.26414751461715,6.619336499701995,0.9366420893866465,0.4768284629877327,0.0
-212.67234800058517,371.3430953781436,5.097635572646742,0.8506027858111358,0.20230691958408106,2.0
-379.5981128113443,259.91677594222364,6.356070076661721,0.8815201313435314,0.16321076894768055,2.0
-311.9930769095791,380.0584046401826,5.813334425961204,0.9025805149067777,0.2325601741172853,2.0
-468.3025403631757,-249.17674809450043,6.366992881122637,0.8928495791359855,0.35457409030540216,0.0
184.98724046267387,435.76313659907777,5.796028406038959,0.9127389855085893,0.2611055509652614,2.0
334.05112955971265,307.02931054084564,5.367445020790258,0.8972034664055707,0.3163171432716925,2.0
459.05091192342525,136.90283164990868,6.096875207966991,0.8905479895314028,0.27351249995058313,2.0
388.0196010718114,363.57276961706174,5.535484743135265,0.8997435527276424,0.31526856540760834,2.0
520.655938990268,32.61785467818309,7.901534462331648,0.9262622507348615,0.21514062729497813,2.0
-344.0817505636025,408.5162095387683,6.918971037373808,0.9202507244170701,0.3578955018510472,0.0
241.04997552146992,-418.4683552720063,6.44261473730595,0.8861228355894651,0.20461735178898735,2.0
-446.2835798420289,33.44408061718032,6.263446354442505,0.9298695722253449,0.29428131943626024,2.0
-409.14950461125034,-215.8120474389718,6.336574234406419,0.9262728425432748,0.28077137060986346,2.0
469.75555572913413,-125.16608670953556,5.555241128062091,0.9178947549333109,0.27451631931630327,2.0
546.7374947292863,-73.86484004176909,6.82103787131459,0.9349767668656922,0.3176809282047692,0.0
483.18070110386765,173.61646029529828,6.533155595011263,0.895862807100154,0.18994314516137087,2.0
-239.36749359276436,380.01591546800324,6.071422577352071,0.8801878061052578,0.16781510190181048,2.0
-312.55568219027737,-348.713383979066,5.164973948855893,0.8264592895816713,0.16094547808883955,2.0
-513.5643165017615,-7.272680323458136,5.212473510933409,0.8528911732850042,0.22441977970588223,2.0
-346.1866540771311,-327.94523909444877,6.989783614355282,0.9086798957256021,0.22988287195363696,2.0
-358.8227607226388,-292.7370407649554,6.123841929122726,0.8881788663633218,0.31696621754889354,2.0
-392.86017679131254,-127.75670884020961,4.657587650119137,0.8158299592029273,0.1504989047796286,2.0
-443.9319956444312,-127.48821103351104,5.463760169070488,0.8949765671923379,0.2159588297875779,2.0
269.3968735051112,-391.247249571223,6.071977156345564,0.8911183853876086,0.18993120402237884,2.0
442.05580871672294,245.2074745935788,6.159351644162775,0.9049147994477056,0.21543431980536712,2.0
-94.1621413205541,-465.1057495009629,4.80964130765927,0.9046848118665626,0.24294670341908348,2.0
530.1686121405681,125.31809811805056,6.6926052856181,0.9298468308499794,0.38318511464505195,0.0
451.42671362487897,-144.0576634819393,6.55850527372649,0.8875989069370961,0.22675902101124584,2.0
-428.727514619218,184.13652747642374,6.066996469248178,0.8960214573012332,0.20759916574005363,2.0
-360.6421838547123,-408.06279081063946,6.552712658219996,0.9450678469431989,0.3259556795817554,0.0
290.5333045645781,-353.2457347521969,5.855004220870836,0.8813009362465445,0.27587603284452417,2.0
433.1850118992006,-224.51258342061598,6.308278042321778,0.8920776522261338,0.19881283463976254,2.0
33.26424821209378,423.8990996487185,7.17943043955638,0.9112960592343928,0.2400037708306321,2.0
215.83140061820663,-487.1263971084569,6.656935855919363,0.9344579774011089,0.33986634118608966,0.0
219.4772958474829,494.642018597256,4.304249288822812,0.8521752743381512,0.22105614100014492,2.0
-47.043769807548195,454.26777448514315,5.981846864997667,0.8825782203027422,0.19258667809282548,2.0
-91.62729472027313,-445.82575467398846,5.522205303577693,0.8926481341078338,0.24509293722655706,2.0
554.1568472825335,107.15342492675327,5.002689980097472,0.9454387217848615,0.5274984738826235,0.0
-111.54826493423803,-483.8674058228624,6.1156170613898,0.8756784812991667,0.15198850624393265,2.0
-447.74340624633527,-236.0002934850156,7.12783953635377,0.8874606437901632,0.17137174656969512,2.0
-359.51512050602435,-303.80791600819657,6.082278379508814,0.8706743457038908,0.1538760483382274,2.0
-35.63730759450331,-463.4467224248983,6.600329916571774,0.8636056504869564,0.12558489414106097,2.0
426.97351728596567,-213.9522644639018,6.6160780011291145,0.9352481893177317,0.318239677992218,0.0
473.70706180443386,-53.44541567010184,5.916632384828565,0.8888360719625594,0.27530521953795806,2.0
-144.05898382931235,437.1664426849727,6.75728406476487,0.9314491479091863,0.23593005873416406,2.0
442.20798642210286,119.5966415178663,4.530806828771958,0.8351441602092396,0.18748207976310705,2.0
-443.4786284352708,248.30151184003117,5.0093850914784674,0.8260666521212428,0.16472806232205395,2.0
-17.576050711104937,461.9891692244939,4.440229274275277,0.8407069323498829,0.19104377802223554,2.0
289.4685939745098,-382.28697974684803,5.24538237472538,0.9351058470715304,0.3190507170737433,0.0
449.6716642753938,-82.14820564151776,5.626441090102663,0.9142617471180633,0.2854101633337759,2.0
219.64813815355097,466.1685294429517,6.004708255464103,0.8923091499139364,0.28543430705817924,2.0
11.311505439086986,-461.1308308648298,6.168780420781514,0.868756399120612,0.12771803810362908,2.0
438.2404828789165,-264.5567789389911,7.214171465080893,0.9225819706921813,0.285557067175983,2.0
-178.89755356242844,-425.3718497414915,5.543651960010158,0.8708735731707803,0.2522946050427805,2.0
50.52277435404159,-413.9754749571048,5.093975634978983,0.8472899863379671,0.19472153651942276,2.0
297.45343687538707,366.853003622801,6.383083226857254,0.8858249671310757,0.1777069876740489,2.0
84.22252384772602,478.224615373017,4.92167742032627,0.7921390538310631,0.23995502396299134,2.0
-427.71799635982745,-151.8754473939567,5.578405695533269,0.8518173676075783,0.19992489458626508,2.0
93.29408093027003,461.70762463195774,7.753347668036425,0.923420708032714,0.19043498087415905,2.0
5.576675045012002,490.4252576433354,5.128386936570443,0.8643790222254122,0.22731824292220437,2.0
-477.97543339014373,-222.02939421754047,5.146911082939703,0.8728435907488532,0.23775170764712633,2.0
175.99393184205093,-487.034604454302,6.345404621854929,0.8936283669326522,0.21269935941660353,2.0
337.15391735451954,-435.8634689916602,8.902902017616464,0.937880142746013,0.3305729819517899,0.0
-359.18568300840684,-314.2095219514165,6.181898399286217,0.8852019921429272,0.2002545014674226,2.0
-497.50125201853155,128.38719647711002,7.4860763953772445,0.9205090067179219,0.3232502739247826,0.0
-454.73040330962095,197.32071470094616,4.702465116305937,0.8333126457142196,0.17865126196301542,2.0
444.182387479852,-225.8878328568141,5.82086568160957,0.9151958219822957,0.268823463253859,2.0
197.54673457922502,418.6182026928722,5.976486287786112,0.8942805607757285,0.2937722977855334,2.0
-255.8432156601725,-396.17217566790913,6.022884150642497,0.867777585020683,0.1468244125332602,2.0
-369.7839820072293,290.13122532770194,6.202230394281869,0.8679041655536502,0.23969320929519308,2.0
356.2935158870987,-387.2116755655702,6.265522732132535,0.9074540619190937,0.23876976641457962,2.0
303.9751473904163,383.6204200162184,5.245922433422617,0.8740531925570642,0.25545446090283846,2.0
495.1438581099419,141.11014757634217,6.765194930668661,0.8784562444351344,0.14900956205504923,2.0
-37.86304236822864,480.32417738459526,5.715903690556698,0.884920829398689,0.27433094173704275,2.0
-277.8137582121038,-404.48992258541176,6.957602897034314,0.9179558798685878,0.18668868059191773,2.0
303.68060203395976,-417.76352290069553,6.4740880252993875,0.9218070323224469,0.2927478388125169,2.0
430.72694303011383,-81.65953249899088,6.06707561139694,0.9185391857238198,0.291531336874774,2.0
-61.810191124789235,494.7301615213976,4.49803969262907,0.8319535770322747,0.19933866077598283,2.0
-495.33609418420076,-121.28225131004582,6.590399993621285,0.9173703980137256,0.25695564406221766,2.0
373.16318756701975,250.06964584144293,6.2548589258801295,0.921703645318513,0.2881343172772836,2.0
120.10819606501923,477.5738338152563,6.828461457820106,0.8774087113814718,0.15373530215577833,2.0
461.9088220781347,268.60950759770213,6.0905889108909035,0.8946973867525904,0.2856145919084314,2.0
-128.45768083687295,-507.48909904577687,5.854881310525178,0.8986561599024933,0.29385428029561006,2.0
471.02254145698294,333.8472905563525,5.078949891928576,0.96722663789756,0.6004912784239287,0.0
390.5942321555944,239.8766071773639,5.2490068262700555,0.8856344536115953,0.2738454666923321,2.0
-472.6392057070831,40.07608414210896,5.187315719011752,0.8118870108175477,0.14743762822441486,2.0
443.62949397439957,180.09814716239262,6.4863481903657005,0.8671741727488094,0.12786067892346575,2.0
20.393743914019225,486.75677928955344,7.301082868165894,0.9320661158678376,0.31613654410168146,2.0
394.15737605576146,297.81014468700766,5.810620951506362,0.890704772153124,0.18924936939499806,2.0
411.28016095321607,-290.0595421200553,6.439135334859092,0.8875954902868285,0.19706868703322059,2.0
-411.34367384152415,-366.47887760654595,6.639187382110419,0.9002588481628556,0.2126227169606509,2.0
-255.16955972754292,358.73266065012376,5.577548166370197,0.901404444206142,0.20763919189276903,2.0
442.42905249135134,-338.149093953765,6.3547322877071,0.9302396776816505,0.4532200526739346,0.0
363.8980521022016,-298.7321212621424,5.63276801319994,0.8930383858391955,0.21331152374642504,2.0
-522.5171293365381,194.74449935356566,6.137216050960995,0.9325776581870687,0.5150662584256975,0.0
420.6975394946528,-251.14940687775007,6.74508683326158,0.9199188852562753,0.2664243085731516,2.0
-401.7566827600869,-148.52786707211146,6.410352186196188,0.8776812863683614,0.1683533270690077,2.0
-27.454986197547093,479.0016931626651,6.363034564126203,0.897798797495769,0.19879567465904666,2.0
-450.2844892073427,86.87216982749104,5.16343330927119,0.8810747291425776,0.27774186710655785,2.0
282.034140480836,-412.17209266770226,6.881296785849164,0.8838757926796107,0.16469218044724046,2.0
453.5857149348291,-158.89229506781993,6.107907370473539,0.8764272978688453,0.2623319215200663,2.0
-380.1998447143775,383.4997396662997,6.058048406011008,0.9063748269842663,0.41548346948701004,0.0
-396.07550285528134,282.29072381501896,4.737607950171391,0.8468355223389517,0.19565203787744878,2.0
384.6721675852311,-298.84464002798774,5.898575450880958,0.8894185168082525,0.18421677643441184,2.0
191.34154729643143,366.30017396377565,5.887616546712812,0.9129755280371893,0.30136387049732205,2.0
-532.5957308189843,119.90396348490037,5.6287049174705315,0.8856575775958551,0.2718876919474003,2.0
473.98372242668484,-133.7382662004327,4.813970667803548,0.8153432885430306,0.15687150679231587,2.0
39.83396411796212,502.82099161851806,6.332210870693591,0.8765975415016349,0.27171103159898785,2.0
-1.4633925528805665,452.29314482815784,4.561583579685814,0.8249355846246829,0.17784079519895918,2.0
-374.8227085275901,-278.9461912688379,5.968367698893228,0.878636540126164,0.16278967494684687,2.0
-372.7491146465683,238.55522244539068,6.5680493735569625,0.8694439402654716,0.14908979986629586,2.0
-48.46650054196121,-451.2090972642281,5.543879770844947,0.9044488996101988,0.2526926837187561,2.0
-154.24107550530496,432.32107696504903,5.322323141700923,0.8721559447667749,0.24451925544121503,2.0
99.76272319147357,480.7402589927443,5.379394848407544,0.8866199585914954,0.27021980213649593,2.0
-209.43735723556594,-452.4119535454282,6.343583155015763,0.9037475623018483,0.21573342018800976,2.0
-342.9629133227328,255.72343128868786,4.962875078745997,0.8849049303843286,0.27811126097940886,2.0
81.29889389898383,458.919879108188,5.994304378253574,0.8657400022559186,0.22583665724355917,2.0
159.08461457353425,455.0110738616964,6.772745320028371,0.8801812955524339,0.17469235836892846,2.0
342.8942307066796,-359.23701267032703,7.213251274350243,0.9338320484419237,0.261573166746806,2.0
-439.2312318494171,-209.10090542749705,4.96968382684751,0.8669547644134433,0.259322687590461,2.0
-491.3802452673226,170.3207404417993,7.172452087500572,0.8994390903463602,0.20287892597252288,2.0
468.6792337702282,2.4891972685470516,5.3603708344217855,0.9140736743396466,0.3101580020828344,2.0
-466.0750170452616,232.00106782078873,5.742707365069629,0.9224859633297734,0.3147487066217859,2.0
490.7104876493832,-167.12093806988972,4.828033513827713,0.8429883197914473,0.18367782492691312,2.0
-118.4368654904449,-474.3776080446928,6.934131565352814,0.896559742244684,0.20995176025990409,2.0
255.6789470030031,436.96919576259336,5.5240414886601314,0.9050133067830095,0.31491036677216067,2.0
-265.89611463317345,-435.2982227273833,7.2300217972906085,0.8940268521553344,0.18831898188180943,2.0
-82.7944884725369,-479.1494096120355,4.4853352816219765,0.842974779059109,0.1942666915293418,2.0
-435.4149145671966,202.09187520063878,6.60595112947358,0.8816312592419732,0.16230331136870005,2.0
-545.612447705225,-163.58986873332518,5.706996375812855,0.9235488718111726,0.508933452003571,0.0
493.282961808764,2.797998012709071,6.894451829665396,0.9178714393444326,0.2679682347841926,2.0
400.7111354465341,-289.94132495208635,5.729100232275869,0.892409872983481,0.2821496210439863,2.0
260.54374202691736,405.06457241957577,5.923474808138962,0.8925888070933868,0.17917539587426926,2.0
-317.72552375678794,348.08036202793943,5.845881645026211,0.9132366034764002,0.4364525455268145,0.0
-295.5388648190917,391.102533064757,7.283286570471998,0.9303569187963802,0.23687949901753635,2.0
190.81485565840512,-475.43043280564564,6.503343644866276,0.9093165837949911,0.23519102424380056,2.0
-514.3372185370123,158.88044799788628,7.567101824221647,0.9227258491133998,0.31615803669854975,2.0
-38.10184548934684,460.8970224340398,5.682522127932174,0.9029124875375469,0.3159113103110855,2.0
16.00957475791348,566.5188035301826,6.853045191395673,0.9769315655224028,0.6590022555961239,0.0
377.7287939890311,296.35067311984847,4.991085851065966,0.8525230963284253,0.21846077477595632,2.0
195.34942198843225,437.95381644411987,6.149322065425899,0.892952112325396,0.19118204971947017,2.0
-252.43577321089143,368.1459980785409,5.281983305702485,0.9139984472316985,0.24193903793711719,2.0
72.45615086740801,-496.98957765971716,5.680069922377671,0.893661578884159,0.5002952239462561,0.0
373.7900843254105,270.35113664731205,5.468708336351558,0.9081831511679772,0.2316650855993516,2.0
-297.61583123156925,470.0105729344984,6.74306681398546,0.9384639863471033,0.4166523523806701,0.0
395.86089409929673,287.9596103484487,5.068364462363182,0.846716856785382,0.20165118941310833,2.0
473.5197841993567,-35.37532924751917,5.700090269369104,0.8978127545965009,0.20052151073190375,2.0
169.97148736163874,534.5844555663808,5.272805588903247,0.9348227824418056,0.3307086298994118,0.0
358.9727524278585,-290.3054957126846,5.528602441641623,0.892457729682342,0.2286466845748633,2.0
160.76035456439874,530.6077263416483,5.674445881851327,0.905552567959657,0.3093734154211808,2.0
-226.70926204543727,393.8820433916763,5.650951471386082,0.8974045756216659,0.2154148702964222,2.0
-398.20717678685503,-231.1029667247594,5.121445937324291,0.8340252462018769,0.19162549251347452,2.0
-490.3520546388604,213.73922738233261,6.459870437477797,0.899757512138047,0.24784738531674816,2.0
-375.5531030121684,401.13912964059386,5.206092018283628,0.9278491051085898,0.5764294909559267,0.0
-554.7110560834853,-91.4757413025396,6.047655587654305,0.9500015639231508,0.4737067493100293,0.0
-242.70520879203715,-414.60543237420984,6.70850770369551,0.8745950863183234,0.18023970282483012,2.0
-365.6869458885505,-284.5900453816032,6.030030578926922,0.8913774488488536,0.27585087105577544,2.0
156.7372349137815,494.0981180272518,6.089944497262337,0.8997272363339155,0.20322824194275174,2.0
297.67667536134906,-333.18723157043553,6.107852042575726,0.8802882695502322,0.174287149250687,2.0
-89.28813306381764,438.1163774915119,6.364087512736843,0.8847058676458706,0.2624229386409073,2.0
206.51738865932026,352.315312095519,5.109611023996516,0.9106206196151225,0.2292879275536997,2.0
32.12349433140759,-547.0523786276121,6.950799569842597,0.91800570532359,0.34270252574707744,0.0
340.48698657723764,-399.8082081959719,7.522064667860736,0.9129669960870499,0.24686934875329267,2.0
442.8923229333214,-187.61367047663697,6.261511074305791,0.8851849423784155,0.16993835613708697,2.0
230.83938817638455,-424.95570195624697,6.862855392723338,0.8795488281781328,0.16010703725613729,2.0
-244.61701707914824,-436.9578271170926,5.094921127774108,0.8145597205270069,0.14588170278992685,2.0
-75.99804026518359,-374.52581442560717,4.893247010650245,0.7885495923847688,0.11521752769449582,2.0
-547.0163064785709,55.92025023216043,5.448891968609574,0.887484018399563,0.4819969456273683,0.0
-378.89074498421496,-241.72937284946468,5.41498563018384,0.8398926356650099,0.19108544790573664,2.0
-135.12917719383674,-256.0308559261752,4.614385273123238,0.8131646473663076,0.17784209185274458,2.0
380.9061302105155,98.9477621762355,3.7649704100279413,0.8469370455173454,0.19610179890748516,2.0
-365.30470447089266,-263.1425249378656,5.335225386285068,0.9032678394640969,0.23590172916903596,2.0
-392.13798914849656,-358.61864180940546,6.159752311656069,0.9017654634274702,0.3133253253021661,2.0
280.88915263972626,-328.6049154157163,4.955527764506303,0.8232962554809359,0.15846395549736314,2.0
-107.55722274132698,444.3558644467133,5.459442649284687,0.8863530950870576,0.19110837183147927,2.0
501.4726997410639,235.85660727971637,5.37694329093396,0.9133517735738182,0.3823279511242248,0.0
-54.75240441196949,-495.7289499967388,5.347408807631881,0.9096388121827196,0.24298407747320572,2.0
407.4975855216073,-202.0102324019921,5.651346165562285,0.8173641219597777,0.15216130077953396,2.0
486.2732210407406,90.27334528154971,6.898809712130661,0.9251769189366543,0.225290624576517,2.0
382.58363913536533,-340.462963949824,5.762677675714264,0.8888374514440057,0.17404636004606963,2.0
-412.26434998849425,299.02923235225654,6.44478071191941,0.9120457144522045,0.27544360657070166,2.0
-230.3876035038619,-460.7534649463947,6.355243216292974,0.894102625719036,0.19175703026708427,2.0
474.50547579902974,-259.3235469887798,6.129653001163909,0.885413364395825,0.2759870403268866,2.0
-461.19730144823865,70.21304603746836,6.400507427183715,0.9262183815440465,0.31014766805000343,2.0
-108.47413825917566,-454.7598935085872,5.411422830356472,0.8604808497539749,0.2158556654500769,2.0
365.8603025291276,310.27488631104774,6.749662704200492,0.8830892440428793,0.16163221429585367,2.0
454.8164774693576,15.388320969174886,4.855704433837803,0.8115675075055561,0.15813229820037927,2.0
-426.3342677040463,238.0332888361412,7.9453949842220455,0.9120341226653458,0.18889803985763742,2.0
-437.1246606153029,-253.6213971660464,6.971950711665826,0.8908325111041263,0.1856995140920339,2.0
-349.3586486037114,-317.4755949525385,5.420320633486276,0.8968623502927434,0.31639971670546296,2.0
389.6947685339305,-289.8378487793419,5.515256851884403,0.8969601848750122,0.23090582776887242,2.0
-522.4536815375678,-43.8024608946678,6.188652931910804,0.8614595136731765,0.33372405070698485,0.0
-0.6416206167632846,-448.1710403302101,5.25979495290142,0.9133840440356358,0.25516210394142114,2.0
-376.0606673390114,-250.50658563324154,5.091952620287701,0.892253324945351,0.2842774088029279,2.0
347.4370530405054,-306.26945754504436,5.7972911507214135,0.8949072096597412,0.28811642466753135,2.0
-492.5941223451453,0.4108125740805704,5.433450231214675,0.9200382102190375,0.27633328131803514,2.0
421.07543518598294,270.18100402846125,6.312155660808247,0.884131940789715,0.279410378850212,2.0
-435.1119204476537,-147.42828515507534,4.661739615670665,0.869415535734863,0.27313967628520547,2.0
111.47329121218333,-455.7570736264276,6.190712736367144,0.8923915956479885,0.24754745903445377,2.0
-208.62642517015868,345.7842710668656,3.947459878626092,0.8442115042879952,0.19026706970938878,2.0
149.27883449572252,420.0945708875301,4.5837675011881585,0.814729091418785,0.1528541991227018,2.0
-363.15230545996235,-354.32940308212517,4.9965464470514345,0.8971471679856683,0.3226675080822993,0.0
-446.0159929767968,167.62321014778684,6.503152761837151,0.9198828733877568,0.30586322189270343,2.0
474.40342952645443,199.99498797330125,5.84885481932337,0.889677908078613,0.23224488288358325,2.0
-252.97761717015592,403.78334856565897,7.131358689963886,0.8807240492523225,0.18609895746599353,2.0
-76.93964565824048,463.6895136567676,6.419700733625761,0.8788227046765407,0.19314100752788538,2.0
-20.72084884501311,487.98954296374694,6.038005935777957,0.9078077044191709,0.22715433844705088,2.0
516.4758370086929,-18.39997384856682,6.491872555574707,0.9011796556329742,0.24923537039751514,2.0
-394.631578171553,326.0375014989825,5.215778428643141,0.8147295871436406,0.2688694170146688,2.0
-441.95469686736857,132.6635433982925,5.2151258556644775,0.8796488746178253,0.2557884927868925,2.0
-469.24663634915646,-237.56346763624518,7.463960901858613,0.888785452361465,0.17487896848805012,2.0
-237.36539643961308,363.52722211330774,4.3706257549664285,0.8399695015684558,0.1876394134322635,2.0
-164.88537870369979,-529.3662080441402,7.018497179528554,0.9525112097705791,0.46186151749401155,0.0
-241.48954712300235,479.07435096583555,7.699635406492227,0.8902660100994549,0.2869179222504383,2.0
-464.559738567497,-207.22289193464152,7.9425438547085525,0.9057051930748145,0.1389015639217294,2.0
229.7652407760275,463.4871708998243,5.4914334181978495,0.9081535200675538,0.22920255524258923,2.0
511.2355838368377,-79.13077920163498,5.222494897608169,0.8456485904610187,0.20159014562456626,2.0
468.97406782536353,-109.40441149522502,5.400717828525194,0.8461689002749826,0.19671015901287867,2.0
154.26744745382254,426.9776258486857,4.8481249399014725,0.9102655246012351,0.227129012007706,2.0
95.53152023075344,489.63299094536563,5.746009328667138,0.8655209574411097,0.26577713554199967,2.0
433.86415813776506,175.38048176743678,5.939079544987406,0.887022407281649,0.21543727805639748,2.0
71.65021733735695,458.75407832927925,5.238037667954494,0.8035307279792048,0.12634489917583924,2.0
-131.8160202947612,376.21846847402054,3.994632066662513,0.8455297807619696,0.282862387055918,2.0
-457.86285008746864,1.1830866429648648,6.1868974827104894,0.9007509277678308,0.2105869630159849,2.0
459.3339300972313,-79.90301498748437,5.701086634914224,0.8902579963047274,0.2722964655041514,2.0
-75.21950747666233,-565.3219059388314,5.277056079800634,0.989864817378188,0.8208546496704643,0.0
-470.56836302992093,167.01646852055936,6.623926412317231,0.9082681282929634,0.22980520241378402,2.0
358.3675985367092,-341.04074813705006,5.9980935942915,0.8786052902959937,0.26271096483445167,2.0
-6.819390414345387,-454.9384213322214,4.55467764602717,0.8397091717958877,0.20662286157600884,2.0
-469.22298144365163,-26.738723147121693,5.762719305153941,0.8838203904237423,0.2682314455622237,2.0
410.7909138806968,-243.29681184401718,6.865863598474418,0.9324960861553107,0.27601356570775565,2.0
-250.7254185436599,423.3176154805976,6.900095325078736,0.8736006626496154,0.15301430757263104,2.0
331.7311024452266,-342.86194575776426,4.424788307831553,0.8443830227628109,0.200530488591704,2.0
-55.53116482279812,459.3258961054735,5.144985741999767,0.8544355643837888,0.2109035481247567,2.0
263.7671071215012,414.599862168155,5.369402914894955,0.8775027257074568,0.18948730202004832,2.0
284.22594836836294,-374.80379732578916,4.679872450723331,0.9059877479386498,0.4110229564187527,0.0
278.08286409430144,-399.812666487615,7.52693592252439,0.9257900571343158,0.2891553915686274,2.0
375.77387540263226,260.4135491542533,5.3435841625858105,0.8941131739204463,0.2886275464366032,2.0
140.62031983775867,418.1594501025226,5.337705245588829,0.8917269213998675,0.2102724589358749,2.0
-86.01713593064427,-540.5176439073508,6.812224225710438,0.9267108742882948,0.292125069591804,2.0
-412.67130978234695,385.78377234062816,5.071807209299613,0.9865756117657487,0.8752265816218628,0.0
-381.20231347829815,290.5257176923544,6.822218069110111,0.9006932393273367,0.21102880561455062,2.0
6.082741507917121,471.61674695461045,7.15654370988465,0.9069322934941025,0.22146583760230854,2.0
-507.0139421148562,-29.284129598372974,6.233216909350188,0.8815825214755219,0.1676749436235786,2.0
-487.6635689030146,99.43331566733276,6.675743684747987,0.9062078813136287,0.16659739927633585,2.0
-530.3566428813045,51.81804358538372,6.104921345112211,0.8886253422295641,0.2733427132761749,2.0
363.3545943697321,271.7741877643256,5.699370750700613,0.8817774665846976,0.18329337087006584,2.0
485.8041022778311,-257.0027002339086,6.533622292343623,0.932806504554735,0.43601488809331745,0.0
-480.9222334674338,-56.077629073241845,5.7222279370883395,0.8499747245188398,0.196617186643863,2.0
-337.6355091946601,365.3068326372615,7.3121127996930095,0.9156998493314242,0.21508334066020726,2.0
-26.602700924709037,550.3091269690084,6.641104823238627,0.943513892071216,0.4225580042710697,0.0
137.07355262672874,465.9700685822256,6.355640507767388,0.9035288132366365,0.23042685177971817,2.0
328.7931939675669,-12.82356934365992,5.114082930268735,0.8790432643972717,0.2516721313765922,2.0
-6.9181305119983305,552.3464293188513,6.110852623664534,0.9399568826384254,0.41503875619204383,0.0
-483.8631248886718,184.94216881984514,4.695295352372847,0.8853962128794676,0.27329812868701275,2.0
503.1176255033447,-192.96840919694648,7.376991877421662,0.9284048367944885,0.2485428966505979,2.0
-427.87635658829623,-269.97301251589647,6.2549051179506545,0.8778768314375954,0.31221185352904457,2.0
-163.13414266726667,504.29995750664233,4.872485127340188,0.8744212417282211,0.2505293120643271,2.0
-163.46684048955973,435.9150976063424,5.932397153061559,0.9108804151493758,0.2479794358840653,2.0
488.4208667037882,-287.5223335143548,5.822415296401812,0.9621503566168514,0.5642665957808846,0.0
480.4880521863913,4.769788832566071,6.70481469710018,0.9369872756638981,0.3121302514008008,2.0
253.45535830236432,-347.10007284040614,5.483353387434897,0.890020878578509,0.19280552899269882,2.0
74.20550130017564,515.3389777123576,7.604834015034592,0.8988339790276568,0.14436345865625194,2.0
349.6712907079552,391.7713538578789,7.444454420590822,0.9315116353932329,0.22948565742976926,2.0
-236.63989392588516,-398.5238085311214,5.242668107743712,0.8771132678731665,0.2704133147623079,2.0
492.254859323806,152.6548483190799,6.692981079058259,0.8878184817295538,0.17151293821258928,2.0
-242.11393654143657,-352.1861162715435,5.509750267649491,0.9029827695001164,0.24334071961478745,2.0
356.9416397858188,414.17334486506536,6.476641888565403,0.9496097460657463,0.43284202833914276,0.0
120.51827267753247,-450.6462526086909,5.687972745643186,0.9033493565814593,0.2714530185347914,2.0
21.246696129109367,-484.4802607597979,6.853787192272457,0.9077105350091852,0.2185919351578741,2.0
462.7669117028742,-221.02229306932358,6.585586118635995,0.9401895328123159,0.40827129107501114,0.0
409.29210143866266,270.29405795826983,6.419322140103362,0.8876429277689173,0.17622270099668388,2.0
111.64593292634628,-466.6859542662954,5.685640862301028,0.8431438094367344,0.19706388728790253,2.0
-400.5748740324427,-253.7913231159636,4.820349114297888,0.8754505357388659,0.25626413682770255,2.0
242.43482587710037,400.12454298009027,5.3107575138709535,0.8846521888224418,0.16088521020099322,2.0
131.96332964361153,399.5212465332691,5.501166336339163,0.9191785294718308,0.2723023866604893,2.0
413.2110405546736,381.8604565976456,4.847969476527318,0.9365444129534772,0.573185081101811,0.0
403.07672917761977,293.8915154885385,5.5317897834348395,0.861422508081889,0.22684270429784062,2.0
-33.60412239041935,-446.25279889756877,4.858949198880992,0.8357335609509623,0.17809868700222015,2.0
200.91383700369113,479.4481956147392,7.431994324760202,0.9267291120121588,0.2852824057710578,2.0
-378.41773827187603,-302.7323693877552,6.350907866244643,0.8989666890202185,0.20803900789728139,2.0
145.23657248106173,-550.3963564797575,7.0675565751657885,0.969173708678172,0.6597633200444963,0.0
436.4532312273639,-294.7898332476492,6.748933924807149,0.8782153894022169,0.17891549682702496,2.0
163.4998415007565,427.7585032284947,5.278152635786951,0.9174063980505867,0.28256139840087646,2.0
-171.11643579347177,490.2940789465223,5.648067260818535,0.8369736508513106,0.18441064843248098,2.0
-439.13663245940864,178.59962499529533,7.348595520210458,0.9302859475089323,0.23388589961144085,2.0
-482.97853882580824,-136.2311434496135,5.976160424444284,0.8904263280828353,0.19046684104512157,2.0
514.0522231549896,-207.67633546837365,4.041631477430549,0.9491746747100885,0.5981764622255343,0.0
-241.8513619269023,403.6754651983379,5.664369192098977,0.8881929413390907,0.28159464299214143,2.0
510.1202979072024,-165.92445730829803,6.2951578648832385,0.9127167448781693,0.3041114719247405,2.0
163.1545609945094,-410.20435214615947,5.1470644726471075,0.8638769934143657,0.2245195135491364,2.0
-366.4525222638117,-252.96639985619302,5.666778860501258,0.8706566174950927,0.14615134791887935,2.0
-319.6060246209621,-354.9609536649098,5.723146673289521,0.882637089578046,0.18021392824415622,2.0
411.03102544331176,-254.79123704710568,4.924071593625502,0.889938908247341,0.3158362018488135,2.0
-275.1957174019189,-379.81721402254897,5.848333680260339,0.8866339124069279,0.17932223768943772,2.0
-299.9950429972567,-403.415629361591,6.1780981815314675,0.8856922798298749,0.2710850120587381,2.0
248.61864822091954,-448.01727818324144,5.624687178937785,0.9099783151732161,0.2345255788485512,2.0
-86.0926895999206,447.5872328585642,4.911667586758642,0.8264875737332047,0.16178663920979766,2.0
-523.6170863805194,-237.95110468389862,5.6692169784072135,0.9538477203954004,0.611562727249977,0.0
-336.9780847908577,-321.177702574072,5.66863231919064,0.8907017954541226,0.27975877593912,2.0
232.1276064839352,341.1031556018177,5.962795211239891,0.9170129539916018,0.25894239123790974,2.0
482.39894473049964,107.7122344587394,4.771678597455175,0.8113255409081355,0.1815493293192526,2.0
-22.369192222774707,572.3007432215248,6.189125404130324,0.976381595274561,0.6851483084632383,0.0
-419.5677384487071,115.27443256763894,4.83794243428016,0.8802149673183683,0.31466206531178914,2.0
-232.56002196786434,401.2119041324916,5.108040844574726,0.8156067569316684,0.14684876439990335,2.0
374.1221518738876,317.10635708266216,5.344380422892423,0.8128690764305813,0.14242588040258308,2.0
404.6797037119298,315.38939996062743,6.704510467650654,0.8993271196085628,0.21691276125375142,2.0
340.88139050685265,362.78175344602505,5.6888266083173695,0.8344398703110801,0.1799006786466105,2.0
209.0064169764516,306.7829199192248,4.972987723772291,0.8900423357810143,0.18143362008541325,2.0
-234.36481145886623,-388.21934000032877,6.644403995270083,0.9244425174133232,0.24506391120076057,2.0
456.17029500933154,68.13617937868042,5.422490338276738,0.904929906681979,0.23287327170682287,2.0
188.3563114062192,410.17296527219304,6.438169353275995,0.926998441313581,0.31414468782348787,2.0
-18.463819876959846,530.8035991862105,6.82580824198794,0.9221608807359429,0.287095418270239,2.0
198.97691234303056,466.9170302543387,6.467243400592181,0.8898163189671,0.18734016930184286,2.0
-489.98041392910505,26.688517251275655,5.794669944899341,0.908286981274205,0.2516419491710742,2.0
-289.6534428223452,452.9979060542569,5.209262234457339,0.8593109987366162,0.2371583235749358,2.0
-553.3855706429551,141.09243184346616,5.398673041845661,0.9727386113242483,0.7492358402379329,0.0
329.8588329757007,-358.3579965700547,6.704120816421901,0.9035860111373485,0.2158667108850871,2.0
258.1055729422659,394.9834494953063,5.65018257015695,0.8730538660606516,0.14982477077211073,2.0
-448.85105468749595,-178.3567722532375,6.0840055117026814,0.9007657814105411,0.2648145148489736,2.0
463.4856449079508,-158.01075447051886,5.020585093468453,0.8813897863904353,0.2976162401754608,2.0
-357.75632491803555,-324.7991419026061,6.180869805103888,0.8948187388481238,0.22076102500947428,2.0
-283.9083839692921,444.0400065275163,6.520712254416673,0.9030298224848867,0.3255334349171409,0.0
188.2965666066818,419.9475010682458,4.771098526417061,0.8307280801611033,0.16994740316101728,2.0
347.5212264248307,-338.42778608302785,6.696553096967035,0.9170961500570817,0.2953932276094141,2.0
288.5247982613497,489.0559597359643,6.076571613028955,0.9531875146907297,0.49285149237713133,0.0
-410.9984395211773,-346.7795075065337,6.59408908426605,0.9296014770620514,0.46679666773741246,0.0
485.8956911468009,201.738751627514,5.858953163897553,0.904610256901643,0.27033794751580303,2.0
433.6988662660003,144.32525669230378,4.727434698612977,0.925243957713325,0.30917908253432724,2.0
-66.09588457399491,-513.3277212348726,6.466969935133649,0.9323998280118082,0.3089335366917106,2.0
509.4243637613834,-115.38990445002344,6.008042335795726,0.8894980850366908,0.2712917604609053,2.0
460.1346571068657,-202.170543013732,5.407635760719218,0.8870630784483585,0.17113835324721932,2.0
-406.6763857726682,-267.34053492244516,4.69950590401677,0.849278440337518,0.2026742652091498,2.0
174.67286761824155,-438.8372372786453,4.825413965900069,0.8178255047385543,0.14649757132030164,2.0
-386.5292688037484,319.84018044970185,6.592147130209197,0.8785770505945507,0.15703598508162206,2.0
488.4594113929383,-110.82756376246071,6.77566474493157,0.9083578143964136,0.2760262203010077,2.0
-169.89333570409897,470.585973280267,5.755406574773975,0.8885382972535557,0.28003547977030885,2.0
17.709959706694264,-540.5112680470295,6.093539431911324,0.9129449747691708,0.3733087878268652,0.0
-398.98915462419785,-213.60233569062262,5.127978145874457,0.8399149116751173,0.18365508069807449,2.0
-278.7311015022265,489.41912239562606,5.811045620492024,0.9171236384580013,0.4339015475069056,0.0
-133.28876407358663,-488.8290085766694,6.150686381992276,0.9052021877155637,0.22835633738355662,2.0
-513.6357464154268,-62.44701904960753,6.352467069541712,0.8823048902239516,0.19147987992120896,2.0
-469.41716880859536,-193.70331570110065,7.835362399223451,0.9343472625195237,0.27617479130001144,2.0
572.5819392806737,72.12030518649178,6.465582834497306,0.9761376368908031,0.6232881589132024,0.0
457.89686025223983,98.1370389008454,5.755813989287257,0.8863203431683152,0.1812265411950384,2.0
199.22900796390314,359.1959124782406,5.614235609441345,0.9084207556394631,0.23567157331041808,2.0
274.0289648808995,-345.36736581399606,5.31164613658867,0.876187116919875,0.2599422584219546,2.0
-324.3611416075302,400.7332456634587,6.207160258900681,0.9264645214403143,0.31145717739987183,2.0
375.27931353493193,-376.11716491975426,6.15811597294712,0.8927054054485665,0.19008704919639416,2.0
-320.51272520222847,-365.035533645743,5.590491039043605,0.902760577958755,0.24135155263977492,2.0
-569.6670056504076,78.2846031217345,6.791709598919409,0.9728945885720434,0.7497402378066751,0.0
-244.0717060589961,-382.0832105016506,5.347693876246337,0.9218782583782629,0.27081314688107644,2.0
-272.1185739237918,365.1805379693337,5.512091185251337,0.9175764407378286,0.2918121863577571,2.0
-204.11345629236146,-472.0077648736534,6.386199689817701,0.900211121582447,0.2089777329458803,2.0
277.47159822514493,-336.75690973322065,5.093572914742268,0.9190391217005263,0.31826501766068005,0.0
-11.217098570931482,521.2862615244933,6.212987653737293,0.8696385706360662,0.23390700433735284,2.0
-434.1540825750987,151.78531200476218,5.294674527274286,0.9252355372681893,0.29872375081876756,2.0
436.55801409178434,-275.6656138539401,5.989389483676653,0.8526247428135987,0.20969321251178766,2.0
-312.9884697189275,-372.03232629706224,6.134939985000799,0.8906630761621575,0.19072114601096113,2.0
-253.79777436919454,-416.22496085511125,6.147826144838949,0.8938980422156247,0.2758172278779139,2.0
123.30525106921176,555.5510914366482,5.054792509969369,0.9244806771244253,0.45437368274824425,0.0
91.92433683283545,-532.9258590900454,6.190902274273197,0.9372920916020399,0.3236954086302903,0.0
237.7554971649442,391.40465372188436,5.616979370472721,0.8926206449852728,0.2133697078138188,2.0
151.2171803212347,503.93098689120745,6.5211474498517825,0.8745840741890812,0.248353429470884,2.0
375.0318029596059,287.6089445718115,5.041653266514076,0.8983011684715674,0.2956615648712763,2.0
554.0032861156106,-62.3603405348752,8.04359631099151,0.9493052308327045,0.36243242202269865,0.0
-564.6096549601499,66.33905685090598,7.304571672342654,0.9608720373447345,0.4808439315949475,0.0
-517.6191281826207,-205.34790439618052,7.6687332181822345,0.9491932990893973,0.4481671605237567,0.0
518.8934723777713,-229.59263847828038,6.95374092291848,0.9533598933703421,0.5426608972421527,0.0
432.3523813027357,268.1632043681626,6.9253580469844565,0.8801715211684487,0.17288270809627332,2.0
-468.06447232287866,177.7925694330601,6.081856729112558,0.9102945650901734,0.34685000763547197,0.0
513.6461410972029,-104.50201329204998,6.828152291419553,0.911372445785635,0.24692509321581751,2.0
458.85561954417324,125.59098776953411,6.726209256139962,0.8884111186944471,0.17772377792042846,2.0
318.54174670479784,400.6388737368713,5.9163176944231095,0.8203115438731144,0.1531867548287304,2.0
-325.48050617914157,363.2261507192287,5.579458225079504,0.8780276045826549,0.17164024745897083,2.0
-473.3029586939281,202.80598566856523,6.233382536186346,0.8976609646638983,0.2005553685835281,2.0
-194.7870736330544,403.3752733789806,5.486779728120704,0.8858330566941631,0.27366251308237444,2.0
449.0040545714144,62.92613872109459,4.184556178129143,0.8215542312516071,0.17304515499758422,2.0
199.7854408991987,-533.0448563565193,4.898618949299554,0.9824176557070603,0.7830929146979336,0.0
414.1523507475795,-300.01921311455743,5.471753502321078,0.8029970651365651,0.14227879425392342,2.0
-25.559170690622828,497.6318222069458,6.1214520380847715,0.8968284136767051,0.19122690415054286,2.0
-321.60810205598426,-344.7072874522524,5.941733998941722,0.8830539019262474,0.1626583395865163,2.0
-414.63844564276474,361.1786759628942,5.039601921983206,0.9333137885138344,0.4727460948834542,0.0
-217.97053427602884,396.398205312339,4.636775891206416,0.8568027798298751,0.20731770981262992,2.0
-132.20964947091684,-447.0644923063845,5.506577661566472,0.8657314974011602,0.2942432244287326,2.0
229.06045989264584,514.0330895635642,6.513973658726393,0.9432016305258455,0.42921051414474937,0.0
420.38760544868734,190.47697182863232,5.10801602433503,0.8740219507652373,0.23928811660551874,2.0
329.86135390573367,364.8487238651746,6.940411719988769,0.91535639153022,0.25050024703504054,2.0
361.0246203683619,-273.47426330830234,4.787388766925088,0.8895162730340661,0.28369596655791046,2.0
-57.63551227523324,547.2872461416194,7.589443683718587,0.9718103721823397,0.41785922647959,0.0
299.0062294355649,412.3891665667623,5.98913074412128,0.8798676230762184,0.25749163337276587,2.0
378.27218364947055,337.8641214759492,6.329288330853438,0.8727286219601152,0.23898032729328475,2.0
-419.87026425878895,249.73453418714664,6.466950950762776,0.8422744765808592,0.19137079087513598,2.0
333.1812151858537,-418.0899459804739,5.920736800513519,0.8777585569173699,0.2635227016252228,2.0
91.67729963561592,-563.9348162633262,6.31597478657449,0.9826708645079607,0.7843265408167385,0.0
-322.1768980140385,-399.5852326024411,5.731376157774806,0.9126176797696957,0.3247061007024256,0.0
-117.46577727587776,-536.921741422053,7.564070647607018,0.9357902387877199,0.3095592493771459,2.0
299.37533151027975,-380.00906239445044,5.763029147491256,0.8937478753495548,0.28796386829041015,2.0
498.42073366468946,58.85257035998923,6.044449823760866,0.8727546384392323,0.3553131953645026,0.0
-196.6255659292459,-480.49725002494915,6.319651651778423,0.9183483879835639,0.2537899896508642,2.0
512.536654722258,248.46232016813542,6.259286885027428,0.9709736070001553,0.6645937859831911,0.0
46.05271792812272,-502.31254016123313,5.728981056834476,0.9095355965300534,0.24713836561858551,2.0
66.70819306645498,490.1334660978042,5.815308356669067,0.8737594850886967,0.24403863303029508,2.0
-74.14611374405379,-459.32825674001776,5.814661567217041,0.899738836277233,0.2525731156596553,2.0
581.751415812486,-8.331212926456839,6.654512590794738,0.9841055547788767,0.7894426968924461,0.0
-402.2709318766427,-158.7695113268471,5.369608222568409,0.8598350250583497,0.21676459355308433,2.0
51.72005270185943,428.22145671383777,4.688038761986252,0.8464744167350433,0.1933823006659184,2.0
-75.65977885324523,-471.50959408829027,7.415612151079634,0.9162267058055401,0.24687278831762066,2.0
-447.7246690545261,-306.1953806663782,6.655863352293309,0.9497557052961675,0.322003996117021,0.0
-122.35923357443937,-443.68173640212973,6.526769417744989,0.8768710210244235,0.24665975086785286,2.0
543.9565946140258,-40.3566899284505,7.793604145846369,0.9325225300048802,0.33631088339664833,0.0
405.99456058069325,-264.7848032689376,7.427839726170364,0.9271565700067887,0.2892599613375531,2.0
-74.37989206903043,484.16199765569337,5.856977061997872,0.8943206467563396,0.20647109134368916,2.0
156.38993275121007,-509.37097054022394,6.7735271155383625,0.9384651434673247,0.26923204518425964,2.0
148.40231765186738,-324.9589135508765,5.601609279485315,0.9070712947295293,0.31066165361938286,2.0
-520.5017887352744,9.687271224308706,6.976076474838103,0.8927660661940561,0.19550261592281828,2.0
42.82055891453557,431.08746072939334,5.741364963886703,0.8854694349161543,0.16720411801018767,2.0
144.7664505326201,474.5604722708486,6.190601753886996,0.9069041784886763,0.23265727401668146,2.0
46.41424608463017,-492.82980767756806,5.045591282861212,0.8690458253635872,0.23982516347460328,2.0
-448.21443857601946,-272.1012960894247,7.043427154069317,0.924425673902478,0.2920997599648458,2.0
-535.3397954975808,163.553172738526,5.924438245002157,0.9726282284114217,0.5861071942378558,0.0
-431.5219685837594,-138.26671981728396,5.478886851601558,0.909898462519928,0.31083231294746605,2.0
150.42740264057554,-448.26050553970487,4.7142805569936925,0.858129047372415,0.21490506916695373,2.0
-306.3109106901272,-412.189444561595,5.880571785007563,0.9142291477000464,0.2508379339636156,2.0
-382.6794115948957,-259.2235672376513,5.861939741614058,0.9047997933069117,0.31896612127092844,0.0
136.967274208773,425.9181559337789,4.373737179518722,0.8339929734763938,0.17763468378934802,2.0
-379.1908919419693,-410.66987334113054,6.499469763267998,0.9420713106383624,0.42611698991857283,0.0
-334.91514815321915,-331.2826909656448,5.844887605278423,0.9167885238328989,0.29614793144133195,2.0
-332.00013466832297,-426.12218978229606,5.497951371089365,0.9229136624785745,0.32123388129862473,0.0
33.11859685803016,492.7050860947363,7.20071385213237,0.916581559866852,0.20301489865238065,2.0
176.87289742135172,442.42675783384203,6.052926846233774,0.9158069816336982,0.26872686022111086,2.0
-420.1865764420522,-326.8130806567177,6.4761033370086345,0.8937488062298233,0.19719628951856813,2.0
-120.39369663997259,510.25067125920896,7.210452030240537,0.9218742118065406,0.2722568700201198,2.0
56.69672939581087,529.6077522479621,6.701313447413314,0.9041704204635593,0.3172185467202754,0.0
489.44902132772194,-45.4382078278954,6.651628885374133,0.8706158985767072,0.1413403230691416,2.0
503.56263159727797,149.40276416043105,6.423808175642743,0.892799071936405,0.20081657100492797,2.0
-120.99071018918474,-525.3588062965046,5.763317364008829,0.9304930234658602,0.4511567741896349,0.0
165.23714848947512,-439.1787749519423,5.985338558544336,0.8888935319543694,0.19629856587965785,2.0
537.7178848619623,58.0331840117043,6.841416646576011,0.904960497920549,0.28503932637619095,2.0
461.1856357962426,-231.75051069854126,5.364599830303971,0.8958740352889495,0.2870954550232046,2.0
144.71165902553574,444.2866770311806,5.612019066592088,0.9050019931962812,0.3122695309602523,2.0
-488.7797030681064,-173.0586115534916,5.6759168820381785,0.9060106635643933,0.3079713842683565,2.0
82.89630360252524,-514.7373379731241,6.226871229340986,0.8996810378207891,0.25671266146066835,2.0
-567.113228241957,-13.448251491109337,5.5101341711486,0.9396244177774234,0.48924692044764156,0.0
445.97612543629896,211.97323586166152,5.92303948730584,0.9231442738172009,0.30349694735062593,2.0
470.5008379610354,190.75415092144823,5.5879537970596855,0.8914783626856876,0.1940866123159231,2.0
491.6754008892342,255.6233255558,6.049575787546498,0.9307212245595071,0.37944123080851555,0.0
-121.97957500531363,-463.72881006682064,5.829459811357735,0.8814521802820442,0.25685202541445057,2.0
-4.934281434670864,-475.138584671754,4.582003879530697,0.8909896249599071,0.2795992020589642,2.0
75.43974253159429,539.6255913258788,5.44001018036288,0.9167442785091807,0.3352591839531443,0.0
-480.9854062975721,-83.44342981654343,7.0956201537204295,0.8899293055222938,0.17551878186832104,2.0
363.8353539528374,-282.32852920711736,5.497929170730098,0.8822963253966056,0.16769078481128444,2.0
406.36778828844405,-278.347072094875,7.2813014880374745,0.9364125185161764,0.28289415178162364,2.0
463.12176481949245,106.1746685849905,5.286814175291478,0.8442975155767339,0.1880644901310927,2.0
420.3722423189703,-310.2128786047819,8.03405032477419,0.936523623493444,0.32009353822321046,0.0
407.13810842221795,327.1522887021591,6.829462611922048,0.8870235613886281,0.18400596594053992,2.0
448.1711566758715,294.2102015445074,5.6695525402096445,0.8943842852385895,0.28918901269454805,2.0
437.89768179645574,235.41637654701205,5.548912332762127,0.8761349707091631,0.2524043081641723,2.0
-134.1188061584179,492.21529214860203,5.779230781118897,0.9032160130190574,0.24096990444407884,2.0
-109.26488728514106,435.2924170778517,4.883144820711851,0.8201242823668268,0.15113572479103884,2.0
-248.68859862285709,-446.98234783675775,7.350541747462148,0.9152435319234337,0.16122151577939126,2.0
-261.847014506468,-389.2049280673867,4.38416776768782,0.8467162331100428,0.19242754240585838,2.0
-306.4771205072252,-390.1706607953039,6.686871001376633,0.9068730647702006,0.24672193167161727,2.0
-525.7480007417408,-122.81021189515758,6.827822590614913,0.8875103281974935,0.18594172510342905,2.0
-390.37308624504476,170.03004798951926,5.100698083572964,0.9072773591411287,0.23462672485891797,2.0
518.8032712723611,175.7595342245492,5.714439337818503,0.9228841022408493,0.3070539436274471,2.0
-245.6362327200377,-499.95377733404393,4.395341693162358,0.9372109609172657,0.3183075681954862,0.0
451.5029378895207,174.28432678087364,5.296642058329638,0.8232373721558492,0.17468533875027314,2.0
-487.55247129588724,-28.09536264692354,5.565860942193058,0.9126686929717853,0.252465580336248,2.0
386.2990562101288,-403.7849723455253,5.443312638243176,0.9140389765579238,0.35701927972366526,0.0
468.0069783703036,-207.60268192747907,5.329513932644939,0.9070645672397083,0.31886529474136477,0.0
391.9456430191095,-355.21910672095225,5.3002953252506915,0.9098864420593801,0.24590660256991081,2.0
308.7782528498551,394.10119509208806,7.283730546064581,0.9250642236708415,0.2173059870497811,2.0
-233.31122491574882,502.0994449190428,6.226070710242641,0.9321400804415348,0.32686155078914947,0.0
-447.91432877792823,218.0416030010779,4.930888979056657,0.8575432053666815,0.2389407142431809,2.0
210.00219495490887,-456.7797150665607,4.429983094830924,0.8415058837195794,0.18613396766793158,2.0
477.5812026906788,60.285551818369925,6.466842963299402,0.8987984223895148,0.23800153462262355,2.0
469.11584024067645,-75.9743916441526,5.841800993806629,0.8908372926512558,0.18104944738837864,2.0
269.096017634219,494.44105571223827,7.31966949651651,0.9662104091152068,0.5271548333799522,0.0
450.7266630269811,-2.556792755905614,4.791941182070828,0.8099018149531987,0.14125642618553624,2.0
-490.47791966154296,87.12558072598782,6.768120458506593,0.9357735608102334,0.31777846072947974,0.0
-260.4216205183969,-342.4584163176464,5.792175523309961,0.9168765986285553,0.29513933363533734,2.0
-469.9852543070293,-168.97137485652237,6.618206526741538,0.9238637516698877,0.2908877659660513,2.0
-159.05419404678415,471.9274508509624,6.751618748561796,0.8739976002627234,0.1484000600239611,2.0
-137.0716224529568,446.1962467700361,5.53640466739749,0.9015488920793074,0.29849829743978434,2.0
-233.72915793194758,411.17266182538117,6.509140398630321,0.8989520269221337,0.3058475690870076,2.0
488.30628251713597,163.3900672588647,6.375955087707432,0.8840303735101906,0.16551274009916006,2.0
-380.45595192779894,-422.30234789947457,5.972128403420321,0.9794619456611515,0.7013664171805251,0.0
147.62940210334898,-481.800299628348,6.518311268746831,0.8854298319329554,0.33582255002826905,0.0
-459.33457428518176,150.57988117691352,6.86672370105524,0.9425898945509767,0.3071855289526245,2.0
-429.6272181973327,-307.6307403750202,5.877386212108115,0.9280492026324477,0.2870894948394362,2.0
329.96212583809336,-406.66779820284995,6.593590823841629,0.9298641001242036,0.34985776582767136,0.0
-171.0935500560855,-498.01124018741336,6.248943327263151,0.8966337894765226,0.24882300455028922,2.0
362.81458574013016,385.4207158398576,8.046246616878939,0.9129636601936859,0.2024400914573482,2.0
-217.02621727615775,-434.51970161139843,6.065940966968194,0.8961052939304439,0.22057364635143198,2.0
314.0938254269858,429.13543498862555,6.097564166263587,0.9039711528946345,0.21400308149962569,2.0
335.97477921032623,454.69146771770545,4.720038356162271,0.9430190880030724,0.5909927121376092,0.0
188.9091361745826,473.1343149241448,7.034543566581599,0.9305015468266026,0.2979995727414655,2.0
-417.0400579812441,-276.8116801881383,5.495692015983724,0.9178858585991124,0.349400437218372,0.0
-463.6841450142391,79.69074756070877,4.515331391180712,0.8560124240274603,0.20902604840776956,2.0
353.6265415672067,-298.3650214668545,5.134085731917222,0.9082728821164139,0.23367633671417978,2.0
173.75242979424507,485.13517773765665,6.6196390902254985,0.9095302987254198,0.22974574435820916,2.0
473.0368133564065,22.194612518051972,6.282678875943329,0.8675778277861116,0.12991884331016396,2.0
-329.50304418813465,392.7395275445439,4.667650244750272,0.8637053456021417,0.22398495204955415,2.0
-432.41044734393245,133.97597016483465,5.706214261658953,0.8989614097498323,0.20055859442755844,2.0
55.93639415732804,491.3401223408088,6.265089387433202,0.886073006453497,0.17305494653924078,2.0
-140.73635786028936,535.3984753873625,6.370755604759242,0.9532986972698364,0.5240703491524343,0.0
457.32402201448895,-297.6005415614889,6.422804688025485,0.8975160091311666,0.3906092134649039,0.0
414.7656412789253,117.83743858354809,5.362903196107467,0.9087413593724333,0.2586595104660691,2.0
-259.0674677441192,-425.6158969756911,5.831753291748125,0.918813882209841,0.2680708470401281,2.0
524.4274814448046,19.627395906623377,7.479751556146499,0.9135467186096947,0.2546289281258712,2.0
-207.79682695388806,-522.9071837494573,7.534560360233637,0.9615408505961962,0.6129755239440062,0.0
319.43741615951114,1.4829920815823268,4.8347545817673385,0.8686045901506859,0.24599814723922128,2.0
409.81476767516534,351.92195757446467,7.39291529290704,0.9203954502762567,0.2679873294183299,2.0
478.51514079343895,99.29614741111982,5.455081259232345,0.9128291413924547,0.24915637428105458,2.0
-285.92463914317284,-448.5465260877512,6.542619391325499,0.8922939982490109,0.2750061374870213,2.0
485.5530254017884,-6.563703929582399,6.894451829665396,0.9067488446924292,0.32284911766716934,0.0
-512.8076192147333,-136.6617896665637,5.5110234067454265,0.93039855887569,0.3106204099772727,2.0
419.248038806905,135.69802040908476,5.533619027662095,0.8922646088984117,0.2050851717731304,2.0
453.0076083011664,-206.57909126982528,4.017866513639817,0.8554927916483571,0.21807510282054,2.0
304.8068683779947,-389.87509432491635,5.076580497233999,0.8951968372138083,0.32068786524140264,0.0
436.33557337924117,216.38807361619433,5.557644292986759,0.9170912221583052,0.3027399435121031,2.0
238.8887443431325,346.0772475433265,3.680993883937179,0.7710439251854614,0.23257135528608255,2.0
-269.6741171991162,-424.4572563412519,5.549437668619016,0.9069051451491388,0.25486139614650066,2.0
142.6289988094432,-493.89375725076053,6.683238115102361,0.9834876303643627,0.6770830055372714,0.0
-470.7251807057071,293.9837308606284,6.906650286028604,0.9614750492206585,0.500015472355642,0.0
-329.2568705735871,-444.7923078475515,5.947756628445625,0.9263899927884419,0.3883354622842285,0.0
98.91858275517092,571.7921823704665,7.11223984284583,0.9786311595062894,0.6984295718568871,0.0
9.980114935168773,-569.4850211799243,5.792620919341303,0.9807851050230941,0.7760357208122989,0.0
-513.2704775393968,-240.66233166258152,6.208041056800076,0.9293420283431196,0.45690464376527884,0.0
-483.93708808070977,224.43368728915715,7.867862143658721,0.9266866332964993,0.21738347496816424,2.0
-355.31122187550613,446.54564559367833,7.351508104351913,0.9831580913288761,0.727625784079582,0.0
-487.0375188140881,-251.62321813747585,4.849269684041162,0.854932329663989,0.22866805699046672,2.0
-505.1456459706379,-199.30092206250325,6.9637465157160765,0.9331875912973063,0.2659271330308887,2.0
474.55724484277783,90.2648852872542,5.547303031105321,0.907814936292723,0.2519498170910715,2.0
-302.7765741612261,409.7815097430827,5.284257219997717,0.9080763012419313,0.22808886362636593,2.0
155.71753475993825,474.6826029882999,6.052474792878105,0.896720628992486,0.2938250450716853,2.0
481.41829936825377,116.80753581076542,6.1448171716923845,0.8786672893716054,0.161525848007063,2.0
-350.5192631463903,-307.8969537643726,4.9581112111570675,0.915744254190622,0.3175598530598718,0.0
-25.93088155246358,-492.511092572368,6.487824327533092,0.8791947745006444,0.15988080481651784,2.0
135.26729035736093,-462.7352176745134,4.878653382867285,0.8810159242796677,0.27108594699437655,2.0
271.791929106089,-482.39622411925245,5.86753103103368,0.967250715647224,0.6410971730368253,0.0
-406.0657635497407,106.77507878757906,4.888992730045163,0.8768369486814885,0.2636740009857958,2.0
-420.31989740117945,-308.35291489737136,4.478949824068706,0.888464879619675,0.26875003721277113,2.0
496.63556613667777,181.89709227142492,5.391574581525212,0.8637172246480057,0.22850436540430635,2.0
-27.25054122389006,-524.7672040320946,8.160655602284647,0.9376274081536466,0.35318852091974906,0.0
541.9288184906121,-137.2350633616681,6.115060317743134,0.9345694096613127,0.4773546575264881,0.0
431.24277178675385,348.0862861139591,7.42866403148311,0.9251711633073264,0.3272201103102559,0.0
480.4962410467337,-166.99497184139219,6.523892835183435,0.873332999854848,0.1432372868438068,2.0
279.73249376425883,387.6867286465899,6.181248920701343,0.8987402195030154,0.19577174070478146,2.0
436.1168593120085,126.97313491074513,5.6953323188793465,0.8899129866857953,0.18680727982799036,2.0
125.86734430508166,486.5947551943688,5.100951016364851,0.8448287659199991,0.18668796614941216,2.0
158.19108911023557,-479.8564247483688,5.877092537921582,0.8806401810391529,0.26145118934608813,2.0
488.84697822055404,-131.48406830155704,4.930788623048638,0.8570674130669294,0.21025399452193003,2.0
443.4091918302519,158.63356231404236,5.797983785683979,0.9008690040042518,0.2026776758688358,2.0
-208.22640528254902,479.00460702861307,6.976498534798253,0.9427833207287697,0.3481654866550499,0.0
-321.62169780536476,-468.6074772584405,6.5820949558782,0.9693267107853754,0.657800412566124,0.0
521.789127636802,45.13356067264687,5.97414109532911,0.9160492343315254,0.2740833142380726,2.0
281.8420149618713,462.56804502375934,6.746917464142653,0.9199875355773067,0.4053046150430413,0.0
-326.73157070835003,458.80226175954374,5.939703598928862,0.9284880617726493,0.4535661449312345,0.0
105.41085671552796,-416.84664770584146,5.385455900895169,0.895794209327054,0.24220619228429618,2.0
-446.56044013129116,299.2132458272228,6.755075397912531,0.9372290648464394,0.4804570532475697,0.0
169.09502207051034,-395.58465067941376,4.886359030728791,0.9127980140918305,0.3314169540334807,0.0
561.6568181913052,-89.77226274860162,6.980328522766888,0.946885041464985,0.5042667439924758,0.0
-191.98837615159178,-391.6093669477552,4.988184016369633,0.816538200699655,0.1644268521577592,2.0
492.1147836704692,-139.96837577136003,5.194158858109919,0.9290973202549747,0.3756308594310749,0.0
-436.6939188202548,-241.72649627125003,6.674538128557528,0.8918645964379616,0.19811081342374073,2.0
471.8923257046784,173.50682519659784,5.929311230729045,0.879476115432154,0.1510104251546567,2.0
-316.8174697070656,369.9312115869956,6.51302248021344,0.9204123434038619,0.2751438035937558,2.0
280.38895776030745,410.36854286204584,5.441747966417064,0.897223164384534,0.20875693586989882,2.0
556.6347916571672,-38.08584034791233,6.177610660369553,0.9073296292526247,0.31242777604932104,2.0
77.15990824867124,491.63148918371206,6.199043463866203,0.8419002411194261,0.19541897722725707,2.0
383.5794106461661,254.8780738661143,5.5732488727489775,0.9246406678508221,0.29505133570616626,2.0
10.834604503296449,-489.1124195147169,5.8269148706299,0.863960650645685,0.22345947617123862,2.0
506.5336805393436,-53.318707702889505,5.888379309416171,0.9092056210920535,0.27319964724752444,2.0
313.6740363965111,382.75101414292413,6.279581975694193,0.857374520524732,0.21502605993475257,2.0
-209.25207721982238,449.4956929695986,4.7331357556976394,0.8327022170368836,0.16943108619335884,2.0
-143.6085193774564,-491.8928073693915,5.863831328667093,0.9135566595317365,0.25981712561606624,2.0
-513.0523147342732,171.3202762207358,6.694982264387764,0.9111280589145073,0.25451326203489505,2.0
-508.7340855020946,49.99446428591043,7.179218860536306,0.9261246128078612,0.21368968268051636,2.0
351.921375284119,-268.5349623690725,5.571029186635022,0.900309013032332,0.31507553865479376,2.0
-148.75962799513195,469.2085873378184,5.057517154767642,0.8177806148715252,0.159816379816345,2.0
-241.45739504322364,450.101034192471,5.80306842577797,0.8527626723851425,0.21381795481860275,2.0
-492.997199159374,-163.23513219556148,6.250198654991841,0.8841969047977931,0.2693019082962835,2.0
-488.7252628796255,52.92139216773805,5.823780521420816,0.8790988978742583,0.21003754832611998,2.0
313.61666204473346,352.9635830859031,5.723050664644507,0.898787768314965,0.25319144455079395,2.0
-25.256455425038872,-465.67970040781034,5.704428427364732,0.8803695673305095,0.18459219175970953,2.0
-480.2418020766832,117.84125428104295,5.189730147458254,0.8412863428314278,0.2069866051053022,2.0
500.77928931923367,-75.75911079108711,6.518378362398032,0.9351396052735825,0.4843931032552021,0.0
236.4555657220475,442.1966305204448,7.070783431593445,0.906338576420398,0.18163468210156358,2.0
271.0435344836415,-495.1656906935022,7.738142678554895,0.9780395227931185,0.6368124732561978,0.0
457.2975291162318,228.5103731160559,6.032660976692397,0.9039079725914383,0.24003056603788936,2.0
292.91384822933645,-372.7082820675599,5.497253367634234,0.8916502337745852,0.2968911835012677,2.0
-241.01397215758973,492.57565894906736,7.355996161087686,0.9259185714903,0.2803270313345409,2.0
479.21626071479193,-71.59615487639428,6.630939846527254,0.8688735714638768,0.14231459324364448,2.0
-543.3437492927536,-57.23734350768617,6.132357646545623,0.9123530670673943,0.2952456565524557,2.0
518.6331650734246,-157.11102106985078,6.804187158186988,0.9780878366670607,0.5480254837531738,0.0
44.924406551515524,492.2196900463451,6.142422646757923,0.9107064620188148,0.2514281823900821,2.0
404.6451908734923,-321.98396057552026,5.267759732661664,0.8651971667879147,0.2551036453979195,2.0
-387.8846552087968,299.00313881959187,4.931420385817097,0.8584348630400839,0.20978485477159248,2.0
480.1115043366226,15.152383241933594,5.15606222850036,0.853750831536436,0.20655832828114448,2.0
335.6872664251248,-467.91191597072344,5.383436885975406,0.9671571687566439,0.7356665669507999,0.0
274.7769535310408,-421.1224779453277,5.996996422414331,0.8967069525683037,0.20083817812466603,2.0
-301.7481531833472,273.79893369570397,4.5977850669054385,0.8530728889137055,0.2070754490723074,2.0
-220.1357246158194,-402.9124553009361,4.843252707938353,0.91940021144851,0.26022866042799697,2.0
98.4436112236752,530.1262778565703,4.914314397272441,0.8598493148745713,0.23381865504916743,2.0
11.981717677986312,529.9893691650246,6.025803263254347,0.9139258079493576,0.2513804807820212,2.0
124.15694981494164,-308.4144980694313,5.857728995021289,0.8819311063367196,0.16706296824819672,2.0
-500.47268298018923,-88.27651141878275,7.2821946318253294,0.8837722489802361,0.1724667701433368,2.0
257.02588501759726,-403.16350919468204,4.260397323552844,0.8430358544904967,0.18863892496705847,2.0
543.7624516278497,150.19288515582426,5.787536365234953,0.9451644153808914,0.508122296566305,0.0
515.1754148407799,-60.930812461153515,6.453587691228545,0.929506254392518,0.3814849243286621,0.0
230.7616121703328,-437.29074783017603,6.884321851980123,0.9164642316516386,0.2551754369220913,2.0
-88.96660800047735,-508.82160951394525,5.76037950398002,0.8936880437950426,0.2441564403266291,2.0
-431.4303441744572,327.49889886368646,6.165777207438176,0.9015625488652029,0.21526732104361573,2.0
288.81617767901935,384.44181817854593,4.932335824940557,0.9016841873493796,0.31624839725721754,2.0
-398.04395447735544,395.8060917347592,5.326470513136562,0.9763592157146044,0.7634582815048557,0.0
554.8329221136539,70.04717239264906,4.145411393913699,0.936202941212741,0.5768594838428664,0.0
-189.3588872531838,470.4477262326816,5.029124051783582,0.8569879153012788,0.21151072855999525,2.0
496.9291456812162,85.57781523374754,5.835950937519771,0.8980388708265615,0.22666279951445636,2.0
60.629140196957714,481.8617545856248,5.535620095770277,0.9001105529078499,0.20978122983368264,2.0
-502.57699010176896,-4.980843633089332,6.638210033103835,0.9238490118555805,0.291788561280409,2.0
445.58300027720617,-254.97692923065534,5.578317794617417,0.895124393274586,0.19222763656041417,2.0
-459.6632184176345,-164.6868965475803,5.6574231816508185,0.8621370186186259,0.22139518786785117,2.0
-456.68453257818607,232.9066195266834,5.0870748456649695,0.8579047279308113,0.21300613843454783,2.0
-486.9251913863872,-154.27607471726867,6.309154962842097,0.887623615566512,0.17806965894732377,2.0
-538.5981265712919,-4.6998362175310096,6.207145049372449,0.8938641225120938,0.19109071381806986,2.0
479.9778855576076,326.9080296350982,7.040038725836521,0.9697048181392953,0.5877071513821618,0.0
527.2187678698092,214.34493198172717,7.059477952182866,0.9367083773170424,0.4779177593429012,0.0
162.2280136773494,484.0683549058925,6.464541974237369,0.885139796371124,0.16898756601844095,2.0
266.881584006708,-438.80140827453243,6.554987608350882,0.9066810350476353,0.22261111255702176,2.0
378.61385095994757,-444.78069198200313,5.832304601040283,0.9805725512651365,0.8040420863518747,0.0
-117.32411334445257,497.94489721434485,6.2158083900896735,0.9026895339833078,0.3073005974028539,2.0
234.05404625164437,399.3503946361538,4.244518199033106,0.8306698674897482,0.16437396313641675,2.0
-115.87410928451348,448.91219714770807,5.28239915534356,0.8378312724641555,0.17833233804135729,2.0
-185.6690933785219,-448.37667084800995,5.649411148384157,0.8783813734008711,0.25772314391440654,2.0
-254.33837664390614,-435.74081345694907,6.178706277300066,0.8873740992053203,0.187889633316392,2.0
-270.0872206066957,-388.0860173051759,5.130647389346613,0.8885824528714896,0.19223301921969707,2.0
-10.449656629172113,486.0304293330968,5.525223974030025,0.9186860856333833,0.312017406480353,2.0
434.8660542781275,-170.1028845403825,5.800869370712697,0.8923619754146225,0.23032668701047457,2.0
489.7141710981452,123.00449989469102,5.5727283735842486,0.8908763757052137,0.21909388167897362,2.0
-449.5799693489233,22.681090516788142,5.6569702310196375,0.9247407970556243,0.3094147171324467,2.0
-44.368964640393685,518.7100148684588,5.452516129312239,0.8348960477810997,0.1788943895430205,2.0
-492.15859400324564,233.05370743735122,5.618872956809446,0.867652517223786,0.2423275263981435,2.0
-51.466523084378814,-541.6744716519289,5.892793452544658,0.9279511299550419,0.32600293089125665,0.0
412.8091577229791,-379.040384882783,5.3360685715379645,0.9405173799944051,0.4949730691650611,0.0
294.0758331026183,432.2567736230908,5.112403884239617,0.8375791351995382,0.17707033368610936,2.0
-354.61014932341646,-374.07690627286433,7.528841749084664,0.9014758127827828,0.21502604047713814,2.0
-478.0310871033912,213.2051974045488,6.151454987915508,0.9149144690724563,0.27081970099729646,2.0
-297.5362586807768,-364.76850895902044,4.2251190308624285,0.8683051074859971,0.24095512842464153,2.0
486.66813217187183,211.72662094187865,5.28224805022231,0.893895082255321,0.20188161269080004,2.0
-528.5101395113005,-99.59830058542285,6.776546540032743,0.8835844114928673,0.1739611106904188,2.0
-296.78531633002854,481.344569849099,4.380476023183563,0.9952312324475415,0.8599735946976055,0.0
32.41410439938384,-480.141891143745,6.398320009363944,0.8974274761792568,0.21197568798734534,2.0
503.98313982216297,269.0540451347888,6.11535219329505,0.9553609114948026,0.5324833997929561,0.0
-446.3704269605695,-332.0104404394974,5.644250423711992,0.9787141870218471,0.6380647580175058,0.0
482.6817087989213,281.4599925647166,5.843395735520842,0.9118927499883631,0.5405387462742847,0.0
401.1027401990365,345.1968444366919,5.131722292356955,0.8483083288899422,0.22837983208067109,2.0
-380.54192892895577,-359.72064974539967,7.021256780785926,0.8949374698869413,0.1886883373989075,2.0
-98.78576330864978,532.2910692112578,7.118251186690238,0.9306598412106672,0.30234362834590534,2.0
-22.595428869490284,-475.1063600869118,4.792279913940641,0.9343600816656508,0.3141093669362617,2.0
452.55584658866815,-52.76852221137632,4.964731379115915,0.9146832008803438,0.312811968342439,2.0
351.67970243454084,378.982613018529,6.775072198821082,0.8800443481665366,0.16344462305552296,2.0
527.0869111192872,0.43538827428292365,6.0513705131563365,0.87395638825485,0.25008091416547373,2.0
135.77178377770633,518.4114104053205,6.840715527533524,0.9084722751392672,0.2755514187120933,2.0
-488.8654304340822,64.052829242194,7.235322634823594,0.8704673858223926,0.13514877799980965,2.0
-203.5439968426204,401.18356894583746,4.565740355781841,0.8826933301054588,0.2561941723690168,2.0
333.1326059885549,375.47042167889515,5.156225790900509,0.8566304121327224,0.28008862452828504,2.0
-402.7247931833095,-289.5487399576537,5.68109912424607,0.8963529115619906,0.20164508579067308,2.0
-357.5114220073042,393.12386596346374,6.257476127810493,0.9091239537277197,0.33010326645649307,0.0
-458.96653021749427,-229.2468482741991,7.053713433786509,0.9380531547063862,0.3247409610022439,0.0
-535.6751379436375,36.268830444690366,5.2241979925919395,0.8984944899064595,0.39699708306736936,0.0
132.39726590452315,-391.757195794577,5.092283256368868,0.8981664802443278,0.292779484307502,2.0
169.2276562163843,460.22970598295535,5.898508368186041,0.8991239393916729,0.25940307409972696,2.0
292.9557126394574,500.33321067538384,6.168932449688778,0.9764871236719377,0.6551568243631309,0.0
-15.64379383558704,-494.5471425397725,5.893690188908238,0.880560704108174,0.3000561625744812,2.0
-548.7944013015408,87.48591341205949,5.1753312731214915,0.957064038096887,0.5564338447089245,0.0
102.69949404129882,470.46363326074675,6.130464125047983,0.902368794158253,0.2123188423480893,2.0
243.01517104406304,451.48434736887725,5.283477535556949,0.873916994417859,0.2411088215550989,2.0
-476.7459859398741,-264.6508525652706,5.91811942869078,0.9156355043580299,0.3334115044326635,0.0
-130.21478816939742,418.6428778010661,4.985956549562713,0.8483254303894529,0.19706016312870556,2.0
-507.3391916567396,22.238996266713535,4.460233932181645,0.8246602215636415,0.16057927574717937,2.0
-99.45820743324192,498.5052846153318,6.835917484572782,0.8754356344110557,0.16092057414493738,2.0
334.9602317188491,-368.3231097489646,5.9489937649353255,0.9043345721623575,0.2550425838167192,2.0
-206.52414829221792,532.0265181782701,5.893492558354234,0.9827173236549442,0.7228445174999827,0.0
117.19410455207631,509.2446601217438,6.920859341512742,0.8744887151849267,0.1434585643886667,2.0
182.62745617424468,-496.62918225703555,6.810132847229995,0.9088318508763805,0.23627066139005665,2.0
10.177438560301816,482.18995869976334,5.6910727297830634,0.8577349688563203,0.21933448589487578,2.0
-78.42329097729298,522.639134948967,6.081513801456456,0.8592643134657216,0.22102958789590493,2.0
270.75112786488694,407.36291951103175,5.720141192587071,0.8866538147613058,0.1687738922834327,2.0
-238.75380924230944,-453.6075001437596,5.9557305827758436,0.8873723220481889,0.17210041982783375,2.0
453.23264720378955,312.6990902900112,5.028757532202176,0.9724734998365442,0.5617317979436199,0.0
-396.3617055651752,153.6683017052449,5.5906049268215865,0.913049441118835,0.27293839013229304,2.0
-395.7910275521813,-165.7254405760482,5.5476942520804435,0.8917145483628606,0.2387011940166586,2.0
-384.8565473192009,360.4002038588739,6.797356101493795,0.8920034034972049,0.27980779115928134,2.0
-230.764869377787,450.2433250647228,6.619833600256479,0.8817495267959282,0.16109619859148414,2.0
477.2697343861598,164.45733663590053,5.711399411321512,0.8819483561588667,0.2230138190329996,2.0
-422.7302696111741,261.1378257263299,7.083102949533285,0.9133544511102135,0.1887992826611709,2.0
-68.71742838431041,502.67916267119443,6.435322486902703,0.9417701983787583,0.3045278233009614,2.0
212.49868947744883,-429.4742787001169,5.43819198855004,0.8879903643000043,0.30173796366925326,2.0
203.8439585950754,-449.7026351440218,6.058452746717371,0.9142693577853155,0.24111305991387147,2.0
-212.77843618060237,458.8211629405667,6.188610851864917,0.8956821929014662,0.20965155622317105,2.0
-392.45187729394723,-340.4884928869933,4.913216406510922,0.8529425285015635,0.24070208850748906,2.0
-412.1918069438756,-145.3620118599696,5.346210028492348,0.8919000138738924,0.18572290999907431,2.0
-0.4637851539725982,482.25707685589254,6.270710847948299,0.9177492519035311,0.2640012017250127,2.0
-6.693548870202319,-521.803349110522,6.021426168604639,0.8876395597048361,0.17296483477361602,2.0
-264.7978370333733,383.04641814296724,5.257934890737781,0.9002484965826385,0.3092668503122148,2.0
67.72982418682786,-466.129604568622,6.200601809504756,0.8780704023843269,0.17192950709671684,2.0
-272.4989333033459,447.7984205626932,6.060336160465554,0.9100739478897449,0.23872999989599136,2.0
-5.050862833268844,-498.8262651644893,7.329496443610287,0.9114044763258509,0.15735618555412634,2.0
-305.6408089142919,371.0905553493877,6.124971416507532,0.9089313819093836,0.2990988047230626,2.0
427.5079150958676,-259.6639441012068,5.875364433099733,0.8581185545018645,0.22160365658005002,2.0
-28.711639554165675,-482.33319580726555,5.183818466506619,0.9070242299209228,0.24102696623558886,2.0
488.34405961616295,78.39365774733636,6.1188660108508435,0.9065236421351652,0.2955958097297765,2.0
-398.22233712882456,254.6814807746282,6.200521991602897,0.8909642080315368,0.2752029858097093,2.0
178.62871106097157,475.9331417507987,4.730207506604948,0.8308279349802712,0.16973657531201075,2.0
-391.3371007048503,-277.2170941701486,4.738979423969822,0.9202349461837125,0.3625514929228452,0.0
-86.4937488915508,-527.6497396041747,6.81738119707892,0.9499718044384685,0.37030422290527776,0.0
-557.2296506129428,-185.02279233134666,6.530925291525265,0.9879495928483732,0.8794967097653523,0.0
317.51006655760847,-330.2707874446635,5.178076935849553,0.8631261450309056,0.2242479107526154,2.0
297.53550287302676,390.4226333009509,5.392119983182414,0.8959730317756838,0.2954799837739747,2.0
498.85610164825783,-146.45845080393678,5.003451053318824,0.8883337177392804,0.47446266938403503,0.0
-322.02428615647085,427.44456242812186,5.1677127096787405,0.8820493012212844,0.4118344865987627,0.0
424.4192219686053,312.74414927146705,6.388325927801247,0.8900797102582368,0.18759301677748896,2.0
-150.6493471354318,-527.7398785579386,5.7916731141498685,0.9272539078902623,0.38807508323718726,0.0
-217.81794951935618,-424.8728531489602,4.309749388939853,0.8192116212258398,0.17622398918655263,2.0
496.4232249164733,-85.36350725231871,5.130099912097342,0.841123927333154,0.19106067923936795,2.0
-12.831025381629903,468.95618036888027,4.9179750787475,0.9014239951725446,0.23253543248893954,2.0
-294.95028094398924,-484.86311346312766,6.0341890500305775,0.9876405049786835,0.8101737940625292,0.0
142.4056083916341,559.1266487393094,6.254991188050987,0.9389319524003675,0.48995836666726456,0.0
-364.6049588162698,401.39884350355464,5.701280290211317,0.9456763575106544,0.5017612086073806,0.0
224.4632451047313,303.18079464341923,4.8644733203407995,0.8006668372328812,0.1459033423928605,2.0
-566.0948054539261,-108.63775669194483,5.992350781842198,0.9839871046392054,0.7715596989333932,0.0
-62.220567725399896,484.2175492232351,6.847692909936024,0.9104271050693359,0.16892815293719493,2.0
143.8021871705517,-463.4442550862388,4.433795877058295,0.8588339031053127,0.22533436272811555,2.0
-13.52506447858551,-476.3484979708687,5.171508097757139,0.8968666168230622,0.29180984972396423,2.0
398.54662998077134,334.5865376374435,6.4688572443826295,0.8879658472740444,0.22786466928851748,2.0
-479.07346420180033,91.47216653792654,6.300648467247715,0.8965378336961062,0.2090454577647406,2.0
448.2024058170122,235.72824255625122,6.27140158246459,0.909702859109532,0.32591079030317127,0.0
224.9488525067269,-479.2437380598851,5.614151396663108,0.9259617531952951,0.3026316730017882,2.0
-416.5261653928136,-243.36203091588033,5.780690188494113,0.9083406177610622,0.2264156086929663,2.0
400.57171172892646,249.54535708853638,6.225399846680977,0.9243528489840012,0.3109261200353091,2.0
-450.7859385962387,-45.30249604697838,4.778055456209139,0.8134892143979334,0.1421093464978525,2.0
107.38904189816235,-424.875320848418,3.8958962015131844,0.8426984291768276,0.21606531926102834,2.0
-466.0078764168297,-63.418525123748424,5.253309405758521,0.9093124757832877,0.24924906511707523,2.0
-153.46565464402323,-494.97921699547976,5.848805172297627,0.9006106380297679,0.29625924770618667,2.0
438.241470006517,-234.7471819584701,6.030045173660877,0.9126289841699027,0.28484329137328684,2.0
-234.09599433674958,-421.19908898469913,6.257327839413563,0.888702225514403,0.29339923378107585,2.0
302.4942240697682,-458.65618472914645,6.365208295463491,0.9359301842994558,0.4012295362099341,0.0
505.28844242543323,127.70113703402096,4.782268842454663,0.8364791809007541,0.17512855599861674,2.0
-472.3402166968294,252.91885533601894,7.596924927049818,0.9525919922293273,0.38441644884868764,0.0
-440.06736212435356,-6.024425410078527,5.806180610194523,0.9055085251149646,0.31178866487917817,2.0
486.97698012067457,132.88568737842425,6.108385029279458,0.8663163838014556,0.1322779313660881,2.0
99.67928177893752,-498.75117722316,6.866995816896846,0.8665737184884993,0.12609668396238696,2.0
456.5415685324482,-9.177019752631281,5.389866096381286,0.883861586227878,0.21235719517907647,2.0
-224.03960024833748,-418.5725953445115,5.2287193117887085,0.8849525161217506,0.1769598655700478,2.0
113.65238965872102,-307.3385000091153,5.644545640859629,0.8757131951087429,0.24669952526716588,2.0
305.9235887874305,-370.8291346081064,6.696455471372876,0.9129489407066363,0.2675052310980111,2.0
353.51117867041296,335.05487155380007,5.990022835043493,0.8717906702030505,0.2345437345845092,2.0
227.53414421479766,-377.174872875202,5.667599619158901,0.883723665689078,0.2685956247958437,2.0
-537.8283724915975,-119.03860682771732,6.950558271514257,0.9433735061143886,0.3885570078892238,0.0
-284.00860011044415,-395.03507863099134,5.551649207403114,0.8876662751613391,0.22395963889169607,2.0
43.71596402149381,513.61426165858,6.2711223367934394,0.9095410779349213,0.2500884958042798,2.0
-574.5237638238414,42.7828114158759,6.658082806304006,0.980725187239366,0.7784987508071515,0.0
486.4866585621613,221.21206611715203,5.454428991644732,0.8928334098260645,0.19444634709282674,2.0
-321.04047260293123,379.6375788625234,4.5460866962613755,0.8397912595210186,0.22735473660073788,2.0
-437.6497722862924,-218.57273215155084,6.225972212173361,0.8706761496729607,0.14522239945426102,2.0
-454.7810645061061,-282.52076286587896,5.854441044324955,0.9142254272433086,0.34508992319007553,0.0
-486.65453813462193,-38.89195228496955,6.3207758511856476,0.8986474622580162,0.21756634810416184,2.0
13.106733374472485,497.51313744253207,6.653838266103853,0.906358864041062,0.23915454144617046,2.0
575.9638182402172,40.4272899557051,7.737769504785989,0.9882393823810284,0.8097989537196879,0.0
-435.978534783159,168.43367057994718,4.543669133717827,0.8449274796412545,0.19905091811737816,2.0
-462.3962364717114,160.8297847847749,4.808530942778641,0.836657410434122,0.17463011322441988,2.0
439.7395156790102,136.9167432955792,5.904470434340314,0.8936221317737032,0.18516333724111916,2.0
-529.2206455276432,92.60837644237473,6.91106952182115,0.9128082815690852,0.23894850382623878,2.0
496.1689289346751,-264.7772158692255,5.95168118642937,0.928703109782776,0.4608857434095001,0.0
-468.18826761773295,-300.2612256257377,6.076437917509243,0.8922394778936025,0.2795678874499338,2.0
-499.7285081618692,-153.06379685657853,7.514170684092395,0.9286145209466877,0.30488932028402016,2.0
-439.463897873424,71.68615706932535,6.216177069283639,0.8852346179755056,0.18062136649692184,2.0
-496.86142552944574,-53.62139466332364,5.116670815233262,0.8273035973921211,0.17292619057448202,2.0
250.69043767930464,-436.8104661137479,6.869906108357187,0.9057256088559081,0.21924782457706168,2.0
-343.0005941437003,-427.8934039998403,7.078795337201835,0.9216582182126294,0.2039923973483731,2.0
-549.1660554917353,-36.86794189007246,5.649382846799589,0.9173879546556086,0.35665957522665076,0.0
471.74363117912884,263.29290290491355,6.341790343496182,0.8966268338907329,0.19060437808899813,2.0
278.2848745873667,399.3011994992602,6.630050880106789,0.9292843530639293,0.22416633479992662,2.0
-461.3936549571918,283.81485629982416,7.550024002340688,0.9590727945395282,0.3522145049317402,0.0
-481.45911502338475,163.43969639487162,6.192080461274291,0.8979861167261329,0.2932619349899232,2.0
258.22451287068196,-314.11692613996195,5.14794589973257,0.8821441033861643,0.17823799188976217,2.0
201.4370263909255,-471.52273484687225,5.83518390017003,0.9181952707214197,0.34034750895429894,0.0
-431.5116753198805,-331.1431754824764,7.3563460305101565,0.9064268603530047,0.3101868218479992,2.0
-458.61425292261885,170.1953103034516,6.473753750378651,0.9428353050828272,0.3028996390613993,2.0
-376.1360486588844,313.77644989047235,7.292477136607823,0.9199782824245256,0.2825379910208579,2.0
221.8219963294884,-430.55719027208045,5.264382513823016,0.8775798028881804,0.25265976626323533,2.0
290.0019774109519,456.575238654517,5.227467342542384,0.859439790863896,0.33150021742422464,0.0
-483.8526746783708,-214.41480960376677,5.603113480059001,0.9192446176763113,0.2613996720832655,2.0
-445.62516812151233,199.25288674947635,5.952532382504787,0.8852680083204751,0.2958329212224902,2.0
424.5910896019095,-175.261485049307,5.868941045061406,0.8972321693663784,0.2838593744756379,2.0
10.889868063570546,540.3877542878196,5.567845067899524,0.862938147278303,0.2185637347141824,2.0
39.933870287820575,543.0025105915836,6.590452133426295,0.9132308718927376,0.3322092408024231,0.0
-30.335929518947314,508.17717004909423,6.535818328717593,0.8876154387666847,0.17260568651214517,2.0
183.75453783953574,401.85191441142587,4.244909183933723,0.8340533290143415,0.17463133873412634,2.0
-491.4556963603707,147.47622521093135,6.595142443534706,0.8820134223202105,0.2706208869064137,2.0
225.08805545634158,444.83178922428493,6.392499039480199,0.8761086062740501,0.150476437211275,2.0
-417.0230170955236,-265.7001510548168,6.902085550830258,0.9195124304184482,0.2654365192627943,2.0
-528.1785416733175,-71.94897985421301,5.409859131957776,0.828296046789282,0.1649418582848153,2.0
192.58934511196574,-448.1466901497806,6.278424192156495,0.9148957006821988,0.24238645888095095,2.0
-498.4511806892478,-99.73452798845346,5.864134971250802,0.9045096628662642,0.31237455909783,2.0
-507.93274336080526,121.1043722336914,6.7244558496490505,0.8897634285245771,0.29246020586450705,2.0
488.99875320301123,-246.68860322941907,5.9764915512646715,0.9186927507873551,0.3233094909729429,0.0
432.0717671422651,-305.5053224314676,6.434665234279345,0.8831966328271615,0.2776237443579203,2.0
130.5939993175519,529.7768765302669,7.14855612258062,0.9065292339554039,0.22878527002575116,2.0
416.7378960845766,108.13836256461947,5.493174434491077,0.9067710811527574,0.2809700049368052,2.0
-426.12692835613274,278.9403607455147,5.483879395910085,0.9277209384372567,0.3814038886903139,0.0
395.61797874998996,322.6001940029278,6.4196535684879565,0.914176613718521,0.26195117971789655,2.0
-410.2488886308433,210.97337824375228,6.144885953450557,0.8832272219165646,0.16041022022551146,2.0
-500.27576934838885,78.7542375335245,6.037248792088915,0.8981369595036436,0.3021327256465389,2.0
17.071682788403457,547.559154262409,5.392457214278906,0.9111542722825264,0.3386805498940875,0.0
321.7134832484556,336.7620761738027,5.768106774535878,0.9017759196794145,0.2957685507397912,2.0
-301.84857087304107,381.0503085937733,5.575759931810142,0.8961944098922761,0.1936611314658848,2.0
335.2016389354033,353.95343538462134,6.296250298715474,0.8917062621012909,0.18308622455763104,2.0
223.70798095975655,293.90556609247443,5.263914217021353,0.9068280810924271,0.296026899540152,2.0
439.484721118538,-381.222637092486,5.459680885360957,0.9792606123183527,0.7704283807344293,0.0
-348.1864157356601,295.487883019353,5.217963059015255,0.8292051256162475,0.16338320009369137,2.0
456.8970425309167,289.7912967664376,5.681165483822497,0.8756266294456141,0.25606540244545634,2.0
450.3752680891302,-313.6988996426377,5.287702436506003,0.9600729423953244,0.5610384193551082,0.0
219.2373731981684,-458.76079763220645,6.291877321780546,0.8940194411036119,0.1873418759486212,2.0
430.56960153848695,-244.2519096604204,6.337698119128082,0.9073991810474481,0.28335409517439003,2.0
-108.25491381126587,490.9731346071807,6.71108552315376,0.8836591109329055,0.2671475653257346,2.0
-517.2932923028976,-162.6346994573962,4.55700735706021,0.8476574363269503,0.19462866299810896,2.0
298.51857712937476,-397.4686503006572,5.971327291243586,0.9080143324520261,0.22856050418291757,2.0
256.49317524659364,-465.237902866691,5.960422255306757,0.9095781834209614,0.32984700835337627,0.0
-118.21867437861964,-453.82969532994673,6.050107856499834,0.9031092097343272,0.3275257732508803,0.0
424.6923870384177,260.8757846104345,4.681630073398811,0.8480626730592065,0.19659909096862715,2.0
-569.1917997022657,-72.97350524385944,5.6088967305533775,0.9779422043987013,0.6545293119518456,0.0
-403.3705535889397,-399.4605570448253,6.959128855194201,0.9597551351877226,0.6258461042716079,0.0
-160.17799714880462,-433.8843854201326,4.766219598348292,0.7015830576181091,0.15969891535038,2.0
482.55785698171866,-239.02116734914725,4.9855940032201955,0.8566248172364312,0.21677907944269711,2.0
324.323870669277,427.8369546337832,5.446727691735331,0.9215900334674139,0.293148624278862,2.0
-388.95381085874124,160.06463461533784,5.453213607106687,0.8825535091828063,0.28212808262719896,2.0
182.60648834599044,513.3325715472979,6.359515978474977,0.9381241406332367,0.36536964994889415,0.0
-384.4430839618415,-347.70617022191743,7.29550348233295,0.9238213529428445,0.24586683536008908,2.0
-432.7578001222409,305.127263521237,5.856312053399777,0.8955038271977357,0.287978308025106,2.0
510.00403193778766,-8.371549845866445,6.171367091779153,0.9418761637100342,0.4228120674876275,0.0
-408.4859323833098,-258.5607153359216,5.710036753089493,0.8763644894022814,0.15576127620241992,2.0
355.05089024514075,-365.08564201453,6.53891249718303,0.9043439567937243,0.2651602531715076,2.0
-127.70838523258648,500.9597377470331,5.898222089374074,0.8930274236199998,0.1910929107425658,2.0
320.8680184397112,-316.8015713572598,5.762372914325051,0.8533265829228013,0.20686021018134287,2.0
449.15058674716136,322.4917908477484,5.813144371945483,0.9186657762283076,0.289586778704891,2.0
-393.8364925924551,272.8982710890936,5.820358770975281,0.9068712045274515,0.22166704561525805,2.0
-529.6950036885954,71.23317025811357,7.211372140650323,0.9302154017784163,0.2856550100085212,2.0
-447.52245365416815,-259.4883082257467,6.380259261499232,0.8986602986235948,0.20267477407843032,2.0
-402.5169104112918,-387.3380824833193,6.38169632778545,0.9275008430212038,0.37716646736933057,0.0
-552.3726258572832,30.97588510582226,6.937942008146929,0.9273192787680039,0.3801709455494036,0.0
574.463003689323,-70.92880176115733,5.621846039675333,0.9850504345156597,0.7355385402855515,0.0
341.0093028934323,383.0060457710788,5.840552607803903,0.8882292661271418,0.23032056717366944,2.0
512.4030899173458,-176.8372965730461,6.525981590397581,0.893447204293958,0.21666444530905665,2.0
238.9908802179982,-462.6955494660491,5.030257219048469,0.8604698371649263,0.21263296574943744,2.0
480.16369948184456,-127.22216194480376,5.894932704582943,0.8699780427650645,0.15387196397200884,2.0
-155.72946304661798,510.62268459930266,5.933524957328388,0.9515491171377821,0.4699443551553503,0.0
521.8948520230072,-8.870006542651078,6.175846026952217,0.9092233584449554,0.2721168449319976,2.0
-364.0329645930611,311.24832940397295,6.185361282570396,0.9129629832766898,0.310077528804831,2.0
-444.0824146937174,-200.61758742168598,6.24461817033799,0.912008732559909,0.2598250036869131,2.0
173.04546966892977,-310.92199905871763,5.3361722296942045,0.8459320490289743,0.1969996186997212,2.0
-65.32593616611764,-491.7224650609331,6.726974864979131,0.9357565694263978,0.3152889259982278,2.0
504.2854634902679,-18.309809085725707,6.62356048421351,0.9237094310686471,0.35460490173315234,0.0
386.2798298009776,-381.6238207340713,7.27300110891928,0.9206445322393154,0.2597747493488494,2.0
324.1159504255374,464.8722286327315,4.791791484935152,0.98326897254194,0.6894879287354932,0.0
88.09627730715376,553.2451295970244,5.684191979676449,0.9094502249908561,0.3265740703391503,0.0
-257.20240276437556,414.29648187506865,6.083762506588212,0.8653572377756279,0.1649992449698862,2.0
445.73931586150746,201.22960012128422,6.091938568005174,0.8940475941561935,0.19298584041423736,2.0
246.59048970231845,-469.7833345191039,6.549115729665333,0.926455307884876,0.3288400732478531,0.0
-458.5632491166991,181.025097495447,5.537570813611621,0.8663188889508913,0.22566488792835546,2.0
-490.26365855160714,137.0402011312795,5.473220111481362,0.8540227577396912,0.21676765981871723,2.0
-139.04839758466676,483.572424008343,5.4614157390903575,0.8537726943973317,0.22953304410733885,2.0
-250.18507055237433,458.14384730842426,5.3953462131056185,0.9220644751737247,0.3770087931478459,0.0
-283.34207075921324,-496.2359655981803,5.363747205121738,0.9638552510861116,0.6944018951385079,0.0
98.33868837057385,450.82928639526864,5.85954691638604,0.9063217829263103,0.3057910611056308,2.0
471.1220118750543,81.73914962353882,4.808362313654473,0.8329834317577828,0.17164521898918303,2.0
-497.6849769490721,46.33000089821582,5.609307093956867,0.9103252626566526,0.25364603850392714,2.0
-495.39241789957873,-70.9606926285538,5.7222279370883395,0.885354184940775,0.2648509030114201,2.0
211.72894291294503,487.06004420706495,7.10280521218223,0.8903344103324881,0.2172655297735199,2.0
-0.971675086112137,515.5311502565098,7.000239714915401,0.9100867590714028,0.24419415821212756,2.0
562.0470151315568,39.36578136929015,5.674170022250304,0.9741341570208965,0.6132626477620141,0.0
-430.68679379185886,316.1183032138326,6.849854493786427,0.9351600167090955,0.4000076918075331,0.0
403.20594997853874,375.55294907284656,6.895837941071584,0.9351243087887467,0.3908330044591566,0.0
482.27010817050035,-137.60678476410263,5.440633200862543,0.8861682372008566,0.18965107453650393,2.0
461.4535071739405,9.302910032409283,5.384178879881742,0.9116945522815474,0.29694091153463,2.0
210.59500912956688,-365.5754987627438,6.8512728782383485,0.933978246617787,0.2308335803808216,2.0
-490.6630399795524,118.33555796914854,6.440244563054317,0.9234701582107334,0.3336020372797281,0.0
-522.1517305005389,-14.40163367285382,7.16607250762078,0.9319060494054642,0.31293152261590546,2.0
534.6045636525041,-7.94470214546549,6.961090272732092,0.8973473801646287,0.22479900258111535,2.0
-447.9650960056712,-350.7362807400072,4.504814375461687,0.9515071399077603,0.5173931651534718,0.0
-53.87976006216848,-470.4857406987333,6.94673697592785,0.9094359891114807,0.2427899033756909,2.0
498.8426410879342,-118.51642226668724,6.403694069186631,0.8844971132830142,0.20670578675886378,2.0
-510.529618398239,133.30807599297054,7.8391872320539,0.8753733283563474,0.14594606248528003,2.0
482.861947989424,-229.6908863308675,5.577587031068433,0.9034499544431617,0.3095431043387777,2.0
193.45526151501141,519.120501004654,6.316156768123894,0.9318362134121831,0.39970802491517204,0.0
3.4615640424942407,498.59070950849474,4.328127163045106,0.8349266382651724,0.17750492064683074,2.0
12.024834361224672,-510.3378257583182,7.550710976929026,0.9245153700267968,0.19489369565291867,2.0
-494.10060522647467,36.53384730444414,5.579077547673456,0.895195031092176,0.26185574748997087,2.0
75.32543419037883,-486.9586169896152,6.599754660730236,0.8645155318446308,0.1703362636206652,2.0
381.8771382725007,439.81183541673266,6.912393330366373,0.9828761889698056,0.7181799197508147,0.0
-122.39103681342166,-486.13017172734897,6.393349755165306,0.8948725931652033,0.19129010345692113,2.0
-469.01185817793674,-0.06987269958939545,5.825199268522668,0.8922212000027953,0.21439236990473037,2.0
-409.4301088186098,310.4161775485014,7.046451122188192,0.895551068757134,0.1979795315361126,2.0
99.58921076809808,499.7580873978095,6.957415016516218,0.8882381530952875,0.19990069016223186,2.0
-56.95235415322318,-450.5179000800229,4.255974119716134,0.839627664334435,0.18192681152459275,2.0
141.58618692189876,484.2808023889993,5.127456882060625,0.8376831433309422,0.19740670397793064,2.0
-378.0337963641939,159.01880976541847,5.00400587345253,0.8720752185553386,0.2639812277268642,2.0
1.5718228931335028,-490.258346985049,4.841995659287489,0.8525035187109652,0.21065363318186647,2.0
-447.9934363675908,-98.93649883817902,5.348680686856547,0.9094128213583599,0.2344658900293039,2.0
330.10985926391106,385.46780037356643,6.671754892745162,0.9158009052618652,0.3030426441421954,2.0
478.54307025249096,-44.662875073920425,5.788409838033126,0.8760996373515966,0.2500056138735182,2.0
121.13847056593393,436.9965443648378,5.3753784385573375,0.9068163634324403,0.2425514317442379,2.0
356.24856130293495,325.9769062442284,5.147755920321607,0.8418590413755282,0.19922381347874185,2.0
-410.02543407016486,256.391021563151,7.029178676283977,0.9064198837087153,0.25206913085868965,2.0
-344.52280966389225,-384.07544035148624,5.091561869453933,0.9592601075670707,0.5834281354704773,0.0
434.34608694666025,-206.27483731119742,5.515045278317489,0.857961742230691,0.21675922676867715,2.0
13.504720367835263,432.3255524922019,5.897643080536915,0.8822216507697462,0.2592572626968793,2.0
463.7629998434489,-117.34869266900584,5.555241128062091,0.8884033793020564,0.27955698785154054,2.0
232.01529641814727,-515.6905255905434,5.218303782391761,0.9240391683039311,0.4441665808389426,0.0
-409.77971867734874,333.6015704586131,5.8355201474894205,0.8350560271344374,0.18625003171361415,2.0
454.374360213701,195.1607186849634,5.212157916040569,0.9219461263920339,0.2716860950565648,2.0
422.14738131302045,-224.29181567701465,6.055806351103583,0.8756803224235266,0.14821536734685511,2.0
29.939152255163453,-491.42132801102366,5.749038752258395,0.912751251874218,0.25298385230777976,2.0
99.04478631038316,-553.5851830806438,7.052814255885903,0.9800937948264253,0.638905518301702,0.0
-570.5429809467629,24.046250951875017,5.147666889437441,0.9683319634497592,0.6564923624811987,0.0
-293.72658717072756,403.468428334133,6.913874818554667,0.9015702009184239,0.20877092682723175,2.0
405.2188253050016,402.1960181152764,5.787758350621506,0.9532729892313644,0.5273545815532646,0.0
563.1280972467636,-101.14789551757545,5.609936213896546,0.9601629415319339,0.6416777308178467,0.0
410.1423646272588,-341.97942015981357,5.709721963897115,0.9134504508037283,0.2703440911240169,2.0
-423.30822871270937,-204.0906664710348,5.394657282535427,0.9242060926475211,0.2771332031719406,2.0
-331.8978340140466,409.71642032930356,6.3983321649568605,0.9083797043577596,0.22314427737910633,2.0
-131.83945314709658,-465.0749029547916,5.57292822180478,0.8657184411520271,0.2304206914511612,2.0
-414.665249903733,-356.5043505563226,5.004900820403343,0.8810015701465428,0.25374420638502637,2.0
-409.57319031971673,-332.9720075791372,7.098972405611528,0.9383355140409195,0.34050588128527665,0.0
513.5761867771693,128.80400118621574,4.828458217451373,0.8959461925644857,0.3032423562491716,2.0
-169.60452056587752,-431.23552978540795,7.029585623649597,0.915903903332036,0.31885628806041816,0.0
-456.43735816467876,271.3802101625855,6.251176968683502,0.9205138907631127,0.28086672132953294,2.0
-97.00155175465852,-501.9866072568041,6.416117954290425,0.8739093818624888,0.14082336510907895,2.0
342.78822109550345,334.13265674105224,6.202408309838081,0.8953253931048251,0.215058810085468,2.0
-488.6784906442414,-18.301230403645828,5.065026569483974,0.9156838652967162,0.24691067456044583,2.0
-11.47045953793885,510.3380954165233,6.212987653737293,0.8943091260997819,0.32450794791130644,0.0
292.7087875016017,-415.36355913542775,6.008863236269572,0.8829208719318139,0.2581481085279957,2.0
-415.9166438787807,288.2976439535275,6.173057238049366,0.887201774707198,0.3710739118248111,0.0
214.5538911119379,262.5116664229627,4.379652743769999,0.8358597997044904,0.17512075593407372,2.0
-508.33791060007974,62.33380137991821,5.559678398436933,0.9149239277539706,0.29228616219435866,2.0
276.8503789490693,-445.6643438038855,6.99291592327551,0.8798708117424133,0.25552066008070373,2.0
-254.19335976935068,-467.01979658491985,6.933210944634572,0.9196555640672025,0.3058168518195868,2.0
268.07771980720315,-291.0948562154315,4.262323303091182,0.8354694808885123,0.1882001072348834,2.0
44.58235421745865,-465.12862626819907,5.450375681276792,0.9230552349705714,0.3305750912925465,0.0
335.08792477945394,-454.90444508754234,7.564275333328389,0.9577668122006776,0.4706761007614988,0.0
236.55907171224223,477.0890224056665,4.156482784409812,0.8389954453562143,0.18450829435727542,2.0
356.35567327395023,-376.0280652644328,5.8651641315736684,0.9014950435057661,0.29809947328363956,2.0
-364.43840281267853,-390.2690870277366,5.452428351045617,0.8863431931855698,0.3720154070526786,0.0
-470.7378414884756,67.25016382427877,4.867888215709598,0.835781162599045,0.18655514608299772,2.0
-3.4990456642581442,503.74030060376174,5.635081783512905,0.92103400319437,0.2973825572334895,2.0
-492.6747050245493,181.63145248243939,6.067937984008349,0.8729194925717068,0.24508927879066508,2.0
-118.13770534862424,-506.34753536805624,5.892669058796536,0.9042953292841628,0.3140310416459751,2.0
360.6740017269077,397.8593552138979,6.5631455290573655,0.8781210193482935,0.25739625220772233,2.0
-410.2479581352762,322.3976919052568,6.433290547302223,0.9259478481129235,0.4509325395030898,0.0
-460.4925532027642,138.89746617155822,5.747332345653383,0.9223926321065062,0.2855067603313837,2.0
243.88809629140445,434.30541402706535,5.483729209093016,0.8640955103490172,0.23384939823489156,2.0
-25.64716422590062,448.49021051932124,5.477147232112503,0.8290500166526643,0.1787795857524083,2.0
433.5551454247785,-328.0941402653363,5.009540717365705,0.9174439686788155,0.44506694643675515,0.0
70.64260042319658,-540.3306588780424,5.809673253151525,0.9266251960252277,0.3607926390221202,0.0
191.3014708816256,530.8055436679234,6.841874230162252,0.9440565752503443,0.501952986083944,0.0
-62.21191992844368,-502.6110118580252,5.684645869437041,0.9074328176720977,0.3170540771039826,0.0
-171.12676938506416,-518.1133921102605,6.25401542356803,0.9420929028650191,0.35141260332305313,0.0
240.82238727257362,-430.62694921928517,6.156925155445336,0.9026947686507993,0.24143640422580132,2.0
-217.18576561934557,469.9485872613877,7.024811128333895,0.9041367018086736,0.21841499539677026,2.0
-483.08509176279716,109.20641942282025,5.555866466568555,0.8810951969852533,0.2142463908888681,2.0
161.25549927643516,-469.0805927580825,6.972670651999834,0.8870623540517476,0.18466726893137503,2.0
568.4687847740807,19.13115124410952,6.990392465341244,0.988373120009736,0.7135067986484013,0.0
182.72236221146196,-443.43629672992296,5.651150100006072,0.8963667266037202,0.19485987560023416,2.0
-395.1978161104385,357.8366047159247,5.327176553199051,0.9032003902387871,0.4032376693126577,0.0
498.7496267224736,-162.1857537550373,5.740136902934098,0.8771718185171881,0.3310306546235976,0.0
394.69177103542853,-398.5566823856406,5.67770402355071,0.9128267623040258,0.4180970905530197,0.0
-307.0549954032704,-379.60521393848484,4.9100607903701485,0.8188109305546847,0.15719878109805577,2.0
468.463669910865,-198.2423637910291,4.741821634081446,0.920208885924879,0.2694740463761363,2.0
71.2361791686735,-476.6423182650066,6.388584386330364,0.879701318634098,0.1828065030916689,2.0
555.2057820236571,20.951231178482402,6.540461036884599,0.9214911769494314,0.32102538664426156,0.0
-229.92167195397758,-528.4870456981317,6.682742196826835,0.9830461064675587,0.7877158325810658,0.0
541.7538810098877,-17.987666399134234,6.944952521242903,0.9014196585869533,0.21456139081826786,2.0
258.2737530436731,-474.96512005383715,5.054342033393112,0.8973336104808047,0.39330520531458646,0.0
144.5448651163893,-524.1379467081033,5.202683243349476,0.8570980292953796,0.2145246970870295,2.0
448.22372791972083,283.814316796075,5.849820942122981,0.9183649594929558,0.30606181284557155,2.0
-30.601161864147272,-566.7470771600023,6.55933944895947,0.9914451337778443,0.8921597881987368,0.0
540.1722823156803,2.318451161706499,6.195221810985898,0.9016697514333374,0.31103625298002424,2.0
239.72970465760702,522.2838739168128,7.306865644069202,0.9843310711718075,0.6717054719717686,0.0
-219.48209979181874,428.6138775399336,6.680349098398217,0.8680464517602252,0.16938282287910247,2.0
453.7068222672595,107.90544321536743,5.452160858660263,0.9010377956862016,0.21308029001093706,2.0
412.1098386534534,-224.4135749095581,5.1742545252286325,0.8813157989658623,0.25366877448107406,2.0
470.3125895100008,155.3663986009479,5.806831972561825,0.9120473555706001,0.321253532602224,0.0
-400.4297910490717,-307.22296213037237,6.4532140917664975,0.8918576642642719,0.19142246951107061,2.0
-447.3802631918002,228.2312764535495,6.74018288418633,0.9167651657087313,0.31051847029620017,2.0
507.61980446902965,101.79221969270654,6.188647279744428,0.9178904965810057,0.2626734289828341,2.0
-182.06990700975248,-495.41349195272574,6.208217378628546,0.903413106999599,0.3145726625905424,2.0
-315.78399191160975,-383.3577072941378,6.204319054387692,0.8710278233501044,0.15281094613376575,2.0
547.6442598157074,-108.95467051857807,7.338467943321332,0.9236533169005303,0.36220998018139927,0.0
-512.1941027016823,-82.43840134538209,6.891764571773573,0.9383986085426176,0.3275163023232019,0.0
-212.68192897664937,-408.0156206109997,4.915091629764885,0.908840368805522,0.2866653202446817,2.0
109.38245506630736,479.031281166123,5.655251281536539,0.9125363529514786,0.31342122577093495,2.0
-514.2393409200437,-217.779568152636,6.576576523469918,0.9329129682499376,0.40781332478585663,0.0
522.3689053854446,-213.8507025433552,4.877632671234516,0.9407222274494188,0.5049691024072889,0.0
-437.89486781145064,-265.53889473714634,6.255002201638042,0.9071865872159791,0.3146260410879558,2.0
493.7363138298207,193.105989366474,7.139244214814297,0.9335972572070773,0.2889738834499851,2.0
-247.74716368524884,-458.15415636256455,5.181324357238365,0.8460290730891298,0.1909638301292439,2.0
-140.35551767015232,523.6638356663034,6.384014165965774,0.9296328732083045,0.3735434923892815,0.0
-462.92178543043116,115.96158782883441,5.536809986331523,0.8098038709763072,0.13591280452270116,2.0
425.9327353328341,-270.85772932869526,7.2302452426023835,0.9174803905063549,0.290118221198853,2.0
-293.0307432244664,380.87047418486134,4.369880686915597,0.8161444014298459,0.18987747651952075,2.0
308.230512429374,-359.848849407461,6.069747940398613,0.8776226717309401,0.16711555408760326,2.0
462.77644856569685,-287.29627346632236,6.623716739381916,0.9150579335000064,0.2772665285153607,2.0
-524.3474885176389,-80.82757034810491,5.948980487203131,0.8913202048422072,0.29769648379575714,2.0
-343.00032269988293,-373.02358704280056,6.191529245787168,0.8968028368756814,0.3679833975073314,0.0
-467.50975840292307,-312.22293787819245,7.19270996707618,0.9439847890308175,0.36278161348540455,0.0
45.777522020204664,533.1448303425593,6.385184293817763,0.8879424706243575,0.30072354238311577,2.0
-233.57159264164537,-482.80097998078355,5.529351896593276,0.9171304196253519,0.2794293341394624,2.0
312.51782684015745,-481.8184422545336,4.961808788202191,0.9799172132190466,0.778317197162285,0.0
338.2355332967812,392.24780931802803,5.054031091289616,0.8521151870587292,0.1986032224888379,2.0
319.0503507086065,-383.06734474229006,4.575417792031938,0.8390493569480233,0.1852630030646513,2.0
468.5692120901406,302.798911788275,5.103860974619301,0.8723155914074194,0.34972064993734636,0.0
-318.36788457931175,455.0170929092394,4.630875951088846,0.8759948616447392,0.46710352208718026,0.0
559.6300338490489,126.0428674570169,7.411987537085231,0.9823926344972774,0.724667995941259,0.0
299.97919130778445,375.97573777142907,4.518527034212616,0.8327408577414086,0.18343257370516589,2.0
367.3630291975681,263.5365376064563,5.0171400009397855,0.84699175513204,0.19592702375154236,2.0
-241.4813846374811,-478.76738648998776,4.692496854556968,0.877655790987239,0.2692474055318388,2.0
542.3482469081741,-180.39288020760787,6.48478662361932,0.976268912454517,0.6414926894661821,0.0
460.86015485880887,-193.24495714778112,4.8469359462939074,0.8561960197518067,0.23821003252190612,2.0
-88.449294694383,526.0803774345328,6.412081631644664,0.8957941996691133,0.35748441329424674,0.0
570.9990969593686,-2.637459118738076,6.3155111062649185,0.9561426931617909,0.5412673417180406,0.0
-509.36319990273586,72.59730436715016,5.720608363048728,0.9105395458910694,0.2307380029937202,2.0
-162.71344252493472,-488.9130457162229,6.298282434229548,0.9515838080503043,0.48678878934190273,0.0
-484.72222360726914,-194.613910406284,7.599607573582,0.9234304575860405,0.25753424680435283,2.0
-493.1944896191186,-132.54285762772915,5.792095493427279,0.924210129847195,0.2801325906985763,2.0
264.88402775389267,-307.99261971548253,4.873194691116601,0.8399016074319673,0.19002361300570203,2.0
395.0853959254764,-326.96363516064594,7.14119167736488,0.92523026705339,0.25613577501479323,2.0
-185.81255380489196,460.17029232906935,6.863406208804392,0.9142980565305523,0.26240076876733526,2.0
-404.1261988636259,289.63550788178986,7.13246946987845,0.9148093351025987,0.2458121715812043,2.0
478.5323860937671,225.15163140039266,4.522833665955469,0.8401323299526406,0.18966475280397668,2.0
-383.5578041941917,240.8872097948672,5.918092107345977,0.8921786339555541,0.2276105698290329,2.0
327.7579587286364,-1.6594517422185102,4.9726985663081775,0.8742381168936298,0.2583368266123555,2.0
-530.7871904040849,176.9888161250541,6.331485642518332,0.9353316162891542,0.48898135055182446,0.0
-106.07510413990472,-542.5640465054944,6.336913009710428,0.9476575056014844,0.5116300260237915,0.0
10.986109521488855,518.6676888846355,6.453454548083673,0.9177677114811469,0.25652653646560947,2.0
-83.01568320505784,-452.5817951773648,5.477710880327853,0.8812452271828161,0.2812035154172553,2.0
-341.39490694996937,317.4508283190405,6.838079513747481,0.8870025949863085,0.1726718735484869,2.0
-40.62797065166312,-521.2167239858682,7.493977178497593,0.9044058144517683,0.24608479188188936,2.0
-389.7480294676388,-266.8888415943417,6.080051526242428,0.9260211835091792,0.31425378573328805,2.0
283.13155024476583,449.3072127861259,6.090626717658993,0.9227328882754332,0.449263411024799,0.0
-4.8668436990913975,89.92643038699372,4.5219383234955774,0.8568263537922097,0.24399070788304347,2.0
490.4386487689622,32.02906109411648,6.688587564834725,0.9344696148907808,0.31564704261301013,2.0
419.28030158666365,230.08967417745544,5.351100532297505,0.856543866012678,0.20705000808148036,2.0
-185.3872637984313,-477.86835649764384,6.170720229222959,0.8930901858413497,0.2838545321526042,2.0
382.4262227892157,-328.76798202713564,6.920937393976938,0.9298984095839701,0.2245872686998944,2.0
-480.44097038285764,140.42226440420228,6.104062293538902,0.9042173475039876,0.31301179685706587,2.0
470.1748269425393,-319.9065040260773,6.410031778984281,0.9777726392307344,0.6991066184789633,0.0
-421.40230742685605,-339.68399936274585,7.696054616472098,0.9170642316723544,0.2558868831040285,2.0
-211.9938277275447,-463.71592171249154,6.604789561992688,0.8871238546896303,0.1687932987688039,2.0
-223.87817768888607,417.5635324204101,6.86323435474356,0.9262453072883241,0.30583204350420873,2.0
-503.90365182209956,-129.6106552453702,6.333352248721387,0.8945848573255605,0.21671552944788475,2.0
261.46453882487623,-409.4519416021546,4.2999075741109865,0.8407293771012172,0.18651617775055782,2.0
525.1157619427363,112.72548558539992,7.338764579660809,0.949691524574107,0.3018466680498629,2.0
-107.34111757598045,-528.7415281007466,6.7686419809644836,0.9393211763897394,0.4495580903557019,0.0
378.55358340801666,359.4145382962153,5.2374751231558,0.9193608063651587,0.30341139074080026,2.0
521.8772991141433,8.734755660085193,5.12868223338063,0.8520173592068141,0.21210633557316144,2.0
507.79037802604836,-126.51944979033968,6.637724437410854,0.9030093442783372,0.2147597713492083,2.0
-283.717297306379,418.4039497017419,6.898766931511131,0.9055660742745537,0.2143204173310818,2.0
-363.94759199635894,366.30230213265986,5.250525318749679,0.8844435993627767,0.4788980314437138,0.0
55.483870655524534,-492.9968796177585,5.301132041671604,0.8571661096560793,0.32603490620778375,0.0
533.3513354254386,-48.16236234283463,7.374265795006736,0.8940972803783264,0.19200015043423013,2.0
365.7209900549611,-411.7627570128159,5.260623144771063,0.8811386294433992,0.31114828330189787,2.0
-437.9542678781967,-277.2692835593055,6.308746120845795,0.9017286097730723,0.294779856406639,2.0
-335.5405503843876,429.3522388659287,6.192955571838225,0.937238226332746,0.5529224831759545,0.0
-457.62452003300064,-253.31695994413403,6.478891298790995,0.8953334217907137,0.2069489187272285,2.0
-338.2558325610167,378.9395105141655,6.567888296759857,0.8746782109916424,0.20663369865500555,2.0
-511.6782122770431,111.16619442831183,5.476424024046443,0.9079991471009693,0.3266170260612357,0.0
-477.7827793568313,-254.2876842767073,5.631806673622562,0.9247059698949389,0.36787250986759157,0.0
-398.3074735266759,-222.22430397009603,4.884840831532795,0.8836524775198312,0.2649063812185888,2.0
143.08329570762305,540.0272704005868,4.933539493534919,0.926619367815551,0.4798751514672536,0.0
-347.8607969198774,372.9302458117877,7.053125256966994,0.8803345866426885,0.2589140074349485,2.0
2.2819492348120485,-516.8425504632047,5.344690373877513,0.9212456068320732,0.31520582323198365,2.0
513.6261068454531,-94.18100771810232,4.2308764098749725,0.8601464666570048,0.2170411829737686,2.0
-495.2708853905194,204.18030282645083,5.292156674622157,0.8903773279187215,0.2732170180961601,2.0
-40.544572008782424,-557.9409738625237,5.8651793942705615,0.9401109821512575,0.45239600826516035,0.0
306.652498115246,472.1683894113497,7.5062592941823,0.9473389423618962,0.3675115635580382,0.0
-477.77540395195194,-185.57922230669055,5.188523763394917,0.847899258437307,0.20014973225617616,2.0
-468.94165854341753,-36.04743282495065,4.763656488401639,0.8441373782615045,0.19671592032154475,2.0
317.9198823453615,-430.1736275564014,5.376343829838345,0.8703075764960673,0.2360806734658091,2.0
-431.07023637287705,-381.1949206515959,6.0668841739823405,0.984537868291804,0.7913648181832338,0.0
360.8673425811115,-428.56735087739867,5.072414816532309,0.9712309861165358,0.5490497036824187,0.0
267.4204479272145,398.16079950339554,5.102688000723911,0.8922298513277666,0.19742744053602987,2.0
-264.90598721286904,407.04616584502224,5.9217735887353875,0.894540831416497,0.21816114265741396,2.0
454.4692554164483,184.19047622542956,6.21892079403253,0.9307018495944411,0.30112939350166124,2.0
77.2912801014391,556.2009129217902,6.961686485290388,0.9330172535767561,0.38170030547231565,0.0
272.6045492992343,453.57241913110096,6.626989784291917,0.9162758169561929,0.2624898788267532,2.0
-208.20615313242513,-426.3804727192917,6.903175491038827,0.9205830254257863,0.28097382355082107,2.0
83.15893235605648,532.9392464637506,5.930751751531002,0.9244176836337116,0.2852003318710771,2.0
229.81233243767502,538.0958718446698,6.48796062220021,0.9862167655819518,0.808880394070777,0.0
-426.99640264833806,-291.2622408898737,5.035892040959312,0.8397951661889763,0.1839814696118614,2.0
-286.32754105180516,-436.44399918427837,6.90025828111226,0.9299695822046723,0.40785688534080244,0.0
312.59939659559717,-414.0061212034136,4.691372332911542,0.7945233319208964,0.12330392168882241,2.0
389.2841140775945,420.05075653908045,6.322216244874535,0.9487002713181651,0.5101510708357306,0.0
542.6361659948883,163.5446012434697,6.189074231040385,0.947132647844818,0.5129001789248123,0.0
504.7791860165363,187.41221321287574,6.098792032464033,0.9027154530599487,0.21579885934463072,2.0
111.0026476594106,-517.7933955697773,6.412513166408312,0.9036440374450414,0.21368962720398638,2.0
-494.81698870974003,-245.55701554576865,6.448546493990908,0.9175453085512595,0.34231437470455645,0.0
-392.56150213896734,290.8413349736565,5.708898565428417,0.9103048422021492,0.30986954267215133,2.0
-557.2014838178465,-103.81704204338133,4.81573006180522,0.9050071293626042,0.4083993062228692,0.0
-360.45989959970535,-363.8557435246456,5.939796295669251,0.8810194228291517,0.1680202659578625,2.0
-403.6752008313195,378.578110804733,6.4133262118890535,0.9694372909601098,0.6599371520519,0.0
-450.89053980344033,-168.76478945252103,5.407038733459436,0.8611104472166383,0.22550034281921888,2.0
469.4914212472946,-278.1398538527217,6.228990814984115,0.9027127706350974,0.316303758339019,2.0
-51.19486811509676,511.2465954900245,6.121729971369974,0.8934569313464138,0.21343521261922033,2.0
-214.61177881090364,-417.186377110267,5.100468135907197,0.896242021832565,0.20076849361082838,2.0
-180.9764859239114,518.2631086649882,6.466609708882202,0.9222645817784272,0.323767063678049,0.0
346.252943153726,-447.50695665017383,7.066597135880144,0.9509658245635995,0.502790454240941,0.0
-516.8502059575056,21.100813005015194,6.3411472304915035,0.8845014493375749,0.1676951875417623,2.0
-46.639628314308624,500.47271015387645,5.910826171078189,0.9137563826519302,0.26336951388967567,2.0
-180.76290091205075,-467.057325944988,7.2165472975091935,0.9122807173264661,0.15603140150125314,2.0
329.8373640184545,399.06360395629605,7.034196225190231,0.9366126445432101,0.2843052710360346,2.0
355.0154797785772,448.45522543812524,6.334023687824689,0.9676104012141079,0.6537724369288711,0.0
-511.2679847921001,2.60072134543256,6.420654762004605,0.868361941400961,0.13045630530239505,2.0
-422.91563904412277,-299.4764838627051,5.706101988712846,0.9154603711122729,0.34427099479635515,0.0
487.4785820865297,-89.29152446417605,5.543224108843277,0.9057226735578868,0.23576319818271546,2.0
152.54955529898598,525.1613021415961,5.3674212733948545,0.8977252438166397,0.3007165715917985,2.0
-255.68881198529172,434.3590832044437,6.68511255433407,0.9331783751031887,0.2737461160822822,2.0
487.1831211615573,-99.66293678349072,6.128607642563626,0.8890616888113495,0.27329789281696987,2.0
-184.66505574312163,529.8474379349535,6.3493213096227565,0.9714632332492654,0.5328293159020215,0.0
50.77503607674443,-471.7103366483671,4.492615503974431,0.8684030677128972,0.23028105252947598,2.0
-182.25022617675953,-519.7903232409753,6.342953726546442,0.9135247366913599,0.26620366172903365,2.0
339.08163821257574,344.1111923218438,5.277305836475353,0.9163827969213189,0.3234740780398378,0.0
512.7896013641101,51.92300252303475,6.615210020082531,0.8894112221495174,0.285033336180707,2.0
236.41085122735265,492.9301033858407,4.918510287233806,0.8967701382295665,0.3219947145073277,0.0
179.63508563176683,-476.3515957445528,6.318697652499059,0.9013809760068846,0.24067753329099725,2.0
-519.3341690502879,87.38548563638795,5.277833221712467,0.9105441798264148,0.30503589071688164,2.0
215.26368818700288,447.3409724408007,5.317656065593258,0.8430598457687615,0.21175104639033274,2.0
482.2442164642333,-186.79092371276113,7.319457608398536,0.9176450588007605,0.17984777085549394,2.0
438.9696922368323,-197.56524481934153,5.500653042566097,0.911543169273546,0.23894486069865636,2.0
511.566526199397,21.586466591484474,6.925243901991181,0.9114442180391319,0.25866428882835435,2.0
-404.6850717752764,246.2234547926845,5.992480666063538,0.8501478895529059,0.1994991273957817,2.0
285.2280710579634,438.06625481005545,6.821697343186334,0.9183054425406372,0.25324102894303985,2.0
-182.39338919996453,429.01079048699506,5.591365832689859,0.9247225124542218,0.2825691332383677,2.0
527.9236418281864,-79.77928440622526,5.731935058337303,0.8674659046177122,0.2283331541559057,2.0
563.5890201349451,-26.968030820116006,8.283121872325992,0.9455416984485467,0.4175414496302775,0.0
-283.253667484279,407.26429841376057,5.731300281931042,0.8866716433193985,0.2745137850985547,2.0
-14.83809636903735,-504.82081476857405,5.15929346424241,0.9044385327721762,0.40683665706447086,0.0
42.35363653409561,-475.5450303671989,5.658735438609831,0.8921470743654611,0.31260843812190164,2.0
464.855924275953,-177.61067263773688,5.9649764807542995,0.8313699146947933,0.1738015640687871,2.0
512.9574381463598,73.78190476776906,6.869446637090021,0.9231233483162044,0.2763196809207064,2.0
404.3244064065017,167.0136828194965,5.751020535334813,0.8673343771122962,0.16567349941044604,2.0
-278.01026610368064,373.69683502816713,5.688358553641144,0.8889960316146631,0.20354361711241298,2.0
528.961978378178,-37.484604637155094,5.7889853463194045,0.8904638578119803,0.2933535180135207,2.0
-58.94773966890901,-548.9148383830352,5.722893310563475,0.948865974430798,0.5236970066232759,0.0
137.3053078397494,-532.0475446940501,7.0795102824171074,0.9344306820360563,0.40704666033150777,0.0
-163.19754415667035,482.8377310686957,6.822911270569221,0.9111617169165734,0.3314632573835983,0.0
93.22685594506845,-509.25899304709026,7.348048442820019,0.9183822088836388,0.27314802390919307,2.0
325.44233230359447,-388.7579338344766,5.079011466068338,0.8976278984358494,0.2881721407486784,2.0
315.99611071110263,-440.8924461552595,6.511887207865718,0.9230333711430374,0.35797286545698404,0.0
301.6105538661382,-484.6232942963009,4.66689697587617,0.9673215240956207,0.6516214093648557,0.0
13.805931170848872,32.96225920169631,5.977427544442986,0.8724506208515374,0.1530753914877249,2.0
-464.0541987527753,-279.56452845098715,4.84709514511707,0.8770823298031323,0.26230638417122315,2.0
494.38019232028154,172.44596290653809,5.8619555595128485,0.887493972196079,0.2748885064200313,2.0
-188.13530507710487,-429.6788392704365,5.26194820684102,0.8688970664276853,0.3080639438984786,2.0
500.7945504672254,-286.48302910875196,7.050268145946349,0.9847385436554863,0.7315234786281999,0.0
435.1445401313884,-113.39890759393784,5.955425818314292,0.8905168362006799,0.2740435079936347,2.0
-473.9984648175656,-131.06576002339463,5.41186819710525,0.9111848527902802,0.31009333545060364,2.0
-508.0004189453401,-71.74858961765318,5.85370665690704,0.8770666038203241,0.2456604096891967,2.0
-189.4988649472302,-458.34126323369696,6.369627862648431,0.9027317635226642,0.21100749995755078,2.0
497.01433678210554,-214.96986930442938,7.6257438608317525,0.9242068674701989,0.3688990077911331,0.0
129.40341138967804,-469.7962057332854,5.6196364679096815,0.8867406856052884,0.2686321134255867,2.0
-381.4951790710148,339.3051960043151,5.8915217668063224,0.8594703549148252,0.2946162683152245,2.0
-424.39304382773656,345.84905362689716,6.78675901922727,0.9275592101227708,0.2818995570195012,2.0
374.5886442885587,-365.4357654944023,5.8849533895230515,0.8986946011902739,0.20001269423393248,2.0
420.2989718581979,-343.4930890152625,5.3679227577204855,0.9174098751221682,0.3610433426999292,0.0
523.4772794145786,-28.27199521350931,6.184450534926425,0.9001848527112617,0.252681897323854,2.0
-416.712809932498,172.3888233033802,4.345434065286047,0.8372332103680384,0.2003293222579503,2.0
-247.30298882330246,441.8842247663954,5.826856055233403,0.8913349262682576,0.2789300198041958,2.0
-520.2346902057174,180.41406689721123,5.461213569099092,0.973368252350987,0.673478459200608,0.0
-297.1238615125316,445.92936623065,6.369047266518022,0.9455709361686634,0.5000647822427373,0.0
477.1643670139921,50.04496724380525,5.292697287259485,0.8237189908141314,0.15915792360984646,2.0
426.09967533272066,-91.76354090740567,5.623152723403087,0.8983563214647348,0.25102015162346053,2.0
320.4116214859768,346.4115110045711,5.207719406170765,0.8263702813229965,0.16067856791630938,2.0
505.4751008905983,2.386245706872647,6.503157638062021,0.8915931741376815,0.18575159982287182,2.0
527.4564176240943,146.10434898196704,6.325054004719016,0.9342049536599589,0.31919056138412805,0.0
361.35930616024416,373.07206190382743,5.719201176840929,0.8823927935542658,0.2685042122820164,2.0
539.9130570764547,-116.52715111799854,4.7612181093591985,0.8741861767534733,0.34889660673627226,0.0
-71.45532985239143,-503.9346206760031,5.049847883213626,0.9058919798094338,0.3186707846703332,0.0
-72.72277108414555,-557.2253744229555,3.8654262591629873,0.9040955100781596,0.40289361549579467,0.0
303.3753386743945,430.5175116757939,5.823721205285012,0.8902624491126766,0.2838195339866112,2.0
-209.7913397716143,-506.84459689949955,7.311139298675021,0.955618787128559,0.5592899962693458,0.0
-329.65119959609495,319.53590927813224,6.125478001302363,0.8975363444221934,0.2301909774243789,2.0
30.803797916565205,-525.7872948937413,6.784587759653402,0.9481966903068204,0.3958515402447401,0.0
521.6784231483766,67.51752790605529,4.955254991455671,0.828966627966801,0.16574127101444386,2.0
-452.3636033178946,250.9672104476388,5.438322464718058,0.9298309604868704,0.3027188477961189,2.0
522.8122835027704,-96.8701571288935,6.49724982604624,0.8980975206770669,0.19772549603057094,2.0
-293.5086119027058,425.63201802676633,6.347333166897736,0.9130086189069984,0.3322316492360266,0.0
-21.873708544404376,132.36106806966953,4.897434311448893,0.8191744828550299,0.1483348064431642,2.0
29.021419119116167,563.4539596517744,6.616062206051571,0.9742894415419195,0.6501685021122622,0.0
107.12913298463246,-476.44629441049193,6.318484439332326,0.9158507458936156,0.3009345655843392,2.0
-77.26448026907019,474.3434648152451,5.150254858108601,0.8837362256765695,0.27786906018027574,2.0
-100.63471965662997,-458.8383153989617,4.702976731205463,0.8805774545744826,0.27169912438058136,2.0
315.00178338056753,-365.961799573112,4.247168587202034,0.8634375444515593,0.23012747187952423,2.0
43.35875664106277,-511.12034564325177,4.684600838003578,0.8654522998652393,0.22890885424600868,2.0
-158.88758563721143,-455.23722570269223,6.10496819747259,0.8557184231764522,0.22037366426624502,2.0
-560.6829631702558,47.802169421369946,5.397684506136126,0.9397687619268503,0.485702358621846,0.0
-492.5269233995511,9.490295899729439,4.434566233835587,0.8184627773635241,0.1591139967093804,2.0
-80.27469046350535,557.6125588186474,7.233323149273839,0.9955792978510488,0.8789578603363156,0.0
417.496781873764,-262.1379426132767,5.383452250944606,0.9295129306990463,0.30031933984060444,2.0
209.49832552785716,470.7464131794602,6.22746008259034,0.8729848974952564,0.24037846082324404,2.0
-275.0933550149189,436.4720569666038,6.81863409000578,0.9065229062050748,0.23396673381856822,2.0
296.3969456945999,-388.27269133058024,4.320770061727442,0.862799435418634,0.2508253323514663,2.0
-519.9346046261825,-53.717565740859946,6.380689766121952,0.8608033508464442,0.2262157231334282,2.0
-233.59953192906465,-504.33831372524475,6.229539878272156,0.9337911662699976,0.30743978983747544,2.0
459.8478229060498,-211.32735283283102,4.856344997152219,0.8595734689974084,0.23816124758081494,2.0
-366.57882734606505,-331.7804193368161,5.8117753791322,0.9251874164635873,0.27268129889596116,2.0
348.8065670708479,278.39529078935203,4.354352250158125,0.8534841845192574,0.2135295900284202,2.0
171.79382922125328,-497.6416922849154,5.595197019866165,0.9107994492792421,0.28341538932569793,2.0
-76.21143983089787,-495.2833268746867,5.804248591929387,0.9244939822376433,0.31182622143402905,2.0
504.67595230026876,92.08224677866501,4.795438537305294,0.8811665939389796,0.2676022997244159,2.0
-54.82304487562909,523.7582933993167,7.793967182865605,0.9209187411649941,0.20624741342497332,2.0
466.5988237458064,234.8270554830267,5.587303571244696,0.9143980124188811,0.2812106330425998,2.0
-208.9589729495797,-495.1135481645306,4.827204525891484,0.9126483316125028,0.46929387464203526,0.0
147.36192285291727,515.2646975139209,7.092560839640812,0.907192755826626,0.31711416283769733,0.0
543.8511129524422,-53.88848757233199,6.213436001704095,0.9148994279666778,0.30265168368104334,2.0
382.6623982873281,379.75705817095763,5.8398988638966935,0.9099604912789693,0.2645223097651778,2.0
549.381157878176,-28.079744393206322,7.279325610132379,0.9077010398009939,0.23000777153381557,2.0
-527.9156707553022,82.10466841927023,5.4898549259426765,0.8591070712376946,0.23877843677712712,2.0
369.1907850593258,353.8915839346959,5.792619828335229,0.8925714890567799,0.3009747377296124,2.0
-524.8712604554352,-63.00891742832259,5.7397487801013956,0.902428189917233,0.2828626981289628,2.0
-469.09110893133726,-17.11918356795475,5.357095507065898,0.8653517030357707,0.2742442594727081,2.0
82.89826750644231,508.09600647857616,4.562961093677532,0.8676846984802788,0.23245593660810926,2.0
219.41084229721014,-507.76222793043627,4.673362434105844,0.9028523256018749,0.5090710543939515,0.0
-344.91017383259975,-411.9423294376391,4.200346438191668,0.8369177545664134,0.2036718797293447,2.0
-533.3288421455231,109.97451101873735,5.659192570733164,0.8726717151073404,0.23739456890016783,2.0
-372.40507692557554,-350.48397888190476,6.522983128592893,0.912682187407651,0.25675811529007,2.0
481.4422216425426,192.16708267011416,6.047862534569357,0.8965628691867839,0.20320886077170128,2.0
-255.53867574716892,384.7287549038309,5.193374219931583,0.9053525260479924,0.2533457885979611,2.0
391.85319725980736,-345.3344859063438,5.991082839362327,0.8819218682356336,0.15851480067835527,2.0
184.56359855870699,-383.83826211501724,5.1035556549983925,0.8724269949702661,0.24295506295766361,2.0
401.633048227275,-194.57325829325728,5.480440416299692,0.9010970927222655,0.2482171220453388,2.0
541.2947039947413,87.22635250223578,6.19899255894927,0.9430046924638873,0.3623707460888798,0.0
201.84725927375374,492.7283088500823,6.557916614943309,0.8720739888318264,0.16456516534026772,2.0
-438.3140578819989,219.8229111208809,5.694968100611419,0.9162672981751321,0.306281512377665,2.0
390.41411947033913,-335.9182847803923,4.645659120743651,0.8252094565312446,0.17108052885078692,2.0
-118.98536550598797,522.7560865344745,6.2543749868680205,0.9335288860033062,0.4289124235734984,0.0
419.84488583224817,239.70112381542654,5.460800095571336,0.9083399922377008,0.2833641727231425,2.0
19.75141192775188,-529.1935274519728,5.5886953035931874,0.92515067554934,0.3270810734203398,0.0
-35.43185006016264,539.3219713127492,5.768989508544658,0.9085761070248453,0.3256485155708936,0.0
201.22039266319413,398.8743555436354,4.2533800079869915,0.8243558442022856,0.15848223119331,2.0
534.1640132916099,182.61714208706164,4.570927220616659,0.9148237043637946,0.4319410540210244,0.0
-205.50061108860984,467.1058395681349,6.38559343420747,0.8968633533992614,0.19763778864876957,2.0
-509.0768761352836,13.263249385632063,5.89186528946117,0.8916949689982683,0.18314476984061345,2.0
73.51228664336911,-519.4257455880842,5.662261416746873,0.9122751456158198,0.33693564798893827,0.0
-386.22664802379023,348.9198559400031,6.392283618860374,0.8950267544732619,0.2881546319637781,2.0
-243.58965590096972,-488.09789632310316,5.986419925093386,0.9141851779205263,0.27642663094009795,2.0
-319.7277585058506,389.36051348883433,6.5753857547123244,0.934449466810227,0.25553320601592033,2.0
530.7980125248082,-162.91555930882387,6.3809353801918265,0.9081207667026309,0.41891505386846417,0.0
-109.00001004438242,505.3014326773433,6.456024478311417,0.8984352402067053,0.29120734719420405,2.0
-334.31049340691555,-379.17630791686315,5.913882630099742,0.8819725295661847,0.3593721197228063,0.0
-274.30893751757577,412.4281681185916,5.466143393910421,0.9161857939190313,0.2716922401920582,2.0
-147.10638674295137,427.4699247868027,4.438683464257774,0.8343977282468678,0.1797057638553454,2.0
-127.41637093785647,546.9508424974536,4.599696412447112,0.9782125267738977,0.770213050732778,0.0
-520.7990701552801,-172.92388341385148,7.418577963476475,0.966947484078222,0.39408217189454087,0.0
-534.9252519741323,-208.13744637662526,6.1064989414735615,0.9612775704949005,0.6906902189663963,0.0
-542.8279440403498,169.66782314197852,4.498233414724977,0.9510563932053098,0.6055357170422984,0.0
488.91613440380917,12.402883079549,5.380754244870656,0.8804232861440148,0.2777414938764785,2.0
423.7559185649324,-393.3538004425067,5.4264177594724,0.9670046563054269,0.6847445136963676,0.0
478.65961844076315,207.8940203499099,4.688529598080469,0.8367527035916835,0.1797817315391864,2.0
-191.9184997824221,425.1083527060821,5.830461335569021,0.9024450518558643,0.23331671971038517,2.0
446.0703195454875,254.98578245901965,5.762164141830717,0.8666193041214707,0.22968097535403667,2.0
-449.33969691908214,240.0864563992701,6.407491211286392,0.9233401841068337,0.2754579830156713,2.0
452.8341073605252,-247.8675335820113,5.73304612830367,0.9014164282454242,0.30303271536088705,2.0
365.3955606909678,-370.67885507142785,5.790123923421353,0.9099459129605676,0.23649737224499168,2.0
-277.73991635205493,-455.6241503088206,5.8609191869304,0.8931811407317839,0.3099236514400515,2.0
293.8906295017728,467.13841049210777,7.0172154714617205,0.9566850250207173,0.4587785133059849,0.0
-398.63357361190793,-271.7651301993053,5.4679759866651345,0.8825099950233821,0.16085102185590258,2.0
508.49568464373675,-262.3449109630041,7.698116005600842,0.9769428874261963,0.6275475644024472,0.0
-463.4430088517777,-53.76771036571876,5.142551619536301,0.8828815125202766,0.2820599041656741,2.0
-531.3347866349576,4.457351158112491,6.250659022183149,0.9568644811552123,0.4776606144683353,0.0
-436.0495566352347,295.71887181340014,5.585095011525745,0.8684297129827968,0.2329757225556982,2.0
-542.3828796464736,-150.78867387300312,6.237902589938042,0.9680057731729482,0.5928388871339463,0.0
450.9944016499728,117.39637088788383,5.629339538041067,0.9050366905494365,0.21895105812599963,2.0
-484.57362191043916,203.73045078572213,6.589463181914251,0.8871808105700645,0.17006582585544391,2.0
-273.28484092524195,381.18558182786535,4.612974188282092,0.8343082002787136,0.18179014118393633,2.0
152.34070508703203,-499.2309035678021,4.617161084204896,0.8410383486634094,0.2575333633990873,2.0
-538.5594685972435,-96.67138309382871,5.230453975737196,0.845862532595677,0.19075191432893887,2.0
-161.61223163641898,-515.2168757364138,4.68229569747991,0.8842717315396028,0.3717678234992497,0.0
258.79448034441765,469.8698764752575,6.516025314349888,0.8811195175144573,0.1750365403476779,2.0
206.4011197078805,-480.746696389636,6.025214824549107,0.894159564790965,0.2803042122675866,2.0
-33.18606488035605,-511.54536195279235,6.604078555412083,0.8949657062348728,0.2447943753862369,2.0
383.19215761891513,-350.5913470577169,5.253224744508195,0.9068029840628359,0.22177039889151004,2.0
228.58301396919111,473.3629858618711,5.42949365998143,0.9083104284263535,0.3505883845510411,0.0
511.44027404467636,156.2633209995406,5.638608769336021,0.832460833620489,0.16746733918222342,2.0
261.4037688083156,457.9374388024469,6.74555883670846,0.8726417580025883,0.14623490244640946,2.0
426.6996927049437,383.7986250450903,4.593978073735431,0.9565068927979147,0.6362623979862428,0.0
396.9526937552904,-316.04613730503615,5.3946428766411225,0.8963019069570269,0.29642946078775223,2.0
-387.73936981118175,308.70566921810945,5.956522486867505,0.9292800164035838,0.3030173386049273,2.0
-275.7064333477693,-487.207993369223,7.540764455821502,0.9684579635723453,0.5826614784948466,0.0
37.97592439074041,-496.93676816606927,5.027165341787633,0.912765333047823,0.24458355601171652,2.0
-301.57936867355824,-421.77161246078606,5.710800313857287,0.9133732756200656,0.26073420514535756,2.0
-241.56779529311183,-362.36334402658605,4.9562357910205925,0.908312683295437,0.26656865366697985,2.0
452.69779296259367,263.0122557376433,6.247762438753468,0.8555441943226394,0.20732364659495894,2.0
-149.17993686113297,-476.01841847079515,4.491369568630822,0.8837202422548425,0.26267038580634344,2.0
159.73662207286705,516.5223594914243,6.818293206591553,0.9280251505087118,0.36901906220497777,0.0
-366.86595032380535,358.1368871416456,5.014964402496418,0.8391818387744597,0.19085586542800131,2.0
-472.30259883268184,264.24647226354705,4.9525093305789,0.8840304742128853,0.28394192176419203,2.0
-386.92198764919704,331.00789642425025,5.983861688621757,0.8373524127413583,0.17920633368093306,2.0
414.87265962165225,403.8830441420808,4.8566823030934145,0.9547604815402913,0.5379671367279009,0.0
-541.1040195119284,71.39554225404709,5.373835680094262,0.8855152759316021,0.26631291501684046,2.0
-95.98535040930679,566.9097396361418,6.145806144536064,0.9884319570270215,0.8810766310209893,0.0
-471.45070311129604,76.09832752908643,5.307284877739268,0.8982637884424748,0.2923406895632703,2.0
-499.0602970175332,-226.72724379259537,6.139562222545957,0.9375975787041397,0.4048103197021488,0.0
-149.379384408893,-515.6435966476564,6.665300360911013,0.9373339576018163,0.3359317887693624,0.0
-449.32274415917567,279.8189188422601,5.974530574044394,0.9094750185059041,0.3171237688196716,0.0
-98.9503671488479,509.40548837088505,5.691668307540841,0.8949032604113536,0.39468906753505484,0.0
521.356550386265,-145.61431589495476,5.5366323277964336,0.9439116268808784,0.46242015038913703,0.0
-107.372627101545,541.1883084127346,5.938851433537588,0.9419553615554949,0.41957315323403177,0.0
400.126466195719,176.98465462481272,6.289348330170441,0.9142262386824417,0.2802037646663188,2.0
370.8677202196893,-419.4072293315324,5.527117159773948,0.9024675753031821,0.42785060213795634,0.0
145.81343913113778,-514.3298449763176,5.996815551595432,0.9034649417898872,0.21008190773701796,2.0
-270.8693500329454,-476.1923614874838,5.4575125702588725,0.908894127226445,0.4438491676317366,0.0
-457.9629296694564,-241.981457661409,6.340376846600331,0.9000272124420404,0.288006011932801,2.0
-45.07587640006926,-489.4904820084683,6.535706331013632,0.9169368554841183,0.27967720442390753,2.0
-17.00168874333391,556.3156394437813,5.65075243895671,0.94817725709171,0.4388588331345912,0.0
1.4936335898075448,562.527672009574,5.459538447697781,0.9836369722112202,0.7879770318715883,0.0
561.387672988177,58.51492901132172,5.038183495110462,0.9609844393984386,0.6302821712518698,0.0
-236.55025634319247,440.4506184490604,5.861061570823392,0.9061609817994574,0.21762507312959944,2.0
407.80087095495657,181.4941097701268,3.7679337376944346,0.8250167785217977,0.16507042043789802,2.0
127.02595839260943,408.3976373630883,5.501762766200541,0.9024079378267482,0.2690897597777255,2.0
461.55919445380005,190.14922450810082,4.247772188976534,0.8556579886424326,0.21358133023913808,2.0
-382.77689295338894,-396.7575803349758,5.489406485259765,0.9255367863627529,0.4517023800916291,0.0
60.74907702149419,-542.0904160258985,5.33443680205501,0.9043868473984065,0.4024837441025973,0.0
117.16210992205293,-506.76253590576994,7.529484281144257,0.9292104009931188,0.26638356818728415,2.0
-455.8720844062494,309.0140112095173,6.3767891956588665,0.9494670557636337,0.44615315748418094,0.0
-388.5446597192209,-113.54642717992333,4.914853565915061,0.7892286928157203,0.11244552376983133,2.0
-131.55334499427582,-533.7400962138439,8.004006217953973,0.9690558501965296,0.4951905804383297,0.0
454.1237844415477,-267.75099827199773,4.471246797198697,0.8851326552360778,0.30508675522597706,2.0
-79.27557954699644,505.9683645568401,4.906427581867033,0.8872914299583144,0.30791920143004964,2.0
-487.9999795270022,-49.40861379269506,5.81929988198216,0.8926615421951284,0.26269618234473596,2.0
511.4947258437432,-186.33723020003745,4.496236456653673,0.8461119740039511,0.3081899253255025,2.0
78.47626009013821,-469.075060039028,5.5985584129454455,0.8851366031961372,0.1801422232202083,2.0
531.9051940034024,-141.773647166556,5.572462794996669,0.9069183771562801,0.3224612161340197,0.0
110.45161473265811,-496.24959417212136,6.143136592633451,0.8781474012906372,0.29810351416056663,2.0
-491.9784744718656,158.58311608685403,6.312108266107158,0.9034599754878099,0.2885755376954433,2.0
52.39805307031403,-510.71639680847983,5.250560831263345,0.8964412939528623,0.21467715179007152,2.0
-518.2958060081932,-25.918477234161735,6.524830323002868,0.9042628738204613,0.2210710019052142,2.0
-349.33574022871795,-444.64085586677504,4.4074978138714584,0.9443476553220769,0.5122509981820013,0.0
-529.0723147965215,206.92113838537708,5.084653867970889,0.9784030770958475,0.7681341254744736,0.0
-481.1656273795868,-164.69381294782127,6.515150124169792,0.9363257703216386,0.3106285360100484,2.0
485.6999641851554,230.29455359133692,5.035892308680908,0.9032116722938713,0.2541246481812433,2.0
64.14030535950573,569.4355815406507,5.863372161185137,0.9745699859299309,0.6784266162585334,0.0
-557.5535028687099,-79.03791392089825,7.7269888734291134,0.96017158086539,0.44064085440492257,0.0
289.6941746552908,-432.52597148915333,5.242206283061615,0.8492338708556499,0.2069274960368935,2.0
403.35081381317053,304.2425862210898,6.28594084407561,0.885837222417081,0.18693062797230658,2.0
-280.8755890215871,502.23263544712086,8.156092387460843,0.9904730868178263,0.7762756901451615,0.0
206.91768253226397,-524.5414940599204,6.110565586998369,0.9653367040043493,0.6454508816896123,0.0
472.8857600283237,252.82867484725975,5.368268995492946,0.9227192215349931,0.29284249028549375,2.0
-442.0667785269864,210.37436772685524,5.574770125395131,0.9016033836418654,0.34861731402521545,0.0
268.2922643897257,-428.4839546649235,5.047687842791593,0.8310551073821512,0.16995033180524166,2.0
259.7279292424309,-431.0220719150846,5.071356148628662,0.8820603210255611,0.2952743770371039,2.0
-399.3987814924574,-280.83019640698365,4.775430148312042,0.9033284606730695,0.3102321995244185,2.0
464.42104185695763,245.6055928764133,6.374548295262823,0.8754464624931148,0.17603418215877806,2.0
538.3245838499884,139.42304895902384,7.411987537085231,0.9562604896741345,0.46358642125854405,0.0
-318.10677115744073,-411.0076606388564,7.152195068320309,0.9093089593534905,0.24020219188208902,2.0
-205.48286410502527,490.29436268505725,5.845541741485442,0.8997085597014883,0.29714536363097144,2.0
534.2263507245559,-70.8540439514899,6.576879054486277,0.9379526173333318,0.3251292447273891,0.0
-387.1367323960767,403.2330863058964,5.98785445808184,0.9820868766675209,0.7818753772122911,0.0
-110.69739873999085,515.8581906287325,5.4681548224039025,0.8928861073923797,0.383347465076242,0.0
-403.9986782423669,220.3387313875108,6.144885953450557,0.8911891357217109,0.2665595119114033,2.0
-522.8813892617042,114.41367154155289,6.987215974005689,0.9184169503830145,0.3485586533966147,0.0
-532.8286051419809,141.77313131419135,5.367257290403573,0.9442295105235944,0.6022058510620893,0.0
488.8582047308014,101.3128976488664,6.208995580623993,0.8667644406206573,0.13227381404018568,2.0
371.9083806156082,-327.8104465930695,4.945403612721142,0.8433490527052295,0.19362549327502637,2.0
-354.75231144418,416.49509536434806,5.510195653864176,0.9315182765186519,0.5314998509018378,0.0
-397.4740880971942,-333.3129913428652,5.371557855901674,0.8615377488529617,0.24849420350697968,2.0
-490.085109361014,-61.33204409248859,6.444967582492142,0.9069913542811336,0.2634853698998407,2.0
523.6516832652363,93.45338902348435,5.278147137403825,0.9087464865478622,0.22580795483858515,2.0
154.2560288561454,-490.2560252590168,6.199172872242113,0.8817750691987085,0.1812529093719404,2.0
550.9353053473224,-150.1448810236312,5.817444016090619,0.9818359221736386,0.7809065269371273,0.0
245.8316121640353,-487.45466559355043,5.312777372811507,0.9152850004960708,0.42593545278390593,0.0
568.344278345121,32.35975425149287,4.283744523300476,0.941440326820853,0.5864623479193423,0.0
246.68857918113395,473.45414680483526,7.744253494149029,0.9374330735174363,0.25053906713136703,2.0
-24.47021890872855,-503.5862341478532,5.886512473017706,0.9031953602721989,0.30895795033475176,2.0
-350.13254331922565,-363.7832044650123,5.382925891202812,0.8731773798300305,0.2524224372686815,2.0
498.1619990748875,104.41401044089203,5.0945395050406255,0.8472034400753737,0.19442005743966823,2.0
378.60348433017566,349.1408251867194,6.1318196446908555,0.8667123030891696,0.13118785233977864,2.0
449.9147659577356,-350.95400241660917,6.20122406930243,0.9659208693658451,0.572881390684398,0.0
218.8120678430123,477.39110173978924,6.896085421418831,0.8846587255617331,0.26330682148068774,2.0
491.50479789564406,-193.23165220858868,5.296749386007851,0.8613736583397056,0.21899747723025817,2.0
24.825852754332242,-562.8829813928209,6.378285868283609,0.9862293733290742,0.7853398414878021,0.0
504.1613641036618,198.74263909536677,6.232502365673886,0.8900189760991398,0.28224482870423034,2.0
-481.97024725324053,246.53740007472427,5.356073587800586,0.9162936772483393,0.3522891764997704,0.0
48.630810414762706,522.9027356061262,4.7474578363668964,0.9051107103206594,0.32322573620767714,0.0
462.3440553749098,330.86370553501587,4.311313338339563,0.9227856421112819,0.481178506403319,0.0
571.610918877989,-82.26954151837538,6.692960836347671,0.9720541224907003,0.6771786018983598,0.0
496.5975298224838,95.2799239745934,5.241786129702651,0.8725419276998244,0.2494188384673469,2.0
-257.4577476414722,-455.65754699658726,6.3006725170112805,0.8769670186050875,0.14775574848917392,2.0
-201.5897712249696,-499.1483616436485,5.136940639228213,0.8591561085170117,0.21690312093420716,2.0
296.1876533568705,-425.52145705344833,5.866395921106403,0.8870474248255016,0.275307175334227,2.0
507.3228716281245,83.27651426843192,5.608183801293632,0.9110968510833929,0.32839193283997137,0.0
543.1494123712943,98.27923848060533,6.126963505161946,0.9245869973149016,0.44423252476095537,0.0
-446.4468026072826,-214.23819462261852,4.796525657392631,0.864792320139847,0.2261763205184129,2.0
-525.4922400439195,-214.82737086308893,5.5306874668153645,0.9610325121579756,0.5301937144583899,0.0
-394.1471759361161,217.9108453098863,4.124622108830414,0.8201252273771324,0.2358155536816351,2.0
271.8515825006994,391.50327084167577,4.070628971750447,0.8396182672565454,0.20185100959060873,2.0
-297.18410701231,-464.67783429804365,5.643179095876576,0.9092885571516596,0.4102041734796285,0.0
3.162405251448491,547.5343311950622,6.348381129276547,0.9279246342681021,0.423420686288476,0.0
-566.0016504479357,-88.22428126397894,5.873985074569003,0.9562033334870054,0.5728122594123848,0.0
201.407057977758,503.9099420787041,5.576748312783798,0.8921660275255596,0.2828229717639733,2.0
-173.12408927043822,432.55858492479234,5.146456773548237,0.9349183878441071,0.3072000276728567,2.0
513.6954478464933,93.26646714930692,5.486241553527256,0.8862191281948978,0.27325887236670604,2.0
409.8595233417846,188.4734458767538,4.522653070027637,0.8901819002405073,0.2792380001147649,2.0
-361.23883040566767,-428.61626732556846,4.99357331497659,0.9514741778002741,0.4546998504977422,0.0
168.82318871531965,-477.96830664910675,5.988931668283395,0.8961854249148757,0.19855662146357597,2.0
346.35107295954276,-390.25659564366936,5.729799217338656,0.8562207294042847,0.2328713122838132,2.0
-513.5888241892383,244.57023927946287,7.752385986732215,0.9897651350752776,0.8186995156462393,0.0
-323.4311414739778,340.2874736448721,5.689975289361596,0.8459078661457664,0.19533465332586095,2.0
533.513371886382,-131.87464933847315,5.269924606289862,0.88701227153843,0.37724936760214334,0.0
-467.2347389367587,305.7708541082192,6.104105486908281,0.9552510734052521,0.4582815727936696,0.0
-91.59812424527937,-481.1147728939205,5.528179505662514,0.8900393032565637,0.17808254370421275,2.0
441.79420018547165,-284.5700545333236,5.91838127436671,0.8952018990108299,0.2132618519543968,2.0
-540.765842462383,-173.28249664407363,5.247978777395784,0.9564903855749828,0.5130512816922926,0.0
-446.4159027014164,79.03809108286086,4.859739233440843,0.8541288362878227,0.21096970458296432,2.0
486.8659257361054,301.4067993338182,5.546695106425255,0.9463498926803757,0.5034020737345503,0.0
-154.3108899885477,-549.511621589467,7.723090023584839,0.9906979649370192,0.7777291700289067,0.0
541.5491189307055,47.06171073309899,6.380989381557791,0.8999373442185319,0.303556402724638,2.0
316.4849469621508,492.10727897492916,5.910698784658606,0.9737667743582475,0.6760397922169035,0.0
-329.52650724298144,-460.28743079871464,5.8618384093334175,0.9355266484150309,0.4736114120711416,0.0
499.7120199772788,-173.0564874853492,7.215163884230907,0.9198181917506272,0.23800152358538385,2.0
-416.87219834862753,-223.61320401502988,6.008704836653961,0.8778438645560365,0.25039000313746423,2.0
-555.956000831999,-160.80725297461052,6.298604865533119,0.9704450384239015,0.743463525880278,0.0
458.40532039095024,-150.78791374354105,4.598656019363511,0.8615251596816964,0.23597952365415364,2.0
536.4524081139862,19.026390514571368,5.2729718162680905,0.8635764282683844,0.23862967600372886,2.0
-63.30972000172967,534.9195056200151,6.749560574926724,0.9110681344234179,0.24970459154158445,2.0
-466.4254008447425,211.76475667483308,6.420482566128374,0.907489091887041,0.3108795304918265,2.0
-511.1642017359185,-146.87499762290184,5.896459639256944,0.9036076071984078,0.2445498781198741,2.0
321.02675904925644,-398.2675656272057,6.492899189078133,0.9191641384655136,0.2545003730768949,2.0
406.24595368230837,-232.05523414461072,5.456095315329669,0.9073202072780462,0.26854505700896686,2.0
499.48287271638975,-243.50505047115269,5.4707476342273935,0.9443641674982091,0.4240913465482964,0.0
-393.91017879330633,201.66471095636214,5.541220479869422,0.8775731658122047,0.20921302447608514,2.0
414.19427800897415,-352.7265982856561,6.223436239202849,0.9558497344180282,0.42463571195392436,0.0
-312.6843890192337,-421.5440496083814,6.3999383137159125,0.9053769023573238,0.24244174508127153,2.0
-17.781009011162105,453.4849352177452,5.464634457029547,0.8772991598650234,0.2661224537649348,2.0
113.53322353330657,-485.3407106341818,5.442495170799964,0.8862340729359012,0.32441787995385857,0.0
-180.0025732366245,469.97153393738444,5.6963378813260315,0.8928050852606163,0.28152272839431064,2.0
-315.0139576247652,-478.8151445017893,6.556352203537915,0.9740659456955217,0.7535152898429411,0.0
508.0153379670573,211.623549674068,5.042364937776636,0.9451037033752292,0.6125215772587442,0.0
-375.2105010363126,352.5799284188619,6.747415089335572,0.9193229138608143,0.3845284638586236,0.0
297.25705333034097,-439.16944839191194,6.022826685996452,0.8817039709431594,0.30267157853729665,2.0
-250.22615414688522,393.26611588153634,5.152510169718154,0.8822459804569237,0.29386697652528526,2.0
-323.97008841349214,354.61261857504525,4.313833001513933,0.8351680221811341,0.1789260917086703,2.0
-223.27382239495063,508.7580043049201,6.70977068379507,0.9565550777530143,0.39406970915804557,0.0
505.8014708577093,227.7689450148633,5.332934833032515,0.8675658471066806,0.24335996397442863,2.0
250.92064498474411,427.91867117439733,5.600052128939551,0.8777014294735681,0.1514956809009158,2.0
-89.62770228819629,493.43591347949086,6.282611042855585,0.820585330709599,0.15966418298901183,2.0
-124.8068774848284,491.4210928087244,4.95985409068016,0.8582596285453589,0.21340212990269364,2.0
-88.12342795886146,-472.2924214536414,5.086056334892112,0.9029778557883246,0.31209125090010237,2.0
-239.54404286831976,-405.88129885784787,4.081976918652041,0.7339803598161367,0.17991921020445942,2.0
82.70522658634395,-525.9522640928312,6.275683852585588,0.9117707076608182,0.2391171290015775,2.0
-112.55916415670336,-517.1443868704325,7.1739409189689285,0.9251874981718848,0.2721681974884101,2.0
-383.12025405109847,-91.32991081922981,6.046357035355158,0.8977420586873042,0.2183017199950475,2.0
227.36337185296395,435.55224825475807,4.403077017080852,0.8799145329169135,0.3010444819295209,2.0
327.4546810704128,-445.3104282225871,5.75978279473894,0.9202307597597759,0.4351050333236969,0.0
-359.625387708018,320.0848911879006,5.254275697960306,0.8131344152725838,0.15173471584713505,2.0
318.83588040040127,-358.26138540268994,5.277008144543496,0.9157833316373,0.25685820338759846,2.0
30.54064610720012,482.39902482453823,5.275177954985313,0.8152673118605328,0.14784434812220315,2.0
575.9285385275844,-39.89897055154802,4.515754469308401,0.9099053570926281,0.4649690977109697,0.0
494.25726336873885,-183.73331490499737,5.917834729570491,0.9016741843758838,0.2153781878478499,2.0
-375.1828970946188,-401.3520613820447,4.38734517578556,0.9059467101797715,0.31580517974366046,2.0
-180.17506087055858,494.31097291789575,6.0527465552244255,0.9086014042949568,0.32848558677946954,0.0
374.5769600508612,-355.41733500214985,5.46786972392429,0.9040723390460927,0.21732256567843752,2.0
556.5313813656097,-79.79347228434834,5.417678014190951,0.8728373397951503,0.3605168234593143,0.0
542.8299501922673,126.71975760595049,7.250518651129815,0.9390644324809141,0.39640909729087626,0.0
12.928619372766947,-267.707391852864,4.77129092870659,0.8381873181973286,0.17704931420898376,2.0
119.01627574508518,530.2205220852343,6.048145445320237,0.906469764922075,0.3400582586180024,0.0
-530.0809856039182,-24.075656213463237,6.443020497373543,0.9128857006302804,0.23511370928187206,2.0
419.7294792022827,291.51419683684315,6.493084577618773,0.8607512776245215,0.11375796853441293,2.0
-548.3185411920219,159.54650460432808,7.792803274790567,0.9909587576023426,0.7922855640887381,0.0
214.7278506830282,-448.78565915546335,5.757911242362029,0.8955814613794665,0.19997971691915223,2.0
199.6374607917905,-441.0881352440967,4.883901883995782,0.8164744427309271,0.14293399286754935,2.0
133.37445773476472,550.4931693628221,7.449745762465658,0.9674193438967966,0.6507722904989474,0.0
-155.4675610913418,499.63615266696473,5.269334209300228,0.8872086541454803,0.3155408334758279,2.0
-250.09160510671546,486.07210390385507,5.124450681082466,0.8517003490232857,0.3306223843913575,0.0
256.7832429659427,496.5173552826003,5.644650355826202,0.9435753518247997,0.4169169730113843,0.0
-500.8955991626884,141.06274339962872,6.63218690985318,0.8847422312915318,0.19925315869061705,2.0
-138.19629773860567,-511.99710453127335,6.286077087925382,0.9236353271330363,0.3261153315010466,0.0
-523.3382351749519,-133.75924787430262,5.982986545644769,0.9080999715999617,0.2546400321589932,2.0
-351.744774096355,-299.591326226948,4.057781634038806,0.8444690842685553,0.23403071833772365,2.0
422.3976519219509,-382.9828488437372,5.980947704922395,0.9405556702382951,0.40075341678872894,0.0
517.682976049397,-254.01163425123303,5.638231397152941,0.9572974240110843,0.6314180087076835,0.0
-528.4185317347583,18.83726865320345,7.061757269910503,0.9109152968712693,0.4154708522146536,0.0
-385.9597103409371,-294.7672933305494,5.721420696679324,0.8940363731985282,0.3197317999633021,0.0
30.74159894871587,-513.4877297778071,5.818480779331544,0.927088808647175,0.38818432831331623,0.0
-538.2539816161881,-33.17157201338197,6.7003515611632976,0.9439134530811718,0.36487351552793107,0.0
-489.7581338909009,-8.699712171082744,5.414009202399554,0.8844532325873207,0.2691643674727744,2.0
420.32953320501224,342.40979324353754,5.0361084079912635,0.9293739233617074,0.4134762275711319,0.0
-21.253097645491387,-547.8954410051102,5.822223314522969,0.88767816161797,0.3094626998304122,2.0
462.14275139537716,-142.85980126091053,4.867279001241294,0.9200935348576541,0.2910048001117053,2.0
-487.4281466011461,-113.58467780089236,5.644756839650862,0.9020231349912977,0.3067457568904557,2.0
-222.43863214972728,-467.7018372066621,5.884927348123258,0.9089188720549242,0.3517878681853257,0.0
167.17158143066118,493.9125284113294,5.65810278355953,0.8769174225137647,0.25721364971347044,2.0
-237.3838141533634,461.090191272352,7.247067652898867,0.915346312344517,0.33704565200618547,0.0
-474.9909150413864,184.79665564559716,5.175024205263683,0.8799228283410384,0.25391055442557064,2.0
-247.22750305922986,515.7299724768242,6.029625529283713,0.982468113589296,0.784668720844302,0.0
455.5597236295221,-258.02360837830605,5.668534977560575,0.9302269971503356,0.3102627511414711,2.0
370.82423472570787,-438.37168231360477,5.4578411086533,0.9214340167084107,0.45850037044597364,0.0
415.8512985628441,319.56053369115233,6.200255609270653,0.8982088105069008,0.297914368504701,2.0
219.81362879371645,-439.84492231620317,5.328242002252441,0.8932496116198686,0.2822021573569802,2.0
-339.1081646504785,418.92047424412374,6.3983321649568605,0.9025305185237824,0.30920802973053074,2.0
428.7682861311881,192.3398215682389,4.70182576957746,0.8580406199469893,0.21654615114498366,2.0
-358.35545219629586,357.78894393257184,4.542351685687882,0.8941443404991838,0.42222165943348505,0.0
-504.83890724877386,-188.0413934088194,4.92411238372703,0.9055383061604048,0.3168653415467026,2.0
-544.7615372560606,-194.52754631537363,5.551152354768963,0.9542463533740412,0.6142087253993027,0.0
-36.24926896417647,498.8055179669513,5.746915991638245,0.9136781151772273,0.2861972255032732,2.0
1.8868291119968281,-507.28167362434647,4.596180999773806,0.8285100977773423,0.20127663897845,2.0
103.60405203999663,-528.0453167400766,7.506011971786025,0.9477798851813941,0.3005772405291271,2.0
235.56940379285274,501.9823856395196,5.084249530839085,0.9643540097222861,0.6509642247652998,0.0
117.19224006206925,-554.3891195537938,5.681405798265805,0.9612231117733143,0.7198180616273492,0.0
-130.62603955139676,-520.553659180275,6.177530735649748,0.9101658435868913,0.31909275929327474,0.0
413.8285675460671,308.6934778836883,5.737400662641815,0.9153527779609306,0.24522250696021314,2.0
494.3086960894229,-36.45558821676,5.2472469044389625,0.8733226567282808,0.17013952909090663,2.0
306.7105390722352,495.36416647206033,5.007806442655302,0.9742435939059286,0.7066694462052386,0.0
24.2608601614097,-473.3017713511184,5.9505837599303275,0.897218766344277,0.3018269472830944,2.0
-542.6040295284317,114.88981385017186,6.241317534160055,0.9356901571230783,0.40580402786280834,0.0
484.73113110886425,-219.2427023620997,6.448840741193557,0.8850948255812693,0.17136124377482673,2.0
-515.7229763618228,40.04831023812712,6.151689353126387,0.8996319661429769,0.21222220665985686,2.0
562.3436291624009,138.7678171618126,6.237555117246622,0.9814468249190597,0.7127885445386837,0.0
409.7895468510036,339.341112720968,6.498530901660011,0.9146860237917883,0.26677981789144056,2.0
506.28298384890735,-87.76235659186227,6.4711695628145245,0.9276101051611793,0.35096536922492166,0.0
522.366158420796,-182.73449994675204,5.814494830976549,0.9772558373107758,0.6079017274047913,0.0
493.77246922424985,-226.7104905535669,6.681187674625976,0.8787945300846479,0.263981192382963,2.0
371.1641900528198,395.96328680080734,5.6138154104793925,0.9139326048595401,0.46089639095423274,0.0
-454.128402130078,-324.9191294483134,5.446020033173576,0.9661839260089777,0.5736628123028362,0.0
193.58702985445555,-493.9529930874582,6.03748166379714,0.8993402027887814,0.2199817190427559,2.0
-431.01913259033137,337.47034023185597,5.230954515564008,0.8645995024709879,0.227114717008903,2.0
-479.79023284103727,193.64949293419647,5.870110778745386,0.8854839461816109,0.17567016624964074,2.0
-461.5957517238754,243.27479778823533,7.322045709839662,0.9450621281013033,0.2769462690784212,2.0
470.01601431251527,283.6164967882273,5.561671125118396,0.9187389628941064,0.4394352048714243,0.0
193.65908331776544,-466.3040398066089,4.492478124934106,0.8362266425103322,0.17865775617313007,2.0
402.18860257870347,418.3533214990752,7.449618818712227,0.9901564088823875,0.8208114987280181,0.0
341.8253822592447,401.7897154401879,6.411032730716485,0.8994142098406803,0.20350071621629542,2.0
99.57462146590677,-471.7218389367947,3.7707481308972777,0.7735410667899597,0.2223610838244287,2.0
-117.40051175898043,485.4780400216455,5.865878156789433,0.8847235424048843,0.2891210148262317,2.0
128.33068709250503,509.73483321477676,5.978588485000124,0.8323102637370278,0.17301437888106314,2.0
-491.4147369997829,-298.6761508124664,5.369074548713712,0.968217968094366,0.7391717186103848,0.0
-491.4401120483122,242.9275411897005,5.772080012628528,0.91168643268648,0.3476684360288472,0.0
-355.06996672338477,-356.58681705833555,4.305728784037315,0.8188014102095139,0.15528063401354625,2.0
-179.99073366503794,505.7400031958314,6.190867452836076,0.9033992547363165,0.2699549157313187,2.0
-283.24182602399753,429.3868240154436,5.599860283077959,0.8827659819120671,0.2767342707414317,2.0
267.8350198915066,479.3187309637325,7.387213075915305,0.9360431813811004,0.3247026358097878,0.0
347.59884050048754,-380.6319351520467,5.426638108203536,0.8868401417047072,0.270066354218223,2.0
165.13087690734946,-488.5117880540831,6.400499412948055,0.8845783402453757,0.17771848692464182,2.0
-407.15144955199156,-377.1201299420149,6.193424697253113,0.9388150501996025,0.3833057841412309,0.0
506.54613835738127,-156.3402270685615,5.499401179541242,0.882929084825166,0.4213581864601242,0.0
536.5732273399005,76.51110240009115,6.696845489631164,0.906806111621891,0.21757916163521226,2.0
-481.046775579548,-243.1180123849111,6.967985505025457,0.9333009065956321,0.3886023947451779,0.0
461.6213176772366,150.8931577024011,4.958564630094594,0.8634265614566047,0.29170408203155396,2.0
453.21672244510336,247.35677139285883,6.069275644362645,0.9309188647185708,0.3891498764170822,0.0
49.89822548846255,-539.5901037558893,6.936765630670928,0.9509744714308435,0.45275813077342214,0.0
-447.47437683145307,-317.42109640422086,5.401091293091254,0.9024144142802866,0.30352681506839585,2.0
297.970747386214,-273.75437522565727,5.5356246504880815,0.877838353145997,0.24599538393979065,2.0
-138.47267162596123,-548.0967526774298,7.800706860222248,0.9877372302982864,0.8072771465057853,0.0
-513.2157699279296,231.76489096041823,5.926469532027711,0.9439333600994092,0.4954126172039572,0.0
460.559362665195,159.55495296471557,5.11061792421274,0.8932081076457885,0.3198697522371917,0.0
531.49407556134,39.36695420355249,6.016451737855235,0.9070228965443675,0.316779521346532,2.0
485.511221066104,-207.9355924735394,6.6800582165563425,0.8969271655498382,0.20908943207319713,2.0
-195.699685927976,464.4895763060802,5.062638493867491,0.8578672709406889,0.23713493689503604,2.0
-247.6381215475657,468.47409379473623,7.35784618836168,0.8626843053621861,0.2528449301426545,2.0
29.784020875077672,503.7639727347535,5.4757444686978305,0.8237794578180715,0.15859479327416479,2.0
-529.7866667270479,217.61920542217644,5.328259884078214,0.9865798896720873,0.8007620001816054,0.0
365.09345953722607,406.86577365080234,4.696467326146592,0.9477110797996471,0.6325339409649795,0.0
-41.52410493428554,-540.8333659702552,5.343454264988044,0.9100917500674368,0.27478372048980704,2.0
445.62260334654655,371.4726127602084,5.854260459332237,0.9814013397164867,0.7088711301589834,0.0
-10.00292076282081,-558.3813682404585,6.228712859113238,0.972258649297087,0.5395911333179826,0.0
309.5432541128483,-398.79587014055085,6.132647245890143,0.9190515420798684,0.2739472872894434,2.0
0.8444257336299844,-563.1352005416172,6.077553375232364,0.9631337917548196,0.5680717395776772,0.0
444.1711726730273,-304.8283380058274,6.53674400990222,0.9418686884170108,0.4120951874694594,0.0
-557.6376900214257,19.722810339031117,7.091628196566345,0.9189398920167536,0.34556161143734787,0.0
539.1621634621612,-169.7028746063313,5.588329287929178,0.9328736315130839,0.3875493547377321,0.0
383.397078283385,-360.0983386738618,5.2853183449697685,0.9142460768367573,0.24066835945468515,2.0
431.1433251997342,-365.3646666846973,6.782542601243292,0.9586410848180946,0.4402274030685957,0.0
523.2580010180719,184.72729587625594,5.345569751931635,0.9293018923179047,0.37810146250853016,0.0
374.91570632322566,386.5375498921039,5.933264958053402,0.8615903208193983,0.2237300502334713,2.0
165.2187596533311,553.5116842917855,6.861560091257227,0.9903927293890015,0.7741715922858642,0.0
240.80020860628912,-441.47510532001525,5.283624528289128,0.8988448806207664,0.30671973413722625,2.0
306.8263799888745,420.37302508538016,6.234692271355954,0.9029101188102653,0.21719535569408832,2.0
-339.86644021469124,-447.1929758522517,5.759980925955727,0.9761006914229262,0.627481834258724,0.0
-456.81776261516774,-360.6781874912214,4.231547760801094,0.9904897862921103,0.8883868578671201,0.0
-198.4047742403885,514.4752521476546,5.461599359221198,0.9091202858935445,0.3218340104164665,0.0
550.1950396677022,-167.2161951748825,6.48478662361932,0.9836992018310785,0.787825647221909,0.0
353.4381519766116,-397.7519822079084,5.292671883147658,0.9659284186997305,0.5723077982562444,0.0
-398.57199863588113,193.7621114422308,5.024489138267195,0.816158571153528,0.1423206846531016,2.0
-501.3601977236926,-78.07016523470156,4.785672364252982,0.850306832488866,0.33826878233896257,0.0
-100.54444002630919,-449.5640273678226,5.380081528893634,0.894777674179084,0.19603295048131408,2.0
505.7261453041394,-228.69984720980784,6.929378978790984,0.9461738166462943,0.5105417786773011,0.0
531.013696644817,225.9896238309957,6.366439466021764,0.970169177605339,0.7427476270619692,0.0
-561.4145526613013,-22.141181599784332,6.078367046025195,0.9351013792048747,0.39474139441480804,0.0
293.3883770718001,-493.10268108976163,7.617926717732411,0.9871937754690275,0.7481275459108705,0.0
520.1414870690628,267.8887788276525,7.718495597254814,0.9936665634155295,0.9022263435767585,0.0
-96.80485138250268,-534.9194062922525,6.742553448968935,0.9128754956065045,0.23635074643001588,2.0
554.6480705602754,-16.199936332610363,6.879427006902009,0.9251894211824218,0.2791244954855505,2.0
-62.90913142444898,-446.23441887637614,4.216052171917793,0.821032810692394,0.1584891574279586,2.0
375.76322932605086,-387.2259318906483,6.199171075499339,0.8923327342962242,0.28070329232428015,2.0
-175.15854436536935,-446.06911982322663,6.706410312425777,0.8662007187199542,0.2419071607744916,2.0
402.54746220744875,-390.0372663949999,7.149333129693772,0.9600323502776715,0.5512645683344125,0.0
171.9540557940952,543.9505779515483,5.0899943008310355,0.9457999171952833,0.44214158827102407,0.0
-350.0695690340385,-405.10680669517274,5.696773617497216,0.8936263414424866,0.22501061848889828,2.0
248.16585268874914,443.22997296164027,5.7343328215202085,0.8893870185905298,0.26900496787430345,2.0
314.7218791072802,-460.40528245403266,5.480060502627047,0.9608179871692655,0.6303717608344565,0.0
-502.2113273441457,175.966974439775,6.114078189762503,0.900597957070643,0.20340645850140734,2.0
-460.14399523711955,-335.0655711050914,6.816591254560166,0.9677767233887649,0.6662799027764574,0.0
-272.69554866282533,459.8350200657337,6.721842690949106,0.9039912149404103,0.25136839613513884,2.0
-562.2760624050285,-118.41990115706577,5.335488026667064,0.9192210885814454,0.4354337077034605,0.0
-435.7294661114479,-288.26651572286505,5.577628985629166,0.8941018092174249,0.2358420032270561,2.0
134.72502846166628,-519.1104942872064,6.885761214852233,0.9426578724120881,0.3310121805130141,0.0
447.2126544273969,344.86099327571685,6.331823679097201,0.9424078070091569,0.5089301138400703,0.0
297.42850285833816,480.91482590156346,6.714384101597716,0.9270541469623127,0.37434604771282914,0.0
-101.12295082606049,-482.2221987654326,5.355172253618372,0.8884841220059992,0.1864362715186857,2.0
518.9774812063237,-85.97944460965161,6.414161239112672,0.9395875958120283,0.4578804275571907,0.0
482.0739485406563,-297.8361634486097,7.180981115573976,0.9538266489066032,0.4077000422340248,0.0
272.236124766164,507.32844897317574,6.618569635650626,0.9678767875030829,0.5817758337890752,0.0
322.27515359574454,-415.9532386465128,6.958074878851617,0.9173354351560566,0.2715409456955909,2.0
-369.9648225616445,-361.54777725082346,5.2763950405659505,0.9161682177565496,0.48129664797740634,0.0
-169.34971956231846,-469.3722013599434,5.38061539069461,0.8150033699167003,0.159747540341902,2.0
-520.1174527812453,-153.6463798507626,5.809782861975462,0.9084961464025207,0.24755466645690116,2.0
446.87523686216065,-321.8138313388522,4.261688922956352,0.8282523420206521,0.30643878032854566,2.0
-276.36743550804937,-432.507927971201,5.510386101414168,0.8473762187676809,0.2243711180209084,2.0
-511.43304925681315,30.554260406174983,5.663002668088078,0.8913846305094768,0.19467582548538137,2.0
434.18412951343254,315.64338392303506,5.058736754228518,0.8492013331255058,0.19679865667738086,2.0
298.23059279624414,-293.7621431621587,5.038214855336055,0.797424922698663,0.12782651857545765,2.0
-47.860693133483686,-479.3393040528901,5.390167253254114,0.8591692145659505,0.21822765155405105,2.0
578.5600421120198,6.945141379308477,5.241829025444921,0.9864681352212664,0.8749057361351694,0.0
532.3133965536973,9.949796872841066,6.443855372541295,0.8871976623327211,0.2701810262483511,2.0
538.1476462459482,-81.82472592125849,5.906301572148256,0.9140532460932056,0.2529497487933927,2.0
526.7877059104565,-106.39950713656464,5.299923245706497,0.8790842535221096,0.25883962918329373,2.0
162.63876004578074,504.64367410599453,6.718351217792159,0.9030144330238269,0.29230870121297714,2.0
-304.30659011849764,399.87082594164445,5.542703811581928,0.9132657247973289,0.26201993932953616,2.0
21.195411484872707,-518.6923228110034,6.09180466457175,0.9148001485980304,0.24560699139777042,2.0
-555.1174676810335,-112.49604406643648,5.263690525871163,0.9157283340777026,0.433491197272466,0.0
-423.10664834298484,-351.7771071336736,5.721289071952556,0.9333659030768278,0.40429948804512345,0.0
267.7446037662881,-471.99367215204484,6.277705011780838,0.9527116136661739,0.48812709615249894,0.0
31.37407447339169,535.0738550849878,6.629627318221168,0.8949027774634193,0.2994404798853615,2.0
-178.19037053124504,450.85442048271267,5.882456316425928,0.9016080183961435,0.2666915984028717,2.0
342.7612772238376,-423.2288975101266,6.361339554113393,0.9285156782552245,0.3972510050868591,0.0
-6.799603188737165,531.3147014387264,6.47782947924224,0.9005149548346079,0.30645329544786415,2.0
-274.0584724934186,-415.13891776841143,5.109462335981599,0.9286986842275451,0.30511474317017867,2.0
-362.77297225574586,349.6761658150064,5.649271084442832,0.893757819605668,0.2951706505215543,2.0
266.35774596457435,-450.09358706082435,5.714172314079219,0.8917912734955417,0.18134010634236516,2.0
338.7709923102555,-377.6355862454976,5.146744406224193,0.8621615728615931,0.2205284331757599,2.0
-376.8648550725814,-370.70628239855495,5.87060916790898,0.9157432581172127,0.3467472179216538,0.0
573.1195201665746,83.63257018097123,5.833579643599481,0.9755577899763733,0.6842032866080882,0.0
-237.09652342265017,-443.186984122739,5.753537019528597,0.9003201373603903,0.19889981965994113,2.0
-363.49438893231076,412.1268799078547,5.862150271021405,0.9164717179615571,0.3522073842716279,0.0
527.4048640786403,135.37846431046552,5.2157009460208394,0.9118738018154424,0.42572203862330593,0.0
503.823983649867,111.74963086975131,5.4344560412820915,0.9056687599245948,0.3083839782123037,2.0
462.7141047682526,-242.7693628198467,6.9039795611872945,0.9235895156629674,0.305039262618975,2.0
-359.98484691747103,382.2001800808883,6.464075921063425,0.9069673848973598,0.3109568588660669,2.0
286.2226033670109,-281.65094345955805,5.4927278957718855,0.861241812242578,0.2536413238080674,2.0
-487.7686031332816,-224.364204425356,5.915104897939444,0.9041957926937981,0.2297602486933884,2.0
-125.51402253135508,-497.06841195929275,5.912366255828421,0.9055584480545471,0.32099010538125977,0.0
134.13693794590756,-557.80958863711,7.043588300845556,0.9877192911295053,0.8070528161468039,0.0
-521.834597671287,-250.943550310956,5.315119335218319,0.9893608190220838,0.8842536255771345,0.0
-478.94376507474914,-175.78509081945322,5.555461572755487,0.9246009210362648,0.2826772717809639,2.0
-506.4142279916598,-119.04349242090369,6.157346998711309,0.866924580371452,0.24282263843380042,2.0
374.47542420727075,-260.0969662304343,5.307183651689488,0.8282173953544566,0.1752471314911433,2.0
-75.00478936661506,-533.9775410262793,7.3827462585376615,0.926571560633179,0.363826273079536,0.0
90.77793390527977,523.8923182967086,6.451444110515331,0.9274371118373191,0.3135006972511513,2.0
-532.6122115047431,-88.26592955982727,6.199544092864461,0.9224867264201464,0.2648575070919468,2.0
506.16367369503814,-97.59816240300898,4.863131876555459,0.8105252635811875,0.1505389059428952,2.0
350.2344887968706,-415.6444780314102,5.072414816532309,0.9400030609756593,0.40217581817506026,0.0
-275.2019411110335,-443.7041816209627,6.70132867535775,0.9295462940871778,0.3317645761724707,0.0
-275.505086635682,-394.7910838185251,4.010840815060026,0.8133340011101882,0.16777783569025773,2.0
-8.063711525955991,-532.9502670794989,6.095379382452117,0.921625834516682,0.264243042666425,2.0
583.7411850264158,-78.55395832214982,6.692960836347671,0.9913452651531256,0.8370003073098492,0.0
-162.62522576899238,445.3756037986539,4.866685138296963,0.8263083493789374,0.15716533987096337,2.0
281.1316329591971,498.43960269170225,6.618569635650626,0.9563368265083229,0.4740519043134573,0.0
-578.7707421022515,-2.7084235462510273,5.333220247180406,0.9741994715746094,0.6797722262975924,0.0
452.0033590354727,-284.48960129703335,5.493243294580765,0.8989137575576108,0.32062699842815073,0.0
-97.85102031946197,486.2652377715355,6.348510992353484,0.8798823322129475,0.1630445852471967,2.0
-296.6011300682576,-444.0930158202189,6.568415965140243,0.9130976213258069,0.25365473123946736,2.0
-467.00041600274545,-147.8383023972949,6.364291737045035,0.9060879825224208,0.31569871573638864,2.0
-95.9552649293067,-545.4251431933292,5.040002787154306,0.8947040028646095,0.2882229782757243,2.0
530.9377315653261,-207.87762246719683,6.373204460527942,0.9776933573316124,0.6381724867097822,0.0
-46.65128941388972,554.3666908759469,6.034051128370191,0.9501883241164267,0.4375027915793021,0.0
-40.829301531886784,509.151678328827,5.724850239321301,0.900269095980312,0.28028684528648495,2.0
-252.17907341519205,-480.47128893605634,6.76031622509444,0.9555453661783874,0.4437169073877519,0.0
-467.548575681905,-92.3966212467074,4.832562288051871,0.8405361711284016,0.29880083337674807,2.0
48.4642602880155,550.4058892524095,6.1696693700011815,0.9227537105261755,0.3560867688974625,0.0
-557.2151536791625,75.25741283134634,5.092988107643063,0.9310656968224041,0.46428063485437443,0.0
-15.723188847597587,-526.0245120848889,5.261510777136207,0.8619650198546825,0.24024722125242742,2.0
-154.5947530662759,462.60901139375954,5.099142526932343,0.8058771535317327,0.12997963141088678,2.0
339.901700358845,420.10816219244765,5.728100712626078,0.8955999737063961,0.31777985430897604,0.0
-279.0511445772191,479.2414392314237,5.35287972756251,0.9409083540221829,0.5774092040774238,0.0
-189.2919004491376,-512.2168174541516,5.562334430084164,0.9145750833283494,0.29489684115100634,2.0
469.3832621767965,-297.5850770265397,6.898843464562506,0.9041102967939642,0.2105801833367178,2.0
-200.08674794116183,-513.3841105080661,5.621199865591815,0.9052908378417487,0.3354057583116391,0.0
-380.35890541880576,184.53661680910827,5.780214765682202,0.8836110584436665,0.17984815554494332,2.0
374.9086231880246,-346.0432206997437,5.076181496384694,0.8915558668202591,0.23211818117907737,2.0
506.9222434592544,-210.9993418833895,4.672350223278447,0.8463577382918086,0.3262255361083197,0.0
75.1935155842369,-460.43368105443375,4.682840408529376,0.8101225464004792,0.14295912350101164,2.0
-38.43189338631136,-480.6172846201936,5.232523634035131,0.9087292541278232,0.23619544688007618,2.0
-151.2392284713247,520.3892049834027,5.873548393524754,0.9108579694651279,0.2639189253862249,2.0
-314.24098746852997,398.1442943468087,5.26363041598961,0.8830865911312547,0.2666934195530657,2.0
-328.975977342607,-407.4088568495793,5.937808021597583,0.8796569327708856,0.2557017291574611,2.0
190.29965582113533,-504.3707511515823,5.5037778222814255,0.903079186889477,0.411946388337291,0.0
-576.5430624421466,-38.004750063448874,6.011927639428405,0.9692103673461031,0.7408623205080264,0.0
191.32317967836198,-458.09463243824155,5.219453788249091,0.8691627591957187,0.23201796066830166,2.0
-441.4816226719086,323.17927181876684,5.8407342621358564,0.9319837048308008,0.4719710010481666,0.0
253.70713462189772,523.5137738244256,7.306865644069202,0.9893781649221433,0.8156185590716157,0.0
212.59413588913955,527.4162629509216,7.80064743893397,0.9689010708317544,0.5409289250845342,0.0
458.4219343584851,-276.24569141210463,6.389807925229143,0.9026739933848325,0.2100828984159894,2.0
-569.6647196412929,54.42487356035022,6.638129617475931,0.9722600929547695,0.6710649033654382,0.0
-78.80745508235238,543.9980104024444,5.114731849365165,0.9195472490642445,0.4334453304546444,0.0
-393.0262389351914,-287.3604964247626,5.259406612725318,0.9069176062067394,0.3145447628241231,2.0
-235.3376520380207,513.8694383407682,6.8098386026806015,0.9645705024967441,0.5752678366610815,0.0
-256.56473907356,445.59102606046457,5.458403489570036,0.8837643427905373,0.26165273629435715,2.0
482.0827096130042,270.2119355056681,7.23838498906003,0.9251037556104569,0.35846502413136955,0.0
-155.3058226662178,490.2090384300892,5.399317362215694,0.8461012324236318,0.19660682447667008,2.0
410.2201544013928,288.48739561894394,5.313488465084741,0.8138842987041026,0.16770121484721126,2.0
-559.5006451886751,128.17287015243494,5.7769730832643535,0.9874122756497745,0.8113148177496533,0.0
-146.44281099845685,-503.6283930141312,6.634523034322675,0.913139269245746,0.25778494829555365,2.0
-409.78264432375994,-154.1557922786257,4.729113165162736,0.8464615546688004,0.19237185622001382,2.0
453.39111493571323,-117.0065842592192,5.482296965294013,0.8905864433129017,0.2826878590682305,2.0
410.5635044299089,243.927966098687,5.745631990021575,0.9077428147296474,0.2686865463814149,2.0
483.4931247062454,-197.86558413267005,5.018867416458924,0.885414911733188,0.2816590709395049,2.0
2.6152657389547804,535.7321228629011,5.5220982437015635,0.8992170042942257,0.28692046360504686,2.0
-488.0664587379451,-102.87549283384632,6.2445365972434805,0.9125084677318875,0.25122566530978474,2.0
-457.67027468178617,-264.52132144992913,6.415167284698152,0.8803659011597036,0.16054567247857424,2.0
335.1678108414059,469.57510200754604,7.305023386692972,0.9825723390901694,0.7596285780544053,0.0
-520.4564590813188,49.12560017574824,5.566927877927407,0.8717774437439393,0.23621749672583892,2.0
-471.0169864919989,222.22169654563908,6.233547717976981,0.9175885466313788,0.25079649456148173,2.0
521.81536793466,-170.06293696983266,6.982903902427873,0.9248838820561451,0.356304269098251,0.0
472.76883317206307,108.92292067162084,6.3259881439038175,0.9264017169931612,0.30787774152504443,2.0
520.0010711504599,-113.75353192332373,6.17461670526021,0.859688354831167,0.22232258156472087,2.0
63.024408231089566,499.05594178214426,5.233900951848131,0.8439134175374106,0.1888933658315284,2.0
-367.8180624111152,-436.7696484026646,5.943744432222752,0.9903780108168077,0.7661844142425449,0.0
500.2391796057141,-45.111186566763514,5.888379309416171,0.8819872614612526,0.17740575154371238,2.0
-285.57644369864454,464.30714388867614,7.262277574709524,0.9625092305895874,0.4392374922930759,0.0
-213.1385599394343,500.9180956362868,6.757945779429962,0.9458098387491041,0.4480085562937361,0.0
464.6174048192452,312.561646582111,6.979727486290274,0.9350642783984631,0.31445278099717733,2.0
-470.8979107629553,-85.15096480789282,4.654305459582259,0.8186872245450085,0.2805400025062231,2.0
376.4699875793214,-398.73872793000135,6.971755985937198,0.9006839071737375,0.21162745211175812,2.0
-496.014389248261,-191.23384765172014,5.5507032386863155,0.8979969464182596,0.31732652799425676,0.0
42.23315478305181,576.8910965287687,5.622273433300311,0.985270840111264,0.7373441463533625,0.0
105.73770894540792,509.82321191070196,6.024464241504853,0.9099241503814507,0.2644857298161912,2.0
510.24671301612574,-147.02582583817644,6.4730290896879605,0.9153834244451595,0.38040817538529265,0.0
519.7853732777301,-73.13254177198935,6.453587691228545,0.9185706067178976,0.4321688493090305,0.0
134.93470699680125,567.9008271099486,6.200683444578826,0.9820838206157602,0.783559080769485,0.0
353.3208880633192,-458.2691655521658,5.839548947235209,0.9719010411017405,0.7230742890897652,0.0
-178.1558215657313,-537.984682340934,5.439364406496093,0.980870883608063,0.6693600180944799,0.0
87.0029716916843,565.3156656504285,7.402064863077964,0.9630588149376337,0.44452961106853717,0.0
-408.4570643301977,-249.1023593488393,5.117316778841758,0.881226491913698,0.2767100454435509,2.0
39.89686689860347,-566.6852579529559,5.359363256342359,0.9906401804741403,0.88896280433488,0.0
323.5306319945382,409.7642924091529,6.029568328395252,0.9131585844883333,0.2639804467256347,2.0
-228.53849595982211,-449.77526272720996,6.094906036267898,0.8912598917291708,0.18106975836417746,2.0
487.11619843733183,183.51362469244197,5.666838147538344,0.8776402024468012,0.2492404791116144,2.0
-487.1192707728179,-183.011475249793,5.7158127415484,0.8995170065099137,0.3214221551718673,0.0
495.27861557805664,-298.78777253987874,7.050268145946349,0.9832771754915098,0.7889618159608147,0.0
-22.518337124591604,518.0740541220403,7.187833820199394,0.9395715804315193,0.36671607434021813,0.0
545.2154268588862,67.71080076868394,6.759681130822313,0.9403112701145724,0.40951425543929876,0.0
-513.0068643591128,146.08315957334602,7.270775249617361,0.8996637023447384,0.23931057259771563,2.0
397.4421040300605,355.58669346561624,6.5176133698701895,0.9506673440649736,0.3820909109390647,0.0
-438.61831555108796,-313.0633398043733,5.559478926046052,0.9158687500259943,0.2505707742555138,2.0
215.44448962993212,509.7887107201662,5.154030157477061,0.9023459691413991,0.40117439609079325,0.0
145.06965501899677,351.2222932117084,4.882433394298158,0.8076997723799434,0.14659300034984946,2.0
550.8159646513608,117.42062938913423,6.048895400697914,0.9406329530720194,0.5220102652993853,0.0
1.6312087663685801,-527.7514342011639,5.7706838651645,0.9160452449619957,0.3160653614607441,2.0
-381.53949908269357,412.03941129823534,5.140715370463038,0.9692499761021387,0.7264562430433834,0.0
473.9415846892557,-223.06617084878505,6.188428528759089,0.8993650066343829,0.3080317048060814,2.0
-171.9078010366843,526.6651360477026,7.232002119689526,0.9562357924156258,0.4429416603611322,0.0
377.4099944179467,-410.82228581516375,6.600794351080614,0.9432947994752954,0.39286422378412944,0.0
-171.74317300214997,-461.3317306465574,4.457419600997044,0.866697725100845,0.30528897881316436,2.0
-374.3269608624074,365.69701954977626,6.573719236489741,0.9117578449721231,0.2770518219157723,2.0
-46.56410437636421,567.9497580847346,7.477202449548363,0.981246267467217,0.6462822909605896,0.0
-437.0064887434471,277.36970921146917,6.145601343471027,0.9558844952827997,0.4122896186499818,0.0
63.03888832332068,-512.6220750497362,6.478349509638193,0.9146846872956024,0.3330615158084889,0.0
-45.81310297728551,-499.8161330811707,5.506410182113802,0.8347615711039442,0.19820901026385346,2.0
-138.07985109759662,501.9567092653928,5.895115570273009,0.8842252981917191,0.2625266170867339,2.0
-504.06451953880077,99.91953036684315,4.6594803268323375,0.9135717792663918,0.44132718587765213,0.0
-567.2900160715144,-42.95606324564403,5.414741491226282,0.9298279802765638,0.4604328335753843,0.0
-51.99873079956113,-523.4917090616773,6.218683810491994,0.8571693002344438,0.22252925379815003,2.0
-395.33398004465727,-378.01992950876314,5.970992476101319,0.9250023488235047,0.3177517997885125,0.0
314.48218917033086,-390.2681010283535,4.9653666205639855,0.8928443381294046,0.30611400356912016,2.0
-519.594347693306,204.49004482937298,5.308110036955549,0.9346948041617942,0.48163437599262093,0.0
-69.14308672072363,-542.9808972574507,4.997244505004152,0.8689956089052219,0.3467235717710214,0.0
173.37810422232502,-543.6430140607713,6.815175000837548,0.9830789523221896,0.7862297811275137,0.0
-243.5954381735595,-511.7560984483397,6.793594568125106,0.9780608644945397,0.6303420522482396,0.0
400.44884654000936,-307.2687664482385,5.307736555279723,0.8914293034933206,0.28260069341600064,2.0
566.0615570483942,102.00010126996017,6.831662766876558,0.9884531741952246,0.7626986724773884,0.0
273.1749073375731,417.7668872277139,6.161365273153635,0.8804064569445538,0.1571510957778155,2.0
524.2181754821396,57.17010352147069,6.716686889772624,0.9375803877218126,0.3130045808828823,2.0
453.8731475362704,-226.28446346094267,4.655783040555151,0.8645254726735122,0.23039056951005502,2.0
72.02427339786884,528.8543049859127,6.630801679560954,0.9348836389376617,0.31747457696060544,0.0
461.02783501079716,171.90309951167546,6.289188341935151,0.9091359441572258,0.31932817850226697,0.0
-85.00853846319866,514.2961069554647,5.910307653436552,0.9361820615624298,0.4540160918533663,0.0
-320.5012487171636,411.0607043171966,6.341919065746573,0.9208000666891107,0.3010651591880912,2.0
-414.69531891247925,-405.2404274795431,6.934785838930844,0.985746323962097,0.8727960955471143,0.0
162.38531883445808,-540.8282176514412,5.315231152112969,0.9513931257066478,0.6035561510609985,0.0
449.37338678347544,273.3230650717214,6.241432698824168,0.908105857569519,0.31962305376993455,0.0
-29.99983283339306,-554.5289589106291,6.455389596394071,0.9384939663418937,0.34094753016887847,0.0
374.22636927671084,-336.2171885578875,4.911089197047284,0.8984857400484877,0.25493303709879983,2.0
-63.68121695104595,-526.2491516064896,7.302134828129996,0.9265524207742993,0.37889719239348124,0.0
-406.0290852005421,350.6423438028153,5.430223587329015,0.9307631765170258,0.4074841441544671,0.0
393.8715900647022,-421.279058104531,5.063384200549467,0.9568644760024605,0.6180827693209303,0.0
-178.17303167514288,-507.9301882926199,6.693207688431606,0.9545780262662414,0.40561879974534754,0.0
448.3867111702544,361.1200748195613,5.411434523592553,0.9608229243783675,0.5534615372123046,0.0
108.15689164874571,529.7349028752203,6.339061207925005,0.8904353546598329,0.18386192629502288,2.0
-62.244907678071726,512.7491525635974,6.329336169377675,0.9106694813594598,0.23102706630635594,2.0
184.04105917124082,523.1985349174888,5.079601194748675,0.8703649421752279,0.3419081856688249,0.0
100.88880820686485,-540.6654525758881,6.607134982996288,0.9321333806407383,0.30170551957443487,2.0
551.9478077424067,85.87494152217263,5.030080577629774,0.957188935095876,0.5498644482506384,0.0
-502.16889052896977,187.577927453494,6.6401503666730415,0.8997161820726017,0.22120896370404902,2.0
-202.42290755300797,421.26999379913815,5.86300065246851,0.8858589362016998,0.19448910440299935,2.0
-171.46998512159766,442.6795790797863,5.662741728125469,0.8963525187436758,0.21126499479460506,2.0
500.79781112130263,26.206406997941542,5.790496949410876,0.9168190543159449,0.2682135269747893,2.0
-479.0605341597232,-116.37221376064275,4.7637203372263555,0.810793770629629,0.15044786632817012,2.0
-404.67402221607875,360.3755947203928,5.549461707113155,0.9283377690970601,0.3757221108746014,0.0
-347.7736015869874,435.0354350140284,7.328468572422963,0.9472765821735681,0.4885211437649641,0.0
248.89435271036334,-498.6475043229902,7.4972488736863605,0.9420696577378163,0.3493430024887906,0.0
368.9974720124801,-267.54078890481014,5.7653703422392475,0.9048117568947819,0.24419802677952923,2.0
568.6903931442002,-115.4490501513874,5.789804988867298,0.989913869124103,0.8519399961832343,0.0
506.8409188212712,137.94466364237292,6.902367484380248,0.9275586517663121,0.3092384738716996,2.0
-430.50353444859496,356.7511902534289,6.86110467484246,0.9500314910289518,0.6027269621581242,0.0
503.9571677128995,-182.44361191183768,5.054761490753916,0.7877238603023311,0.1252925607711308,2.0
514.7635184052522,166.07048346656876,6.310834247423366,0.9182046057868367,0.3185376655044814,0.0
172.5705953736416,-467.9791859785422,5.522505168808383,0.9198345447570384,0.2756687704534742,2.0
-560.4605537922143,-67.31520100896856,5.58623824147268,0.9338090328915206,0.40133636192257893,0.0
-203.28555947159018,499.3225206671173,4.6231561488474355,0.8657813250272564,0.2643458657238623,2.0
396.83352970776144,-381.1469509083804,4.7134447763796645,0.8741948903920079,0.3626051741196922,0.0
-348.6101140669532,385.1516986316047,6.338033359347405,0.9270287994967943,0.2827050729279711,2.0
-329.0893409795497,384.04954210194904,5.139712122586046,0.8983677950435623,0.27040193885927555,2.0
-497.0866784489239,-44.303711565808776,5.8852200481782635,0.8802927940356122,0.19019885174138984,2.0
241.57442132660418,484.80796974474544,6.076202499400078,0.8993340518322286,0.2983629252831531,2.0
-338.91854320108746,-405.7045096930971,5.796095361953163,0.9082963173482049,0.2972883692572191,2.0
-401.02525835122145,-324.716237855479,5.815723466513484,0.8956042064692933,0.24894699999894115,2.0
210.60851451037206,-502.6714066570048,6.889446044267429,0.9220725745975606,0.35353389871220786,0.0
-501.1893539243908,246.1949531254261,5.424700920008103,0.9457049435313095,0.4997876310036277,0.0
256.43925843418776,479.7352849264722,4.855480692082886,0.884251499459579,0.26435422355911553,2.0
-502.15778725175875,88.57526151826289,5.649261988307958,0.8723626189840079,0.25296648400356747,2.0
79.81593374200091,-452.1134498960785,5.969097862948966,0.9005949497154317,0.26207148024824145,2.0
333.2611840678584,426.2293656651239,4.715557719901532,0.8644464256991796,0.2259071779872427,2.0
502.25211029457324,245.3412188808362,5.5194226804207105,0.9223512027472562,0.43964677845636907,0.0
-442.1588038972417,-296.1597615239962,5.667857132586616,0.9173620754284177,0.2539690805304274,2.0
-335.1250262981856,-470.4433722739934,6.556352203537915,0.9914844405136247,0.8923211474213367,0.0
409.84636097717424,-365.39301098163975,7.318815319893146,0.958936320236092,0.4385495196358311,0.0
-545.3145081994126,-183.26020441971636,6.504980043945068,0.9578463833395248,0.4718681931378856,0.0
-303.3262715600603,-476.0118545798969,6.556352203537915,0.957667331513953,0.5587108993557619,0.0
-419.83127778795256,-376.01854366540465,6.91369848921276,0.9662509421800399,0.5125032739379392,0.0
-194.24024007892766,-523.5351131521587,7.4214891272035235,0.9360595628600099,0.3175381986635903,0.0
68.71279496559305,-555.9405381795955,7.473555028934625,0.9828837945087847,0.7357933293588077,0.0
55.7980368479437,-502.17719097677485,5.489200276124205,0.8665141138137183,0.3351816224409743,0.0
-257.9330377577418,466.55461533076095,5.179457227122149,0.8831507999038515,0.509026147363147,0.0
-88.48349241463747,-553.1738723017269,6.824625176303572,0.9598753142312169,0.4115887176361648,0.0
371.7284131245895,376.37901148834777,5.8398988638966935,0.9088682631078653,0.2612977632636123,2.0
282.9403196740864,-460.9503415779109,4.9993014913455225,0.9434811248085281,0.5879934018703402,0.0
57.53714105499581,-564.6222082767174,6.900100559253921,0.9873174946584169,0.823516785881677,0.0
-231.3423773681768,483.47837673950164,5.400853030491875,0.8860053975972365,0.312496607600756,2.0
257.0462214727825,-454.47347340550203,5.669606295674178,0.9024752283881272,0.21405284898894522,2.0
438.31805329482916,-348.3589093203785,6.5641740363364365,0.8963407838972745,0.31252731026685265,2.0
196.84003734642488,-484.20484955761543,5.618552892241506,0.8880268718320132,0.27984637920760136,2.0
54.252766966941756,515.5688496637675,5.41320161598449,0.899420449343702,0.2967035753970932,2.0
-328.5635098462044,-351.12244034526645,4.508383705366213,0.9139293966562564,0.25507007760321443,2.0
401.09771884206924,-413.55130082885586,6.333598188221457,0.9786174044037235,0.7697658795305031,0.0
-376.9546725014765,-100.3402861221069,5.424399475976333,0.8877128103979063,0.28458459246816903,2.0
-387.98719024216564,-369.11598616127486,6.258963342283038,0.9008854091756918,0.21296787277920387,2.0
525.3427408627423,-64.47731114763188,5.342544073112199,0.884781238139599,0.2644942444867087,2.0
137.2678589986337,-506.7068128561572,6.657886444795839,0.9056569772053542,0.3120128879411048,2.0
-75.49230782180808,533.7078545539654,6.591107210370674,0.9434985625093664,0.35211766899855657,0.0
-57.22695364942844,502.54605232473057,6.093955584720645,0.8971764982332818,0.20928978001367818,2.0
186.82656809438325,547.1021909442188,5.026512741768736,0.9390157548040616,0.6766946135767211,0.0
-15.833431450701717,543.9941446955182,7.0931005816468655,0.9422443578331782,0.35921540563949306,0.0
-327.08394289563466,-358.9290885706435,4.0878036925852035,0.822813092708242,0.18023549563812688,2.0
510.1274195095965,119.74398996333831,5.746015055874472,0.9151341556739958,0.24735101436452991,2.0
454.39391109235714,145.7500317902676,5.378741345451186,0.8631285581437468,0.2181914665102431,2.0
375.73834594386307,-273.5581911304142,4.014027641228293,0.8814941806947474,0.2803885265779839,2.0
-222.27426490779715,-508.54431723181483,6.918968946828522,0.9113420415525672,0.3271677471801658,0.0
515.8950776478828,-50.69855237683835,5.208045761922879,0.8592999838063163,0.21348443846860024,2.0
-25.700064455092267,539.1130060146515,5.311115050466014,0.8858332841953326,0.2738596050409003,2.0
-494.5658436980216,-200.1910298870403,4.862674719965116,0.8493799234707791,0.19557013422202127,2.0
-422.66604115824913,-363.7623568594728,6.632446044882524,0.9168003708644764,0.29117082988236886,2.0
84.81690907821341,516.1364904887953,4.525747910683281,0.8175651346541403,0.17037454151069212,2.0
-254.15023633375213,-493.218249967406,6.680639048394654,0.9683918370613188,0.5286815637683919,0.0
425.57999479760707,368.76677982740864,5.230841297739434,0.8943199199114421,0.4044852483705534,0.0
-225.71798706719525,-487.14888393937866,4.504401571571996,0.9226383639362712,0.46570600282712443,0.0
-335.9990709857287,-349.43551732746334,3.589524790954142,0.819211190698772,0.30359206700512514,2.0
41.16034607987049,43.78654242942106,5.06124077257598,0.8884563834519295,0.2713009055556399,2.0
-116.4740280572596,551.3846351310381,6.596519064176993,0.9764691337492397,0.7614491123484589,0.0
393.71206551203016,383.38552820683657,6.818456679863293,0.9128674897992435,0.2360708143306938,2.0
474.4521159382986,242.8165282056595,5.892232073714175,0.8833407375893164,0.2040323888017311,2.0
257.40909335736126,420.9971083793388,5.027840476108429,0.8851259089527733,0.17563882251141286,2.0
-87.0274165782107,537.2816855209336,6.322132694752802,0.9324119752645879,0.3081940061636947,2.0
510.1613372083088,-278.0167366980443,5.044306205986533,0.9898711409966284,0.8860821400007635,0.0
-358.44227286545885,-442.4472031000206,5.395675046676236,0.9826773509408997,0.7200619635821325,0.0
238.94319892731392,-506.72017771619477,6.979373344184635,0.95262390059969,0.5017003838195827,0.0
93.58960629837763,-489.7471304858748,5.554236337148088,0.814337582980559,0.1428697501977845,2.0
-502.91177566434123,-270.6537889445555,4.314079636266139,0.9739328944814403,0.6789199064692776,0.0
379.8738570441451,369.573534649749,5.905250297456752,0.90906401193278,0.24542856680569128,2.0
-509.69220023821964,200.27042680470691,4.649022095020792,0.9577980500748263,0.6201618008381874,0.0
402.44903262531705,-350.0242238933349,6.9209736440337295,0.9248722253735121,0.28615890007188166,2.0
-148.67812992349764,529.4790959501139,4.7246780034146605,0.8762384921669637,0.24640430946426398,2.0
-217.6477643556891,-483.1874067121185,5.392897930923651,0.8755950928814781,0.24789914278027034,2.0
-52.550649629711344,535.7557563334359,5.7026524897749615,0.8665247844857844,0.23656749029200624,2.0
-529.0038643933625,-6.07573372468016,5.0755150024484585,0.8635517597004485,0.2506691028509016,2.0
-55.38271331945105,-570.4232186592433,6.798859285249238,0.9812549584985579,0.6565222891618637,0.0
-559.8520368214694,85.98801368830583,6.766764329034465,0.9641621467460016,0.5665597003196624,0.0
-390.3914580264334,389.81215514792706,5.3581254108759016,0.9338368440796194,0.5652072044777079,0.0
-420.70488075239393,333.44396408537926,7.059937821966116,0.9253251765797216,0.2841838669815198,2.0
-478.57568429911174,-315.5925601504111,5.577628985629166,0.9412439951268614,0.5070451787799714,0.0
424.89928583110446,-330.6668272124583,5.342745525551424,0.9027573124825619,0.3213318912724943,0.0
400.00410723983555,-359.9964281891989,4.91111473968845,0.8783327005430034,0.26770738790286025,2.0
-73.20368351936715,513.2835910746029,5.878592105962942,0.9124373707643805,0.3243974445770664,0.0
483.99884370667314,239.49019549670624,5.637941768099984,0.8831789775490997,0.16271229515897392,2.0
-436.9758360837636,346.2492968953232,6.5255479275793125,0.9487227230186445,0.43247654696604343,0.0
-414.26134429979663,-386.9653332646379,6.193424697253113,0.9772917319023993,0.7065345221457245,0.0
568.7738994638854,50.030525513157905,5.272508715375807,0.9466097698265722,0.592424587626196,0.0
107.11441812289985,549.0110586725464,5.903108240327626,0.962102143388676,0.4666867698162298,0.0
366.2127365333825,-402.44119624406386,5.708684231244949,0.8673536171111821,0.33855135411897047,0.0
-189.06967923490376,510.9201971256334,5.777575215428494,0.9012920952551934,0.2570124447546824,2.0
161.7903245816772,541.5168155409109,6.242093550506522,0.9323464259267422,0.311046161792341,2.0
430.31876399230435,294.7031052734262,5.752119284173715,0.8863073276899264,0.16521911613856013,2.0
-264.3005676689543,-416.3606327175001,5.36348204897928,0.9146198596755476,0.2569686905305092,2.0
-518.3023267295928,-72.19128822177325,5.713910547185243,0.9045751083386308,0.2566606959642891,2.0
256.75841021042766,126.03451244899004,6.528470461939726,0.8583159375079099,0.11308946584541331,2.0
65.71903059832758,558.5295160616231,5.935038549071339,0.9415122000724278,0.41052325806941364,0.0
167.559503517385,-507.0516905398884,5.112526613891007,0.9156169540223646,0.3575302131752815,0.0
-118.7072346602353,539.4864149098755,6.570832821849126,0.9467298841327861,0.5062612222187026,0.0
-214.57576531696006,-474.26741415953603,5.424165178598581,0.9038717554656649,0.3242506793704376,0.0
441.4382636003242,-359.24795993137207,6.20122406930243,0.9326215062721444,0.3930644227224774,0.0
81.22955578747047,-537.1850623318527,6.221556737254907,0.9270724257552695,0.280109073541543,2.0
247.73567972381903,-458.5265084751171,5.8753703716762,0.9007599803191811,0.20535060260641114,2.0
426.74314497830915,-320.68216881375537,5.913637272157857,0.8760071269062917,0.26339851381126195,2.0
-309.2554188101212,351.5328607812893,5.004237988037066,0.8456316175558785,0.20496296632141517,2.0
513.1212442754156,236.0842103813894,6.8309432140030015,0.9687429718502104,0.5578684397031347,0.0
-166.99904066305808,-542.4986316518649,6.994360790500408,0.9871545338645232,0.698989293007951,0.0
38.645072578998615,-518.794537414199,5.153031114665861,0.8709881237914422,0.24637926987202113,2.0
161.61146329529504,-498.979508883054,6.089905993490632,0.8870726904398987,0.1712964058315069,2.0
-432.6822281999747,-298.01055223140656,4.815670326335989,0.9251563131790758,0.2997366767650042,2.0
259.90572998429036,-483.9576288778001,4.952950031692434,0.9567850318742289,0.6395063692469551,0.0
313.1914006082797,-422.458780112996,5.138660492161168,0.8661338800985315,0.2264667134408744,2.0
-207.6995863438043,-482.7229819027131,5.838636380973345,0.9373875483031809,0.4087808292810339,0.0
165.47261718506874,-517.4874986087551,6.606909419372099,0.9170338659852767,0.33804016331630504,0.0
-549.4539656079614,-3.2635790367617723,6.100043389937099,0.908151470831457,0.23648354353841353,2.0
69.44618524582185,547.9635204195104,5.935038549071339,0.9059215930639192,0.3192561717251771,0.0
177.3574029557392,-506.93871641398204,5.736054759585153,0.9452232757259862,0.45113031258191216,0.0
-45.88739756829755,-532.0820221317177,5.375009141701966,0.9009120641790466,0.24569429886277028,2.0
-212.6420660249607,419.5289946969432,5.2222993603426,0.9275449535449996,0.30036757130095065,2.0
-522.4326089455482,30.98660652792862,6.407472019226616,0.9143120932472797,0.3287849859961728,0.0
-132.55857398219518,511.5703855574603,6.703403430825548,0.8985046360349628,0.2964050952732425,2.0
-467.2321910271177,272.6780375219314,6.114418577182556,0.9043656704056849,0.21938152189734203,2.0
477.43236732881417,314.20479443454377,6.808014192358185,0.9604876147085313,0.5505289284461613,0.0
315.4044247125639,-451.1095715581776,4.8023480045147595,0.8909256699177289,0.3797413843008233,0.0
245.66026648737915,497.4546968588996,6.322922791888861,0.9634030888794546,0.49857867769198944,0.0
427.14534478546926,359.12475661775187,6.4229760731283045,0.8896188595764931,0.29067667522765495,2.0
558.7585014353482,10.056292518774045,6.655795943095693,0.9302692856839262,0.48741121034076523,0.0
580.7173911056664,-49.58083924394409,7.44300996585217,0.9766906449784976,0.7642494741683893,0.0
-171.3556007938075,500.2880874131303,5.367905381670122,0.9055372181098434,0.23366493355221227,2.0
-265.94676509666084,431.9541854498301,5.068851318070087,0.8375467340960433,0.18590609006574177,2.0
-372.92284718205633,-381.7579752000079,6.354753996115873,0.9320488544717426,0.39767117920552447,0.0
-215.62154279394872,488.76811764475343,6.004847888003079,0.9299654433789573,0.32858713927373506,0.0
-484.0986055140763,295.38976878470856,6.882121648310077,0.9910470384043281,0.8316851398162198,0.0
531.2112414758705,49.29550168038539,5.378286530084137,0.8538759740512877,0.20569958868469013,2.0
-326.43005408120104,471.02171746522686,7.439103916132759,0.9838810767949294,0.7901065196023219,0.0
-141.68284342399176,-481.5372321835382,5.6283887143810025,0.9244272049783819,0.28220266354806106,2.0
494.5533223981709,216.9143826620776,5.044853331694122,0.8706587620256028,0.2431164957095637,2.0
-364.32910730617164,-119.20390065907726,4.4309897403798475,0.844291699886236,0.1999780318620859,2.0
185.10560704369735,503.43840380035397,5.328636168218908,0.8116915334546545,0.15350449162631463,2.0
-166.86655962511205,-507.69003096796627,5.892015922461229,0.8911557674125903,0.19170221194205622,2.0
142.65467497784726,528.9579097302798,6.3688577371361355,0.9458158894699341,0.46139873454857,0.0
520.3596384563587,193.2488770150173,4.742062813615228,0.897957254038297,0.391808420331575,0.0
230.8798025813659,483.94831614274625,5.875072377890973,0.9334999021445447,0.35627368688170297,0.0
531.1733757549391,66.84011151016593,5.947905963773415,0.8889379651530912,0.2903748446711412,2.0
352.2499297085343,404.1375884942664,5.681189839593258,0.8894617164743557,0.2927196426509942,2.0
368.0489620140583,-241.078558618779,4.934898584760428,0.8690002284206674,0.28168072780470055,2.0
-525.887638214816,60.81317671636568,5.444061611756632,0.8805024078198646,0.2680992226605606,2.0
-168.68449777208616,-453.9573541234766,4.786707388341142,0.8778282397735306,0.3540576385337046,0.0
-481.6425166140674,261.81058824203564,5.91854250351805,0.9357829728758681,0.4587043667936671,0.0
-540.7853869040006,-22.258247514055185,5.4280229423195845,0.9243209594879381,0.27812447371138493,2.0
-510.64759930286687,220.38862401688223,6.741687012459728,0.947955244000584,0.3678436970849086,0.0
-539.7086908486735,25.417441816060794,4.905865841439707,0.9227493150513562,0.5527509054674551,0.0
-332.21325653417415,-397.419843144859,5.6506663005656605,0.9127837539873718,0.245391023743717,2.0
38.08241813548063,-536.6977910817728,6.594996787962288,0.9008042448676279,0.33410450119469876,0.0
-115.42914275870287,-549.9134583786225,6.336913009710428,0.9663606043388013,0.5719511407867468,0.0
-30.031896976510584,529.1264143822234,6.392008741857074,0.9161491803138493,0.2953997262233903,2.0
7.218844771024019,52.720523757387376,6.345078264848973,0.9033676462141439,0.31526152280968317,2.0
-534.7278918461797,-130.49094513790402,6.358727685840874,0.8960781748395152,0.3191352962811821,0.0
226.8428750328126,526.1490137097883,6.718453033062564,0.9661156836192607,0.5197157576984947,0.0
-523.7073811117793,-226.32969322398003,6.865922106294584,0.9723753769340647,0.5982131172715711,0.0
443.0337122132179,-370.67627163217804,6.377767824540793,0.9774333135610733,0.6629591913294238,0.0
362.28946854225075,436.3852224227068,5.238501559237619,0.9478782117416179,0.5885243832740631,0.0
-494.9744815218192,-216.21847679500235,6.435420886739426,0.9319039465004557,0.4696309484754833,0.0
-338.35622465706496,389.6698434541039,5.7602983021952605,0.9010520420074495,0.2710710294347531,2.0
134.94826079635683,-543.5933335100411,6.51344498598029,0.9281588234292569,0.5245923114959042,0.0
-510.43618175331085,82.92142200155402,5.855734503751572,0.8945786979748721,0.19260582037504137,2.0
-45.49547602017681,543.1615495253053,6.020021854121891,0.9231621280482074,0.35618811064335415,0.0
-305.08799360280096,463.54806370906886,4.768068270163087,0.8576506179063268,0.32681223493470596,0.0
-550.9682159255862,66.10271816662316,7.0453069210235375,0.9495471445696126,0.4404601377807129,0.0
391.90486178068295,-364.42757424470807,5.004912827675153,0.9054244893632246,0.22419796374464032,2.0
365.5040677931399,-220.99375899357423,4.128372129546094,0.8238756859857378,0.2906443006497946,2.0
428.0710086660519,323.7942927259074,6.467253476855536,0.9157874946094747,0.35929980260245753,0.0
222.53558385664527,-520.667675114917,6.609132536197423,0.9657027541190131,0.6447590794652319,0.0
-441.936726143187,43.523069488872096,5.483581391216794,0.9061206865469136,0.2549060233921441,2.0
-504.17167439626184,-261.74611493218566,5.045808187880825,0.9870286926545463,0.741542971485382,0.0
360.35896130843827,-238.31742301332855,3.5136479500108755,0.8685589868204279,0.2762873724391158,2.0
-438.4707535402109,240.4540383579397,5.39931259430829,0.8794417189868287,0.25464653175928587,2.0
-527.0972799405253,41.23369486160215,5.907835990485959,0.927794112504336,0.36736302253076514,0.0
-568.9070192717154,-3.8750164683109567,5.354482199732814,0.9325221884542934,0.4698345351906036,0.0
-230.91774894191792,492.4607901775746,4.246068661600695,0.8566083899131961,0.24224783362426178,2.0
295.8322660585762,422.60744009406,5.823721205285012,0.923658991584704,0.27184562587452815,2.0
153.61411602767663,562.768492851756,6.227896512566238,0.9835445767497956,0.7872528991873347,0.0
492.86372360253887,-277.26289396199815,5.923199232976765,0.9539869809499314,0.4644478834806923,0.0
47.49702560258532,-518.4785596443159,5.086972585535814,0.8415549266113933,0.1850450695165654,2.0
-205.48595242597017,508.19644539458,4.8328108583887115,0.9230186749671679,0.37198040542577127,0.0
510.6342595055974,-42.245695670051816,6.079919302310854,0.9238982508456653,0.3075651654060386,2.0
332.0952610078739,435.77373169008155,6.049822168527974,0.8999178372510198,0.2754808550862103,2.0
-69.09536881886648,491.93338577889284,4.789375680331715,0.8173861751780123,0.17918931305320138,2.0
460.7712947930551,-339.57940002078215,4.568123335346269,0.9860092287083204,0.7986084356270967,0.0
92.68246712180463,-521.5271521735342,5.911435786337633,0.9293524781288145,0.3166447770985791,2.0
-234.34173389787682,-493.04770967567816,5.793510190626314,0.9132441312707845,0.33727367675188186,0.0
317.8648027482925,418.9117577739847,5.894076638314794,0.9283302781999627,0.3044068379378144,2.0
-547.0946082879918,13.574430174050802,5.010321123964742,0.8804318337166164,0.36033936608829736,0.0
525.3484863263553,236.30858592555933,6.366439466021764,0.9670008379570164,0.6512698910808351,0.0
341.7055866622631,431.477181396412,6.088996465401934,0.9043808441698069,0.2781139717593791,2.0
496.416008921603,206.70491655783297,6.744522614066242,0.9355594443523519,0.46309248401170483,0.0
216.64982211419974,-531.3538342578324,6.499476807231491,0.977033190726786,0.6929831264128881,0.0
404.9537694691385,-298.7657370362723,4.986661159508559,0.8950545138345906,0.20101504329262887,2.0
566.860308058265,-13.694973603150242,6.629051065551156,0.9312491128570382,0.3759927630251782,0.0
-122.75150191192752,-515.0955523472711,4.767705266278678,0.8649706253745431,0.3002035367936895,2.0
-466.1137945760732,-218.8880040617797,5.1544675340712,0.873488517325412,0.34879407087324926,0.0
-549.9387060849912,-120.75812149020638,5.166408673156189,0.9599758458069899,0.630475922926169,0.0
316.33793846227263,-406.6886095060565,4.646095094464481,0.8985723613577097,0.33409709419610484,0.0
124.3403703908306,540.4972293131631,5.9066881051012015,0.9632224084914802,0.49308657040125153,0.0
265.4427119421703,-460.5131803758482,5.683921586049708,0.9084932415449969,0.2539928599114149,2.0
123.28564594530977,565.9361939990482,6.200683444578826,0.985119796163936,0.7945928553260425,0.0
-451.4876275141647,289.6355566053072,5.22327674455037,0.8600973965696547,0.21271863314473113,2.0
-403.60921118385784,-316.28160221962037,4.902557911439117,0.8081177550293506,0.1549837626948975,2.0
307.01188026378594,451.39847343652906,5.896376024922794,0.8654867931185871,0.3376045737231734,0.0
73.09228586253079,467.8576635747757,5.490245617620072,0.8755813920076745,0.27204156948918023,2.0
325.56361843656475,-463.8946438457165,6.56362053981541,0.9371275228081304,0.3995673585834145,0.0
-421.5680582899019,307.60308448657366,6.5643054043954905,0.9099763161377111,0.2619232007084999,2.0
414.7012398042919,371.5136306005596,6.646080273056785,0.9147603170982973,0.26084241706278966,2.0
-409.3654645899989,-177.34854088317553,5.950227340997344,0.8493067000400655,0.20163453056937114,2.0
465.335550081068,-134.14670453901084,5.471627675352973,0.8902763150960348,0.2781313798809694,2.0
292.45567471707403,-479.74651197696596,6.365208295463491,0.9608267606608059,0.4981301540057619,0.0
-559.5601130976427,115.47397096409968,6.241317534160055,0.9819384501371107,0.7818928801274163,0.0
119.51040225781625,-402.86898448266936,5.106215666707568,0.820579101061658,0.15103870463415373,2.0
-335.94449958175056,399.77010557261843,5.7400533030820435,0.9142178182446895,0.26687508803484206,2.0
-458.8464123551533,297.3556640070479,6.704819464292948,0.9305050254160268,0.298845782888127,2.0
10.305176951549203,556.0644654643581,6.1177671364631,0.9420748875667301,0.42428720439563294,0.0
-507.92369607982687,-178.16463751234332,6.560416585503623,0.9115230945003961,0.29143675136938296,2.0
544.6905094167635,24.73296225993071,6.140385468730267,0.9068635405880444,0.3009712608124924,2.0
-77.4343661303079,-548.1122674260164,5.781690706602502,0.9516901376645505,0.4669790160319511,0.0
64.40966502539507,-523.7040176787541,5.809673253151526,0.8955811516344397,0.1956219880874984,2.0
412.4634401545231,394.8742893304576,5.160556279649296,0.9432006985642108,0.4303899631033436,0.0
522.6564205987012,202.94939732108182,6.393231146008666,0.9372088868501224,0.45393094483873503,0.0
-311.3945613172604,406.32905711228545,4.7573635856132785,0.8911519165535642,0.28258565391293755,2.0
122.9101058659752,-485.89811926805885,5.625848465010239,0.8453509466591727,0.19911157380019082,2.0
-526.9931491128531,102.92832452809783,5.009286858400646,0.9017521755809831,0.34273044204981085,0.0
439.42942619547887,297.0569292846324,4.970210317105347,0.8422731943193655,0.1846043971305158,2.0
-503.4699425849009,-251.44732666063706,4.986812171518374,0.9351304518539948,0.5640151935408393,0.0
-294.0487960624596,414.5902777501697,5.595138271812934,0.8891438608626874,0.2790483134529826,2.0
297.7043101572436,-469.3508763789583,6.284999385087869,0.9306247744198841,0.2939253607335815,2.0
430.5059974994122,-376.52201489231487,5.428618201588228,0.9431120020332312,0.5020277873405516,0.0
491.91630348849714,-236.9400973203004,5.653208220428609,0.892129255825498,0.39153361230559425,0.0
-454.1040999610336,260.9892975887349,5.298929748426494,0.9113145407403882,0.3414346215945642,0.0
-188.89106374836842,499.7261989618887,5.677929514716697,0.9071403853082064,0.2664843531300392,2.0
186.59492163033946,-485.62894480536465,5.571325531587089,0.9205784372309389,0.2823406241484207,2.0
358.24149363560844,-448.78792489112516,5.839548947235209,0.9569136598008007,0.6175405716834399,0.0
-372.78437490497197,430.35598065241453,5.056786650102613,0.9881112407948052,0.8107962117346313,0.0
-463.1960882399996,200.57293053494737,5.246398272324236,0.9169313908143388,0.3406853722881477,0.0
-370.60601480983746,377.01084061434705,6.463222676032774,0.9525855670851744,0.5262464945069153,0.0
105.61547352376414,489.0978738501862,5.77362505041363,0.8993919289844854,0.22101703858635652,2.0
99.08890614192013,558.2614461613372,7.088422658871498,0.9716650258147367,0.4887344117704571,0.0
-549.903807620995,-51.36693343135324,4.297055429152911,0.8337081505283453,0.29827815344100406,2.0
-418.0349271147213,316.6457493098422,4.623412465420702,0.8493816223258124,0.3125947712449737,2.0
497.3077894431982,319.36303691026177,5.145111426144517,0.9889218855094639,0.8212252509946042,0.0
505.210719109962,293.42641421300243,5.376138665976821,0.9897693621717082,0.8857124227395998,0.0
-6.725197527125495,-510.8791884332327,6.21491042924049,0.8940785425882131,0.1922456319306947,2.0
28.20629325669257,547.1677974625293,6.792629656758084,0.9553838426623568,0.3972961166600456,0.0
-486.4067635442932,-260.73824727984703,5.631806673622562,0.9031787016442224,0.26999291378619406,2.0
-463.04943114374896,-290.2712096943175,6.755426228313933,0.92294378493276,0.35679504065941875,0.0
286.7818830589201,427.3148504550808,5.0446297930447415,0.8834433660348511,0.26482126835589387,2.0
-352.47499431412814,350.0659656432356,5.455721144194657,0.9338430451894605,0.3222471495364509,0.0
-399.23943886667195,-262.4969996889626,5.016341725968795,0.9012559807974624,0.20924599905091318,2.0
78.99666851150766,-400.14091904205605,5.714904789633423,0.8600091398463602,0.2210880895440965,2.0
522.8188755020751,-45.18464938643048,4.990880222682258,0.8848300467216466,0.2904457828605486,2.0
-488.2556177323741,270.5107714200547,5.91854250351805,0.9478426097497797,0.5094923049829978,0.0
459.44635401978206,279.41108535064524,6.519723149278637,0.9363126059273731,0.42266862128588895,0.0
-556.1571998481143,-12.136397517202301,6.234329912292874,0.931996449401746,0.3083248337056902,2.0
286.08037710658107,508.2223716317267,4.874724696171317,0.9756141369654908,0.6840089121038676,0.0
-240.49472274322272,-464.0969618876039,5.674624283811809,0.8845243863585872,0.26177163664871933,2.0
-297.3689370001539,458.3230220114459,5.813808326383408,0.930124807222706,0.46557366943596284,0.0
435.534435939664,153.051907967187,5.049687216689322,0.8615714048014884,0.22339759829862943,2.0
116.23963495887106,-527.992787207,6.003689480470802,0.9338275743914014,0.31364442041868595,2.0
469.1781497460952,-331.07870999796296,5.244914836273069,0.9541836971154259,0.6233324635753782,0.0
458.1296888788919,340.2791978698509,6.991831353698138,0.9593128365954328,0.4957678783034268,0.0
250.49223624805992,-376.17577611782866,5.866835810611527,0.8753301277635793,0.2491716739037938,2.0
-399.5792560546584,-367.540895599814,6.736719079113326,0.9037852684766445,0.21734955190958094,2.0
-474.04204640028746,-140.57991192829436,5.1322569013645385,0.8627356681292324,0.22090361154717864,2.0
509.6658588614257,-69.81886850685173,5.746225049306453,0.8347256711234372,0.1711056781633542,2.0
-502.71816611645096,235.52137260762635,6.218870389656064,0.9562541053426232,0.5342012146372841,0.0
-318.47561288533484,445.9980547600142,5.935587208853759,0.9155713045257362,0.444459107858357,0.0
-451.32485802713825,-341.83439705422364,5.644250423711992,0.9410341734864462,0.4453290336805933,0.0
462.6354364210085,-307.39213276325705,6.410031778984281,0.9158038540668482,0.4315659023744224,0.0
534.0763943324457,155.87745145826804,6.483488791597989,0.9396312300260375,0.4846675637750147,0.0
541.7365812929601,-158.59226928205143,6.3809353801918265,0.9561413824055868,0.5420014491801111,0.0
83.25830201493284,-478.66832971326005,6.177664953449087,0.9163842981732334,0.26617271197210063,2.0
-164.46735702624522,536.9413544533223,6.546031586238757,0.9550807872400817,0.4610527841524547,0.0
-482.8432177057278,236.772467207274,5.250444859157408,0.9322247365644163,0.29924572384037956,2.0
-8.241647025679411,-570.3858426488848,6.228712859113238,0.9868683665911867,0.7469577129421349,0.0
109.42662735872331,-547.7711495956028,5.58683412605282,0.9397674161964457,0.4866627316637119,0.0
-187.07545542405592,-503.17930495375083,4.596867451062413,0.8500805889222812,0.22022622105323456,2.0
536.8404774410568,116.38291508011166,5.849922822487397,0.9075561753005029,0.31440057224057666,2.0
241.523428113676,424.54555787197467,5.709786619862161,0.8566361840666901,0.22336334158177581,2.0
102.61450782073807,539.1431315882978,5.758088913886274,0.9124129277549824,0.23926054855135936,2.0
-310.99287006375226,-401.2134624534052,6.611585202155997,0.9050922462293277,0.23940424381629002,2.0
-384.5184377366458,-336.0639259698854,5.3102102551158445,0.877342751401429,0.2523124145322271,2.0
438.00568659718226,287.2708990130666,5.971149728885166,0.9411897445630296,0.4502600615936898,0.0
330.5638177403073,-396.04783826439143,4.769945424237747,0.8336596380167051,0.19309619383573037,2.0
-104.61857603648406,552.6129605937789,6.217085672824469,0.9633380650665923,0.5697750681969795,0.0
380.0205733323839,427.1538235714262,6.4151529612876885,0.9494587313859209,0.3995465760888045,0.0
-530.6969685721315,-152.98016600049988,6.2582021032462904,0.8707722147861334,0.27140118004545394,2.0
475.8202748844931,-195.064519010814,4.007130616445134,0.8640020838439202,0.22976156934478895,2.0
-538.3787603764191,45.507738535101325,5.868316433040925,0.9135131044316641,0.4450717469809997,0.0
-524.7916941519808,147.71648664269154,5.917297826795948,0.9057818696778762,0.3494110190938922,0.0
64.70380340840997,538.0391298301275,6.3719281673867485,0.9156601146849104,0.33418096478303133,0.0
226.76611292781962,-489.76972729434146,6.044480109035588,0.8950191411690859,0.22387662706827238,2.0
-5.280489351934267,541.6696994446572,5.182442113131944,0.8833311042174927,0.2834103676999905,2.0
-383.7380899375015,-59.46610557928063,5.910280131989943,0.8912101758127271,0.2977601847932225,2.0
-289.3975329725828,-403.86012648940624,5.543289793137756,0.9239458296853083,0.3053314351004476,2.0
551.5509315488687,-97.35171351718951,6.956961809544608,0.9199577503743693,0.39591477454200596,0.0
-220.34658630781595,-520.5853912123587,6.682742196826835,0.9392736393803819,0.4952248178139453,0.0
-63.665365713789114,-560.7888149154634,6.666995850904339,0.9562351020940455,0.4663215725840411,0.0
-143.6493707782528,513.0264937510359,5.973469678573747,0.9045997338488919,0.4019005714445673,0.0
-328.09819644592466,419.9017865845949,5.590177376093329,0.9449946435647626,0.5207751492332239,0.0
-490.6820088712029,-234.96593993366508,6.3693871377927795,0.9256842333349804,0.29080355101193905,2.0
-143.0070143749831,-533.0160115897289,4.628418829556587,0.8939370040831595,0.386098392145898,0.0
-10.42767369562133,574.0442369056784,6.586240971788314,0.9861251246997244,0.7985934174647582,0.0
21.26720821292206,-551.4438428378451,6.378285868283609,0.9265894046054387,0.3702797053201556,0.0
-476.1392495418414,-154.45399618460837,5.844723796051486,0.9051753607911034,0.3090921305910347,2.0
-366.48925867330826,-399.35043133608764,4.996879399039602,0.9274624223865943,0.31741929814122716,0.0
-256.7656778871699,502.8266384281762,4.664182894261675,0.9778722989650505,0.7656779141993995,0.0
-518.4545842509749,-104.37302837774737,5.603505217065133,0.900053327790474,0.3251878634472879,0.0
-440.6275235589267,333.9119270115341,5.8407342621358564,0.9537814617394793,0.5249390033113708,0.0
-197.82316048601078,473.99532274028934,5.13724664096933,0.9152940427720134,0.3515901803373375,0.0
199.8669038523459,-502.316793572413,5.750564052949837,0.8791273629897806,0.26966057400024857,2.0
439.47784995473313,277.12307312098187,5.406334529874242,0.931049102656477,0.402607949514413,0.0
493.04924392774075,42.33586865087045,5.389660720825227,0.830202111851026,0.16676006485899048,2.0
10.315678170452346,-533.0840942699277,5.8528928387329575,0.886908547529732,0.2669714586205342,2.0
-523.9583303553228,-194.47605686836593,6.66272804043465,0.9073435786674839,0.4086854386980784,0.0
-316.6133142427697,-432.2507869927833,5.4880660768131,0.8959639924622471,0.302814323055703,2.0
404.9075090503481,387.6599439416988,6.370199373239919,0.925335819949895,0.3576835300303214,0.0
524.2475031639343,248.15939773714604,6.232210885208842,0.9832107919378029,0.7856914829235548,0.0
203.17809818057268,540.912774185656,6.841874230162252,0.9805415898016664,0.7813303438330523,0.0
-8.858314342232276,562.8812788267309,5.459538447697781,0.9576970808702732,0.5416668771057017,0.0
420.44195377560504,-361.66089071477876,5.4405169107982925,0.8692744022539218,0.2487086887495943,2.0
303.54857348246617,460.828612632953,5.5446647213689175,0.9170179840745156,0.3925912709461136,0.0
434.54826314693776,373.9985019371223,6.080964056511694,0.9564327821020038,0.5384123876222635,0.0
474.47319348201836,-308.6888244564014,6.357048672526176,0.9540298247155409,0.46572847463779077,0.0
18.922629440540113,51.11483375548082,6.3417458726393905,0.9085222133237678,0.2679079037611576,2.0
465.0623805084666,-253.92344767526802,5.759842760613136,0.9103287018399928,0.3181690970601573,0.0
548.5539793542591,-85.87377783159806,6.529703671780128,0.8879552368543624,0.2694040727862138,2.0
490.29728516696514,289.3179327901571,5.814383366320317,0.9367059289732942,0.48514537683929815,0.0
-307.1213555272724,-430.62736563138134,5.792015260058604,0.8540258643766437,0.2103638208482721,2.0
550.8677261051566,135.95642503011123,6.237555117246622,0.9515905769986721,0.45751586526986754,0.0
-456.3768363916464,-314.0864251385709,5.446020033173576,0.9287756404623053,0.4844346579214181,0.0
-474.2717355779736,-331.9776249976491,6.247005756505186,0.9899966510329435,0.8206180309602532,0.0
-453.965130442898,332.36863740063075,6.4558577911811215,0.977865822018029,0.7658891154134297,0.0
474.9518382056807,-287.6992414877722,5.793297859804294,0.9266631432952362,0.3977229333983266,0.0
113.28126819170102,539.5922027447588,5.933424343810925,0.9203420313224807,0.2639734132407897,2.0
513.0746533840683,-218.75716687103818,6.724214631573211,0.9368099358623054,0.4773325230549483,0.0
-510.63363068188863,93.15801027654267,5.180816937716431,0.9258834773547087,0.3579422479201067,0.0
-432.03943781493393,-345.8025141292763,5.601809482604761,0.9662014262368717,0.6289575695021131,0.0
-36.69898286329442,559.8679203524551,6.034051128370191,0.9482898776988745,0.4283283348743959,0.0
346.01534585362003,412.10727668702594,5.548136536335663,0.923189884205263,0.356961186429981,0.0
-185.172320656099,-530.4889944694122,5.249511062803078,0.9298876566821619,0.3967805462113612,0.0
503.15514736986495,219.0991129610731,5.177202362642242,0.914431759186515,0.46844949636317734,0.0
-310.7538481014834,427.81215856063244,6.439907421800626,0.920742744918253,0.3760219431205666,0.0
201.98894884171835,-387.7765385748391,5.501043227480204,0.8582325771673446,0.22039614584075148,2.0
-432.69352530726184,-358.01997519214035,6.683218464588416,0.9293464114777403,0.3573638931530628,0.0
340.9244390374463,-411.7361993752413,5.68765029955858,0.9099992211527524,0.29417759325681087,2.0
-572.6099175439689,-118.60987621917585,5.964063053094259,0.9859980096816539,0.7984647571819872,0.0
497.48716654060365,-254.00493290057307,5.9764915512646715,0.957393430683022,0.47307231113809733,0.0
196.46923139974731,-379.56996392036336,5.242491243383188,0.8617312399340421,0.2261477148176486,2.0
329.95402095993916,446.63543961332283,6.496315383756047,0.9099845500371704,0.23713566318700413,2.0
-531.4839645182748,188.13256853859784,6.331485642518332,0.9448360403065172,0.589361219462644,0.0
39.06763641981561,567.1842195350085,4.890343372948027,0.9434921826417964,0.431667788662133,0.0
-232.01080773407708,-516.1764796283351,6.416751953637334,0.9565585401341679,0.46262609112764597,0.0
515.3478734641062,146.58699958557492,6.182239472026939,0.9406856144797306,0.3486514478328971,0.0
-295.5089478200985,-413.09609630031093,5.68111084501893,0.923129456069864,0.3063248258085773,2.0
154.572418498343,-521.7190176387942,6.379410148196131,0.9297032877901117,0.37435337793123613,0.0
-163.28159865723296,495.03973450316613,5.076458417471379,0.8861479093258638,0.27902245673092096,2.0
229.86145770249652,-499.55132986376617,5.61349165847194,0.8962471010047446,0.287403804316602,2.0
-223.33546413727126,497.21294849553044,5.775157125755869,0.9067345535178177,0.25358897175893974,2.0
-463.25741000653716,263.3024634094856,5.0706131719185406,0.9118711366251603,0.3208656060226381,0.0
-551.0918350191452,107.1515944942354,6.268826530292432,0.9627461587593931,0.5606269508223753,0.0
-475.33609733951505,231.424730271229,4.7782940616920495,0.8536827770046144,0.21963862987305327,2.0
571.4532392835822,58.54370823928585,4.55332524636586,0.9658476544198432,0.7318981241458438,0.0
20.59084064523069,537.2499796023895,6.0538025041132215,0.9211022622106727,0.3122693005467658,2.0
477.53008051850327,216.57999783951456,5.485345514756143,0.8919848259125721,0.20296898016601533,2.0
-532.6433844097916,-42.68927680612633,5.893296367787721,0.8676685023978865,0.24017771479114897,2.0
-557.8440819269025,56.981349372593414,5.173727813507058,0.9467787471421434,0.5910459739909406,0.0
-532.0663117819904,-54.056464453741974,6.767353111105195,0.941461708707022,0.4077142489959189,0.0
-258.8247214153277,490.3865329447207,6.26749206223962,0.9308189682999596,0.5624997671336256,0.0
-551.7194813588561,-172.71102668666734,6.298604865533119,0.9785155026957353,0.7024007676374616,0.0
590.7143859409946,-19.934680477456247,4.832335005096982,0.992200176714546,0.8953538868818431,0.0
-268.65248847274313,-408.63944008245824,4.160876204290895,0.8648509245447733,0.2294571610867074,2.0
-574.5211149953411,-50.432820202409594,6.011927639428405,0.986439210527504,0.8748196944027878,0.0
-568.264111018871,-139.7658854706523,5.406332121990783,0.9819503627869564,0.7964037844293913,0.0
89.82605461381742,-544.7747001718246,6.289142844083276,0.9520595896539183,0.45685530199793556,0.0
-520.9137554470321,-143.59151400494807,5.572056942675437,0.8998188161863565,0.3141432040466298,2.0
-337.4490346369929,459.8543534308687,5.9111639337585355,0.9723097474473538,0.748513348983787,0.0
351.6975054656071,436.87725924005395,6.637828247907964,0.9444337549864745,0.44152460178244074,0.0
-288.5367561247078,475.84315436570625,5.800177867990018,0.9027053260123241,0.3485033154410819,0.0
510.1252951538098,278.7040770043918,6.08763604830954,0.9911345872630023,0.8909026662500623,0.0
76.14978462037904,-273.6433260455156,5.9844049424272745,0.8755988444598203,0.2835372169072123,2.0
559.1921083744008,-110.65937653494828,5.609936213896546,0.9389387541994495,0.49248956750278183,0.0
80.89652894698361,523.730399311928,4.83074773101025,0.8185317742621637,0.16456950998573733,2.0
217.29656957034038,539.7384961988932,6.48796062220021,0.9804704640678676,0.7920114621144594,0.0
391.35305396936593,431.61580147529685,6.322216244874535,0.975232471074135,0.6831265685185722,0.0
364.8677903282723,445.49372926689864,4.735764624481205,0.9691661301118832,0.6660263231439474,0.0
-161.53718960646907,-499.42611733133674,4.68229569747991,0.8849663184525038,0.28658394490852773,2.0
182.44116351129324,493.10738428444364,6.328257829303628,0.9164311925128951,0.2543950592471074,2.0
54.53105107328645,463.1964492033078,6.22578226710142,0.9339654979052597,0.44455748615455964,0.0
-221.79056257339127,479.9511321979271,5.6457923968084,0.9066273102898094,0.3252403532845376,0.0
259.39556349709994,429.1214816400294,4.3271549597474825,0.8143524679775694,0.14238230248756809,2.0
-98.51115346963795,-511.8893203373819,5.001399513914752,0.9003868508267171,0.3070267299854352,2.0
224.01692793985524,503.44242960015634,6.438165978627262,0.9539048051566784,0.47187856610346757,0.0
-526.2379469155096,-34.04949734599626,5.6456398287345015,0.9158521340073759,0.2970307697021532,2.0
-378.8422053949847,-52.33069846047706,3.928916755434357,0.8536185540772039,0.2444185822570152,2.0
-495.5153598813809,-256.4670139946235,5.4718911268788535,0.9237564403702644,0.2878412019397391,2.0
525.224074031446,-196.78284582994155,6.730096139662077,0.9514887658282066,0.4491556948258205,0.0
344.1436858326373,-462.7737682378364,5.351931699295105,0.9511503948084763,0.6032441879262372,0.0
-54.98049553847885,-532.7109005130261,5.025421426731424,0.822214047897844,0.1537154870948974,2.0
183.8666438253808,482.79819116908635,5.108354016756318,0.8487901914593805,0.19742760328881034,2.0
445.5202403533435,332.9896824703011,6.152339797622594,0.9536312016936824,0.45295634229300774,0.0
-195.9452863697358,529.9089669597037,5.403231019662581,0.9795706769981604,0.7004579004465602,0.0
529.9441959274977,-152.02887621614752,6.226682304876275,0.9223334304959184,0.36723378133914614,0.0
475.18074379890373,-269.57391831691916,5.814632467816777,0.8651260201453617,0.23188198361063,2.0
-432.882819171754,262.0564489544614,4.244598648373721,0.854660565567113,0.23107915868826387,2.0
222.21104512673907,487.0674342167699,4.892655577710758,0.8230581587839014,0.16690845859439296,2.0
54.99845618751869,-529.1592893396535,5.773173180252195,0.9154677922063339,0.33457997535344197,0.0
384.74327986105914,391.1869715503162,6.4324291099707205,0.9277708075665612,0.3825338248440067,0.0
327.2300606780649,-426.4227653338151,5.68218891715584,0.9057438704207553,0.3069619921771825,2.0
-135.62385674291363,553.7336371579613,6.45274938228939,0.9892832182065285,0.821487149143135,0.0
-524.2220688545489,168.09470452462247,6.281205961645766,0.9252206422987143,0.42419148862921824,0.0
428.3502895286219,337.27760798941097,5.1778751799173035,0.8947118028641268,0.35448753435317853,0.0
-515.051990792337,-36.64688142219984,6.137525867093871,0.8912020118597194,0.3159220493095058,2.0
-314.6897406479028,436.9842192527139,4.957171082831444,0.9008192672656247,0.40362306586918156,0.0
-247.95246179184028,-105.84085455949652,5.468747988998027,0.8578506193371426,0.20962805876820154,2.0
-312.7192815449446,-450.4112934141496,5.333132586793886,0.8916839640385338,0.2762779718589786,2.0
-187.0486426663878,479.7968328588123,6.06166183951215,0.9147081882525209,0.42724415806792543,0.0
-313.41189774186387,469.48896206693547,6.418638889355138,0.9807252576210975,0.7344593034734742,0.0
27.196897168230198,-536.4972098236296,5.825742315558663,0.8793526461775383,0.25460166136508183,2.0
-464.84573098021605,317.5032763359887,6.3767891956588665,0.9888951831513177,0.7547708414580855,0.0
365.0947719197057,-333.42471943523617,5.113522841399971,0.8773841684371905,0.1652050800164916,2.0
205.86966785223942,513.5648071895728,6.098315018141419,0.9640055473939751,0.6393876205822949,0.0
308.35116558846494,484.68691598326063,5.910698784658606,0.9587811168670506,0.5836093815442763,0.0
-244.92146349061468,504.48298038365385,6.029625529283713,0.9733650855315161,0.6155423174116398,0.0
-0.1017502417344237,-552.1188951862867,6.077553375232364,0.9179260466659375,0.3665298598021149,0.0
-519.4288782864243,125.14878239602521,6.150531997166981,0.8983421606039239,0.4200545926253056,0.0
-196.8655016209394,504.9510007537842,5.24037489318464,0.8887897126381706,0.2728820676885058,2.0
59.23040453109245,549.8390626699372,5.627910337743008,0.9248432444334278,0.3597447575984663,0.0
-358.680550654814,-113.3814949517251,4.392658681025727,0.8142979102365911,0.15897085891586044,2.0
438.143318225513,339.86332975304254,5.045543797586195,0.8744681460439019,0.31503537222263006,2.0
-472.24779994865884,280.7143245010738,4.680400120334265,0.9128572131889496,0.5241815475818252,0.0
-335.8597336483132,-436.696235101799,5.941444786352488,0.9059363634184369,0.28878566828074115,2.0
73.23262124081012,-508.8177206263786,5.891968076158012,0.9110016943516022,0.3278999473492331,0.0
-369.64943217638495,-416.1589958413518,5.943744432222752,0.9333802684297485,0.4043504065882616,0.0
252.65012498701446,451.9616605195095,5.409992054908959,0.8920564117132241,0.2893409420553602,2.0
223.0146605062367,-468.81528697076493,5.8501670262942564,0.9108347148108715,0.3258093240580586,0.0
467.7087629215634,131.75449966008105,5.330615005530224,0.8478088436108072,0.1917886450669024,2.0
430.33821203900874,-339.6390803582349,5.9363937511513125,0.9759951160814132,0.6494885438771957,0.0
-537.6933870471181,-106.70046646592805,6.04066082138752,0.8967697750945468,0.21122285162744958,2.0
-20.221745616128192,-557.7163616129317,4.764334015916674,0.9374461586427749,0.4813507199521887,0.0
-368.97759845538855,-425.337445292187,4.242908050989352,0.9386945863726825,0.5797325600580381,0.0
49.028628184795046,568.7469726265381,5.622273433300311,0.9560428654026305,0.4634801182409326,0.0
558.8461108742069,-121.41022727685127,5.789804988867298,0.9825838541420726,0.7491801361110426,0.0
-493.6043459171101,-280.6814350974563,5.903814671597245,0.969206924460098,0.5974655288265661,0.0
-330.4668829416682,448.70904288131004,5.935587208853759,0.9476242711502717,0.5946421693739878,0.0
-272.64348654883406,-499.55165461171214,5.9326183187784896,0.9833541513842063,0.7594817322378987,0.0
101.08248095447257,-516.8569755852207,4.717124284082823,0.8744319479706769,0.24546921044131628,2.0
-502.43706704309426,-237.46891769216882,6.1807405682130545,0.9200398204961265,0.3561864553751247,0.0
554.621718019703,-139.47029856715093,6.087342843825701,0.9817127460845937,0.7817890782374912,0.0
-292.305545876486,-473.88736177957946,6.006098375830032,0.9065994845468776,0.3415389586189169,0.0
-525.9463359199743,-162.19846656459956,5.214642086294681,0.9075220697068809,0.23112495648085649,2.0
-507.1721099111487,-210.2040200107272,4.775923853485373,0.9202417187299566,0.4372797844264377,0.0
151.83583259176615,535.8365261692182,5.878685871793537,0.9314163041086629,0.3009445866839718,2.0
-485.5945893680568,6.2522818432979035,4.510190380127684,0.8136832638016247,0.1505361839689953,2.0
-542.7379962310603,5.038734812681167,5.888453186016633,0.9021370110231623,0.3052498069328915,2.0
-554.1425248995613,-149.30810726280095,6.291889088682133,0.9590303287312633,0.6312100477160688,0.0
-353.19968374164336,-424.1187245688637,4.9595921869328645,0.9099523692715995,0.3265990134709496,0.0
-548.6788271377318,-68.27804815001586,6.691965985889559,0.9405765384755538,0.3530589955677597,0.0
281.7770131379135,-478.5405042213155,5.421242725525184,0.9283197456506437,0.3959707261398172,0.0
-438.09724316630917,-304.1704495324411,4.176235654129168,0.8737885560096993,0.2394749981387933,2.0
-306.5254093326515,360.6781686431617,5.741290686264451,0.877917814239315,0.2636212337161013,2.0
-188.6125269505607,-539.6535841855363,5.249511062803078,0.9889580139609551,0.840492014837607,0.0
23.70549506186326,575.6225187951253,4.932308148935713,0.9852472831502282,0.796214666063491,0.0
-316.50605732317933,-392.65610297121304,4.5467307126023355,0.856061512004664,0.22896249310904057,2.0
-337.5191648608489,440.44122976892857,5.899270370602953,0.8869425700469669,0.28172613606503305,2.0
446.03969711839505,304.71024574227823,6.278180589984207,0.9121712997629001,0.2595613962965818,2.0
550.7641919248068,2.848248869369831,5.771262982823055,0.8801000974198013,0.25746592461371287,2.0
-473.21398279566637,240.68815510051903,5.751902430120421,0.9280178931519234,0.3204024557539656,0.0
-360.38844321539403,-418.9535171595262,4.99357331497659,0.923931763994326,0.38619890419554836,0.0
532.5189432575735,-187.4853130684865,5.814494830976549,0.9764787373083281,0.5901542036952752,0.0
-371.2098597148979,420.08159323920233,5.862150271021405,0.9786939208884098,0.6329569758788909,0.0
-281.4924630431948,-475.38755812036135,6.727403807347536,0.9217147037895606,0.3663884757721745,0.0
-508.43723882993356,-166.78377541111132,6.514338935915879,0.9119931747428456,0.3748790417069215,0.0
416.8715991538026,361.0753898651818,4.965475037823683,0.9239830993335336,0.44313319483842833,0.0
-521.2145930747448,-1.3694253325818335,5.429665758133551,0.9052280857418804,0.39693217967710814,0.0
-191.2812182853994,521.1693974659095,5.146760837746172,0.9424414026200431,0.41638589144899074,0.0
-352.8850649881656,-414.2703688093106,4.53198821317489,0.9144499183904758,0.3490168324714222,0.0
278.2862276207391,485.2841211368442,6.048677770960239,0.9501974445754482,0.5773734514957878,0.0
10.129602146076726,-548.3646563888567,6.203555591247757,0.9241868661817455,0.36199656927234747,0.0
-397.5189181623674,-412.44881708867354,4.811535342277158,0.9850828979871561,0.8357121356370266,0.0
-145.21759117113757,546.445249798802,6.3441553562480255,0.9712396242224038,0.6058378511378775,0.0
-563.8262974581975,36.83072483443415,6.6326349865072665,0.9394884096067221,0.41161814371908045,0.0
-415.9612703730765,278.2815530159973,5.59841404658659,0.8790723217053277,0.2613116569517498,2.0
-176.6858991027167,538.741527121973,6.3493213096227565,0.9741120556601857,0.6078725502525919,0.0
88.76314240167345,-498.24341468413826,5.620209492570353,0.8736162823237623,0.16488262456655886,2.0
-350.13251267423044,-454.2510660610273,6.068175608071892,0.9814811552065521,0.7791165073034193,0.0
56.03111249507572,576.9403017335411,5.863372161185137,0.9831805621551957,0.7855219500903182,0.0
344.5608260388382,-348.57091031952837,4.348894268073355,0.8790695689009211,0.2805422305940528,2.0
-496.47915974573834,-110.06696818197506,5.430998180745388,0.8984366522443695,0.3151837162747719,2.0
-521.9580936165181,225.00331167915695,5.926469532027711,0.9754502369657996,0.6189307922160834,0.0
-157.44978972287106,528.9123347372267,4.900375617516911,0.9340704476694371,0.40986122260832675,0.0
-213.19178753628927,513.3480028427836,5.203506365704613,0.9695186752756805,0.673328477122926,0.0
-544.9374773187494,-13.16253092253635,5.489979293683112,0.9333482666415597,0.3242525675711948,0.0
416.6114979283807,-334.57871830100976,5.389769670006402,0.877017903548147,0.24747948648215257,2.0
-97.18659347077359,-473.5160816601071,4.80964130765927,0.9150774220092708,0.24461881707916452,2.0
-411.35329338212523,-311.3554895983208,5.862784884329024,0.9085332640527518,0.2406638550672755,2.0
229.81099597703,-460.5119355671323,5.692635884049291,0.9186660628659877,0.28751111044591116,2.0
529.8265032331532,85.47220198857731,5.7459544102034,0.9150615106268072,0.26254230216717833,2.0
81.71382576222373,-504.34296344105957,5.159109486503846,0.908149787704002,0.43532981532572446,0.0
-93.42888858979987,555.7976714405548,6.145806144536064,0.9608762294987337,0.5129168395996608,0.0
466.45661156840276,-150.11647110756465,4.543833926727232,0.8272639535982462,0.1704631268218432,2.0
551.5036351405412,171.33504648483017,6.271353010307305,0.9929360636173943,0.8986796373817969,0.0
-525.6324611074111,-184.15950271050863,5.270350939724031,0.8791600697333066,0.2749608007596154,2.0
-544.1556451525056,-88.61883893512464,6.019627755561432,0.9307247376174534,0.4672932254740402,0.0
86.23482247107776,486.9984008945693,5.891326010494894,0.8703564435411423,0.34442404266977983,0.0
63.46510535555549,520.8224295520174,6.391319458777908,0.867038609887749,0.23693383585392896,2.0
-419.3542946287702,-316.7313621803787,4.8766186268247065,0.8944790621579529,0.3043087925514277,2.0
-214.62963561362378,524.0356628262058,5.864728019611477,0.9593285819267517,0.5826090725954084,0.0
395.92987368704013,407.37371655100304,5.787758350621506,0.9594410534608145,0.4963198272742775,0.0
-477.89568891005206,272.3695782804549,5.314862780396091,0.9719349100702137,0.6497044325843171,0.0
-477.38846052616134,311.0323299210916,6.104105486908281,0.9905261671763478,0.8885255981784076,0.0
-544.892735227773,147.09562730301414,5.849698067692281,0.9638742363447275,0.5976003964415947,0.0
-409.29954256184084,369.1882290802491,5.549461707113155,0.9356884530129317,0.4731670429160959,0.0
422.0906024040564,397.48225388024173,5.160556279649296,0.9861115418873445,0.7371599667021718,0.0
-540.5351818259323,126.39728874405087,5.921529951082301,0.9361450927094809,0.3200449510055507,0.0
526.8761923905333,167.42058557571886,6.114727632908805,0.9662755743893251,0.5464641804826575,0.0
386.1286866733212,-393.0265318879069,5.67770402355071,0.9110030700430438,0.44689947713624706,0.0
476.20090432544754,233.17582651297877,5.313669125114789,0.9003161050560559,0.31714868190012546,0.0
553.9487489536947,-48.96783220220604,6.213436001704095,0.931111598425111,0.37459131536844265,0.0
481.562697745647,258.9503103288643,5.614630026890205,0.8915631036156966,0.3086476511691365,2.0
513.9169939489533,183.9036259430692,4.560269813450567,0.94201899306887,0.4963169685565321,0.0
390.2050906231224,-429.91768348293124,5.063384200549467,0.9798495104506874,0.7572400103857111,0.0
530.6304404079153,-89.40766978179116,5.650677921681076,0.9063488639278828,0.3149789549466441,2.0
-452.50552609637424,-294.7522023668322,6.020519760172083,0.9430915755904673,0.45164581636811674,0.0
-569.5713563735019,-129.3224018015993,5.406332121990783,0.9931619978230827,0.7905774461682943,0.0
-396.25885323974825,-245.85510086772192,5.718908964288059,0.870686217509184,0.3430542426475049,0.0
250.60830429356147,142.46315244351396,4.9909263879041355,0.8033098691858346,0.12536638830952215,2.0
535.9059607865315,-198.1067924826027,5.297038199439354,0.9437462458031743,0.5905964122697149,0.0
274.21546889474416,441.9863427078378,6.173789587618282,0.9218877779058247,0.2976477250105781,2.0
-161.71326827351118,520.1113094010688,5.933524957328388,0.902153335557111,0.31820091908402487,0.0
-233.67461244759392,-471.9607411298749,6.138106223823117,0.9364496229920877,0.39701576614972606,0.0
-518.8366536133999,105.4236783979948,4.712978345998955,0.819344007768781,0.16220425158252555,2.0
-461.1279681564537,254.4519500900687,5.084774677927085,0.8752901898694264,0.251132992845873,2.0
420.61351732273494,-371.9998593724105,5.980947704922395,0.9481199393936072,0.3680837906728321,0.0
-477.5183352952566,-293.4866749109155,6.421754140303228,0.9348658543557672,0.4765679557975164,0.0
-175.7602077917932,-528.0989736627881,5.408185033381884,0.9054150073009548,0.32490452012878135,0.0
293.9692189742125,-450.6438365754714,6.170724413426285,0.9364478804322401,0.41932240597391285,0.0
492.57604972805365,235.9440531955124,4.741871267555127,0.8910986028057426,0.2758536202410102,2.0
513.4814522368216,-199.26179345116714,5.0563775946954825,0.9578733950996235,0.5516262836851102,0.0
493.2825102548726,266.2885481023276,6.021556893188675,0.9221057437490733,0.44110492315597183,0.0
-318.8700435767492,-442.1921415621046,5.8618384093334175,0.9268635562035125,0.2864731466141048,2.0
-94.6902635476023,-564.0358159358138,6.382884723701586,0.989826428456966,0.8257136728287803,0.0
-547.8079378153546,-100.89685607000277,6.240326645810443,0.9532919211566409,0.46729366630191266,0.0
529.817088244938,-115.29734020480089,5.037356073951517,0.9040073046761917,0.40515434187688004,0.0
543.4460923405023,186.39429408201406,6.087008644095861,0.9944063393059703,0.906117503966484,0.0
-326.05147505886197,-434.3005594539667,5.365634647045967,0.9275865817213729,0.31758428681993583,0.0
533.5449219928004,94.70671578338505,5.373406422202451,0.9095843279269913,0.3231602989080006,0.0
553.7397431466472,32.30242462047192,5.888260824186455,0.9429406047708622,0.3617434872091195,0.0
436.73393690790726,384.7922094946325,5.854260459332237,0.9838516265140421,0.8018879095189231,0.0
531.3865611383249,-176.74371124568177,5.588329287929178,0.9532885370952656,0.45219251907686264,0.0
-565.1716600591556,-32.39605542623825,6.078367046025195,0.9617854741637178,0.6375419013608519,0.0
-550.5986694162103,122.02192881445269,5.7769730832643535,0.927782933684573,0.37007189712989624,0.0
-483.0998311049099,-324.78792260311843,5.577628985629166,0.9811400145002056,0.783169231109985,0.0
-550.8960769224132,-21.170498515064747,5.333739184499502,0.9243314648300122,0.2957209799085351,2.0
-156.9790165914679,548.3642337025642,5.859134819697941,0.9841367572069551,0.7315535923323959,0.0
-439.743870203676,-141.3363289845569,4.4766859715094345,0.8047159490729128,0.13143179832083207,2.0
281.6288658730219,-488.67068529309586,5.838638592067707,0.9458441954696727,0.575414254355263,0.0
226.01784469981433,411.33911589656975,5.127334013635542,0.8004955662609617,0.13104506885073572,2.0
-554.7361034647789,95.38451773372007,4.992378684962212,0.937746195830115,0.5072424332151829,0.0
-354.97786989624643,405.7185756977195,5.67154098602763,0.9405783300242213,0.43397717438804895,0.0
-478.1520200651256,-304.77640221435706,6.186758192364334,0.9277917307646525,0.3817176344013975,0.0
95.82039832060697,546.7878479905307,5.654362799684619,0.9301044935340573,0.4317939214157365,0.0
273.4358168080734,-464.5002418172571,4.405547388240018,0.8350249837135562,0.29065859703994396,2.0
-252.74830272121076,-504.84712267923857,5.305634782798492,0.9615302137262838,0.5668241352434794,0.0
268.07933097196707,-508.73941631132425,6.568453523019744,0.9850246481663526,0.8010125350058637,0.0
-496.9732575013347,264.6122211165076,5.65367389462309,0.943206632991411,0.4983581637596698,0.0
542.2486572264268,-64.0378484099847,5.150908271693594,0.8641244130064049,0.222161899191727,2.0
566.6898585190725,-43.45120843075122,6.177610660369553,0.971352630726455,0.6668788067861132,0.0
380.54333509354757,-433.53550267754764,5.803236783722931,0.9744706296536206,0.5595372273824694,0.0
-539.9990504927052,90.97468187255589,5.240276077581303,0.9046182059294571,0.3095058632913556,2.0
236.3021078477186,469.68056910647596,4.196971399527988,0.8374033532893983,0.19203971720369,2.0
234.34668101219646,-483.2874374751099,5.565899618530894,0.8959420265759235,0.3006452432084205,2.0
-518.1151750495952,67.22789076537957,5.540400824418605,0.9111204825185824,0.2801942272405613,2.0
-531.7915726900166,-169.12707773118927,4.949475035369864,0.8779107399060786,0.28792389853443723,2.0
377.7953326326682,403.72436542013406,5.878681959859961,0.9502043556477784,0.5198439936612155,0.0
201.24298684036035,-513.1579249911879,6.1998569431020965,0.9592015585497536,0.6254234848074975,0.0
254.56959917238717,-508.96849435188915,5.145529886879152,0.9763915922812273,0.7721709496436291,0.0
409.00560658846354,-306.8375976351674,4.694059944984161,0.840935480407501,0.19919217409453976,2.0
279.72936878507613,515.0488789945738,4.874724696171317,0.9792116424038148,0.776674163969559,0.0
-532.244058751592,-177.8654795904093,5.391036107198696,0.8972904818149361,0.3134002353055976,2.0
485.84424427508714,-268.41805526615843,6.455506245440957,0.9018768922008982,0.2987416593155979,2.0
559.0386194567008,-4.4724839030954415,6.3155111062649185,0.961961683723339,0.5063961123423032,0.0
253.93637461341683,-365.2414511087656,4.855268470188505,0.9039688294324875,0.40509725655925555,0.0
-510.6719256946364,181.13641666650858,4.766784873343418,0.8778235298919889,0.2611432739929845,2.0
197.27072137298927,-524.7165324673891,4.512272692702456,0.9191105210323676,0.43534993603766486,0.0
468.37132166069546,323.7068646501412,5.985145465003013,0.9409048630873276,0.4176043821223227,0.0
-572.5948723749797,-97.97467783743751,5.873985074569003,0.9905803873222881,0.8887330576300352,0.0
-513.3985235586764,-192.42637018892356,5.659146399314289,0.879660393600788,0.3690686477012548,0.0
-366.7563215743043,-372.1932927206216,5.72476663677508,0.9104336591686979,0.3228192716096461,0.0
34.87029272616398,-557.9870314998777,5.359363256342359,0.9507602560271764,0.5225062110279531,0.0
46.66493336879258,-25.294662390412967,4.756716099285469,0.8853156965484055,0.2883722792138836,2.0
363.961810375307,-315.8690029673237,4.828546176690138,0.8598464477639971,0.24191769122241902,2.0
466.4171089698265,293.2875379156273,6.1389867173947055,0.8885793765870897,0.27419616163612,2.0
476.0431143402629,-203.18849747426347,4.81262007561,0.9207520214759743,0.2687076521564694,2.0
149.33143034449003,-532.6116594827638,5.487430277723487,0.9635031392284744,0.6407122041319564,0.0
-43.44201442043918,-568.5273706489688,5.8651793942705615,0.9830711807984727,0.7855927594280703,0.0
-336.06387716730205,-388.5326700366988,5.374574542984902,0.8468155558103847,0.20668519060443258,2.0
-200.86362106348585,-489.97772433437035,5.1039141195354745,0.92807514787251,0.39006870385713643,0.0
325.04141664029123,-435.9440958370484,5.204530872045687,0.8135151389662272,0.15550807155517882,2.0
564.0925622057896,89.87079655863332,5.833579643599481,0.9648332523532086,0.5791614329793381,0.0
390.1660514876578,373.05255161369297,5.337422834447192,0.9085505989339437,0.333559794699405,0.0
-67.09084632954448,-571.4238199849237,5.244911922806717,0.9800575479180693,0.7172591438244633,0.0
-526.3547346429058,157.73942940798352,5.809138434690733,0.8825061802675763,0.2616490502800535,2.0
101.16334820592897,433.52733995527876,4.243351981279484,0.8335701898812296,0.27291178697985924,2.0
92.38071060860018,537.1579069518265,5.529616806894855,0.915581464835562,0.3343972837963078,0.0
85.16482554693417,-554.9668173228008,5.685408487782314,0.9573341673627314,0.6199582517857026,0.0
-147.61795591051188,503.9729451270734,5.489391728491157,0.8646290774929103,0.236404866151833,2.0
420.5429606485367,351.45877786959676,5.0361084079912635,0.8592606138554997,0.33256492884801536,0.0
-554.5764217585792,-59.04094981427038,5.525361355402036,0.9370193929651423,0.4201146935419758,0.0
-361.5122732719631,424.88328974477474,5.427763703893621,0.984731504447769,0.7421383272093963,0.0
-267.84080685448293,-452.7599572247325,6.125453800310328,0.8987744171571433,0.3067623588593949,2.0
443.3721470804212,314.3991686801376,5.413985154537375,0.8976630992577298,0.3208083774510742,0.0
386.04786330922263,410.16753332486104,5.3156128488723535,0.8986648400410225,0.29702737847884525,2.0
-437.60316258706007,267.96033152467544,4.244598648373721,0.8521873396031132,0.20209780591857324,2.0
-446.36507954475053,353.3024868231882,5.942310177100977,0.9834142023679504,0.7871083961531149,0.0
-533.294423379621,-242.00347152394346,5.639308588550535,0.9890382073126157,0.8831290145633391,0.0
-280.72629825436496,453.8420429985425,5.462798857566487,0.811358829427312,0.14498214250779828,2.0
519.8616544442883,122.60598296974864,5.327973876445474,0.8900717805942299,0.3800717037990556,0.0
545.0895787530751,206.21250020931825,6.205309496453001,0.9829907949343385,0.8653748333369926,0.0
-458.283697820951,-273.9076654079007,4.5222066763440205,0.8280390979805818,0.18240038852962315,2.0
-291.25618703447174,436.23220570783127,6.04716633032625,0.8794744413536262,0.2568243145857625,2.0
544.4323479215097,108.89373547180746,5.930610698238494,0.9066559616142644,0.3102301173933044,2.0
-458.88974188731316,-349.73863420727974,5.898926472655779,0.9933372531806491,0.9005944154739661,0.0
168.48178087461608,524.0826542521077,5.8432952917325665,0.9088044268120926,0.33245118908676846,0.0
-308.56238211797984,443.79465677412753,4.957171082831444,0.9372052564388004,0.47690257247500506,0.0
-17.998735740982152,-566.3557192632414,4.764334015916674,0.983329200414405,0.7866838994169264,0.0
-466.9603562468639,-270.361963249585,5.419492616538108,0.9465088264133245,0.4273790370360541,0.0
-104.73392279472132,-490.0339715050439,4.21967863639046,0.8681000974007087,0.2333607538141801,2.0
317.6418981977631,-472.4322140468379,6.4651571900011655,0.9509792134645255,0.5276828154227811,0.0
-396.8166768813926,368.51752169738603,6.4133262118890535,0.9601897901067086,0.5555494974922393,0.0
-67.9801774512551,-551.3254298439617,4.665379441952687,0.8956788892638433,0.29680370457242733,2.0
-37.295028982076246,549.3939680922487,5.468001649239922,0.8971329069603946,0.2896653113347927,2.0
413.88421569711085,-389.18960994055476,5.4264177594724,0.9450378927771883,0.4703537500693241,0.0
507.72589711937746,-249.7966266968516,5.638231397152941,0.9555964590390511,0.4608733122261215,0.0
-195.35869874538193,-505.10260270735154,5.150203011388746,0.8700127476060903,0.2398714047678134,2.0
-69.08217201752855,476.6627368362005,4.649832053820859,0.8367032681434473,0.1775025839992945,2.0
-545.4513245794071,-78.56533591392439,5.571081384687482,0.888658842521686,0.3718520268272315,0.0
197.96363370334382,456.94655622891,5.09167375259876,0.7829412205064686,0.22989632499353113,2.0
584.9041067132237,-26.975072185199068,4.832335005096982,0.9683526517110249,0.6038346689889932,0.0
177.05818129868663,-519.1618453586174,6.68481940220654,0.9372735612673257,0.435863748826592,0.0
258.8008997066417,-372.281572973996,4.605007424324215,0.833508700376693,0.18576212456103336,2.0
-83.61310484941711,-516.8224264501293,5.6116729299799,0.8647947915449495,0.24203557084268718,2.0
14.448277510602681,-470.67092310806623,5.256461916788569,0.8409023933520311,0.18727039357831146,2.0
-438.9832136129877,-337.8194434742715,4.429098438129899,0.8780096461777017,0.49502729126918354,0.0
322.7499053283084,-481.7344074725158,4.961808788202191,0.983008505167591,0.8654197085930481,0.0
267.55296553515865,-373.7282494325401,5.053421505491858,0.8868227897741299,0.17740868596849418,2.0
-74.00014368469509,-265.86124798797994,4.388840434492909,0.8802484497996658,0.29268272289615654,2.0
260.63987376538836,487.59247705974275,4.855480692082886,0.8695071990708598,0.24389473853194657,2.0
499.1350230494798,-27.707509535095166,5.431133616032795,0.9035434000350806,0.3174097795057989,0.0
371.7026074174369,434.90532249452247,5.238501559237619,0.9606401011348192,0.5745806701218642,0.0
-104.57718404713842,-497.3542160979753,4.138749595190375,0.8029289403550756,0.27165782157751933,2.0
72.83969422909682,-529.9401189776397,5.602210703718555,0.916558326583353,0.25069077052645106,2.0
192.98660388030575,508.8255152103232,5.515766688450063,0.9054832623071188,0.3341250865998845,0.0
-322.35869268308636,-452.72798873105086,5.8618384093334175,0.9204826081456163,0.35485631133788464,0.0
-126.07647303027953,-545.5777808395297,5.828964021920828,0.9281343855571448,0.37313545224719497,0.0
-58.83362212474788,570.1513871132641,5.612983702546644,0.9809188619048593,0.7126273809204374,0.0
-102.50315199949797,-519.3383035224638,4.61449665649658,0.8753949390099146,0.35906181906418144,0.0
497.23229106312533,-128.7480266013876,5.3581278197590665,0.8764761362340648,0.285120970229009,2.0
537.1812590835788,173.25530897332507,6.189074231040385,0.9614076545958296,0.5669467601055586,0.0
-538.2241594962683,81.11495338902816,5.8766797084397275,0.9487906545402347,0.49144256609368975,0.0
-267.3319132076795,477.88146254895446,5.917526118469831,0.9744062110057331,0.6295618896241953,0.0
-37.90741221528945,-548.7761742241964,4.2819258794774635,0.8989875670562415,0.2969902503886106,2.0
-339.8943446378237,-458.23102269440574,5.759980925955727,0.9660112479519427,0.6540190324650325,0.0
-405.47360829183054,-298.7860975387602,5.12859959105975,0.8388934744818072,0.18310247191965756,2.0
-421.68304928765536,271.31377774643505,4.536001200753848,0.8208736754687453,0.15528851731762866,2.0
563.645943940987,-54.00531745668346,5.575069200422106,0.947559403654632,0.43825196897370994,0.0
126.87401733959797,-527.4450755350396,5.617798037303108,0.8982722016581961,0.2901395490613446,2.0
179.83234520740393,537.7884660577605,5.336564284358512,0.981732813436024,0.7287881814718652,0.0
415.50168205151607,-400.2108215395498,6.199171075499338,0.9678645752226476,0.663930510663689,0.0
352.5615723097738,-424.4822884451235,4.655185772302445,0.8873838219670961,0.29337566459028774,2.0
-562.7528629762053,-97.37538986984914,4.81573006180522,0.9177528576692341,0.4288938352226373,0.0
122.19760093590756,399.6326437338659,5.061508807098914,0.8903359863980338,0.29325634126727174,2.0
-346.60308471642276,-418.97008580005064,4.280110954584122,0.8326239672729215,0.20301907107312936,2.0
-537.0817195905067,100.76599836524896,5.835732970313681,0.9091897097981985,0.3382162210346687,0.0
-26.029153316256178,561.8373842515662,5.65075243895671,0.9566091429614749,0.5346213895933826,0.0
540.3739676967585,-147.72493900511594,5.817444016090619,0.9183333794752123,0.3439668327842021,0.0
575.672982332961,-30.59627387802577,5.890341298232517,0.9220727809596063,0.38034034386382015,0.0
308.0758640326662,-467.7338054183714,5.386687640690766,0.904481966383325,0.3106981725585562,2.0
131.8104783078226,-490.69765333061287,5.519097794567887,0.9567642114759972,0.5831778420383922,0.0
-61.455545319224335,-538.6907047948627,5.228765741771156,0.9268263746575596,0.4749256933529331,0.0
328.1704728721954,418.83846976946325,5.193415223990267,0.9143882575563431,0.32862824380271516,0.0
-305.4046187094914,452.3307840221734,5.077248580794824,0.932435158252854,0.464127015963466,0.0
-45.962636589362624,-549.3809431686321,4.437090082788716,0.9482729428083438,0.4786227142597516,0.0
-569.5416940627118,-62.132491512983606,5.4792598424175,0.9806929107422322,0.7199230184315107,0.0
475.79046510338196,-212.89809854861252,5.485874380174999,0.8962972161400469,0.29987039179953234,2.0
13.26935898090086,-559.2084719955529,5.763352958463476,0.9650841905588379,0.6280181209509669,0.0
-245.45246039489527,-471.8026332049311,4.764028370271172,0.8616973346973211,0.3505565423010299,0.0
359.44747618915545,-418.7674150573825,5.35619410079427,0.9456561444128055,0.5114831532673088,0.0
-373.88058424555754,-392.42833273689973,5.489406485259765,0.9229406049945743,0.37331254881128156,0.0
495.46946898624856,226.7910669829013,5.671032678299441,0.9631056822509801,0.4502456279218029,0.0
583.9383890355011,-36.060601299093115,4.515754469308401,0.9870896592645935,0.7613642329545639,0.0
568.9441964731609,7.637825680836171,5.241829025444921,0.9147679129596251,0.4326492782728027,0.0
-501.55950851532344,197.85395784927601,4.6125032952433465,0.9183693706026933,0.4322852730700668,0.0
496.213089091789,297.8726505392283,5.376138665976821,0.9617094137241365,0.6328991016915606,0.0
-554.3772521671489,40.91270012646485,5.083618156278953,0.8343100848230602,0.2960195043477502,2.0
536.2884132871334,-108.33740057207761,5.363359580813285,0.8890440155006589,0.2770521801728587,2.0
419.21165039920965,388.4739145564459,4.8129604459188915,0.9605276290218229,0.549767972195272,0.0
-33.95325810940668,571.0031113695358,6.161741107567775,0.9754744143674622,0.6813455371025772,0.0
458.4938704592266,321.2502689800096,4.9268390417789965,0.9175537365745973,0.5377898638818809,0.0
-555.071033718139,-29.529215368173713,4.300512958946012,0.9673828103093457,0.5962072630710527,0.0
477.53279161365293,303.56297666690637,5.103860974619301,0.8817205952527173,0.3628526072153312,0.0
242.1782939293946,-478.71881462625083,5.118230618572521,0.8553004714795138,0.21852548444009182,2.0
-572.6768016782897,3.606151787322289,3.9678215891835453,0.895857995978616,0.41417089236189364,0.0
-264.44986873995185,-494.01959836185176,4.524693170229304,0.9621064452656104,0.6572000592649822,0.0
386.9115307005257,354.58016968108376,5.155865964622616,0.8307959462824017,0.18914171350345282,2.0
-531.8559907632992,28.481639127462888,4.958476210986132,0.8270834092304031,0.2829496776222014,2.0
-467.47448710593824,-259.8471550772099,5.889475170241106,0.9051517112789182,0.326755371534284,0.0
-53.31974548850624,-272.65206142980327,4.359585991983829,0.846163433472136,0.19290577340605694,2.0
439.3070760079125,323.3644937133057,5.292948080751069,0.908779809760632,0.325273901351776,0.0
-102.29365380150165,-466.6096629742999,4.4820387533013735,0.8552198437702009,0.21882175953427138,2.0
421.4498305322729,410.05782493661405,4.8566823030934145,0.9886889291903408,0.8819371811765438,0.0
63.723778904018474,-533.3074971474724,5.041055234062789,0.8859887278367036,0.26306041472918384,2.0
210.94737734955584,-466.32331788757966,6.017102485310393,0.9278490875785589,0.366608529373878,0.0
-381.48893070315006,393.8239463913758,5.81593348165244,0.8929176237127808,0.28225058166787387,2.0
261.1796196141752,505.8334936962046,5.644650355826202,0.9371551624246653,0.5709432085685038,0.0
471.0311258039798,273.9672374919102,5.561671125118396,0.9073693850769023,0.4068958020772451,0.0
-520.2135092385124,214.37477680913045,5.328259884078214,0.956518024614799,0.4650332112575222,0.0
-274.9945211516888,-466.02011421724154,5.862722273201158,0.9156495719782204,0.35793566821641404,0.0
185.66162697797495,-512.7883602145038,5.5037778222814255,0.9024868846783187,0.40082758931551354,0.0
-469.67927487214644,192.7945661353527,5.664862047324479,0.8864714895248947,0.2737701636140756,2.0
152.69819991386575,-541.8925608988455,5.315231152112969,0.9473930917559118,0.5940412868275561,0.0
546.6150137925589,78.39999038320296,4.85907518573693,0.9004005643487683,0.3070313450094839,2.0
-327.5536402275307,-417.2029972282382,5.27683475122366,0.8883280605365635,0.272142250700555,2.0
-546.9605347741937,-28.552003020635244,4.09918440098255,0.8744911997426765,0.28009151196992044,2.0
207.81544042636745,-537.5562544804608,4.863974487913757,0.9822716748329995,0.7825681520468231,0.0
505.0549778188351,65.90143189865076,5.578875962968729,0.8316218474941641,0.2886997899523855,2.0
-577.3429058561741,-12.754134159302545,5.479357516415467,0.9604432557246635,0.6348143423535741,0.0
-156.02502817629525,-536.8876597882235,5.762400339251488,0.940090523054774,0.4132687494576482,0.0
-445.36028888410533,-285.907775877402,5.825483683791061,0.9180397699664119,0.3656660202012277,0.0
241.1894263288176,-518.0230590524031,5.185795462025413,0.9732971292950574,0.7515239778043504,0.0
-413.0601661368881,343.1192231501902,6.118455140422521,0.8896204142574529,0.18981764725161399,2.0
298.38551013263447,491.5242585617742,5.007806442655302,0.9257664139663417,0.4494622867688103,0.0
348.9245953913763,-406.49895351310823,5.038965397739471,0.8554204250642151,0.24590551247349776,2.0
-99.8436185482795,-554.0329467028955,5.205067439652159,0.9592795178677288,0.5527050049311801,0.0
-511.4131449030522,209.31728918656788,5.308110036955549,0.9169326480698365,0.3518797180890259,0.0
-500.89273623515436,112.15204926638563,6.1583635994201,0.938488369405761,0.41226073786184136,0.0
-353.1765252339084,-433.79303310668496,5.395675046676236,0.9494143205248681,0.4319064626174221,0.0
-392.1943049514614,339.7198191681962,5.5725143260908725,0.9122830598077095,0.3276741192234485,0.0
117.6602749279781,548.3470077711952,5.021225699715324,0.9321519723648388,0.3954325639171373,0.0
84.59418903623366,543.6193221159164,5.408834529830895,0.9542787536339312,0.5284541998824674,0.0
-431.3414720476334,286.8420229089188,5.421853340525323,0.8989206042949714,0.3061255181943903,2.0
551.6943468910366,42.834171796974836,5.644287878027061,0.9358491250872011,0.4015863328772437,0.0
528.0137291579011,177.06693704766388,4.458555403052876,0.90609280617476,0.307146140373054,2.0
508.98938790585277,-239.50908683584356,5.4707476342273935,0.9503758390982197,0.5249431345942356,0.0
178.60318926725768,550.3979919734628,5.0899943008310355,0.9584414819245585,0.714717919244712,0.0
-502.89902280658555,256.07308331242126,5.424700920008103,0.9699437413274796,0.6608162748338278,0.0
492.2614556291192,245.32009371973595,5.5194226804207105,0.9198913188752926,0.3461692699879597,0.0
-497.1192880359966,103.69537538759695,4.176210249760866,0.863669097102095,0.2308574036679498,2.0
-147.04544126722374,-540.3672116882735,4.628418829556587,0.9248086095184971,0.44618642943342796,0.0
366.4762195280718,454.41287929864234,4.735764624481205,0.9946251866398128,0.9073359168856429,0.0
-75.82053199701778,-511.7780680281155,4.6049947454712825,0.8724971615397329,0.24434467107153876,2.0
553.9757626147743,146.76795657424847,5.758242560673893,0.9753384064328822,0.6853601362874008,0.0
134.34725742426676,539.5612427880872,4.933539493534919,0.8682651872062673,0.3525848636470923,0.0
-94.86938023092625,518.0639134182633,5.571553549740116,0.8898967167048094,0.38347762052863377,0.0
-402.27255202736666,-341.1687803115169,5.24411619187217,0.8598759704167452,0.2525821924943151,2.0
-294.3427602493008,-455.1102306569521,5.5525499488123495,0.9030546371813554,0.3064190376444002,2.0
393.15648826444317,-373.3401672955422,4.641133706031231,0.9017214675201073,0.30824409615981685,2.0
37.36683726691943,553.4403259680425,5.151374737716403,0.9478356200937681,0.5941313941373798,0.0
-389.3887709908101,-417.4852262596803,4.811535342277158,0.9743631838051695,0.7194735044502144,0.0
447.4235062122901,-293.82713694086885,6.181297755186617,0.8665334346075088,0.23495689481117507,2.0
-304.4992708551233,477.7305414073964,4.34169902207941,0.9792931013397244,0.7982226033690204,0.0
459.8116790959714,-317.03211749056385,5.319588033710158,0.9093756480912314,0.4332404700600668,0.0
-487.8128241506971,-289.61978267063415,5.503549808368808,0.929998914120543,0.4606386553586029,0.0
451.27294184352,-331.75690820863565,5.70995334894508,0.9394789566096144,0.40916737724844293,0.0
-275.46617172367934,470.43860124963015,5.35287972756251,0.916339629653801,0.36165407420029544,0.0
74.59529671540413,567.3324384235021,5.424444751932809,0.9645696403758236,0.5844508226019747,0.0
292.00367191248455,-460.6267195282016,4.9993014913455225,0.929327597537615,0.3951598187170444,0.0
-495.48420812207166,-266.0423939484755,5.045808187880825,0.9414671375622308,0.45486053372747937,0.0
-224.52214136554363,488.3495508914718,4.206052696729647,0.8308516813492877,0.17138904477887348,2.0
32.69970518600967,573.6845824433896,4.890343372948027,0.9605496461331366,0.5507636031604562,0.0
39.426328701970064,-487.2822861667266,5.338723584896683,0.9073113142827159,0.3857624754678795,0.0
78.32832087055088,410.0800221163038,4.680779205968832,0.8843199445504238,0.2882777266356438,2.0
146.65549379319808,-504.621353515923,4.901421712970879,0.8473550469465128,0.27427814654850213,2.0
-348.6078626702194,423.8029928001177,5.510195653864176,0.9068732934291037,0.5135965750662512,0.0
492.85732255541797,309.90817059158564,5.546695106425255,0.982271739791048,0.7251458861232765,0.0
441.5172979915184,353.65895823959454,5.411434523592553,0.9174408630741432,0.4363346292715764,0.0
559.286045654091,49.14881102494404,5.272508715375807,0.9157163497234364,0.3369026707951578,0.0
-545.0355992514151,-128.6292761375152,5.166408673156189,0.9317971635944249,0.5127715768110103,0.0
487.66655648411165,318.5929847819041,5.145111426144517,0.9492065270870502,0.5159499626118044,0.0
108.83565525510801,565.6329745102454,5.299272692531333,0.9732073597124706,0.6951680531982449,0.0
227.8536746222267,493.8873797775209,4.918510287233806,0.912235172662385,0.3392742432915744,0.0
-370.08566241479525,-407.00618957599306,4.149636001304708,0.8636947532459186,0.22744395750528226,2.0
-412.48918249906137,-293.1476651727865,5.328969043500166,0.8837178937587907,0.2736811887019549,2.0
366.8421081630027,415.30037907256497,4.696467326146592,0.9082673555248733,0.422308894905004,0.0
453.95874941562937,-322.84362787242776,4.261688922956352,0.8686156989921161,0.3464474717657911,0.0
-251.05569353944435,496.3373633926312,4.664182894261675,0.905252675169665,0.4280503959035303,0.0
-404.3431051497513,-356.7510960019808,6.307325963325842,0.9210609754733401,0.30838801377020236,2.0
-546.2284778622076,97.99670506529381,4.992378684962212,0.9143813412038488,0.4248277647328834,0.0
192.82129469791101,-517.9061534773431,4.512272692702456,0.9024548094902665,0.4030172446544138,0.0
563.2473217169895,79.04643008793637,5.5665674644228655,0.9734902985458053,0.6067148703776211,0.0
305.0049384930854,-476.55271662420085,4.66689697587617,0.9549654652608438,0.5338223731991781,0.0
562.8930290214736,67.72817838161092,5.038183495110462,0.9607586890062696,0.6308476238883083,0.0
-103.75417933365348,522.2450921282089,5.437140550916287,0.9031340830260635,0.40380367939494566,0.0
-188.57899470402688,-487.32961141922607,5.390847752786529,0.8905524606769385,0.3763315113495848,0.0
520.9289448373714,139.84128721516524,3.71091337474236,0.8363754115623067,0.29296443549849616,2.0
505.60911784714455,-203.10197753031292,4.636015187379067,0.8580944865193547,0.3319094356670551,0.0
324.61107015709155,483.988684324638,6.293015884227486,0.9862991191834456,0.7997282384113422,0.0
-68.5025845253722,552.9771853960576,5.305423938306438,0.9532584779198372,0.6101123799704082,0.0
-578.3467062962188,8.417039421370536,3.9678215891835453,0.9905841299077857,0.8887474082321631,0.0
554.5795513497571,77.64927699539054,4.063003327843573,0.9284947803333237,0.4657206692499916,0.0
404.00352230111423,-375.8168363624336,5.30428204461211,0.9296177020885505,0.45896302095411756,0.0
21.08325472612681,556.2064875483566,5.361005037907336,0.9180164439916912,0.34679955258293604,0.0
-574.6543912215787,-81.95308158214883,5.578664960602276,0.9805081748265735,0.7755264571721263,0.0
565.9333517568568,-64.3296320133066,5.5916842813639285,0.8852559804430372,0.30936547371475265,2.0
-79.64589260074297,-556.9172754545233,3.8654262591629873,0.9180588711650316,0.5429188981238211,0.0
-439.9464166594009,-323.50303572187215,5.585795010960467,0.9174050815551308,0.3728780214372486,0.0
357.67269668667717,-406.83062215904954,5.292671883147658,0.9100245293159979,0.42864718865213464,0.0
-548.1372749889395,77.96076441557746,5.092988107643063,0.95483889540029,0.5299992198568395,0.0
219.3450678339076,518.0290678816041,5.154030157477061,0.8951441998649036,0.389372927693248,0.0
177.0916212818619,528.5870204169155,5.079601194748675,0.9109436370922508,0.41856436237192657,0.0
-393.1632969256381,380.66303134062406,5.3581254108759016,0.9257392697146661,0.5471914153847774,0.0
466.73379063467706,-347.0046378829366,5.340766893793409,0.9919638346837919,0.8317056016957566,0.0
263.90949254057034,118.76541526461737,5.261352502617946,0.867923655315894,0.26880580213509686,2.0
-96.82661601461979,-525.0573622574589,4.521949791231229,0.8907826658187353,0.32803072819219514,0.0
-559.6467958679626,-2.178513740278149,5.354482199732814,0.8965962862999579,0.3873748959997689,0.0
-392.35840904241604,-399.29881892952784,5.348980697225262,0.8881776963626197,0.3773764732005272,0.0
-544.9087332055295,39.23160121603597,3.778156421439911,0.9359874189983586,0.5687464010628361,0.0
-498.9298299458435,-207.54105774914422,4.775923853485373,0.8612047343978911,0.3417621257419585,0.0
561.6461757543202,112.59977432002222,4.968771200770555,0.9851114955577776,0.7982706368899036,0.0
-473.939094692363,-214.10440633022372,5.113948954020442,0.8497819249992524,0.20976074630103791,2.0
388.4861482654366,-413.3016298382405,5.412156010897792,0.9494158730096063,0.5139620559813343,0.0
-407.2390336353813,-275.8342087190018,5.231701471297662,0.8910549978831158,0.2873694543909297,2.0
442.14526359597113,-328.23517048513617,4.94156438956565,0.8885382007787166,0.2937217679526539,2.0
526.986629342987,-221.87090847395453,4.877632671234516,0.980767510746937,0.7780063390062357,0.0
-216.36206904593587,-491.74877764268814,4.827204525891484,0.8723736109724293,0.4620938838258821,0.0
-261.5659219329653,-475.0917852274035,5.4575125702588725,0.9020370988798553,0.5036942606255713,0.0
524.8845866142541,-135.31368068760537,5.449721317294947,0.8512208918476136,0.2757934212437088,2.0
-535.4291844340181,-218.72152661944517,5.5306874668153645,0.9775120461144626,0.7778280066904701,0.0
-204.701946275287,521.6372738227648,5.461599359221198,0.9409853635199706,0.5818525108227274,0.0
-86.88976287772219,547.9957903566259,5.081560990438826,0.9041344848782643,0.308501139917353,2.0
510.4252510385226,260.49271921982523,5.411123492896812,0.9518752661847816,0.6048184843087946,0.0
-126.77845974032722,531.9148523273667,5.891049895200352,0.9364254731592492,0.5308834975493955,0.0
-488.29495026857023,-206.1662769777631,5.067042942422385,0.9164779414637271,0.4337408664283474,0.0
-503.038163062279,-278.81894729506047,4.314079636266139,0.9788433204904934,0.771360421676301,0.0
-443.0962424152188,-372.2458923719678,4.849378701696796,0.9848764961531102,0.7928113030395142,0.0
159.11338429652434,-393.77133018064274,4.927806273917527,0.8392621221741026,0.2985741855523503,2.0
354.36112774883554,461.89304288475677,4.773477953304509,0.9948006987384275,0.9083378648315269,0.0
-362.62741976227187,-381.32429743277066,5.3585740219953735,0.8372319663014802,0.2087398808761096,2.0
251.14242306057793,-479.95940914817186,4.986976419415161,0.9185840846509163,0.37919453069714654,0.0
-432.92070215647783,-369.90231346881967,6.0668841739823405,0.966086149741229,0.577503557529574,0.0
479.50514702050754,-61.57456529498244,5.472057756419411,0.8121216316642523,0.15138242614641767,2.0
448.132339861626,-263.25731528181115,4.238246001979465,0.8455044433425158,0.3137525477345395,2.0
-345.1337903887861,-437.97031299531335,4.4074978138714584,0.8942214271322132,0.388659023212777,0.0
512.6512505471833,204.0092799088758,5.042364937776636,0.9093688985263616,0.5171976363162403,0.0
202.47124009530452,522.4292562999527,4.428248232013076,0.8908562985137737,0.3808773325033988,0.0
361.25979747358144,-438.9782218068298,5.4578411086533,0.9146763939567276,0.4878552745385889,0.0
16.142342758785063,474.52384414256784,5.07712210129175,0.8855451531210604,0.48722443880137106,0.0
549.4387930820245,-130.13065751453163,5.535970879849894,0.9339760439576693,0.5637132298384153,0.0
323.5128351849899,-453.8985363738503,4.8023480045147595,0.9032574342778679,0.401015798123747,0.0
534.9612135409961,106.58990495249212,5.059347027963091,0.9083135565146973,0.41114810296936954,0.0
14.437960658749455,577.4083779983376,4.932308148935713,0.978581613908072,0.7751833275296132,0.0
278.21306704079603,-470.5260835800652,4.63013677316266,0.9087033835448401,0.43456373489519917,0.0
468.94991103971074,343.13322944001453,5.045543797586195,0.9735090194990585,0.7559145903509521,0.0
129.17769662693965,-479.27283485539397,5.4360827149056234,0.8383986415457567,0.2948236651806049,2.0
-317.2870499123397,420.2603974637701,4.967487886408028,0.8532260054605273,0.31583553061318315,2.0
297.6067253489151,452.400606305125,5.195016364361747,0.8775357579110754,0.383573235058657,0.0
-72.2189572106409,569.7068435275796,5.372731169693553,0.9884864309641593,0.8812579298014098,0.0
-311.4702273215393,458.75624055380916,4.630875951088846,0.9089709257657661,0.46184289825201236,0.0
562.1245501084184,27.756059334901646,4.283744523300476,0.9150049423192252,0.43354560021320254,0.0
-554.4252510507961,-198.1356305912932,5.551152354768963,0.9887820417767322,0.8822523667408608,0.0
-546.0195800210352,-111.84343785653554,5.263690525871163,0.8890507421622896,0.3028115258276755,2.0
325.2899008014575,473.8842950475349,4.543850122745212,0.9312023513472811,0.4974104005532542,0.0
347.9198566668724,455.4004619704293,4.773477953304509,0.9412866865538487,0.5987187300197415,0.0
-549.4395831942293,132.05973785906457,5.367257290403573,0.9358871778234843,0.4010270511808404,0.0
-399.1912944852586,405.7323736652338,5.294626364150022,0.992016634032652,0.8945584133179555,0.0
-439.67281015065777,-351.46294132042067,4.467116829231746,0.8916773694300005,0.41106411306365476,0.0
220.39358002305144,418.418259123229,5.094245213574154,0.8824303522287705,0.3628755224412451,0.0
-291.2309436466405,494.45506301918635,5.224982508325417,0.979600457257199,0.7746262505142006,0.0
37.078296054848416,-506.0581648084783,4.756251107137363,0.8818893148876906,0.2753283543608508,2.0
454.5386588626441,330.0177970413098,4.311313338339563,0.9222656283003751,0.4487980603934183,0.0
238.80785809090514,510.664819248999,5.084249530839085,0.9002897559265728,0.40315392659900273,0.0
-55.81871014568796,468.0164926910505,4.747533381748021,0.8640297522630787,0.3332268398127855,0.0
-52.99305016959127,-505.5330375488304,5.456275829970959,0.8667325094176315,0.24365954225367736,2.0
-511.633886534122,102.0297985036426,4.586318494546146,0.882392951747252,0.27036222828311485,2.0
-558.1151301816834,-40.26783599892817,5.414741491226282,0.9113618942347457,0.41800269215661157,0.0
-487.33080510911844,-309.63639147936857,5.400479728783929,0.9580100330066053,0.6388247030095279,0.0
-478.1437403359411,286.5242951988693,4.680400120334265,0.8987765593387606,0.38970287525867287,0.0
287.6258013647049,476.8451588589402,5.480161781209874,0.9144116771459742,0.5289484294356337,0.0
65.00498084980774,-502.3030936555995,5.59003890407009,0.8620371989793039,0.33739264694323867,0.0
521.1044282958613,-205.6401547299089,3.999570627954539,0.9318368808931338,0.4856867749604253,0.0
-415.990887607495,352.462869944876,5.005933253719634,0.911748718485603,0.4463638612168631,0.0
-396.53498051056573,348.61363011634245,5.231075477841184,0.8903025342261766,0.2748868478141672,2.0
-540.67240043275,177.7793052801729,4.498233414724977,0.9649757997468248,0.7337163161260135,0.0
370.94778430741496,-428.77483796362947,5.527117159773948,0.9252366859998412,0.47665120838250385,0.0
-23.244883354406195,-513.4096768875825,5.192762136019596,0.8563526557228394,0.3219121225807712,0.0
-449.16344963543634,-358.6157306779128,4.231547760801094,0.960136347895348,0.6288307062518788,0.0
-559.2770332419162,-127.30504706773925,5.335488026667064,0.9357715773786108,0.6065276006045077,0.0
-514.3777599068952,-259.5858922964938,5.315119335218319,0.9856276670174204,0.8724565398973737,0.0
499.8041425506067,-5.029608270563926,4.505549928070962,0.8598837026900585,0.4488808596716217,0.0
452.32697002894577,-341.289956578218,4.568123335346269,0.947817865533611,0.5118239108755234,0.0
-368.3116923909244,439.02309691884716,5.056786650102613,0.9850673688600119,0.7990372146186699,0.0
-306.8738178537019,-465.43372580402155,5.386360511095764,0.9395490002137884,0.5769997484585551,0.0
-422.6449825288366,323.2347285131271,4.623412465420702,0.8866460081662574,0.37431215854699684,0.0
327.45997844315923,456.78301353252044,4.756368976828464,0.9218994404702721,0.4505275117501499,0.0
-132.06857047247894,539.9370692836886,4.599696412447112,0.9303467833037494,0.5598375329522294,0.0
-534.6876900525472,-197.40688715476486,6.1064989414735615,0.9093753853840638,0.4145480131461341,0.0
-540.8667762736143,136.7559605216581,5.367257290403573,0.9434228698731566,0.538645339414484,0.0
562.6782394478762,-73.10921067407946,5.417678014190951,0.9260191552415961,0.6560211641186067,0.0
-500.08112634332434,-303.6175491892578,5.369074548713712,0.9887386090278181,0.8821051207395421,0.0
502.28304354019247,-272.84867536429925,5.044306205986533,0.9549139475093052,0.5314155704545864,0.0
460.45304975308545,-328.0956667793227,5.244914836273069,0.9364239860824004,0.5676758501874442,0.0
-375.1573337773403,-430.26389740960605,4.242908050989352,0.967063333127797,0.6528292675660031,0.0
-372.58448146102444,409.59669060462846,5.173506964475425,0.9068378800180753,0.4302408680714114,0.0
-442.75900581673557,-344.3789976465393,4.429098438129899,0.8933795463358769,0.3876961215217033,0.0
276.3212413045243,-375.9520328229362,4.643596274836822,0.8894469121266166,0.3195703120684989,0.0
-415.1805588762898,376.85763263728523,5.0383537566295145,0.9357866408639365,0.5726692291426286,0.0
-268.8543272622441,489.09042377090447,5.781870926618715,0.9170688716894333,0.49178253552664825,0.0
-357.96654594444345,372.40111527166465,5.250525318749679,0.8372058683082517,0.4225273432953757,0.0
227.56642801454376,-508.193327091313,4.673362434105844,0.9068209288982099,0.44902032902441635,0.0
517.1328731163496,-191.45032375141685,4.496236456653673,0.885537520003413,0.4308570125612383,0.0
-532.945245817028,198.36408044858632,5.084653867970889,0.9617988857636943,0.6698918565259557,0.0
534.23020112519,-123.06653949596665,5.269924606289862,0.9100762393813286,0.5186382396079825,0.0
125.79492273990179,-549.0955219012893,5.681405798265805,0.924381411349792,0.4571570765303373,0.0
558.4415427178265,156.7436908515775,4.453542880182657,0.9904746099022074,0.8883290908943946,0.0
-266.47759668095597,467.7953364030473,5.179457227122149,0.8660578618049956,0.3455635806507507,0.0
360.17987153447285,425.75122633879306,5.636363038915831,0.9200908173379413,0.591993084760519,0.0
512.1494999880009,193.37874677992443,4.742062813615228,0.8929061362391374,0.4907446502126803,0.0
-547.277734254023,22.01357234136088,4.871272920176423,0.8453773122232844,0.30355467008267256,2.0
-174.1483430968489,-477.49965166717936,6.415618777078381,0.8689357451236677,0.33760764730305165,0.0
-512.7559774488377,190.62677662099432,6.109599091987337,0.9181574945330055,0.4540406679807172,0.0
516.0087199012946,135.7526439809364,3.71091337474236,0.8665225911219775,0.4580728986612097,0.0
-47.3426489559688,-2.210888033026543,4.960919214914459,0.8438765468876301,0.35143291658997716,0.0
341.73276735863254,461.07354321230594,4.684073258637428,0.9234630781583146,0.5496979880192069,0.0
495.24591748514825,-153.7913826392849,4.96953746857758,0.8666557106391509,0.4539661604847367,0.0
-293.12126018895174,-497.56063798357394,5.33212568204187,0.9877620730731251,0.8788944572298135,0.0
-353.7547255150281,-385.35060747386814,5.058239068995894,0.9323095596934038,0.4842019158928624,0.0
427.2078842209478,285.65041611225973,5.0505480241199505,0.8598156181650074,0.40992159026340924,0.0
-157.52263326017948,-522.028902630142,4.68229569747991,0.853699972166277,0.3172460581108734,0.0
422.8488196307984,376.8121664838412,4.593978073735431,0.8829426315363068,0.47935852341398233,0.0
-384.5688266801801,421.8448640831725,5.140715370463038,0.9999796039700142,0.9854223373575395,0.0
192.68439240934555,540.8834920848398,5.026512741768736,0.875710668861918,0.46753997586561613,0.0
258.0886329994813,-492.4895546614265,4.952950031692434,0.9120626931956849,0.5249277272630498,0.0
-512.2978753528637,-250.4380031544336,4.986812171518374,0.9136184717903786,0.4276102917610644,0.0
-556.5942130946642,-48.59765408349309,4.297055429152911,0.8917923409157995,0.488368732314698,0.0
578.2229360553971,63.49356647386054,4.55332524636586,0.9708313816046472,0.7439193928965215,0.0
-536.3019751140135,-161.20232072984274,5.677287014250757,0.8877019317796848,0.40241157745262257,0.0
-548.1057554254944,46.94841847183355,5.417767427106588,0.8827446058562202,0.3780493480146269,0.0
-402.3969924550151,328.66893222333886,5.215778428643141,0.8390808877709125,0.4235461609944536,0.0
-239.85868400330423,-497.91780827963703,4.395341693162358,0.9372109609172657,0.3183075681954862,0.0
-253.95977721753476,452.1343635213368,5.3953462131056185,0.9220644751737247,0.3770087931478459,0.0
-567.8947108473292,28.876199547540615,5.147666889437441,0.9683319634497592,0.6564923624811987,0.0
