x,y,r,a,f,inhibition_value
0.42531067955979984,13.130177733932399,4.706996758122161,0.9661995824701609,0.5062201940602256,2.0
-6.8122566563912805,20.45628414764412,6.057319728050389,0.9779684776220646,0.5779871231039156,2.0
-14.468835337623545,-16.200919234440455,7.844303775892665,0.9900604099311372,0.6476420855614955,2.0
26.21039454287294,19.585485074515784,5.606972993808931,0.9836383293160181,0.6176554922519606,2.0
-0.21984477932085747,-15.973784961389994,6.476800345553985,0.9894497478703569,0.6790683628401532,2.0
-14.592784440877221,31.330873769126335,7.957759160561569,0.9868931528134922,0.5708216269513883,2.0
-27.91444215558605,-11.23963973942997,6.4424396962615536,0.9845469443787636,0.6746320253203656,2.0
16.707807837359216,-25.31949468915012,5.546323698685495,0.9856451413143666,0.6440689293087167,2.0
-9.622555090810517,7.780954575155568,7.169236928519278,0.9862836851135639,0.636429980828715,2.0
-30.631738466273745,1.0066068486771438,6.69347982783947,0.9792830693080519,0.5413679462642027,2.0
-16.046488252750343,-51.826263071468915,4.253709346376608,0.9630404606422936,0.49268230929374063,2.0
1.9565388973042575,3.20993040220173,5.729458694923009,0.9759739760053402,0.555371567645038,2.0
-6.329660577292541,-5.058428518282864,6.46121071736003,0.9813295093230422,0.5915975133046947,2.0
31.704317287475092,-4.650664905644034,6.2285172084052,0.9865290498777141,0.5859465630797805,2.0
71.67400784478805,-33.054935669288334,7.968539030745588,0.978327636605729,0.47507815957146715,2.0
9.236174235886327,-6.68314237237044,7.003681769951046,0.9889259490078993,0.6573842090605402,2.0
-28.000246415981138,15.304800498348378,4.87845828921521,0.976531025345266,0.5638724018760708,2.0
-21.50490896225787,7.954620226137013,5.392696633617553,0.9671153521080602,0.5191872472644443,2.0
32.22569401868035,50.395937436251906,6.630925909223534,0.9809897000355368,0.545118702948676,2.0
-57.25276825001719,-25.02422572781475,4.734856097380152,0.9635102765765292,0.49377476932665326,2.0
29.043847359874682,7.088218734076595,6.077352858187139,0.9828678986281442,0.6046176634828345,2.0
60.83132382228908,-2.1128925969090897,5.275738193792525,0.9863947513505285,0.6606905218886506,2.0
21.02000391049284,44.1349012583978,6.711626690118581,0.9834215639643975,0.5728684594743619,2.0
42.5291656207125,-51.23241833470558,5.074568740186461,0.9837898122915444,0.6723620839604809,2.0
-5.870218275033046,-26.750135001482054,6.113567623918477,0.9843499022610038,0.5725044768377837,2.0
-38.392894919831505,-18.82628670512016,6.5148845944020835,0.9845456269235949,0.6542460644101876,2.0
-85.5354564600715,40.21780345884822,5.894906740361641,0.9884415467070686,0.667251386942827,2.0
4.0829147849652045,22.252650161709653,5.408353435001382,0.9841993758062014,0.624628081771044,2.0
37.204406965009696,16.068409743660414,6.439414157669226,0.9810369379288589,0.5397293414029187,2.0
-52.71100341933267,6.1894676484162705,5.9778189330735,0.989829617403836,0.699733895357183,2.0
11.889235609397785,-36.08415677478125,5.502099006159947,0.9846810063664668,0.7117833721451833,2.0
-8.733981995562212,42.66914144765586,5.238000506437484,0.982328553421156,0.6579034344074315,2.0
21.592092650655164,-13.55478246010307,7.490787440545099,0.9887040248049792,0.6211432170371586,2.0
40.376305286186295,-27.150220130630448,5.911925638743855,0.9905920818847951,0.6792853387140525,2.0
20.83062223497437,-0.8695617302176749,5.696736392653696,0.9812219246609196,0.6476470020675994,2.0
-18.556498093551003,-3.006024932185813,6.2829698783140735,0.9886269951274996,0.6522614589749263,2.0
-26.488232312051622,-23.863805018406016,6.905307053786185,0.9756868652003238,0.4982301121184508,2.0
22.289011050373627,31.123082990736755,6.85692316515442,0.9851378342865005,0.5738471837407131,2.0
-24.15272287191805,-35.97609603555329,6.043699711100526,0.9841535529081642,0.7262682752961769,2.0
-26.458622093426257,25.27083174373857,5.558954119093719,0.984292878859787,0.6153826062158892,2.0
40.718109083744366,3.987025290474923,6.485209274099967,0.9857415133479182,0.5852341345513798,2.0
49.34333032920284,13.41883425118181,6.491381619073953,0.9865262308531271,0.6052481653787177,2.0
-36.634238042737614,-30.693045172252308,5.779080647315537,0.9824988975904346,0.6019294501643022,2.0
-41.72608608893176,76.88833381553512,5.257832169049046,0.9824819797067408,0.5979136929150406,2.0
0.20859696921932025,56.629189884407864,6.218758835268768,0.9871985436318476,0.6428264809696056,2.0
28.57865910579803,-24.970794061030325,6.428924875173514,0.9798905993815015,0.5492609050914501,2.0
-0.38231274975642254,33.53916713530153,6.862524565317101,0.9923924618937711,0.7116577270462318,2.0
0.9998472332046779,-52.8710729307937,5.534467691067319,0.9824159182138045,0.6039124717183418,2.0
22.156444203209052,-34.271919473898734,5.427637801170296,0.9617555022895355,0.4825929237922407,2.0
-39.25668273585397,-7.152788886663927,5.760638375204114,0.9795580114140254,0.6228980791637779,2.0
-48.94180778550926,-3.6665916863878842,5.013235180678929,0.9654506229429419,0.5003020598880704,2.0
15.882397979704812,21.289845694601016,5.266770090412789,0.9772260979187152,0.5634199723834544,2.0
33.99582300766033,27.61790614574127,5.786724590954604,0.9865145413019292,0.6012504910390206,2.0
55.77239506124629,29.217161180790193,5.635504899923979,0.9747062222097559,0.5817695681087264,2.0
5.74372535532342,-26.80138354407387,5.696736392644583,0.992998623181177,0.7160248063457891,2.0
9.999925510074613,39.95051740874641,5.538193901867183,0.97652510563467,0.5652501804888468,2.0
36.5133219902032,-15.777991287178464,6.23256378314369,0.9862480095159568,0.6427687965745785,2.0
12.176874405675543,4.5976919161829235,5.034897209358759,0.9727653255144835,0.5377466217573144,2.0
-21.412481237335953,-62.05284425072902,7.799803020195162,0.9879021764789007,0.6090440051143823,2.0
-17.99201795045062,18.214598320259416,5.786020590174239,0.9867173379974142,0.6390368796811731,2.0
-19.93816864198131,44.574831006898584,6.464562424144774,0.987682148962271,0.6084783624695687,2.0
10.416437488655069,-17.826983000907934,4.653574457825006,0.9750657817477453,0.5597885892561889,2.0
45.27181784501334,25.142475589993722,6.110608974113797,0.9870065400651261,0.6499767567560601,2.0
45.32310918104997,-39.677628159864085,7.185948843582989,0.9842484054833712,0.6401977488661564,2.0
-51.04266001954466,-78.86198358644945,5.149357320160242,0.9707397363636908,0.5264672324026899,2.0
-51.795733982734,-14.952687966539596,7.135950256837313,0.9917550252663754,0.7046878742905881,2.0
0.21678250552913034,-37.76714769755172,6.8658567533574,0.9834053640149862,0.5591580132375712,2.0
-45.36376714904626,37.20867263855766,4.831875343800102,0.9680005436802815,0.5148917525389208,2.0
-45.44179526787993,-37.75236514904609,5.821085597187458,0.9762333632524517,0.5078067508678069,2.0
-16.27506755660026,-28.31314199007115,4.652379539374426,0.9813050864846397,0.650514527637791,2.0
63.2152524232309,39.726021493053295,7.2858516858257865,0.991214857745262,0.6749648013588184,2.0
-70.46336491107405,5.9126573781505645,7.798786642877551,0.9869359815075773,0.6005897626214932,2.0
19.55579540892199,-45.65290341302853,6.887418733587974,0.9827416288664151,0.5662456415353271,2.0
-37.33918638062557,20.958619514198247,6.4653798576840025,0.9831257349268339,0.565687302051606,2.0
0.7282133986647801,-64.06036091301198,6.0236860290110155,0.9836725884415147,0.6089312436799953,2.0
-66.08903224367387,-17.471316274263636,7.450855663892103,0.9900135630123237,0.6763940415416227,2.0
48.5479193038178,-18.2066220179143,6.409453836049614,0.9914369091454573,0.7037453666591602,2.0
1.0954914119560926,45.49713115123872,5.399037195052035,0.981938444508966,0.6081225740407015,2.0
116.07592657486491,38.37666620128982,6.295180889683578,0.9807161141828094,0.5963803399288159,2.0
-44.668559894595646,12.773589413542311,4.673988555169971,0.9894977909372631,0.6897111270076691,2.0
54.85368343977314,-50.33615443916662,7.417400435466948,0.9857675267222709,0.5971542321126543,2.0
32.838552790543226,62.647843488370185,6.162224367248712,0.9845996719660144,0.6769051450360347,2.0
-47.25955746667669,-26.73331063525834,5.855451794255428,0.9790848595160748,0.577323276801722,2.0
30.903681011227256,-73.63970250095201,5.784872837714447,0.9840991393437424,0.614410240650031,2.0
33.000426534412014,-36.494238420078965,6.232206058747252,0.979135276736572,0.5912894771032629,2.0
9.5933203718709,13.811820246360107,4.952106321606797,0.9761306710870803,0.5576421971873052,2.0
8.228939182184707,-45.84855857877282,4.857163938011605,0.9843784925635243,0.7265494466456118,2.0
-60.42723317941979,14.171471365758737,5.588098187850396,0.9795994063145023,0.5822250583625022,2.0
70.17164920385876,-7.7286256057076725,6.026920268459872,0.9712489066964874,0.4721653510834946,2.0
-26.28224056240088,35.461952884019304,5.0875994116311105,0.9609021216178422,0.48172042696324074,2.0
-51.46864972531971,20.01226795222118,5.5046947052383794,0.9896483526180823,0.71718341829601,2.0
-23.15265176876188,91.07267603196419,6.472273640102823,0.9913686967724235,0.6893028162361897,2.0
42.63930769890025,45.437719293442306,5.44785182069628,0.9824483631302349,0.668305861298358,2.0
-34.48448099678385,-42.46916333415976,6.598869789846631,0.9805561020215854,0.5551291762029817,2.0
-11.47854400203006,53.478986405606975,6.148680609356072,0.9914165801242582,0.6502055390773299,2.0
-42.31196520862251,59.251307437347315,5.8285859115510075,0.9839842820769846,0.6144475079152498,2.0
-10.640366912801998,-80.95066610352913,5.570591256658866,0.9850772046731852,0.6219531609581729,2.0
60.56443450391725,-25.237902017255568,6.014724557427363,0.9799902365731189,0.5999549032197398,2.0
21.696495852236,-66.44574578688625,6.233559562083801,0.9916642587332459,0.6980296907843173,2.0
-32.745906849656635,-68.97421689518403,5.86451584748579,0.976669632333864,0.6441430334631233,2.0
10.732606244747778,50.76090483157713,5.733238207027853,0.9874340765941193,0.7056071829922479,2.0
-17.246717062915902,-43.41477177257593,4.597610392986637,0.9686821744240884,0.5160163962021811,2.0
51.19367166268859,-7.33341681506374,4.856390363271118,0.9831848766438,0.6820908534655911,2.0
60.23913820538619,8.642968326909298,5.538593345023187,0.9912260228444506,0.6665871039443653,2.0
59.95722840331237,-13.492378397443616,6.338646217774719,0.9797687669721405,0.5921631324423603,2.0
41.16800317320119,35.08499248021994,4.80981400860441,0.9882247964614493,0.6998164395738307,2.0
-60.27171604060275,-4.089614765474039,6.82757950257428,0.9897515443683247,0.6914834941539034,2.0
-75.93233860580676,-26.268149119779828,5.75926572783797,0.9912193095865774,0.6747414920638201,2.0
50.641917295923356,-29.03633107217801,4.842663714503657,0.9847639802074146,0.623563816778703,2.0
-42.08280778825878,3.318329491837965,5.146397394506034,0.9899944432986407,0.6731130968780747,2.0
58.339986731051454,-37.255023469846236,6.7489017670998415,0.9685363086384537,0.46417311626029684,2.0
-36.25849827022123,32.7229893792332,5.743368644950944,0.9860453943768956,0.6846550487770001,2.0
-54.48392729596446,43.71158068043905,6.751664285196264,0.9855991782165231,0.5323586371601726,2.0
-23.335639346565024,56.33190772811746,6.176122815102704,0.9877588275872604,0.6231135912593195,2.0
42.88556629961661,56.52080155789134,5.855525828939434,0.9899505854642374,0.6683834392319876,2.0
-35.36833862992972,-56.237187745917055,7.799803020195162,0.9794528481916701,0.5213477735522799,2.0
-8.749083931982026,-57.95387120201221,5.668347602690235,0.9867467791645956,0.6014120541802349,2.0
-42.31096819741418,47.37366289925159,6.354519215547157,0.9796951263921694,0.5258670567999049,2.0
-53.807207586982585,-44.520860966920054,5.155752400830932,0.9878278293400083,0.6835589980564464,2.0
-7.888125736914755,-46.72635614942984,5.709337783763525,0.9833940009162736,0.6230055992762561,2.0
-69.9065720690499,18.336580673541288,5.204348032830701,0.9688952745092564,0.5241944060586071,2.0
-33.542100520475934,53.501696565341774,4.896555379014938,0.9678310692025232,0.5177389777742812,2.0
10.627592630876268,72.96212474742079,5.030994505388025,0.9710390974136502,0.5452343985754966,2.0
12.450348706549944,-57.03659713337409,7.04588355955826,0.9892742859538134,0.6807735329460207,2.0
-35.88460433010513,10.462909548850002,4.665837173696475,0.9680180042022863,0.5261553352734454,2.0
31.742637195760118,38.581960617704524,5.517280739565523,0.9890414424393874,0.6692466079487581,2.0
59.150571609512056,19.222187407431377,5.375905722470496,0.9767978876735576,0.5696145947641121,2.0
-24.957900350927048,-49.12763280444967,5.393094732000078,0.9794681370786438,0.6450875564177322,2.0
-50.62638568866774,-57.82024911428896,6.699056624450656,0.9907349544395624,0.6758840089324636,2.0
75.52312356672256,37.59238341454996,5.623294535706378,0.9789515838400079,0.5944354905889966,2.0
50.66501672009231,38.55398945840085,5.6310219506256995,0.9735006208488175,0.5473682025832414,2.0
-79.3129473620466,-14.9180199232229,6.399077818338124,0.980250877643094,0.586442318257884,2.0
51.82800367248222,2.391293711104745,5.211235353226685,0.9774545205394831,0.5683550068167215,2.0
-81.82330206711147,-1.9381967092049357,6.157563068158599,0.9846468613432553,0.6356619136100465,2.0
-15.77930592211625,62.49750380422016,4.025909543883152,0.9711102540669325,0.5377187518691482,2.0
-61.704675501142205,25.942493996737515,6.470718307610174,0.9900044315392065,0.6421342448387335,2.0
84.86644634891748,80.11996135671659,6.786654179736697,0.9881410977352582,0.6494300636012252,2.0
10.926081602567441,62.2188643492894,6.224294438323234,0.9810823433320881,0.5375563800575146,2.0
42.28673557345655,-71.75253128447132,6.221507897175613,0.9767423364847224,0.5306327873904912,2.0
10.309957903046515,-95.75729170007592,5.566396836934355,0.9773121124243976,0.5868752745429564,2.0
34.31107224205479,-61.41688012033204,7.200049693517122,0.9904119213106239,0.6708115811061571,2.0
-110.18625784524282,-24.46432952054604,7.347775808475691,0.9767582032949188,0.5027807636649841,2.0
-42.723221929495004,-65.71868959199823,4.790199319009521,0.9717868870980197,0.5515272125359276,2.0
21.79226050220941,69.30121184479343,7.033667752928081,0.9885444585654385,0.6068030254311199,2.0
93.6199483724714,-4.139293527464771,4.787774170229421,0.963495097153277,0.5650047024249167,2.0
-71.61828867157782,-47.56786333179808,5.157558860057208,0.9769876447788273,0.63317679023297,2.0
71.2233662610721,-19.454241851038123,6.3035325332665595,0.9834601296417348,0.6834277260706683,2.0
72.8486656616019,47.70855279077637,5.313862480786267,0.9838757098954365,0.6552894622951025,2.0
-55.40668706680324,-34.34486345312913,5.154983587971183,0.9844008421227096,0.7120058780719156,2.0
-71.73805961226668,-6.580686717449414,5.38780221548748,0.9605617361170556,0.47824896002901246,2.0
76.84185637998355,-54.869901233888484,6.268177689947482,0.985646902075071,0.6290094379188619,2.0
-2.5583331255914903,-90.14193528790315,6.885125832149406,0.9861223811429475,0.6439906591424157,2.0
-22.92071613251169,78.79052202465516,5.99261118410827,0.9836456484132238,0.5681473313067532,2.0
-9.956117570413682,-69.53167035333895,6.250122245604101,0.9887417724808897,0.6578969768084099,2.0
63.494491623796655,-69.93161501957167,5.228721261440072,0.9745719253200641,0.5548012462649309,2.0
21.496681152968065,56.56350882976367,6.142245670832387,0.9846738292918291,0.6687337700393708,2.0
-88.85166666398278,-24.265949108368464,7.516282740989509,0.9877057192368506,0.651083094285538,2.0
70.21023850870057,15.659099528638738,6.737104509040153,0.9893895674134014,0.6782958682853836,2.0
41.88774687712282,98.39692561141878,4.587646445616284,0.9647936449835792,0.5063183231509809,2.0
105.11695575614291,-17.786416003135983,6.135448889016441,0.9799870025051833,0.610935990799338,2.0
-108.1035882825343,17.317154948177098,7.293282935412181,0.9848026288432639,0.5827901721433787,2.0
-65.19437812590054,42.213597732476984,4.475588262909066,0.9767863505616802,0.5854860902277845,2.0
-61.64330350849377,-52.18897086424697,6.017086255047757,0.9904621907747417,0.678120646679991,2.0
-31.562804785820287,43.87380967617632,5.342492092894337,0.9839794029492418,0.6728873286139326,2.0
-4.758106300993513,78.1915369734512,4.85560869384169,0.9672620712920256,0.5107244997000355,2.0
-97.83035842065583,75.47427182141534,6.555446974334788,0.991080996172779,0.7139743572903606,2.0
54.06313121754877,50.39285201075118,7.214133473939743,0.9851725056055912,0.5785576841120268,2.0
-32.709665337429435,-80.68649634247485,6.498041060458441,0.9755286609422683,0.5077947302887093,2.0
69.96021507464829,3.595903999535158,5.718857839612717,0.9841594085382953,0.5736204458429723,2.0
96.92416382911506,-26.653670280310184,5.936117133828621,0.9827152185320891,0.6085595754324118,2.0
-82.04127894001145,-54.797520399712376,5.0641118749634515,0.9780601709709417,0.5816191730384971,2.0
10.746050260550595,29.842497652329754,5.158774486091582,0.9713885788554346,0.5304749795272957,2.0
19.2084869593096,11.64379629268304,5.232543230301428,0.9822544342828118,0.6017075899124735,2.0
7.6718238937170495,92.3766827230204,7.251157348789092,0.9839983182216094,0.5725314942127246,2.0
0.5450297491874895,68.82170385068112,6.355271492879464,0.9857340252259055,0.625691066424659,2.0
-75.77031714110953,36.776822717412074,4.8147568243055305,0.9816945013093448,0.5970871616610481,2.0
31.926712377661012,-48.54316008333548,6.205011890989828,0.9878520259338304,0.6502479548549991,2.0
20.871105085286953,91.08239206838381,6.562131252926602,0.9738041982528486,0.5472381479996286,2.0
91.78775135438438,-35.88698506822509,4.9418934284562965,0.9885753042103529,0.6575354623675781,2.0
81.12854039630848,16.35987910378437,4.683764672612915,0.961242217380249,0.4909191410670537,2.0
38.61338417710427,-82.93840919907572,6.140195757354294,0.9709842535073393,0.5310814530173867,2.0
72.88178350219933,-87.30172914987905,6.657744040266087,0.9862679914837372,0.6118282104048107,2.0
92.90568090630462,-15.100290519874145,6.8590169529489335,0.97871255196089,0.5730609749121051,2.0
-65.69066110516687,-30.085898820854784,5.464402773664768,0.9848485892320674,0.616744745792539,2.0
-32.416906521272104,63.137766192484406,5.281457671472022,0.9761191243472062,0.5728902851675776,2.0
-42.11556164257894,-75.06083576636155,4.98058413926756,0.9811661086719692,0.7096606944087189,2.0
1.0098450348595713,-76.81091384177827,7.09036507292294,0.9924746971274773,0.6310695894198867,2.0
-23.33102872473982,67.72000406521076,5.384147652534523,0.9810430045929539,0.5557018926756567,2.0
47.31306331729418,-60.98309383752979,6.1859017272525865,0.9774904538382233,0.5165887632078798,2.0
-45.44022565338691,27.94023894642902,4.831875343800102,0.9706821017214288,0.5363301844667173,2.0
-84.14938375897492,10.608107138142206,7.108770226736069,0.9855427028778847,0.6039994579697283,2.0
-103.67877034877583,-90.2862235525507,6.473641947522354,0.9727178980624012,0.4801995372757733,2.0
-82.48656889714398,-33.85449726042743,4.46775874828859,0.9769307508776243,0.5960624754089953,2.0
24.03525321009901,-55.99012705374826,4.826919764354069,0.9757603377569449,0.5639682858269748,2.0
-22.77636822163,-97.55606593567248,5.416082519876116,0.9833452435103549,0.7087685560519585,2.0
-108.91250312649501,-12.986583025324807,4.688897692859869,0.9678727785884955,0.5190018313075893,2.0
12.613556527760126,-78.48907988629745,4.846423108930848,0.9757728273633722,0.5595678512304549,2.0
-81.79837478013287,-44.020835353094725,6.117470614436953,0.9793038880674533,0.52308787487772,2.0
-43.5319233251668,-87.5195381159876,6.723870086948263,0.9828894710129091,0.6158470959781548,2.0
-24.04516612257438,109.78474647494296,5.241004296313041,0.9820413251531139,0.5958862084165193,2.0
-73.21047401801047,70.54780243844809,5.858753506813621,0.9909074037544165,0.6875521877911723,2.0
79.5546739045697,7.288287820359069,4.869183500028205,0.9866717733713799,0.6390347552047303,2.0
84.56131152746727,-80.24451072863852,7.197502656536217,0.9825567249718892,0.6059889604952826,2.0
-44.59273304290323,-48.1434676582011,5.092843149105658,0.971139353981089,0.5561484476565945,2.0
-82.3768010577291,29.865911566829975,5.003516597872882,0.9905936428668669,0.6637092709323563,2.0
-73.55703214253994,-36.798180073067144,5.169648349737176,0.9873271445956985,0.6461311633951456,2.0
43.90363444130573,67.8187819244442,5.762727779127308,0.9904579344225788,0.6785967235939204,2.0
-21.05995633960878,-75.70245226784132,6.3374617406605624,0.9900247101462788,0.7254177184662803,2.0
-61.39357403169263,-64.72515166573584,6.386478177377617,0.9868611773058653,0.6884900705434804,2.0
53.357606553140606,-70.47893018133858,5.431406263402943,0.9723103116366524,0.5359379317722124,2.0
7.66993094233254,-86.16194912507268,4.684801953216383,0.9663490819069984,0.5118678345373832,2.0
63.112752445922915,68.24491302480882,6.416208231949737,0.9806216725767927,0.5491455266046903,2.0
-53.2754608255982,32.57953839064772,4.704905063447864,0.9743215826240276,0.5481306643517411,2.0
14.276406810946385,82.0395054191306,5.318604031000841,0.9707013033334865,0.5374555349964287,2.0
92.80177098136856,53.37555720453014,7.344726148304017,0.9920691983753517,0.7134921809060608,2.0
27.971407899906936,-83.89898647710584,5.232336433318097,0.9688912445104472,0.5458461538727668,2.0
-104.59265954032513,4.680099209616563,5.981991816224281,0.9877080050115705,0.615023517317073,2.0
34.04832891171906,75.01464976969537,6.790106383767716,0.9854490474903528,0.625370332408898,2.0
80.85686548583024,-12.314131122735793,5.933668415330474,0.9900721460393512,0.7246789198686356,2.0
-32.077247319174376,-104.43328100395948,6.2768859456730395,0.9854473335515517,0.6204488274427807,2.0
97.96622860806484,4.532422078263932,5.323785195451783,0.9736218325839822,0.5450121330482666,2.0
66.47408354099653,27.36143665486485,5.799606832875999,0.9786450195322742,0.5892137088007379,2.0
-56.38566436773311,88.56347976127583,6.498681561151399,0.9807220964482573,0.5913185138088836,2.0
-58.63319511442052,69.629589263755,6.000922439776191,0.9800444044856474,0.586456430351547,2.0
5.391788008346273,105.49260034234807,6.524564550421165,0.9885468534369581,0.617426748754101,2.0
-71.81848892685305,-58.51653124306688,6.291861800356444,0.9788121997839409,0.5249894032234671,2.0
-63.68259039157005,-40.799094223762864,5.77622794063481,0.9810721347374932,0.5397785651904444,2.0
-118.96572493884898,-15.333596652359274,5.902382031503579,0.9820665087537434,0.6267771880924273,2.0
-57.06800356740871,59.51120737191892,4.696754595949971,0.9770153721235635,0.6300077010379648,2.0
-13.129317131467692,71.96429550681206,6.1467200216752875,0.987796147114357,0.7016994630741181,2.0
87.80902508951907,-55.46684713249952,5.067204910818734,0.9794214092635956,0.5868242356554484,2.0
99.98221279007514,15.489933828155085,6.315585318523948,0.9745801556993925,0.4881215565193746,2.0
72.97495512938842,-75.06503222461706,5.82535938473406,0.9912735606780346,0.7061344879511743,2.0
93.57189166196345,-87.90820186153415,4.6540488555935475,0.9852698425265604,0.717431568970767,2.0
-70.09076740925103,-103.89236919520981,6.943629420851578,0.9859561167928046,0.642208081464323,2.0
-101.93573268712206,-42.472567814885416,6.037063258773739,0.9833424105482704,0.6083509709632141,2.0
77.97752002217665,26.356293950366698,6.389939349836311,0.9764115517821875,0.5572016203784748,2.0
-66.47305969692553,61.8659403925937,5.416262371293595,0.9797337410402696,0.5880554681708468,2.0
-44.59572230266666,87.12452695928,5.673708760496164,0.9882418964813221,0.696726824927808,2.0
89.41212624206494,10.94093532132789,5.782484277080514,0.9735420110405293,0.4987735515963182,2.0
-11.22738097738823,-36.30505537464278,5.136118423229817,0.981871860994631,0.6536202825815017,2.0
80.2388711633846,55.5526619727388,5.7824057371979265,0.9802103221893224,0.5831910123503793,2.0
-23.96355400270353,119.89711316092985,5.200514522119016,0.9891409864305573,0.7045590575685963,2.0
-74.22615178572917,47.669355316068106,6.553264923973574,0.9859854352855275,0.6311042842344938,2.0
50.370975476013975,-81.36936736519743,6.398699695413966,0.9820904765045158,0.6268640709180608,2.0
-47.72752726020918,68.55716910594634,5.353452950383457,0.9860069114242196,0.6872292135571649,2.0
83.15312473164548,45.29288375440081,5.314060925655101,0.9880353823521122,0.7018670219510448,2.0
65.76888762098365,56.32387085617651,6.303697912419034,0.9871807088531228,0.7020295771856117,2.0
89.99337670490354,22.893784764638912,6.576130957040471,0.9838192230265318,0.56356884851369,2.0
40.896327779461515,-112.90348644505056,5.2229250542142625,0.989346560025782,0.68918483080319,2.0
-88.35298324992938,21.889806781127213,5.003516597872882,0.9849573242435155,0.6862836359648483,2.0
67.1464103088103,-45.869942103310706,5.992316216551621,0.9818467002520305,0.5932675264620005,2.0
84.05726805415416,-25.343826558178247,7.272382285214852,0.9872438459714202,0.7105413024023784,2.0
21.496282271848845,-76.96476913291497,4.483928973252268,0.9864064211913464,0.6832495443044599,2.0
53.23878360745769,62.34115776959797,5.2893436466795265,0.9844900607017838,0.6816057185653717,2.0
-69.39225915347643,91.16567228434761,5.985732364611459,0.9941874995563107,0.7223627587046875,2.0
-62.78226353642348,-77.82961262662023,7.141599461830033,0.9845095753516622,0.5829622706881871,2.0
-85.28832946563907,-84.76156602353566,5.786856804527886,0.980537287438636,0.6005057176079845,2.0
65.907859971253,-56.39447568321018,5.025328865983091,0.9841030625973269,0.6673863718015464,2.0
77.73410290312083,-43.9995745702031,5.163631130039587,0.9666889652627442,0.5183607458626269,2.0
-114.0256612510392,-3.3640341740197908,6.71455660128022,0.9891915497788528,0.6591097234887756,2.0
96.47452580613285,-63.282736243273725,6.762407671380719,0.9866773688279507,0.55782887948469,2.0
53.203754706041074,71.78979804427856,4.527034716987686,0.9698645845595264,0.5334398400733863,2.0
17.972935549109863,-87.66247995200078,6.166949649485763,0.9776248938123381,0.5705568472034283,2.0
-138.91967437964954,71.16028167900359,7.530439581639592,0.9881110898971673,0.7214981884098728,2.0
86.55729660641941,34.814492794119964,6.145953483353934,0.9797421662368011,0.5253496557477235,2.0
-51.4425986780368,-69.17452125741167,4.929390295085429,0.9824013635167264,0.6559343662078012,2.0
-67.58559131771263,-89.95383068604608,5.99040751162887,0.9849898706309163,0.6382964070969802,2.0
150.4318445589816,-65.07471064231835,7.282724050816488,0.9893146516116589,0.6612209473647951,2.0
-40.9535042167598,106.16683593730174,4.834596888129003,0.9910967269303762,0.7242804923805771,2.0
46.21645689659266,79.811382482974,6.626244491341835,0.9863779774849558,0.6394424631887233,2.0
3.284093793175117,-114.51407152967765,6.484666725809306,0.9791072821967779,0.5253904770086594,2.0
107.72264154682915,71.62981776834697,5.6665341811601415,0.9849584674440274,0.6277780526810014,2.0
104.95284016842788,-5.12204045906548,7.094150776926186,0.9817730407353421,0.5488359651636691,2.0
-103.5182684693553,-53.522130131756576,5.1466081042177665,0.9875658419204608,0.7243666298392853,2.0
-13.081182902763178,84.43695243227937,5.869368847025431,0.9843548174221051,0.6178032205024448,2.0
33.547366041642384,-94.22119387087587,6.718862468622698,0.9878402994078063,0.6177158529235723,2.0
10.615200767323524,-68.90397690995927,5.448807892059257,0.9780837871888414,0.587373120025444,2.0
78.5998780826909,-2.0282694402875863,4.744301572027024,0.9764497689175874,0.5898169594006375,2.0
148.81201664618433,-29.58221411136757,4.895863259922812,0.9764519810109651,0.6080372680330931,2.0
-51.832697239404546,78.16394600431066,5.257832169049046,0.9863271427956198,0.6891259007658973,2.0
61.33003496334703,-117.99678714529539,7.522447141209361,0.9829939681656249,0.5261993504752982,2.0
-23.309709024087635,-86.83334129568281,5.376295944902344,0.9705423332403338,0.5632902297803316,2.0
-99.6535990066451,-31.235981417440197,5.786770223192637,0.9785747603108736,0.6354287961488807,2.0
96.96248508391317,-43.424460693440764,4.423509442875281,0.972770924905933,0.5413731009325676,2.0
74.16536822096644,64.66690521705253,5.66421547472696,0.9807249192495047,0.5993668530261007,2.0
-99.01425586382919,63.64648951539438,5.749774392368523,0.9731433342481172,0.5617959790999518,2.0
67.96513366624119,116.90571690511456,4.177208050569329,0.9845622109965979,0.6872019421837423,2.0
60.214454803030875,81.61149832134619,7.815396233851845,0.9863152674276866,0.5913533595780239,2.0
-92.50756605892602,-50.17866004852331,6.717336124984933,0.9835130248380627,0.5682034304516881,2.0
-72.7853347835003,27.760989340529775,4.9189981349131475,0.9841314890853795,0.5764828318385709,2.0
-79.08751578981507,20.86966867667743,4.83157110973082,0.9676957799720526,0.5164919638465988,2.0
-90.58970351120792,-10.122031065913083,6.294659215526871,0.9835847423793734,0.6126002475818674,2.0
-116.60543944175392,26.084327717806886,5.252407084279232,0.9882816119387579,0.664002139412948,2.0
-33.40205204655367,84.28739210374552,6.1869966335391675,0.9832214346013687,0.5540749528618546,2.0
31.605003137814855,96.83131803364728,6.379486121984138,0.9735191082348033,0.49472770107030084,2.0
-45.57590678262172,-120.84043351305432,6.396691004819829,0.9828473690984977,0.5607975931777459,2.0
-60.61199681335495,35.769714292417,3.6602790963466867,0.9660715309936256,0.5065605284522252,2.0
-92.57700538102111,31.568736066833928,5.639111115451181,0.9842805337896173,0.6331351883052606,2.0
21.728928182237407,-99.39550834666859,6.540303841010846,0.9897913019111184,0.661422177826299,2.0
30.791710450490672,85.86590505470375,5.091919144881249,0.9674429744661094,0.5108716605743646,2.0
-120.41739012502431,16.076497263968406,5.691746534618029,0.9793954300302485,0.5945202273024313,2.0
73.65920350999272,-100.27229794525195,6.7016998893046065,0.9800701012520043,0.5400772752383867,2.0
-77.22819115100427,59.51379322389724,6.140618093254841,0.9819527384297339,0.6575928655825641,2.0
-88.36537489412783,61.36496114038725,5.771697442198247,0.9691637633391658,0.5206108859929491,2.0
-85.17078627508823,51.11674188628609,5.400860942489467,0.9805589241958753,0.643326134592765,2.0
124.8975987568164,60.55015929521109,6.103847801514806,0.9838534386016801,0.6256322262113134,2.0
23.553468175353146,80.24795365004738,4.454176055513985,0.9816255298847286,0.7112154835862154,2.0
9.279673897216771,-125.90076248927868,6.754413535931567,0.9792939713984016,0.5295310579691048,2.0
-125.71936692873332,-6.531345425754195,5.683340466562655,0.9806952576643916,0.5907879728597418,2.0
-80.80421991620489,-64.25773053678058,4.625619324475669,0.9852098518016842,0.6255373239653925,2.0
-6.405621058060801,135.17402129896692,6.4157596071969065,0.9796193101579151,0.5790123424515091,2.0
62.49756779075817,-80.76091550572158,6.128716005696704,0.9849223848322228,0.6534793971515112,2.0
122.71795954967716,-101.33326585674536,7.208871351177693,0.9854856330860848,0.5910013846672659,2.0
1.0746175427246014,-102.42624733373916,6.388244813362796,0.9724754680606275,0.5393163982108087,2.0
86.69071684381704,66.53888995962639,7.315924734345739,0.9904404069857206,0.6362906383287743,2.0
71.59494779338557,-64.42481465296545,5.114269914667462,0.9710499871967392,0.5414027883890842,2.0
-65.06681460467874,79.65571257622126,6.52123224074725,0.9804699505174177,0.6095083786009516,2.0
-67.69677525633037,34.48064775420597,3.884422997042988,0.9783423237249759,0.6315123996090385,2.0
-44.91575611532555,130.2658948281184,5.373451933875029,0.9855707195451057,0.7025805305340878,2.0
-114.5461481231331,-58.96520254759796,5.933776318061056,0.9795016856522987,0.5803801793296071,2.0
-82.65383643950759,-73.72961737495254,5.234477570021952,0.9905366126910677,0.7191751999680325,2.0
-9.689727770531247,94.34061767263756,4.925476900796951,0.979996732953952,0.6400275048923727,2.0
-41.51131737795525,150.91129447090503,6.453044460526733,0.982104012839433,0.607223359017146,2.0
58.0570365726847,-61.76571179747151,4.859949415875319,0.976894445175569,0.5633488367524733,2.0
-77.11676037103165,81.74025999661532,6.350436307366315,0.9761775925631369,0.5165074632354586,2.0
-2.9514716844739337,87.51476655819418,5.0852649271592805,0.971885347414084,0.5561002113561163,2.0
-97.8322863501808,22.817992707588164,5.04558748654608,0.9585401523098815,0.47318839929314727,2.0
130.983285520565,-2.261496282034545,7.006911891112893,0.9847213659168526,0.6459483825790084,2.0
42.054298868996206,-6.784503313066372,4.679041397943459,0.9801211450506343,0.638855596077745,2.0
-95.09908938473997,-68.58708003338319,4.973358865858711,0.9754502011364016,0.6132673840136739,2.0
-72.51510977801122,-70.11286914601074,5.816006487915182,0.9806621239138182,0.5958540900194614,2.0
-34.13129200139472,-116.44114518066922,6.38345877369491,0.9826691879104446,0.6081245091843571,2.0
-13.19897920119188,124.49610841359893,6.733561757854594,0.9864900024242039,0.6391783693717408,2.0
-52.287901419704916,111.05671314953953,7.735799708332301,0.9842946800326114,0.5388164416596817,2.0
-154.65829765442737,-15.953915519789055,6.263679445007357,0.981063863989951,0.5881409850208253,2.0
83.27507363274617,-66.47170268679535,7.290879484416747,0.9832661244991682,0.5698755429796148,2.0
56.93135075211244,-89.12119250887459,4.25434479058302,0.9680413992016617,0.5808763952643685,2.0
113.69745246335542,26.893120793836328,5.9641147656217965,0.9839493307797239,0.6226576483026679,2.0
-32.544900307292174,-92.67823959919855,6.014672360272852,0.9695733744773407,0.45912158514715135,2.0
-41.01794303687708,-98.33552105758652,4.5785379792333,0.9804855690463291,0.6179849904227604,2.0
-111.13265256536694,-36.486007297440004,5.3500771003380825,0.9733877869443652,0.6078603578098454,2.0
-122.2003243599524,-39.60856278032881,6.549140009174262,0.9849476407777725,0.575958381089086,2.0
-64.88429701212273,111.09603709836074,5.520550897377399,0.9582214760620544,0.47331631698100995,2.0
15.808874392167711,100.96757332769492,5.03365309818482,0.9746130067128738,0.5586572879113014,2.0
99.25468455472345,64.33518644785704,5.822886468040263,0.9799190423030478,0.5825432517290208,2.0
129.55186738232877,10.49595162484629,5.20141025354412,0.9836904653540809,0.6939201437916324,2.0
75.0254585483579,88.01266933773253,6.266090285256534,0.9844179983848299,0.6179795255669359,2.0
108.13528201203977,-28.86340585642206,5.8762005480842765,0.9711795380368342,0.47309141628108214,2.0
-105.56026815450903,31.58693942607304,7.161426726363836,0.991753628168093,0.7124997355533014,2.0
95.67000774546923,41.38580942209714,5.4350984846311485,0.9817899859639911,0.6519245908666507,2.0
-120.8848771751529,85.94714194884777,5.823827656455928,0.9806113205416475,0.5698986853919281,2.0
-123.15541512815768,-26.901629846479118,6.476109302394829,0.9832933000618942,0.6344575323294009,2.0
-36.37549984231439,96.09829787488705,6.428289466543338,0.9888736861299202,0.7102915458392649,2.0
45.05625130608604,-91.76891539711252,5.162824755582905,0.9888496240607527,0.7160963781355445,2.0
-50.961601495570335,-99.24332292253982,5.710556373267728,0.9870680377009478,0.6418855727340758,2.0
-140.10853072515854,13.195312884170189,5.246746831871571,0.9800407503484049,0.5884151306850065,2.0
-101.53978044229449,-6.183316846674032,5.64302041803141,0.9889985178948201,0.6597758345540178,2.0
-55.861870027294344,-88.71794148418853,6.269040145040079,0.9739717490504015,0.48675526878735337,2.0
-112.73196727144486,-47.488749787257895,6.217997062379273,0.979770588756942,0.5282774633398168,2.0
96.44390247078366,31.630933228177145,4.70100628883887,0.9696442080967683,0.5198172194435635,2.0
38.039890285324425,-122.55693196477534,4.939515189417536,0.9746101426404588,0.5685909049881279,2.0
-91.88971983607635,94.63945275260241,5.20623219472649,0.9783887424315613,0.5751472063443797,2.0
-64.2014155527517,157.63726782261875,6.748557366577312,0.9800170223601669,0.5324599676799928,2.0
-15.389346901123957,-154.3396933560818,5.160206218183929,0.9694767638289682,0.5328051512116362,2.0
96.27306142103288,75.3060795178394,5.8843000865390955,0.9889375751584518,0.6568438069627409,2.0
-11.785467958710937,-102.49967636365938,7.210733380498372,0.9751048315569224,0.5496543352821107,2.0
51.32160357654606,-109.6676992172572,5.7662852330070296,0.9869690036566731,0.6594000175345106,2.0
51.27725009620346,92.54930093719733,6.734975015926072,0.9926971256075398,0.707930183082569,2.0
4.401812659017864,80.72322841510602,5.0644965697100925,0.9856028064285947,0.6417835211843866,2.0
12.02913744521338,-106.49286362010082,5.716281370177355,0.9795649071160331,0.5288495726808438,2.0
-27.156917562037034,100.97301141613318,4.398960222747301,0.981501612284815,0.6530431679566718,2.0
96.69652699235561,-52.24731037201628,4.757737904436634,0.9777488789240271,0.6291945731343661,2.0
-104.42972709386646,-64.14393475466025,5.821654860827799,0.9863200356453367,0.6819979490760679,2.0
-91.58688348282597,-77.01716132074303,4.609275293112512,0.9738010703113176,0.5436430584735075,2.0
-96.3597470717505,12.493321688801418,5.7807168716214425,0.97913317808705,0.5797466039927299,2.0
-97.33799881943993,42.07440393736842,6.300592747400213,0.9891924172984893,0.6651399768504508,2.0
-129.5758513967528,21.48129733011815,5.326715854647807,0.9709256632838005,0.5940632040227116,2.0
-43.83053283282905,-108.59949890518557,6.422533507813875,0.9864096666089173,0.5902270436813213,2.0
116.17201828898652,-21.25545780149007,5.810572970491772,0.973838088760069,0.49989065790953,2.0
-155.22264669826072,-87.01866931090487,6.988567263160489,0.990305792502572,0.7222588833418332,2.0
-14.125959065392996,-90.87645485042323,5.3352272126675295,0.9637725059535719,0.5671771785227295,2.0
92.96395451558706,-134.58673881679388,5.755392897329125,0.983690249215835,0.610701405788444,2.0
-83.38918951444333,-106.24826701091065,6.688646236365592,0.986429704560261,0.5942286416858726,2.0
103.38769224691013,25.58372770316449,4.912105340469329,0.9735027636639032,0.6089445463515769,2.0
84.19143558982186,-93.25554833090746,6.59999259400056,0.9698588191415161,0.46670770945687123,2.0
-91.3492131789279,-38.213106277750484,5.479047066235811,0.9882376110128734,0.6834658898802166,2.0
127.28082833327362,-23.757899442279864,6.0090662334572995,0.9794712355223069,0.5401305867408656,2.0
53.63004666306204,-98.48160975371619,6.080334126786417,0.9839538777181746,0.5637286795459843,2.0
108.89345310801974,7.305277063571446,6.235672960794321,0.9855207410511418,0.5956914037455344,2.0
-102.9041597205075,-77.16695027648669,7.010602792553715,0.9887275916693089,0.6145206178825705,2.0
113.46900765413785,-11.913718228325687,4.149650456853633,0.9838097917014421,0.6817135861563273,2.0
32.10775920448517,-106.45274337144114,6.02445213365016,0.9853755103547218,0.6249767058497949,2.0
-147.8700905438053,5.7805308313206405,5.7084842316378515,0.9909006623727381,0.6777720529055484,2.0
106.2718848675674,47.13700457905274,7.030085588417702,0.9880550322779555,0.6618029348441997,2.0
-91.78276225824953,-95.78971851800566,7.137669944695847,0.9886184932306485,0.6328341232741925,2.0
113.94021736130956,-48.91181869457061,4.9621679981191384,0.9706834781158556,0.5334708243220999,2.0
-93.21073239023957,1.5272754877743724,5.905218439321589,0.991954811827351,0.6592857105508723,2.0
-61.02529426464238,100.16637779600852,6.513392193961135,0.9849975097397727,0.5787974237890182,2.0
23.982066641138037,144.95560227348662,5.8801163642262795,0.9798927290389609,0.607244227388302,2.0
64.5169996265279,94.9535567558124,6.787839455281303,0.9841556287798459,0.5894719937499263,2.0
-57.04509986049134,-122.33504266465802,5.458816737183729,0.9806494883040657,0.5913811913811455,2.0
48.60269510719073,125.96480721095033,5.52996809858723,0.9830613137790261,0.6030932005064857,2.0
136.26392824311043,18.036285035159313,5.182720583865053,0.9647386052572736,0.5043189167140626,2.0
42.766268873247576,-102.26483330072584,5.7516028629169575,0.98865146916777,0.6143004082834705,2.0
105.29471485187318,82.64511177239696,6.049051319156303,0.9790105943739604,0.5624310623483826,2.0
-123.26254300819568,3.6279436022801614,5.25026492472691,0.9779773114076977,0.6287489732772428,2.0
87.75045415158155,-45.281976971974416,5.421898497131249,0.9868376221403801,0.6981412260665999,2.0
-107.02504152651599,54.620173476209686,6.800770355349996,0.9801024729685998,0.5843567184934094,2.0
14.672087264422082,-159.74676618865823,6.061765254662103,0.9799331762034429,0.5856026027752145,2.0
-139.68967682991834,-25.432651040202725,6.4760808296878825,0.9789369009307044,0.5764636378184165,2.0
-99.92305208709958,87.44854791904703,5.874385455862398,0.9766027696843672,0.5688712726314021,2.0
-17.177738710804377,101.48955405428413,5.879688907803556,0.9836823063585709,0.5678824264538477,2.0
102.54773178399671,-104.36264856815933,5.336422463690091,0.9818485251024923,0.6343679349877518,2.0
-48.52950389096792,98.12817757417336,6.368992779071864,0.9787156812785406,0.5429186686464779,2.0
72.77373887575034,76.09249658557387,6.241478938261441,0.9870883856096101,0.6397249282174626,2.0
110.22934394647207,-77.40925687878016,6.542356229004935,0.9879213502902152,0.5850335234661856,2.0
21.923583368808416,-111.29287871791615,5.744150161341263,0.9760736923886613,0.5017110916053796,2.0
119.41693074522796,-32.61626969774119,6.277773031430623,0.9846000514186488,0.5690782312553877,2.0
86.33571244301562,94.43330314859858,6.985943081385691,0.9919011400383868,0.6932225982313575,2.0
-13.471824554309187,112.30732651067417,5.962539886816382,0.983796330582932,0.6149789098925115,2.0
40.04988738230192,89.24223890183627,5.216447929393817,0.9753722754062437,0.5617342974121704,2.0
-130.63063939880456,-17.161304548678515,6.263723602273538,0.9835646872431044,0.6119325272026969,2.0
63.88729871627335,-94.7089029405298,5.053739705119178,0.9851792313277073,0.6690656059590167,2.0
-70.78903717069751,-154.55647838159987,6.489079070440782,0.9761288456666787,0.5633422319968162,2.0
146.7171229504422,18.601138211317124,5.7633457400901245,0.973128308069173,0.5550214854104266,2.0
13.58573753829489,-116.15566121611431,4.343405239848558,0.9670969329892377,0.5124738892181299,2.0
24.81541804107675,106.14535911086438,5.605855845217545,0.9878502650541796,0.7042076270115323,2.0
119.10252769037758,50.04426798911196,6.347453742544104,0.9799146312260016,0.5870024565296189,2.0
116.09965804607121,79.1605498730382,5.799275703687465,0.9785190306023122,0.5863218076778198,2.0
36.88396682534686,106.60292238978731,5.292972207505751,0.9778306121960035,0.6357973344718895,2.0
-69.09227265194552,-126.48214679061543,7.693978042647308,0.9841689963731384,0.5717953783913068,2.0
-81.18166060445827,92.87068630250862,6.069897142036342,0.9752868667773315,0.5215025044096364,2.0
-152.16248118249067,-28.562277546496144,6.948447403178701,0.988228814074443,0.6610751904346318,2.0
123.5259406722468,29.648519817556252,4.580832214295229,0.9837038656526912,0.6699365971057929,2.0
-61.02635139227225,121.31136025107175,5.962702957974741,0.9762191903528806,0.504481433032764,2.0
94.91573135518469,86.20735482800437,5.317118039291672,0.9802153327215274,0.5868272982548741,2.0
-88.94167662007081,84.00803362822593,6.115002737191719,0.9786962367912158,0.5186929153842124,2.0
-148.60128741260644,43.78996272411386,5.689938914710286,0.9876222085696819,0.6527598384984524,2.0
71.25874011359475,-111.276745079401,5.169304488727792,0.9619854404030164,0.49784001855349397,2.0
117.97611287294748,68.87379255303861,5.167019737187359,0.9713385436048523,0.5366421072744623,2.0
107.7814659064091,-57.762946903278795,6.060700471295909,0.9902891010350804,0.6697337840642383,2.0
64.4909470375448,-156.66621404550318,7.143909478447208,0.9836996363942967,0.5105150086664008,2.0
-123.84549274254243,-51.90728806011017,6.028512080979932,0.9875171211749741,0.646480992111415,2.0
-29.21759544294366,149.58770663787035,6.571580868291821,0.9684500738869699,0.4582960989290861,2.0
81.20009073466676,-150.32458672759287,3.808255041126578,0.9765830801399533,0.5599879663225146,2.0
110.73537972813007,59.7701325153382,6.969688221296295,0.9824746685353215,0.6007301881311363,2.0
-31.905174084017425,-143.37159181126347,7.979123150547539,0.9937399898034374,0.722018172111443,2.0
6.870624330746746,116.62868254576065,5.046824863653973,0.9864796740271048,0.6340906803104176,2.0
-117.002949279106,36.93456752969035,5.911350153821347,0.9789986928041576,0.5272029399809466,2.0
-42.79511857132108,118.69589374395728,5.094635510359604,0.9701289111089435,0.6025227911081722,2.0
109.85040669511982,17.657258339802137,4.233697155006696,0.9826475773933269,0.6816329662559855,2.0
-21.576519407421422,-112.1271608671653,7.08677151448618,0.9888157553232592,0.6740984375845166,2.0
-108.33411694527675,43.18334768131461,5.115532945271771,0.9772592569943851,0.562855759321714,2.0
-8.852595912350264,-114.68610195336139,6.0251128393968045,0.976634714194889,0.5806348388399724,2.0
110.31375993703875,-39.551139761668075,5.604027880804496,0.9769608183200535,0.5681894259376653,2.0
-78.70306792934532,-94.39638142938695,6.438071650522704,0.9786119502534848,0.5723149886267157,2.0
117.70636592120266,-1.6887895107440591,6.715141194047654,0.9790154854609331,0.5772341215026338,2.0
-14.764782158266998,-124.48590460975446,5.911776853199132,0.978920864809544,0.5880418768891869,2.0
30.136648287269253,124.46715699906352,5.184019964620667,0.9722754441028838,0.4779770929436763,2.0
-127.20482996619437,-113.90336781522699,7.070304883985809,0.9908658715108344,0.6894289719299018,2.0
100.28255084089001,-73.42437705033242,4.295006720870664,0.982858471988276,0.6076769041093274,2.0
-60.8902002827541,-97.79573446642851,4.599609355722839,0.9691484148746574,0.5270161259349215,2.0
-34.053886772437096,125.5013758110887,6.57874617842095,0.984173273688984,0.5945070961880953,2.0
84.0025543311946,-103.93481608902844,4.575412729145772,0.9698233602415683,0.5899667758446603,2.0
-139.37355721893152,36.453800254556846,6.2689528955493214,0.9841433203695945,0.624439270259813,2.0
92.34770150153004,-111.74193292619434,6.208014457454129,0.9866837915918276,0.6843499972716901,2.0
-99.71270271220226,-17.37277406919001,5.873661026519621,0.9760307045159644,0.57223575585272,2.0
-128.15762203309717,41.747151828758724,6.447051547740778,0.9792352107617842,0.5903275703768834,2.0
35.32624034434774,-151.04087732161295,5.709799082144584,0.9746563726530028,0.5036921924970672,2.0
-109.94370054074008,80.60334108741046,6.859612886444753,0.9796874743993069,0.5377912474477777,2.0
-33.826187495012995,113.50477371303647,5.61164878295518,0.9904737192212534,0.7215619706092141,2.0
15.666333324801798,136.2279065807247,6.354894849322202,0.9789153154721448,0.5397752569515327,2.0
-110.56828785357523,67.42325808666457,7.005969433279286,0.9783472893589498,0.5708920494020795,2.0
-95.02682286371301,110.34779486698267,7.3018413770683335,0.9834783423301474,0.5572966239536148,2.0
-21.907933980852892,-133.81549261108415,6.001122298071551,0.9815414292288709,0.5577845153765069,2.0
-23.543133728420358,130.38856906234741,5.574263568356841,0.9795464863091339,0.5875831741074437,2.0
45.72071949800138,114.22909360405929,6.877837760915335,0.9844466144993071,0.5655837818972462,2.0
-142.6047672037396,-90.20579912330963,6.443666252662183,0.986435973255542,0.6400160965401135,2.0
94.82651899589318,101.62994949681774,4.419953835644338,0.9581852341417071,0.5641228385380559,2.0
48.56338473269353,-120.89900128693789,6.218338815288926,0.9730144923143361,0.4837925103609659,2.0
-172.59065125102973,1.9250580241319413,7.112314714239772,0.981083971159288,0.5872985677877495,2.0
24.01259419102636,116.53124854064451,5.206684332186003,0.9883113233990919,0.6771769473852239,2.0
-36.26999379197136,138.58376711871693,7.152110558415276,0.9834825011652375,0.5696193107678523,2.0
141.32040698989348,7.024789905358485,7.556678054174657,0.9765553935330632,0.44959572718901697,2.0
-6.1924067422535245,103.80196800535916,5.484403874778607,0.9891558819480393,0.6622487729714298,2.0
-58.246264458034396,-106.38272736111452,4.707677874147009,0.9871746625486734,0.6883592787580175,2.0
118.69773761235987,121.04627468779594,8.186192731535627,0.9905110082814449,0.7101513541830411,2.0
123.54293579429445,-12.536694638873263,6.2082405714068445,0.9709401227286483,0.4764890646601236,2.0
123.66424947909813,-44.07138242377055,6.277773031415924,0.9908700949247583,0.6984844072009915,2.0
-3.014363229884354,-124.85799995009498,6.177555631473384,0.9701414041537355,0.5310410842556385,2.0
141.82165029218245,-36.905318528293016,5.744436174439977,0.9738639849700577,0.5067492393487242,2.0
-74.11323969791205,103.36910107508761,7.268816232950867,0.9829160995102985,0.5732388686205664,2.0
86.1349150044052,108.65097244746586,7.414061910478692,0.9829808747306313,0.5643340690714471,2.0
140.1032875136636,40.157992234247295,6.234372080949795,0.9836801354572061,0.6616932187767081,2.0
118.6964429582948,-87.86182024348945,6.974002898491885,0.9912943151098144,0.7074207361829408,2.0
62.678775526914045,-105.23526964419213,5.608634947670622,0.9876401551862658,0.6614798625101452,2.0
-114.20350908419785,-70.82514914429701,6.379110967123935,0.9844577413478984,0.6245389932440351,2.0
-92.18098143404002,122.47726469004465,5.668520829981157,0.9849070938166419,0.6829058662476778,2.0
129.09213486522475,-82.84572813409979,5.09826242654178,0.970834255202237,0.5294665373350205,2.0
125.80428592895883,86.64784733042576,7.035737653024019,0.9735092423574886,0.49665452758576456,2.0
-7.090118814628394,146.22604911352192,5.122827313648225,0.9717768960105955,0.5336511913338908,2.0
-171.27361424292422,40.66707001000164,5.679952003677709,0.9862811561900754,0.6538910447681672,2.0
-144.51418283655948,-4.319293063032237,4.891751693486934,0.971761001369268,0.6031147476514794,2.0
-51.10568109424729,123.01802788676882,4.592921780780432,0.9743008163532262,0.57023940303093,2.0
-125.84036790403786,-64.46384715997274,7.028336295618228,0.9908916686567422,0.6833193266355301,2.0
1.4073588013749614,-174.4337303088693,6.6009703862935565,0.9844414261381141,0.6163804599717239,2.0
119.14317863565127,-57.3970279096341,5.575190942138414,0.9759910519212557,0.5597492663249717,2.0
-142.61738773039392,-37.079755599943354,5.859129715162299,0.9894488543692854,0.6913807748951274,2.0
107.28496189803218,-124.69214346544437,5.066635417028064,0.9663194614202172,0.5030312165950533,2.0
-114.56948112757713,7.733416906304702,4.742571550267423,0.973904293575422,0.5488195342906314,2.0
-94.94959515149294,-84.92898021485355,4.3057705926827055,0.9704351719861605,0.5469121969817984,2.0
153.24290589043687,10.022115100082829,5.194217594964191,0.9819652200458768,0.6086017382216639,2.0
10.229028609746255,126.15419345122905,5.311193468228563,0.9788620911366003,0.5237373100859414,2.0
-32.033776292737606,-130.75693939645467,5.032143891251581,0.9730880989452803,0.6013789702186809,2.0
54.98969318023961,109.09019643268239,4.155529758141757,0.9589765344327613,0.4853390363124224,2.0
130.81829082452876,-34.664877135572404,5.58972363913676,0.9917061300386957,0.6674365352565131,2.0
110.77318985791628,-97.45398166629164,5.877882858882971,0.9779197757347305,0.5210727198900593,2.0
103.17021773225997,94.90048178790785,6.961693827295181,0.983888655999629,0.6139903948717221,2.0
-86.63063386981113,-119.2501849433852,6.982129901667883,0.9838315350426863,0.6130040589974677,2.0
114.17432826670799,90.05512834485604,5.533959903799112,0.9841720026471853,0.6593720995970173,2.0
-32.25363123353636,73.23162177301488,5.281457671472022,0.9798273022505041,0.5872130804446087,2.0
21.11854628643354,-122.58136049879823,5.8124357645266285,0.9891780299107076,0.6748402214075807,2.0
-149.1325546966048,80.12955649038656,5.9982859732615275,0.9848998699486057,0.6711543801868337,2.0
-80.94188022212903,126.368397837269,6.483284994784138,0.9848182323386045,0.5880980382495071,2.0
45.72265114211417,136.88292303694502,6.152420067392119,0.9855265930621411,0.5996318075707212,2.0
56.589107038949656,101.42094825203792,3.8601669693520013,0.9702089086677275,0.5328500658793788,2.0
126.5493854095326,20.52975485970726,5.329873149632977,0.986149556212826,0.6550492571328107,2.0
30.19058450332728,-130.8826233558761,6.9091226585131995,0.9861371162932908,0.6304931572221457,2.0
-75.11354487218874,-115.06319855218318,5.846184071053799,0.9687692978867235,0.5201897213458355,2.0
-118.10619082667826,48.712713752426154,6.405935156963857,0.9745119760612205,0.49812447589231307,2.0
66.03281635829573,-128.34707126155138,4.050215577709142,0.9893150698327131,0.6624596867114987,2.0
121.72155027500577,-75.81279129166647,5.394044194010148,0.9901214965758778,0.721455194308529,2.0
-136.07497545676,-56.56970701425056,6.174661662425201,0.9894160022147308,0.686901191454723,2.0
-102.25669055139453,99.15066138488473,6.57986548004532,0.9808449974447042,0.5634100482588462,2.0
-59.864421570324936,-136.21888316446976,6.270341567869483,0.9733665843627125,0.5478178182153529,2.0
-153.58525878571666,-41.533251446524346,6.3241233721680095,0.9850620360536112,0.5740720884297447,2.0
11.954442319444093,148.76322307614305,7.329838007898014,0.9799700916162571,0.5287734993940167,2.0
106.22736438516591,-67.65554902301699,4.315056192554601,0.9690816934332568,0.5169315421934813,2.0
-150.68242477402305,17.689200948916902,6.715722187762603,0.9732837597008426,0.5064325067830786,2.0
107.36569891673032,-87.80193506188172,4.744390113128642,0.9696619059688912,0.5239553658650291,2.0
131.92755043683226,49.879363085892926,6.907806019582715,0.9783202151889971,0.5870985598288567,2.0
130.52450847786312,-54.69621419330347,6.544389827647468,0.9852823958208486,0.6292397921615283,2.0
26.976544302095004,134.32096091673932,5.660310947433527,0.9717031742987863,0.4724970449739777,2.0
167.48785771228853,28.651324140661146,5.402694757825574,0.9903711721912608,0.6868117801215163,2.0
-68.79272392682732,130.7301234152698,6.746179376069424,0.9831005397800688,0.5643104243872459,2.0
-63.02465751733245,143.52310854703717,7.667206987229127,0.9934817277513927,0.6988184122681153,2.0
-49.339975558500775,141.1120374054481,6.531189951579812,0.9843401252106555,0.5706951636177521,2.0
-113.41371987040613,-83.90069882431662,5.827510185983601,0.9789929909066659,0.6429798964023196,2.0
-23.907391128467037,-151.8693427772922,4.087754626069077,0.9661150757076776,0.5715725197645509,2.0
-25.412478412433735,-123.42374795981405,5.32188294259744,0.9687375294586936,0.5161219699866462,2.0
105.36567169097802,35.26210977288228,5.303756171579797,0.9815804897342194,0.6505914375613067,2.0
129.14571743678323,130.9957390506408,6.218867106396227,0.988167945577745,0.7167854786343341,2.0
17.911593873302436,-134.79015565592303,6.267414229677255,0.9831573441798217,0.6689297456347035,2.0
-0.6917498474901417,124.49772586585254,6.073331800817597,0.9883258210767784,0.6523275821545207,2.0
56.20671007021995,-129.95201640454525,6.045979153596545,0.9770292915260919,0.5239080646721789,2.0
167.64506174568245,71.33366913760858,6.386174223472618,0.9842057926092311,0.6851480686462563,2.0
142.4408899460239,-56.25507796911808,4.988113067038058,0.9823550045643679,0.7137556507449031,2.0
73.9029033216532,109.60441807521433,5.553332035737918,0.9653184104269414,0.5119125229502476,2.0
75.46276315068926,99.2701577945286,5.314974176316303,0.9824332985769425,0.654147828631231,2.0
-155.3011652364659,-3.58332877455459,6.541023467248521,0.9738923815995072,0.555051908530903,2.0
-71.99699992095205,119.03525693804986,5.594969275599672,0.9798135615410017,0.5858004558527807,2.0
57.18306063564658,128.80251074213817,3.862406436169675,0.9716184628078426,0.5994629520198486,2.0
-94.53432933218791,-110.22546583889158,5.448890592942902,0.9834688519074228,0.6661551014054415,2.0
127.20787372207282,-124.67312557619204,6.044346407157035,0.9910363106334142,0.7235479362149729,2.0
-7.82430991639056,62.985867093387306,4.270511257881678,0.9798145579183297,0.6429020640691178,2.0
-160.49577725939992,8.64671843430441,7.440281043992848,0.9762267260687739,0.5238812325489481,2.0
4.666210463136687,134.57399338813352,5.288799436003308,0.9728595921405759,0.604939140443351,2.0
175.37302664544703,106.9784031392274,5.231756717156824,0.9830984626334444,0.6654247358168934,2.0
-111.79251707625339,92.25177614948313,5.283329184846149,0.9917602745851586,0.7211774517932802,2.0
-157.045693262369,-52.48433177029568,5.406394256305095,0.9806151686354944,0.6006401451352159,2.0
-90.35286179647993,145.71895550884867,5.775986537551567,0.9785079482782343,0.5790829845589183,2.0
147.93269743004223,-17.906300166373867,7.299544729978002,0.9766405434444503,0.5053202989641482,2.0
135.19376365883858,96.3195214347197,7.202023525489583,0.977473566467663,0.5215689915771128,2.0
-72.37724918176842,-141.04467570409952,7.737526761644152,0.9840665843830642,0.6148195938868659,2.0
175.764979032378,36.18976271535379,5.934255911887243,0.988320540470342,0.6830615166310402,2.0
4.801117567050261,-138.9646840048705,7.462180713930671,0.9923080127745585,0.7067968015399765,2.0
126.04446248702648,-65.77641200361786,5.814227872566859,0.974441864188087,0.4893908120600955,2.0
135.251528091036,-14.743490779509834,6.276559812683815,0.9807094326675373,0.557224788048053,2.0
-16.721526834400436,137.50272128605502,4.705575917484577,0.973500496063222,0.6102310830602222,2.0
92.97501993158976,-100.59740757897768,5.399429997110599,0.9725625099149016,0.5366729346258695,2.0
83.52021646326322,-141.08118261378343,5.977019209852226,0.9893777177418953,0.6575975366196908,2.0
100.62374903158398,-94.25628463734498,5.0095116326213285,0.9844278852551988,0.6456764892566953,2.0
54.211075552139334,145.02750880021995,6.070567130420852,0.9761631783982839,0.5012666826956141,2.0
-56.90179327931677,180.81951839534278,6.8924088694174825,0.9888070502540622,0.7025534125970824,2.0
63.86609597691642,106.83438080316702,5.492090414080187,0.980924104806733,0.6537259452614924,2.0
-2.700738086350215,113.67938998775962,5.2319143275478375,0.9859488273480023,0.6275614848551393,2.0
53.20374921133533,-140.67197096385934,5.479969864209946,0.9816812070538122,0.596554654313161,2.0
-164.4392029255954,-23.322835805384702,6.466256088724441,0.9848567000571836,0.6400581096398729,2.0
-119.17913683874143,59.675651350089346,5.080956073810359,0.9776610887235708,0.6333971703888084,2.0
-9.29322539477668,-135.92462491220985,7.308242306676319,0.9739184024223458,0.4932923421470262,2.0
146.53860610579633,51.47062012428838,7.232408914021104,0.9813562239607939,0.5962528924152442,2.0
98.55651315673359,131.44775217277223,7.171575612327767,0.9841683336309212,0.5230428484393868,2.0
171.51439337076212,-81.35833400220133,6.911383002634052,0.9824371726960752,0.6074392955862004,2.0
-10.254567305350907,155.7436330919882,5.267797055609106,0.9732264704383282,0.5405386342739351,2.0
-151.25762954988008,69.05576212082617,5.707233008477135,0.9505221896340339,0.4441984669781016,2.0
-151.79091390238943,31.24436276156349,7.495173291543868,0.9863240381723353,0.6426155057216297,2.0
-128.49611668145147,54.46245106643183,5.8252373013165,0.987253338868371,0.6930905640414994,2.0
78.85877847510552,121.13475935672552,7.564432591099879,0.9828554437273528,0.5350458710553965,2.0
-81.84432792767323,-131.11493285981942,6.290956438055546,0.9839797566036056,0.615310038130673,2.0
-138.13053373602463,48.245982105418,6.091837319914942,0.9689402835827908,0.5242539788438192,2.0
162.08828842535772,-59.6989228349872,5.858455779273804,0.9890586091465075,0.7054889529816707,2.0
-39.63565690553048,165.65749916200417,4.946918612948017,0.9799787999829859,0.5930835021375368,2.0
-107.85988688376608,-124.57911509218894,4.492940947458154,0.9650293358700959,0.5025761644470591,2.0
72.15146554619432,-145.70638971206262,6.631372745638081,0.9820960714729846,0.5525472411844002,2.0
141.30174618490534,-97.48827141832724,6.145450045084973,0.9843881857203134,0.5744685711588602,2.0
134.5184937666903,29.102555121782707,6.5646890738050985,0.9855240321427641,0.5951434551213373,2.0
-16.137765856657445,183.8619006091625,7.083551927285559,0.9869711859515681,0.597346988415892,2.0
20.37397875122141,126.13959455015484,5.184019964620667,0.9774984634695042,0.522090766936155,2.0
-122.81275618368059,-89.14153409950009,5.2195718390033345,0.9921427103556282,0.6980885210316834,2.0
-25.145962496947465,139.88578354080306,4.349529293884913,0.9783516900479424,0.6313209147555247,2.0
43.73670139267326,-132.89899455677892,7.2012713797495085,0.984693205289392,0.5671960760029874,2.0
-140.42784460317864,-68.36550457120504,6.762868618505331,0.9844825604602889,0.6002474802300879,2.0
-144.21396778446712,-48.133706612090506,5.585769584490695,0.979517409795038,0.6142184485157256,2.0
-162.4442562376974,-34.484896091440746,5.436173039845488,0.9675125656111113,0.5083837641736807,2.0
43.68226006762203,147.73535707283025,5.252071061059076,0.9766556420434567,0.6212731022863504,2.0
-47.3131404612398,-142.18952945056986,7.856422671131228,0.9890329263642212,0.5787116838582723,2.0
-140.24004291032526,24.45733184385777,6.299953003113151,0.9783002209374332,0.5754066405784448,2.0
-40.481460274970324,-152.93390090325445,5.111462139021565,0.9906321322200634,0.6811307009724538,2.0
127.64821564924894,38.692437030076306,5.729024041942248,0.9767483172167372,0.6269665667963938,2.0
-56.57795867042581,131.74261828683117,5.780966928893167,0.9879020535857036,0.698483417842882,2.0
26.679248970339685,-143.29736403056808,6.490905690939628,0.9753320054160408,0.49754655573240736,2.0
191.72270445714233,9.293319846830988,5.897069526848248,0.9799693499714258,0.5379679484055859,2.0
-162.3509070840565,21.52556862311113,5.8688403312762984,0.9908652561380877,0.6970627349693134,2.0
33.950221867931795,185.03756519051487,6.6669679110102615,0.9781757440527864,0.5198508426126507,2.0
164.08138056358388,-47.944105210930395,6.301117149927175,0.9903777281727705,0.6771935705745763,2.0
138.45317842680103,-26.27004860671443,6.008432526216523,0.9740834104436296,0.5375877515960604,2.0
112.57439559697923,-108.58669946279885,5.670663477164689,0.9858965699714587,0.6386922444113139,2.0
57.79483644355832,118.80269890833397,6.434972041833398,0.9838985814715443,0.5709950859679455,2.0
92.24941638495497,120.26383994835125,6.089272871780069,0.987440859422305,0.6519077559178962,2.0
-120.88342569808523,74.45646665280864,5.99552227251852,0.9816389772282648,0.595580770444959,2.0
-127.67722401500676,65.51704521108051,5.616887931281474,0.9806722845841429,0.648110830779337,2.0
-97.86340143582862,-124.48736405751892,5.96484700593825,0.9858533301032608,0.6624995378904417,2.0
129.5121991514307,73.28558341197014,7.568398742368025,0.9851304992382532,0.6605742114214344,2.0
6.057915452888288,-152.06570239428166,6.052750207885648,0.9696757030775924,0.5260292228523057,2.0
1.7824295685556637,143.59924971031546,4.573751792569256,0.9760640408789623,0.639444809804303,2.0
137.60408407753718,61.85650066158646,7.173715161700384,0.9648812259485108,0.4378218965549406,2.0
-130.36227746176243,80.34311756795668,5.5866994049451675,0.9764630405878981,0.5635508496506321,2.0
143.35324845955225,-5.907071890421291,6.142087826004578,0.9770599260369305,0.5755384563898047,2.0
103.47202007412237,-115.0502370986917,5.861977477051121,0.9802531597865635,0.5885764258532593,2.0
-166.31966856201595,-10.265804141966326,7.066098131049743,0.9794240508727046,0.5288480010505702,2.0
-147.9584887771986,-58.657392111035975,6.1095901708916225,0.9791595815983334,0.5851967001396486,2.0
-21.347251397823015,160.21302322335805,7.077277370316598,0.9911205347800429,0.6627509065047545,2.0
-161.42907961244862,62.05205000064367,7.17724298942531,0.9822067685748211,0.6073604071060049,2.0
11.876784647235024,179.8309412157444,6.729910980305919,0.9867209358816067,0.6453937872585026,2.0
39.324531963585784,123.05730460528302,4.586939070756175,0.9686689547505786,0.53766670094228,2.0
76.74003065752784,135.32554777046585,7.3400868997263915,0.9729213934375205,0.48124019473265983,2.0
-31.261014430876756,-170.81254745898468,7.541441381264062,0.9865797001912292,0.5449872852582738,2.0
-132.16322776605628,-33.852727615298605,5.377535156307705,0.9706810033938755,0.5288233175162736,2.0
15.484399624068303,-146.16742846603447,5.655551515798349,0.9798869677632306,0.6499727002943044,2.0
152.84506532318784,40.66823643744869,5.901076014489113,0.9817764565379455,0.6588786995223324,2.0
86.80538098214346,-121.53971091851255,5.432334962163885,0.9779607454337289,0.627155688770324,2.0
-133.0400999331211,124.61734051108796,5.982351864348515,0.9724723043053046,0.48474179417698093,2.0
179.6556167602679,75.83470138781773,6.628214653390509,0.9887749803540185,0.6346887583436581,2.0
81.17276179858239,-112.9305684843726,5.391594323190274,0.9715714180198317,0.5294199061053355,2.0
113.37362724879283,100.53683058599213,5.178014002945021,0.9807736984304587,0.5953787874998404,2.0
-53.25509635917849,152.5243820379805,5.83468539200858,0.9840239348029519,0.6258468800290776,2.0
98.74671779287559,110.71349308316795,5.720713571950407,0.9873583502392416,0.644837875402858,2.0
165.7119667220499,-7.647660594943358,6.003604211853628,0.9744705462283674,0.487486318042806,2.0
116.61438910610535,-119.37827220103084,6.149211107429554,0.9875879755089778,0.6923803942721556,2.0
120.28701808369657,108.12152159845321,5.389673446302988,0.9740882096468935,0.5505807620119053,2.0
147.07419044375726,30.219264364242637,6.323017471668936,0.9864391583285043,0.633643791094658,2.0
-133.38550281607127,-44.888471588845725,6.221775988417331,0.9807354187756658,0.5851080492896324,2.0
60.93599909040355,162.9213669928613,6.407000521284707,0.9789893133534134,0.5242800294189041,2.0
141.45337944724443,-73.61629175526043,5.569105177262042,0.967356398109968,0.5085274521952127,2.0
-189.15829751690242,-88.89013271680471,7.297484046553597,0.9876234672005354,0.6426967109506566,2.0
-121.59327746086078,96.92299930415321,5.684225942301839,0.9793517852066713,0.5421171140737944,2.0
-78.79939720679099,139.94920044746272,7.4085321262937445,0.9870017195962957,0.6537612176816696,2.0
31.00782579730334,173.79235333325659,5.394123726267547,0.9765306844887072,0.5678186587595205,2.0
115.47275855515561,-67.25418643540512,5.330973005403053,0.9795743098034884,0.592766497601087,2.0
-145.79850997990326,58.17001511597661,7.232611077990075,0.9859595710328528,0.7153670724717875,2.0
-176.47222714099607,-48.091861388511084,6.399711604622769,0.9891524888089204,0.7149869749496327,2.0
-59.76287032256378,-161.01402982722442,6.887299329518079,0.9786934355449706,0.5213402800311937,2.0
-122.5130461279457,-78.41131871245798,5.4014639117656005,0.9745746137951495,0.6114439824736064,2.0
-90.58564389854565,133.9930436440377,6.374420762761266,0.9723782132470754,0.47562986094997284,2.0
-112.82465607074832,102.22035299244911,5.01982297267884,0.9672797856488187,0.5178029098485641,2.0
140.11162573934112,-85.17166522418741,6.601492931197332,0.982833934781265,0.6043231914798993,2.0
-164.3450760793773,106.9829167231607,7.214878089190146,0.9816293358342515,0.6073822186590424,2.0
154.73342344783512,-7.78213858374756,5.338715714941104,0.986582735579134,0.7022254992901258,2.0
64.06996542142079,-137.05832756756985,5.003478407606827,0.9811577565021024,0.6645624546828495,2.0
160.4058540597686,-17.739134011438786,5.914700697623184,0.9750522913116054,0.5653775973100852,2.0
73.51609466611663,-164.43240474251883,5.090945336250664,0.9848719663117246,0.671223851654429,2.0
-82.32642526649967,113.84063713924931,6.307780579659401,0.9901224649129267,0.7200787207465678,2.0
104.59625782383517,120.41318514557491,5.817565436891295,0.9894983752375318,0.7171270744197046,2.0
-113.46375974184893,115.84218885877942,4.874480941948888,0.9819232052747475,0.596347082484309,2.0
-136.95934565350055,-100.38163456836834,5.602421139793853,0.9734181150830039,0.5418723378022087,2.0
97.04154114860661,-124.2954795390822,5.631047130418389,0.986157880469248,0.6839911007606007,2.0
165.6250267065593,-35.90515532690816,6.206473077952053,0.9816107163575596,0.5957108606368067,2.0
-18.374318606978285,-144.39444905520529,5.572426511527345,0.9834512572297411,0.6638840875216118,2.0
136.7145970339568,-64.37611319900066,5.391675868881807,0.976714082872068,0.6209093366451166,2.0
-73.41162786980651,150.83575539586766,5.295571863077182,0.9730970996338989,0.609696545380123,2.0
-112.55545442130735,126.79981301473319,6.423662402114807,0.9898551645210384,0.6819385045685622,2.0
-123.68444777729684,131.05540371329758,5.948660162279048,0.9681771678750019,0.5329107791362387,2.0
-125.12333076351655,-100.65887633200647,6.6829820767813874,0.9860281829763798,0.5887633021617767,2.0
-8.224821492047878,-181.66572449515135,5.776714712920228,0.9861086644182474,0.5900834979732618,2.0
-50.410305983510746,-154.14118203144255,5.036472045796458,0.9778852743068943,0.5893239655051659,2.0
-103.33922534880838,-102.69518310196636,6.578489664214128,0.9818965011188007,0.6005327889466365,2.0
-148.7252206118264,-77.11701271013517,5.324010476682981,0.98273485575676,0.6375470825518527,2.0
83.6237462524892,-130.68710117953304,4.782510487519375,0.971007665789993,0.5935487599433238,2.0
-50.985031196955184,-130.32239736313235,5.011182708762382,0.9615054508235464,0.4817237058399873,2.0
-17.550465856808863,147.76639376726084,6.000787961676607,0.9772604710485139,0.5985505517237687,2.0
-166.4995509093008,50.73762931244309,5.882331796253562,0.9725914927399636,0.4987663865263999,2.0
-54.368431463093174,-171.9467280180996,5.758129445517916,0.9809334166746165,0.5898625324113913,2.0
158.56891357671142,20.474570926849406,6.859144136288278,0.9817009739587863,0.5571074473571846,2.0
-171.53808911536268,14.641127120385741,5.652255064338149,0.9841454485002435,0.6896287200753789,2.0
74.41048019155969,-122.15168631964742,6.502203211984188,0.9866437192181027,0.650598802169468,2.0
123.26142700096156,98.2562155213948,5.315747706327945,0.9793865542782908,0.6371272331102755,2.0
150.56950373048795,-217.54537121594817,4.985146275270348,0.9845096012750045,0.6990812112656698,2.0
74.026012375074,-133.96721730433217,5.887963566412417,0.975471008293791,0.5671787170444914,2.0
-104.86788727900829,-114.8231919360674,6.093541179297868,0.9899645696745674,0.6825791272936091,2.0
98.41131096920022,159.19737847429772,6.677358637056044,0.9750274368021031,0.49575763049540517,2.0
58.62589822670092,-189.81281825916912,5.418231944564953,0.9699087936818023,0.5402592316400914,2.0
-19.298777210808186,-164.62721348756028,6.434266287020317,0.9840152256569028,0.6750480746762698,2.0
-74.8117357421291,-81.14716777083532,5.786856804527886,0.9812904423819832,0.596729581469307,2.0
-31.018954357657094,-157.91370224583514,5.707357206930046,0.9879929510310526,0.7063010882063506,2.0
-130.72152836311693,91.02616133812131,5.440537564263268,0.9856274299105287,0.6285483325967802,2.0
-100.67118024797334,140.63403559105686,6.244321198391955,0.9713586162146827,0.5375663658025783,2.0
-5.552219220702203,-148.6557549798458,6.818435348461738,0.9749092325722163,0.5812814386881036,2.0
137.78729934489638,-117.37359011327558,7.063554717612736,0.9870009654740326,0.6674112641282847,2.0
-84.95288230740981,-142.02643114531162,5.438381975146342,0.9729235302789766,0.541171839271637,2.0
-159.81318675207055,41.45459219187773,6.1347564022528775,0.9757577830548717,0.5098729803831107,2.0
-54.8556733327038,164.7678900757213,5.603223888503153,0.9769922432316457,0.6267214923388742,2.0
66.78702375973798,127.05862960927789,6.325335109679402,0.9757060408465211,0.5198160022983477,2.0
81.98645078644732,164.4651523624803,6.335737979020014,0.9830065578946982,0.605560372887902,2.0
41.55373865269283,158.31860767944374,6.087232917222414,0.9767735790903375,0.5637176813543865,2.0
53.67338683653755,-161.6935701832275,5.232392394556072,0.9823547485535564,0.6604655402869575,2.0
-139.12854364555375,-79.74010323872473,5.062065248689199,0.9744097607494407,0.5473885233785836,2.0
-121.49801562956496,108.60996863153797,6.304131479081623,0.979945416089238,0.5287323218308501,2.0
24.045787683019295,-166.43515110131386,5.982542791856539,0.9796898031936145,0.5381292540937138,2.0
153.72013640204872,-40.07653500865061,6.843086415687055,0.991988271205848,0.6659626513983641,2.0
-85.95780658091964,102.66801798427852,5.074640332079061,0.9782851990815202,0.6389058339849869,2.0
44.50515517288379,-156.61987673495986,5.614367516896076,0.9753059411517904,0.5041881786072061,2.0
-114.70225653402824,-107.35518450723156,6.1403341294039695,0.986831809367839,0.6934112963455991,2.0
-41.45941153244252,184.01747586408212,7.103942327143892,0.9788937227563406,0.5247970145964082,2.0
34.98971371125946,141.77290241343627,5.719751708278726,0.9863454786406485,0.6077025498303703,2.0
131.19264835490455,-92.74655601591121,5.450935467867537,0.9772038508352725,0.6272853022600868,2.0
11.794411308681866,160.77733108155675,5.271065530730398,0.9765722343694586,0.5752557785366273,2.0
20.099790212428594,169.12807421859145,6.938724570450496,0.9886855897759934,0.5743632443892085,2.0
152.0949029470304,-102.33024996870796,5.933159618742376,0.9779889660656292,0.5242761512486556,2.0
-59.9364794803145,-148.28831793774202,6.370709637028229,0.9839038697946546,0.6251034851287174,2.0
71.0678709327392,-174.47631411607583,5.6294078294664525,0.9810078685071257,0.5965270140901447,2.0
-164.9778406988926,-45.07865881158946,5.940550647962181,0.975206899687428,0.49144564187862083,2.0
185.9589781531792,-94.02737780060373,6.111510907971405,0.9709140080716685,0.4687371028154394,2.0
21.827173744556298,156.7757816905395,5.747675513052858,0.9886354022692837,0.6560983352574306,2.0
15.22936649236265,-196.10950291754767,5.6649880113415865,0.9845913980111359,0.7165116316929158,2.0
133.93113249326586,-105.85690954804622,5.147156830128168,0.9923413421282663,0.7066930059128526,2.0
155.3055583718025,71.91720447570292,5.380104879563529,0.9869318206199422,0.6940751498529113,2.0
-97.29395731151392,168.4491136389214,5.868639014885573,0.9832043765184602,0.5586880648745018,2.0
110.44363069436733,-141.41876593025466,5.127193321371521,0.9812436892212056,0.593286452871737,2.0
141.846431679146,106.29989492841626,5.293428440926908,0.9701375698074111,0.5225577468005222,2.0
137.95941073873166,84.05069073680332,5.678539761504793,0.9892007692560326,0.7071952074963045,2.0
-174.29684327241117,-18.505114241719088,4.969972400558619,0.9654036645749439,0.5022419785104278,2.0
36.87177284533962,-141.47479096854693,4.289122791586444,0.9713729499822623,0.605639638661057,2.0
163.1946678229812,9.872119185858745,5.117871833995441,0.9725496392737069,0.5347973133672975,2.0
-114.17757819885753,-95.66175526255725,5.744011371540642,0.9891405197981596,0.7202696461673206,2.0
-64.09473833331919,-114.4425518129676,5.5493846757127345,0.983643461502152,0.6107249586565752,2.0
36.64984095402701,131.66106356594025,4.767715280470661,0.9774995596136319,0.570815178166113,2.0
-77.82495072881386,174.06109363485993,7.274394592335316,0.9838514848363131,0.5632921164831594,2.0
103.62830652620096,-133.9121662344537,5.262322547138663,0.9830298654348758,0.6106068086615313,2.0
92.30654405685287,-72.80981759310221,3.967533793358026,0.9736247874840741,0.6120421437967749,2.0
64.29643566075842,139.01135026111774,6.105505905816442,0.9886278591581823,0.6860305133590474,2.0
131.70819767638187,-73.9382354973106,4.647087526849211,0.9757979298923973,0.6831539262759512,2.0
32.05075924520957,152.44592271791325,5.640212568904118,0.9802231113398278,0.5933258227131779,2.0
-185.11943362897014,53.79101897315937,6.225111908334697,0.9780814939323357,0.5212098656470634,2.0
160.32284013641382,50.7343356897421,6.94185494505759,0.9908452349645026,0.6638114196816585,2.0
-169.28080825649687,-117.45446180198972,6.298666676444833,0.980955065440787,0.589970184040154,2.0
-165.12466341335153,31.919718535392835,5.145287455534129,0.9890558203764234,0.7118174927544708,2.0
143.58864849061598,73.44828334193211,6.660500384789067,0.9789381396759474,0.565265178183647,2.0
-174.31101383046138,72.14796333964217,6.679233626172314,0.9802601267061208,0.5856901704662906,2.0
-6.892951756131833,-160.68272621680205,5.723766426954982,0.9858975581091991,0.6813132524766481,2.0
-131.91914005110698,-92.08331698128322,4.580201475222698,0.9758884503395753,0.5653473314426637,2.0
-200.19578129677743,-27.74761034142127,5.998507692640269,0.9896129634840017,0.7134282753542943,2.0
88.38804626309982,-178.4869994227467,5.198905615802428,0.9666043937802572,0.5270084104214308,2.0
81.3584011530622,-170.98699717696866,5.418231944564952,0.987728728467379,0.6479132070822391,2.0
169.75988578616568,17.378757194284745,5.347637423348806,0.9682060764433225,0.5807710040728096,2.0
-158.86078205663497,-73.80576875733622,5.590406357458419,0.9872657940915874,0.6630002055785418,2.0
-30.08874231938244,168.74309872363347,5.336825849597844,0.9831618865428984,0.5567848265181979,2.0
199.18138720357408,-31.92934466180028,6.309715865632577,0.9645764227011747,0.4357607466325928,2.0
55.246215546528106,135.7412087739962,3.636905899437188,0.9799185755132905,0.6506599868216488,2.0
148.52256260495096,96.77045346929067,6.827895353315262,0.9779930119398762,0.5735894629609852,2.0
-63.24837081363945,51.75964928667126,5.416262371293595,0.9908348524280685,0.6808470025100033,2.0
44.63259438387994,-146.19697135073997,5.016071186548485,0.989339878660386,0.661543451822515,2.0
-192.1229005911349,13.12648206620914,5.168744313148285,0.9778995967371281,0.5891464008256007,2.0
104.13944233379604,169.11092005800822,5.218999218041085,0.970789438296918,0.5259235869756648,2.0
-47.27090475577409,172.90371033982046,6.069332412415311,0.9767452342047805,0.5846573591932336,2.0
-122.74596702215112,120.00151105972053,5.555463983503029,0.9860572765467636,0.6394948592082739,2.0
-131.6867600219769,102.18668661279077,6.161800078085414,0.9766919245972453,0.5009615704697931,2.0
-203.38395186328117,38.588332286931454,7.122038674171829,0.9879378097143164,0.6630003122553328,2.0
-134.79975471971161,192.33334286092682,6.3438601611729455,0.9854457256989664,0.6752895995258709,2.0
99.45775892837736,-144.7538979432528,6.755640582726073,0.983264864134057,0.5570333193937457,2.0
-103.93406708368917,118.88058705784961,5.424550300136963,0.9837866116651147,0.6207962819334945,2.0
154.37996718308116,-127.0850640216588,6.997933779298723,0.9760003168799845,0.5098104155048314,2.0
25.039880591145796,-155.06826153359282,5.717198658984953,0.986608627320603,0.6839198037535081,2.0
122.54051844410576,-135.90821012223864,5.07747788450876,0.9818150580255777,0.6532364139253776,2.0
23.28138874732953,-178.12151666567368,6.231757085978373,0.9811017906671267,0.5524075522196709,2.0
-124.48191076106318,-151.8728684555574,5.849900510586496,0.9756661347128416,0.5645049634104999,2.0
41.724027360128794,-186.37429402706718,4.755650789434649,0.967812637298719,0.52891341330747,2.0
-101.11805028710829,129.15905463540622,5.685369172153091,0.9788080171154223,0.580419165084195,2.0
126.22755496978559,-113.22829581518336,5.683869817118306,0.9803595873400158,0.5999155711953674,2.0
141.55854500772963,-130.14901057277075,6.893698114777494,0.9788236987329851,0.5837282415711242,2.0
-165.60991674197433,-91.71391599891567,4.921058899404331,0.965465580648183,0.49923658596901455,2.0
-153.1913113979944,113.5033089547086,6.217990194221988,0.9824156373657007,0.5777650130382911,2.0
97.24859854070455,-157.11251997090253,6.354260027522152,0.9756030596962981,0.5101719705472064,2.0
-29.409571208782026,-195.89210953145886,6.447116293987444,0.9836085381997204,0.6666228730298174,2.0
167.22976774965187,-25.451930006220902,4.781903112248165,0.9722248627134068,0.5373720657954344,2.0
61.39953906903382,-145.83724651221385,4.593799201186167,0.9625106406414934,0.48569617114166885,2.0
170.74584458688466,-16.800974435471623,4.886845275738842,0.97637395993689,0.6203679961197489,2.0
34.79821863438138,-162.3416656782304,5.964849611414703,0.9868713895326922,0.6393498068279956,2.0
150.98723793618979,0.8996485605729044,4.4246925832663075,0.9680663542255045,0.5242181534487764,2.0
109.82582269451115,110.52951951949981,5.731801855489452,0.9858670864196404,0.6302467721218283,2.0
126.34594868374619,143.2107817543728,6.103213545597765,0.9880456204251653,0.7198253564049828,2.0
-50.544469880435614,53.735425106476235,4.51313691103796,0.9656166989443143,0.5686056130202761,2.0
-93.10083597949412,-134.88991743153605,5.827059512208109,0.9868299578451305,0.6872010126201628,2.0
-179.03740224488553,33.30299859405926,5.498412135873204,0.9734794006733876,0.5599402842546043,2.0
151.2530473071839,-90.56989287151367,6.342147356336557,0.9786190564228681,0.530854079911024,2.0
188.7803014045225,54.8910298424082,4.707815848744836,0.9756039343777974,0.5521889636567605,2.0
187.71571401085345,-10.343263957401719,6.189434975001708,0.9749231133242265,0.49770670430621783,2.0
15.382413572677377,118.87169883597986,4.011412382530805,0.9669434056390528,0.5095243903107392,2.0
178.12989775189254,24.619844193702477,6.338868500427142,0.9728600602801416,0.48842168424227517,2.0
87.15165143636747,129.8248420302121,4.9112369736097286,0.9695628148794657,0.5469500137774223,2.0
-184.4961868587437,0.06198880013357075,5.307294840477814,0.9693276345676852,0.5179227279644546,2.0
-151.1307853059929,-68.16424329585577,4.32880017571678,0.9662033188050392,0.5016346360580821,2.0
2.5319377367212788,163.95002014805092,4.842187008012925,0.9785921498599514,0.5748328389046578,2.0
-98.12953755723323,-179.1205061569091,5.416690852845465,0.9724545288791302,0.6060885807747222,2.0
180.05934962751257,-73.25659926714698,5.461298587557026,0.9644324346215211,0.49543939159762246,2.0
-76.90602629478681,-177.85436390337122,6.567612850685059,0.9846971452734176,0.6435363299438157,2.0
12.783185946431765,-184.44484919831072,6.535609727918025,0.9896543678402545,0.7204394267093733,2.0
-39.87990744857635,-162.54591244006508,4.729119036538091,0.9776998303121343,0.5723890472069696,2.0
143.3550849159995,-107.65064593488091,4.664562825698042,0.968425956000982,0.5232071055665154,2.0
52.218282392100555,155.80872569366306,5.357670510126017,0.9805221507898066,0.688475167242839,2.0
65.11456230545134,184.6506978918923,7.011254518730977,0.9823529399436055,0.5548579792429836,2.0
-128.48109329814068,-126.81831729034995,6.151129024779637,0.9873536865023279,0.6536184784397708,2.0
131.18428441697242,108.410096158704,5.95606882881976,0.9845793796169553,0.668302018687134,2.0
186.87724055349355,156.00284399414593,5.8073431323210425,0.9766929411855515,0.6511358076236916,2.0
-68.33691966255773,181.40122339643028,5.03579130033961,0.9795187542332774,0.5999763646223008,2.0
164.94660723212357,-118.34509926946379,7.2700566428405935,0.9864084851149671,0.5973171949529876,2.0
-31.80943275541719,192.90273309267573,6.584240479110534,0.9873604704185915,0.6792902640587545,2.0
-185.22914498434005,-54.03311083539797,4.691812801393665,0.9675962334788929,0.5111521549657544,2.0
-82.11613298872699,-152.20087174305357,5.471035979885196,0.987543998598586,0.7110407438899874,2.0
53.53373121062742,-151.2719542031401,5.3994059002127575,0.9802802440318479,0.544102519535714,2.0
-178.76799074377726,-8.97382748995758,5.8753366290583235,0.9778014376563171,0.5686037437783195,2.0
75.39685097856677,-155.61486482519956,4.258951656851061,0.9610362901285364,0.49323179124035493,2.0
-11.877346480100424,174.43915629852614,3.677139390144957,0.9569322836637465,0.5407431529245273,2.0
-147.8935571294477,-100.7641777932416,5.733676413751957,0.9848886825442048,0.6698697594008266,2.0
149.89808642461543,84.13683453554165,6.458789978091316,0.9793790378778575,0.5946975968922906,2.0
171.79879365728482,2.701128011535442,6.490856628911218,0.9858022927273484,0.6359785672203228,2.0
-150.01658514404838,-129.13738104919045,6.867665644351692,0.9787626545770469,0.5193835235108283,2.0
84.93178786252425,-159.81218664648082,6.646923585402093,0.985216104201167,0.5840183953911113,2.0
176.470895489127,-41.666991277553,6.62311436222935,0.9805993077921986,0.5855006418591574,2.0
-106.6708697471454,109.36514003255684,4.769266723442984,0.9800688290434473,0.5855532389082485,2.0
180.06617828015038,12.334795114125113,6.637917945075032,0.9773260778069633,0.5083486560326907,2.0
170.68698294974686,127.29450934035081,4.560403056990127,0.9743211880899108,0.6139548363624113,2.0
-43.008159482177724,195.60484764645858,4.975101847937045,0.9842336385218191,0.64152332353637,2.0
-168.28400035563703,-80.8934311818616,6.6538789596012835,0.9890074627478315,0.7047097133648352,2.0
-169.13905833439358,-68.13508036951598,6.4083376590373335,0.9909302610623554,0.6350348314214294,2.0
-83.50551024780317,154.3953182026353,5.84217747090148,0.9788868165620331,0.5752736585695364,2.0
-139.6281320655189,85.46988349241431,5.354132603874497,0.9843065456013773,0.668126861615776,2.0
-28.860812635398087,180.32636818844588,6.5850877722935595,0.9848337862591976,0.6107232913629208,2.0
-161.37892219746024,75.94306735957406,7.363326371969466,0.971626394352014,0.47588898935435364,2.0
176.70856589789028,-8.02386497419856,5.4576732581212815,0.984497139607678,0.6274685354265912,2.0
174.77879446419325,-53.9879721036311,6.310426140921523,0.9843395542996848,0.6200380751621564,2.0
164.69773965740765,39.17082258061379,5.581823692234754,0.9897075689703946,0.6986731265118747,2.0
110.06648367710811,-153.7359605510456,7.440643019941504,0.9864049613336895,0.591760096770089,2.0
22.767898849109187,192.98737072878484,7.6364568074619905,0.9817615544105892,0.5466766217239319,2.0
-183.06738310321808,42.88852333686631,5.407119778335922,0.9786527859531501,0.5861410634037565,2.0
-78.1930785619489,-164.9238383129504,6.807055383602718,0.984729160753803,0.6184022913391939,2.0
-159.78766189346538,96.44948648106742,4.694407242518128,0.9691345847638565,0.5196200525971633,2.0
187.47734994509415,31.955832436254298,6.260993942237758,0.9748992682772409,0.5804962460119382,2.0
-65.0173773655439,170.56218693015592,6.500991713356714,0.9867704832609447,0.6432568836979775,2.0
170.6671436400556,59.18155506938173,6.841644372370381,0.9795218058030113,0.5335301298225086,2.0
-155.76034561395323,51.55386103262433,5.046770551003339,0.9855247048663912,0.6310413345227863,2.0
-32.851663915486036,159.5454843389036,4.6237532947119195,0.9738651886796554,0.6205718475213418,2.0
-114.81628225731107,141.6170009845109,8.690183237173517,0.9860801905717788,0.6040232886602807,2.0
-194.2408756602813,-55.712562137036215,4.866143198541924,0.9713342323922218,0.5627437310829022,2.0
161.0909068649003,80.70744951676028,5.595807989435374,0.974968066963888,0.5557685788249731,2.0
-102.84014009640181,-145.56268920053787,5.482219044152791,0.9885851291388933,0.6992735436755928,2.0
-224.61145747198475,45.53845918952256,5.63770403437105,0.9885872037098653,0.6637509365574991,2.0
69.92394455021544,-187.74798425929976,6.548742555600684,0.9899772697149752,0.725400152267213,2.0
-184.70137755036598,22.558963633271585,7.286063702195215,0.9813238871113584,0.5468533859918526,2.0
-95.40760479586567,53.220300281298,5.400860942489467,0.9796002666880104,0.5948392710112937,2.0
109.75044768586555,129.40167797723484,4.74369690892449,0.9619427666039263,0.5156522489130805,2.0
89.46350807079016,-149.6473988225113,4.720366686981424,0.9821278498259073,0.5993337904700838,2.0
-158.85449172704404,-62.90148073445139,5.375023633732825,0.9888607968209423,0.6728094843381791,2.0
151.105845892492,-78.50231006783746,5.871379449188538,0.9840881902422057,0.685255673822243,2.0
-17.85751538672465,-189.79154385782354,7.166082964333769,0.9782001142865945,0.5153648993224047,2.0
-176.1109402285198,49.14949499111988,4.216917263451934,0.9817051968448915,0.6138731221352006,2.0
-184.31294961306023,-18.311029233168924,5.502359655027891,0.9755217717819314,0.5006141632258593,2.0
132.02757277455424,119.74697382027001,5.8257386663004,0.9748301565548524,0.5545836894169333,2.0
-167.4453047614884,-56.20140192727717,5.878440317681302,0.9846214582328822,0.5768826903856346,2.0
-85.2139701546623,72.51686378235829,6.4102688372310705,0.9860177066799299,0.6875119215554704,2.0
76.361047517967,148.72645549964733,6.7913881165895855,0.9798684524364304,0.6418489535348618,2.0
-104.64776448043558,-134.41749788442328,6.1325947650578705,0.9877024265699907,0.620511524209644,2.0
88.89694221268984,141.28949776747393,6.848121115724821,0.9876302508472807,0.6265280281123992,2.0
-86.60837721881596,165.03413981839216,5.663336944550591,0.9871851106696734,0.6697137028112733,2.0
141.42479646598315,-166.24104241974564,5.473856041486775,0.9823571261614887,0.6544091952266026,2.0
34.88295855024874,196.95856235563733,5.588934859843748,0.984731708899033,0.6639663663687552,2.0
-19.206695870670266,-176.92767672822686,6.386054449986278,0.9773036461108792,0.5191638874930995,2.0
-172.729380252046,-37.04675001771729,5.639904017069605,0.9771191145375979,0.5611895097480472,2.0
115.88767533706574,147.18744468530596,5.567059317358994,0.9828217348115085,0.660501085091573,2.0
164.0595017364853,-96.20603134771109,7.989534097726602,0.9881373147360877,0.6129659156739256,2.0
-209.22407022549956,-32.36407883728983,4.570235686839228,0.971580296153173,0.5426024971598856,2.0
-201.76402487603949,-4.311071968465332,4.696131241711848,0.9789527677155563,0.6339726330635665,2.0
-46.58997387850599,159.97437173512787,4.34078864898459,0.9787339664258585,0.6392972397259524,2.0
-5.364860426113951,205.5762294186775,5.613531902342519,0.9685251868258249,0.517968642764497,2.0
131.47299983840657,-133.93403154247906,4.5024935170551865,0.9670125026652263,0.581825745949294,2.0
63.67827782180675,-200.62581574538456,7.179455129804579,0.9786269696820803,0.5805585912914292,2.0
0.5149011850389039,186.07300711823535,6.781077827699299,0.9808324340098032,0.5382991243346219,2.0
161.74250556316844,-72.38141691849924,6.643032294605327,0.9871527715955071,0.6431134060047824,2.0
44.64651518020758,178.0053091668396,6.601292552899974,0.9853318856384553,0.6804150034086838,2.0
71.7948053953189,159.49661634387843,5.375478367182833,0.9765084611117643,0.5611024571181384,2.0
-75.3559615102937,161.879123108208,5.652184499875142,0.9831520635239263,0.7187180958565235,2.0
-141.75922377658355,96.25526819094233,5.977103794727987,0.9854231567873886,0.640716221827118,2.0
183.87311713832923,0.7259700454917279,6.134546904788717,0.9769570924290206,0.5181232152853341,2.0
70.86934454895167,171.94008458519662,7.501302972882624,0.9846058347428501,0.5288209758559811,2.0
-20.34233358634266,172.317250510091,5.466582152031015,0.9806338589156612,0.5861850570133493,2.0
141.12377198790438,127.37097513794643,6.366672359993192,0.9897911269896129,0.6895183857096798,2.0
-174.43836373039622,59.56538439000705,6.418497744235087,0.9833851222504401,0.5887820421197043,2.0
184.35779149621274,90.64200608834246,4.368626037918146,0.9747789029466246,0.5513553139689098,2.0
172.40493635221287,47.05961027675,5.87698508123401,0.9821425624774079,0.6030028722157017,2.0
227.84495187927524,1.9991800618265396,7.119202205443205,0.9766102225470685,0.5083915492831589,2.0
-139.51081611399763,-111.04841030149575,5.984783947608779,0.9794236175208425,0.581264525778564,2.0
-77.21300167792775,-203.97484929877456,5.6760958339875165,0.9814138526933065,0.6105922001923731,2.0
151.9069403467981,-114.37223923772265,6.568907683808019,0.9862352106789777,0.6527908620515299,2.0
-158.57132705492126,-98.87859287353423,5.523360089482672,0.9860251881676833,0.641290521284443,2.0
160.26126113550816,-83.97132876812039,5.376349237179792,0.9582739844866618,0.473196548071529,2.0
-5.744674680579936,-192.63580753602741,5.787720207566656,0.973586806878788,0.496322745624518,2.0
52.47050207601778,-172.10856795811324,5.675470632001429,0.9800244834499146,0.5679425320391962,2.0
-143.2625450226979,146.17338442976344,6.1876955585891595,0.9861771981006597,0.6332436932020686,2.0
-202.22460706245016,-93.40846697731115,6.267718857291579,0.9821332748632097,0.6210641887647232,2.0
-41.50097750176619,-131.18523814731637,4.9984249870233946,0.9757638500090571,0.6185747353011868,2.0
9.248763212671253,169.6158603886249,4.246793891725456,0.9707803184586726,0.5285167162116106,2.0
-40.303537545977775,-190.93740276264924,5.8737592313443985,0.9850732631620074,0.6736563585048458,2.0
141.77403839947283,116.1658021162065,5.0339403393557545,0.9802015870079763,0.6486507345813043,2.0
-155.5126297727734,138.23339194240685,6.984293765075443,0.9799527607738289,0.5850621936840616,2.0
-43.71927736367347,-171.49679871942735,5.2673084255213265,0.9799458207507961,0.5836103104068188,2.0
149.6220251198239,63.251497380851376,5.380104879563529,0.9786849034565657,0.5803453765288495,2.0
48.7357496446951,-193.31906514569667,5.357627336381701,0.9877536944696456,0.6439478916331356,2.0
-88.15454959533527,-172.34206940173306,6.029807074922702,0.98720504798242,0.6745614412412828,2.0
-151.4818190716702,91.0316722409353,5.498154068766417,0.986103087776318,0.6410395131132268,2.0
-106.6447929819871,161.47391612536921,6.204801478159191,0.9815513140600907,0.545430602920477,2.0
203.15486714067677,69.39017203318465,5.59104409218235,0.9869769480572015,0.6454840763025617,2.0
190.12773784402705,-22.971759429698942,7.142809250190823,0.9835883036923762,0.614684192459293,2.0
-180.1927081137285,-69.98873663558686,5.090124088712886,0.9813744027568023,0.5934774126724036,2.0
-197.35507385525995,114.05803903493445,7.393072954984016,0.9848876336957421,0.6356042685511311,2.0
105.54408855956387,-166.1480293303815,6.145304044963554,0.9849805823234735,0.6255649941117243,2.0
159.71929669590068,62.67278529923337,5.0630047770526,0.9882327226221574,0.72351753838182,2.0
119.77462654327168,-145.9064099163383,5.619344650982086,0.9761870762524976,0.5640344839534751,2.0
-89.30776294632133,174.79187369114464,4.714188962486628,0.9732098884249072,0.5449277604502326,2.0
185.34127630946213,44.23751439380755,6.804605849225531,0.9862996895555046,0.6394946907218453,2.0
-172.64307711690176,25.118579957913532,5.281036812603031,0.9834386421774617,0.6085420741171396,2.0
101.48484398881924,179.05210669606325,5.46210345548736,0.984722486039884,0.6192632369207162,2.0
199.10534651304113,-156.65818365658,6.570139234603279,0.9849640160858455,0.6778441774071685,2.0
-221.69246776120764,15.618080507338474,6.215626661046725,0.9809703092994051,0.5529623138304167,2.0
93.72017649274021,-168.82763612934286,6.493197909561635,0.9759959038750073,0.5575159757545349,2.0
30.289148747992208,-117.16380391005072,4.939515189417536,0.9862841507795655,0.7120182947349099,2.0
-191.38637708747146,-45.41378910784999,6.338101347486883,0.9830183787820499,0.6019754108432952,2.0
-177.6135197369485,-60.13940973617759,5.45821972483881,0.9853690014640036,0.6345150565695185,2.0
-133.46215646285512,-135.97219611319676,4.494171274615203,0.9781692241465922,0.6343421794670672,2.0
160.49070362838003,-107.85640022730104,4.362538762467612,0.9862497910989824,0.6311638432946717,2.0
-66.71748777701418,193.41228450842766,7.1816916948340666,0.9893503337062977,0.688024324943477,2.0
-131.83617052505687,113.61878310800579,5.6926563145219236,0.9750372591215978,0.5668645030104567,2.0
-61.40121801757805,-179.8526722870414,5.314754007253507,0.977566787527186,0.5668072744656321,2.0
172.04297620700484,-65.62555858141273,6.119962380644201,0.9818007044296285,0.6017104469959602,2.0
-113.09243768559404,-142.2842119744848,5.569788976169055,0.9852536080861747,0.6287974695871599,2.0
23.323281333723266,180.56669291829624,5.247615797521902,0.9724479600155317,0.5368644632031664,2.0
-116.69153193327854,-130.81963215089982,6.840995011732372,0.9792448334966246,0.5226455906670218,2.0
123.82437557652544,156.0459731025264,6.677048508025386,0.9816893337793896,0.6047712858384795,2.0
140.35411815929376,-142.89844615102552,6.287307561123888,0.9860064769611938,0.6892653577187986,2.0
2.683719455341924,198.08984195506804,5.979908475597853,0.9751501003328259,0.5629394822218075,2.0
146.38973350408583,149.6035150888912,6.511361154850164,0.9741628665621281,0.4874255099116703,2.0
188.95494668976735,20.255667987202397,5.602966276078627,0.9879422789550016,0.6250890046191137,2.0
-11.143830650724203,-210.73834634875888,5.822323520685523,0.9750654482119286,0.4995757374858462,2.0
149.68732334186555,139.0251622775023,5.192308143310603,0.9671107554729103,0.5767814956295267,2.0
-50.846208304393116,190.23753627245102,4.757916004023369,0.969927126266955,0.5997997204313201,2.0
-143.49412946347994,120.10817011566432,5.982351864348514,0.9760803867445933,0.5558039551087272,2.0
-115.83110068467279,-118.72979557423616,5.7184482718387075,0.9816562434261124,0.6029986827426257,2.0
-87.86287406657053,-185.1356641487076,7.187701025022629,0.9762624215308984,0.5096485494489684,2.0
208.7135366126444,-60.07045940903394,5.1871375168018306,0.9841032720843153,0.6714644572749743,2.0
-191.24005209004062,-74.76534324373353,7.266393809435143,0.9864517052234245,0.538478158801768,2.0
158.14611581571407,-28.07963019545201,4.965208618129915,0.9841236521373803,0.6660252346065643,2.0
-185.45087394741756,65.97968988569595,6.455801780457507,0.9882614980453155,0.709114827023982,2.0
-48.89775594830497,-163.396929483397,4.729119036538091,0.9704865650370567,0.5259190180119963,2.0
-190.8847043200843,34.35181260039923,6.539551662897296,0.9842451961764888,0.5798667975805885,2.0
236.21152395530126,-24.441265421288666,6.242762408459597,0.9883737356660881,0.6618562730521469,2.0
-31.109524171169113,213.46283193562414,5.578864757184613,0.9912257999765377,0.6901081984099537,2.0
-142.84144583536042,133.04553866973612,7.3311366648480885,0.985169506671874,0.5773207238625592,2.0
-104.94169410660193,150.72773077083664,5.163513211539128,0.9774731057234223,0.6299856513348894,2.0
177.84392627888144,-28.74346035051486,6.79733499092274,0.9861366149105432,0.6287392925618444,2.0
-156.22480144872986,-140.8261171067293,6.835574179515606,0.9866100240807025,0.5916221890171283,2.0
118.36960153304325,134.8337661962469,5.64648009426028,0.9888518159127428,0.6842061705396378,2.0
-151.69427636153452,101.97941789901417,5.572562852927116,0.9863201896322843,0.6692266740269353,2.0
-181.80792985330686,10.37712603251648,5.9016732393925775,0.9716860386029856,0.5355696537039702,2.0
-142.13789976501698,108.27355844981184,6.405539836342154,0.9773954751283513,0.5069749055905712,2.0
99.52215438049315,142.17605304686754,4.117769797052907,0.9633209091961638,0.4954804746041268,2.0
23.13449900114337,-189.0209272186904,4.965353987736872,0.9911486732536994,0.7154077492198324,2.0
-112.71034889122463,-154.00905730080837,6.537428226976601,0.9887578837842715,0.7006916995734483,2.0
219.67988732524537,36.84727156117347,6.678241489463991,0.9855012520436336,0.5924997604780511,2.0
-15.612811266214075,203.47893118046576,5.372455854615789,0.9749657507578418,0.5523579856497137,2.0
60.46321039247288,211.73712137500107,5.765810612878804,0.9625822404271639,0.4889006988845152,2.0
152.64080046845234,110.57168679477023,6.730194873142921,0.9873581680311277,0.6954008145229627,2.0
182.74399663537562,63.76614028823821,6.301228618246674,0.9870964016442513,0.6429738057422221,2.0
169.90682679916682,-107.45751248038108,5.2576741457732385,0.9692687667289133,0.5361263325354001,2.0
-50.12900556981558,-183.4113772328408,6.782562141541623,0.9883973545188381,0.6538599640619596,2.0
40.9078899613239,-212.9402754336352,7.3769535844712975,0.9858985145770416,0.5785884343141016,2.0
-28.962203561571876,-183.85669024116612,5.953287027739345,0.9796943717466993,0.583665566510516,2.0
-89.91767305815651,-160.33962718711933,6.182129730341801,0.9849541535242247,0.6021313951443622,2.0
-191.7232018602211,-8.968250909802824,6.745061332894894,0.9882885277911545,0.6161268203670854,2.0
-124.3624167285902,-140.48419023285695,6.109537720836852,0.9807333424364191,0.6036304654356672,2.0
9.033754470822398,-207.56693930230583,6.716662202074202,0.9922194602293302,0.7255216844231711,2.0
-198.82454145020742,23.43190799568649,7.239129782313442,0.9921402746969832,0.7021383031392823,2.0
-161.34898072924153,-109.23466301988775,5.55693146669781,0.9824912263157625,0.6023774040041077,2.0
-178.64218376706717,-27.837094163864837,5.787885302795459,0.9843494964162404,0.6207874155675202,2.0
116.11144544139886,-164.0812913168813,4.923520155528471,0.9769695175581933,0.5622624352094625,2.0
-101.04684263852778,-156.34293661453955,5.753147292591861,0.9836499884316146,0.6237546954677741,2.0
0.7036680845215497,174.01050521003768,5.637178839469456,0.9896114918502097,0.666865639971835,2.0
62.401739029386945,-168.45664673994705,5.352219575859268,0.980373588063598,0.6523520084461462,2.0
180.06499154839113,-114.04461037323046,7.255266750817362,0.9870055081923734,0.6527274633518895,2.0
-133.81730794075898,-146.37330972095228,5.237609381193559,0.9905294447217681,0.6789769612726644,2.0
-143.34944103782684,-14.44595354091642,5.638514412491155,0.9806716454083755,0.6468444784180332,2.0
179.98876558090717,53.66195435644453,4.5568820242801,0.9589901519731853,0.474774023820707,2.0
-135.7567949460973,-7.772342285671839,4.891751693486934,0.9683782451552153,0.5131441535501602,2.0
153.19319058323487,-52.58307794209188,5.828848910456774,0.9879214775165153,0.6488361951832599,2.0
195.31089409825998,-1.4876293956084041,5.73170604663209,0.9903873057403928,0.6899833079945497,2.0
-220.00851297532014,87.83901365759759,7.826308587180764,0.9792224773066619,0.4782519075192943,2.0
-134.69529042118648,154.26341403017548,5.798382459634327,0.989734246766046,0.667773448112995,2.0
185.89646300081014,101.54772169899522,7.047642146390062,0.9832643935921123,0.5244537986217142,2.0
-180.08004254270213,-80.306478816951,5.614760813725146,0.9764025149743845,0.5574328907644507,2.0
76.36310299034737,-198.5643769464697,6.407789199770311,0.9737406186572247,0.4949209298159306,2.0
108.43933344666766,139.22981355813997,5.597353770698647,0.9813825754890464,0.5435425253636055,2.0
64.16261307962039,151.1879199016725,6.166660525989064,0.9835500575730803,0.630991078375017,2.0
61.267322431241496,-179.25674654142642,5.692206560495776,0.9882408692144004,0.6408748312093238,2.0
-194.6722634681729,2.81871832479697,5.663047694628615,0.98453680147531,0.6226053347079037,2.0
-177.68559281494308,-109.7802532230432,5.467970415408881,0.9785873575969218,0.5745339285801028,2.0
-117.05271998988167,-175.7485633692618,5.3828759877362256,0.9766713066873594,0.6221691595457107,2.0
10.758297798460893,191.2131835152225,5.018216748669487,0.9769010144393397,0.6252798141834173,2.0
49.6008385327383,166.59254027928088,5.752586360649172,0.9910436174472327,0.7087862561069829,2.0
82.83544973526296,175.8731117032718,5.399827272767657,0.9817270884805206,0.5960853082339177,2.0
-136.72187330691963,2.69297284029727,6.082639762130934,0.9822537777182724,0.6078590737227021,2.0
151.94496281930503,-146.50666002926005,6.42223609065017,0.9754076245853535,0.4946559425940594,2.0
29.172269154118673,241.38700526479835,6.075831876059802,0.9814150902176986,0.5944308571887145,2.0
-95.24894308623371,156.62540564704975,6.419136991391657,0.9918571067342188,0.6696286745183251,2.0
-195.1757649340568,85.19513394683347,5.304112152729965,0.98604810754768,0.6608451059041563,2.0
149.79972315219013,-136.72175245023408,4.024817225835963,0.9723253365716424,0.6195487150454696,2.0
-187.66105586580386,-63.24466605309664,5.188836344747976,0.9861843089099106,0.6127550480046994,2.0
-37.39125063401286,174.09848983790943,4.002063090346275,0.9812696133551332,0.634437807536473,2.0
161.084188796808,121.56456380865428,7.0612668986414775,0.9866895829662922,0.6042830860095332,2.0
44.27646575596836,-166.4357586656263,4.65965872580837,0.9765069094031554,0.6204080731937177,2.0
-169.91337730077728,-101.59807471098314,6.2528592363797975,0.9890848063131513,0.6680181162872932,2.0
32.49292515385669,-172.50565297374823,4.703525966783546,0.9861633873563018,0.6312549585523235,2.0
157.90923684269595,31.656311883403816,4.945101977455176,0.9673922533592835,0.516173217864226,2.0
-171.07892095087198,84.4656133393533,6.388165447069295,0.966574405427672,0.4645488896918702,2.0
118.0319479433893,-181.25925659597652,4.903343043925758,0.9841188225650643,0.613435981754927,2.0
205.956285133776,58.34063430879229,5.486719863816637,0.9876115799027994,0.6522413850561983,2.0
-39.03506814147659,-180.35877060787146,5.234602246514558,0.9659470714482697,0.5001861328325865,2.0
-213.30015612682297,-10.793099384585,5.07681655610587,0.9774671394671093,0.5659288641732284,2.0
-92.69799483426755,-149.22304159419755,5.591698978342856,0.9856499159827778,0.644445944349859,2.0
-176.28390953777912,-91.1448002238253,6.252878657968742,0.9838263881853325,0.6127392004072844,2.0
-209.3642941613513,28.776411299910794,4.934273813249247,0.9683053472341188,0.5191559830284828,2.0
-204.7598075117873,-51.5498238279574,6.856858991740299,0.9863253603077176,0.645236577858665,2.0
3.857056025260751,-163.04093888136538,5.603293455793329,0.9807634041259634,0.6474962990886611,2.0
-21.897402365293633,-206.04943203732427,6.097199802542468,0.9850837521902114,0.687255612185684,2.0
188.95290065716028,-105.08653579905042,5.957378343346103,0.9764112114626335,0.5392898371644471,2.0
57.89746823270725,174.35904147769944,5.926345297479139,0.9829359073759143,0.6062987099374081,2.0
-211.39231494108432,-62.179802391393395,6.243462341737587,0.9799510752700588,0.5925514836904462,2.0
0.3499677049017494,153.85012481201255,5.877799559058626,0.9838924529393926,0.6323922268670376,2.0
197.9776981764084,51.0754521715469,5.6349726127891575,0.9791776274745397,0.5785311393705375,2.0
50.35243583654666,-235.92059862573652,5.445300962874526,0.9815692613381952,0.5997310060527066,2.0
159.88235044382205,0.9246288489167312,4.881093480940351,0.979768206980161,0.658424799379946,2.0
-124.29787340217229,150.34641274997412,4.685673806675994,0.9707956774848404,0.5972537333187004,2.0
-20.558238229559542,194.64267536718245,5.047879158239394,0.982168423406712,0.6583578369521336,2.0
-115.81393821358081,155.09313035828058,5.327449207493616,0.9811011131656174,0.6531941093221549,2.0
-247.18139756040426,18.0472268219021,7.1906018343423215,0.9840368737387492,0.5694141041183143,2.0
108.24982038977133,-181.05101463885944,5.215144245148202,0.9833644382672843,0.6139264893809052,2.0
-129.98282164736588,11.292038739703125,5.47982117179118,0.9671479157841864,0.5086441600279773,2.0
-20.605381484935887,212.30868236744678,5.180016252520277,0.9766172071130124,0.5682898291464007,2.0
33.57377450098127,-192.8161715046967,6.247325936465074,0.9812189256269669,0.56086282964684,2.0
121.24129428532792,182.83469341909478,7.209041204013931,0.9806492889120273,0.5372276298229007,2.0
-26.313261418964924,203.4563752326502,5.818249206794687,0.9737108632105322,0.48705067751821335,2.0
-12.717125447380779,-200.3967474884572,5.226683564227142,0.9613317565212418,0.4858835485362449,2.0
165.0320250640912,109.82362185173174,5.929746520348788,0.9741576318428973,0.5025970756990151,2.0
-205.16689159804756,-73.36445987284324,7.087144780079399,0.9772798765465487,0.5066536339313582,2.0
176.59453139339956,-165.5420756146854,6.306444114098182,0.989115149537911,0.6693930233732136,2.0
-37.22586682747983,204.12624129859344,5.673841186293796,0.9818076694042462,0.617338103229694,2.0
-98.17882379927792,180.0403033181803,5.92875418090311,0.9875588330719532,0.6461440492128303,2.0
198.4323495460296,-53.44904048148483,5.114557575584831,0.972594146948717,0.616273432370461,2.0
-88.20395776792527,184.40501445740705,5.277657478405934,0.982691493072617,0.6589152236896335,2.0
178.3311012897144,-101.85287364491539,5.261993933575855,0.986984398719394,0.7022942164865664,2.0
-146.61807828024806,172.24644724699513,7.5025664117789725,0.979915339543939,0.5285169454521341,2.0
-213.32731468518344,-42.13127321601012,6.168767361600619,0.9830860875806807,0.5642051250037532,2.0
159.144279181114,91.09425330432583,5.569391510242461,0.9720569942018605,0.536202210854743,2.0
-183.2626388528055,-37.63496812669035,5.322953690704782,0.9849888933411937,0.6747959546393953,2.0
30.680389970307665,163.16688465030725,5.425383909516751,0.9897850148211501,0.6642254758312574,2.0
74.86600378310283,191.80903100090424,5.611006651335459,0.9673144594101724,0.5106199864095181,2.0
194.2683028695609,-85.84709655520733,5.918218018343705,0.979779852675484,0.5293912052159835,2.0
87.92584832082454,-199.11625544115662,5.769374813807513,0.9775339978502794,0.5757364689597736,2.0
179.97145254859223,-17.609101498052752,4.886845275738842,0.968203631143228,0.5224138880667334,2.0
-99.3187520518746,-167.86201140772945,6.383998014448158,0.9781706651766656,0.5128358345408381,2.0
105.37896915081153,149.63680716657058,5.702117019503993,0.9725079900518577,0.48312138237735464,2.0
-67.24512939246712,-170.71208580919202,5.917454145477155,0.9816529990934563,0.6521866352001265,2.0
-203.1889030878319,-14.85472893393748,6.247719616656337,0.9880714327527887,0.6589005626726245,2.0
123.10121165566675,-156.45554593936947,5.789162959548597,0.9898142101853311,0.7118430412616381,2.0
216.4183837924844,-115.39531110976384,5.930360693899073,0.9702758955071145,0.5347099655527453,2.0
-193.3013409267906,45.82669672568569,5.449010256197824,0.9895624724250879,0.6635160013864981,2.0
45.04981257312936,190.71910077447566,6.348705794214214,0.9867460437240657,0.6825957723856982,2.0
133.44068971269726,-152.3761361612554,5.634818645428407,0.9838833219531764,0.6147065191421234,2.0
-153.6769090216623,125.72595316991202,6.08435503074594,0.9826826311921594,0.5772857838201296,2.0
-62.95921946244645,-209.3625782419758,6.686485315012465,0.9807306441513715,0.6097984725670959,2.0
-8.833773644151881,194.51904227819793,6.289422904325975,0.9842586561032511,0.6200699952998178,2.0
-59.30523437776749,228.13947788010532,4.3053225371107064,0.9832650937468952,0.7237825375713263,2.0
-9.624446784806999,-170.94631030718438,5.325846864363154,0.9806434439456988,0.5903540415620094,2.0
53.501620824361154,203.68351561769117,5.466067105624041,0.9732977547206915,0.6045304205213591,2.0
-77.57626927020152,186.8924866983617,6.126887601001467,0.971115700575593,0.53138201988511,2.0
-183.37427943805343,113.43014001652493,7.1668129638953335,0.9778559019260086,0.5405149436600055,2.0
-131.67894149504502,142.99292416400056,6.228555692359601,0.9871308897347129,0.6873390778027273,2.0
149.6977925047105,120.98568170217123,4.685974543954044,0.9605924598448555,0.48090327843811614,2.0
-209.43614563381254,-84.53784080679196,5.402828220073736,0.978538468541591,0.5933750161945782,2.0
-192.60541393658008,-34.94070856288106,4.68465294317432,0.9681563670463572,0.5225863704466035,2.0
158.6136431420764,-137.88821908610774,4.968462562381255,0.9783281429485291,0.592312636244907,2.0
13.325480133781497,-171.5074842696961,6.066751818764055,0.9899402124369648,0.7165814889833612,2.0
-175.18620198411122,125.02488211815533,7.654327752737949,0.9794539414529402,0.48312631298886016,2.0
124.59766185270215,-171.75054664033158,6.873135858865899,0.9873741272174418,0.5992329304307294,2.0
165.77642521817793,-130.73145905178532,5.521367520042902,0.9710444090615585,0.530724031511026,2.0
87.40358692068479,153.90035006597455,6.010958624366616,0.9789311440862529,0.589002514133345,2.0
72.1427907072071,-208.08039639563955,4.45572010247782,0.9644931899255912,0.49352823830639014,2.0
-124.38384199499917,185.08000231678284,6.76604148682932,0.982122847832315,0.5685711425830778,2.0
-132.41199345317042,133.72259969593244,3.570991749926759,0.9459221969628402,0.5010717300949091,2.0
-33.659148693085704,-207.33876928329244,6.342735392350442,0.9759237861134865,0.5579078293805282,2.0
188.9409091161824,82.824324177361,5.051526754804567,0.9858593172702075,0.6674032706497379,2.0
134.77006554897295,151.4761367118468,5.817602461737929,0.9795954781349553,0.6142847340436725,2.0
191.81641313991892,72.19410426056452,6.441956822021976,0.9818936805180483,0.5414967610255935,2.0
28.255190342311234,-213.6067367839083,5.6294274280074665,0.9852105959465103,0.6246110720397977,2.0
-202.7516183902512,50.499417292991424,5.3899060866826005,0.9686704681478037,0.5209578228446227,2.0
198.07987541669698,16.78540607108971,4.281719433230398,0.9854670140970899,0.6845055912245535,2.0
213.00454752002003,118.07454130572728,5.429291140847161,0.9873424696753452,0.6505838041282778,2.0
-30.785011948446613,-230.99621396678123,6.322308191266445,0.9824468309118459,0.5552322936195544,2.0
-168.64304670124352,-167.51348645245326,6.397412880435921,0.9698466144852658,0.4710945037307043,2.0
86.48423353321829,191.08035546992562,6.504851280348137,0.9783035014439274,0.5866491779685165,2.0
26.81557976461051,-243.69951592231791,5.616792028713163,0.980751687243148,0.5864817742915137,2.0
-169.8921569152635,96.00312950413796,5.839711503120398,0.969629449491938,0.5311559945783177,2.0
-209.39453084989188,61.34764498778007,7.843480579047366,0.9906914328714754,0.6788298587466336,2.0
-62.220683144825166,206.70856165877083,7.156628890149871,0.981148866943661,0.5993562536258003,2.0
92.73689001261069,-188.50324910541093,6.366195688919149,0.9762538092698486,0.5014622211505515,2.0
183.308434204984,-83.32121180950875,5.5799441674625285,0.9711968706367433,0.5369905452476418,2.0
187.17748147349337,-49.45116164224218,7.09269283221894,0.9831321938291017,0.5676556802384549,2.0
206.80386498424846,-4.814537605504337,6.583744707903773,0.9802791209998025,0.5524199321539406,2.0
27.235321587192097,206.06413880033472,6.511332120425318,0.9850453094129963,0.5968114183547547,2.0
169.0638352634292,145.9972738830823,6.138984189040068,0.9838604397281238,0.5780595072293351,2.0
-89.37713135221438,-199.40360054715,7.432771061765868,0.9917558367535422,0.6973600224069866,2.0
198.0626803578504,26.87589785654053,6.028542543174468,0.9803310570965789,0.5471552050828553,2.0
92.8971818103252,170.37631365207423,6.513059109012755,0.9772771518138059,0.5686617179450243,2.0
203.47201049648157,7.493718523638686,6.451635572386097,0.9901510170963644,0.6911033027662589,2.0
-29.104813691580002,242.0000556412886,5.837595547236622,0.9776615235142491,0.5294187046588902,2.0
132.41866237336643,176.06202493171676,6.159070850355449,0.9895923305612049,0.6653699988725117,2.0
206.0384571476091,20.315691215892468,4.710416395589834,0.9798299514806026,0.6420006035585913,2.0
-199.4003006299731,-83.17885937162974,4.90426311775081,0.9606932335178907,0.4941154604973141,2.0
216.47422974666515,24.01500661221331,6.768565531408141,0.9853782846146648,0.5909330584140222,2.0
212.32171329145632,75.77106432354279,5.952399228708737,0.98695167249703,0.5959439709716947,2.0
199.68114165695556,-107.08632445052426,5.443420696235988,0.9760238868815705,0.5712523944917415,2.0
13.903363757632345,204.38523955335762,7.464199425712926,0.980074662646798,0.5871022834792595,2.0
-203.22518410777644,72.66287107982617,5.566442495442835,0.9649858974654454,0.5794306144201585,2.0
-134.40793829080474,-157.2902970561413,5.820920562282169,0.9837654968689888,0.5714244865314169,2.0
187.93644977139292,-36.45603540092018,6.336460691614541,0.9838889349657793,0.629937505610318,2.0
197.4476462142041,39.33901185235762,6.6248837570815065,0.9831587668261089,0.5857436726341425,2.0
-48.88133147504739,-231.40744654160773,5.2036146680613005,0.9768332832812172,0.5716850903905794,2.0
192.80527933499775,-115.89616874859703,5.87160091897319,0.9861431565644774,0.6386256820236167,2.0
144.20554881420594,-155.57367019095923,6.028091568710707,0.9840576320026614,0.6690297428145677,2.0
56.431629518224064,193.40537210203033,5.849624690268177,0.9652895596244477,0.4987244714814761,2.0
181.04270428372794,124.50917841923538,6.617871399078261,0.9781618184669437,0.5721531105003176,2.0
-51.23667737350328,-209.91641129365814,5.63486444457552,0.9739598084805053,0.5477413297100449,2.0
-53.04566285944813,218.20152892160849,7.4042152193498145,0.9889132348297881,0.7217754118769961,2.0
136.58738499047524,-176.98528639270117,6.676509696355502,0.9834001704992127,0.56182260226552,2.0
138.2032352242646,139.71098476556753,6.799896467054051,0.9792647709022659,0.5210105107167377,2.0
-238.68393660159862,-1.6010718493927942,5.219581760457347,0.9871643508750934,0.6933824269507254,2.0
113.39872782755992,-189.9957504740052,5.246896937893101,0.9869259799848416,0.6451726765173393,2.0
193.8607990771054,123.37532914431083,6.78795369641909,0.9869466781127164,0.6722266695621963,2.0
-201.83745524891867,-39.47099432373779,6.113693742642618,0.9758509480494476,0.5006370633974493,2.0
62.81225544923382,-223.13373827266372,5.558448333859096,0.9837198959811583,0.6218462173971256,2.0
-187.26504276070685,-133.78212193344143,6.483555727033222,0.9826195241331194,0.6567613367166987,2.0
-236.1972394991741,-42.13550467609902,6.292324678157841,0.9750845453788574,0.4972063796065832,2.0
-123.63056779589948,-164.88047399648065,7.773890262553283,0.9848357702350907,0.5700920003481569,2.0
129.4870511919123,-142.89724237132899,5.067934937713437,0.9724398273718753,0.5390241876023246,2.0
113.46491840037248,-173.04873869247015,4.727755709595326,0.9765734746648879,0.5628653693992026,2.0
218.51572872194888,-66.57438196411461,6.897663975273502,0.9813557903040132,0.5431941136167636,2.0
-197.69201058046397,-64.53212087247168,5.152886156180042,0.9744607722817638,0.625316669163609,2.0
-193.32088473787238,136.31071258918132,5.876641997288696,0.9768210060675047,0.5714801589301636,2.0
187.07179599984931,-125.9806599137161,6.110846012515361,0.9841698647650228,0.6291618710178516,2.0
-143.27395185060502,-139.95313227292326,6.47888902965176,0.9837286684103907,0.6165971909524236,2.0
155.50765487703222,-181.01530655706927,5.39102688443972,0.9780286506066851,0.5722843206126076,2.0
-49.00002530143492,205.20545010492881,6.609988404948255,0.9816386207620775,0.5430133089937271,2.0
208.34396359142647,-39.04049153283361,5.94658644957194,0.9781521620285724,0.532287264229136,2.0
53.742479551575144,183.74392652496883,4.766407044171582,0.9645191854797858,0.5679451264204587,2.0
-115.03990280689825,192.94584035496231,5.512832367083546,0.985265944680348,0.6600965008531385,2.0
193.92462884813582,91.92661608199258,5.569814181010125,0.9890044846699767,0.6188288229427236,2.0
198.3651444566865,-12.20192241456156,5.2119771179662955,0.9754555120946593,0.6823870109361541,2.0
237.14708152749313,-55.68670745058964,5.163156745853305,0.978822883280831,0.6405827175058605,2.0
170.56437765485572,81.16489240378014,4.210939834969537,0.9753964365967179,0.5528337690026253,2.0
-189.90065203536284,-111.12640520613874,7.267261611396671,0.9864196832469717,0.5927886260844534,2.0
-34.34993548481109,232.9076708527546,5.028300627223525,0.9776781882536641,0.5696523960264631,2.0
45.6228052909504,-225.48374884194624,6.400205422552425,0.9799112491241643,0.5864741690137728,2.0
39.289347388742605,168.46718234353378,4.963542591009858,0.9638784926104083,0.5107234380321045,2.0
212.44569071927262,87.56279423092663,6.166374126497905,0.9846481529357601,0.6156075242283261,2.0
-79.2710003414237,214.95235708444892,5.649693546021424,0.9733889419750704,0.5547746367784189,2.0
-224.96874996260428,-55.11423385418714,4.051463085327769,0.9730803795870165,0.6039545471531307,2.0
-20.501447106147282,222.32741616146467,5.372326044139439,0.9707684665778503,0.5253515909295503,2.0
-163.42255826625725,119.43199068203866,5.993997608037726,0.9688123650316885,0.5227446280048103,2.0
-221.0038343934327,4.526046524820097,5.051772114894939,0.982549063681816,0.6060534158953337,2.0
-218.49036063905191,-32.513921974592975,5.167080443512019,0.9722198404967172,0.5343149903142201,2.0
-78.0296781372516,-192.78525164963014,6.082168702647229,0.9685559463609217,0.521571295294915,2.0
102.12750218279444,-215.39841750944234,5.388634674608867,0.9858135640778481,0.6813362443509949,2.0
216.7590989830333,56.92486119639424,5.772103852316543,0.9882360883220941,0.6405137555332897,2.0
131.79808200287303,-162.6681670387717,5.139240425747083,0.9836495638061704,0.6653699433224216,2.0
141.5444211145427,159.11595227581617,4.561375558466255,0.9776028024965076,0.5752198908185678,2.0
-156.64082413114784,187.0619642667765,6.679640753667755,0.9868123732260703,0.6003328505328934,2.0
82.23021918450833,-209.24030656498113,6.06336797495122,0.9849441500945868,0.5723343942119457,2.0
-145.15300195913122,-161.42219025913445,6.0095049679831956,0.9809139268447171,0.5925342171326976,2.0
-146.36782886108634,158.49099921023938,6.815793153778259,0.9855076300644536,0.6350275833962244,2.0
66.43060041212412,200.88302359622358,7.314139534118803,0.9797587946369251,0.6391724657405471,2.0
215.21796867542812,3.816223696662784,6.183963425285588,0.974956682975744,0.5247163695011187,2.0
-183.5892011535771,81.7449618627441,7.163563406736943,0.9751556063166048,0.5110470778062498,2.0
38.26520985373423,210.35055318947715,5.825506595954945,0.9798535459304739,0.6128662264433257,2.0
-171.6814983462719,137.69373873991032,5.942329459256751,0.9881860438087097,0.7266050380651249,0.0
-202.81812885942537,10.887634954972524,6.263389661746035,0.9825806022292485,0.6028006530400776,2.0
-122.93733497407666,-198.3095321346539,5.922814415212171,0.9736650549564689,0.5426346908170145,2.0
121.42493341569691,169.18175753237452,6.9743540399705415,0.9858860582959474,0.5958294470623644,2.0
-55.28185495389913,-199.4735567320416,5.945300411595174,0.9886098841971873,0.66070248261904,2.0
175.46419688517005,-125.74476709662173,5.961202657798112,0.9698232969658807,0.5232259671307168,2.0
197.8016792669939,-43.20131562570042,5.701310759877667,0.9763140520070815,0.585804195562718,2.0
-216.64919934503934,36.980392073768556,6.430099358905027,0.9831249210801353,0.558727111935418,2.0
159.0232548327084,101.22354624908385,5.196973523450643,0.954680690045182,0.45428719517616756,2.0
175.6591910402426,-91.97989928038116,4.832879236097371,0.9787705211815441,0.6977636934836247,2.0
168.97178031397738,89.71517431967361,4.739946347036453,0.986937564112788,0.6960469024111555,2.0
-53.162959325191956,-113.56841577961525,4.372442434668096,0.9860167007439121,0.6784440843750579,2.0
238.12050674857772,24.43559170732312,5.307701506770978,0.9766296431051922,0.5761826896948378,2.0
-215.380969035633,-95.18251634982279,7.305701051776005,0.9837883794596639,0.6204052046053201,2.0
51.3168292719848,-204.5594667222712,6.4877879830953455,0.9780063194895867,0.5765252030396117,2.0
74.02712702002964,-218.6050155762734,6.635340707912183,0.9901901511965793,0.6353976201848229,2.0
162.98166626483973,135.04321704192253,6.703318023493852,0.9897140423182562,0.623803932249776,2.0
82.25833046784078,-189.80964083775825,4.685650726591803,0.9747309985422308,0.6798092312895382,2.0
-248.39928532160712,-3.316727471006935,5.0666652686570615,0.9711830348864783,0.5265326608844012,2.0
172.3300501709244,117.4629536462593,5.119452383104077,0.9824488233912693,0.7229726583031907,2.0
4.838943282940248,239.46759509790425,7.237773927519436,0.9794368016294303,0.5275340149003819,2.0
-157.91842531525734,-119.88809891707263,5.853348207580349,0.9802730520249519,0.60112275438899,2.0
-237.12618328597281,-30.780471146468916,5.405775129794425,0.9807446650148012,0.658456074916367,2.0
157.6293791835958,145.925972196446,5.767658946414095,0.9771812893106426,0.5620934425243691,2.0
151.34420258296652,159.8065999370825,5.477665246393556,0.976049927915488,0.5826870043227836,2.0
-2.4594388236765226,-203.60931780780464,5.826860048253089,0.9839094178389639,0.5713832806179163,2.0
9.822648789130085,-220.5967695370362,6.552443666137391,0.9854000167582285,0.6276649970425177,2.0
168.34516606826423,-141.0061134014928,5.546994856933639,0.9742633647615913,0.5500825274056302,2.0
194.1136276283494,110.95334837077262,5.972430461060941,0.9814839129987891,0.5528277097964439,2.0
-161.69821786499514,-130.2022876848734,5.332526047966569,0.9827474906042186,0.616100258793684,2.0
106.83454425790104,-197.69092172729535,4.043839268236965,0.9784760072085431,0.6318594989973931,2.0
-188.32983377822103,93.25202052905097,5.523571674838486,0.9869262299306671,0.6354302847905509,2.0
198.54560946565755,134.854197483231,6.095989607450551,0.9732622546663571,0.5420685531179976,2.0
80.56202272783815,203.24874569260732,7.741843164877246,0.9775321236138628,0.5229684967859187,2.0
-221.55596298996963,56.11915143227761,5.65936551342547,0.9837728363712122,0.6158269977730668,2.0
-217.05088513017355,-71.9401881354838,5.505764645341527,0.9664099805280683,0.5087698968773419,2.0
144.35205823019848,-46.87582958421077,5.0554635348578465,0.9756590084497986,0.5590197673820226,2.0
-94.74425907183137,201.5664521512089,4.833950454425598,0.9712537469575179,0.5287030807235248,2.0
237.7668109004426,65.99826056394704,6.771303701988902,0.9826617003590263,0.6595530851489863,2.0
40.61574923996636,241.9298291375021,5.735307251866355,0.9817436962379185,0.6519386840453132,2.0
19.668237007132614,-205.45128050684016,4.537908798464013,0.9787621255363915,0.6963422606475023,2.0
91.53594719625794,181.3359416730431,5.143187362408561,0.9678863232931421,0.5302046627601871,2.0
-145.53975151662223,-172.11247562255545,4.42456407263721,0.990348065420015,0.7213130335664044,2.0
134.6979667943771,-44.40009883896967,5.14877978583838,0.9727231058782755,0.551575510510348,2.0
-210.7952871040807,19.021416427862707,5.407478081837465,0.9861904228225087,0.6850821912566339,2.0
-136.53854050200917,164.9474539700669,5.357097840140135,0.9801021799364288,0.6407399407298857,2.0
202.00113509997078,-144.27268346802225,5.653133139109203,0.9897451408359764,0.7157126228169481,2.0
-203.1191682149822,-106.30117768104363,7.336739787028165,0.9789256303610289,0.5208987313390547,2.0
43.81987961815849,201.60648371726703,4.912041647833607,0.9781090372127864,0.6289099064616913,2.0
209.68142979246957,-28.23297062007706,5.166078750303021,0.986691930791937,0.6387029738215182,2.0
-164.27245349496172,147.07452068218439,5.818620892194819,0.9909892599638052,0.689005198626009,2.0
195.87726321344437,61.57045985506997,5.420828147742593,0.9799998147868655,0.5833763121381793,2.0
-49.419515987076814,-241.9637975175462,5.8662239707272885,0.9797746467097916,0.5409677341550078,2.0
109.26712028405174,186.54456931961576,5.686440568079802,0.988135492885928,0.6357952666584619,2.0
50.87733267637939,-182.7497266300526,5.675470632001429,0.9704066955064631,0.4709202490719036,2.0
-180.83522420000727,-120.74732160621707,6.258274015618511,0.9801526180364274,0.5873971649462348,2.0
135.38640169465654,-188.89002597382955,5.55225813905488,0.986216105990742,0.6317293734466632,2.0
222.4283018160945,81.33940900073858,5.955843125486704,0.9774817531874964,0.5660718635605316,2.0
205.45519472261898,-87.8587942638761,5.795395832782135,0.985399642332052,0.6321769568928723,2.0
42.00507309022131,-176.15784756116315,5.739877162775533,0.9854743774039909,0.5782602884193784,2.0
201.68354192252764,-77.34451777041713,5.6767255685402,0.9882733836228956,0.6496238942744684,2.0
-68.92346481112642,233.75068408097064,7.022378739630552,0.9739339953025454,0.571542941704438,2.0
-107.99154160729105,173.39399988925408,6.300108027407265,0.9832850222461705,0.6055474172912586,2.0
7.939444340213282,-244.96488642391387,5.850922930935797,0.9786520854787812,0.5914481190886753,2.0
-41.52605740710883,213.64941043881322,5.1062433107701555,0.9785300654161169,0.5880523370362138,2.0
-11.872154772515296,230.53959708475898,7.04525600498043,0.9789423158163398,0.525049012007227,2.0
-19.55643355269395,-216.27961518055744,4.715239713241722,0.9754509445263946,0.5973386923204904,2.0
-213.46018370456906,48.42010753768822,5.986099787621179,0.9822032128260505,0.6164238778585054,2.0
-142.83159160248357,-150.98843433452421,5.0550933436131045,0.978125473278745,0.5797624091047086,2.0
-117.22494944437153,165.2754936960125,5.313583134256484,0.9868494213370037,0.6532694871710614,2.0
100.31195815154379,-82.0366914999714,4.6540488555935475,0.9847366866668167,0.6694995774075576,2.0
200.9289073055416,81.71792417512147,7.061293264370708,0.993913687624793,0.6982703168208397,2.0
207.98405030560812,33.095208905393505,6.19456567832073,0.9739957508354128,0.5463382851146844,2.0
119.68658932040066,9.496555967375897,5.16879568510641,0.977219524017162,0.6252880621216678,2.0
-9.491932499383228,217.11831057345475,7.224891191459762,0.9832372068590808,0.5818244923477326,2.0
-110.71800685434816,-165.6443691755451,5.648697536947282,0.9820548849768357,0.6554845940916182,2.0
-97.5724614010298,-190.62322144103373,4.492461176073607,0.9752601238483304,0.6833041063206687,2.0
78.91046670129887,-181.03102680822096,5.129645142001254,0.9723839461299916,0.5431859325540133,2.0
-118.84233930977564,175.1097478575435,5.069271869751029,0.9681179640246207,0.511866746270085,2.0
-56.18050443599002,197.26892120805994,4.576752751082124,0.9598274166286642,0.5466400800400275,2.0
-221.49692861275466,-82.97819478394337,7.006689311408942,0.9798550875826689,0.5406840394872725,2.0
-213.15968829336106,9.583454581427477,4.740930644776724,0.959136358909258,0.47143309264855676,2.0
33.34617679581541,-181.95974808755926,5.0320942719643735,0.976897325606184,0.5682061011041482,2.0
197.49673588580484,193.46049465677348,6.447778613246853,0.9805384621416164,0.585103044434596,2.0
-172.5549087728101,114.03454832577495,3.8953421395115657,0.9840721531764978,0.7238154909656431,2.0
175.35381615583788,-151.8775976781847,7.888473684743609,0.9839501222013323,0.5709263436590987,2.0
183.41668433935752,113.29851653238323,5.313105513941108,0.9824014534688875,0.6562221457578185,2.0
-120.30051598646071,226.78783728228873,5.820075619631736,0.9888352958606514,0.6605761585401404,2.0
-178.7622942376489,91.65478356236936,4.512565823070788,0.9535752031571011,0.45614556838165704,2.0
-127.14750467939008,169.46445665671828,5.531880716734629,0.9781487345289632,0.5931298988695645,2.0
212.13130979532895,65.69091081500204,4.3715769383975625,0.9798314185488479,0.5820604469916506,2.0
197.78135402698754,-65.20301876076827,7.341166261947505,0.9806784207077993,0.5417530291313355,2.0
-293.918337313114,-25.78684106583124,7.944926725817694,0.9800017706378115,0.4910253959038606,2.0
204.68399543721216,-117.33152235731559,6.500365570718681,0.977147107495394,0.5064491428811317,2.0
180.72634265223857,-137.77986690348123,7.716094400454559,0.9832370349191968,0.5553569339218765,2.0
-90.22095864586393,220.044512141998,6.86195472639389,0.988697500323152,0.6558285035382596,2.0
111.52218990625916,160.10658888712516,6.931791228821888,0.979977756084978,0.5817193601388118,2.0
-0.7463181741639972,-214.94700957349798,5.822323520685523,0.9854381248764794,0.6284299925135143,2.0
-113.28015156580032,182.93173393999228,5.052051876788918,0.9648615905510023,0.4961731977269408,2.0
-211.15688409675326,-0.3811062318226222,5.908130051978525,0.9876279638977742,0.6928348721468888,2.0
-197.25948276710977,-141.94545343482403,6.91512821615716,0.9810014323830512,0.5367710701870019,2.0
209.4891358933715,46.17789414926736,7.280679989351729,0.9934138590176115,0.6695731741004697,2.0
-242.1373250038431,-60.39863721780955,5.601848157687234,0.9823301565373813,0.5574888778788265,2.0
-6.7333473781439706,179.21974714193092,3.677139390144957,0.9682682499099853,0.5899023530212898,2.0
204.2112882128702,95.22165439667118,5.528308576865581,0.9858653634495577,0.679815179887717,2.0
-209.5715864414943,118.33932082936222,5.712480620351624,0.9868534486355446,0.6982196574603368,2.0
144.31510647800283,184.48878840571155,7.064050077861707,0.9809179815328688,0.589353810915338,2.0
-216.4839139376875,-52.53218578988859,5.0784101990312775,0.9831623957142811,0.6132124107860865,2.0
-214.98776463006723,108.50212884515099,5.919157873312617,0.9884750133720193,0.6283611885108767,2.0
113.19847778208788,227.53673817597058,6.04439369874073,0.9838405720011131,0.6164448982177221,2.0
-196.96982634266058,183.59670079324175,5.119085455906439,0.970470455897795,0.5224110650544603,2.0
190.63019919002306,-75.27340379555942,5.762636564634298,0.9720959132206295,0.5524046574726844,2.0
103.29849326059323,-205.50415296976828,4.820281931232722,0.9686278123233751,0.5313669159914787,2.0
-73.82813792533189,-214.69894176271822,6.063078489587528,0.9697295501172972,0.5201926206970946,2.0
-179.87469948154367,101.53829284988258,5.962223537056617,0.980394570882954,0.6593625134508362,2.0
-239.97995454020892,8.48936818062244,5.21147568418421,0.9799705297008022,0.6434961137577067,2.0
214.09859553065954,100.9918456166233,6.242359539810049,0.9814149059953962,0.6548496312106827,2.0
-136.38162163914865,-120.47020285859733,4.341352165196153,0.980079407096797,0.6000809704678185,2.0
222.10829468190323,13.025423223482042,5.883672318573686,0.9728353774469671,0.5458528040720845,2.0
106.08811881172258,196.68608488175866,5.259969208409728,0.9791676574777812,0.5746254669072856,2.0
-29.731798802082643,-218.84680855907544,6.174934473082121,0.989420144609796,0.7066945609176964,2.0
104.66235994348202,-47.760989070474004,4.757737904436634,0.9762179930674623,0.5556085473369927,2.0
18.295803435816246,-214.09141905778745,4.624143601912879,0.9774920449320245,0.6131452263973408,2.0
-195.24724548701465,56.66888537609545,4.829001800155184,0.9776483494364351,0.6921261903559365,2.0
-163.90649528087576,130.1948397918771,5.253881205010566,0.9695804314327203,0.536087674047505,2.0
-235.6688180493468,42.37126397629291,6.171823728670132,0.9876781360078801,0.6008432016187183,2.0
241.75730071306006,-13.579348039549684,6.402864010500483,0.9881662347100263,0.6614742520183121,2.0
-7.692769761971733,166.20980214055507,6.045113761912533,0.9872935928219877,0.6944303624612194,2.0
49.138972756930436,214.00705468747466,6.186768979482468,0.9785433165941656,0.5730099954509392,2.0
75.97771268579602,182.29298622475156,4.394028123754173,0.9740249392856016,0.6067940308347362,2.0
156.5374356413492,-168.1933083145445,5.957293588921624,0.9861053810370718,0.6960884590871523,2.0
144.44900766606074,170.44013586454585,7.448443153877107,0.9898652044737055,0.6273973147956464,2.0
162.73219065670895,-149.92073891388586,5.3988633819158665,0.9744569491267385,0.5530787364590931,2.0
-136.31217041529118,-168.44938473185792,5.743310621072786,0.9808823036666681,0.6001013375848882,2.0
219.47231459068195,-8.174477010022287,6.645634906833015,0.9879424340660481,0.6797559935571441,2.0
-215.17241572729426,-107.05335396006681,5.264756223920865,0.9544097872317744,0.45248006765173276,2.0
220.95938312796534,47.647671822873846,4.643573883949202,0.9726406124047768,0.6079889838410846,2.0
17.119817536283946,-239.11002326208944,5.478556565844236,0.9814635279407631,0.5447991434772627,2.0
184.39242723773194,-62.41915147665819,6.815562095353479,0.9818269476036294,0.6097422485714635,2.0
-199.6088997615091,95.97747642895764,6.399970794277457,0.9925267850240191,0.6756423266816205,2.0
162.48433152832354,156.5279107600558,6.349844107372132,0.989688017945159,0.6932685749930911,2.0
235.38219418594483,-45.3724726742222,5.721164734271431,0.9833082983912367,0.5805590776355861,2.0
110.76636050894385,-222.04643125984478,5.403827798758023,0.9881054727844903,0.6998411216874623,2.0
4.695096281792355,-195.3664727107938,5.487759769474935,0.9799800179695483,0.645072061414532,2.0
-119.19824307912401,-187.03394610565866,6.435120739226554,0.9790157026861198,0.581234869615871,2.0
-220.7026091749759,66.57411669346625,5.0507404117176575,0.9759243836752198,0.5654051810623549,2.0
53.56533016123425,-216.5303993287761,6.160899773964618,0.9781941065795212,0.5712063279104336,2.0
-70.29296054914315,247.63024829405984,6.213571273835993,0.9781696295732499,0.5831200826609848,2.0
174.9763932359655,136.2248173915865,5.591149330615711,0.9889947597590576,0.6745804522173431,2.0
-147.2617875000488,-191.2405215575369,6.713425653638908,0.9874612467437113,0.6045348493412852,2.0
1.7375995510907045,-185.54662366339107,5.0462842920565665,0.9720357541790358,0.5546083473110467,2.0
3.667764811625157,213.5168062391396,6.907795631958324,0.979276323691341,0.5787653827852665,2.0
-223.71631051416932,-14.589280208618145,6.285260630364035,0.9879788812137033,0.6482844730290884,2.0
94.1606729710254,278.39163779044424,5.996920038114063,0.9772519385026232,0.5807459357149363,2.0
-150.7218081026162,-111.42255751547752,5.677355589622636,0.9821671439868371,0.6025477200788056,2.0
-185.18388757594602,-145.8311497033066,6.118813169519771,0.9881239162289731,0.6548290858923392,2.0
-200.47534477432018,-118.17134882965193,5.251439227959623,0.977687733309231,0.6525030767712023,2.0
-50.187110113436646,233.2595169046813,6.497013740400031,0.9876292185536487,0.6968996733899315,2.0
-218.7645863674398,26.054657054365872,5.143743996366613,0.9796550108388976,0.642941039552063,2.0
101.09145190454608,-35.93260053322195,4.573873080513921,0.9745793400226183,0.5546067804756223,2.0
-128.84461457194004,-178.36350266539094,7.201455678891596,0.976223183687967,0.5003370662757828,2.0
-144.9721433956561,-119.505491934543,4.456680154143403,0.9805230830070162,0.6599971609822053,2.0
-233.64027008757165,19.943250996297724,6.972653962238859,0.9866280015037355,0.6382753868546439,2.0
12.802107386264876,220.7381554429182,5.178698192899453,0.9845672563756434,0.6725990646328371,2.0
82.97910058132547,-36.55837369471719,4.202132176765016,0.9808959923254553,0.6469471232322365,2.0
-220.3150584449829,-4.720291730731949,4.545996961445676,0.9742904576751672,0.5445520539914612,2.0
-246.4119009233166,-79.85422964002078,5.765482438787973,0.9806589450941607,0.6537483672298221,2.0
196.76989343230883,101.17731535037835,4.36608781574294,0.9678898610478706,0.5241736187905329,2.0
147.43635178508882,-197.1403440372186,6.8491377828004705,0.9909957804333557,0.7250815511739989,2.0
193.40564917247892,145.9736021168677,6.836471478610706,0.9724920641422242,0.48466614532965735,2.0
112.66434619745026,-210.6620373720205,6.5067095883881905,0.9798914789240204,0.5467849936818964,2.0
-193.94971202124424,-19.695929994782446,4.666568686123823,0.96366168956159,0.49185310827269985,2.0
-229.21570823555768,-93.10044977157649,6.134609193648717,0.9845837833189777,0.6699153579736096,2.0
-138.87907787208258,-128.90468186962372,4.714540719279147,0.9829132300506841,0.6641237707898962,2.0
-159.6387607764006,174.74820058540578,6.315261160000287,0.9826587988156874,0.6081160413966465,2.0
-98.66399703701275,-211.31477415853618,7.440232907648118,0.9846658442893427,0.629744450282535,2.0
204.55591394776428,-133.7695956065143,5.3768094788800145,0.9882156251044703,0.6474219443230287,2.0
-41.445341066891025,224.61499040108697,6.357752799114601,0.9785364535931826,0.572118493665796,2.0
210.6599396407762,-15.83725234736701,5.544998390501282,0.9772690038186311,0.6235672728900529,2.0
69.75675897905414,-241.84895915450574,6.761415729410475,0.9859957304943199,0.5816757365147089,2.0
117.30679645698143,195.28628837896142,6.388360244203279,0.9834314489826796,0.6172051067573144,2.0
236.38061429985018,-121.43589240841426,7.202294107748958,0.9835833290897281,0.627427960397166,2.0
33.64157960182632,-223.70581628428826,6.021990939131859,0.9870626510268662,0.6519049561399403,2.0
-48.870407255741476,243.66177284557997,4.369067282896099,0.9594715194874919,0.4849631192257701,2.0
-167.48354738517529,-138.47578206070938,4.971460182609668,0.988634880059184,0.6639183449085119,2.0
129.52277143120958,-235.35993344227222,6.780340496502994,0.9864323463068956,0.6445670311435717,2.0
204.47923364626917,106.63575466906701,5.4936313300742015,0.9811628292436269,0.6543445718627661,2.0
-1.0233329345221847,252.27232391416908,7.485937558480505,0.9750099685596666,0.49686097742572566,2.0
0.8867766389320801,226.43102413620605,6.795684400872576,0.9876246496298986,0.665882288838087,2.0
-193.31379058133197,-99.82296397223153,4.907268547637727,0.9709934075711725,0.5407332606146342,2.0
123.44053399457451,207.22100393212986,5.6913299993240765,0.9794156586980594,0.5875045489008711,2.0
-87.23013998997877,-231.33959825807423,5.039407928025916,0.9755374883024301,0.5600190022083068,2.0
-201.20558265397221,-129.72112433649735,6.401032348223,0.98579878969306,0.7023221589670708,2.0
-206.46008463343384,85.47930129242174,6.4020276319509,0.9876670360471536,0.6958788968819148,2.0
16.32082022688245,-229.25811945189176,4.68770612197407,0.9744011880040409,0.5471781570141873,2.0
-242.50676810298637,51.29717004733182,5.278232290441419,0.9846901976577483,0.6409227630098427,2.0
207.84218029641394,-49.950435153411,5.21963747875021,0.9901390597832356,0.7133747240839277,2.0
214.09235050425931,-79.19784313053498,6.845088219141079,0.9910795314979431,0.7248095916361589,2.0
-11.268925242905926,-232.15582444143078,5.673845756103773,0.9776856550852487,0.568360253484786,2.0
-107.26303419956507,-175.29966556734684,4.915441950529355,0.9721213676375491,0.53390071145066,2.0
90.15050628108573,-233.76002919193115,6.851480818742925,0.9876278193420922,0.643810701032106,2.0
-241.8829042815435,30.883305701957944,7.09741588493166,0.9890010865445561,0.6204432833592701,2.0
225.38801322814152,-43.356445465195485,4.8367256470894695,0.973567159597252,0.5557798136132842,2.0
-75.07034010450427,203.9483791950533,6.433443193316264,0.9889809786413265,0.7118521764666046,2.0
-41.953375779825485,-214.60580436502545,5.328224932819524,0.9737336076193288,0.6127635419201088,2.0
-129.61017341409678,205.16893410254877,5.659877216221876,0.9797490063352722,0.5902527905503681,2.0
-228.47931958329664,32.20186160505955,6.6467559291472815,0.9895042275393047,0.6609254681660494,2.0
40.718680409086495,221.05807476260293,5.2071928416931845,0.9844299679138689,0.639916420588978,2.0
-144.40922780414553,185.11415446796363,6.174280138341641,0.974499093726105,0.5478206679664359,2.0
216.47022496944896,128.27308424758806,5.590425403930379,0.9786598018013516,0.5283205803519718,2.0
-10.867046184686217,-221.44551250462266,5.406764512131998,0.9807600525142212,0.629823662215105,2.0
231.04747598617405,42.4704733147789,6.233268154892138,0.9880501243833522,0.6994568358668425,2.0
29.8611467033104,218.39619138758414,6.2660584751059325,0.9845789063950648,0.5730425516484464,2.0
-223.60783393459383,-116.51348524002894,7.8554915268920045,0.9865615932917436,0.5546610153206996,2.0
124.36262495214484,-193.41004573284587,6.5975984553635545,0.9859249331364063,0.5858476174417442,2.0
168.9825822348899,211.91849831955003,5.617571628725944,0.9858248276168704,0.5767086432893588,2.0
-87.08592735034418,207.83421433653388,5.42055243759806,0.9844420041078149,0.6712044558116625,2.0
-214.09745784008817,75.48993742220595,6.5072360992247225,0.9713157354487839,0.5381373933262716,2.0
78.76249623657266,215.39919049392125,5.236464572379025,0.9661332751740185,0.5887612847005402,2.0
209.78660102525225,-107.36906282250283,5.0634422838272934,0.9688263403214681,0.5179003305727754,2.0
-30.224825891087963,260.6352426840371,5.114628208592213,0.9764527079381814,0.5763531248241917,2.0
165.34735486821893,-183.9766354602626,5.152118091110929,0.9831447632349074,0.5575817518432745,2.0
157.3230456192935,168.7717320677548,5.912476297293717,0.9739455477107515,0.5590284227069807,2.0
-266.3119925904391,68.2495773183745,5.772661244711422,0.969543559915601,0.48545338552918726,2.0
63.909104632884166,-212.67768560282371,5.3728045871794246,0.9748149457579377,0.5521495462028128,2.0
127.25953507402569,-182.83273553874497,4.8359833573704485,0.9713292562419845,0.5356166228393976,2.0
197.88204072348438,-126.04413046097513,5.116755404919125,0.9770071528999156,0.6278249098873487,2.0
57.40566433997796,223.25274901974743,6.773352047878551,0.9737570972627588,0.5034514969305013,2.0
223.32861125683036,93.22566227462234,6.491860467793585,0.9745907296954102,0.5487674366130278,2.0
-131.29281842804522,-74.40956597822824,4.769657886622499,0.9647177083015445,0.5057528538978767,2.0
-181.83787015095604,-186.39614997608805,4.815545820160438,0.9846701154354717,0.6735813901208975,2.0
-124.56738742311649,196.34793432359388,5.031701882778057,0.9663967169774822,0.5039395730024842,2.0
-72.84341243533534,-229.76881364273538,5.099868197986136,0.9854451236315904,0.6337046886270805,2.0
-24.079832355355943,232.2017183343219,5.588329416208782,0.9805473719616761,0.5378017449100501,2.0
-296.0404912497681,6.298965684985183,6.795330798737037,0.9842502321738653,0.5672219562263324,2.0
229.35411420913508,55.4765506459898,7.339212165286884,0.9781734395310785,0.5157375084315096,2.0
223.3483375252935,68.39055341886831,7.504322886044777,0.9890582227865963,0.6479429348692524,2.0
-222.181879981075,100.23847951413624,5.3821687093343025,0.9775326640124302,0.6107371931461509,2.0
117.84430548203451,18.168435337243,4.112120161969435,0.9697899543471166,0.5878627262087389,2.0
-188.71215563123909,125.34659504549549,6.4611952547006535,0.9769528368060738,0.5786340601206624,2.0
-201.24576268836518,126.97587805954159,6.781322995420671,0.971654677256771,0.47461181583628226,2.0
-224.6956076785153,-45.394515530516415,6.047396629893711,0.9861320010598212,0.6309087136262657,2.0
-134.69085439899143,178.0007840861205,6.317146662345834,0.9796132298283484,0.6384695128472262,2.0
-67.51741664172465,219.81665352009153,7.750519344566609,0.9764534191746804,0.516070763188784,2.0
162.6388880512347,-175.5182977716003,4.041572821693174,0.9637130121330639,0.4963146753112347,2.0
-40.36887313591968,-232.04952359249404,3.8534925065911816,0.9522013760294207,0.5213118470209198,2.0
20.03069393023419,214.44492283651158,4.699344411068743,0.9822907682553346,0.6617084508235161,2.0
220.46650848122871,-104.17678607137027,6.436542881920905,0.9856485283145383,0.6344753401631581,2.0
-110.26889633163574,-206.68625111097288,5.5052395426894964,0.9832062981761914,0.6213705184651341,2.0
-172.41845938675982,-128.89062424298126,5.904405989436771,0.9840553703290461,0.6288225704968314,2.0
-242.7744877237742,-11.813971356360605,5.526452453415901,0.9841736813973982,0.6793004224573282,2.0
135.41299906783627,207.17781923552613,6.759253117695544,0.9743501389742362,0.5015110051689429,2.0
7.958705236005163,-233.96706925804583,5.281882610493694,0.9844214949418871,0.6255019421153288,2.0
181.30866240973023,166.77301951250953,7.041688855836633,0.9693333319170788,0.475390638682682,2.0
24.82865190379004,-198.31956419499306,4.756618701917497,0.9602927993090994,0.48714608576251617,2.0
57.49361047905813,-244.84659617277563,6.14329245216554,0.9898221690451495,0.6248557038715714,2.0
-57.08985179122496,-226.9934174075313,4.670123783999084,0.9731296660010733,0.5534037848419435,2.0
-229.42009675030053,62.58232767213468,4.976122179628097,0.973066453656425,0.5414539395826826,2.0
240.2150683230489,-67.11464638385715,7.2303759776259025,0.9779471776820552,0.5145846733243643,2.0
-153.49671892247085,-153.07312277058233,6.124109158347221,0.9884816222527641,0.6999693615864043,2.0
-186.12593402995947,146.19865401049867,6.941179717599078,0.9807348627089623,0.5411923400974075,2.0
196.93897533179853,-96.71993243451561,5.7456963711823565,0.9780212306052873,0.5825145609468445,2.0
274.0566685196155,40.79479746785356,6.160881789041401,0.9730800687326191,0.5398048807678325,2.0
-30.44599118082497,223.84059252068286,5.103962686859339,0.9817932962852999,0.6030356541697596,2.0
-155.78012266867788,-167.7697180130867,6.927281552486787,0.9872111694009241,0.6573670439236219,2.0
-125.51220955650365,159.52369094265342,4.999951714248502,0.9844476611837419,0.6753851739375899,2.0
203.0510482751068,116.59872684757498,5.057153955296463,0.9681385071245471,0.5105276565208665,2.0
99.95646270857355,205.92823945810514,6.230539713654466,0.9827174703366469,0.6115437002571755,2.0
-167.43879216115488,193.64347887024397,6.376839103015145,0.98270820882305,0.5548327351375628,2.0
-162.75018279258657,-158.37970970314478,4.93093714422338,0.9814165706550316,0.6186338372496234,2.0
-95.77015859350551,191.59935716870123,5.553181412283065,0.9832641411541834,0.6598281601958907,2.0
-140.83250102499989,-180.97887447785027,5.724276294536153,0.9783854602834404,0.6030716240851078,2.0
-153.73357665046404,149.6469634308666,5.237382270870741,0.9665796773916828,0.520033730350954,2.0
233.10319540869824,77.21225998248525,5.943354508900195,0.9782533838781386,0.5766283047989345,2.0
-12.572475228267336,-257.43124225990306,6.433778035538263,0.9919065889542312,0.7037625251747578,2.0
243.5318348707653,97.97734383577065,7.042758620419671,0.9822664035413466,0.5923530248392049,2.0
-213.4638757872444,-22.201983636276346,6.729053843356431,0.989867184013375,0.6668307853339723,2.0
-85.48535895616247,-212.3150823838555,6.4326568547637955,0.9770879105486545,0.5227453215668675,2.0
11.464376544447605,230.18821350217186,4.680480100200052,0.9750751284470071,0.6010585430587462,2.0
-177.21242554540075,-138.25626867733,5.062888008295993,0.9752286508408221,0.5632013463475884,2.0
-155.61151503613644,165.02274102425343,4.501752505423062,0.9791531631435151,0.701431193104697,2.0
132.8903916208558,164.29340165635406,5.888391837434513,0.9860784758351803,0.6295191012231346,2.0
226.68552502647222,-135.22452821475827,5.227970624116103,0.9616238504103266,0.49637778192256576,2.0
229.4937352610401,-95.51082299117441,6.632658300200048,0.9865910159645486,0.6441448822888611,2.0
230.99526653511725,-34.96108746805012,5.779979714444736,0.9742333068299539,0.5075033593004216,2.0
-133.73527374880456,-191.52292977330484,7.224900254425719,0.9896828551507344,0.6658698066513675,2.0
145.59418307243607,-185.05951334089096,5.680261852054674,0.9874760335195943,0.6461660606328509,2.0
76.64885840237349,-275.69470779297814,5.874142709564887,0.9845760467772252,0.5831163577893668,2.0
202.08269315399588,-21.43311309918381,5.231138426485576,0.9705643434199942,0.5402052049107622,2.0
-259.8717201324636,-33.8807023878902,8.362879826765,0.9792132599457114,0.47755415817677704,2.0
-105.25117512746662,198.97191456610932,6.4554800908409415,0.9842613878137721,0.6205900582288109,2.0
-235.48843249834664,-112.46948095879836,5.233904613282469,0.9778759220783514,0.6342778302130594,2.0
-251.87478520037973,-56.659676161455856,5.013647627097901,0.9895084805812707,0.6666413290150923,2.0
147.72701640867626,-174.45124120927815,5.296084543761503,0.9737499222086573,0.5563947087415588,2.0
186.525748995511,135.49927465277418,6.354067776792482,0.9768486512811984,0.5736615166659473,2.0
117.45794301182114,216.80710319531076,5.82532101770278,0.983875934955606,0.5637708686887979,2.0
-190.8169203502259,103.55170299439796,5.380782803114865,0.9868496858784322,0.6444527515188939,2.0
-225.761690234609,75.99301388384184,5.8763715492025845,0.969596269160655,0.5362999642390863,2.0
-39.153508610050146,-223.87576156995507,4.869849074135159,0.9794550015072117,0.604015290566491,2.0
-79.26144690858037,226.39058927577065,6.041075589581292,0.9873281034875445,0.6418271878630462,2.0
-0.8713771074426813,-226.82680885747556,6.3556554032259935,0.9814952274796396,0.5446650956326016,2.0
-259.0163371600246,23.78002733602412,6.540599700323347,0.9795450456884686,0.5816131719336408,2.0
-165.40639583792634,-148.59080166654624,5.533676617504758,0.9903177577719333,0.707167235875975,2.0
-239.0827141419892,-70.88382361203152,5.625383275273157,0.9896369059400638,0.6814673914133712,2.0
-234.66217770952062,-82.011356966943,6.708885520757786,0.9724100403764556,0.4788233591154346,2.0
-53.14699204517639,251.5549411817891,4.838531379193886,0.9788486957552025,0.5827893441657904,2.0
-65.67509549354732,-222.24395376213826,5.626329815817784,0.9831432864345822,0.6308983918902064,2.0
249.79712714430582,-5.123693954247807,5.59493957933857,0.9744548847203064,0.5474869324263882,2.0
-17.937840399904,241.17745765131843,5.6198053271507575,0.9819262400715937,0.5497525985385313,2.0
-211.41307405329079,97.59179115352842,5.774541624440405,0.9838430391391886,0.6476093063482016,2.0
168.5483220615075,99.83024885041549,4.881826800840236,0.983428440085914,0.6679684785294812,2.0
-165.7375834709121,165.43523711037295,5.223393177889163,0.9851976653861918,0.6752899677665685,2.0
41.45196988366456,-200.0504741503525,4.826246368946779,0.9788510002990196,0.636123054390424,2.0
189.27588527516414,-205.03658972270551,5.607450439215303,0.9759304790323167,0.5539272009677386,2.0
-205.0600942781097,105.40880181485771,4.7099976494013225,0.9778654467199666,0.6401458496289614,2.0
123.82349092807712,-205.76829595311182,6.258891720140676,0.9719148941250205,0.4753108102338351,2.0
159.87069321791975,205.05487430893507,6.070738352818379,0.980303759091959,0.5556995458761829,2.0
152.24698150484443,195.27632834199323,6.688516991521718,0.9912222405622488,0.6906370948661689,2.0
112.31997013664186,-254.1246493233985,5.411527063418266,0.9749626521425065,0.5578000857741393,2.0
-235.8333970135342,-124.05715070494414,6.600370540744724,0.9938315228098045,0.7223301153938472,2.0
-182.48157243762967,135.05161845782285,5.241069355696256,0.9820712842350279,0.6438211172853675,2.0
-7.090838157577563,241.35320125692778,5.414785093793409,0.9689843823744781,0.5335849335337388,2.0
-234.03771393373114,-53.22409696591351,5.580130381212846,0.9807675951657822,0.5958123068540966,2.0
-213.98578692459543,-127.43583815770215,7.135459310293005,0.9731994876034303,0.48244043701546885,2.0
33.92532126627005,230.22573458801898,6.555067506183089,0.9817897414382027,0.5985550684441537,2.0
132.58092189423445,187.70800946635686,5.773043714182292,0.9714344163481143,0.5460834596904989,2.0
227.51605637245677,-52.776469895704196,5.187663484245203,0.9868148169760509,0.6437113620334532,2.0
46.97104382736197,231.39210035586493,7.0994540048271,0.983314735055908,0.5853708261751008,2.0
26.10718356242079,-232.5377091679645,6.0188824771127525,0.977334379104277,0.5089194763141424,2.0
-163.2734719514589,-178.6392831220134,6.744839415889602,0.9683901249920464,0.45701461119489883,2.0
-59.22852483397266,242.31102005061504,6.685538439014012,0.9759622492183719,0.5625018406368467,2.0
-254.28710520515475,49.85989757753034,5.549646849032072,0.9899023786740777,0.7255909355522647,2.0
187.7109928283255,-170.25693612578723,5.994890341898692,0.975363891432902,0.5062784548482001,2.0
243.66586959137422,75.74424397709545,5.014974639787551,0.9806788898886656,0.5904215554428908,2.0
-30.78521237017828,-243.11185313841824,6.149478350995923,0.9821259361725736,0.6035282849295317,2.0
-106.9762454252402,-186.1474937928917,6.281778054507595,0.9850330328173212,0.6204776310967437,2.0
95.89789014177849,149.18065022515992,4.117769797052907,0.9593968099722235,0.4746275657492682,2.0
134.96922728723808,-200.60598299416193,6.549362050567529,0.9826773196692085,0.6017175301639807,2.0
-80.96154333448614,-223.27198281983118,5.61881057240053,0.9821239756916762,0.6046272281552347,2.0
88.00256003304106,221.39140187419147,6.385941040796691,0.9730154027234748,0.48817764365446265,2.0
198.7316952254063,157.24193001128975,6.266179165399405,0.9824566424689458,0.6164239958878038,2.0
111.49264563690632,175.95333741468804,5.251301993722532,0.98193012843679,0.6205000369258128,2.0
22.76835669667254,-222.35630465548275,5.077357712314741,0.9832751004158428,0.6130241649477476,2.0
-101.94805528604746,-222.8155219458682,5.117058609658583,0.959431941522149,0.4735642825209434,2.0
-151.5958552187614,-179.9174978500743,5.634951616660627,0.9816516079268293,0.6730206675354622,2.0
-152.85459980625234,-217.55781016095779,6.079942883086626,0.984768781867549,0.6700485315975641,2.0
-2.0517418380983092,-239.05037517224426,6.382207721150773,0.9737182032427558,0.486568953299634,2.0
235.8311337533562,12.844734056201363,6.846403173294882,0.9859801545643635,0.6824167165792221,2.0
52.644049979086454,244.07075652339267,6.8728682096725695,0.9860316064128162,0.6468997511670572,2.0
168.77194285929122,167.01004037677018,6.353651912705994,0.9746675872728279,0.5691318347119382,2.0
209.70233628715894,136.8753926498709,5.697221079767735,0.9831499309149896,0.6112908940046629,2.0
21.769779587601615,227.54662037637252,6.378552062884814,0.9849785697632809,0.6217727407210213,2.0
230.88710065950895,103.4956866814639,6.789849226065282,0.988228812084717,0.7046645226947412,2.0
67.41250582187025,229.97461735112623,5.40220659208666,0.9856821648684205,0.6331236380560618,2.0
160.17540684860307,-201.0824770662869,5.221827982524203,0.9832487963496168,0.6802892400111381,2.0
-267.47403056077746,7.700721283817986,4.741646794710786,0.9807944760205599,0.5879940123028137,2.0
122.16157304473671,-217.12749309195013,5.535231611406456,0.9777652355530622,0.5700831217171979,2.0
-161.80346128085841,-209.69641912099937,6.27887877192412,0.9869202956727097,0.6600245806506018,2.0
38.182147903457476,-235.99901230573684,7.053817691594374,0.9867296928660382,0.6519130688576266,2.0
-192.07140881436234,-165.48875404592533,6.494224486614205,0.9806697500191633,0.5513900576886829,2.0
193.7776757337151,-135.76009218937668,5.843353057029262,0.9852188234772705,0.6386627146969472,2.0
-217.0458855676207,-147.79158650855908,5.127066726734338,0.9839376397666968,0.6346606098353887,2.0
-88.49688096002563,231.114766066709,4.668122426183039,0.9707607767542742,0.5359931174802361,2.0
89.0487346502565,-220.18712726782175,7.207379876936381,0.9872642042323714,0.6396968030670943,2.0
96.07319408784215,229.06794387262548,5.506123939136197,0.9690966512778167,0.5373389389072022,2.0
-150.8637340978342,204.62602169214108,4.929240291812235,0.9715595744263998,0.533090312896004,2.0
189.05794480705447,-189.5974650858852,5.991759201404577,0.9826192135143146,0.6566472178684348,2.0
174.60018081470108,156.233546453619,5.919622531359341,0.9892593913779081,0.7144074234849931,2.0
-81.13448099384746,240.23058996906164,7.535766832956144,0.9802453737708169,0.5426925984449185,2.0
148.9028698052102,221.79322468114722,5.194226225326078,0.9829739194142352,0.6420906655938796,2.0
237.88203031498767,-106.93724878706878,7.709780038741846,0.9928900246902809,0.675819958595925,2.0
240.49257828330522,49.49345141159392,5.8753885670636645,0.9799770526212893,0.5948480546598371,2.0
19.25366528595583,-262.1820195135985,6.9893501132182765,0.9803045417234674,0.5319193133012097,2.0
227.01180063183344,-17.38443224425917,5.510772772107184,0.9879634595656636,0.6493511775917293,2.0
-183.0919045803091,-100.42880956565942,5.614456341274685,0.9901890913408123,0.7161060001431577,2.0
252.38120558555363,48.52716654561743,6.559577533784864,0.9757896084881724,0.49787466255087337,2.0
-56.61449084197206,-218.14605455571785,4.56019701151075,0.9761590381177215,0.561083427675908,2.0
-64.11708445862432,-231.72163708706853,4.09137134465315,0.9849458589606694,0.6270130437814545,2.0
-102.06942086758619,-199.27717369937304,5.674932807573888,0.9757985457288493,0.5758652281575076,2.0
132.53735909270813,-213.27691037318155,5.85657098534772,0.9765620097388482,0.5664848528052229,2.0
119.99203388269414,-227.80835049241483,5.765851492891409,0.9856211784378661,0.5904420206955433,2.0
208.1296089186234,-69.88027552006876,4.507412864599588,0.9694314592558232,0.5916575094675464,2.0
-232.42272992753334,84.7827837431818,5.5542549627362945,0.9768135970165434,0.5916661501427826,2.0
-260.93616381998174,41.68322222432194,5.205645164792484,0.9890076869259068,0.7040840338680237,2.0
218.1587824970744,-22.90489843683015,5.192810404321539,0.9838357160658354,0.6194187977078028,2.0
230.25276669855427,115.48224532745355,5.284805862962566,0.9826477072794787,0.6299582642595324,2.0
163.49427812877784,194.9646369258232,4.812064276198764,0.985545329734186,0.6327108050711377,2.0
-247.77270291326113,-23.759264368493483,7.934722990888965,0.9839657618625177,0.5212694596349352,2.0
212.041525191863,-126.22656583310292,5.5464021703700315,0.983919553032418,0.6686425171829331,2.0
-160.74442059969954,87.48668516069564,4.730293769943621,0.974575335049934,0.6149805784210002,2.0
-148.501934609194,214.77759519537105,5.926763304134721,0.9824473667317462,0.6642664530867289,2.0
154.16348496176198,178.67124698359905,5.048487081092525,0.9700124875839631,0.5989039686473951,2.0
157.7679314618887,-191.12767578820916,5.477198079287059,0.9810322561823307,0.5969126576674518,2.0
-72.43412110812643,257.4748371421946,4.224632583346164,0.9746654641381637,0.5500155104660472,2.0
8.113775331043074,-256.2791815532792,5.96790650855056,0.9831800991480611,0.6072651728242925,2.0
180.83815808635137,146.16240601082706,6.00772609195183,0.9897501564198457,0.6475941021088545,2.0
-92.16177016728692,-278.72761384004434,5.217817773760637,0.9834970369595861,0.606863886818664,2.0
-169.987740165107,156.28353884207888,5.232538456936626,0.9789760381630447,0.5807960054013327,2.0
-195.15056502864726,165.33652457664633,5.027301185105896,0.9874939412729191,0.6990405430961308,2.0
247.82344538577124,6.892041314217943,7.094018016548176,0.9782982102187312,0.521344971517871,2.0
216.33995068642864,-92.55148944964323,6.190451513232252,0.9885348307445394,0.7128341855560637,2.0
228.0932842002163,22.014345609358667,5.591268117954981,0.9646925701466651,0.49552157734063357,2.0
-30.48380764351621,306.330897370234,7.186761333257318,0.987753861745377,0.6035804566196891,2.0
-232.3150215176885,-63.05318582464202,4.797950845298435,0.9847721915390469,0.6941171351766422,2.0
5.263164022544711,264.1637022567822,6.641639610327924,0.981507182800873,0.6529557283391876,2.0
-248.91367802927581,97.80882928429497,5.974502067190021,0.9881190355108117,0.6507204219261099,2.0
249.67271634346216,-120.48973006848831,6.835702087483544,0.9799910173426651,0.5879538760636485,2.0
226.29872641726948,-26.707749735696883,4.182717506254532,0.9703255916141851,0.5321028324195879,2.0
-248.9775332910099,132.3819904079305,5.156724659819317,0.9894329784807652,0.7240171742301972,2.0
-125.84890159994191,30.792818426812286,5.326715854647807,0.9753344634619204,0.626434053630744,2.0
212.09306535909195,13.783840373867665,4.527352831737065,0.979333546100757,0.5804858761923607,2.0
-85.07416073163319,196.3767369840969,6.556205068083731,0.9833869737629236,0.6092005643761653,2.0
168.2611341521257,-193.9440660140698,5.652949450200757,0.9844748164578805,0.5879593327677551,2.0
-233.12815282152474,-9.60231010058601,4.731834483395415,0.9786770481754846,0.5750718312369476,2.0
248.35480464800187,-23.482533579167374,5.817215599550623,0.9909172362989438,0.7236880233481533,2.0
-265.37211886403486,-83.4154167815261,5.210954258245771,0.976367619903357,0.5972914096192821,2.0
234.64719135085068,88.81155376382131,6.271841428171857,0.9791523376610493,0.6353881848504942,2.0
-80.14739493768037,252.58085150841615,5.129273020440318,0.9843147711483732,0.6152471856600307,2.0
-191.7019801517974,-123.32104251674986,5.521630338122478,0.9628191368343543,0.48683420523001625,2.0
-22.787248799379736,252.08962850897956,6.6904043403290085,0.9760124618102303,0.5015027904828548,2.0
100.42832814436082,-226.33080338103716,6.108897598690679,0.9841624048982608,0.5715910699054906,2.0
195.17856760513138,-177.66791643405082,4.971106300525459,0.9791384074065128,0.6143209334116553,2.0
-227.90561326305948,-72.21113934146966,5.8047947632539545,0.9777136133403419,0.5261762009845111,2.0
46.11763730858065,-245.69739347562896,5.595879387279469,0.983970388302741,0.5846846668865668,2.0
259.8664497831544,-80.74535151288197,5.490474738870412,0.9843311366059426,0.6698251243879529,2.0
219.24220281464792,-34.225046561731375,6.30545380523264,0.9926630731248072,0.6739955482144426,2.0
-246.7159534734346,-37.26706087336363,5.9246198601051585,0.9783147392029441,0.7018862274808623,2.0
91.78857825552745,200.00922795409687,4.184707668136179,0.9839422525472339,0.7229838817144854,2.0
239.3728084456682,-2.0376685087332826,5.792739604627946,0.9691856962365241,0.5259838477382397,2.0
93.66075717626987,-208.6002330449822,5.78223494369497,0.9776950895481394,0.5687302199142891,2.0
-172.80877757287124,173.64655263702895,5.923128429157188,0.9894724794488461,0.7124162125209901,2.0
278.9537506654054,8.055849645227767,6.384355050218717,0.9854587291744035,0.63053755053339,2.0
12.664099421832244,251.02145677903255,7.013674609323791,0.9831266373738501,0.6369172070634997,2.0
-48.41268363306096,-221.84403594056965,4.690875050857656,0.98874154814845,0.715475634823137,2.0
100.73418136864751,-236.51874608239584,4.529848097688119,0.9672286473709698,0.5188891006468177,2.0
98.28670136287235,189.51209260095496,5.721937866128065,0.9896678471355163,0.6876074520039354,2.0
-10.114652701490503,-268.3169202698845,5.051374261740901,0.9844591840497386,0.6142425071631953,2.0
-175.7991079834198,-177.58773929393445,6.223127390216749,0.9854156710397368,0.5770839815437186,2.0
285.7556635509626,76.93988789307389,6.185184685312388,0.9703284648230837,0.5319702024641262,2.0
-60.362260158104775,267.5923566267388,5.283558055632794,0.9888745492620076,0.655617647551413,2.0
-173.43157671511548,-156.78209146656917,5.943434628489189,0.9869960929497629,0.7031453325673301,2.0
-273.602624690003,-35.54582265966752,6.138497436088045,0.9809418857865115,0.6685462864471846,2.0
177.25072306249956,195.27862835444301,5.664146550862125,0.9837685767487567,0.6161430025347618,2.0
217.52823737309748,-54.914807944047844,5.309024528628878,0.9826159545713169,0.6623371650350545,2.0
-131.9941435747884,-217.2611893731364,6.386381711879959,0.9845762950155358,0.6692199002554245,2.0
-251.366538508243,-68.49658201640378,7.136085261958433,0.9861965971331326,0.5896613139285091,2.0
-243.25804006597312,-92.95427156200134,7.8788506810656225,0.9848107884493004,0.5883373491764003,2.0
-32.41129117647933,-265.5220076122027,5.9933062387402725,0.9780466559455249,0.5386153253411873,2.0
-112.25829670048637,-196.21736320623748,5.5052395426894964,0.9729362481963639,0.5387294064778266,2.0
-236.6528181421303,103.14401575372617,6.339445886692599,0.9902256825763005,0.6876824886642676,2.0
29.05194827898296,-254.7155391909593,5.938751585879336,0.9833933388495627,0.6689842931025007,2.0
-106.2467446147054,209.81614567947352,4.9792215188364715,0.9698396387804246,0.523810260980063,2.0
98.14785162038653,-197.80358250930928,4.889944527220142,0.9781282246905568,0.5864573013108413,2.0
83.97344949740163,242.54085207437498,4.990753617273337,0.9841126027106079,0.5803270786266245,2.0
84.20386612291668,-244.83709838633138,6.060147092171258,0.9788358576500139,0.5769753584253795,2.0
-160.1729702396082,157.05660902358838,5.0922448021845845,0.9791738699584266,0.5935038777148989,2.0
-109.78051455796013,-230.9629242805225,6.627168260197951,0.9914736259305229,0.7057433618893253,2.0
-280.9288608336659,3.1037252958320045,5.990774111774916,0.978023079048984,0.5787950601661938,2.0
-224.85336887564867,-103.52708617872375,5.607696336234462,0.974099918670532,0.5455354860107507,2.0
32.55387568528173,-204.02733586143057,5.2886704815325905,0.9773120327051035,0.5655332404768022,2.0
36.20697609854469,-247.24113021575903,4.875376651348873,0.9654041260169679,0.4992186257982203,2.0
74.01868187276429,270.77159658672673,6.042634425198313,0.9775212569323386,0.5645445650784836,2.0
246.82037921170996,58.5960233679382,5.456576553787195,0.9775352570436967,0.5758332460562583,2.0
-183.39472173778265,167.00433730691927,6.970773497005071,0.9841563434673355,0.5808104995073546,2.0
245.90682303554775,85.90660441072171,5.782417792421519,0.9803549434362905,0.5884704967522897,2.0
-228.84184651776866,-1.243587342226518,5.021425595042661,0.980026879987703,0.5800515168470929,2.0
-244.6660664111527,-105.83618728689952,5.329954678485948,0.9873447727268491,0.685858263164272,2.0
143.34365023995105,-209.54110736789488,6.152294817034127,0.9826285147200354,0.6146314044574531,2.0
-12.421218452522623,-245.1514747218599,6.2513836287150015,0.9799444252614773,0.5838452416964648,2.0
-2.154040468816144,-251.00443400082233,5.891016781699633,0.9889792158633223,0.6674020164872889,2.0
232.1181206239696,-144.74794709029982,6.42111761449782,0.9772099803024965,0.5165930879900634,2.0
223.66287316431885,-124.59386470708965,6.57303112539799,0.9743046958990006,0.5668361465699568,2.0
-272.5587749283711,24.21476832999464,5.4708109044084745,0.9847070294214066,0.6349537198378961,2.0
155.29657468038525,-157.39904529211188,5.492029241607729,0.9788427973415902,0.5974248142295229,2.0
128.71762511014282,217.1094961676652,5.847053087052516,0.9740234269038425,0.4912015574573285,2.0
-40.037044768106,-239.62383388903314,4.189888164280656,0.9667980392325726,0.5735797049992739,2.0
-248.42259712651682,-145.81044285850518,5.881540634470221,0.9871421271133132,0.6394247841500035,2.0
231.83264669375404,-8.825257064361532,4.717132768233169,0.983269753954381,0.6713794178455516,2.0
-244.23234952087017,-49.981140852506485,5.3548991074433525,0.9833068560937361,0.6116025513961763,2.0
-117.02349386223496,205.29710288500246,7.071638325486487,0.9922082011030695,0.6329930231687407,2.0
-108.2315010418488,247.68002939337327,5.950186012842604,0.9817751562664664,0.5989085347033107,2.0
157.80431564964994,229.09452006810483,6.773074491154476,0.9731527088086627,0.48823891211362935,2.0
79.06629294525783,-235.76928945075943,4.862150203406051,0.9658615966982123,0.503089478296542,2.0
165.37239312340398,-159.61229062371314,4.944854483712587,0.9905688642699995,0.7237732311434639,2.0
32.86476471239946,261.2290218517429,6.800987504165524,0.9806311576940777,0.5865895032174504,2.0
194.51091970048637,169.53574516183284,7.142605820820069,0.981836396022733,0.5516489554925114,2.0
-275.82079242043557,-68.0205877878098,6.541919414970342,0.9825106404828791,0.5499058351788991,2.0
-235.10098227801228,-102.4295265587654,5.24278897324467,0.9674349640110099,0.5149229617301428,2.0
220.42810624140787,138.43498769497606,5.574159160496813,0.9799979770037915,0.5852223832422517,2.0
-67.20633871559276,-197.68559298314423,6.377582512255721,0.9796127197177349,0.5431093572512777,2.0
205.88738835128532,126.39719751440119,5.632735692360251,0.9816300705214229,0.5993283382314851,2.0
-226.72086067125423,110.40067413294258,6.243151723293076,0.9836898268348954,0.5624210184716109,2.0
111.96145029275364,206.3376904653812,6.3795580400608785,0.9770539667976514,0.51033244645351,2.0
-20.952521656149308,-237.3320468205409,5.780936490022822,0.9777746337434277,0.5700984007504527,2.0
211.8771061203541,156.42956095178022,7.200004125679273,0.9853877193833882,0.5813322238626859,2.0
147.08862222883818,246.75631239371424,6.75569410287358,0.9803519225756321,0.5871203305709024,2.0
-272.01674402329104,42.05331925720021,5.874411314082115,0.985850558466732,0.6270243856903743,2.0
-111.79629299003714,-218.21436692222878,6.336381279263668,0.9840770349682375,0.6466245260240402,2.0
241.80087532449255,111.64762778740895,7.409167772982515,0.9756871300488765,0.498972734457278,2.0
-103.9536402519732,238.42029347641633,4.596393388457642,0.9726112531852527,0.6001912466875129,2.0
117.64922636601011,-246.12231056892782,4.526275880733262,0.9835271136517589,0.609946854434437,2.0
-254.38299040622135,-11.91169675257858,5.875703582833124,0.9870167276412617,0.6499475954815118,2.0
-210.54528323291555,-116.11328636956071,5.56415419255802,0.957058912038886,0.47144003057746786,2.0
257.5688522942532,15.185711933975524,6.3917867189861886,0.9771346158153134,0.5333337745533002,2.0
205.38980166522268,-176.14815528298865,5.428891469928521,0.987058354944292,0.6626943591605104,2.0
-216.50435116740144,139.21217132747637,5.509295668270028,0.9733395831475362,0.550430399935524,2.0
229.00218742784057,-74.32627580743252,6.771422357376245,0.9807811964059164,0.6305970147566309,2.0
-205.74431138879322,161.11689146699518,6.733476313546633,0.9851223845902405,0.6250586056239984,2.0
-170.5807323581457,-189.61577236089485,7.176009450853271,0.9827350229467846,0.5733282645134141,2.0
103.49716846560182,-189.64898304249388,5.016212608872161,0.9770511017854105,0.5791708170796898,2.0
251.0034739395617,-61.401115312881416,5.655860126780113,0.9712771083714927,0.5670102073377536,2.0
-184.41402829110507,-217.7333761450519,5.238655248136584,0.9803031977140868,0.5829215483934428,2.0
110.03012140238887,-232.89658442467015,5.658533086798667,0.9925038552607298,0.6607253793523642,2.0
261.13600791129375,-53.89832549142075,7.673149756578672,0.983958611601514,0.5462467527242864,2.0
-102.37689833739275,218.95478312923282,5.301808985328524,0.9840351984018952,0.6703719121616272,2.0
71.0156330331592,-229.9519529719335,5.460806943297174,0.9837577564846425,0.5926398631211691,2.0
-194.7734479299573,-153.93731599742134,5.86480148694238,0.980869895754537,0.6080174531102616,2.0
-245.56676434532417,68.96333315967605,5.464964170227527,0.9725764869710145,0.5661140475508578,2.0
80.33485084180802,-227.076592308813,4.308968290678149,0.9775656092472097,0.6701051146626203,2.0
103.93203386780513,223.85028463949732,4.31842772675215,0.97912994252343,0.6385523014085616,2.0
170.87461914748388,-176.2036610809993,4.626835608000424,0.9828426713961892,0.6129781221169988,2.0
-241.1998508680031,79.5449795667348,5.10498391068516,0.9847606375724037,0.6792571153419095,2.0
208.80599767972726,-198.25389953755712,7.238935510441265,0.9893491603621629,0.6165049694638731,2.0
263.659003449682,113.287059554011,5.0560003143385694,0.9746244004539009,0.5755197878166293,2.0
148.26643805247926,209.8457792876758,7.12185899844134,0.9831758597414565,0.6268778447497297,2.0
259.0573467485726,-101.3183945479974,6.100814892005171,0.9869617867405809,0.6602030145965521,2.0
-225.5260840985145,-143.86044951787397,4.595561537420645,0.96369402160357,0.49573118473372824,2.0
220.71287918322213,-143.44856319509614,5.33998559140225,0.9825734562240486,0.611293513861166,2.0
17.89036803619257,-250.04768296025878,5.694348977508997,0.9855121340945897,0.6492118647541602,2.0
-10.919136605635076,258.55299313223793,4.845613422516201,0.9676836022591107,0.5843639170719727,2.0
-220.69044925967378,126.76876515625024,4.830556705973043,0.9843447266405634,0.6701433886324827,2.0
-40.874267260559506,-248.58141511647932,5.256741841006073,0.9814607476208305,0.651731877320044,2.0
-98.83267774273516,-252.31809744379942,5.890914176463221,0.972749976073234,0.5009083494495834,2.0
-12.325796687872849,249.46598966150978,4.713521188388875,0.9591427653584429,0.48034605113969764,2.0
-170.06409913067597,215.93166830050677,4.954375953478579,0.9869415766805668,0.6645034391052531,2.0
-20.444134479903013,-226.18620609010804,5.64396189504288,0.9800352797260263,0.5869753560966212,2.0
140.10948090430279,196.1305671961068,5.794394397257485,0.9821590129989866,0.6596007199994252,2.0
229.58085795096832,31.848798841894247,4.915248065793161,0.9707765781900609,0.5922615786041664,2.0
-199.71186117067325,-176.09550227716977,7.144617410000953,0.983076098386999,0.6148273502454354,2.0
205.10845914325265,146.45838663860206,5.2973078770256645,0.9838375001348798,0.7228803340498527,2.0
-180.30127693086814,-166.75407917184594,5.895627740690928,0.9768871404380891,0.570387772952279,2.0
114.50789738523477,238.3216872305138,5.053361649693636,0.9784112569214689,0.5988478262840453,2.0
60.83392046980868,-233.779608285868,5.68832672296243,0.9822666276158339,0.6005018533278631,2.0
242.58251996199994,144.40733353562769,5.104502330859465,0.9831256444427265,0.6637297017772055,2.0
-138.8585533582614,238.10486529640312,6.220668284556281,0.9924570808452619,0.6629308928145979,2.0
243.94314848881882,-143.3270647192045,5.956594242189146,0.9877011313017499,0.6678297787600375,2.0
-211.55604633382865,149.75271432008668,6.403613213513408,0.9822433262958185,0.5506840890309767,2.0
90.24749977853973,210.66902857749574,5.112715319771865,0.9679275436823941,0.5920046707220638,2.0
15.434527541030848,110.41697543030165,4.88574298382748,0.9845628742690202,0.6764738873349984,2.0
95.67971323518327,-245.2024235498928,5.790783252061558,0.9906161249808706,0.7225548596039177,2.0
33.835294228806,115.70534715686708,4.718667008387953,0.9872890817061426,0.7198736943901743,2.0
128.50946093645067,197.65790297538405,5.4793885262573525,0.979131413712341,0.6350977549112035,2.0
220.64300915394816,-163.52783406413965,5.725030028625313,0.988078088297886,0.6510060319766591,2.0
-191.11412704550426,-183.9922833994293,4.960449981959811,0.9803657046524673,0.5946190568969928,2.0
66.03248544133503,-269.2703197320022,6.919740323272547,0.9831690398469362,0.5545433718957751,2.0
176.5078840132253,-185.42273918309402,6.3520009492662926,0.9901968364379543,0.6872467757604747,2.0
66.51888662825203,241.3951217000823,6.414698838061983,0.9843440640732193,0.6193312203214656,2.0
140.42035487988412,-219.97770700250211,4.845761149992887,0.9884236044341473,0.7217340957066525,2.0
-90.82535188596333,-242.69702089502832,7.381228510355014,0.9793785293598227,0.5020376682436699,2.0
-142.06992219670622,-200.55829433808884,4.337582771371619,0.9765164146422088,0.6521566122879701,2.0
75.65890707785238,-252.8297272836867,6.0461783701005185,0.9855844684919339,0.629123865442345,2.0
-70.68496934057507,-249.049719998909,5.636978467137278,0.9815574115869886,0.6024446519628022,2.0
-31.917051268248667,-254.36876665776902,5.721055016319409,0.9748017900574862,0.4985263280056494,2.0
-206.32906020501275,-151.23472222671546,6.375843379138572,0.9846907006022994,0.5692791415283849,2.0
75.69540861031496,244.71571746597186,3.842008319551564,0.9628747901713829,0.4953471522011845,2.0
-133.14683497628337,226.09206272316518,7.190222043853461,0.9798343770403685,0.5645149670416882,2.0
-158.47229086793587,-189.01514798351948,5.203777113583056,0.9777072720212147,0.6314754988619217,2.0
-91.0731282238887,259.7881104985111,6.509599204860128,0.9853243246866672,0.6765050546807336,2.0
19.10379619431836,264.0746537720419,7.687277442728008,0.9901809614862883,0.6368014171427905,2.0
-171.74563924876787,-202.56566167164118,6.464662185425909,0.9721131512946407,0.4800650025889311,2.0
254.94313019815294,95.9408508419213,4.728515435773116,0.985658831146185,0.6835278647982137,2.0
35.82483347850845,-262.62816326467276,4.809668604833413,0.9868184701053283,0.6573373043271693,2.0
-235.31151952649924,70.91325006776833,5.6566459914065375,0.9733202539345233,0.5581360802959697,2.0
-279.35318358565036,106.38937239352046,5.911298778034342,0.9828175065960276,0.614623714009992,2.0
98.50762588942958,-178.97535042294555,5.116939527063034,0.9847629629749314,0.6759296182926674,2.0
-254.28141586415956,-46.3624127794614,5.722465188568957,0.9865420976349748,0.656899859060128,2.0
-209.75309004633942,-139.49381756957501,6.302481604024164,0.9801231491859245,0.6051701688490285,2.0
115.09883716121522,-199.7084929843382,4.843062217844377,0.9817762007968432,0.6096654331769251,2.0
-270.07494567610956,-57.334652857647754,6.066732673417621,0.9873425086101313,0.6958144266963846,2.0
68.81076599983443,219.04693586326124,5.961361942579851,0.9718535236199464,0.5348838359560595,2.0
220.78217399120788,110.47476760812833,5.761737584898729,0.987399443058068,0.6494332869641737,2.0
152.84636438147467,-206.55501214624582,4.337279411702258,0.9652539595948045,0.5697988220969009,2.0
246.74787610186277,18.805063097947414,5.243591870298197,0.9876972271557757,0.6957707132250599,2.0
235.14061037377496,-84.80013236860606,5.75824028488844,0.9812086627955874,0.5909186174028878,2.0
257.0656888013228,26.27558798288253,5.182050247366956,0.9818067704372299,0.6533676983683193,2.0
170.00295819373855,-204.79660789412424,5.775417190445197,0.9743076984683535,0.4854079087712874,2.0
-72.11792308245043,305.1617408492555,4.816106392423443,0.9730493139106319,0.5464059441489224,2.0
-259.55890105626634,-0.3616167066797795,6.886720840766579,0.9903696812424206,0.6460767317377185,2.0
-181.50765063065666,206.3333493738631,4.684488995650953,0.9635620027103662,0.48908737007879544,2.0
77.48075144360124,226.0645428142986,5.715152489992962,0.9761481052030788,0.5175250881553082,2.0
224.40698323120446,-85.01311234130876,5.378622852227355,0.9720497296983563,0.5340916835059817,2.0
-41.41826966742656,261.96823240522616,6.678141033227893,0.9837814464660445,0.6087767031448799,2.0
-277.3322591061063,118.18197236157054,6.618234194381648,0.9832450472645191,0.5631939728460729,2.0
-99.90698641080695,290.93858106422584,6.9155008265732025,0.9894518719367745,0.6384381407365588,2.0
178.588155601115,206.39342651315658,5.736722946884378,0.9786689699922748,0.5234560690870498,2.0
254.87704262692472,-31.847537299708424,5.045348734110762,0.9698116170356095,0.5622029222148623,2.0
-253.40413263733217,-110.8560680823187,5.185360355207843,0.9780341732637784,0.5777293670957618,2.0
161.1848445269996,-213.28764352151057,6.847206392253791,0.9872408870854454,0.5914038334422516,2.0
-228.05434975639827,135.73699734458913,7.128539815056927,0.9842515878923483,0.6192283705573386,2.0
205.38809410571892,175.4495680523637,5.538939737860983,0.9859438268169554,0.6355083990491747,2.0
-140.58105473152574,202.68399670313707,5.951168626103222,0.9832272912968463,0.6061140935597402,2.0
254.6525065625046,-140.94742351140906,5.376171026107257,0.9802256001031309,0.5898812427748003,2.0
106.09966762358141,247.3158051917823,7.33492878815335,0.9892879702554377,0.6871107831920248,2.0
268.0526904746813,-116.48070725806954,5.512418422912637,0.9713514766156836,0.5299765537337399,2.0
290.13892861245927,-36.42976029014294,7.754051443308214,0.9821309803213165,0.5666168223443673,2.0
243.58547341644393,-35.61915589804887,7.520605802679625,0.9819942519025753,0.5028547836887797,2.0
76.4385649735065,236.2523480867783,5.012504221146263,0.9846256882428474,0.6365361107543159,2.0
278.86716511730975,19.279920096371573,5.401269228553096,0.9713424528700357,0.5334427558673014,2.0
253.61859960874386,117.32574444524555,6.427900466538102,0.9675799117938748,0.5120000384027318,2.0
108.20009283645045,-264.01707326470273,5.617232605749317,0.983385514310446,0.5587216066052337,2.0
-160.14388152343946,210.38496474728987,6.478378960158664,0.9863620972504553,0.7093327466326304,2.0
-19.142892322811566,287.4985359522382,6.683818691983349,0.9758876017405731,0.5165862402023593,2.0
-52.4324490373317,-263.79634453816396,5.709228699595357,0.9848299056516349,0.5881315404140155,2.0
201.1139172420178,-187.04269015005605,6.670663808477358,0.9763113000135372,0.5094430745140567,2.0
-151.8197140561214,-203.00402150126573,6.061375523625521,0.9875664540830659,0.6468107482893639,2.0
227.13070281451186,-113.50327399740432,5.246066663371623,0.9850407807955734,0.6229916928753161,2.0
-132.69302012683966,-204.83137466763262,6.4283425210342156,0.9753125524780537,0.4979839059540248,2.0
168.68727653679423,223.3857039622179,6.156581421460967,0.9789842046695301,0.5436373491417589,2.0
170.1508338992528,-240.76408462382057,5.612027285253771,0.9811958656180095,0.5900216388982592,2.0
-43.203183715384036,-270.3678729560005,6.046647696079583,0.9725838008919019,0.49006788029529325,2.0
-96.74136326861242,210.7466467481333,4.945141771707196,0.9775595663248395,0.5684283392430327,2.0
-61.936159005192536,-256.8036346214665,6.5214920583708595,0.9804787144762649,0.5288949353924782,2.0
-234.80597131562234,-19.858941906328983,5.962126614377695,0.9897244759150664,0.6712162840782939,2.0
-80.54604565559458,-247.88839557481066,4.779582604511474,0.966950160762004,0.5228385155012941,2.0
212.11470340636072,-152.5134462220983,7.692902670576559,0.9832129883266575,0.5601537823059772,2.0
-38.12479769361046,273.5316174531806,5.770856803575641,0.9802275634993504,0.6397107132785863,2.0
-204.9759981458816,139.1212969683368,6.585878888030738,0.974542925321143,0.5065449926337887,2.0
-43.568087241529796,250.93815475523937,5.059035791070853,0.9782541156401495,0.5806129188377529,2.0
-267.09308269150705,-11.627542501670208,7.080443649202711,0.9840732854105592,0.573117624044646,2.0
-247.02163088217898,41.98350550919843,5.55150063376525,0.9759222188390275,0.5546501062531103,2.0
58.29566736000716,234.3218229855656,4.9913736784292375,0.9578265606037865,0.47546330460810055,2.0
-148.4648431887647,195.22059956288078,5.191218841594875,0.9809692251599302,0.6012457102183294,2.0
-258.1656485357285,11.882243648814223,5.726300390509384,0.9792124109822872,0.5245761306096162,2.0
211.3453603652012,-140.66633016252106,4.58806342781159,0.9808430251954025,0.5990160469872383,2.0
236.01891787688936,154.54731441752972,7.41888705093457,0.9870206240820129,0.6387813872059431,2.0
-300.25480158613686,27.571129822763474,7.298780002944136,0.9853723429143888,0.6755156549838336,2.0
-260.11917052958415,102.1801349151388,6.3744126501391465,0.9892555198345417,0.658961820629757,2.0
200.104967602515,-207.66761887419818,5.9227833984862475,0.9772708109486009,0.5642872785716017,2.0
238.5056220603104,34.29295511995016,4.768109682053068,0.9839019255849157,0.6690902242013225,2.0
166.67264818834462,-168.49359317662496,4.324563493877087,0.9849974748289366,0.6247805089733326,2.0
259.8175119938513,-5.886294665308937,4.927096419588779,0.9742304744416559,0.5711984389075697,2.0
-174.9549067853953,-147.00919675716634,4.424662910578306,0.9758134039395313,0.621869696864803,2.0
253.40352758046777,-40.51681654369875,3.847287410731701,0.9798072152144661,0.658679470717722,2.0
-211.307095597496,-168.94602989690807,7.085196430423546,0.9841898623593567,0.571515501816495,2.0
-52.71611377448468,261.01895042409774,5.043877938214661,0.975012359783867,0.5539752342197047,2.0
259.6301430946321,4.000199814122441,5.394062583503661,0.9821961369139297,0.601885006084373,2.0
179.8027490874501,-197.6509256323074,6.8038482304678,0.98144263344742,0.539299970908664,2.0
-33.168768327938125,-278.0940596634823,7.226100825072926,0.9802258268753878,0.5479086806933144,2.0
164.2497670523138,177.53771671870695,5.4467140169062835,0.9854471050518162,0.5821566727067062,2.0
-242.74376853912628,193.81044860094045,5.164688405677438,0.9821923894563044,0.6041577150025615,2.0
-114.893075975855,258.5225970078667,5.4272916398081845,0.9872254099506009,0.6979646160396309,2.0
-260.08078995266715,-20.97403817800859,5.267519324012323,0.9538953696246656,0.46056003475568463,2.0
214.81501806458985,168.9756092623766,6.033642617613634,0.9778924943796916,0.5316551632401508,2.0
48.76793980119065,103.57620451028285,4.587646445616284,0.9749097076595123,0.5958856558031932,2.0
190.607307682443,-147.19890719954208,6.488798658444482,0.9792991128146827,0.5807720696216154,2.0
9.034843177640926,-278.3764898874265,4.901679195628297,0.9722520292453961,0.53871514436796,2.0
-198.67368168529973,150.2551051481423,6.783519945265518,0.9810921847235272,0.594886850576688,2.0
-298.3133278650113,-78.54959185132826,6.692472571661174,0.9892648820667375,0.706927510911822,2.0
-278.95381230425744,-8.147910894948179,5.802749996978382,0.9824846158524805,0.5835495655223023,2.0
-254.08232915279285,-100.27860930593674,5.647045365533742,0.9866683860615525,0.6652112492050284,2.0
11.094979168158698,275.67418475594076,6.703310992508673,0.9827181351826257,0.5655179744552605,2.0
131.08973213293385,-259.70362077063834,6.0757266005178865,0.9837654461340752,0.5660086629941458,2.0
-187.5214878699932,188.86641571039425,6.161982469268063,0.9876706244561756,0.6956121973972247,2.0
-9.245448352416284,268.6944404926164,5.850777798355239,0.9858871343706129,0.680539037748793,2.0
247.37631449633037,-49.42460401103061,7.118412236473372,0.9918282065524733,0.6546552727808265,2.0
254.47529373757234,-14.469052670336762,5.3000246111241625,0.9867631290941222,0.7026219634673404,2.0
-52.939168161851086,290.09247652415013,4.640108501134644,0.9782483957408993,0.6404283545958834,2.0
55.17020827556816,259.45439285656715,5.376196191637183,0.9810110560976534,0.6560903068851972,2.0
123.02851275618205,225.28639530065874,4.579640370573862,0.9650201537707799,0.5044032108410349,2.0
88.41972321596648,-257.28876087834715,7.6557721074564995,0.9872125549516533,0.6035914807799366,2.0
261.2836064167803,71.57912631214775,6.026756434530902,0.979198600487625,0.5318347952713439,2.0
34.877347791449694,250.25558237607424,4.8002250539105615,0.96921015408855,0.5171587643930309,2.0
-261.5115138185289,79.12760339905468,6.529443353439167,0.9786254700450103,0.5252741020403248,2.0
247.495765235346,127.08493470921357,5.889019334783139,0.9737139545793609,0.5532155809636848,2.0
-1.776818927589894,-262.1612481789979,5.571298909832739,0.9896822559664866,0.6879265475710566,2.0
-93.97351045138642,239.98161507460304,5.943076529901352,0.9765704411609173,0.5222939382874939,2.0
-203.89587325621443,174.32452807751343,6.867871944204584,0.9889568550123056,0.6280321120494454,2.0
232.16080460869222,-162.0137445308695,6.186382484452932,0.9888874295328601,0.6244980259949405,2.0
24.812056501839223,252.09208722230184,5.865508478571938,0.9748853077845478,0.5576850622271384,2.0
-247.92431491791817,-126.08178693309904,4.956102969840953,0.9828689539768409,0.6761790161449532,2.0
-253.90502477396797,34.01495994168831,5.501391838391529,0.9810486988124666,0.6612185307587821,2.0
-124.99327909130338,215.82076518509442,6.393454443129412,0.9792070211701518,0.5264303485108671,2.0
44.49901556518562,252.65486590165168,5.519183689645872,0.9818588297529222,0.7141226037836613,2.0
-189.75217479097546,157.27218899902425,4.959568289987102,0.9809237537802736,0.5894523346261957,2.0
-201.40513578941537,-189.55030734264648,6.9438999205695335,0.9834035914185949,0.6759108573575728,2.0
267.9096558168527,21.454544350766078,6.314673921411071,0.9802337023223331,0.5949724016333191,2.0
258.66003980063545,59.62532299543541,6.719954253585026,0.9851496588984875,0.5853988895252595,2.0
174.68543417918434,176.9014372394564,5.263728488405482,0.9915663424323116,0.6916587234863363,2.0
133.31555463171617,228.18257659175214,6.567342013123921,0.9821002931844729,0.57684374029287,2.0
65.33424461741832,-251.8542633111141,4.6396517196182385,0.9774014169903928,0.6278589866990506,2.0
-89.04471589722009,249.10615843263417,4.765441214104034,0.9736546763882012,0.5433055314925053,2.0
-278.1862516722656,65.23038134259488,7.182442939534949,0.9789344266631109,0.494294332002677,2.0
-121.43671796520466,-210.41059245433738,6.660898264497332,0.9809907901293398,0.5901054486445395,2.0
-265.81289797420095,-46.34697101382106,6.1497889967701544,0.9749825978443799,0.5682393834130607,2.0
247.15619101842492,29.246443110594466,5.498712820285015,0.9776087254753271,0.5793859768646725,2.0
-226.38463874831203,-154.1477715845082,6.217005527728558,0.9881926768360249,0.6361724270974101,2.0
-114.19994174371384,237.54736194381655,6.152788560926678,0.9805623299725605,0.592796762406695,2.0
-51.06205440936259,-252.79020099182426,5.538710400917433,0.9829600198642736,0.6690536556439048,2.0
-259.86689798427057,-53.800601820606076,3.692856566737917,0.9840447670222359,0.6739761203804798,2.0
-87.68409133593845,-255.71289707889122,6.05899507499153,0.9923600839965595,0.6678232203380506,2.0
-98.79347714863604,229.36049220215622,6.21240630103139,0.9778175376554775,0.510407155010481,2.0
17.669363245783742,239.05798486016525,6.158765489952245,0.9847208245546056,0.6656740520003993,2.0
-176.13522817327305,186.45075690286276,5.131806676943841,0.9797586322114039,0.6430358892541801,2.0
31.744022415172093,310.6306413917359,4.8054945890977985,0.9788014332044007,0.5728788919721342,2.0
188.7682924262192,211.86211956803692,6.233943877047952,0.9794386439310835,0.5821862359446633,2.0
-62.50956815121312,256.6548704841013,6.058853051743582,0.9896767023696548,0.6675109590006171,2.0
267.06127342331877,-13.570805573704245,6.206390520146572,0.9796167972672329,0.5907709945305795,2.0
-188.60014675911188,-193.7291608870413,5.503825684445696,0.979626034172391,0.6477929560887186,2.0
94.70249290490125,240.21951564250946,6.267532433195709,0.9790182572810765,0.552643807646184,2.0
17.653242567805343,-273.74664321054246,5.162676553918509,0.9859319477779531,0.704082815482256,2.0
267.88117142090454,10.203574801456925,5.234960572727535,0.9872351008118554,0.6480469738973076,2.0
-79.214609130785,-237.90437229774946,5.605369951989288,0.9840299899309187,0.6143908847710343,2.0
76.37289448711866,-286.7694755876137,5.4981976425349215,0.9895882622458865,0.6658711280431073,2.0
-278.7163295072513,32.97224623784656,5.675746235941582,0.9858168782760688,0.6384369770428023,2.0
169.26865644664204,261.27847008002084,5.6820388863822116,0.9797983972800712,0.6018417121664206,2.0
254.79613614501642,36.79384638824259,5.851012121535452,0.9736921649365725,0.49107409499024945,2.0
-72.74121115789306,-272.34576607561496,5.742137765714107,0.9800124373132006,0.535139788955162,2.0
293.58546289702423,47.96331634928458,6.342295663141432,0.9720267387855586,0.4718186236655123,2.0
222.54439317965435,149.49762553677962,6.147412115277716,0.9753126060069205,0.6146811505533698,2.0
177.1938004738266,86.15648044619616,4.368626037918146,0.9798660449228935,0.5902387504818555,2.0
-263.9156091237498,-72.17570599669484,6.450809279623767,0.9871721160956152,0.6479001427086725,2.0
51.839251147438276,-255.07558424153143,5.761505956024298,0.988588231445298,0.6567187586773999,2.0
-22.19961027812056,-250.20688682763063,5.2267536614978285,0.9848023464465528,0.6774693830939171,2.0
130.2156307550278,-223.77856303375947,5.325477792762818,0.9797469253164616,0.6007166363224897,2.0
237.07363827989258,-134.02331383227892,5.662751444807715,0.9852477905770769,0.6469580830927313,2.0
-49.635785515803626,271.54178419253503,6.4067355068138845,0.9799431384208229,0.5332761554601305,2.0
239.9220767822693,-172.60054465833096,7.23989308479213,0.983624703293007,0.52984630562269,2.0
-232.24247250516376,53.00935598050477,5.25806328804434,0.9914536703351023,0.6875238521474017,2.0
-230.14186303671795,94.57287991573507,4.572750380668953,0.990212026364973,0.6790674494144426,2.0
265.60856944381015,-33.70531992506356,6.404190366579451,0.9754687867096588,0.5013943813193776,2.0
-149.39323550988152,-276.42030982368584,5.526895992977482,0.9799029133055512,0.6012053437542632,2.0
168.34728762726704,-222.6773779875935,5.310104263086532,0.980661955380388,0.5824017703351669,2.0
-237.5379888095311,115.02066844022208,5.98968044319237,0.9798986043997922,0.5368221085105167,2.0
-284.08239742260594,22.475155476750313,6.256804380643488,0.9884734088257322,0.6412713536132021,2.0
-70.4417359646881,266.2943247257199,5.0955662547874745,0.9885393840618303,0.6948923993934,2.0
205.11671645678146,165.6030456331465,4.698586784348006,0.9583904652184128,0.4685321211242156,2.0
154.99219474785332,-237.08693102056336,7.068821580289582,0.9809340296253426,0.5936146581013138,2.0
-274.9341125289957,-136.6404954765472,6.604708196161308,0.9899117395242574,0.7126705318437785,2.0
39.48905498406262,-273.27596708631194,6.596074532514924,0.9889953535329481,0.6723800192977832,2.0
90.65063326543446,252.39754150232875,7.278726835873964,0.9793137731849051,0.5491897519637492,2.0
-161.50889319157264,-198.4274410942305,5.0721215563335145,0.9816494693328467,0.672492201244217,2.0
-244.8209836368197,-116.48665534491406,5.37743148368298,0.9857427809517086,0.5989377208244608,2.0
-238.51249035764872,127.35932519570089,6.813165388196267,0.9824542914873616,0.5503111241541793,2.0
-263.51614473881494,-106.93913953468189,6.209391662257115,0.9733701846316652,0.4905210867631442,2.0
-225.5173230956495,-128.6319086613102,4.948555745727707,0.9709921086808554,0.5657784097005447,2.0
-223.57784500918893,147.82916678595694,6.0629647611115125,0.9834610723473843,0.6082160505224673,2.0
-67.9509684612906,-301.235340075637,4.967177220726096,0.9777447827036531,0.6353676080409588,2.0
-240.42783309379794,140.2079074975762,6.582832892421572,0.9832863419183189,0.5761509810525148,2.0
-146.84468532567726,227.60558480383395,7.200503658621057,0.9864060604957393,0.6015602911715671,2.0
-301.26763232463986,-5.0386456459219495,5.949033975603141,0.9822136780983044,0.5664618562649699,2.0
-259.6044798887967,59.21739895909465,5.610260219622414,0.9813185863507775,0.54857885934513,2.0
292.4974790033407,-61.807768019043046,5.7504548061515965,0.9839784937139991,0.6198457654707306,2.0
-282.09166314798614,-77.8458883064101,5.498306135445409,0.9697426638757284,0.5227911592807497,2.0
97.55577644650107,-266.17575670351584,5.546209419711818,0.9872264231055885,0.7005736753651645,2.0
-260.6751680338595,-61.85478446160592,4.617331792340274,0.9863928674197823,0.6856985127941876,2.0
-293.60058404947034,49.72873384417683,4.813454258973017,0.9682761351796333,0.5242482796780186,2.0
-109.58666249302429,227.65720090824925,5.184261628690575,0.9793885776014868,0.6392567351610108,2.0
269.27792401278117,-73.45797206967758,6.876024111870578,0.9835733252044144,0.5579511277650611,2.0
-264.7718717548434,-94.7751541131318,6.64724854798356,0.9787278051043595,0.5226761749587283,2.0
-47.46854808603639,282.4776751505221,5.047915963487655,0.9811991512799829,0.6489446763201651,2.0
195.8114065457002,181.85871757663264,5.72539382663439,0.9833646479747682,0.6637301326343125,2.0
242.32571819307228,-78.07437646378317,4.476881788076964,0.9740385537174513,0.6785090713822587,2.0
214.0379798696681,-246.045206369574,5.659486497444844,0.9860334229721095,0.6399704343397215,2.0
-197.05833798619284,-202.0576901738258,7.021850971086151,0.9644935310264747,0.43247685988177687,2.0
241.6548734302779,-94.09919946464876,6.076925081638266,0.9804752544633144,0.5884558554726697,2.0
-69.07825869879278,-238.89519509979218,4.898619299028048,0.9866916094690731,0.6404393093037987,2.0
15.050014597974448,300.5950991234906,4.908365653236183,0.9704844062060357,0.5395682107772825,2.0
-209.1638774265362,199.20397026316573,6.340258651850385,0.979567394969365,0.5797244473574631,2.0
-218.56477973643132,-206.70599116469637,7.072454178328002,0.98640920566734,0.5949363773553102,2.0
-239.51001588554766,92.34437789510707,5.268680747489251,0.9788434354926252,0.5801437456736428,2.0
158.82776587796485,216.805683723443,5.934695833390523,0.9866164677114201,0.6211794765333103,2.0
250.62397417807844,68.41548751627569,5.378032650051455,0.9893457623171058,0.6645660881360022,2.0
33.622817314790126,280.78483890680445,4.821560238349296,0.9837378562147426,0.6358612503285231,2.0
-103.37660900585107,258.5348915745363,6.43255331803064,0.9792399020920457,0.5296456292167993,2.0
-129.96164444261078,-234.4423387727779,5.755078860309236,0.9911600546269064,0.7252147667566075,2.0
287.33833914676427,-109.94269591722909,7.0019491919793575,0.9827532979366087,0.5559656622069897,2.0
-101.54232021342628,-271.7193928282641,6.801499229734839,0.9885167756716766,0.5935080497641304,2.0
-136.9954838899131,213.8706684736607,6.205539555658778,0.9758808042767264,0.5563180835276447,2.0
-105.20497624701433,187.9691187521222,5.052051876788918,0.9717249069635551,0.5962553688511003,2.0
328.4464673769494,112.81664642933586,4.845494288843707,0.9715887246495636,0.5512094155430372,2.0
-71.21786099152966,-262.4008784199154,4.777609483778859,0.9802577423659837,0.6620189720253896,2.0
247.99001773844617,-132.49611587173482,5.849161542347583,0.9799693602893678,0.5921514603681027,2.0
-97.6900698188752,-232.20825989414809,5.74866176580486,0.9786931356542682,0.5866042031818504,2.0
-235.6426192760198,-146.0279360021623,6.278670148304282,0.9762638813216934,0.5767593101138531,2.0
209.18003431765678,-165.5057531800476,6.258657518333892,0.9803514421237588,0.5919877008418054,2.0
45.47876613157553,-263.6581336781961,5.230741771520552,0.9761046133922182,0.5597103134183717,2.0
-167.1357631795171,182.62743972489534,5.065471368668844,0.9718224925752921,0.531587943393152,2.0
-278.31529033715253,-47.55164002127692,6.998654000570472,0.9815852204981371,0.5594426565459661,2.0
-178.92429094706176,196.5831165110437,5.875188866275879,0.9743106096062122,0.48576237433121616,2.0
289.6389235346527,130.68165390279609,6.002274070098342,0.9860568085627957,0.6348339447139809,2.0
-19.843946557549128,263.83301260770565,6.062598143649293,0.9724751936289864,0.48858110372802893,2.0
284.4717355685212,89.33509110084202,7.0474692793643126,0.9776621168901791,0.5485815072145346,2.0
257.83317234479426,133.84590079210486,6.79691373909849,0.9901434344850158,0.6842610504381585,2.0
179.37181112360219,-175.4955358903309,4.354910853064232,0.965326751848837,0.5012182914496359,2.0
185.3382673195676,-226.53229211738093,4.812752395851878,0.9686117201379946,0.5218033841668545,2.0
221.01154129688626,-195.63953599451776,5.670515898088404,0.9848945241525981,0.6731151765484785,2.0
-284.1808940929275,43.5803207602392,6.682462272833227,0.9837708469610812,0.6206722829978233,2.0
-273.09731662832843,76.85023209573471,5.594130772217883,0.9824749914548715,0.6153501782563885,2.0
-114.29241745991595,-244.49271578339616,5.247885872613012,0.983526863426066,0.6216803200367146,2.0
-126.31869984660918,237.23430908542167,6.621990944072243,0.9725550825796492,0.4923427630844514,2.0
-80.06163175982998,262.7894272921329,5.405567588031471,0.9775731532955726,0.5765746173715278,2.0
238.09231072049462,179.72443593105967,6.676227334791178,0.9883879381671179,0.6726456276559188,2.0
152.7422377232315,129.79505303026514,5.192308143310603,0.9697194473999298,0.5879125528892353,2.0
115.04844114462578,-273.91529588300637,6.597593201419417,0.9822753182549592,0.5711223134909952,2.0
248.60466946630447,-101.58733579056526,4.423089818841242,0.9842358716163253,0.6305191924605977,2.0
205.21446083316707,204.87216410050186,5.109879549506746,0.9754752987144483,0.6359864343352636,2.0
-21.31949341551139,-271.03364874491024,6.754350242812729,0.98865585304495,0.6108146457634355,2.0
-220.3087898622179,-136.73261175306507,4.740470969182612,0.977749211438945,0.6808642687469566,2.0
270.37311915974857,-44.63762166913523,6.169176251808374,0.964650987218705,0.44499620362625036,2.0
169.6718768582322,201.80160258727136,4.771100127694485,0.9694186202036044,0.524628706235865,2.0
-265.8022696012079,-158.20943080207093,6.470429805452063,0.9827640841763827,0.6059089587297488,2.0
-142.42697989793865,-222.76383982773953,5.953462555561443,0.9797434412019442,0.5804343247644759,2.0
-269.9284664508063,-24.617354899167708,5.593898387484518,0.9874876752033789,0.6468204950462717,2.0
229.17627074308888,209.25389303844787,4.795082020780571,0.9787843059037231,0.6381213813312716,2.0
228.06063368813366,129.52301670698904,6.590050734698352,0.9828296000249889,0.5559935295313945,2.0
-276.2133990932692,13.592309398842126,6.133971959236576,0.9744669728878131,0.49289791703535674,2.0
238.96524017755132,-153.16709824312696,5.052482406172757,0.9780437218783274,0.6574787819410981,2.0
216.85603472246112,-173.34798212888728,5.068434539076744,0.9820447389726712,0.656233247453327,2.0
252.2009968714183,-93.22637888446084,5.005975944354644,0.9689501018490316,0.5194374005454592,2.0
83.75391394592282,275.1450902964181,5.0862793249349325,0.9747015051461829,0.6231322400082816,2.0
101.37650908904615,-255.08016205013243,5.935003759852908,0.9867775010876922,0.6876506706112876,2.0
185.35309462074633,178.10547133192875,5.72539382663439,0.9717184436290547,0.5518500114781008,2.0
-182.61393606881572,178.80634320703152,5.360474457964606,0.9782640338160654,0.5779043713918998,2.0
-30.9924035893245,292.8249233448136,6.812836102883964,0.981880307991258,0.5938037934841345,2.0
-221.61046369091932,-186.84939445753758,5.349340352195599,0.9785406141702265,0.5890269730403025,2.0
251.81830667112436,-72.83751638224359,6.134321453524901,0.9860514479030781,0.6300055186043635,2.0
253.052136992931,105.77842432370498,5.702998319510573,0.974576494091218,0.5480307569965972,2.0
147.43432222489992,-227.3933491715172,5.723423015023449,0.9799233628499673,0.5352807322189534,2.0
269.0960736281432,53.26600806926489,5.879946007749333,0.9814408318572825,0.6551736892729053,2.0
-28.561770328447,280.5096116470154,5.5008008623714115,0.9793402129994624,0.6372851245671446,2.0
-157.73968449011448,198.27873605356933,4.718907829811944,0.9890588171850434,0.7158491832292292,2.0
250.3649664429466,-153.92544114911783,6.73152555222475,0.9863681454496682,0.63972942756492,2.0
119.5594278547308,-262.511996875039,6.254103986778648,0.970973722273172,0.4682429201739777,2.0
-270.1773398717745,88.7178255231297,7.0697201196873225,0.9801852849505965,0.5327211543030014,2.0
-36.524117718647084,-298.9849578628763,5.366481861188785,0.9760873223132976,0.6283575061157469,2.0
123.29357339331331,-252.91467605884344,4.496784464393678,0.9821263615675697,0.6627656816825312,2.0
-161.335695465524,-235.93944699901854,6.988269500560204,0.9849986681746695,0.6476501374579862,2.0
41.451945473558155,-254.90015523990192,4.809668604833413,0.9867771071677137,0.67142638695196,2.0
66.1890657725845,261.93022571543656,6.153560754720382,0.9904397708103844,0.6762274816308386,2.0
-209.53769067509091,210.95577513678285,5.866540032867274,0.9857652580704508,0.6491308177313877,2.0
-304.5769225438492,15.407390195034386,6.068349831271189,0.9867940109552459,0.66346199611738,2.0
-81.13727112641453,-265.1316233127545,5.608043960109166,0.9898174130157154,0.6293895404059995,2.0
273.79332155978324,-54.90214765154207,5.137570969942375,0.9780892652766691,0.5878936263646672,2.0
-120.08272732309113,248.3168345033098,6.412805731093101,0.9825150749139449,0.5540740049794339,2.0
-62.41303892555934,-268.5274970814084,5.6076620370775405,0.9851325021817927,0.6223742551598833,2.0
-202.37231787987366,-161.45811522389752,4.941338766954059,0.9833810159066425,0.6737066144767834,2.0
120.425638003858,248.8587980097125,7.538769243007487,0.9847156585397832,0.573439647821932,2.0
-246.52679339200787,164.13131501374426,6.088219306151853,0.9929509542504622,0.7219779261883941,2.0
-131.15086940531558,271.0083636977156,6.352766754777723,0.9780484419342462,0.5274500756476365,2.0
-143.03119856195897,-211.00226892366987,6.198252401247553,0.9831152606433201,0.6365194389240664,2.0
-174.99283383913394,-213.47215813789848,5.475413887926314,0.9725230320245675,0.5380459941490219,2.0
-103.7995204705637,-241.84122031887813,6.004643952800073,0.9856722139045594,0.6273750164714912,2.0
217.38163116835514,-134.30328705909912,4.476121830730246,0.9853296952062515,0.6899288227483082,2.0
139.42635385205216,218.26508059076608,5.258937693354692,0.9874997797899354,0.6452183105071327,2.0
-179.56352836306422,-195.857522467786,4.169109019431758,0.9724666602369116,0.6009252281208248,2.0
-0.21960087481802787,274.20322724928974,5.20854924399781,0.9707073628006573,0.5251671323465,2.0
-60.356128541135746,-244.85965008178093,5.952078884605923,0.9827277453989308,0.6070958801364538,2.0
28.673552507057924,-269.1785713627269,5.157248265349738,0.9867355787600001,0.6911602147223024,2.0
-236.50982763140303,202.39832413566552,5.886867567881342,0.9794814936096637,0.6369358504643391,2.0
148.61513203906517,-248.8021797627154,6.951351298192158,0.9802566353220219,0.5877032395900017,2.0
253.1163109552722,78.35792164558805,5.014974639793684,0.9847749718246924,0.6323749224437053,2.0
-223.23746185914226,-165.2561802925401,5.790579427065084,0.9774088066967861,0.5107647161010891,2.0
29.78434047674171,-300.3937600193454,5.859907775587107,0.9777475853870452,0.569688309984427,2.0
168.41599755501932,235.69969249275437,6.299138727137421,0.9783479451078492,0.5317420687169568,2.0
281.3816135621305,174.70614715999233,6.187578846948617,0.98430268328979,0.6786358069210419,2.0
-285.72235881350537,-36.88666965849706,6.641334715911847,0.969138597884659,0.4673090820726387,2.0
-222.3484024416483,-63.340208758806334,4.98696780766487,0.9847660231212393,0.672018651579722,2.0
209.33431104661153,-214.59227644099087,6.1571874434564275,0.9836860367066848,0.617592438971996,2.0
216.42732660108408,-45.27859079720644,4.8367256470894695,0.9733091036955124,0.6090057561973744,2.0
277.65138722782456,58.63370521078866,4.785935880490029,0.9643820259272095,0.5009761294044959,2.0
-219.45520937366823,117.80367154722566,4.45271731766694,0.9880196041483269,0.7151001137544197,2.0
-42.07333011921881,-259.13783461815257,5.9051544775476135,0.9743109814102067,0.496315386885453,2.0
-179.93907712195934,155.98950808408878,5.232538456936626,0.966067842131251,0.5162724792005933,2.0
196.56263334791876,-197.50856634380997,5.3911985421085715,0.9650845016544923,0.4993552693295106,2.0
-113.30378763358928,217.59090384203543,5.991877749620434,0.9803658911818649,0.5406561795178718,2.0
-280.71826855505157,-26.05561124472432,5.642386904404109,0.9862704778534931,0.6454270409252484,2.0
-228.6183075021515,121.28430014099838,5.123755219141083,0.9869534125296485,0.6878545761940589,2.0
263.44027578100355,102.95052716620995,5.493110723833871,0.9852067816579974,0.6379014324825939,2.0
-184.3695153976526,-156.8021523233797,5.280490486112581,0.9816578321963118,0.5998486677841656,2.0
157.99043047133958,241.39060204316684,5.91313879100022,0.9833978501990968,0.6621400312986627,2.0
280.1515763962317,-65.03601944789132,7.305317503696718,0.9898864843214082,0.6784831837360614,2.0
45.54247585180889,-283.91620016482193,6.08420046874985,0.9903774838683093,0.6859335698623635,2.0
-255.22726353876905,-87.05733818871047,6.079672543072728,0.9784543322807503,0.6323751905310602,2.0
67.08719958088555,-280.84241543260987,5.2140386644201255,0.9821583174195753,0.6883263937148343,2.0
-266.27479829647166,32.770788608045436,5.463200233896676,0.984196009325294,0.6694210261470648,2.0
107.41618326003471,-244.21669421231059,6.170764922883438,0.987504878431438,0.6542552159738488,2.0
258.4819568223587,-131.58331711596364,4.948917089096387,0.9881454485906319,0.6970324741993069,2.0
251.2344528975854,-166.79475363236452,5.6381426459117145,0.9866719140954521,0.6383233404674274,2.0
-12.085784026167696,-278.0409923542737,5.143548630682992,0.9741970436257413,0.5519955045561579,2.0
141.96192844057364,-237.80137802449366,6.420176730612748,0.9785200753594723,0.5222904799395625,2.0
186.47703323308053,189.0477818801834,5.9481256809308585,0.9774858210874158,0.6261501803011494,2.0
101.16890871430424,258.575849096054,5.491443858937014,0.9675396808262918,0.523602035489727,2.0
179.49003178779347,229.77174020033164,6.807903531885194,0.9774951514295173,0.5094307548451719,2.0
-189.6215851514106,200.40733688513458,5.8310206464704555,0.9812669667459394,0.5489777113222891,2.0
229.31963192509994,-62.52928644346741,5.055588319901844,0.9826003445163647,0.6942689380957806,2.0
249.79104930267712,-83.72230593839369,5.306575688427749,0.982829764555625,0.6583827446675509,2.0
198.38990396528726,-168.190026668332,5.332196128809641,0.980235630984088,0.5948762784274032,2.0
260.6308342703529,-23.134592443329954,5.764945710785742,0.9819200194428375,0.6120781236596696,2.0
-44.52410875671678,-280.4503153141718,4.6360253232824,0.9720586232236005,0.6013142520611563,2.0
-254.58836454973334,155.22529325691687,5.959720844326772,0.9839352908094143,0.5890179806747501,2.0
-297.82966048403307,-90.64521087782695,5.785209539727067,0.9852025884077297,0.5974876113838051,2.0
20.86277425426102,-293.398575633108,5.953733599689176,0.9810165048412484,0.5480416460701557,2.0
-174.74535658711665,-235.46547916018866,6.939702517380582,0.9808159834747012,0.5864430939769143,2.0
-149.1000703253611,-240.08898460159776,6.21344753874726,0.9782260721337979,0.5773607922860594,2.0
-282.86585412897614,75.55216852446817,4.693485486465253,0.9639270829640129,0.4964942245535426,2.0
-265.7776950133241,119.9229807168373,5.343003256119895,0.9783339543711628,0.5711311814855795,2.0
-247.72346896254214,119.63322822267067,5.639605247845035,0.9791070498729149,0.5775479548652325,2.0
-269.02880223362115,59.06022316662111,4.20433922241997,0.9646978475788347,0.4986078112842768,2.0
237.43508644533298,123.02190337473837,5.347204174183166,0.9745677572818108,0.5641468239755082,2.0
139.04092158986032,-268.2215099249151,5.954222986863367,0.9749866216680583,0.49027351931468127,2.0
-98.11054656219278,249.30121536557985,4.621314834507404,0.9783438968491736,0.6308408847414122,2.0
-137.56048400051864,-244.42042957325734,6.623192395360335,0.987444771038964,0.6976822568223724,2.0
263.1703992404087,43.996575163509746,5.763756230850305,0.965764787045674,0.5009949236338459,2.0
-10.040162398092077,-290.2311472497894,7.528447552677144,0.982244398108831,0.561438008560344,2.0
-276.29144188781385,52.6655078823724,5.931273310650034,0.9788836611631363,0.5335007132304046,2.0
279.55742454240993,162.79192115888713,6.182277733802136,0.9848779935619472,0.6458720291577222,2.0
-193.5222199862735,237.01767922406847,5.943403364475284,0.9655594488493365,0.5016931629534895,2.0
265.5113977443965,32.93644674081456,5.971999134724561,0.9742583766858919,0.4887845588910685,2.0
-286.48069895373663,11.931927631355654,4.733468219579912,0.9742791732501378,0.554927556316354,2.0
-250.63792855324587,77.70691139391494,4.936573890043381,0.9743235177178742,0.5488727662802108,2.0
-79.14188313229019,274.4725013698591,6.847549328948483,0.982772199980002,0.6318559407720682,2.0
-291.94870550192024,68.08214425429907,7.430939721011262,0.9847301673835683,0.5273130915501771,2.0
80.23351217750476,250.43735937148864,3.842008319551564,0.963181168374045,0.5228568625535849,2.0
-18.70492141462825,275.3126189052601,6.10883429484658,0.9712671421014244,0.47319210595758177,2.0
-288.78993049243394,31.860608263691294,4.715571173267788,0.9797881854577496,0.7071343430544723,2.0
-275.97491653260954,-102.65178382855171,7.413532248271067,0.986008907727661,0.5795482172563977,2.0
291.6046694374651,-8.087352142441624,6.510278847396963,0.978827442291277,0.5213428996476672,2.0
2.5793167133093946,285.0142512773245,6.340291884703468,0.9820598550378247,0.5447642689585497,2.0
128.81995641204514,298.2850350033206,5.328668039858474,0.964064113752887,0.4931421401615319,2.0
-261.0756195360799,-145.81972469155554,7.018406542823562,0.9858169189160885,0.5883638527674184,2.0
-196.32084356969884,-233.19958319298237,6.6377022405037165,0.987874877720837,0.6213119877201748,2.0
137.76752808044688,283.1687354165547,5.3548810481852716,0.977375149056836,0.531502197783684,2.0
-291.340105819461,-47.938616334524134,6.251538221829021,0.9884636789176453,0.7056557847110835,2.0
199.39186339462418,212.6577443273285,4.737196820378393,0.9855518514388483,0.6855833966298244,2.0
-243.9691781206611,-169.37418519985798,7.902442803614805,0.978663049705877,0.5467856784319947,2.0
298.6793177994378,-27.397992727488692,5.354928548068412,0.9651296803709718,0.5142498806025532,2.0
157.94481463293323,-224.78351436485914,5.385035883688695,0.9917829430297399,0.7179991749345908,2.0
205.71930140121384,185.8103102729912,5.256983478915739,0.9730843521949281,0.5397763235745107,2.0
86.05963714629057,232.69738775254118,5.350517673284201,0.9896676871662075,0.6265492531432307,2.0
-186.63633396593363,-175.37592637909916,5.061691752527749,0.9886349796451027,0.6999672752515086,2.0
175.81174488837493,-230.9135387709147,6.088963524946738,0.9848999240258504,0.5746225148619357,2.0
-122.21494257185506,-225.15607174302403,6.575934881510296,0.9907650175886166,0.7227639853149601,2.0
-219.61711422091082,159.4075756886833,6.648927873668558,0.9841369624558758,0.6138964859063117,2.0
135.59639024716424,-248.4923374705554,6.395288920588274,0.9896605754093364,0.6765726932962953,2.0
-206.1144465124025,-211.33146436436246,6.724468192657079,0.9755001872127973,0.515152837129015,2.0
43.96972725787559,282.48059503603247,6.001269886727915,0.9854219047837214,0.5960154308085397,2.0
260.32637255592823,-66.17657230223931,4.96175186459503,0.9858137642300939,0.6422747009575107,2.0
-211.41533308647743,-181.96073600748005,6.1526405772658315,0.9858682264996267,0.6427063627784395,2.0
264.04151866485,92.50633940053731,5.20343725881475,0.9916832567493497,0.6870950257430688,2.0
-90.88039289057413,271.7593976429423,5.850369934708779,0.9803910776988237,0.6487541565104779,2.0
-91.73905979889324,-222.0977642969182,5.550418806434608,0.984524987447439,0.6191832049023261,2.0
-106.14535146676798,-260.567262199963,5.7133726920981065,0.9762953063005886,0.5544767227677805,2.0
53.84913712313978,279.0418554184742,4.67933273248057,0.9855274677280155,0.6360572991142689,2.0
238.83871801241173,133.24173959900978,5.235343657410929,0.9735498779321238,0.5504869679245928,2.0
178.7126287254272,217.6162564376914,5.92803833973247,0.9748647730800982,0.5376064378380765,2.0
-271.1863033818586,-0.8606974444729116,4.9042513965624925,0.981700922278306,0.6276285479430666,2.0
-66.91519744571823,276.4912753947446,6.061545848342595,0.9802436296467142,0.5348479673096008,2.0
-271.89708538357354,-115.18221070715038,6.13061323315235,0.9768537349115045,0.5062088251537455,2.0
214.2561417956816,-184.98672657886888,7.31344431707805,0.9854447076201437,0.5899792597038945,2.0
61.74263623125988,251.61034698067587,5.407560011903237,0.9715515894738399,0.5325321940982399,2.0
263.51281815379593,82.31439941261715,5.224254102484002,0.9836205381074679,0.6180922904225445,2.0
242.4708349808009,-185.52175342406804,6.5729490701923465,0.9751589546665668,0.49946673914787953,2.0
28.937485103754383,272.08334522915084,5.280384710527553,0.9769081696364503,0.572289383117647,2.0
77.31775672574864,-264.26168555093545,5.959883551455417,0.976904885860005,0.5644227144222657,2.0
54.80327008878936,-266.64449200383405,5.055719524628759,0.9776024676757413,0.62765322369092,2.0
171.86336934664445,-214.27646433806856,4.292727401666009,0.9609832408812069,0.4832169657645958,2.0
-130.55964347898083,-255.41751133350118,5.664137267677643,0.9784021162018185,0.582670296149735,2.0
-276.34362838508326,-17.53812372026874,4.158494793849978,0.9839750622122404,0.6121001639162926,2.0
225.54717252740718,173.67864016516447,5.947022450755826,0.9798103413310165,0.5840676346284257,2.0
277.7038608893559,-103.28307699470025,5.087018317521451,0.9844298876759057,0.6685254611978094,2.0
199.00640194176196,-218.2616211035436,5.20522724754974,0.9685365655937594,0.5147927298752811,2.0
170.0694387799387,186.79497274186397,5.811510570153074,0.991899359438848,0.7033820013041023,2.0
-213.67683402290328,168.83720206529887,4.8606697065061795,0.9627367110641324,0.49109346046932584,2.0
268.8510890392872,-62.660241142184134,4.382632189082037,0.9751309250271373,0.5765241456269989,2.0
181.66599602376618,-284.55028157877854,7.1431708036956945,0.981036415363827,0.5931851944594033,2.0
-8.621776685071755,280.868453211938,5.907070187874887,0.9823719354376379,0.6099340550658086,2.0
-131.77044118074457,247.65851369306907,5.827661351536507,0.9641069008127261,0.5172437741083258,2.0
290.2255258615278,16.436963618317172,6.7604049763209355,0.9883568630327298,0.6602467629722194,2.0
125.96093299775735,-245.11430871900404,4.103519538857965,0.972757919189031,0.6095598814260398,2.0
-247.91681290437475,86.98522981136742,5.079195555244533,0.9849184406923002,0.6269843108495285,2.0
302.8537872626613,-36.7174678319519,5.130245021679737,0.9910375182533487,0.685740730118041,2.0
-69.17305953469364,-186.42286233124764,5.314754007253507,0.9793738805638716,0.5827758864966689,2.0
-281.5085605126117,85.0455820281553,5.203829656618094,0.9868251885288593,0.6439821255705437,2.0
-100.46707934556201,268.94606619461933,4.646530276461431,0.979154101949485,0.6475229352053857,2.0
-199.91866766098036,216.23757364423645,5.455690215876879,0.9778752503091932,0.5662993587284552,2.0
-305.8454075159078,38.348313619129456,4.570089191092642,0.962325796155143,0.5632349440003093,2.0
273.07299165678813,75.54795903944547,6.935600673899979,0.9794210981250957,0.5267071514636732,2.0
270.01914450722415,-128.1399281317498,6.8049215203057765,0.9839837962588802,0.6153277486498683,2.0
71.77101621839863,252.42517052903335,5.068569568710895,0.9844367983355935,0.6247149966853942,2.0
-233.71563405819785,174.01668454951093,4.823720995139647,0.9801503849509227,0.6639170158035659,2.0
294.2056929807963,-49.729825259546374,6.943328597579482,0.973035618908434,0.5490463260322841,2.0
-266.6604656042806,16.636091527333534,4.485050254597556,0.9580429153817053,0.4789924674703278,2.0
83.88038662897581,-303.14539045027965,4.713202909550698,0.9717846169188425,0.5453982708394997,2.0
-233.36111453490076,161.69511821478966,7.575681419268978,0.9926259559219097,0.7156790306873174,2.0
-293.9629767860599,17.589957771769946,5.003776943891011,0.9780979191767527,0.5779126162738525,2.0
274.650782708687,98.38439298664561,7.053698414511118,0.977575742942252,0.5331101685403495,2.0
-159.6752847333298,-225.09876553564268,4.519452194476037,0.9666309062551597,0.5754952564442083,2.0
276.28505570585247,29.621052677204517,5.626852973481471,0.982725032179828,0.5519493280996333,2.0
-230.89484353964158,-136.33983972718875,4.948555745727707,0.9769457996999024,0.6248406951059935,2.0
-59.58981296069501,-189.73824988951722,5.086889307680655,0.9741434130168952,0.5496914763693032,2.0
-240.7772921277722,-203.87132587293976,5.144033781537477,0.9708234453499064,0.5440626003371706,2.0
29.986515763636113,-278.6784815324252,4.762262765988597,0.9811207494461487,0.6478673121752302,2.0
222.28185494536186,120.43155565479235,4.451055831658905,0.9806590298373494,0.5911966913883006,2.0
286.495762022818,118.81630400911384,6.609048100307195,0.9857982460452832,0.6270224392838802,2.0
215.85084660060892,180.8856864808714,6.4945612882080965,0.9799673701748415,0.5328390277779775,2.0
-265.54815951347376,50.62183332976693,5.177683136685758,0.9860607225559779,0.6318836509364154,2.0
-239.10978321706818,60.85961481400848,5.336872647117906,0.9784312623381586,0.5276325954612809,2.0
272.569749970923,86.99687746414972,5.164095025322287,0.9732455884925539,0.5939312889169988,2.0
2.5706205852950124,-286.88621905005033,6.096811452823425,0.9838382557342279,0.6219250113634558,2.0
-155.79191120391306,251.30906351800303,6.052812934831711,0.9727473252215645,0.5083121358367764,2.0
297.28285076082153,-101.27419709402572,6.623830842079875,0.9917555255821738,0.7152138548910599,2.0
270.45544633400266,-148.81485042685398,5.018246426494764,0.9682476984072461,0.5387026097473291,2.0
60.84492825225258,-259.4831591563867,4.6396517196182385,0.9749068578517838,0.6138252316148465,2.0
-53.41285900450826,-287.1814894473335,6.9738704499176425,0.9864242618857605,0.5902311732090938,2.0
1.8971904828887387,309.43131978877705,4.317558641626668,0.9682369966885837,0.5816639148292171,2.0
261.4556319097618,-90.74295342007832,5.007196419930258,0.9776811013015206,0.5659854413527962,2.0
-194.31046917455114,-213.90628970700288,5.6619061896643155,0.9840362778382246,0.6307409373707228,2.0
-207.0358408936277,186.2930961225963,5.723464367049769,0.9848735689545652,0.6295812031864803,2.0
-95.9856969171727,-262.10272640473244,4.662559050503475,0.9819746640665504,0.6099624062561239,2.0
-43.95431792764392,-201.59122075003356,5.8737592313443985,0.9839204291333407,0.6656309757121821,2.0
-242.0276205766082,-135.42974094418946,6.651415703299445,0.9817845113710413,0.5446383241499337,2.0
-285.28170941018635,-16.575308260073303,5.007524498829404,0.9883838247896377,0.6621020369844801,2.0
-21.712700490749064,-299.5909521407333,8.018680362287341,0.9864419983382362,0.6543282901174627,2.0
-221.3388712476148,-176.23409143925585,5.763443347628003,0.9749321024929444,0.5477444288868085,2.0
270.2214572652903,-1.3195477089955334,6.6439587085550205,0.9944089442672571,0.6914802191262351,2.0
-276.51257125641564,-88.5811155390609,7.09338755291527,0.9877098656848814,0.634363642589284,2.0
248.51259803478945,153.3187289602013,5.5505887861641225,0.9838408426380588,0.6656831415907133,2.0
282.5527617429255,-26.218622280888,5.457619124965954,0.9705533469064775,0.5273517088480331,2.0
-170.3042759986589,233.42976749192644,5.519482533486863,0.9789637809578117,0.5891651663590799,2.0
-227.93296035105354,-35.06579914963459,5.167080443512019,0.9687967818313078,0.5178131748940512,2.0
123.6791729502613,234.67065990155143,5.15277821535288,0.9851330779857967,0.6913896349613241,2.0
-289.6748055464524,-4.228708572201613,6.0306008585216,0.974932479932996,0.5513936265431195,2.0
172.2806364107294,-250.9377050373347,5.120755436732282,0.9838198456767843,0.621524770888087,2.0
-23.289870976066037,-259.97324888987026,4.844362792819418,0.9839195227037858,0.6159405005634618,2.0
-272.6802175856709,-78.01614229582172,4.36693453628181,0.965977034823337,0.5074228819550082,2.0
-278.8147199322757,-124.87843654956346,6.229814861510291,0.9794340423592676,0.5313614716430093,2.0
109.52846675016261,-305.3315243357025,5.366501080221186,0.9691875210902899,0.5922081241112359,2.0
272.34834770059916,-157.6865754803007,4.317796200030102,0.9779103544489138,0.6322546282181309,2.0
-310.04604974749117,78.17356938601223,5.5900463477684275,0.9854244613948554,0.6245649719720563,2.0
-225.52854948843677,-25.413820787687925,5.172353351398273,0.9814405970236133,0.6498368172373078,2.0
240.6043634413253,-227.31177739700345,6.758978795719444,0.9720972571442172,0.49888898002276544,2.0
-307.954759589676,4.074761956583645,5.80662383789011,0.9799140395333162,0.5680836164161732,2.0
254.45361510218027,-189.04354073678476,6.337396803678035,0.979680024926282,0.5238495505447042,2.0
249.20144719615067,-109.87292155871029,4.227602699999227,0.9781838294707108,0.6361855627871074,2.0
-270.9675486608908,100.13178479642006,4.930926049195455,0.9762546873264365,0.6251159471985607,2.0
-259.11744084599496,136.0063203175033,5.94595300149972,0.9821371977603389,0.5977412601301533,2.0
107.3869188854694,215.91356027832066,4.621101206593059,0.9812374566314609,0.6482932560290914,2.0
-198.72764638463906,193.96506823416922,5.8233487321648925,0.9837715233502914,0.6685310657735366,2.0
281.6377270303163,-131.44332889978358,5.738510944999431,0.9827757592188439,0.6618057613190284,2.0
-171.09078471831444,205.20537073933008,6.239023628002941,0.9783906206438042,0.5726744380074854,2.0
263.06831670042493,123.33078191985865,5.298974326759668,0.9747525490169835,0.5531962326967859,2.0
186.96825168753475,199.86090323610736,5.339768991369286,0.9811862620846862,0.6494865805490846,2.0
-43.214414600633425,292.8800081751229,5.899963489118679,0.9787122960163314,0.5772801146849521,2.0
-257.027983123649,113.57890879889457,5.787054762647888,0.9901913411259551,0.718846946804343,2.0
8.047230709365905,-267.88769796964993,6.156811198411649,0.9765611441025718,0.5301760761999739,2.0
-231.52804458452414,-172.46793478018583,5.625573381433701,0.9667250842701619,0.5132350738065133,2.0
218.80899663834262,192.29095888723305,5.798994080178576,0.971714602408056,0.5306709585546868,2.0
288.5869720409446,59.38139925558092,6.526274038108098,0.978720586159642,0.5531875523486937,2.0
-232.34246321762683,-183.78681759867627,6.2800060133413735,0.9836705928376371,0.6781593085481039,2.0
290.34704248379046,3.9859720003998365,6.005315261588432,0.985515531757038,0.6244239495388811,2.0
231.6822031027866,141.75383257287368,6.446399295632777,0.9806262065516362,0.5410737329644844,2.0
207.14531998051592,-98.15667337631977,5.0634422838272934,0.9724694138682078,0.5986753411809471,2.0
290.0393207945325,-72.38350855950992,5.498648899970848,0.9760498146323446,0.5625588657360493,2.0
-249.16266990131166,59.118121127318595,5.1484810329515085,0.990951783781889,0.6893660371562509,2.0
-233.62731745341685,148.54044419586927,4.440380212306979,0.9807497366891733,0.7079283097978394,2.0
86.93796445820483,-270.40811153184063,5.784997602225579,0.9906170391898937,0.6867840594668657,2.0
-176.20628137427923,-223.8382342046666,5.340306196866888,0.9810626939175667,0.6144971750002541,2.0
-142.34367726905143,273.5847263756344,5.506512272077145,0.9856448188796675,0.6266352278750306,2.0
104.52159520627667,-272.7775897544508,4.231794755873267,0.9757901728622546,0.5589531686675806,2.0
279.9888527735675,138.14295884556955,6.477115607532639,0.9687362515687595,0.46292077635879686,2.0
-296.51022465344147,-113.59256860498327,5.912672276224711,0.985797471653908,0.6272564831383185,2.0
-157.01954673774802,221.20258577435382,5.307717733887326,0.9656398488841399,0.49902670604467503,2.0
224.7568058565594,-153.4525522284402,5.491270640949012,0.9784791758365409,0.6077674190526087,2.0
56.046228497858294,-277.5790837394676,6.356075302986592,0.9907299396926749,0.6977993033455974,2.0
-184.95318729627851,-229.71870090410698,5.300575019493496,0.9835110664114146,0.6529117116651777,2.0
72.24421429944842,319.88788970400583,7.822132135834107,0.9807972132900279,0.6080257726640687,2.0
127.62006340944856,-271.504800268571,6.4452459050971145,0.9794864435083568,0.5363994771637535,2.0
-286.68607602045336,56.63825117214274,5.486723414074052,0.9790790545149988,0.6406911666251828,2.0
287.2297650122853,102.00597413208142,6.452703800266267,0.9818578916874288,0.6002385570066626,2.0
-253.70325698605558,-136.13660390464244,5.421474978574192,0.9851988515613446,0.6217149660977773,2.0
-63.861863875922836,-279.9253660050057,6.203891948840467,0.9844477390149863,0.5723363403183813,2.0
186.19822724981339,-237.37264687473296,6.523001031614409,0.9822512453635421,0.5477830513434927,2.0
227.28468159034605,-172.5965883628494,5.68261844062207,0.9906946630336152,0.6773287495580628,2.0
118.74734487877402,-237.5724834659836,4.374276418227882,0.988576347029523,0.7055459473193633,2.0
-47.930170557738656,-299.2997149099489,6.543506317146828,0.9815623896296615,0.5432631105807779,2.0
159.55958601472594,186.52878486981413,4.847079779581631,0.9876746418992782,0.6559156717393771,2.0
-208.2443473757787,-242.6344293184445,5.883228594075777,0.9768690698722846,0.561708460155582,2.0
300.88084753398266,-69.58575349995706,5.922064765219832,0.9829960864912366,0.6156824518608364,2.0
-119.66426434290683,-236.07275892000933,4.96643110345896,0.9761861415065972,0.5635368709755543,2.0
-53.5139329401661,-274.9105097918086,5.581018625538173,0.9882523482056434,0.6566616850278355,2.0
112.41837171617757,259.5424531510307,6.100019296997855,0.9911399066498833,0.6815958953123693,2.0
279.6583570193974,127.40037244557395,4.853394606454489,0.9623626809748098,0.490434774083066,2.0
145.33160617635076,233.43561399871646,7.190764217458261,0.9786043071710164,0.5870923368633952,2.0
-192.13898270272105,174.88058911815892,5.313600912096948,0.9743279072745946,0.5483023073188608,2.0
56.926801231408994,-299.59672737151107,6.1599451761550865,0.9786673893651054,0.5806395962512361,2.0
-242.17781076957937,-155.97998848011045,6.42727510725615,0.9681339316456933,0.525867486199468,2.0
-56.65805675226864,306.7596042356411,6.971768809954017,0.9882657988290099,0.6100261511506831,2.0
75.81620008728963,-297.51751849337427,5.523967113125958,0.9806087980956261,0.5482001322690914,2.0
137.97254186438636,-228.44717920909537,4.047071225522235,0.9837801295133726,0.6800936093095172,2.0
157.54849327527418,256.08247616324127,7.545352090856805,0.9889965812913947,0.6574951628696907,2.0
278.7022068264595,-119.16994966198327,6.041405709626204,0.978780565341305,0.6355160146727413,2.0
248.0100960946172,165.57793410195964,7.127063800868659,0.9899448518189531,0.6717270197684758,2.0
-0.2205434855271158,-297.6097839095541,5.264608018758761,0.9766928782498889,0.5755752385715832,2.0
133.74373692385151,242.2311575621366,7.899520315803462,0.9823893741305768,0.547411033242648,2.0
-125.29390960266059,-245.250411679547,6.228837582300849,0.9793373557180813,0.5292428093932569,2.0
-80.79095325346826,302.8882018687435,4.544965384808169,0.9732883179780777,0.5424117003875393,2.0
15.20083040838317,288.7675028078238,7.119277682045238,0.9921394537189276,0.628421280763727,2.0
-140.46920026772202,-233.28279512632037,5.182064508183704,0.9813522480460962,0.647738142161744,2.0
287.55203387252817,-141.0093421302645,5.876823280834207,0.9905146944761892,0.6516601884429558,2.0
-288.3239413344733,-68.66374477346817,6.228606832711514,0.9821759228383233,0.6035499793925145,2.0
158.10297412366108,-273.9382855728817,5.892656996733851,0.9756720355380941,0.5203808519788071,2.0
-118.05280986521754,-256.3669983671381,7.379852418177459,0.988053111058801,0.5676760650715795,2.0
-7.487085437958052,293.3061952693862,7.0531361234949115,0.9822372558103853,0.6029158071588537,2.0
72.31652123588738,282.9511348463906,6.719283107406,0.9863260927811995,0.6843049614550709,2.0
-184.30005513669138,-205.78297893618543,7.084404687596297,0.9811783232017335,0.6096398271817066,2.0
-108.3010070781602,-251.18027807293345,3.9663128911530885,0.9829346587314179,0.6826216574901938,2.0
10.099047296868585,-296.07423476072313,5.436762009169187,0.9827807325790482,0.6642564620518553,2.0
-306.2826895545757,-17.240032168749682,7.729348628489581,0.9782405600400477,0.4673674929805116,2.0
-182.00916527145264,234.07709585076677,6.701009899735227,0.9772383501698502,0.5205143683239956,2.0
98.06200137509464,216.81359616614267,5.079531292357423,0.9838997855486862,0.6153983767451386,2.0
281.8817954196904,49.245371456264564,6.01187457415888,0.9756508825168845,0.5605704147510765,2.0
-271.758275226132,128.27883640324234,5.3839021927934185,0.9760799110830111,0.6186426591466884,2.0
323.6224701975971,-59.377391596709614,7.106485000471423,0.9793608195937324,0.5272753136657103,2.0
270.3006711900456,-85.48242443291792,5.63534637680065,0.9836070563264514,0.6120278456522148,2.0
-151.15952343259943,-229.19662171908635,5.303029019723204,0.9855859857090903,0.6936967566511071,2.0
54.06004718148157,268.7001976069629,4.24851710618328,0.9792767245168077,0.6376660035532364,2.0
260.70685569558196,-149.15527404301744,5.2975680176137985,0.9641313643034229,0.4946941366074969,2.0
-303.9265181904109,-56.28916441462489,6.606640396217537,0.978624226362467,0.5719489538656635,2.0
269.94485356382995,-96.37652295847879,5.578898050087185,0.9841864275282229,0.6127429398326655,2.0
141.79339438219597,-258.0189559154643,5.074761138192019,0.9793545569392555,0.6586809671653533,2.0
165.16079319110455,-231.92313378550907,5.015299508769566,0.9639355808181924,0.5049795105468525,2.0
-169.1512950502695,-245.45166578531067,5.155901355275622,0.9690563783441567,0.5920954857041285,2.0
167.8250695057705,247.76614714843708,6.19252842334428,0.980479656636623,0.5890332197319944,2.0
-21.090633998232537,298.77579100965664,5.195448435684766,0.9731265964844992,0.6053689927719442,2.0
-329.45041553673707,64.53358367136808,5.1915364195101175,0.96981516356025,0.519072061088488,2.0
104.8609819309255,234.93059552168896,5.627635382518296,0.9703535150835704,0.5231803617099337,2.0
197.64715171989303,-254.46528134810472,5.18870958137096,0.9707252952313176,0.5259559354671035,2.0
-291.0272744450226,80.64584779295492,5.426544170525509,0.9778469378134147,0.584254650885193,2.0
-56.741604723736714,-308.5689928229703,6.600161649098643,0.9830222116173607,0.6032990196354824,2.0
-186.85163465141432,222.87841442111554,5.8122396584927705,0.9893475606629824,0.6644317863596765,2.0
-296.8254823301783,-37.87772175249465,4.9315834069862285,0.978680910848254,0.6367760726889823,2.0
-295.74771929581163,39.56349997172879,6.168654546993373,0.9688370181036593,0.4592642976341558,2.0
196.11745821763915,-229.36388614289072,6.70969743287696,0.985052383264771,0.5806444435426211,2.0
-191.87643788065344,-223.39821840813138,4.530830796397167,0.9646043587240933,0.49358419438774,2.0
-127.51422985168624,258.8130607055502,6.6638227739441245,0.9863729687395386,0.6403172156489512,2.0
-290.13397037958686,91.06653815415588,5.602869393015872,0.9807310131791,0.5604490746138723,2.0
200.36955024062144,237.65001735945836,6.731049537136929,0.9862058259416033,0.6962829014413465,2.0
-158.77362562950972,231.49741336971448,5.595555103461005,0.9804461569031085,0.5901630554062484,2.0
-285.58984940712804,170.01024310485408,6.099177354396252,0.9896437367779585,0.6689711679786142,2.0
255.66659643514802,87.1950072061064,4.3928013961322945,0.9813050488810523,0.6500209452865153,2.0
224.50113887533428,161.60562501048142,6.672489657522316,0.9780741330900404,0.5243127293727051,2.0
-150.99910487527458,240.0229131619103,6.301696063879165,0.9824645617839637,0.5703197688401476,2.0
227.55179424274493,-225.205534305096,7.129478160121527,0.9792088627144766,0.5342589884614001,2.0
-215.50626463061022,178.93162934388388,5.711761025711099,0.9902779238378939,0.6406609765626802,2.0
91.2765514018446,266.09664425763697,7.185604526188073,0.9747206604962081,0.5027638863840034,2.0
-113.86214852714745,-268.75607467231623,5.995020474039211,0.987251138800304,0.6522295452199107,2.0
198.2481058558472,225.76991838952227,5.533047140477101,0.9847606989305538,0.6201742191180002,2.0
-98.34318794176211,-300.76572733972534,5.757193051177057,0.9702445067872534,0.5285011140529045,2.0
4.914934098298338,318.61875649445176,5.813717718299967,0.9752816855070596,0.5519525605244361,2.0
-289.1688309895254,-154.16300407836593,6.188357025097189,0.9890488043510732,0.6634119420496363,2.0
96.60638984577241,290.14678992551995,5.868713809945897,0.9768206332414355,0.5821092553124232,2.0
-215.58537016126456,-157.75225218361396,5.321290442023108,0.9800278678631749,0.5901092757241345,2.0
-199.45572048910418,205.5244271882284,5.638928689161395,0.9881858066682858,0.707854937040294,2.0
-231.24139399016545,-209.4875474466278,6.395790353517645,0.9827068290608759,0.573913148421245,2.0
-268.7353226132538,109.94206294938999,5.517508764142372,0.9847533598883699,0.6205124766488881,2.0
245.22256581480394,40.36361802038386,4.696640326591621,0.97945390881726,0.6365025571929261,2.0
-120.04359545263915,268.11688785408757,5.802418081062994,0.9712094139138415,0.533104709819857,2.0
86.05584742905276,-281.67425925641106,5.679744366126107,0.9844354787018813,0.5728228656416433,2.0
232.47731748991805,-181.24147841648994,4.629548557179557,0.9774976925225041,0.6310942953702189,2.0
-137.4080733704061,-262.6812571702406,4.502107604942376,0.9824228066857222,0.6039819697910851,2.0
-264.6767594332378,194.0424249849445,5.433434029996862,0.9863541112035077,0.681666956929827,2.0
233.35178621508322,-194.16642552150145,6.5160201811750165,0.9877916139038686,0.6558491624159324,2.0
13.06410244732895,-286.6911717157539,4.827431868555821,0.9672057392888103,0.5066727507646553,2.0
113.6603035733663,-131.9909017936013,5.143658352806601,0.9820592816664572,0.6624729343254039,2.0
242.69623850859773,-161.66716729329303,4.705887860150077,0.9563270639824504,0.46730406814695835,2.0
218.21779702685964,-206.91193536808055,5.864297911090306,0.991477734283347,0.7131920300883993,2.0
227.19492618424087,184.94311599483666,5.953156898728317,0.971227250106087,0.5280759817298272,2.0
47.62109291393511,-294.50754655745925,5.045358704560666,0.9670456056655767,0.5122502898494645,2.0
-103.39836589502491,278.83602898976955,5.827793537208324,0.9893508130320696,0.7242022986272807,2.0
-74.54746217255166,294.9526869257375,5.861410572183962,0.9920570282562836,0.6961692859266545,2.0
280.99049070692064,67.3746523422554,5.131691918408895,0.9587467266613413,0.5438125311671549,2.0
-299.42354559824923,-66.91728873104297,5.489649343453382,0.9700745978138476,0.5289752830268941,2.0
-220.03417483895876,216.04414430478062,6.1754926655850815,0.9768193973763288,0.5670243970752122,2.0
-166.94893165532386,-219.5613448371032,5.113837281039942,0.9821472220414723,0.6581345129887508,2.0
149.72054173728623,267.8803998424814,7.014331410077754,0.9892223830375728,0.6189741247008462,2.0
-330.9441961054551,-86.59956019150235,5.579806706637995,0.9816476889519039,0.6164618590204013,2.0
21.790217018564526,278.8538033029028,5.0736391369836635,0.9726331967251842,0.6057243070376701,2.0
-305.24924447521624,67.70281890712133,6.278922318316968,0.9700704452987227,0.4684393871297248,2.0
79.61955689533602,260.2598033678999,6.3961150774733495,0.9842700151079038,0.6301026239128734,2.0
286.35718123141004,37.09340929302718,7.200773914744224,0.984986574536237,0.5302462389423003,2.0
-41.78061466219239,334.6024826205318,6.591584178441365,0.9696327984646738,0.46589422332522434,2.0
-312.99943482228394,-6.055761989263411,5.92737469025666,0.9804018443992406,0.609352705943275,2.0
196.50523465115683,-240.0588087986282,4.42160566368256,0.9771920290080541,0.6271628678880738,2.0
-56.78380550276508,279.78817396554115,5.080551588727043,0.9676829365581671,0.5798762578083948,2.0
-221.48681820198513,203.29153067640243,7.021250798547492,0.9879967956255175,0.6498275953373174,2.0
-226.80071799840255,182.18945152167768,6.208440815848911,0.9802810739599906,0.5493815869727393,2.0
-294.6236729688625,-13.458640288128386,5.041182539616815,0.9634515742099545,0.5148515992425472,2.0
265.59350277499897,-139.46032795625416,5.972236660517759,0.9796077532833464,0.5424737912460753,2.0
235.43477759332265,167.61070014657585,6.059699266092587,0.982485275701545,0.6012256739441102,2.0
-159.39637347759384,317.89996787351674,5.567202305063261,0.9741662212068275,0.5636412126249216,2.0
55.50031947414109,-288.63143914421016,5.148762920489538,0.9799159680824556,0.5865860838560369,2.0
295.20269282466325,110.62996727123728,5.853454524772226,0.9747179594256816,0.5503152908909028,2.0
261.9452909329577,-160.85787101689328,6.978512883314041,0.987735263912384,0.608536875952234,2.0
-287.2161846065847,-95.73702217920558,6.097044956122612,0.9850861122852164,0.5814300279484115,2.0
259.50367326565794,151.33547947542772,5.910728456476858,0.9734671426024585,0.548785409872772,2.0
269.5324363344363,64.18471444380575,5.321343713134791,0.9854720177052954,0.6239459487840023,2.0
226.94097897843795,199.52477316239953,5.544501825921227,0.9820786437996717,0.5990875702874607,2.0
-218.0071957130454,190.62066233148272,6.5759301923509055,0.975178672772489,0.4949580971591741,2.0
-157.34245000731724,-260.6317588427092,5.184181371131748,0.9834582287807535,0.6642229448371995,2.0
-288.36703858978916,101.03467624855732,5.058557266096427,0.9686285211289274,0.5185839631107679,2.0
251.42386367177366,-177.7978719694882,5.668233960629554,0.9827566279553488,0.6014341505730895,2.0
280.82578906633915,-79.74447658495629,6.691680712034801,0.988920171253303,0.6709139391781568,2.0
-109.68720847571551,267.532310183151,5.121251817373937,0.971331093271722,0.5468692222884924,2.0
-257.7465569986512,-126.79683331097695,5.057431761444392,0.9865378702527335,0.5935940815280156,2.0
118.60249848252771,270.8810809981866,6.9849638149799835,0.986897746978642,0.6051352657946195,2.0
95.90767517877346,-276.92557125960076,5.636940508966592,0.9816928443263359,0.5420993872340559,2.0
-59.006325241071565,-297.42435678772506,5.246953644290813,0.9645797773685365,0.4950482740464919,2.0
325.24623825417984,38.19243982486477,5.813173294437745,0.9863334600644482,0.6901262273897115,2.0
216.49849214567345,220.75486826787818,5.295937261296943,0.9732103778967188,0.5428163295309715,2.0
156.2700597063878,-257.0448330286182,4.853934186664574,0.9704931136943457,0.5333205393530873,2.0
-299.96644758999525,116.71259359477106,5.384659711638124,0.9747635529754641,0.5490639260129742,2.0
-249.57505118533692,6.27568123256726,5.0666652686570615,0.9779307805850846,0.6312324821849342,2.0
-267.7206092408052,-125.41540514139784,5.302288605588583,0.9809938983158133,0.5920131532889873,2.0
279.8961527709247,-14.305864812352675,7.271075862846849,0.9804080408748588,0.5313415596789542,2.0
131.64798414921245,255.08997634661486,5.615997720882665,0.9831156418328004,0.6635655183030024,2.0
252.39050044918247,143.8427118702639,5.0395951434945685,0.9699553303300941,0.5277645989244185,2.0
-143.47665862256372,250.30060552280602,6.983801171432499,0.9767465510115877,0.5237927197023461,2.0
260.44387140271584,-122.52356489769825,4.631177197295446,0.9740901034278601,0.6112840094789982,2.0
-321.52506342300643,-89.77248281530171,4.728942266491005,0.9770707612735484,0.6253176791746086,2.0
106.2719961318891,-283.60502965962485,7.079796747277876,0.9826526789549181,0.5600603580281842,2.0
-175.86575402916017,224.2904056681319,5.4290822684427145,0.9772671196776912,0.5297495105980126,2.0
64.7958182059315,293.3477492462013,6.540614350583174,0.9736781079098454,0.4968538719253276,2.0
178.67780445838645,263.7325533586609,4.181949161596095,0.9773026689547016,0.6355512101970497,2.0
-1.426750466422324,-275.3399510510532,6.371752405199409,0.9862677203828462,0.6367973856414056,2.0
-53.508408257127805,-333.0823187138656,7.568468368596444,0.9915509688771674,0.6916160248670037,2.0
-174.7529415812168,243.83955053788898,5.988635152603004,0.9779492388896226,0.5787286596902522,2.0
161.60187991960194,-248.04184445691126,6.045489417204811,0.9895161631659574,0.7226116963046499,2.0
-253.20275665472104,-119.50957928793915,3.846668710991854,0.9652280568863686,0.4966519684529277,2.0
-189.9557761964571,211.9052315008285,5.812239658535109,0.9910300507472578,0.720079452649058,2.0
188.29549671163744,-216.42789517681956,6.235730577633996,0.9818474949080588,0.6073587170509284,2.0
273.5736626633126,-181.75277162028488,6.489057175969864,0.9822627352466493,0.5994465895275388,2.0
-251.4339134780151,144.28646199775451,5.699077896421217,0.9800822964797306,0.5875292768345339,2.0
280.10985084878394,110.04159882079738,4.655174379032078,0.982466366770049,0.7154510983896301,2.0
270.00909906919185,131.5885629334804,5.988170347957402,0.9802762590383188,0.5862843470554572,2.0
-198.02152239334714,247.496046686079,6.014944334769462,0.9766025454087124,0.572164238505701,2.0
308.88047829086395,66.68635863463018,5.731662219963978,0.9869316740126272,0.6872204386091696,2.0
268.8119084454763,143.8395490441779,6.656852026207458,0.9864605863236835,0.7024572609940054,2.0
228.2432652408777,-212.6783447309931,5.718294416535227,0.9832378285832819,0.587252575543736,2.0
-107.64252868673715,-292.4118879865495,7.3779710281090916,0.9835184450613423,0.5851747494707495,2.0
-84.56216445984933,286.40707537316655,6.285206281582185,0.9867700749725011,0.7196193212730758,2.0
304.11218586996876,-57.94916312980053,6.689722909708539,0.9786683090620145,0.5878918530402105,2.0
297.34568267651383,-187.60864543213603,6.518743799228892,0.9828104161507956,0.5552937270719238,2.0
247.28448917522562,136.69135477184574,4.217531731439705,0.9696388308125832,0.5440927103236461,2.0
-240.3493156741035,-192.93150440645815,6.493258364353026,0.9741048276309178,0.5446367005850948,2.0
303.6807640214997,-15.545491817605745,8.112090623996252,0.982339003990153,0.5060431537778198,2.0
-228.11187782379793,-196.9357859936775,6.805707230633037,0.991735298991728,0.6949221874634273,2.0
-297.20079271912874,127.5611385285658,6.267069768554204,0.9877813389455312,0.6149755460745999,2.0
-311.2898950674645,-71.10792894441569,7.59858952390718,0.9881134647791908,0.656741934693076,2.0
-263.80329282056596,-134.5713548709904,5.068366471643347,0.9764136947085228,0.5658155515834598,2.0
179.69900774641505,-209.42417936994414,5.408377008699652,0.9709492796411792,0.5263190201657596,2.0
-75.24564135359056,-283.37366021565805,6.113019172880723,0.9783625605784223,0.5259074179850463,2.0
186.3612263671244,-180.127475526192,4.354910853064232,0.9765485739712526,0.6331989834222762,2.0
134.1231376984007,-289.05309375551286,6.208228114503737,0.980209944932247,0.5916322111525879,2.0
18.902948271256758,-305.0189545189709,6.255478842546261,0.9800270359609162,0.6479494144861215,2.0
-22.71164748784264,324.7448589315462,5.928103311198355,0.9801677395327614,0.5858787381377069,2.0
-261.44822425606435,-117.61293380580526,4.960366329237481,0.9850105626894605,0.6296541599366688,2.0
316.54461337492796,-89.74107942501551,5.562428467250048,0.9713602159746216,0.5400000111587536,2.0
-113.74594198467996,276.60563194494154,5.261007494251155,0.9657710196740655,0.500459122369743,2.0
-30.813576628113854,-290.1625589966689,5.774713911950029,0.9588491488259526,0.47325942130912546,2.0
-229.5297149174578,193.61784218176493,5.7843860213544405,0.9839835256043092,0.6174613682146943,2.0
85.80496330531757,-292.8938068772823,5.886194153156878,0.9873798355714278,0.6051922479836424,2.0
-120.70517997554505,-276.8781532148176,5.074366013949571,0.9641783682890959,0.493272118254628,2.0
-59.93688962725008,-320.74680849402904,6.517688522137785,0.9802581377691214,0.5426998062743548,2.0
277.19849795344857,-35.52770530105356,5.779788081661114,0.9752456593305963,0.6135056892303632,2.0
104.64101683739999,270.4730901540961,7.541572725432652,0.979524354628727,0.5342415035222892,2.0
-337.5731939415822,29.397052304818025,5.1094521151148715,0.9781143925357714,0.6337828880756218,2.0
215.51789234416358,238.99036669590706,6.167933504952485,0.9729853273256086,0.547840742623917,2.0
123.40466177078996,-282.2111927846572,5.588763027922342,0.9819836790038498,0.7124860172925781,2.0
29.208471899974295,-287.6458790048393,4.581271406009193,0.9750674390059384,0.6149651754892356,2.0
-288.86099182334544,-120.96090705832229,5.0154793446447075,0.9762139700856145,0.6233568419150858,2.0
66.040539381544,-291.73974121263973,6.246910587753579,0.9815753188887338,0.5404653534122147,2.0
37.672049850331966,-292.48760883597964,5.684118259707884,0.984281873034547,0.6484934389252965,2.0
186.92324861350843,-158.75644389001064,6.24361180196505,0.9714203648385091,0.5459962938918907,2.0
-21.43756966439232,-283.6494688030252,6.266655423156202,0.9727563480018657,0.5384453756225182,2.0
-243.1485942923839,152.50324211984753,6.271660412247935,0.9834775850353712,0.5606985413828564,2.0
-63.81713705981254,288.625811921861,6.811002977866018,0.978927762244328,0.47903070223307503,2.0
205.9740782054357,-224.65597749420542,4.691974746560516,0.9686967575139368,0.5250005349060567,2.0
4.9892338657178295,296.9648252536155,6.329836631232611,0.9816859279085339,0.5925149543218765,2.0
281.14646576216535,-151.58941332263498,6.716131353316403,0.9818274746625203,0.5633913961703546,2.0
178.70033087907493,242.2389606471445,6.2760004399677305,0.981682636741075,0.5668920130699823,2.0
300.8356950400015,57.900626414933654,6.540785387815328,0.9658053167705237,0.44839959726738216,2.0
-297.52154733816724,98.0524930606737,4.8755584535673115,0.9790987173362727,0.6370293884236863,2.0
320.89617573234796,-110.46784556379905,6.350660434659804,0.988684141898541,0.636411261885409,2.0
249.7620281003519,212.36945859481804,5.983935732328491,0.9733627104869548,0.5406936717474249,2.0
-326.48720493362384,25.635125852297854,6.898107844748243,0.9923305392140602,0.630651360978098,2.0
67.06995898916092,-302.453158918895,4.93235799209378,0.96573204637565,0.5014648434473213,2.0
-41.56506939407122,-289.671739903763,5.441507676173178,0.9803823217979967,0.5894560573122621,2.0
324.5427302313397,-46.720697681863996,6.220554736952813,0.975457490591524,0.5030608546446802,2.0
-303.54031869682103,47.88994282530109,5.563128356018633,0.981687755141807,0.5437169603158803,2.0
294.9719680828634,94.20237703499676,4.862324127321192,0.9804900616347221,0.5893131369056163,2.0
-284.0725066645718,129.97941833299694,7.395343600086797,0.9832343274439608,0.5685887874277467,2.0
-253.96499181183975,-156.01153234255725,5.975425789536303,0.973960911692572,0.5523861226566553,2.0
-201.50645942443262,-222.432856088923,5.603833581829439,0.9828607903230117,0.5704437017877345,2.0
201.77242420405796,260.2700721267829,6.370177617188614,0.9844921903106086,0.6592366207369448,2.0
-93.75040311564065,281.4960888417476,4.646530276461431,0.9730839711746179,0.6056735346018846,2.0
183.05058338150997,-252.06305669508893,4.568258375543002,0.9792242252227756,0.6390647253568461,2.0
-89.18375760418981,297.27092384136034,6.019977062059737,0.9803535897428128,0.5890029476874499,2.0
38.13482057091775,320.5013183502875,7.233038592608622,0.9785001812528142,0.5326539851705245,2.0
229.19651152234584,222.2014791577003,7.941779199687903,0.9912597124944953,0.7159847072307579,2.0
281.8906587566136,-47.33692677505483,6.237689295848549,0.9820040275836578,0.6612488552656778,2.0
258.80183435108546,172.64198440252014,5.942175480078464,0.9786680586975397,0.5261748433530844,2.0
249.20558818452506,177.43158291472392,5.181888931411691,0.9747722293264774,0.5519789993682528,2.0
-243.9025936557427,-182.11760345909505,5.557524749458245,0.9720864675426008,0.572479744439105,2.0
25.432248120397624,297.55426159032396,6.47891689072897,0.9829891573329651,0.6001968004143707,2.0
21.509130394241204,-282.6791226280294,4.928051406112265,0.9824845292292163,0.6057016982574641,2.0
123.04571831306595,260.4305390489329,4.804686811188796,0.9738115247071134,0.5520216244015913,2.0
-212.0289722850043,-221.20844009192868,5.481794564501322,0.9633781831615229,0.4962968304752617,2.0
-163.02990787243348,242.04960470905993,6.298311173845023,0.9728133592236238,0.4764714841563756,2.0
-81.23203493787591,-293.04651462941143,5.683284468552821,0.9887941024003587,0.6772612507000381,2.0
38.81967049451666,272.8555163406005,4.99385042715887,0.9833823585202714,0.6232620108563022,2.0
-13.001789642537545,307.23990508706726,7.094353391938014,0.9859107823166356,0.6300648961893389,2.0
-287.69035205620077,-106.98280670250404,5.561654518404766,0.9761004597325877,0.556443623042761,2.0
-273.2673524263836,-148.7717691955811,5.985046624420132,0.9803738563798017,0.5834644872760398,2.0
-127.15297843840516,-267.2333634996557,7.057427429840134,0.9903062359335377,0.677632158796126,2.0
291.7560425857793,143.62916841061423,7.290027864761163,0.9765166397401827,0.5355207387487189,2.0
-266.3142036458474,159.65673297213542,6.856759308906086,0.9826126877849662,0.6098795135204852,2.0
62.74265690970604,273.3467280188903,6.001104435238999,0.9876850842184733,0.6583708155220761,2.0
-281.43019173699577,142.7278382850806,6.349548474596423,0.9742617496061462,0.6162811265884655,2.0
-57.1108996042698,318.61668990684143,5.288020927354893,0.9766905095651346,0.5618563916998682,2.0
-255.1647051671908,236.45083811995633,6.806466917551666,0.9862111092655008,0.6342675359003589,2.0
291.13870581915234,-19.879957976606164,5.670374330884205,0.9758549679487912,0.5561080681015932,2.0
29.60605539912805,-314.20002696416276,8.432989759527521,0.984038953954671,0.5358745965625852,2.0
-202.177122483879,-284.89455867442,7.279416292955432,0.9864125520492854,0.5937766224627118,2.0
-82.78226372840771,-275.40498852295747,5.019591972618598,0.9897209542559101,0.6456243640111826,2.0
-188.69903855275646,-27.003294897412875,4.68465294317432,0.9749958657706247,0.6126901989939726,2.0
36.36254993193335,291.33561008362716,6.119859015335581,0.9900800523274763,0.6841621112752081,2.0
-315.57049512727207,44.325782851931095,7.257987021166414,0.979656993032496,0.5394544984313913,2.0
-204.36425879718956,235.3221339459148,5.674986590580659,0.9728284471567036,0.5563435609183788,2.0
45.894299098196505,299.294245136193,6.39883485844066,0.9896613686638227,0.6870734698084505,2.0
-349.25420729340505,-34.20025388049224,5.032219036746451,0.9864921907537577,0.6997567184606522,2.0
123.79859830544264,-292.6010704676672,5.36728124400882,0.9636473767777695,0.49648879924475836,2.0
129.58040972976664,267.15419850501996,4.870100645535222,0.9845089870368342,0.6680969585905567,2.0
-270.1408141722804,138.86869730253915,5.917443477059209,0.9784171265341126,0.5842982136984942,2.0
120.22493365474152,282.2969418460542,4.990209357757889,0.9699751359503855,0.6008758954013264,2.0
-9.569425316709975,339.4726207887341,5.433183488221922,0.9825467414431573,0.6558216106416201,2.0
-310.2115034671949,-85.79809132070253,7.592202657474149,0.9905224499546157,0.6488197339341412,2.0
305.16445314059564,-46.2470666328521,4.928498273707307,0.9854784776877955,0.679133671396703,2.0
290.5457513221564,-122.98673170778353,7.038083700331441,0.9752252429240578,0.49427707588039516,2.0
-82.20070482115096,331.8220041994,6.94892664217424,0.9707399941869982,0.4811581146344168,2.0
332.99850618525005,19.30329731300446,6.641437147620357,0.9739541209791116,0.49144769811500305,2.0
208.52792885569957,-256.2689801945374,6.275832046495657,0.9842565824399965,0.5759062410847526,2.0
-319.43158056090397,-17.106050954543896,6.042118310137219,0.9775288395243805,0.5770149363581305,2.0
146.99321607653368,-276.689812188935,6.094577125200636,0.9808983156325974,0.5903722786123049,2.0
-209.73861177852302,223.97240496454648,7.447768784721105,0.9832633386076406,0.5175350981944649,2.0
195.7981749725653,204.06315035437981,4.907295615879059,0.9579985239378561,0.4737653263258652,2.0
285.2079783883979,26.03812364954618,4.2399772863743,0.9739490893651813,0.5495654086269999,2.0
-216.91133104601244,-195.28987239777095,4.846422906733924,0.9729801395232708,0.6026200013596706,2.0
332.5437076153783,-6.8077312099582645,5.955351518261197,0.984809895942218,0.6427799289266265,2.0
165.91461507984945,-258.50918698191157,5.15367403267871,0.9866713935202697,0.6377618560558195,2.0
94.95742598770204,-287.3657467603411,5.1296527164889465,0.9828161669558149,0.6022269361306598,2.0
-21.97757407405332,314.30878184525466,4.8937415466519765,0.9696569060971364,0.5267797300274442,2.0
305.91219331083227,91.04292422796325,6.891058787221084,0.9859318056052295,0.5993252682713137,2.0
-235.0931068972713,-221.1134768838333,5.930450503165725,0.9751966634577683,0.5256251409312737,2.0
-186.35590432822852,-240.9714993595818,6.3245911757014355,0.9847001866078475,0.6182050739826641,2.0
-4.767369807971789,-324.47803582420903,5.891122538046534,0.9761219716746621,0.5074659028345302,2.0
281.7035858016861,-2.5966856921470858,5.146591151388754,0.9721455844294805,0.5458132282641543,2.0
141.4945140226104,-297.05095621699746,5.115455636204865,0.9619191477562404,0.48259711290430124,2.0
297.4555340578874,-80.53550261175644,6.035207556287182,0.9775473597374423,0.5783383189825457,2.0
209.21383468303327,229.04894298661705,6.207395992610726,0.9755638516545516,0.5081100744381888,2.0
-252.79318554098725,-188.41912210515187,5.56042655489132,0.9868960555610841,0.6412001130083848,2.0
296.77648278430246,70.37720539169493,7.238827720549315,0.9842400521571146,0.595223342391622,2.0
237.15544336185314,-205.69961072684654,5.963331548466504,0.9838971672176288,0.6119372628191321,2.0
245.63081221500354,-197.4611607674895,6.337946655989229,0.9804797953892491,0.5982223791649651,2.0
-107.00855636435148,312.60853368087004,6.709472596274471,0.9839837091802912,0.6643823157623865,2.0
-296.85166278520114,-101.58497968933357,5.470365305049009,0.9839809612714518,0.6120431122670885,2.0
177.32102202365786,-261.4769724405251,6.903391595378598,0.9848884642362966,0.5719801480142783,2.0
25.739215258797998,-327.36510199312687,5.791129581219072,0.9811984802988777,0.6049073859868969,2.0
208.72366310404243,195.56673428606337,5.375244670049469,0.9758957729629908,0.5783652951697313,2.0
-15.26267628825103,-310.27793629621317,5.022210380406894,0.9660685385108514,0.5116486052268762,2.0
232.59005448079407,-237.7065069671253,6.938003159979774,0.9797517659378248,0.5294193669641392,2.0
-174.7309088187077,147.64406288893528,4.948560000631646,0.9758737350863875,0.5566833678711703,2.0
236.3106718538766,192.60059597836786,6.507910857794169,0.9816370130919302,0.5531535337968724,2.0
86.73407930962742,1.466760008207376,4.6077849937157564,0.9715634037402966,0.6037375098188585,2.0
-261.3174578351563,-195.8349793893904,5.941328399867836,0.9843345841384771,0.6177859930156901,2.0
279.0625136545078,-91.3737176022021,5.160031556798853,0.9878209267527879,0.6619700805133557,2.0
-232.45507594159892,222.45063212310825,5.6225692207735385,0.9836690874125871,0.6172518340428971,2.0
314.3192138966471,-39.24229721182167,6.802527594312409,0.9900807149892755,0.6302562349099529,2.0
146.02868005054805,257.39875700506377,4.475986526186172,0.9642647343990701,0.5642069141466924,2.0
-319.576066968311,79.7406750228951,4.354793855509984,0.98210061044229,0.6170187694398956,2.0
-66.93101292847156,314.1080645132898,5.933100654395517,0.9869464044254606,0.6865297144484176,2.0
15.312683721020148,-317.85833878826037,6.92646881490921,0.9866264652999209,0.6907731921988575,2.0
-313.569995692314,-46.747999659636726,7.516074591885339,0.9820252734898064,0.49852586410442185,2.0
318.3808569894015,109.89422065473381,5.978068820739678,0.986825105949693,0.6435897607352432,2.0
-288.33713827097614,-133.5851875402931,7.1224207496385015,0.9917538885157983,0.6918633776110902,2.0
271.95086291215404,-24.01363352852994,5.694850923876634,0.9815926507141837,0.6113673439134896,2.0
26.160143607388385,318.90831786238044,5.558936954079589,0.9674741573593869,0.466588845306401,2.0
285.53111461172296,199.09160561983708,4.8925925827503915,0.9872121510515702,0.7090548352508456,2.0
-262.0202717350174,146.84231913794613,5.638728368205829,0.9797949957459046,0.5894292537435082,2.0
299.09415678148974,122.14970797217356,6.727747009609318,0.9906366284775056,0.7187938766109654,2.0
84.94476263956696,286.60765984390446,6.966416825686876,0.973024596384174,0.49828157573531956,2.0
-288.9765540859154,-85.14629517242632,5.068490329199569,0.9763682838823486,0.6194772021910259,2.0
-112.11383439022,287.49692959349164,6.247917603668125,0.9837114084290711,0.6230396351510616,2.0
227.43602361439335,-202.94643281555827,4.472495137701092,0.9684013198365825,0.5136047081357701,2.0
-179.78692476708494,-273.8459991181038,5.911553546628318,0.974655583219216,0.5510886050950766,2.0
188.97594663453367,-259.6723949989891,5.34918742205546,0.9796380047822405,0.5833944651386519,2.0
-278.1481128729946,-159.85980489931538,6.487920054019501,0.9864481977809685,0.6400839994516804,2.0
305.2802862849883,29.75633175232267,5.003367866610214,0.9845221338384407,0.6705714159634282,2.0
282.81056781122,-173.19108435983588,6.608451299773495,0.989436538344067,0.6715241751301328,2.0
-217.79075434078806,-237.81668472770426,5.259673987388151,0.9832409626818691,0.691574075561006,2.0
45.00447094616084,263.92159038964263,6.265389307434194,0.976735589803622,0.5136381390766724,2.0
314.08304183856404,-51.462704630870086,5.737133423082564,0.9768885218529588,0.5648276894789822,2.0
-264.1949574762813,-183.53556307325252,7.067798532875119,0.9888095229323969,0.6148988503398592,2.0
-246.63023631720583,183.962898127538,5.829131168639532,0.9794556603225308,0.5938918641033869,2.0
-203.96474344946412,258.9666468293521,7.260683121382322,0.9893561051771294,0.6729105393176038,2.0
302.0806901804596,-2.1156012496695644,6.052602268399356,0.9741343476783244,0.6082153980597345,2.0
-43.482248268781646,304.61672682302446,6.342009605277702,0.9857011177647297,0.6337642494696502,2.0
-311.378632420451,56.953925914230894,6.850448098229262,0.9707798381176457,0.47644001953179,2.0
-257.8445856440836,90.56392778187262,5.819685627958677,0.9834156255430527,0.6068629396103258,2.0
-223.83805650875584,170.85004989102808,6.0427989058578,0.9750718138708916,0.5044538360941894,2.0
-280.11348111473245,95.34375177913392,5.389722514280952,0.9839748969051255,0.6387425347204718,2.0
76.78418794902099,296.31902225288127,6.5602347604868445,0.968994086264307,0.5451756720480859,2.0
-42.57715703931846,-341.1708801158268,6.400370330589414,0.9726268471615238,0.48372870288134323,2.0
-77.45757875482349,-256.1485397575336,4.409461924771425,0.9784545709072897,0.5716655936145091,2.0
-253.4337977535264,174.74569012573917,6.281140020363623,0.9735939783176176,0.5451026496466512,2.0
320.5092143867513,141.58112432003273,5.346500934645366,0.980709012538974,0.5864571975297544,2.0
186.17497461138976,249.16560652498683,4.3309091716659545,0.9561539210659981,0.46539102937515603,2.0
298.89064862871487,37.75314181834508,5.667893784608455,0.9747092933119966,0.5486297661231758,2.0
-334.46987175256174,16.369422193805768,5.503333000222827,0.9829455680380377,0.6442088192831509,2.0
-90.31255810943293,-269.25831639125266,4.73454290106557,0.9897076208633708,0.704277435864833,2.0
-253.3571110024274,192.88127937509597,5.729954353257958,0.9865350720025501,0.6343731127263832,2.0
-158.06545614917763,-248.8441288076274,6.975148906479999,0.9710583236029523,0.47297116578978404,2.0
295.9003045244217,83.38227811631015,6.210949428029616,0.9816998341727762,0.5519374733314929,2.0
207.7714948486609,-235.582449041479,6.6296331013360845,0.9927450359564732,0.6904050709631792,2.0
-147.44045294959668,-265.38754505877347,6.180077877968159,0.983833851495727,0.5806315597797784,2.0
-141.01411963089126,-311.86339124110503,7.111217869497838,0.9807491618660267,0.5436833939472231,2.0
256.76378345453804,194.5024528156231,5.659335205688589,0.9789656795700568,0.5843086044916804,2.0
-139.58996881353877,262.42632884984744,6.2258397451347935,0.9833424497432274,0.6143799227502078,2.0
273.3942711722489,118.82415189377532,6.307930658193073,0.9891240727640274,0.7147385674402871,2.0
313.6942277376533,-128.4338072345871,5.347792904143043,0.9709030109110828,0.5268577233636552,2.0
-190.64750032569535,-255.44456491289134,6.973167014929939,0.9878053299788506,0.7105066492710467,2.0
102.7368208174718,282.7112253890473,4.036185880934112,0.9721874988850747,0.599755346411729,2.0
-30.434365617784383,317.95249108109374,4.704133706513789,0.9767212416333441,0.5586656417520857,2.0
-78.35789143106844,-304.56409635107127,6.502071860178774,0.9832863647891261,0.5619128002661041,2.0
-306.21234468784115,-107.41881380219262,5.944443895900862,0.9777069439210563,0.5101045980643124,2.0
-256.80125639082854,125.25979496768217,5.529647596610778,0.9836459394769453,0.6808849225938358,2.0
41.58215010206748,-304.60224090579817,7.105202953772882,0.9893858383438944,0.6364090629899551,2.0
-332.22774055151916,3.8947577689298982,7.209767619342091,0.9902625257193776,0.6925651226097276,2.0
-9.037275777644151,-302.61166678776243,5.1023486045509365,0.9921019664876654,0.7010507097422272,2.0
260.10601086332866,-172.224873212303,5.0364156281373464,0.9749346958933306,0.553131524990799,2.0
-313.7436661426433,30.65161364255234,7.069131295074085,0.9784419468314972,0.5199943142332224,2.0
292.4706604437454,-150.74205855852892,5.340956323075184,0.9660802870234552,0.5792692361374648,2.0
177.68660385697947,254.02984593439868,6.000498613516665,0.9741309907064636,0.48707717241318743,2.0
57.255691468370735,302.1561730422006,5.731344113955505,0.974934309535122,0.6150024752363984,2.0
138.56479254524123,263.0674717204216,5.369187085235331,0.9795680132212323,0.5800024274627305,2.0
53.35427752731582,-311.6799824497747,7.007580016390245,0.9802875998790336,0.5907892805396407,2.0
196.29176093220357,249.42356563553327,6.356890197163551,0.9713304370029209,0.47773419281369284,2.0
258.32357254086725,-112.41698631465725,5.450717135081229,0.9831287851839307,0.6676713442645171,2.0
-298.29512546480606,-161.46985256068876,5.688716824232428,0.9838782212036414,0.5715445983680582,2.0
311.5269944396297,-117.83427340621809,5.9803779791687335,0.9799879992065407,0.5992158957073142,2.0
178.85404734450364,-244.6389052291302,4.301330729742131,0.9724380668791712,0.6032440786324151,2.0
-314.93043372601267,-58.99874855171184,5.277747815358194,0.9683782748496569,0.5938147720667698,2.0
15.681325921421804,318.50528615575223,5.551326427984871,0.974521348855701,0.5128401147478132,2.0
249.5562917311531,-208.18909047002015,5.604921668998394,0.9788639965694178,0.6420624653083021,2.0
151.68668900858907,294.0445445416912,4.712719473529598,0.9841237950974048,0.6286874193202868,2.0
138.6137954539685,273.1068528645731,5.121843543183913,0.9857091465244422,0.6829731635074677,2.0
-108.42144441448093,327.6305476369419,7.376817382532659,0.9897270124053417,0.722074062437614,2.0
-166.05519653607544,224.46803296832474,4.815907175518413,0.9723376184455246,0.5368294874013827,2.0
-168.3180297703712,-256.8879828662747,6.797063092301777,0.9729978414289997,0.49748798234519304,2.0
333.6020127462322,-52.97823880689872,5.1634923844623435,0.9783278900740221,0.6291221869470085,2.0
294.67584072804084,-170.30175007642862,5.920052694326134,0.9761163286106393,0.5639914044898025,2.0
42.6683862177488,-316.9791688507435,5.687228685819222,0.9577988724679253,0.47547296067930606,2.0
266.5376798658392,-192.13481847025162,6.547393113114766,0.9830276334975763,0.5562577939750185,2.0
-246.96134876552998,108.78525970859427,5.533658652407911,0.9898276552577444,0.6741868362766428,2.0
-110.69242523530716,-279.9354866729844,5.8293759590365894,0.9836760880547555,0.5649539992911684,2.0
280.9901080487429,-276.27092318485694,5.428057914059781,0.97877786787753,0.5212923694558823,2.0
312.36025640691463,4.530508568286559,6.702629445618932,0.9766949806588122,0.5025782225029051,2.0
-4.684367169489643,315.2454771392701,4.799809362011919,0.9772086246616166,0.6249092110306508,2.0
300.83617446004155,9.643289128699017,6.319148453964527,0.9774607653529555,0.5098238614131654,2.0
-266.066136501769,173.10672890313882,7.118530106812014,0.9809812806924415,0.5412673524275405,2.0
259.5457742749091,161.94227817874625,5.339525714098524,0.9737181018553833,0.6088805164457293,2.0
246.4268735894133,200.55323804124612,6.837379689609581,0.9845535340092512,0.5848312361224703,2.0
-314.0923008903103,104.28755065637712,5.1441039280209635,0.9634320081725548,0.5011038909270208,2.0
-305.82071152570046,-97.00867811339349,4.882308913533013,0.9675111851313716,0.5128423059818323,2.0
-48.19516081180644,314.3152115106573,4.894799945595308,0.9674766367274453,0.515753411233846,2.0
-269.3984542352902,-171.19199649283655,6.791951515289329,0.9832863010706816,0.6738717695788142,2.0
-314.17156014799957,11.761569011231524,4.613816539849438,0.9625513212349421,0.48530274733280343,2.0
-100.83564073885972,-282.9248942752791,4.828895908184933,0.9675129189642347,0.5113816652107528,2.0
306.5829788320596,111.45251635090943,6.052931120306589,0.9871585804953731,0.6666220201437338,2.0
-57.01342852576906,-235.62530184161952,4.173219268436233,0.9857924325648709,0.6325770594497572,2.0
-312.0517513519869,-127.67864752979268,7.346891890301987,0.9888234168146427,0.6611163308526343,2.0
-360.47815585141086,-43.69676703907665,6.184212211328958,0.9846055238541361,0.615108950597282,2.0
220.18162587676863,-236.668860423115,5.8851043309770965,0.9884505429006732,0.6724590338756008,2.0
178.18334021989406,-220.45824632849778,4.812752395851878,0.9915778317706463,0.700979453842304,2.0
-233.34874468672447,-162.44322829364825,4.954236596349729,0.9790512557525202,0.5819160344726597,2.0
-272.3738486323663,149.5785288871112,5.626531420057726,0.9553104781231542,0.4555669852236607,2.0
-121.27034153743458,295.532822526772,6.4081116433652765,0.9889740461862784,0.6741562906385633,2.0
-167.64538690285,253.46894107955788,6.52902341985213,0.9735823019901746,0.48166077694658904,2.0
-178.8893687209823,-250.16938556062905,5.9478595611501275,0.9881511588982,0.6766596391439748,2.0
242.11711194651366,-213.9485507968344,4.073928363293676,0.9713393031557876,0.5998540959843426,2.0
238.6112779515238,212.84106786087372,5.793552207075436,0.9772309761757024,0.5719710103328951,2.0
6.3564807141036965,-307.51493255977107,7.13331292565465,0.9789598446447858,0.5185572595834542,2.0
195.22256966862932,269.1138192668809,5.213694726902691,0.9718707605976312,0.536726849174026,2.0
-68.48986883186845,-311.9268972041604,6.040972356734349,0.9844389216758154,0.5750584949356965,2.0
199.46312147329,-266.5378354894268,7.5290137969135715,0.9859875540577832,0.5567197882375307,2.0
216.6651784796527,203.06849042678314,5.637410038081073,0.9870212503390131,0.7065215594865663,2.0
-88.7505061176083,308.6381594038126,5.595590565305313,0.9867793376037927,0.6362840870909938,2.0
-141.7253758727099,-281.8360803145183,4.2946594978253705,0.9688470542191543,0.5313175325122065,2.0
-306.1852169782477,-37.745435929523644,4.705076119924304,0.9751023381429906,0.6265705788369269,2.0
-287.8957421353929,-205.228000819611,6.100960567888642,0.9824535883382595,0.6126398107167839,2.0
219.34325992482334,-217.27198675535826,4.763514102570789,0.9673167139034239,0.5204171476538776,2.0
-251.51420102354209,-236.71250729618802,7.06081682390646,0.9887059896645196,0.6699373810118957,2.0
129.06245001852383,277.1390518328069,5.465291755201157,0.985886326310801,0.5806357391722283,2.0
194.37689299842458,-279.5652877839658,7.0358297357116255,0.9812518884458874,0.5431014428307844,2.0
-88.29882371477713,-300.29709806431987,4.769187258377699,0.9761655281006568,0.5702064075877565,2.0
67.4742019051891,-328.29910259888675,4.512860248234234,0.9774595357023336,0.6414364048194118,2.0
280.1110735377288,150.518768564243,6.423881821812128,0.9841735776350643,0.6205390237528313,2.0
-324.72130171827536,97.38108171391464,8.18112499307223,0.9824840799181588,0.552004607172873,2.0
-319.3386029707116,3.324214827576417,5.718585578694778,0.9822123571727808,0.5916496845560256,2.0
269.74499387443757,156.08836037506728,5.75736581331921,0.9873133420748753,0.6689074082899448,2.0
-100.48391050988918,-354.6710524094654,6.026392169988108,0.9757349464076402,0.5068035468633266,2.0
219.69620530124084,229.61298517643644,4.551142176061015,0.9665542780884782,0.5079019864445874,2.0
-182.91346332368119,266.8649477470213,6.9024794472448265,0.9740995963983572,0.4924211158705094,2.0
-282.68598041998627,-58.684895655944395,5.550917896715993,0.9776626726096526,0.631041240056848,2.0
26.37305683306126,338.69076775657976,4.925031706983864,0.9666463518601279,0.5203788157456626,2.0
215.53310694735396,-226.58413962527226,5.611130116005234,0.9743433352549817,0.5547596871365343,2.0
-26.14012929968405,-313.059597885027,6.660122969341245,0.9785541302889148,0.5714002303734574,2.0
-318.21582641692044,68.62220835696596,7.200230059776046,0.9850934452905749,0.5785207821068258,2.0
152.66606433871948,-296.8934815785549,6.583920652566184,0.9870119867933632,0.6193697699116277,2.0
-220.1908138216754,250.38017307822523,5.28635621371657,0.9661707904904396,0.5381667504748046,2.0
75.36615325180881,-309.2110313427716,6.269603435678998,0.9831357384141687,0.5857451342162494,2.0
260.70305609894353,-42.56278928166545,4.019266050657965,0.9763895852551991,0.620727811623491,2.0
294.55890088956806,-133.39068428234705,4.62022510420042,0.9806684256020778,0.7218906095395868,2.0
-37.67626102546875,-318.04448428141717,5.431496053678573,0.9868926337810964,0.6515949433308196,2.0
-250.40361273738444,-199.10994950271686,5.807995270188573,0.9786093419268117,0.5235272653642439,2.0
-302.76906374264036,157.3556413302609,6.501465113905512,0.9801960824699164,0.6122348621376709,2.0
136.3051300062954,-278.5072957949362,5.101760876760299,0.9764403555833233,0.6206358078290869,2.0
93.66191754176128,-348.02037728500176,7.137116971271996,0.9864763369432795,0.613082840045688,2.0
262.46124361890935,-181.5976933313541,5.028014263116319,0.9799207598014338,0.6398169631665376,2.0
309.3785530048595,-28.041932640425724,5.8125096024259895,0.9844341458367496,0.5835838954880739,2.0
321.19683682200207,14.207183703211516,6.827616014523243,0.9848330062626758,0.6244187890590258,2.0
-255.77997054645843,69.08594854192175,5.464964170227527,0.9660718133392825,0.5084110241886952,2.0
289.34048890991403,-88.47203364869327,5.894336320520621,0.9803809307635816,0.5910378927478607,2.0
-208.33028797910507,-231.4067559141333,5.835229137332881,0.9853368876245029,0.6405518695412207,2.0
-50.81198396966057,298.1623070167074,3.693260304554054,0.9759400298430774,0.6183846302593442,2.0
126.03154524674676,-310.4903056733942,4.7572167744420195,0.9673122881949926,0.5187021793980008,2.0
-159.54085459285167,262.191201580559,5.795909445667067,0.9795089176355862,0.5233773657232779,2.0
-236.6456215827025,186.14433001144238,4.856405154138504,0.9793050355412432,0.6421947111664004,2.0
-324.091484516255,13.41791779292695,5.8211674336130566,0.9754294021426771,0.4981256824344083,2.0
-118.70402484660588,-311.7744423430216,6.226425671922549,0.9701225481483241,0.5327161734274428,2.0
293.75341494216394,171.1247565748674,7.186502191158557,0.9804435098732167,0.5407203386887913,2.0
-301.74354201999813,-45.7049535363578,4.685400341589508,0.9735646533519157,0.5459765590708365,2.0
104.9123194451739,312.52427290964016,6.684325905372237,0.9738368287587086,0.501354666217374,2.0
-223.3240983131559,270.1266279524235,7.093625168733897,0.9886138760480482,0.6091995020390052,2.0
-170.70959151420567,265.14305096737,6.159141182615488,0.9710484062634032,0.5389307651544492,2.0
307.39722279619986,-84.76628479149453,5.3593544814203975,0.9748810496551109,0.6118522307553514,2.0
-124.06071854593868,282.1005665472693,6.986640124057528,0.989017741664444,0.6803391451376345,2.0
-308.0509510378628,96.8650180881838,4.829243399550634,0.9784049142733837,0.6348682274469848,2.0
188.44566356049248,222.65974335903024,5.05384148833864,0.9801565385180463,0.6252218508096506,2.0
324.57160652375416,1.8741395590185788,6.299431301327082,0.9791908543415565,0.5761426021039866,2.0
324.60186350829605,-212.94970709873533,5.168597613790269,0.9836407064043681,0.6285681123759381,2.0
14.163200349938773,-366.3926166877802,6.817477338104532,0.9849769154287242,0.5694554209221926,2.0
299.0908076820035,-142.42080513565875,5.932467857134858,0.9776258877683737,0.5774329561794154,2.0
-148.57125214421248,-254.8152688006309,4.933529940905286,0.9728141756981227,0.6763463778280342,2.0
278.27821873505957,-196.96205393571898,6.469501424484539,0.9821104467369922,0.6045184459709552,2.0
-118.99495570203989,-299.5096315820795,6.6429073311895275,0.9713929557770096,0.46798805808570687,2.0
-214.62885902775844,235.21439911123483,5.019759107824656,0.9818335010206597,0.6060168961991529,2.0
-298.76486667784206,-125.43332103490094,6.406843972614206,0.9779733458411783,0.5243950657918987,2.0
-257.46008298349216,210.2997251166086,5.108326618842459,0.9811421410419248,0.5966382765558005,2.0
-109.5856684903734,299.2233470795311,6.04940641840446,0.9890079027037914,0.6576252692761713,2.0
311.3610155350002,101.50921090717593,5.372822099705477,0.9776317278674924,0.5687561324492472,2.0
162.04193712884415,269.32077334176444,5.633489815260868,0.9869248460571923,0.6866788473958516,2.0
-33.13293260514439,396.21478660715366,6.7228837684325935,0.986149852148286,0.6050519743936609,2.0
271.40971982358553,108.70578389186811,4.507523636543646,0.9540522400974759,0.4785177295889907,2.0
-299.321563934369,57.904617221213776,5.5934440995157635,0.9789573324020433,0.5762519937087324,2.0
322.19870148306643,-135.30976103281293,6.121970686333643,0.9781086187814007,0.5776675342410741,2.0
-98.80475383413312,303.58854805651464,5.918703530235798,0.9855563078140501,0.6348774013234125,2.0
-323.6039100092266,55.550869138090164,5.9504239493990205,0.9853996263744487,0.6886384607158792,2.0
-303.69978088306607,106.46859300570753,6.028520032074613,0.9786097935295202,0.520326518163639,2.0
-289.3416869017079,118.6298523057347,5.73521186552441,0.9797141046478748,0.6045491904151811,2.0
-230.53120101690283,211.7023416069549,5.782966017733747,0.9691614216107651,0.5167490112408356,2.0
187.32018512572677,-269.87022617079157,5.289578808090794,0.9872082100465172,0.6887408009957933,2.0
50.069234264152946,-326.50141416705645,6.848128473005698,0.9889834655154364,0.7032936683250167,2.0
150.1229458507489,-265.41618791316307,5.92116120306194,0.9878743282814606,0.65621431326391,2.0
-238.77541025696675,-241.36059070860537,7.010073266458104,0.9768128970108299,0.504647301602549,2.0
81.31430925935055,-317.5982952202016,4.5674284341848335,0.9598815799014269,0.5573590456680962,2.0
-160.61946041090255,284.750544421051,4.896377802867476,0.9764363676585937,0.5609276699752291,2.0
-84.981704810835,-284.15469706773064,4.132775307469185,0.9704234719953233,0.5494004614183832,2.0
-28.585528947677265,-325.4840330965779,6.566162957231653,0.9768183107100153,0.5160943209877081,2.0
176.5609050654159,95.06799360946444,4.881826800840236,0.9738652590614253,0.5548310974426042,2.0
-179.63068721200688,-262.0987636244209,6.4051293725600456,0.9724383285596675,0.5384146379465478,2.0
-30.90486631961592,331.49867559644673,5.289180137728586,0.9699671600935537,0.5284615218488032,2.0
287.009728463877,-162.00229767300118,5.686938154508455,0.9800033435818393,0.5838453469475414,2.0
326.98040886242467,-81.8114597386833,8.21272467344231,0.9794147781637673,0.5273909902247611,2.0
312.103893080425,148.0469936583867,5.60186445763899,0.9800594726703271,0.6419882852534944,2.0
-197.33795961521935,226.6082151923817,5.668517819563552,0.9797000341772011,0.5922493063509638,2.0
310.0334511673743,15.354327286708935,4.845335913694401,0.9696108731537609,0.5212838720783382,2.0
332.8266524625375,50.31872885672777,5.424425252094562,0.9781887134769759,0.6302501682232219,2.0
270.3957160500687,-170.23013252349546,5.79008072849595,0.990830036340983,0.7247356628617214,2.0
-78.71832168614175,312.3005363297385,5.36413882559789,0.9805519425257548,0.5890638089363871,2.0
-64.50475041951152,325.8666767030778,5.4639365710547265,0.9817886251456643,0.6496199619740816,2.0
-367.0628499492203,-17.109049243380838,6.051629514708496,0.982905931402859,0.6330029251931303,2.0
-223.3208336551715,-219.21565637525035,6.6556413974127375,0.9796556061864174,0.5731455006994227,2.0
329.92683508878645,-166.3671293015248,7.0190936811626266,0.9821787025181025,0.5587169759690802,2.0
108.5816796344194,291.4446180690364,6.790462766474326,0.9807378714370286,0.5408832569856866,2.0
111.06114600950922,280.3982268492219,4.974564427960842,0.9656906586374545,0.5795237255974699,2.0
83.4559063934848,330.33796407631047,8.16698840463303,0.9842240832159322,0.5325497704786509,2.0
363.3735494928578,-59.54701496393284,5.746566564714422,0.975696190250124,0.55388701401894,2.0
-38.882578826200564,314.44233202965717,4.784335738496454,0.9813964125166357,0.5918761953606079,2.0
131.40604200074642,-301.1136538175309,6.356869128514529,0.9822018250776334,0.5577265242048782,2.0
-16.44626164575733,-321.57525732911347,6.729448731025923,0.9814609207489948,0.5940259316630182,2.0
-256.8736625053225,165.0732254001568,4.572759478395313,0.9653835366010368,0.5761872773761741,2.0
188.76550064841246,259.5439984927572,6.693796401577476,0.9875614739206396,0.6211128068932642,2.0
113.52810993828825,-293.26954746744155,5.42993071179434,0.977923377499601,0.630511506649602,2.0
51.30394143869035,321.49871475363267,6.789914532813661,0.9719867487076642,0.5380677204745856,2.0
-317.0084747571168,-100.44084018189808,7.315702597385362,0.9838403935374459,0.6123630787806402,2.0
88.94198695221887,298.80859788356895,6.033242152733254,0.9901535411158267,0.6404736506027763,2.0
-283.2376301755634,-144.6297241240911,5.2634122112276716,0.9811642491591639,0.5946825692536063,2.0
180.79083738149092,281.1758649148945,6.235471160213355,0.9824460808555122,0.603403635001897,2.0
-209.94929551309656,245.71599649585806,6.608150224724377,0.9856856178573548,0.694733971678273,2.0
-3.083366047229622,303.0711701203221,4.278211405784649,0.9480788370781276,0.5099977398205459,2.0
188.27434113064572,288.6992609881282,4.741231361864488,0.9721213915264109,0.5335094956390319,2.0
128.47553993676814,287.9297184727472,5.687972067147198,0.9686236389732149,0.4631050305687224,2.0
-327.2204202097805,120.44868696337721,4.920716393129135,0.9670149590500031,0.5619765024636957,2.0
219.5231157780078,-255.71069414335616,5.084146029052087,0.9872043689606461,0.6949395986483674,2.0
60.52637845737347,313.7582025078422,5.66275710444964,0.9875572528652999,0.6996682782907442,2.0
-133.35454895167706,291.3599923883135,6.6921082282137,0.9840795202345909,0.5904779040787687,2.0
302.0350877846576,20.53336686247682,5.104289846296722,0.9773772787400469,0.6269600924095619,2.0
-79.60322636273169,-317.2130305608169,6.709464368066282,0.9816281573206759,0.544866520459027,2.0
-179.28911773050524,255.1259628718894,5.6903043730201395,0.9854001799968695,0.6762549079403694,2.0
15.182706866498444,341.86030221151094,7.257161964840956,0.9788695180132045,0.5253433576022238,2.0
225.82846451314828,-285.10304175743795,5.748444462653013,0.9728086765023127,0.48137427734777655,2.0
299.6252864036722,-113.97137065491987,6.19550659753705,0.987920878300369,0.7022447384062626,2.0
204.75977890288985,-304.1360695862362,5.027826139586182,0.9727787530445751,0.6029526454021685,2.0
-13.421415367475092,319.2776151618485,5.296793177423252,0.9778936622400579,0.5684098585954295,2.0
-258.48771724300605,201.1959259387765,4.421740814336618,0.9655099588497352,0.4982541078841667,2.0
-168.10730362133432,-269.8163734427646,6.725364572015794,0.9865704445759336,0.6555269774829958,2.0
29.33066330803757,329.13604894800915,5.542771958881929,0.9848022799108764,0.6845260323627483,2.0
-150.3262085703083,-301.2143283528383,7.533831239341854,0.9836144946534137,0.5609718851406356,2.0
-138.36086115497903,-300.20747366653984,5.065946788300076,0.9723360551481188,0.5487332127497925,2.0
156.20439430842865,278.0347155660907,5.319544783360019,0.9794113690266316,0.5269133282784599,2.0
-323.84482368810643,-53.26942810844413,5.1937651455440275,0.9755355054952646,0.6278703548310408,2.0
190.98100747881205,-247.35552487278431,4.989327446862476,0.9819996132655127,0.6567831835360696,2.0
-55.70975570837825,335.647146212398,8.09355065236273,0.9772278781843636,0.5138683853130095,2.0
-244.9744838885207,239.30714791963263,4.342025668269481,0.9638980362300836,0.5655780142226426,2.0
248.8973945405543,259.62499895058096,5.025932780360982,0.9754957259197746,0.5563118526519775,2.0
-301.1274537277029,-137.37778136563014,6.462824347408388,0.977583210128362,0.5752258611591764,2.0
-85.82568611763045,320.17004568874444,5.68553367318754,0.9821924231108025,0.6043248503928401,2.0
63.8635290433471,-359.7711377297988,6.443098686234928,0.9860824381084127,0.6470702670707441,2.0
315.8414743657543,84.55064231620045,5.513606652350416,0.9724908222754979,0.5397371175243891,2.0
299.0500091802228,-90.56556618421413,4.309998459283369,0.9882264171959522,0.7083981405592751,2.0
-305.56067845798884,-28.966202431825767,4.559041799444803,0.9682464990091213,0.5875299701415475,2.0
-186.19141498124728,245.93490410744948,6.098705987688947,0.9811883116872708,0.5495423374083984,2.0
-119.57218439071465,-287.4343213427123,5.97266465058018,0.980017553358711,0.5913298348699028,2.0
338.21199766155985,68.35207700404202,5.940682620022518,0.9819163095360861,0.5479561619117524,2.0
-248.31593951752984,203.73173325220756,6.472549492758295,0.9854794149476497,0.5801073816470806,2.0
-199.14678389402545,279.76266613866045,7.013458177480146,0.9846162427264337,0.6214928042529448,2.0
305.26494823886634,46.709673540719635,5.844422025428348,0.9764553581539621,0.5577554363966328,2.0
-5.056490984690611,-312.9222772067898,6.04307660158631,0.9834486897919357,0.6316780843582437,2.0
203.4724061098541,-246.26260598878324,5.2967636219927625,0.9775602930978747,0.5640986870917715,2.0
-274.44363981825376,196.17134406967787,4.872750898848238,0.9743401366820569,0.5630564176504783,2.0
-292.8747610579811,-144.26423943446605,4.803735219764203,0.9673662807049159,0.5089129508785197,2.0
-205.05001384883764,-253.23699103107373,5.543094764497955,0.9849293543446526,0.6296826905126501,2.0
-329.21852076114425,75.54533846479715,6.237566561170261,0.9862466127237017,0.6510255204101628,2.0
116.88155989049734,315.8395144152619,6.500901054644565,0.9695522695309822,0.5235753344950781,2.0
-216.30446265618554,-251.0471708846863,6.231005020579197,0.981740492782865,0.5958102048016625,2.0
320.9519342204112,-28.468332928087275,6.133333022846124,0.9817694982186473,0.5431355551006072,2.0
145.27367609913398,-287.63848459863806,5.501199085479753,0.9743798303137581,0.5501214033577251,2.0
341.6269763867309,-80.42677370512908,7.279223676467056,0.9758070807281414,0.5102849886555253,2.0
163.93315287358342,-292.91067805914605,5.49673132961309,0.9832765682844575,0.6331244179821226,2.0
301.1258074504755,101.78710030162783,5.133025837605327,0.987956301252123,0.6575661327302225,2.0
-162.31604907899555,273.8774834649839,6.568883096203811,0.982986806906138,0.6095748328525243,2.0
306.52135379436675,-152.0286047686772,6.669749683928199,0.9778684667606901,0.5709908724665201,2.0
-292.9792304399712,-58.780415777149926,5.154376573448678,0.9714673046024113,0.53455174030548,2.0
268.6904143614643,-203.94284019145843,5.914757743994049,0.9754303458738323,0.5060823916024214,2.0
-300.01492033100806,76.80227569140966,4.879321957159152,0.9554923318313663,0.4617192821877484,2.0
167.90504932944998,-268.9554672972543,5.648399430643599,0.977459841856085,0.53761692957087,2.0
26.69908884562229,286.90734521539804,4.834694980372341,0.9680727085035986,0.5172726882389039,2.0
-325.42525199151436,-65.89646613059226,7.9815988298234934,0.9800107786990818,0.4871908208869452,2.0
53.19357428532275,289.6377043348379,6.085219768196138,0.9868955978272714,0.652896464722011,2.0
350.38427144135034,68.66543600681689,6.524065872197467,0.9837067397462773,0.6556578605873316,2.0
159.6926217168235,-264.70177748059734,3.9299972489937676,0.9644872651675593,0.4975219105955782,2.0
-292.47425859693607,149.29394633459427,7.192411104673632,0.9750695379981893,0.4921576354601403,2.0
-135.3476281075674,280.636451821011,4.694176447014357,0.9675094494678675,0.5166618468083398,2.0
-330.35409400057864,-18.934640257698227,5.447352635900664,0.9821151178196265,0.6574178043006603,2.0
-242.16154886261722,215.02753641298483,6.797514198265788,0.9867650713090166,0.6412090483925242,2.0
-302.3643483960106,-150.11472242499406,6.728696769278782,0.9884920413802725,0.6537879079685026,2.0
268.9232551678815,167.2548818802512,5.821449536010391,0.977698720933269,0.5722614266553869,2.0
119.71845520563883,-302.4909483839866,5.977695171690338,0.9692979833833028,0.47200747217452277,2.0
47.56779148836238,273.47767242096853,4.086198531194355,0.9658427459476657,0.505905137158287,2.0
291.4418383171746,157.50528207895977,7.336276020679206,0.9753939144969744,0.5059950198906582,2.0
53.59249100817016,-354.6715310870131,5.343280875345786,0.9827299128245889,0.6194344392546339,2.0
4.907905114343524,-328.02807506748934,4.904222806149119,0.9724958721893943,0.544760394428627,2.0
287.0420326475405,-207.650924649661,4.820996781980002,0.9891562930023372,0.7163194413979413,2.0
-314.37102620950105,88.46070557976681,5.956203955661684,0.9873901719221924,0.6621156940148301,2.0
-241.3867406602053,-229.9843737598218,5.2176992666575,0.9826448811966683,0.6758763890454134,2.0
346.51705015455315,-68.8344424499851,5.825322658411549,0.9780305208581968,0.5886476643905122,2.0
-257.43695791740026,-167.43100398693937,6.494206718409009,0.9683256052622279,0.5201961896876377,2.0
-316.8544002832478,-114.40234292209423,7.2489394116379415,0.9743221951864581,0.48781320400170664,2.0
135.7073580017111,-311.6371845878641,5.373420204708934,0.9796192763779656,0.5790418731429048,2.0
-344.5000225841307,21.24370796492283,6.164185035627788,0.9756037503701043,0.5014979571960311,2.0
-96.0272175334175,316.51646518115444,5.5445513167692635,0.977018963260398,0.6250460113322027,2.0
242.4450282120678,223.50969400882235,5.886053269690331,0.9808861734947835,0.6470904352087271,2.0
-160.6244965819999,-280.84149905242066,7.071850352524624,0.9835837684334163,0.5638334243513718,2.0
-367.2949453373839,69.08638376631569,6.477175082646902,0.9874741190926293,0.5993357721039084,2.0
-248.5177342900306,-208.65138705374343,4.299447473542867,0.9714112333634789,0.5283179472271451,2.0
208.8138487837491,249.32232482023227,6.781642834543779,0.9835104068163033,0.6282287700880084,2.0
-179.843373210656,-286.11696094151006,5.110054609459956,0.988662801916568,0.7112667050678382,2.0
222.95390150170297,270.7603146310838,6.957451180554109,0.9788915244838626,0.5319995196815661,2.0
312.43962643832094,55.68044954112253,6.092467237510995,0.9676752987306052,0.4623669044145311,2.0
-328.3286599026142,45.0435956790086,6.035081155334965,0.9785168081868031,0.5595690742814544,2.0
255.00374587439413,-256.7190712996394,7.226774174363523,0.9911365528396712,0.7248226733475667,2.0
-39.859755401507485,241.34743069380872,5.406971671966749,0.9850778938821022,0.6806463951614741,2.0
-75.3228760259488,-349.25550788632563,7.070878508669596,0.9823137538360126,0.5481476307113564,2.0
350.51344032257794,-15.523308340891813,6.44632704984407,0.9774625753074979,0.5911306373799741,2.0
-332.92451259088915,-76.17146955589234,5.541792863714618,0.9656277399858461,0.5249014170441937,2.0
40.86046100735296,309.33319271405026,4.689832921719527,0.9750747678131132,0.6157015900659693,2.0
-25.90420967559664,-354.6740488653326,4.761382406656717,0.9714348306741911,0.5336019281743486,2.0
-329.5104147789079,-97.76183343147017,6.045488551585145,0.9784921251979756,0.6333460801236931,2.0
-129.38159195894877,-306.31000668068106,6.250595706273965,0.9791369728665741,0.5398107162462669,2.0
-344.3839904110117,-1.2824978917559424,6.52929525245754,0.9806584505354193,0.5524219613008238,2.0
347.2995310176941,102.77192868445046,5.295032921979011,0.9785436932609701,0.6407763229490471,2.0
-353.6502574141125,41.23315638237975,6.6575285885120525,0.9847740810597352,0.5671706800728401,2.0
-21.792520543258355,-334.0167526447897,4.776175248816027,0.9727697157102104,0.6009673912949218,2.0
257.6671538228205,-200.54967942802367,5.984022010241096,0.9866999753959533,0.6843448200048737,2.0
-281.4348888935616,157.02211742685577,6.80458744287192,0.9809702461562724,0.6451598917853261,2.0
-74.7320332643238,322.27172152274267,5.779784655257625,0.979076311748288,0.5891065420128795,2.0
315.0824477056041,169.18189830104822,6.039265948420401,0.977803337068907,0.5824191907757355,2.0
-324.65851885549637,-6.691975491859036,6.173632454369474,0.9750652322032467,0.5512035027881769,2.0
189.44558127232528,241.20759851705967,4.6064830253996165,0.9859466665984127,0.6926165504583898,2.0
-137.30931782624438,301.3531358471094,4.683434264328142,0.9554134551901058,0.45741636180961515,2.0
-88.15920573502943,-309.7945191253211,4.9089740547969125,0.9853724108708791,0.6803307625984526,2.0
292.85897461420336,191.33677761217902,6.149051717079615,0.9763988143029837,0.5045786754069019,2.0
36.871843801010606,-326.2601511634803,5.803411107116081,0.9828213744194495,0.6104828177525196,2.0
-281.50199837643316,-215.92627887570015,6.991462125084434,0.9754880790872584,0.5530961460435196,2.0
-40.42193699242595,-329.2056657157542,6.488438687929736,0.9712780747903825,0.4771311110584547,2.0
-48.322704488936466,-320.75245953658754,5.689992759852126,0.9782942608056341,0.6502495761620118,2.0
284.88269438629175,-186.76231376804833,6.332431051422879,0.9814402996291994,0.6049783946312667,2.0
-253.54926265594548,-178.0048534627353,5.2474894530001635,0.9789971658193176,0.5767806211887675,2.0
-312.7430372069263,-140.750187048411,6.270329169871148,0.9732008206985846,0.5690138309092605,2.0
267.37262111287134,207.1168135677077,5.154523360325264,0.9711940896350931,0.5317118665566328,2.0
89.80507992982943,-324.0136417658839,6.329866543877345,0.9856109964967419,0.6499854092863525,2.0
-212.41366372595797,268.1204081806781,4.453402890406858,0.9625047948267244,0.5568005139222905,2.0
-48.2090128892555,324.57932103512195,5.897635104766668,0.971195437056131,0.5324103793068562,2.0
291.43003256934867,-179.24515457568873,4.164622813667314,0.9597633457433141,0.5549413777505706,2.0
-319.4407742035978,-35.47917766859445,5.71230096742712,0.9827217237726749,0.6102533076248854,2.0
-87.56210135266856,353.52986329541875,7.081842395336619,0.9921445162095365,0.6922529175803215,2.0
-46.42020109134859,346.1904559945726,6.426665287091202,0.9791132759869765,0.5785766788769862,2.0
99.4999903993152,-307.7746068091641,5.612939708780884,0.9723360394412434,0.5394118437651069,2.0
-108.93970255690071,-316.7719999855224,5.412783248163266,0.9655421254812087,0.5159309569008639,2.0
344.35558915408427,-112.07262150729727,6.261114909963676,0.9877028720568073,0.6198441617716625,2.0
331.1513390322434,129.98094228913186,6.736283041772388,0.9804541605989984,0.5852583293920021,2.0
333.82767214354595,30.994971853755978,5.830062089774575,0.9700208491114437,0.5287864294313355,2.0
-212.1744208341504,-261.8587068786096,5.767369244547213,0.985934547735545,0.643309320797443,2.0
-287.2925622127943,-175.23057644733873,4.537104302084105,0.9678193025603204,0.5286560185997057,2.0
10.556774264027665,329.29394274785443,6.705264112691651,0.9877473722264803,0.6636141367981097,2.0
269.48876761492534,179.79586889582896,7.314781103777138,0.9800516051993475,0.5292445989849764,2.0
-294.52071332640014,-184.82417281097977,8.083188031833908,0.981942377583133,0.5436297810588094,2.0
-359.69653985304853,112.41403830870604,7.484124859278505,0.9888115402160907,0.6294597645514256,2.0
173.27341157458284,271.9632319639975,5.979345074532354,0.9910342625964368,0.6909108699414157,2.0
60.46704908159216,343.3924619935064,5.347214539651867,0.9846623854423882,0.6745516536866679,2.0
-296.7894734402227,187.80555445772683,5.864798135452778,0.985777892627142,0.6300785613227241,2.0
-323.0606791699295,36.19754199270991,4.277342308427565,0.9685906353479607,0.5917537773313443,2.0
-241.23009752831808,-213.12958680834325,4.572204836705528,0.9702645001921109,0.5241321242042406,2.0
-333.7880918313213,-44.08989845729662,4.7159430985624,0.9847320910650494,0.6358605262408449,2.0
-149.71547298211502,259.6681820644431,4.664212002782317,0.9714490864739902,0.5288207012996013,2.0
159.63667332368567,-323.4593696406,5.807917505409071,0.9803405834185562,0.5866246869870655,2.0
32.429776572226494,-336.109877054341,5.380860954803238,0.9858242596708997,0.6329358228425617,2.0
-129.1833529213937,-320.15073474498126,7.9152058634818205,0.9820069234151549,0.6020014574657975,2.0
335.48626289211137,-42.625632691266915,5.7455192026922575,0.9824786577767877,0.600576980014276,2.0
-278.03322232810643,-181.8491501249986,7.108803793022961,0.9946050244289706,0.6979456892579551,2.0
226.4943676223583,236.38695189370162,5.412647768525056,0.9864966180192121,0.6825770561466301,2.0
-156.97746457274556,-270.09411902409516,4.537173742041076,0.989009690432064,0.6676217949105098,2.0
-336.6394105625437,54.9497184213683,7.221081607397929,0.9928131546563098,0.6904815016225624,2.0
2.0804319209098057,339.22879729668324,6.5352930062361,0.9859815591165902,0.5859481255197767,2.0
117.12975001847127,-312.52486848570885,4.647351048329353,0.9865993161184659,0.6830830763414318,2.0
-151.4576317643415,268.8588413182345,5.058319911230067,0.9816545507503455,0.6508262590319936,2.0
230.14317269872612,-275.24778199402,5.551032353060847,0.9824848686254581,0.575705901416781,2.0
323.1001739927837,26.72430054871069,6.0971453701020435,0.9851365456574043,0.5720839319853467,2.0
286.2029485100089,-98.42615150465714,5.027230500182277,0.9787482047852339,0.5909705469253844,2.0
-138.51503904648553,-272.58051717113096,5.677823374646913,0.9869796394856657,0.6536294173191884,2.0
-130.95061057437846,-282.19182070603784,6.991700896004854,0.9848221312026784,0.5792867436830367,2.0
333.05385780214596,8.34979143091961,4.8642458512669045,0.9735171209767621,0.6201456812787682,2.0
-276.89538351632996,175.08395002562824,4.2716528604283655,0.9669787642365156,0.5064130174667135,2.0
315.35229489088385,-19.602480439358157,4.821144349520787,0.9626541761258003,0.4924064836245683,2.0
-21.33830076828638,337.36144514382613,6.289630703112627,0.9908492805688496,0.7230472237151374,2.0
294.64823822515393,27.729092855135562,5.732283856033074,0.9773639761808134,0.5649653718545239,2.0
-65.15810558388915,299.4698283493443,4.709588242006318,0.9666851405241572,0.5320453450722828,2.0
207.04456337027509,-277.6403295636084,6.214375389227112,0.985554898611559,0.6389084682767401,2.0
-174.70699610126672,276.7632783706824,6.408691022048176,0.9881092261274894,0.6293717923852687,2.0
35.34195122073373,301.95105676719623,4.953734939269944,0.9669628309043076,0.5103971840038759,2.0
-190.91721913641445,257.03478512344043,6.446414994107233,0.9725771327511087,0.48079591343040284,2.0
-3.6151234978692655,-354.20470814158944,5.29278291503942,0.9885531403838578,0.6660670979596106,2.0
149.1542816932554,315.7749789519719,4.65101638593996,0.9635572535261562,0.5108499815722244,2.0
-249.26716700231535,-251.11667017649216,7.753542037178065,0.9905025821392323,0.6583456571333364,2.0
-228.6857999834271,-231.93425221079357,7.1602865453572475,0.9891397445618242,0.6726963667277658,2.0
160.8272684577693,288.3388115706586,6.163868398796671,0.9892728281986176,0.6551541094496919,2.0
315.68122442213456,158.0859528712256,5.6331158439135605,0.9689750032412457,0.5160921557000299,2.0
306.6271299150634,78.4428212833475,5.823336090712465,0.9909608068616815,0.6878867733178556,2.0
224.80973898302656,-246.87993743620297,5.527066011938684,0.9825614739304342,0.5568453207944329,2.0
316.3634075036743,-8.117289090859158,7.130504037795294,0.9815064608880723,0.5935099819121898,2.0
355.797766814328,16.069935139499158,7.162408126486599,0.9872211318342204,0.6508793900336035,2.0
68.30311804853616,305.349051576828,6.1795473411973285,0.9833974465637549,0.611954301607598,2.0
252.5236837361717,233.9568215350913,6.687197816877872,0.9821926766386622,0.6714576511148923,2.0
327.26402829534027,102.33921707341399,6.034724110677612,0.9837353553921614,0.612072149209811,2.0
98.51507265085769,-317.8008112367651,4.897952181362969,0.9773767882839837,0.6292288074002558,2.0
305.10185116748465,-177.07770431324005,7.004463397752541,0.985680386899479,0.6254150678976037,2.0
186.15327586112346,-299.54804467988,5.547270823459538,0.9841161831497923,0.6666501028709545,2.0
-327.0999633220159,-123.33243818171562,6.993105431658829,0.9801727798718687,0.5967262509787645,2.0
-317.40494637295336,123.8176420801822,5.762552302127322,0.9893752662919673,0.7108396584613769,2.0
-316.44932963862294,139.4989848963599,6.785683646638949,0.9910047347155708,0.7245864606707239,2.0
257.61539370260215,183.69341187686854,5.659335205688589,0.9738547599119899,0.48886798064274956,2.0
10.903087540242305,309.36784656724467,5.17287034579953,0.980762440802546,0.6430166958801948,2.0
-12.960210597167302,329.62805608122613,5.454835403347597,0.9752553605295745,0.5509324208803684,2.0
327.2605178461256,-36.696599673518996,4.768238999040141,0.9639442292834288,0.5649151431664068,2.0
50.36684890522076,310.0187502521277,5.331107658670032,0.9746057121437715,0.5832291738644539,2.0
362.7515644097617,-120.87661522268425,7.061789141529687,0.981799663789617,0.5675039369496999,2.0
137.13619741476288,293.26316982121324,4.877136293211082,0.9769450685665909,0.5763985357530583,2.0
-356.0587180411207,25.080314636991094,6.353097688877597,0.9844473788832284,0.5699101621476376,2.0
-338.35592239236615,-67.10027000916149,5.319082730072529,0.9846484076422962,0.6183183809892566,2.0
77.9174384547577,-327.37286148306845,6.4424098423102905,0.9662303755459523,0.44945488354200624,2.0
250.4597299833934,-219.6784120491193,6.503040456601817,0.967989549344712,0.45831376571429067,2.0
222.71184552071603,249.7079545307199,7.367357308009428,0.9868458491057588,0.6414484709354535,2.0
60.82016396846764,-321.29955192182126,5.482173127773645,0.9858604079969826,0.6357032447737032,2.0
165.6981942003658,278.8129667077047,4.57309240854278,0.9853711654577498,0.673572165233412,2.0
146.45526013564117,278.80536278780437,4.823197526478221,0.9759692747187085,0.5624110007959108,2.0
142.4663130120895,309.5158890333653,4.985105311368184,0.9737926640018545,0.5493570003102558,2.0
-136.60418823208153,311.3765960275399,5.875017550897395,0.9788361858318301,0.5340180523986056,2.0
322.0827252554425,-122.17807371023936,5.551519377981438,0.9873805135562563,0.7160435472247018,2.0
-92.94549224932169,-290.3934812249963,6.397212442025383,0.9902786772127821,0.6897062801401315,2.0
168.28051098918453,-281.3943013914781,6.9219923679405735,0.994865071974903,0.7149633994642081,2.0
297.70225528036116,-159.76592298456833,5.737828137186331,0.9605253788081557,0.4768770104349993,2.0
-327.98898852562337,142.72558851206736,5.63522105776424,0.9742562923052618,0.5503190799398722,2.0
319.2782298219323,94.59391256779529,5.5279576944455595,0.9832721201727026,0.6595273649503556,2.0
48.92327863157926,343.1976943221314,6.543216221944402,0.9836344494961888,0.6113148026591905,2.0
373.4840368552974,-86.9380955501294,6.516182504054177,0.9772437233672614,0.5124563488004422,2.0
36.13243034043868,382.73674973199115,6.416561899647896,0.9872015817844971,0.618039272317877,2.0
308.9715315474015,-106.42906493844986,6.283736028671013,0.9813408603698096,0.5801727063084685,2.0
317.69286754694923,-99.91692069610845,5.002175937083448,0.9828465244370972,0.6571248807490846,2.0
-234.2791301574975,264.2650939127551,5.695386712054264,0.9770518046870061,0.5622734099958683,2.0
93.07883500856882,310.0571814490105,6.157582072798152,0.9735918045396541,0.5759728907141939,2.0
-222.2774793404484,227.67405902256723,6.028960252031821,0.985120746990001,0.6255513294129992,2.0
-340.2983464567097,41.262057599818164,7.007527861164843,0.9858506025768315,0.5984851890668101,2.0
-151.7334426143208,279.28281074217915,5.832520104252718,0.9765477954150988,0.504854040348696,2.0
-349.03715738806096,-70.96945278625003,6.369438102370775,0.9791432802342375,0.5856986160970856,2.0
156.06377378000184,-285.11241544178625,6.076334020163934,0.9789318936727796,0.5800788565774144,2.0
230.08374051272637,-256.44873306152283,5.649174674804351,0.9851795437485451,0.6329166227597133,2.0
-218.0093180976159,-228.55458500553513,4.421187110089928,0.9704741963226222,0.532540765034473,2.0
212.297212924774,-267.2158497172669,5.8222216698164155,0.9746131700716288,0.5474830145042913,2.0
26.011821984787918,349.87702722005423,6.802972246594409,0.9737131843374792,0.5438745144966295,2.0
-288.29310000618204,-165.45505613277658,5.569922544973347,0.9731187334680896,0.482135713112714,2.0
-334.1547561130914,112.24986760895307,5.837101209205993,0.9847832660974802,0.6924768248487196,2.0
300.5950288680239,134.5339739786562,6.100424313248317,0.9736254857825483,0.5469701268405704,2.0
72.18207052184765,-339.2766453166156,7.542787619999176,0.9824625234421069,0.5722899055595806,2.0
-90.72874182623184,-319.7902462143686,5.30669460291499,0.9695533512512151,0.5881560703984239,2.0
96.2026306920137,322.7626897914459,7.200679356524329,0.9858976011825582,0.5902212661314467,2.0
-258.6574355027579,-207.3400383482641,6.268632882909214,0.9822455193940213,0.5536167484881728,2.0
247.3606760281103,188.09442831606623,5.908643526598259,0.9853952551384211,0.5946955892805984,2.0
320.7473565657364,-70.74904250564241,5.21542820837122,0.9668788275432738,0.5888926376227078,2.0
14.936743150621448,-330.23943678677045,5.836337374008992,0.9813695447188864,0.5911854328756065,2.0
-128.44042974754882,338.154146062787,4.743758155307487,0.9797781048662331,0.637610674552691,2.0
-234.814817666922,-254.18702137750833,7.054639470047365,0.9764039124335736,0.5983977667811009,2.0
307.01081407405024,-135.71039456080834,5.045380901425889,0.9710932102499439,0.5935010127247758,2.0
-31.454656679790308,-337.198461872033,5.8225656177396194,0.9827055399491591,0.5746664527725558,2.0
302.8313221981516,-125.73953826525678,6.197359348406483,0.9814956328977484,0.6057725789897896,2.0
-363.27338067226043,-7.250799364705555,4.813528441045772,0.9789453389639845,0.6347846439352834,2.0
119.12576514669242,-343.4179624450896,5.608095823769325,0.9855502339668862,0.6835873691771317,2.0
-74.07505106247713,284.4766461941215,4.954569602703284,0.9575737659007543,0.4785253874740857,2.0
-211.9736186282219,130.20216643347885,4.9000732313119215,0.9823839034881643,0.6657070021402621,2.0
-198.0103486836387,-274.46019829775753,4.24766493434715,0.9666177302001996,0.5753956020280838,2.0
-32.47633447361525,342.3939316980308,6.140470350846856,0.9804481508665515,0.5967556907554287,2.0
305.64568010549067,192.35391031217958,7.132641618520706,0.9898814202221906,0.680366489281828,2.0
-226.42305417419092,-244.6819541562265,6.258086237643456,0.9736730844885514,0.5420635594454671,2.0
-261.83865166264474,-218.2446171293728,5.356329180379462,0.979700940406951,0.5265292316591728,2.0
148.6646988502072,-329.39291267591597,7.073503755737621,0.9875703858847008,0.5995950625440641,2.0
177.53887519648134,-273.35426480063865,5.420223472110532,0.9746682526817199,0.5778088584728625,2.0
-9.308541500319865,-344.0025194325476,6.678999973117824,0.9863467360839439,0.5937996186326308,2.0
-117.95847234051737,307.3622210173003,5.969292927634135,0.9834116752583659,0.6304951281328776,2.0
-59.21709279455462,350.1981841017921,7.472983188671791,0.9865068699766596,0.6860906606426668,2.0
260.1766805944873,-236.47160579660292,5.796161113814915,0.9856214221701636,0.5819059637385453,2.0
-316.09356419175936,-172.90855088302908,4.270813652499832,0.9617676077671155,0.5170648496074062,2.0
244.92276058079528,-238.4528372627263,5.805790900124941,0.9727496695661141,0.5419701457105507,2.0
260.369432337425,-225.40786429512076,5.533075252197396,0.9792220967398472,0.5381684160903243,2.0
261.2684871776778,-213.40941515165844,6.678751288697527,0.9857533621797921,0.6953959129499897,2.0
-340.79542619069446,-105.27355628952502,5.866763362916256,0.9679525985323301,0.5853496101452502,2.0
59.5271656316885,-334.99588636959095,6.2887237155593105,0.9824539195711527,0.6565558215129735,2.0
-314.45873340887675,-26.504097904408564,4.959997586498029,0.9812671978710812,0.6083234331788271,2.0
280.4371986975927,188.3270486733056,7.148764667523633,0.9836373247568209,0.6274417819722431,2.0
-170.35910967147564,-289.83098666775027,5.376148378707739,0.9805564714374144,0.5885065193952017,2.0
-253.60880150768645,220.80172775452132,6.497116117649483,0.9805617979791125,0.5879534678448941,2.0
313.6738937430809,119.45655724667435,5.100341932228286,0.9754976134448444,0.6134941425652147,2.0
-143.3443472303487,285.5067900412114,5.072495163070141,0.9816587449945765,0.6196207282438283,2.0
-190.08680100539377,-268.21474987063925,6.272425577202509,0.9743340082067585,0.48696543718272384,2.0
320.3415788496312,-190.06732116002374,5.709510671281207,0.9859331247022076,0.6551203859630909,2.0
319.3404878889785,-157.14882087353692,7.653084337879824,0.9857849142645586,0.6000488523623889,2.0
335.59143247846004,310.60512706470644,6.824051771110156,0.977431784456991,0.5712198831082036,2.0
-90.98726604076647,340.83740023194986,6.33009141663658,0.9751227571654033,0.5269417233544996,2.0
204.02791303731073,286.31144686111617,7.166960847055747,0.9835279835124019,0.5919776948273777,2.0
-357.2089984328892,90.6594800935881,5.864658566655464,0.9839448088251501,0.6245511377789817,2.0
269.39641631160606,-221.68210569026857,4.574057529077193,0.9865651813890741,0.6884748170936572,2.0
184.95629279236277,270.75784252478644,5.599616972029779,0.9794581520248248,0.6416058404615146,2.0
-108.5707309659686,-305.62004331303046,5.920131666076719,0.9840025247236062,0.5893840832155405,2.0
7.171949027474897,-336.98076630090804,4.772960655999011,0.9662321080034851,0.5143444069062795,2.0
349.40617633849786,-92.15645038557312,7.056193263197862,0.9918848201815996,0.6478284728253116,2.0
-76.58983322418034,-328.2449626390818,5.138724787458672,0.979803384868584,0.5833808496528038,2.0
-245.4344344056727,-221.15864997403162,4.914308708457045,0.9694194737887369,0.5201329997201758,2.0
-66.2367887728658,-330.7313525427254,5.826194971574155,0.9754186396099528,0.5023697857819589,2.0
43.18861947496865,-364.17876739967477,6.140380791683822,0.9800470471174617,0.5988589599229226,2.0
-181.0531338409595,-350.4066556616791,6.887429879457141,0.9865881849926305,0.5869785032590883,2.0
-69.95309453308889,336.7416004021693,7.05435609606422,0.9756908189820934,0.5799425458807514,2.0
-321.96307308115837,-79.23472500818279,6.10247664565293,0.9890658699882782,0.6266822897426493,2.0
326.17102920404864,-17.16163565614002,6.678184339409625,0.9811641761655738,0.5373526494954979,2.0
347.65530874465776,115.16899215672676,6.45537442613463,0.9870959964138547,0.6415562865162152,2.0
247.29970344264942,268.8059558093635,4.6134549937149165,0.9716181785101079,0.5341109945486,2.0
-144.4277430720016,295.2242830809889,5.139646752744596,0.9801330071907481,0.5412328857988447,2.0
80.67976005052816,308.62697386327943,7.137468872043196,0.9687530406773627,0.4761116814427994,2.0
-208.17583858331443,-272.997689765085,6.519592628061046,0.9783742786645656,0.5150974608325138,2.0
-223.6521231949223,240.31349340542505,5.746203867579769,0.9856326143994891,0.6762742514723213,2.0
-335.7387776524745,-9.425235473253046,5.88029231532695,0.9752709252196231,0.6156225531139669,2.0
340.5611481261174,1.4210656701169588,5.8044398770116965,0.9868210653963072,0.686071830808518,2.0
277.70043805805943,-163.93280761086368,4.198655100278732,0.9790306279061096,0.635523708208259,2.0
-306.7023359009569,-169.2086785863104,5.968951964361918,0.9785890044665569,0.5436578659541541,2.0
145.29820990801,-306.76470840232923,5.8264003952580445,0.9835295219926043,0.6240908704413937,2.0
175.11483450965562,-295.7645039398308,6.526296348312566,0.9806001336276402,0.6470743387107117,2.0
-232.00660044925067,233.25954725414084,5.637587652359792,0.9755845657835124,0.5519345762075643,2.0
333.843097059876,-68.61035790569572,7.232610714634104,0.9837933569499222,0.6144693629780213,2.0
70.80385940381645,-319.2325392994268,4.855820799559609,0.984259470867984,0.6928546034368533,2.0
-156.3882442219231,354.43208008683513,7.540913669844098,0.9804686357330897,0.5393161233080626,2.0
-117.15078527315582,318.64514790350756,5.594839214299175,0.9776999590611055,0.5720357877140526,2.0
113.0474056094174,303.11978224089955,6.206894346439149,0.9867130908187932,0.7058362228344527,2.0
276.5239821555,-140.81895625534597,5.213518141695763,0.9920962284089878,0.7034934943771367,2.0
108.68961742728557,324.1205261478468,5.790547198430833,0.9764971124898397,0.6265619574466923,2.0
-335.3532698334031,-55.48119145809576,6.9728948816270435,0.9841583256609551,0.577630227958497,2.0
323.55750665615466,121.1771384576414,5.37222455133587,0.9771863241211908,0.6227759812044408,2.0
62.76547491159292,353.5610659919956,5.444545407721024,0.9854443318981461,0.6740025242268333,2.0
128.64946258247343,-320.94699213973246,6.577424929886117,0.9854025067550404,0.638790393828143,2.0
349.78660931624404,6.151980730800814,4.985168584491919,0.963075707503273,0.4881152244069998,2.0
343.0784583389642,47.04906740848327,5.727703486437977,0.9759695653455854,0.5323738592946976,2.0
-275.4682756311731,166.4111638603038,4.864869998866476,0.971348979820214,0.5394632793419024,2.0
-16.380526075143365,347.8525011458583,5.7023048367791445,0.9785277712920079,0.5744583375635234,2.0
-12.120224550766835,-332.6082867956708,5.513964944242843,0.9748835428606154,0.5474112412439195,2.0
169.23197861759942,296.3892384900124,5.929644414765578,0.9733269692118566,0.4858967312710069,2.0
304.3516068758588,162.3167946709184,6.9856427516493325,0.9822004336246547,0.548760834686245,2.0
-330.64135564858145,-34.30155583521639,5.829852079308766,0.9903951905639137,0.6738134299742824,2.0
333.46883724328336,-27.7460842433436,6.651279451413243,0.9867176953819363,0.6833421965294311,2.0
64.80192216395844,-311.8126556804915,5.100907205455485,0.9680444757009851,0.5225387245947309,2.0
119.72403545465582,293.95199242455385,5.2220425097225345,0.9809822243090314,0.6736431291726994,2.0
-128.29686913071004,304.40794493454234,5.325479559905269,0.9762660395136282,0.5648376576747375,2.0
191.52436274492712,-290.84266311852923,5.0342163908334,0.9721711000665209,0.5352761504571583,2.0
31.448495278077534,-386.18954761283015,6.365940682548028,0.9855768427535825,0.6859461203810359,2.0
-340.3942699468754,68.41137912557855,6.860810645340079,0.9887571004669767,0.717174021644613,2.0
218.93604447113938,-276.27777092116884,5.862375955033234,0.979221140586402,0.5478290149090379,2.0
289.39587275620573,181.52572656467953,4.582485978572005,0.9683728852607785,0.5240190453871972,2.0
313.0968904312008,-64.56023610376035,4.983287354506,0.9783827702505121,0.6339192399889378,2.0
-260.24512835770844,184.15845824069194,5.729954353257958,0.9835750732892026,0.607190182976321,2.0
-206.28540464417372,288.60230919273835,4.670522191054077,0.9844774986637996,0.6184199934430993,2.0
223.7014885217011,-265.79046799904745,6.138911429577739,0.9800932318953224,0.5327022906931147,2.0
-282.056199601021,-114.83053408260525,4.518844540185916,0.976090867425279,0.6255657084031409,2.0
-284.0417431482826,181.17030705091537,5.48320601796572,0.9774945130736123,0.5690698739123744,2.0
-305.943799018789,-117.67508029743017,4.710006376392145,0.9613145114722852,0.4858027524270838,2.0
290.34366588029627,-197.53103071704555,5.920573055997317,0.9910285106354547,0.6902621164142408,2.0
-356.26656599426605,52.094167036505645,4.9354935354656835,0.9708286424177358,0.5258167457998848,2.0
-2.130149153138854,-334.9899201859733,5.1790748725539,0.9821951834260297,0.6052811663103947,2.0
337.7027474651556,95.65325409154585,6.836197680481535,0.9823323119502196,0.5679941518987255,2.0
-43.09236970638436,-352.6959195889371,5.758959312069055,0.9730970327077626,0.4874354939274105,2.0
86.75644642547066,-336.439830833905,6.965824089494309,0.9749514282722738,0.5498592707849503,2.0
105.11363935568768,-325.16764667899406,5.301754685848705,0.9831698766957977,0.616179281309973,2.0
21.544354820640315,308.87038581111875,5.881517759050214,0.9840535163255931,0.5692485129499073,2.0
-260.7744701286092,247.691696328649,6.075109175563877,0.9804420326481526,0.5319771719506352,2.0
202.60557927149145,-289.8057060173758,6.428391696888554,0.989444188380404,0.6656061687745368,2.0
6.473582236650359,349.8663629379186,5.286805582676066,0.9597070502463227,0.4813085200592853,2.0
325.60086615554684,-94.33942479632746,5.002175937083448,0.9649489180941562,0.5129049801047287,2.0
123.9227600890757,-332.6998846516543,6.628646791833603,0.9776119592745622,0.5154551696008283,2.0
171.2984936584921,-306.82803182469775,5.769971898815527,0.9699970235562568,0.5274374179849409,2.0
108.0186835382884,-315.4282745378453,5.224884050555635,0.9841789771775228,0.6146358282050938,2.0
-147.4112296547223,316.9831161890629,6.807702818382467,0.9818715748839771,0.5962760759151603,2.0
-84.64654251435277,-340.0653541034444,6.371404470114778,0.9808372327469755,0.5462941153386528,2.0
42.49914708473964,-334.97851432039215,4.920307543418298,0.9794312871534073,0.5845986351037082,2.0
15.368929988542275,370.9266478717973,7.101481070792927,0.9865974927061008,0.645327822513771,2.0
-231.06711148295187,249.41829035703387,6.307396825456117,0.9752088291675668,0.5598033277922173,2.0
-341.0949570343276,-93.19502868617926,6.95582146404755,0.9739932557612018,0.5476123250713834,2.0
-309.59169819298745,171.04796716649255,5.559022136014626,0.9778165689228087,0.5741615948550596,2.0
302.88176115678414,-197.85891082313296,5.68237532983494,0.9831502462618035,0.6195218136192588,2.0
-116.16108609491633,-326.0800204025496,6.859479734357707,0.9862606854067508,0.6814387490022417,2.0
-314.7238011985979,-152.3901954039175,6.255990560062397,0.9730322651763413,0.4890771372089931,2.0
-161.50337564082858,-306.2028683957749,5.141433468693037,0.9854504558205623,0.7009460956799963,2.0
-179.06725387536042,306.90254814265893,6.172130254228069,0.97650154761276,0.597094030572469,2.0
192.9831411617286,279.59631018123383,5.9834716259900445,0.9892357584714153,0.7162499316030512,2.0
-236.42628384619576,288.0268376189779,5.82706435444323,0.9864936194206426,0.7061577378967222,2.0
213.9067201986745,307.6733258562003,6.747394263112294,0.9823566940035867,0.5519374060554441,2.0
72.76428178163438,-352.10507936648656,5.851648927236507,0.9783461917402073,0.5843103204926344,2.0
-270.0538437758425,-210.71615942588608,6.1846558216124405,0.9803863745327133,0.6121409258186623,2.0
-223.80103459582298,-260.48151778800406,6.200520183039228,0.9836863040986672,0.6310193661719592,2.0
-259.52716262494374,-244.75536592777425,4.731345896394677,0.9690183630135778,0.5839967337767119,2.0
-94.84400877710759,328.3672414445782,6.829229787856972,0.979533127129523,0.5506859853743185,2.0
212.40785073523116,259.80535044051436,4.817546313010275,0.9684135728848663,0.5819537641223612,2.0
379.5423342388142,160.40764094908255,6.028186209147162,0.9889263937870469,0.6584644696473614,2.0
-149.8260789247496,-287.8712751293706,6.122098091244976,0.9868822174699045,0.5916286719409758,2.0
-129.67793821148467,-294.4053208405788,5.7501099983926975,0.9817119651121335,0.618215452554239,2.0
-2.0179956983773364,327.7098682027668,6.126523033295258,0.985930003369459,0.6881869056968151,2.0
274.5890658352776,-247.79415814557765,5.622206336682847,0.984582672273846,0.5794419263427734,2.0
308.07010901513615,-164.58467550923336,6.308605350280879,0.9765244910894635,0.560295168109648,2.0
-36.92356468969737,353.1712658276591,5.831868921064009,0.9797029488597876,0.5344006406452418,2.0
-293.40509433348126,137.67058679447055,4.956666803887492,0.9819280251754375,0.7064799145652731,2.0
373.2459266462682,81.19262960174483,6.789481057239464,0.9777069005422208,0.5142157284957589,2.0
-397.7977118777856,-87.28147082930982,7.100005856920653,0.9795570077948417,0.5268708307149861,2.0
-189.60318656561492,-280.5402708568848,6.511104542858232,0.9764440168310584,0.5056361695321874,2.0
278.27334866501786,206.90796017032977,6.1622709709735615,0.9830240275093297,0.5518888748788715,2.0
314.0840455758481,-143.12834943866218,5.64641873005882,0.9767642558445029,0.6244339349603425,2.0
-283.941391943548,-193.70073431703526,6.333571732047352,0.9825462734695476,0.5682901227807211,2.0
-347.2605820295798,31.82462430695204,5.20321799952616,0.9697534718356097,0.5225409948323663,2.0
355.6924871523051,29.66266022150299,7.037360035271762,0.9787611360036009,0.5760260001063747,2.0
-307.55859290745644,-159.4062654006117,4.182266280910049,0.9696694162994549,0.5215515486302932,2.0
335.10928255673434,40.9284048965299,4.679636626828264,0.9735622339103539,0.5481586376620239,2.0
-361.1567831760332,-54.00351046417048,4.566795021432843,0.957276061227986,0.4654321546053318,2.0
-8.149293835212392,360.2842161824594,4.62582958619656,0.9705575373763177,0.5927683768827267,2.0
-309.38514279235545,-181.97435114242822,7.629191216772956,0.9808384025496061,0.5486924877086867,2.0
344.454274168169,35.578716740546156,6.314055086524274,0.9786381717570074,0.5413376594255273,2.0
-325.97431263499743,85.33744047975345,4.469775038845388,0.9719855174812458,0.6079292154056508,2.0
260.7706913868413,215.2413167844477,5.836496484718336,0.973811430642425,0.4891198903798858,2.0
-110.3338563199363,340.50014500241525,5.808005700677994,0.9838173238198757,0.6218173782994911,2.0
-190.89203393616322,-317.0687445207264,6.345517213751527,0.9845752718824536,0.671089331955925,2.0
-243.22845643751464,228.50131810771626,7.024785512497771,0.986597836856694,0.6391987476323948,2.0
235.70548887782343,-218.2221361476379,3.947433715130744,0.9703377603924581,0.5904909786689534,2.0
-268.26219563256666,205.73678283663023,6.767296630705375,0.9909911801008965,0.6669112035005659,2.0
-272.6065254246674,185.0135323467372,6.93716756895689,0.9858227911554635,0.5807958828358808,2.0
333.30472799783814,-152.77379807737805,7.172046170476893,0.9912960431207658,0.6876183354635407,2.0
-37.6445848147332,324.0171568391994,5.093732205519547,0.9814288439648613,0.5946399096061333,2.0
-186.57001582662375,278.2115529387628,5.576184786460427,0.9859957401166873,0.7252071430386974,2.0
78.20499875607032,342.8478897119585,5.98162803074327,0.96972981702903,0.5293541092395441,2.0
356.1866147164629,-38.1840159947921,6.175995610684845,0.9859884040805897,0.6310699645778484,2.0
328.0330056204283,85.7623674071194,7.2142861712019295,0.9910140608518898,0.6898460056957607,2.0
-67.73448203138864,-368.56561811891845,6.5463392052505185,0.9854220246386296,0.5789660635294769,2.0
337.74651890028446,108.04617799065248,6.170847614779381,0.9726889463597437,0.48140280542366115,2.0
-345.3823052879669,-117.31017580781156,7.655844872407838,0.9856980488782935,0.580065203831032,2.0
230.83708279204401,260.4906961095841,6.472665289297988,0.9813473164862638,0.591356475890132,2.0
-171.98955395258727,-280.3072675487894,4.792630204380461,0.9669538330856311,0.527428424733593,2.0
-299.86237708561686,198.3787304182826,5.533301962119255,0.9805595173652623,0.5993410739264998,2.0
140.24263694705363,319.55795686339644,5.5854127779264955,0.9742832038836472,0.5525421701938326,2.0
-311.6980131032201,114.34645594757127,5.493834992659733,0.9864067117071853,0.6327431634680941,2.0
-89.49467023022616,-60.980380100864686,4.973358865858711,0.9783883742897617,0.6340575412334253,2.0
159.21191209934636,299.804328265794,5.215214929209455,0.9765115713452721,0.6204485272851922,2.0
-17.60064887961407,-370.48964508352583,6.822940493676133,0.9851959260765578,0.6841293407260864,2.0
-322.89629011131944,-134.9541944576695,5.991082033458813,0.9767263069643761,0.5200294401096265,2.0
331.46974910941793,-103.6090358313086,6.569961170853783,0.9777285890482436,0.5780860943991918,2.0
-354.9977729620424,3.909429975221536,5.708134112346948,0.9764639784279695,0.6203203999381646,2.0
44.494900883587384,331.83397401943506,6.214081272693138,0.9770820381491178,0.57338382354924,2.0
99.11346252141841,342.82027298814637,4.7273718922275805,0.9716254869308207,0.5460248773126645,2.0
316.92461157377176,74.03708664883237,5.582190685319349,0.9802975896453472,0.589300402649204,2.0
-301.8267422692415,87.68083307296766,6.764270593981555,0.9885314135039711,0.667298990861887,2.0
314.5300362362729,34.0266877309282,5.456076162116625,0.9890321479429524,0.7071936689419464,2.0
-107.1985653814971,-333.5253542411837,5.197827509787165,0.9824154974324445,0.6039653957119641,2.0
143.77388013356736,-361.8191354871508,6.126959900145082,0.9838776620102023,0.6106472087755047,2.0
-75.34022653662734,386.87931685263766,5.616177196235718,0.9907166251367451,0.7216554814250575,2.0
367.6842690943383,-187.38823516495398,5.63993234886054,0.9811501670589761,0.5889114089658016,2.0
133.0792339653648,328.4039129888617,6.249835681642548,0.9763684849162839,0.5227898709522375,2.0
-242.87633367703202,174.18125697754735,4.823720995139647,0.9798138774958308,0.6546883976079719,2.0
-136.25220372962775,321.85526704209906,5.109071727308526,0.9806481592064793,0.6466416787997183,2.0
-349.50441248636696,60.17191116905768,5.9900236842627645,0.981418459512835,0.6103753471803908,2.0
22.5398811109312,-337.33454754371667,4.989491669432357,0.9715421999385281,0.5307181177627597,2.0
264.9476304905271,189.80293927081652,4.175784561858864,0.9647940505607703,0.5704212995218211,2.0
-280.04859218617463,-170.48719258999722,4.537104302084105,0.9671145107150766,0.5398771322290626,2.0
244.30042963253,242.35005135728585,5.740603116148679,0.9755912482986936,0.5688071861039038,2.0
237.11185033537697,233.53012482066765,5.886053269690331,0.9897470234756192,0.7003667593557339,2.0
61.54565534036005,325.3065568635425,4.9030467179908825,0.9494881103802492,0.5231565538719481,2.0
342.643258754717,-8.411022749266811,4.66083391103856,0.9714281949606355,0.5358256852006003,2.0
-217.462187480448,303.3171285613751,7.028766555116957,0.9837718136523589,0.5674167256027107,2.0
-361.298815563512,128.5839078514614,6.929833501821117,0.9795713998847657,0.5295793469647391,2.0
37.75755557203842,347.1868594157545,5.798709272264299,0.9814308801608962,0.6089121691721266,2.0
-130.62676868888954,-83.45888053140564,4.580201475222698,0.977461104124973,0.576620702882687,2.0
352.17071420446325,55.54085786815876,7.379204148938177,0.9749507146648285,0.49590885652298894,2.0
309.1561167993696,-188.66044661524973,5.601343149729533,0.9879991134021933,0.6276330018046254,2.0
-90.47972569020101,-356.65766640652527,4.713527213121624,0.9751414750599566,0.6207996843238976,2.0
-193.05780466989495,74.69243319009203,5.566442495442835,0.9624729404665582,0.5246621802677913,2.0
332.4151532865365,-116.2223023041601,6.8703962101309815,0.9737253840024417,0.49426628867344463,2.0
-329.72802742597054,-110.26068879364249,6.918684676465519,0.9801141978479752,0.6407407279272683,2.0
166.87327872717987,308.08795312971694,6.449336913592573,0.9784720033279527,0.5740215284573149,2.0
-98.74672205020909,-312.24156680666187,6.334134180231202,0.9759073956945352,0.5062128990175693,2.0
-285.5021969912516,192.84675280011464,6.829225286159422,0.987880281372469,0.6609711694035754,2.0
-26.361551057566626,351.4694342038579,5.400776953313485,0.9672261409499092,0.5202651227764518,2.0
332.4240301031012,-128.95427859610928,6.569961170853783,0.9773798739298485,0.578415924769069,2.0
352.42354713075116,-59.19368869052586,5.588257845179383,0.9904669842859366,0.693429091422898,2.0
-367.4599983128799,3.83529071942771,7.3160974789750535,0.9806204552753978,0.5400903381485591,2.0
295.8823057417692,-225.76389467390112,5.193046121125316,0.9790505617908224,0.5819419734486507,2.0
341.33042285856027,-143.8919318523497,5.147814310398475,0.9748727136072942,0.5480456035450507,2.0
-346.62225503941966,-14.061111243895274,6.531110411277021,0.9818498718104326,0.5654449101818142,2.0
-334.666105472353,89.01178041111856,5.251368735530211,0.976892165031792,0.5732903987868365,2.0
-124.58646239421223,-347.4873828906604,6.141781870005987,0.9866550601995774,0.6111571518215148,2.0
-139.34800676882318,-290.50807289940195,4.964791786972548,0.9868678197010538,0.6383259998432484,2.0
-340.4663007142769,-25.983128813245184,7.350202426695515,0.9882027526620945,0.6049717797904217,2.0
100.6209606521203,300.96929573762935,5.933806421922703,0.9901134561284155,0.6781149120605131,2.0
-254.1815507021157,-225.20523287935714,5.2552053188085965,0.9745442095879918,0.5566027487677485,2.0
-324.00295340231486,-26.4799866836268,4.679296712933707,0.9851580156131328,0.6311424818945419,2.0
-310.56666303429387,205.11263384599104,7.283489991928784,0.9855891660201351,0.5941501964744177,2.0
154.7420553867313,-307.8816017772203,4.069610903850099,0.9800935141355444,0.6454265314258626,2.0
-180.15417888318197,287.0105914744563,5.474407090927941,0.9900303991541128,0.6402895056921022,2.0
116.18149577303444,-322.98704132173657,6.095570700613185,0.993210394519534,0.6890726331152756,2.0
235.87699849104132,203.27140855450054,4.438269452482464,0.9775539216963218,0.5674051250666771,2.0
334.96628484006567,169.68745685484015,5.0181877091236595,0.9834311889640168,0.6681717181915245,2.0
-192.3137983016364,308.0994647653688,7.578334269920944,0.9820312046094571,0.5006527658696333,2.0
-272.27861808783706,-193.10005942815263,5.760262594999855,0.9851285974534209,0.6251969714030533,2.0
38.76900228368838,-343.57482030083486,4.794213687600289,0.9781770358974597,0.6036723422269714,2.0
-340.33286927402094,-37.566993204144985,4.597262576495806,0.9859382116775349,0.6593085649322625,2.0
315.8695008754117,-180.93224434082015,4.877374122695302,0.9744067743094467,0.5500134907320037,2.0
-243.44255421147253,-263.80031611421214,6.701573283775722,0.9691771171967877,0.5198581203399626,2.0
-339.39519008337504,80.0386843128678,5.331268430191104,0.9724391766741313,0.5353947934332386,2.0
298.0085164465191,211.7027927958856,4.898425199171836,0.9851006237139596,0.6281671804558808,2.0
271.43354477212165,197.19464583810134,6.114911642347351,0.98069456858029,0.6474879736445509,2.0
-316.6989288185252,20.11417989729532,4.613816539849438,0.9624074543378168,0.5697811992986569,2.0
2.391934079044985,-345.65159778457485,5.413662203982145,0.9888300793997711,0.6536898821913794,2.0
53.365002004953816,352.67044539969714,4.415555933918157,0.9707301662790159,0.5962505039328201,2.0
27.88321174865555,-347.8099159348408,7.172536562216104,0.9922876797162563,0.6926863700434345,2.0
-162.5836278511561,294.9595810572712,5.881469197042802,0.9869883259094615,0.6887450385148428,2.0
-342.96226000325277,-46.67633471607327,5.204154836462364,0.9756912462829263,0.5593462545753969,2.0
359.9604626531468,4.0337399458045144,5.849785526816231,0.9816859325232566,0.5424964379857773,2.0
357.74744619769774,-69.34228232301736,5.9639987054627035,0.9816689645471015,0.5596083889511326,2.0
340.26921643079453,84.14613146008061,5.618833712394927,0.9695776706190411,0.5387023086719703,2.0
171.25798308725328,286.06467493920576,4.865007470309474,0.9796429348880678,0.5798871905574672,2.0
305.42034116875897,174.1955029394189,5.388125628376389,0.9665636175847109,0.5028523562715274,2.0
214.550818885104,-287.021061765652,6.258435295944811,0.9764434655838359,0.5301775131934918,2.0
-230.06514292167148,8.569694215965857,5.21147568418421,0.9769780353515869,0.5656707992276396,2.0
-353.6851962066493,-24.19079195586074,6.276837733079366,0.9843790068428783,0.6161163899632047,2.0
-28.30935486348375,270.2941375000689,5.052101844528898,0.9751011113233298,0.552902665092364,2.0
249.87365787694682,-267.66509373139587,5.303160373388202,0.9716935103729178,0.5459017671659478,2.0
179.1250678939433,292.2247643087418,5.423839427772029,0.9723051863597851,0.542709535974498,2.0
-311.1009102881358,149.6721803110424,5.036096872073248,0.980342735931384,0.5936469258569408,2.0
-79.98856610171148,343.8287527468772,5.495227386171637,0.9837563985898261,0.6111056521660935,2.0
177.89658801413103,303.99729143579026,5.987299393326758,0.9746984476489661,0.5610554176654097,2.0
186.04629520008316,-323.2443670038403,8.23451763833647,0.9823021537076994,0.5465386289044777,2.0
234.7147733985199,-265.9633940721906,5.289144650619807,0.9749612215691863,0.5511941157827152,2.0
384.684166371869,-134.4844389738179,5.824193381653127,0.9862976726117747,0.6834362600904884,2.0
-153.54838414577026,-314.0883082196164,6.116939971058826,0.9828410261054881,0.5798096108168757,2.0
-258.42457189855753,-286.12515331015,5.193223654821351,0.9757817664093841,0.5612298593488976,2.0
-329.5974382061609,-206.30707202882513,4.588693078186014,0.9662472452424828,0.5116676658262899,2.0
14.37914280530137,-345.18472010797063,6.799059877341944,0.9833159812448493,0.5733819204497932,2.0
-292.1101817040429,161.2280921252734,5.296734098261341,0.9604680725007847,0.4769906436049893,2.0
-37.979904492330405,283.8606192950112,5.047915963487655,0.9623061836465049,0.48288020832606315,2.0
215.0730726317457,280.3299195509378,6.128845341597197,0.9688755509304766,0.5250103229125586,2.0
-331.0885400496313,152.626015103555,5.313390308496355,0.9745001199885698,0.563439842520334,2.0
-268.0000585270282,237.9452458123761,6.527447755090303,0.9842027721077249,0.6123083401773821,2.0
293.3977168361619,-238.20073270007376,7.75753249820103,0.9865191749440255,0.542919682471069,2.0
-34.19362121573957,-373.3286531392951,7.937472679314045,0.9932705366392842,0.6714873839851785,2.0
-324.8851048681501,-43.8048560733403,4.53310272907884,0.982487275851529,0.6585902004178221,2.0
312.9200272871386,24.152483326245108,4.775022568945432,0.9841658740944628,0.6679860375905488,2.0
334.56915931147984,77.12268300588441,3.8101603544208804,0.9747501224184472,0.61481208535272,2.0
120.31380672251329,352.54839449273265,7.68392428001702,0.9868979585447561,0.5623327983122437,2.0
-342.867571202161,-81.02956265180623,6.153371710659005,0.9685930569823983,0.5843863687449594,2.0
336.3958369406213,-92.30266002512091,6.24234171173147,0.980218546123843,0.5399899617039113,2.0
-73.99812447560147,-337.6895456749314,5.041545575242208,0.9674206751466343,0.5085825267210256,2.0
84.29825184177967,-357.55788806184694,6.426788674113314,0.9880155064623001,0.6146444132297009,2.0
-57.66386575484466,296.56249281880366,3.600518309159972,0.9672973339570958,0.5144778140128909,2.0
-303.14604454042114,142.62860189943265,5.9774408334701095,0.9849692577249344,0.7245513879133285,2.0
-365.74858516765545,-92.70410486494163,6.943729534270718,0.9906171794983808,0.6821071526865324,2.0
262.14650459318324,241.2285694458791,5.9765365453035475,0.9793837040409054,0.6398151320784154,2.0
172.65415910322952,-318.50109001752145,6.569610523623452,0.9823450499049644,0.6613259914102096,2.0
305.5375793246449,204.63508518769868,5.541499923489606,0.9860930866965774,0.6411440452366507,2.0
5.657885777629668,383.0600527313324,6.98139917511769,0.9832971713897358,0.6046842592443582,2.0
-345.929042543394,-60.33624192061043,5.047443268943508,0.9823875781757385,0.603862553115205,2.0
-276.2471380860239,215.78347526138327,6.519099686520259,0.9729701483489469,0.4764629243145082,2.0
-190.69193794376835,287.8274059584148,5.360735979979568,0.9648838683916048,0.5101888675704053,2.0
-293.38568114590277,109.15203863516429,5.058557266096427,0.9737662757413768,0.6055344625595858,2.0
-59.24561938832532,-397.0514639425315,6.320974762532083,0.9748644216072883,0.6115618342093988,2.0
-299.20611836372,168.81511857399738,5.682566742591083,0.9796642716911217,0.6489278023598437,2.0
-33.97206652353278,251.44984017695262,4.957739783554408,0.9853117212792238,0.6918762835247404,2.0
346.75753348627734,-48.04641629395597,7.088224011439955,0.9897641913790332,0.6704569361159325,2.0
-280.9680077565686,204.55027597671994,6.251517006126118,0.976452532998297,0.5101767386314754,2.0
-126.10761903054153,325.03817037860983,5.863088782839372,0.9861761264979206,0.6353749617158814,2.0
141.8521041349103,-339.8110686228964,5.151622729981669,0.9775330393682685,0.6278259689229104,2.0
-34.611971738913425,-359.0009525862702,5.299271561564691,0.980424908247837,0.6430394132048424,2.0
-4.8180961711417,350.0669453075997,6.596091544906027,0.9822438595544773,0.5535538185896584,2.0
-164.28517658372806,329.63505221594517,7.3046919993361294,0.9800762358955163,0.5548892126522064,2.0
-345.8454906143044,88.9874980100872,6.12076973829275,0.980827733740279,0.6022047037257278,2.0
216.63957085256814,293.6537993867177,7.79027677884993,0.9874028415165677,0.5953622569030019,2.0
-372.2042605703065,-27.418937263640515,6.090812272453341,0.9762361695294745,0.5617397396499441,2.0
-146.21903168849855,-324.04464594141547,6.490777908097174,0.9881945885960042,0.6996610048401921,2.0
299.0435731787697,182.20466109067786,5.364534736926587,0.9771618975795212,0.5686824554791451,2.0
-258.5490075531461,266.3676658589138,5.354846017717275,0.9827049831372706,0.6080904894061102,2.0
85.86678031355679,318.4221713134398,4.285559923376277,0.9827361501473155,0.716216606667783,2.0
-322.556984229185,111.01674058546595,6.187108040453294,0.9783493183345232,0.5758922572253589,2.0
111.61306066092428,-334.3714689075453,6.369581435769721,0.9822330252570575,0.558751524854918,2.0
-211.86100697280642,-292.75362355419657,5.658504555856183,0.9777352895555198,0.5710200497044714,2.0
334.8334413571743,151.48250977639225,4.239021276499714,0.9760621526432586,0.5606457553582882,2.0
-343.0017347875859,10.117424028427768,5.347483067279903,0.9872216729307406,0.6493687684546618,2.0
-406.8940659355451,-37.40145838646992,5.591474997686707,0.9824426438787773,0.6123643913109998,2.0
243.7408122281476,-249.83610074060175,6.259082218164093,0.978658403813069,0.5782188840389626,2.0
-379.4797384653557,28.458668778726746,7.011051879437921,0.9772702410126274,0.5076928138901101,2.0
-241.99983933666806,255.1458421414989,6.752505571684537,0.9783041601439442,0.5741122630671561,2.0
-160.07817904242435,-293.11679479861516,5.770600374031477,0.9726201261527933,0.5432937485408713,2.0
56.58291631168846,373.0478307979018,4.396932603245465,0.9741960291214801,0.5454069050747262,2.0
243.00119646941914,-260.54415947301095,5.149908817494132,0.9735363377417748,0.6749086923676634,2.0
196.4311022587735,-299.2309811415001,5.069409898530258,0.9799519048642877,0.5818910123786633,2.0
25.378056478996754,-363.0825400920826,5.2591288302744905,0.9714805716384253,0.5383435123135861,2.0
177.5963836463375,338.41469531145094,7.166840482273725,0.9745511348144701,0.4984974481675751,2.0
-100.92867385148836,337.46437000821453,4.55977293721061,0.9742906038090798,0.6196882735778843,2.0
-139.91925123819536,-254.61582321359,4.1922931495571385,0.9712853042906522,0.5996330156340206,2.0
-39.9265472768926,363.2363804416136,5.054283376410285,0.9841161222758221,0.6722095197915392,2.0
365.41894245981035,-78.17137403566933,6.09374045338152,0.9706785552485795,0.4796247901505633,2.0
344.4034515644802,186.95444336129236,5.8178641363895185,0.9762822078486483,0.5728051231948134,2.0
-271.5428416098787,-222.2728830577797,5.545159242285687,0.9728726052967945,0.5714727487795908,2.0
305.4418997167426,-245.5998760370229,6.887200623652597,0.9883264006809531,0.664885478712513,2.0
-179.20045228675153,-297.6789688951338,6.6869086006257215,0.989410027027023,0.6329891990548231,2.0
129.12760858377766,316.8279876129498,6.475443955903248,0.9742793000183831,0.49350281366194976,2.0
316.27769928048906,44.79354283797252,5.844422025428348,0.9779800853289975,0.56802925146047,2.0
53.94062516458101,-364.6048134049558,4.899630059428937,0.9799510946724382,0.5808117853118498,2.0
-100.86042159271241,349.1272697942863,7.257633121883927,0.9841591021343725,0.5851514366539493,2.0
-294.1391787173719,-197.0684019499285,4.645326092250286,0.9683068906298765,0.5236328702442589,2.0
-191.10602103752336,-292.942853225521,6.5849728524820215,0.9825820165570278,0.6103368586000124,2.0
339.2996875616427,-181.17645825819062,6.34002785892723,0.9895627139846106,0.6802755698538698,2.0
307.4059059383204,-95.2566225959634,5.562428467250048,0.9764032331691097,0.563545028984026,2.0
-312.4426175194965,-239.75686341626542,5.716770083251502,0.9804239013299071,0.6032277041241685,2.0
-339.4433281042938,100.42049358204422,7.579784978712695,0.9775358332816045,0.5165428918680767,2.0
351.77487498135315,-3.9075922477246667,5.780876310438195,0.9821470627143005,0.6082699785611614,2.0
233.6514991766237,244.05527223302067,5.474778118674562,0.975828705585015,0.5585761149602431,2.0
-331.32671012658994,-141.4525923390784,4.940886605214741,0.9775677000859676,0.5666412866355964,2.0
-167.0810782604766,305.60390113067336,5.938500568586688,0.985937442590519,0.6536046266140586,2.0
-127.49634218501684,366.7751139606798,5.036238831606524,0.9787159234215761,0.6602305683105496,2.0
-357.8129216504091,-114.98210590334973,5.391384373490667,0.9821538315445612,0.6536896399190263,2.0
-352.6810094797377,14.120596788420196,5.3408012085217855,0.9712792356821761,0.5491579151137832,2.0
-265.3223765148055,-237.45109580619888,5.0091308948484095,0.9756864197290235,0.6205900303236741,2.0
-371.30591970970613,37.471395481692234,5.74285671189356,0.9816554360454561,0.6104263528842548,2.0
199.66738187559443,-323.2877908450354,5.87701023749152,0.973531529240686,0.5511958523009948,2.0
327.43708797866464,71.51671973291673,5.618833712394927,0.9863257414924702,0.639011611209759,2.0
-356.13610085177123,-62.13732758978783,5.542652421165115,0.9813018296260071,0.6270572353540443,2.0
333.84974923526084,201.54776026660616,5.034074676040541,0.9797234419169596,0.5865905418866217,2.0
319.9690248465804,63.77299921539499,5.509424762546417,0.9814718421320358,0.6291037244343839,2.0
-58.421984368489696,374.216399291551,7.808579923721084,0.9910854845167802,0.6818658009938505,2.0
-95.98960033464354,-335.4493500882986,6.417356899349499,0.9799437914714529,0.5425815052711573,2.0
266.33848589508824,-288.88025460113374,5.741061383732419,0.9838653912485916,0.6135046692060809,2.0
-204.372641323381,270.2653837337234,4.3410322910045425,0.9670350082474188,0.5777740127616378,2.0
263.85613101293706,227.08172226957805,6.699830187229063,0.9901549348567408,0.6788520005565717,2.0
340.19988144355074,57.63692363145446,5.435252849661199,0.9725136522746832,0.5526907054539308,2.0
-355.4338667003074,69.5793613752636,5.609722232070394,0.9806649087149379,0.591310473773994,2.0
-346.19958724205776,111.67438051359657,6.2424974888181435,0.983326668418924,0.6853852456343783,2.0
353.55779772387496,42.89939935130429,5.666529652671455,0.9902771177286923,0.7236168242085012,2.0
-142.53050492109585,-348.7820126325584,5.260545209871907,0.9766276375959547,0.565571646904238,2.0
-340.5984389027765,-137.86095873512534,5.402027259560899,0.984899407035388,0.65224208561938,2.0
229.59642938494136,293.63338143554387,5.5786474970445905,0.9758809957574148,0.5547028205408953,2.0
-347.1459879140993,50.1522145215077,4.761997507737969,0.963285782971527,0.49123241728081934,2.0
-168.08632733789605,-299.2281424514699,4.7714897883532865,0.9665056504318329,0.5147992585560199,2.0
105.79716868668555,335.031821494319,6.107170546183841,0.98098516719426,0.5937336734986446,2.0
122.21225637004704,325.9388677285505,5.338896656275964,0.9797033273414154,0.6366458412919989,2.0
274.8721412263774,226.7329359788033,4.589749761169146,0.9763338923455329,0.5667339018133012,2.0
68.80585400669514,334.3781633213135,7.351444934727706,0.985284967884586,0.6271415318718901,2.0
364.84799214602657,-30.34871465346043,5.718722422866748,0.9898144571011676,0.6700434619595486,2.0
355.47330286172513,123.97232234109204,5.7382303046971765,0.9885143031041966,0.6188411769382045,2.0
-63.82996453150658,-342.53803315351655,6.651885930492055,0.9817459156309482,0.5450032068694949,2.0
-386.12154194615937,10.22405257490039,4.622960431359034,0.9586592297915864,0.4681100400573395,2.0
-351.7681653593261,-51.95921224779534,5.488825528614291,0.9875570065307229,0.6989665787372396,2.0
354.1534128220696,-80.3545923497299,5.935575858117016,0.9763289996852859,0.571630826206953,2.0
263.6469341254512,-247.114842439311,5.5617231601040915,0.9857354644218219,0.6362947876652011,2.0
121.83808370985706,-403.9142340913514,7.025330692758298,0.991007134282008,0.7253811560681659,2.0
-307.21060130712306,123.23172093877409,4.837213566411386,0.9730485710860717,0.5443381000901935,2.0
75.01382750171784,-361.0825230266132,3.770335630334425,0.9781621750807029,0.6328561985376682,2.0
331.42846086925346,142.12652015674885,6.030267609654381,0.9784157644761109,0.5290115299873412,2.0
-400.0735614845898,-29.665900766675247,5.271832406674889,0.9742984859634142,0.547233716639633,2.0
325.3771477853678,175.16305472099776,6.512775957490548,0.9739398941323002,0.4902212138553165,2.0
-327.142907365836,163.20681710054055,6.495526599433495,0.9723101480565497,0.5362674343193274,2.0
-26.318081364912118,-363.83972176320464,4.761382406656717,0.969875767356073,0.5938564014361499,2.0
365.21438195836305,-108.16016192420223,6.526846540729635,0.9812836156763566,0.5541569484392926,2.0
41.81078506573421,364.3906770462695,4.732139174681971,0.9668055349508976,0.5178671243947102,2.0
-211.31592756187004,-304.5084671349442,6.6170716532900204,0.9800240369706834,0.5865688363716623,2.0
14.053429106626172,393.37156093737923,6.845552084570519,0.9764561410407537,0.5007279908862221,2.0
-216.04430934908365,259.57953433819574,5.374027979229301,0.9740986866220048,0.6082363799255964,2.0
342.23760828168673,12.49698448643683,5.3768525469270845,0.9833239881777708,0.6787927012778155,2.0
346.02541687074404,-206.88141949893895,6.251643265761348,0.9868149218161745,0.6846916314705564,2.0
-96.57337773450976,-383.07535073931103,5.9554261160108934,0.9834145959433375,0.5566003715617568,2.0
150.57696691435197,-316.76810048425807,5.91563280930665,0.9866320859105634,0.6455887387868228,2.0
-370.6558391420795,57.09884851548826,6.291183278771192,0.9910956529052546,0.6986474098344108,2.0
359.1563428950925,-49.355218464215106,5.809136295208445,0.9817654784326466,0.6504114186028717,2.0
236.65177765470227,274.1039849727642,7.702963344460852,0.9862789017836779,0.5856259294253894,2.0
-161.13681616058193,342.24502430319353,6.216587832858749,0.970045700257356,0.46882169103636645,2.0
-325.7417218374996,-169.59982913115437,6.355568077243803,0.9833484395462896,0.6079857578665993,2.0
-337.85911377525827,-126.3122241809077,4.676018065256267,0.9654554039975595,0.5746548221732735,2.0
-115.00232932978524,-340.7569514989882,5.644165380361123,0.9846523878492411,0.6420978594102541,2.0
-338.5713410994934,124.61318555708155,7.771934604114385,0.9824860247493603,0.5484179673432461,2.0
234.04507725541882,-248.08324744794658,4.044139476660626,0.9623898980445141,0.5627904669689839,2.0
314.26679000946575,181.68210128012078,6.66696335849896,0.9897934975673853,0.6372200339652295,2.0
-146.11296836959082,305.3902306037666,5.494981585853852,0.9746433450928672,0.5109615182888775,2.0
-288.3716311815469,-255.60830097605117,4.809337138882617,0.9862000317557782,0.6624287574625671,2.0
310.96259908740717,-74.74681878564044,5.725497179556726,0.9871884239891451,0.6892735962498566,2.0
349.41606740845805,92.64174928046802,5.541503671589388,0.9812480803011142,0.6579169594159802,2.0
55.90344682724524,333.7120050668706,5.564192832043041,0.9903719490520256,0.719055717873722,2.0
-309.85665822428274,190.343199631468,7.752455179383764,0.9895380585054974,0.5797412382465088,2.0
236.07689330794358,-283.7098834851759,4.909445490799774,0.9887508530800457,0.6194527613294109,2.0
-5.612666948809963,-374.82137949641316,6.636147594327772,0.9728855325300058,0.4953757077741387,2.0
61.47604488833411,283.3751456400241,4.495003433232035,0.9677988265108298,0.5196199474599477,2.0
-15.239416781013158,-355.10239563972715,6.430972390836727,0.9845665098901815,0.6453565036409709,2.0
-307.1218122731626,132.7470044607011,5.173680937998152,0.9780599906854485,0.6324980554232019,2.0
-18.568435785918194,359.38487961403564,6.345072914184549,0.9817436026514682,0.557816529418777,2.0
-321.1928080691422,-179.90264197561453,4.577949030151339,0.9900888008385105,0.7155568226619661,2.0
349.7390635023935,145.40995079222833,5.42124077285075,0.9816488637423139,0.707908141275963,2.0
372.92403391988444,-10.988421910457731,6.264261310344548,0.9874269119985897,0.6132063791907802,2.0
-90.58312290036496,366.19649585784754,6.211364331460505,0.9920751496072683,0.6981563176961338,2.0
-52.078691683546616,-356.87920363387457,4.671746241414657,0.9648310247982338,0.509574117101206,2.0
-355.20265766532907,-83.43744945310769,6.911239318170887,0.9880895406454274,0.6963448270412373,2.0
-293.65848080072647,177.61235627983135,5.201285481628773,0.9799286810565297,0.5922836945855764,2.0
323.8979480819136,-145.8876315793176,4.98269192159729,0.9671999688760706,0.509668218664631,2.0
344.4501978216011,-35.244319924244024,6.338839077086666,0.9843206981626139,0.666029519505801,2.0
225.10091696247386,303.4868576811527,5.625116371466987,0.9775622902148166,0.5648532298873994,2.0
344.6385299284529,23.41831674544517,6.039719458858767,0.9905644625725086,0.723711642889405,2.0
101.95617408471935,-392.42069823848556,5.700468267351845,0.9703093945463094,0.5886512684130981,2.0
-300.2516629784926,-206.26136778214615,6.62582528664109,0.9807679156704185,0.5551916643513659,2.0
272.004935036562,216.9668453723862,6.047662433321923,0.9834184314904927,0.6083519509662161,2.0
415.7514907373687,-164.57197294523357,4.931970512825386,0.9842337394219727,0.6660055576384785,2.0
-367.65140662582843,25.99515078815798,5.5984085448533065,0.9831835671716048,0.6645395072953741,2.0
-333.9877586393203,-160.67826362910185,6.088130655898479,0.9796588632303017,0.5246360621798517,2.0
269.65096448394627,-239.48946970273212,4.446516771222465,0.974077389734683,0.5437317146940829,2.0
161.91883216172147,-302.86348449462787,4.98021471918249,0.9729051139252356,0.5542520624838174,2.0
295.2406552749052,202.11992881319904,5.386754351698154,0.9841330198966491,0.6294835995049871,2.0
257.56966733834525,204.9115399240566,5.252025366088461,0.9810166777999486,0.6017443519606684,2.0
135.99628756824004,-330.7345406887924,6.152929618942578,0.9748860180697271,0.49657915774854505,2.0
44.531340898011834,355.2041184962911,5.046333001214773,0.9857384672373587,0.6290466793459887,2.0
343.36423716896206,75.79645604467977,3.581371660398338,0.9632170194816314,0.5855247349647317,2.0
342.2868296085737,-101.37554647121108,4.862453034837816,0.9808134665305983,0.5885778477147442,2.0
356.1177118514878,107.66294978375406,5.269671262273514,0.9749224783378755,0.5521205501305625,2.0
351.54253058030747,81.21129827416662,6.686062989522281,0.9670826229848961,0.44854120284728205,2.0
204.44400703670473,299.6635020424352,6.262679498109476,0.9824132085996616,0.628883873432499,2.0
-303.55556567260606,179.46826348774474,5.061218879714688,0.9910435115283237,0.724359403172663,2.0
321.46800278760657,250.788622222928,7.545528966138898,0.9932939062930736,0.7177849913864448,2.0
-355.2829376105308,-124.84984375227856,5.190688103147188,0.9738832339189302,0.542900042584894,2.0
-383.2772673374074,-27.91900245324211,5.4753714660715,0.9751891460924409,0.552073928169508,2.0
113.31846981924174,374.34885730718776,6.01678346056707,0.9846648237079754,0.6771506694111519,2.0
374.40557575299965,32.37318051302876,7.095511302214379,0.9787200509348384,0.5307604207527671,2.0
89.28437069208971,342.32932131005754,5.429198781254932,0.9863342849464992,0.63117091634639,2.0
-262.412726379238,227.69676250479998,5.135467282835022,0.9726578590695272,0.605969566543818,2.0
-326.5097081850556,131.33343669544527,6.420737537561305,0.9840207723164497,0.6145509748015114,2.0
146.6564539259937,347.4266824162541,4.87111278378947,0.9787132799754332,0.6356807766718006,2.0
151.83219568494803,-352.3355905909641,6.7694920418608735,0.9898027680079765,0.6673280335645614,2.0
-343.1890092725789,-150.58466788275902,7.948143653622188,0.993658338150555,0.7165446259350158,2.0
162.35649278136734,-312.9959391412619,5.392204112124117,0.9859635522073744,0.6298088563811085,2.0
282.3032284016713,216.60780123645375,4.632269529845731,0.9806681517162679,0.5902058026479567,2.0
201.58159540216926,312.51282064889284,6.868441616473862,0.9909142300661657,0.6788738230013981,2.0
276.7026026361281,-226.97092161129052,4.716032929791147,0.9759096929839708,0.5689971980279093,2.0
-225.0405062109744,283.0578908393711,6.2790186687891385,0.9843611493107668,0.617527644276767,2.0
339.86930094811163,-161.68637570243285,4.373080974026271,0.9706724027443697,0.5633218524012376,2.0
-212.72198394000085,279.12140907214825,7.042452622390799,0.9859336580998448,0.5853144280664111,2.0
268.4583987609317,-106.47413456709852,5.05366555793906,0.9762287046595998,0.6195624858955365,2.0
-153.78071878167535,325.6261390312058,4.458112365849307,0.9522095948735461,0.4430036906197983,2.0
268.18719896243414,-257.74641841385017,6.435648999123189,0.984052444689134,0.5739123045864114,2.0
54.721321962907886,382.16434636544733,5.219612239936276,0.9706458375430287,0.5318226034612348,2.0
341.199330836316,136.27255704588418,5.571865051120626,0.9841831615977545,0.6215847490528492,2.0
348.341522495261,-165.41618686391658,5.338747691683308,0.970612824335764,0.4806988846968281,2.0
230.2491206651835,-354.84586005822683,5.62552602719856,0.9828412174967478,0.6899107481021962,2.0
253.12671581256765,222.6243115405098,5.368638975661425,0.9593863298834875,0.47298846083529716,2.0
-154.43961026947818,-335.6147898917673,5.616201987828746,0.9785311083658895,0.6315442908767782,2.0
-249.98585691396468,246.92230341730283,5.140246877801039,0.9790873145469215,0.5775381907905027,2.0
342.636853730159,-192.05722317308752,5.259814108531559,0.9761508727619304,0.5728223887414946,2.0
84.50091766906739,352.4487632316457,6.073837010761118,0.9757773486787732,0.5239331476785882,2.0
-235.13232857167344,275.9649378309103,6.487875533201568,0.9826933537644541,0.5809931367674459,2.0
372.48665038371007,-52.499157470923095,6.294308001125246,0.9822442022147756,0.6522772573700032,2.0
337.6977682887792,-16.650494698739543,5.225322889805452,0.9897231273656739,0.7200343587585724,2.0
-44.321178695536695,-364.0697353748154,6.073387033802369,0.9816883827412376,0.5498064384512815,2.0
-363.28360785505026,15.769509131628052,5.909584909315191,0.9711733341466653,0.5304140990878534,2.0
303.3326702128105,-231.58618451211035,4.60199568232365,0.9790529987784304,0.6385931620126967,2.0
304.70522563948504,267.5603438555407,7.258385992307533,0.9844142962937328,0.5704348312585645,2.0
279.8086484091941,-237.32637178596923,6.235457449551785,0.9922175141624843,0.6845822896427803,2.0
-70.1800304639592,-321.8139255493071,4.196758018692692,0.9708526034775345,0.5353928699296141,2.0
306.46401245819965,-207.7040026986058,5.193046121125316,0.9783788129026448,0.6292537959707424,2.0
-63.43748009909664,-355.9869728110676,7.156164843537036,0.9864892216323942,0.6354890574558011,2.0
316.88396135695587,192.21828226639525,4.586984951167429,0.9640890603606774,0.5083958957235429,2.0
15.474194742811294,357.49510113413805,6.952802186248838,0.9783273617079852,0.585063963706697,2.0
-86.61299783591726,-329.0297060562928,5.30669460291499,0.9791755351910134,0.6347379967002561,2.0
102.30293466963603,-296.18213918881935,6.701897157763742,0.9789533586430997,0.5231922865589084,2.0
61.968518175730495,-347.51126988718505,6.085158152786594,0.9868045944557601,0.654629883384721,2.0
-272.7936918513381,227.06777120567918,5.810633583308011,0.9730219074436854,0.5438562864052353,2.0
-277.24920580799835,-202.5467876465877,5.137965212937488,0.9842649993848204,0.6718540072775967,2.0
-323.0279053092435,208.4766786328493,5.9381434906711625,0.9800898190376388,0.5811596289827238,2.0
358.4757370462688,97.83036550965441,5.151847858656413,0.9878513763844943,0.6961763813272421,2.0
125.58028141916478,339.0313980277055,7.112467754482518,0.9915877518765944,0.67646439967068,2.0
-263.7716564196671,-254.9228500825002,6.801761804342575,0.9765594565175422,0.5695800103217169,2.0
241.3082463164414,-274.5670930057556,5.853437746939646,0.9907157482862883,0.6573418047823594,2.0
-219.7775796567196,-271.24737160442226,5.781734731437212,0.9789982341464576,0.6344202717514003,2.0
-304.626177405851,-194.55742256083275,6.5550965480542285,0.9689829720736265,0.46696023247470986,2.0
281.75451059930333,-217.40246964220592,6.472374320128734,0.9884676606918404,0.6093491445661221,2.0
170.7343482204488,-340.4478060770684,7.064403636356365,0.9846706928892546,0.5682363382276525,2.0
195.1260869980727,-311.2137138399175,7.298207294274825,0.9869098774287235,0.5929179376560525,2.0
7.429962870651459,-355.75302038596936,6.095057747614851,0.9909927073838127,0.6428701421380895,2.0
-264.8263568458617,217.5580566649045,5.582857486472616,0.9825685382621766,0.6335325124402122,2.0
319.1049659148621,130.90523483399102,5.77236081013249,0.9816325863756471,0.5930028477239482,2.0
105.83812241501195,-344.4637395829911,5.707173989646174,0.9844252459355999,0.6272462588007072,2.0
-100.43085251779011,410.10076333570504,6.227504191955972,0.9779625335565819,0.5248561321335989,2.0
344.88315712413845,126.32886648767031,5.2569703863226875,0.9925391854835368,0.6990236872897273,2.0
380.633446391175,-44.286945419268356,5.8148507978041675,0.9776257373538669,0.566604449397152,2.0
-360.89715193695264,-72.28228143148664,5.997830607433337,0.9818524997827391,0.5463759756244603,2.0
144.30310213859218,329.0089242362197,5.11111915634293,0.9780593842147601,0.5853311107590861,2.0
413.40627098008423,-116.10452094411872,5.557763028254239,0.9849157680295986,0.6430508306743511,2.0
296.59414769769825,-206.34242164204338,5.183364934901458,0.9818329649295875,0.5936277494896632,2.0
324.8897813754467,151.7535726642499,6.038797164099787,0.9844527890024909,0.6177973757554182,2.0
-350.80867193251913,-42.727281009062274,3.9815919275352782,0.971897103717543,0.6051035840851957,2.0
-289.37007521359317,-237.75092672810277,5.4170525470115525,0.9829592722283044,0.6214103966964453,2.0
3.8156176194282487,371.822536043542,4.886796474362151,0.9757813961676025,0.6177322087738912,2.0
343.33719357417766,164.87736994292547,4.96814467190202,0.9775329410658188,0.5672223468487809,2.0
182.1761896955754,-310.06512203759485,6.140498294962738,0.9773682104599035,0.6273827659305915,2.0
50.21649905048906,-343.20640064326454,6.692174571482765,0.9866439608621402,0.6409501127623193,2.0
396.5462397895436,-57.663595121527244,6.682128190582646,0.9861907035745852,0.5807518063661334,2.0
-173.92968290497564,296.2983673257996,6.004755552109412,0.9781820066969258,0.5149450742649886,2.0
49.19863557467441,-375.16062190770054,7.038862421858213,0.9744976227105185,0.5054109681820506,2.0
-321.02573059789205,150.52833709243376,5.11956321422281,0.9903921911300921,0.7227618516745004,2.0
225.21484942382926,-327.6028669562023,7.190542659634082,0.9906591857604171,0.6861581728793512,2.0
-227.15473557572818,294.9623265550852,6.26075760239617,0.9770888894908436,0.5071914726271357,2.0
318.15891730316764,-170.65637136445375,6.034511085047838,0.9808621865606514,0.6042236054769756,2.0
343.7628227916055,-133.24071805685912,6.110333891379397,0.9810841476267701,0.5939508643074489,2.0
-185.40211757212435,297.1190344547055,6.004755552109412,0.9736800251577629,0.5693461221914267,2.0
231.95797065818894,-298.70894122367,3.7016748161719963,0.9757774141964435,0.6224121869469126,2.0
366.1565123666276,23.159660853707894,5.752467339652122,0.9779072995173294,0.5695644131757651,2.0
-381.92069574074367,89.59680653622715,6.548708755840638,0.9834780015905633,0.623082999097662,2.0
-177.37320974865474,329.0480982235093,5.483671241989203,0.9831428148278415,0.6751066828381284,2.0
139.12622247312282,339.19222007854324,6.788260207207594,0.9745362515183588,0.49207098158330936,2.0
310.9638605446454,137.7558001235609,5.267354425638351,0.9744818515979887,0.5492840359324547,2.0
33.981688093721566,-358.083385441929,5.184712426480693,0.9753388255082377,0.5608349394502312,2.0
373.0733214365094,69.2145107464107,5.498699580665963,0.9841989402824208,0.6251667357813122,2.0
-337.4292453282434,137.4163156260783,5.606778806471746,0.9801250755782864,0.6431182685074481,2.0
-33.17909975779074,383.69672539934555,5.909846576234464,0.9810343649934465,0.5744679258306492,2.0
155.05590830995934,324.99701528547877,6.7726722400538515,0.9838854904495855,0.5760395812560459,2.0
-113.02921800578427,-353.08957754915787,7.178947916997356,0.9841969087840783,0.5639974442019817,2.0
-271.8279315781186,-245.8284279184643,6.128472793087424,0.9693445710351182,0.531129516194053,2.0
-332.1033896089507,-227.44413835714957,5.748970207232046,0.9774183879791286,0.5657963054086169,2.0
-63.95003598997079,386.545710701451,6.110111310403266,0.9799868985163289,0.5278060028769678,2.0
99.3326249837805,-334.78851232319704,6.293494709070116,0.9854928757858934,0.6799188492775149,2.0
-331.3921786199329,195.7165894918509,6.248099351749779,0.9887491521005474,0.7098251956686406,2.0
-70.96309551725585,348.094550932847,4.870663886062814,0.971120394460789,0.594211820454531,2.0
-120.68122193037935,345.2469368640272,6.130978559153493,0.9763679663933404,0.5140245533028402,2.0
253.5909729782545,249.621948022579,6.318159197672367,0.9931983427663356,0.7160215867108561,2.0
336.5786578932468,119.39814288978212,5.7401192548235676,0.9816030438101346,0.6227443191466818,2.0
265.7186086489585,252.38337310160622,6.278614993292889,0.9841574738140786,0.5746272784742957,2.0
-274.04508329565334,250.703149772054,7.909648657310245,0.9869410233904986,0.5999824931745297,2.0
-225.33587405448154,-281.00326208685044,5.897502464724498,0.9813493907238264,0.5508387555477773,2.0
95.3827743757604,351.7283786199392,5.442404847156951,0.9799460189918757,0.6639995166082592,2.0
-224.09209713002136,314.6315295827417,4.994332774045199,0.9722906979745156,0.6697110086203002,2.0
187.5396138908372,308.7850164286289,5.036471122313289,0.9770463455825831,0.5818366434865432,2.0
-264.0273722480511,257.94207120499607,5.0626473066735755,0.9673320312376131,0.514739060237415,2.0
-364.6119536742839,46.271915518877655,5.728114289859384,0.9844988722553947,0.6678412737282905,2.0
25.95536918353788,-374.1531018398832,6.400887147769267,0.9810328706309779,0.5968978826194269,2.0
226.60786032138788,282.879680462694,6.100356648296763,0.9821979906898963,0.6523582944986227,2.0
-144.31634315165724,328.8675554965422,5.988322313731578,0.9748335334495382,0.49170105262254027,2.0
-23.859702261962852,-378.9319320380442,4.098290016869853,0.9768216377028169,0.6265612887239315,2.0
3.8892271943817724,-318.7101709670893,4.904222806149119,0.9687036170066944,0.5205437293966481,2.0
351.8891893488645,134.53480231393328,5.677098679558676,0.9866345731972933,0.6337028054701191,2.0
-14.358641425881597,370.03925465209966,5.5787201364098875,0.9791891149807482,0.5803963927171439,2.0
57.92692815418957,-384.5259268060466,6.595651358887448,0.9688869117656794,0.518690635901988,2.0
-361.3863298198187,-104.5122925719429,6.111743642329186,0.9722062474647,0.47238098801385925,2.0
212.36919159642505,330.07411532527425,6.37442141345706,0.9781380153090069,0.5869095887571096,2.0
-291.0141450865947,202.24788737434707,4.37240868398849,0.9802299475126286,0.6409878149185197,2.0
174.27077939328754,326.6891103732979,5.734528585107736,0.9602727265052564,0.4778752093621705,2.0
363.1234038594848,49.683791429801005,5.807933687198485,0.9696229119052127,0.5922074515687249,2.0
368.00859935411376,-68.36386090798268,4.711686954915129,0.9599125053647116,0.5520201723848611,2.0
159.82529917508174,-334.6117021719004,5.604409326654036,0.9826447424265948,0.5493901001594897,2.0
-100.86239815434787,-324.3847845894289,6.233386199889619,0.9824827817283243,0.6074945914414093,2.0
-202.0374436228828,-297.312283534785,5.573232272713251,0.9741974921782204,0.5440791038131381,2.0
341.70834755714884,-59.111080438470744,5.481227190820795,0.9760586593847603,0.5549830968795065,2.0
335.0994573908942,181.31706980059215,5.430884847155694,0.9836226356848752,0.6139708946418151,2.0
-125.21694009189736,-335.19421003117657,6.477592896967339,0.9825146679682019,0.6069236711535929,2.0
-156.3439663873328,307.8870857849521,5.381860529380719,0.983463082056069,0.6617143901128544,2.0
78.71627038106625,362.2638183736951,5.985084054825117,0.9720153202464343,0.4807095621407858,2.0
362.6232303250397,-18.398415826481873,6.742250938576068,0.9759629222536589,0.5135498869925552,2.0
-332.0394587098379,-180.35505069614163,6.521360005505701,0.9879490787826564,0.6356174811868891,2.0
43.03334010300424,-352.76788936186114,5.843435461716809,0.971992552506626,0.5326405274077294,2.0
323.67164939982183,-251.71888088233842,4.257809724076433,0.9844442161230578,0.6140003196147339,2.0
34.545976746864916,357.8903530961539,5.531446931431165,0.9800873659687755,0.6071439196391818,2.0
340.11872143826014,-170.46693795724036,4.489591364199222,0.9799161637908862,0.6320757123991217,2.0
-246.23572541971606,268.0427460890077,7.2106432009245935,0.9918872357748652,0.6728894406340691,2.0
222.81891236345402,-296.01455462763994,6.007378118771902,0.9904529014936808,0.7152629429745325,2.0
227.51675049409198,-306.15408192001905,5.256719231556687,0.9786350176251578,0.5993939739511063,2.0
258.9840013859843,296.5334678928203,6.601222285856006,0.9899816058568186,0.6410914329516597,2.0
-373.9695214449662,-7.39711430350718,6.330959296798515,0.969677515685028,0.4625212399613802,2.0
-330.55800512785964,-150.7806112395902,4.903455202025336,0.976710262970234,0.5707639586749923,2.0
-172.84827192277243,-308.6291597295529,6.374917203192983,0.9782357329332081,0.5697379576402926,2.0
-171.86515014288346,317.74068400115675,7.5774113456216945,0.9745838810730604,0.49259775704104564,2.0
367.9973772236018,12.050756807973068,5.903523223546651,0.9859344585438459,0.6820322412093744,2.0
239.8729233420485,-306.19795097460724,7.560961216915403,0.9886130165209144,0.6234873331263251,2.0
-80.72129416686158,374.6267969028143,6.887686640044348,0.9846020200084042,0.5864083033404991,2.0
367.68907196259363,-41.52056757387393,6.1240868313087224,0.9844859102269328,0.6152370233813159,2.0
-164.44315535522117,-315.9261445141234,5.39423942456011,0.9661995657326072,0.5060698631698759,2.0
-93.82776032369071,-346.3186172296433,4.891947999099591,0.9913585588848484,0.687816371696327,2.0
-371.2376981873912,-38.87843814813879,6.0262236642045846,0.9767570615624293,0.567225201479567,2.0
202.27400169861232,275.2398675921755,4.455151231069802,0.9796628982748882,0.6446494234413644,2.0
363.9023421821376,38.6913177532566,5.8073266312865925,0.9707764265079897,0.5430816945546313,2.0
115.81095317162648,332.830045606039,4.526106067351874,0.9804395458625715,0.6647008143022969,2.0
208.51908531865254,-314.91633287021864,6.960394485509094,0.9732279306758713,0.49293099005870006,2.0
322.6099496359873,206.46676348831778,4.1093081000907175,0.9879074443801734,0.7150625079696846,2.0
-194.95368059472133,268.12394769087933,5.748894901293037,0.9798724908680914,0.5911694153720513,2.0
-225.78447682261884,258.7258669196546,4.844446311060864,0.9766749972937995,0.5817473189538755,2.0
-112.61389013519809,353.3365608186357,5.808005700677994,0.9787690689626185,0.6028848837476269,2.0
330.1828237391272,60.91360122813024,5.466277831490954,0.981528673484323,0.6040595920899426,2.0
-52.84453520921797,361.1466504605576,4.279141003261825,0.9824879089319457,0.7173957466962035,2.0
-216.24779650842984,290.9387631176976,5.759254231579486,0.9819560286825181,0.5557220759898976,2.0
271.6172185307955,235.80671146181174,5.4339743593891665,0.9732895919810224,0.5498376399013528,2.0
326.8845902181253,-179.2687681313758,6.571737172242067,0.9878588550197998,0.6444901181845609,2.0
-179.8624479566617,-317.173807342943,5.210648234573901,0.9713344956807123,0.5366194675338497,2.0
202.37068291320213,339.6725539880116,8.242552947143528,0.9788872344484563,0.5223608357820393,2.0
313.81496423361784,221.13774627173586,6.107823630583343,0.9739910561391005,0.48806704088286984,2.0
-256.39172077184844,-274.8219654492562,6.755859300204071,0.9860848764478323,0.6382533432205219,2.0
-150.3600460410472,343.9946736187994,5.057672219594705,0.9663402401827222,0.5047057486476975,2.0
384.90686003164814,-88.87277103611002,5.599308846685574,0.9826157558363605,0.6586127011214403,2.0
188.949641683291,-376.1344375819995,6.3707301390732844,0.9772546436910649,0.6252062876181227,2.0
377.0155540013084,108.72210719362309,7.448875884052885,0.9841942006430885,0.5810982337014438,2.0
101.63468596728505,358.87241102776943,4.581808138701176,0.9589707378692899,0.47030786200150865,2.0
-287.645123888733,213.67493738239182,5.5409372448907614,0.9691707176366356,0.585672558095571,2.0
-370.33528939712255,-50.22081748773918,5.960360745407043,0.9713132295068407,0.47131132398036224,2.0
17.148357405671177,382.38653897507425,5.045801266308399,0.9624120670520661,0.4861015122467938,2.0
-379.12023186893674,-55.286851365194245,4.616215941436693,0.9747976880148298,0.6205068382827852,2.0
-283.16357562063433,-246.67868325175348,5.90101970093819,0.9786218280778792,0.5803779547292338,2.0
-165.62645912243394,-334.48901408250356,6.127630479482994,0.9747400192086562,0.4920995990516596,2.0
313.5564119814535,-198.27660289676012,5.328284300943929,0.9832475758672216,0.659503000071932,2.0
351.0954366431829,-120.666666936486,4.984034643065931,0.9802917715108835,0.586740807248147,2.0
243.77288880285946,297.2531987750459,5.136381556653455,0.985413102000707,0.6797617310960055,2.0
195.78994969156926,293.81889562534866,4.7054282520752695,0.9562894928842738,0.5442386392429142,2.0
240.4086595851965,253.0529583093346,6.192260341639455,0.9804990298365154,0.5913781799635903,2.0
354.9371340871899,-130.41509981472532,5.828596373773136,0.9769603597785508,0.5650365802781137,2.0
-6.632269768386824,378.7704783795266,6.490004556120461,0.9805519887341675,0.5846470673774274,2.0
-395.48563078206286,12.56440382113279,5.461433688363598,0.9810566526698121,0.6264734382708769,2.0
-393.14842409777555,45.9630209175155,7.284170419011765,0.9895842854389993,0.6618004321332273,2.0
-360.83771282017034,-132.8558860249403,4.911776146976119,0.9838567707700151,0.6156983659050445,2.0
-291.8800119622477,236.35893138519637,6.248166921382194,0.9730511642806147,0.6057166950135526,2.0
-380.0572472893982,65.9355022446995,6.887462783637414,0.993108623765019,0.7044451493897324,2.0
344.11288255755846,-24.348432335486812,5.098727491618413,0.9636522610769925,0.5018480182229472,2.0
-130.36216670747373,377.8654707931861,6.303591033747108,0.9861682104393146,0.6324251940698074,2.0
-7.903452155389719,-363.6002450981463,5.374797327344915,0.97241453582581,0.5421540917143945,2.0
-363.1212208648914,146.88427618811178,5.322154664336753,0.9891963809268063,0.7062681834233727,2.0
-342.13289102498385,148.4497687880227,6.806384899852006,0.9897375644715937,0.6691906230046758,2.0
232.73483938503946,311.47981137044167,4.939503859091054,0.9889816758148509,0.7171539961653551,2.0
-101.82128133359844,-373.24541684655475,5.558284554197074,0.9876952501581008,0.6366177269830182,2.0
-285.1269694444501,225.55852667744176,7.203296448099777,0.9760173111223173,0.49989440634248145,2.0
301.8104448954921,150.56860531648428,5.417708616561379,0.9803488921957847,0.6436030373550472,2.0
113.37193507042717,-351.9312741514666,5.102864108301414,0.9813670868585124,0.6004057782457679,2.0
2.3126712902233177,-365.96589101362093,5.499404265300413,0.9855125427562942,0.6389554519070008,2.0
-152.41852601146334,289.6130853101243,4.961034728479305,0.9817076586438757,0.6141565355922566,2.0
-183.83858435584182,366.585805689909,4.016161213388172,0.9725562751504297,0.5534188475087707,2.0
-119.46587522035828,383.64007165702077,6.25111039896726,0.9744547310347283,0.5006850509054568,2.0
-305.9155474182924,265.46423142968825,4.5664212431617095,0.9678480527132909,0.5099262720507216,2.0
-334.8985170404313,207.4771142033082,6.413234131102683,0.978009694522208,0.5721729407512413,2.0
254.67588888742557,-289.2098825212853,6.20675185006837,0.9870823718981717,0.6910516225629988,2.0
251.61334773224334,-230.6172260979621,4.911754218293183,0.9790183530586151,0.5821902424625585,2.0
361.75990456644485,142.7396180645171,7.563625410580797,0.9780025868882196,0.46970007455469337,2.0
379.50911776683114,8.40821693770718,6.629849780011084,0.9780668583794755,0.5130886646330328,2.0
-229.78108496417227,-291.57036273723895,5.717929102131932,0.9880808939114886,0.6594676695445287,2.0
377.1098718877134,20.196923283606566,5.89994143844176,0.982936757697806,0.6634287029580382,2.0
-85.89140122005203,-349.8436486555255,3.960554925416274,0.9645882649073877,0.579904206287383,2.0
-123.68287714377203,-358.58174538094687,5.197864973452569,0.9782197106673097,0.578000239873155,2.0
-71.14712067866485,357.7261451666927,5.252514030529937,0.9819570198697413,0.6509478479756502,2.0
278.12230335989983,-207.4542430634787,4.418324599615749,0.9758022878109844,0.5555632996951079,2.0
253.52679493408212,-244.72441780628574,5.248863362352428,0.9728379826304318,0.5355918489951633,2.0
-126.47379383914638,314.3530098577757,5.008787731665772,0.9883002813808366,0.701503010607484,2.0
-79.29452631137617,-371.89791861147427,5.929591616472572,0.9733477759937619,0.5438119466898652,2.0
-352.0017096554103,-139.38387118076164,6.301092664013884,0.9898535589061431,0.7223939070057194,2.0
95.2942334742022,334.38336920320523,4.763010056542252,0.9778502026788182,0.575570156844818,2.0
130.82277620333872,360.6756194685122,5.707390048749819,0.9857261455821865,0.662279536994887,2.0
352.15109785064004,-141.71408449652526,6.282610340990141,0.9738722365902057,0.483492573496941,2.0
77.40016013573046,395.8371535107716,7.982842553837223,0.9853831846396031,0.5777731894728867,2.0
325.2631917686173,-201.17689822849374,6.692852416548543,0.9889734347914925,0.6776502637543169,2.0
140.4462851165855,-320.6718193368805,5.246023782940482,0.982700820776626,0.6339167952565805,2.0
-255.113701032077,-262.96212176976695,5.7214658952966895,0.9656421154548254,0.5134783354856468,2.0
-9.230700781541094,398.7451631877879,6.18970617141487,0.9830835220999197,0.5726610738680938,2.0
-29.757266894670654,361.21287012036845,5.138240567866468,0.9913335782702211,0.6906258459868475,2.0
89.40536443502013,-311.8751198245283,5.893081871539694,0.9862843237307459,0.7090254867051942,2.0
160.17805922147926,-344.76685343617197,4.826191967742736,0.9729623256962525,0.5417492418479645,2.0
-220.94022053002743,-308.98698707918294,4.540636681530113,0.9655070805618163,0.5697223598008833,2.0
286.14449799807556,-227.9605885804259,5.264048869066105,0.9764588250540168,0.5673380323901172,2.0
-52.777257305434084,-346.8424644516238,5.789983157152146,0.981543607588891,0.6586459805649588,2.0
-352.5477087705283,101.3354792395589,5.948169267935777,0.989975943505084,0.6897624722676927,2.0
325.4481412191495,163.31112018351973,5.857827434218235,0.9843680991783325,0.669761854784681,2.0
259.81405600527137,332.63563711573136,5.050250995672284,0.9837085127620872,0.721148455279371,2.0
-369.20817483366096,88.3518681876889,6.799405326859064,0.9772692459704159,0.508319908403976,2.0
252.1355564964897,-277.9649868452032,5.849056863226889,0.9781972382356201,0.537046436461715,2.0
-203.31883086589343,-326.73974713351174,7.350081550963695,0.9817776957384463,0.6026122043777569,2.0
-33.207976451769724,-348.03365267598474,5.548696911311913,0.9834437961523417,0.6149343145397697,2.0
91.36017578752644,363.49781786858813,7.076868509020264,0.9919514162542523,0.6312575853752221,2.0
-402.7434677046759,3.774497640826795,6.419518497497602,0.979100795724124,0.5254176952255681,2.0
-22.282750759426186,378.56121101127775,6.495999697318674,0.9893112048393564,0.6263111401573904,2.0
-353.33683884239446,-95.94538258041528,6.212501539479359,0.9780897762659767,0.5816043248840118,2.0
-351.0655258003021,-106.58865909399987,4.898339370973641,0.9767862084784539,0.6265891117079961,2.0
74.64496405108575,-376.8396223971004,6.7766906524995605,0.9851506901808612,0.5847074448238986,2.0
187.41906578267395,298.6454492732858,5.615684305139281,0.9656463669234826,0.44262286857921784,2.0
-5.612521822414807,-419.55164368737553,5.340685239559768,0.9840451935601022,0.6919299813775871,2.0
136.62313569311527,-370.40816843415763,5.432217501794496,0.9782788790938644,0.5750554329199283,2.0
-232.15691442789594,-270.5409590363024,6.9768186539520824,0.9905921375120843,0.6914029003665925,2.0
373.67612148690125,-128.6798220139669,6.938642959370732,0.9816025240654546,0.5448534959552259,2.0
172.32468044947896,350.5575312399051,6.698938304344334,0.9836999681877412,0.6164495990425494,2.0
-368.4286507271752,-62.29731316972485,6.802874852708484,0.9879602555898737,0.637789685795541,2.0
-61.93091533619131,362.0862686535044,5.299249543217125,0.9674576234487682,0.5138010393812126,2.0
293.01232468335377,-215.88351892744976,5.321710926133788,0.9855493684475387,0.680553899483822,2.0
376.38200463202054,-34.00058541245353,5.796645791417803,0.9823388810387318,0.6188573491200953,2.0
-314.938463874102,160.3607806179269,6.750856517282874,0.9771810297551531,0.5229807517408667,2.0
-332.7218135968011,183.52116446264208,5.094306516669965,0.9772132506464922,0.5799518849051887,2.0
25.769216811781114,364.2329698947282,5.581442940205735,0.990635240874212,0.7205584306312355,2.0
-136.45819101870458,-331.1472640509376,6.051711272515166,0.9682799406952001,0.5376305723191611,2.0
347.7590879322256,-153.69604355826922,7.009538799714909,0.9879700657950495,0.6689041856608308,2.0
310.31927996786396,-226.40777678361454,4.358037702068605,0.9820215704161204,0.6001299408368208,2.0
-183.5587920153305,-308.1578941364184,4.815131280599138,0.9782702804267753,0.6458486651546601,2.0
177.34800686711765,-331.61467591976395,4.373533780495169,0.9662843451925797,0.5769368311138098,2.0
-194.7862337356212,335.65528919672,5.569913649945879,0.9775017312384991,0.5651578731559919,2.0
-293.7336830663798,-216.27734990781835,5.945406596074504,0.9721309335900498,0.5420129428675389,2.0
-68.9695302874035,396.9181503655888,5.857422253888628,0.9788770336481066,0.6322518699895587,2.0
-365.58436333162575,-123.60665192857672,5.634306857188716,0.9821465104941931,0.612521285254893,2.0
-246.9523450186738,292.92134128422373,5.5232355687026295,0.9851241211595917,0.6793984674300814,2.0
-375.86937606933583,15.182934147719221,7.2725593870934055,0.9844922895435142,0.6184390964271949,2.0
361.6711239985556,-88.97436088762765,5.847076205882263,0.9804185472651925,0.588722242510806,2.0
357.37062658232753,157.11965326736734,8.139767120061775,0.9903015480064048,0.6958583291708538,2.0
-285.9708821451821,-264.8084542156113,4.998795837489985,0.9845562873038627,0.6205706767073078,2.0
-253.7403466634006,256.8325223494972,5.744295150266773,0.9783761114894053,0.58117336317514,2.0
-321.6874725201547,-256.84354363462086,6.01321843399387,0.9782069467984366,0.587057298260881,2.0
359.87941880879987,-205.2522283713086,6.986013270278794,0.9829797150993953,0.5586651419618837,2.0
68.6672221386094,361.1146779633031,4.557460963135592,0.9726585985570382,0.5369224389274654,2.0
-100.64203935224782,370.06678285887773,4.901591629997295,0.9847383540236879,0.6698717594701148,2.0
-298.3151129651066,209.81569946939592,6.476711635739083,0.9750399055630177,0.5007122443892185,2.0
-205.17113185552134,306.0199653504918,5.987361678934567,0.978378567723799,0.5275204896732272,2.0
-383.1259972591768,77.06804770461991,4.955137789454656,0.9806320324004363,0.6451153669030483,2.0
-41.04206547348323,-385.407855247039,6.206229760131804,0.9870797952207555,0.6056037291129733,2.0
-397.9859604730509,23.943764754629537,6.683805587458888,0.974214386863927,0.48643475370841843,2.0
280.75507780491665,-257.5992701058,6.436484897488562,0.9871831682658938,0.6196430091269622,2.0
331.734483882151,-190.56947483360327,6.122923723318731,0.9798511419710192,0.524551217681012,2.0
-351.21920619050377,122.01387044714261,5.847815692245116,0.9600899176564215,0.4797033500172461,2.0
2.8155791301057795,360.6803015655818,6.671745427629356,0.9822591013352533,0.557322551941421,2.0
241.7254454292591,-292.87272584937364,6.0024492973697905,0.9904217069098911,0.6892616288396867,2.0
285.7415449171725,274.6335868412161,6.177193559732655,0.9889227826261211,0.6211236932498632,2.0
-349.6253551192036,78.46580738703322,5.3945755145229,0.9848885973178501,0.6700181261354292,2.0
410.2960244309672,0.3249214044759609,5.870094524963246,0.9669344260355308,0.44307402336523766,2.0
-3.8880423410360243,389.42422635708533,4.987714597700621,0.9647123258404587,0.49452557916397044,2.0
373.35379280213596,45.04604531162057,5.826332149651282,0.9862404185805521,0.6363168544936768,2.0
34.37645318776242,370.992917113928,5.570069377757805,0.9884309347620456,0.6607176202787477,2.0
325.4759558442508,186.99342439778417,6.004649008411097,0.974765851074225,0.5043627299524738,2.0
362.2778494910396,74.30307124593347,6.7770157983410275,0.9803283006901079,0.572608586486189,2.0
80.05380667403999,-367.3711865297891,4.507059633459083,0.983880274373018,0.6699974569364182,2.0
102.20507484060569,-365.40906461815626,5.255225018550821,0.9819310229908271,0.6439995334289146,2.0
-378.9930994332806,-17.889455276356895,5.96720708618305,0.9805470971285388,0.6181349505451864,2.0
248.8670176341193,278.6083742702845,5.649248669702858,0.9861554330725155,0.6334462965980371,2.0
376.87893527713106,-63.515022178181475,6.045745303585657,0.9724493295184258,0.5347438175357665,2.0
103.55781377376154,-355.09984501735795,5.62804743922466,0.9714257458262435,0.4751913791261597,2.0
383.2745899502921,-26.56687831387423,4.669286330695903,0.9652383686560847,0.4991147982799264,2.0
368.9339209726207,-97.3394781653484,5.186764311820598,0.9893410908514053,0.7113503455553712,2.0
394.48474605366266,90.89398564757006,6.564536624391894,0.9816731751737058,0.6051226980689545,2.0
287.38480352843237,238.32562977062952,5.885343924569024,0.9862991997649552,0.6852281012288486,2.0
316.22478640783316,-207.8426246525556,5.069001844546677,0.9659484121808496,0.5010872567024226,2.0
193.94023791585582,-346.75064152367764,8.4131849551601,0.9842235960498803,0.5677126408270183,2.0
270.1753009423958,282.0562741019695,3.5066757677757314,0.971663707498553,0.5979702710645479,2.0
-374.7346208310978,47.14552846171615,4.848531971239346,0.9725903753772512,0.5345038620192741,2.0
25.647105282288436,388.8019918570682,6.065515099940372,0.9829621965795553,0.6357838213127303,2.0
-236.59378606097212,-282.58681786081064,5.9403589965910655,0.983099402387108,0.5697637077944707,2.0
-63.1552684159606,-386.366757044691,5.7675793180999335,0.9684211607811873,0.5190929672182577,2.0
360.3027589506195,217.32082873430429,6.601893935891099,0.9774254433707614,0.5138271633053423,2.0
6.632774665229983,416.7147061577078,6.663561425167645,0.9874221862480462,0.6021894611914842,2.0
-357.3311264629018,-14.46941483595167,4.477661220953104,0.9752113600001355,0.6136664123526173,2.0
-257.4297614716872,286.06502396301124,6.090689942266992,0.9893341582102398,0.706084140796329,2.0
160.51895749890235,346.3196633308767,6.121927446602599,0.984523416618032,0.6213359443725113,2.0
-184.16779427048178,317.4899301818802,5.355601557829064,0.9756853985854885,0.6286882126211011,2.0
37.25834460039509,-376.22024463767417,5.612113172136688,0.9758396620568593,0.5864257230284716,2.0
-201.4153799362621,351.0888629901396,6.479744466392281,0.9786227793088728,0.5784458165284532,2.0
-22.036876492832377,-344.68727321004184,6.24871186643834,0.9924882597611385,0.6780809759812324,2.0
-315.7754274019092,179.34594961245378,5.175106430101271,0.9803038583617408,0.6120587944277788,2.0
-385.3330110031241,-87.11708366956002,5.90355594269603,0.9757320733573843,0.5599613918978792,2.0
332.03566968041235,-140.35846070225634,5.213101932337584,0.9839183257499213,0.6644678554555564,2.0
-391.28799416831515,1.7991066465554864,5.7093285484070275,0.9800392487420477,0.5861626904972244,2.0
-364.9344326383696,-157.91563223914775,6.2554306393966685,0.9842343559876715,0.6663477687446536,2.0
-243.20318856806102,-274.6645881052645,4.829424385076248,0.9711241628132038,0.647621641961788,2.0
291.5875753135369,219.3221104801733,5.375756356618193,0.9824577581273489,0.5515195712229479,2.0
-387.0254828669841,112.83050331341252,6.2623438691047095,0.981198262519406,0.5919819708952833,2.0
10.246285874590152,-389.3423106852156,6.897379831086242,0.9736216525085316,0.48607813568795843,2.0
-123.65857475587998,356.695793518511,5.9289624781591055,0.989282437136811,0.6183183748939987,2.0
344.0680624596558,154.6441109963618,5.687147133039185,0.9879779890447563,0.6194441316656129,2.0
-385.46154111704334,-7.37776350547769,5.589593304387937,0.9852267634294363,0.6810124599195332,2.0
-278.1278875987878,-281.38965628811457,5.412372879429764,0.9878897450853696,0.6933252621073716,2.0
-104.40122865702578,360.82601960198997,5.426703648906929,0.9862794313142392,0.6962199091615762,2.0
388.8856200533858,-78.11682292314578,6.260850072142286,0.9878175254446956,0.6491389968829102,2.0
253.9666299130592,-311.5262617060146,7.4098463470120075,0.9899662010615434,0.6747447584891976,2.0
266.7262711429136,264.0865026849644,5.6997807424818925,0.9800253708096038,0.5284087097778798,2.0
-127.08472312214735,-390.9406641688759,7.268679141418698,0.9882152829200236,0.6847970847809483,2.0
-354.12268867438746,-6.12080512875526,4.848533370417884,0.9659648349488393,0.5026207567266581,2.0
168.57675211114662,-328.9475583798184,5.188952924216939,0.967269164240948,0.5123801671130904,2.0
-83.6552687356029,-383.7816856546364,7.384479708721196,0.983057408734538,0.5258969581995495,2.0
-169.50548318003868,-352.80812871450456,5.367753792664545,0.9736504551516639,0.5423267027421781,2.0
-320.3200994748274,197.83876560334585,5.499548248315969,0.9673515189671017,0.5095822786112336,2.0
184.97779382104127,328.2232617076032,5.694145606287119,0.9776386401780706,0.5721868692727364,2.0
-332.506523254127,-132.8223777760219,4.164637537357235,0.9760552384569602,0.588539092887329,2.0
351.1678155811029,-103.98198728510665,4.715289947983926,0.981578788347307,0.656388038746824,2.0
-43.87171676364403,377.9685189374897,6.277960806848591,0.9897341214657825,0.6816376666856281,2.0
-193.71400408395442,-305.0851477046229,6.318810720279384,0.9788891302280195,0.5740359708753631,2.0
336.8621896411739,-200.4607707287585,5.368734745685967,0.975949055025018,0.554339500180372,2.0
151.87410590898523,337.56971951755685,6.569880588016953,0.9824152913313319,0.5548312549484342,2.0
-351.9687676482982,-171.14795656089694,4.941560952919438,0.9845909470046927,0.6753186261453235,2.0
-214.5082409462064,-282.4436541658174,5.260980869015498,0.9882331202640738,0.703142056893443,2.0
347.60947722479114,-174.81111221034476,4.564303911889605,0.9562172647472459,0.4705109059954332,2.0
384.8627979067657,-4.219902428740664,7.527236479358908,0.9909145513697243,0.7033497567065398,2.0
157.05801547183455,-381.2801445623061,6.905621692873108,0.9887870957091357,0.6127610397819949,2.0
-316.1357493630551,-163.48548842230954,5.591181558436506,0.9682047015288914,0.4634329007513511,2.0
-132.17590175778372,348.23012574750993,6.372568209537047,0.9737779982580026,0.49531466534622665,2.0
413.3681439562102,-52.838609243105594,6.498678643093113,0.9813797698937455,0.6062494703462634,2.0
-302.86735641799936,232.93876253330245,5.9930667409467935,0.9760913461753236,0.5665434342702037,2.0
52.96672582276171,-414.9650848515468,6.624150564979254,0.9864976614783671,0.6406804339006499,2.0
288.6369345637054,209.67145581759246,4.966991948300315,0.9835869720765589,0.6132270382786839,2.0
274.13471560943645,-267.8445706485865,5.789857529678787,0.9821752130051715,0.5782777706015592,2.0
211.4590667816233,-327.84943938534406,7.0518449341824825,0.9790332533491137,0.5837896602780841,2.0
210.48389515889963,269.77273165165946,5.747951317850031,0.9889209693281926,0.7053880746413874,2.0
257.38250330767545,270.76492219262525,6.097564855751706,0.9895541045798394,0.6693980494549366,2.0
244.66002579079552,-283.69544948961374,3.9126641120026475,0.9832979869874064,0.6866632092792376,2.0
-34.17756429930447,-397.12372098847305,7.466281434211527,0.9883993064256605,0.6250153294698808,2.0
121.06467445546464,-358.79102276309294,5.562846393057801,0.979814833640259,0.5798738656232695,2.0
-324.5265101594698,-188.8113236587212,5.111692580279173,0.9872203995578819,0.6938842168164169,2.0
-52.392168068363475,-406.30607368745626,5.897831714856646,0.9756279859795544,0.5128118103183611,2.0
-385.29471460450094,-153.67221515057207,5.972260496838576,0.97864605975871,0.6051124053110359,2.0
291.11040386869985,-273.15404468235863,5.520974736512164,0.976033786189936,0.4969276787526404,2.0
-299.2927419339058,-225.56468436209536,5.27451642667846,0.9764318363689664,0.5588288944601035,2.0
372.8548799444408,95.08308149740859,7.507541272366331,0.9796900648453328,0.5343262077175034,2.0
114.11355340775603,341.9373770000324,5.08892452230406,0.9721073787899341,0.5349329416387362,2.0
104.11846970766968,378.88929901042206,4.506146138363492,0.9699711736171052,0.5274339792422519,2.0
-361.84319955501707,34.08376132151339,4.6710973122453066,0.9775356664786888,0.6269328473250638,2.0
-267.2680501852758,295.04679409796034,6.682312937359967,0.9861461478288253,0.6013620929642781,2.0
220.78481748833553,260.4729674641649,4.096654298731216,0.9478562485954062,0.5065035930782852,2.0
411.6335328442472,-77.12636705981816,7.106056295003722,0.9891435070507262,0.6525471853683726,2.0
81.83408831947685,-346.809249150837,5.107222538057694,0.9644291591030822,0.49608176947312443,2.0
-379.48741723145906,-46.60857692938946,4.381275604473413,0.9717836333917808,0.5994375977444703,2.0
-158.38567930777313,-325.07194451092585,6.155166535877664,0.9801814965192251,0.5858301828714719,2.0
261.73734357591627,-269.44481325059263,7.077797679196678,0.9937892627985534,0.6971036287590509,2.0
271.59753628403547,315.73768509977253,6.9352873739838,0.9911595363580921,0.6464318972923118,2.0
-280.70897619271034,264.11288736197895,7.510552493658632,0.9815925768108622,0.5383438846567649,2.0
-107.5237584207324,388.9482675593783,7.493362597538118,0.9861535219294364,0.5982941873603286,2.0
33.64787974500937,-367.29370306845834,4.279092223991832,0.9746355007115272,0.551412548932708,2.0
-220.56194070599048,-289.34771408577785,4.14983828179679,0.965711217384995,0.5072471871638483,2.0
-335.907274679842,172.4601115511548,6.855634966779728,0.9815766238391231,0.5459169481958113,2.0
139.01271955935167,-350.56333159114087,6.397017706007889,0.9893443145963812,0.6634349071594425,2.0
-243.06555903961285,322.5872075480012,4.770189987806285,0.9591354623769202,0.545566532925037,2.0
32.913897387293694,422.14960548395175,5.472556306511592,0.9656426581197923,0.5033604942193362,2.0
356.2170791244234,-171.43236255037263,5.041512677773754,0.9762448007380959,0.559824031191435,2.0
302.12335603578157,223.64666960849289,6.441974424074877,0.9827757737215267,0.5640587524979652,2.0
151.5453571753548,-340.8385856261278,5.086359682342703,0.9751884173864913,0.5500447193226747,2.0
-343.08130940590553,-175.96523727652792,5.679455200803209,0.9663106220855364,0.44813563799198386,2.0
-114.9472969702374,364.43163225606725,6.0419761032807475,0.9822478457933835,0.5991085496515022,2.0
360.37857793725135,-150.42701661444664,6.191638892082327,0.9835138467621192,0.5650993074569645,2.0
-144.90465516593497,-359.48258473013124,6.052781209868457,0.9867475661051882,0.5980141096472318,2.0
-392.00926108689066,70.73194029978464,6.240069102699258,0.9818747887973017,0.6049061061584479,2.0
-284.6436116580951,284.7249200982547,5.726956561530427,0.9768316519107173,0.5610529033987309,2.0
409.09363834180004,142.8917884630749,5.366777354711717,0.9677415282506189,0.5195906786536997,2.0
361.91652876907614,170.6179036460971,5.069606739856158,0.9880334105679951,0.6501205704656763,2.0
340.5645803792931,145.70622148108225,4.21902731526683,0.9665007598173903,0.506985081134778,2.0
374.6010207746647,-116.0687499080102,6.029149491921251,0.9877711095060332,0.6091413986746363,2.0
-79.91679724099983,362.8455356479247,5.284611947173899,0.9835036867667628,0.621015838263418,2.0
-322.2994099650701,-199.80526217846767,5.494364251746718,0.9779121405834141,0.5745311944116999,2.0
379.58141153015004,-187.66942379728187,6.674081427141836,0.98923080929854,0.6588293301871195,2.0
211.0832416257711,-297.0399434339888,4.960100413026693,0.9732032708135641,0.6110335827434896,2.0
240.72873777875915,263.26301972481014,4.300651635127155,0.9641361493234385,0.498904200795915,2.0
-70.41465715334394,368.3724406249982,5.801531759458061,0.9768114699974308,0.5331232437233436,2.0
-381.9833246313969,-103.42128612240786,4.611977262973084,0.9824454478447714,0.6036680060096583,2.0
-119.32691416562793,333.8703357709155,5.627615102782243,0.9836654109322268,0.612211960631252,2.0
258.01969074462085,259.5044373983111,4.617038783210795,0.9754938129952264,0.633854799402336,2.0
204.12571251529337,323.3571419164594,4.58385024228455,0.9794350317129253,0.6367604021542177,2.0
223.43745514164658,313.40359136447285,4.858931379345514,0.9712717641833831,0.5310524455220362,2.0
-1.6967700921114954,-386.31880281925845,6.14927086603704,0.9734322536478621,0.525850584110084,2.0
-265.62030541777494,-266.8109310976405,5.843129468014465,0.9751345154769374,0.5536389768857061,2.0
-251.13272614674483,-364.66605803069774,5.879034621526344,0.9782559136605621,0.6349053457119476,2.0
-169.90663715219463,286.587383324334,4.896377802867476,0.9847144135602741,0.6828780747559523,2.0
430.7380772999218,-151.25525742762434,7.310855259191872,0.9929701700674833,0.7067188503574187,2.0
277.41532496773283,246.34391721266098,7.17362432980841,0.9879796150993222,0.6294032961835458,2.0
-11.983533008767845,-383.8754475037001,4.74823309394795,0.9866977273497842,0.7089772725835073,2.0
321.06087036927505,-228.4648161379784,6.897250537528623,0.9838417385299439,0.5630125801597377,2.0
335.22493976791316,160.13162415272902,4.800270643631062,0.9824542644617364,0.616084545330456,2.0
277.92317308057187,-287.2323585714745,6.425119452289227,0.9790171017516395,0.5236869302040289,2.0
131.8659245692301,-341.0457112390088,5.216862690800124,0.9861669589886691,0.6805671533239437,2.0
-24.604080400277127,415.4552414683003,5.479800405503847,0.9743003074331991,0.5677117499040222,2.0
-209.82712944439524,326.80429386199097,4.80449279380832,0.9817496045047494,0.6099465832346255,2.0
398.1911133119816,13.645497160981304,4.964479750740225,0.992072064482864,0.7072898050480974,2.0
231.3498751993729,340.4198555968358,5.824943843331467,0.9785978563986879,0.6357951525121555,2.0
-202.6965578249093,-313.5170477956793,6.539952437967463,0.9711767256990459,0.5284150497560942,2.0
-410.1187695447374,26.06784214830647,6.159453967190925,0.9796039569769168,0.538527406986539,2.0
-152.58284662540916,375.73962166807684,5.931308038691279,0.9821197577903106,0.616836221223129,2.0
303.90857166285514,-218.35824061558668,6.202193234679933,0.9849818135492644,0.6222536325968192,2.0
38.50520834390624,-395.34375164157626,5.754442239689682,0.9810267370656075,0.6062299638032037,2.0
-182.26104307763782,-326.6766771377203,4.945674660903543,0.9821057895123828,0.6107564418664476,2.0
354.1814139937261,-26.918150258492258,5.629309618052746,0.9877851056759049,0.6616695508326169,2.0
-33.172157912306524,371.9219857318068,6.384233206265844,0.9847153003035881,0.5798657964750777,2.0
-382.0382538205576,40.36917623695269,5.5327098146762195,0.9825923169220866,0.6072129900785703,2.0
-73.16371745283732,-390.22557990995625,5.5365763507638786,0.9675666965805247,0.5154868254084966,2.0
-381.72369972632964,134.38526663658317,6.878450914932764,0.9803684624996236,0.597042178745625,2.0
-407.7659943705897,-15.48090255248536,5.277348857295278,0.9796277198905256,0.5814992976296232,2.0
-352.266260792678,-181.34175317889927,5.406858847964466,0.9744456334676322,0.520830347864263,2.0
317.9767008716354,-244.088923153577,5.495992178435104,0.9880457046828884,0.6990655863567775,2.0
306.5926907429185,214.14319057699603,4.394551527425246,0.9705777536710432,0.5274725153414774,2.0
-392.50129781894236,82.94213897771505,6.561607749970539,0.9730036596825816,0.4806942400214972,2.0
374.30209408457574,121.99734204687816,6.554598887535303,0.9788788167567479,0.5278224386249319,2.0
-193.16539373917846,319.5733755461752,4.191893793961644,0.9743866848481434,0.5499158454151717,2.0
171.03435214156275,-361.69072122582963,6.127128775385732,0.9919637460794638,0.7008469717071565,2.0
152.09618635740105,373.1390236999394,4.412115614987346,0.9726393890318477,0.5652354596721011,2.0
-366.2516364081516,-81.33077723214883,4.745764917359102,0.9783732457974541,0.5737205734762917,2.0
216.7829422609693,-305.8818787716251,6.008499730505312,0.9762485643309408,0.5761219513427152,2.0
-52.509913837159814,385.9594370679534,5.797675613659844,0.9783964023739301,0.5719402793724506,2.0
354.7351373524194,180.25447613245007,7.181554604066475,0.9803695120814854,0.5142957784496158,2.0
-349.07028902909815,134.08404766505137,6.806724131802759,0.9865867984887647,0.6341663963512387,2.0
335.04610992218215,191.81620517213102,5.276009742673408,0.9746281559370602,0.5644771137424697,2.0
-371.66328637155135,-73.33322565510112,5.245805678156849,0.9741796275637538,0.557242617261459,2.0
315.26461856400476,201.25255470226378,5.065130909636998,0.9837598300005216,0.6266633345163272,2.0
-387.3582715878816,19.659638957235682,5.3677368190416175,0.973435527191277,0.582041806018445,2.0
45.90798701307493,374.6619438005924,6.784777747878236,0.986473346453167,0.5986191521989477,2.0
-41.66741819078143,421.82337765226356,6.056817101639177,0.9611026278980133,0.4818793739548027,2.0
-276.9208470023508,-257.50403209228546,6.850977084582154,0.993075712295959,0.6809538319338738,2.0
46.79530630524777,390.62399116102006,6.9612365619529175,0.9883040857612435,0.6674678254744776,2.0
164.58632055762092,334.2693418177082,7.035864811536073,0.9817971524053779,0.5935873469048325,2.0
-139.20680352694617,-389.66555081876385,5.5284832639535635,0.9744035221126444,0.5564234248581322,2.0
-198.46305715061013,296.02877025569603,6.343922852720117,0.9892968341536381,0.6660245628806489,2.0
-372.51687175326316,-133.70451472609244,7.102866940290223,0.9855764749182926,0.6315634782994386,2.0
132.0952098263866,-360.35727656647754,5.973302024085658,0.9823049227605097,0.5449895229401004,2.0
-381.78910595224653,-66.31468340552107,7.2542295301755235,0.9885441598732672,0.6279193231863631,2.0
-408.51500575034174,-59.211617862834956,6.971252179762446,0.9859689717151962,0.6324520882699634,2.0
371.9542771121798,57.57461230749348,6.627490487461171,0.9804136545961798,0.5840112024602921,2.0
-36.0597146477767,409.9193036676803,7.827043263619366,0.9757530883249291,0.4954852356251789,2.0
-405.3550846984996,-132.483132632162,4.255930527821583,0.9658220025378089,0.49993848800156526,2.0
238.96138168206048,287.2803770560247,6.127392625137779,0.9880994239879932,0.7041040987661702,2.0
294.63865542247163,-250.90846554057504,5.385216226358144,0.9875952662538247,0.669775418460756,2.0
86.91243410281614,417.41672148204265,6.025189082825362,0.9864865680123757,0.6590783761306971,2.0
-368.6299454635425,137.99526790005294,5.424386356322019,0.9866215733723921,0.690221307953572,2.0
63.58956469039076,390.5261255405883,7.386825126786085,0.9840575757892094,0.5668044153544178,2.0
98.23625981761343,-376.2507038699951,6.848059440429842,0.9814263683215753,0.5953282688765467,2.0
86.04783153734678,-400.63300838777764,7.180524306684091,0.9903645935960006,0.6852290685013563,2.0
-387.6939635469522,145.61862522604355,6.37733115445203,0.9761839344660357,0.4987356720291068,2.0
378.81908140918614,-229.89315964859185,6.560548806787446,0.9883995103368138,0.6561038311448776,2.0
94.78130486119282,-359.29504860234846,4.415893454831108,0.9837693213979171,0.6293742371724335,2.0
283.95875322690665,225.72088188361062,4.875608803067193,0.9854405322011857,0.6244814915017755,2.0
370.6515953753072,0.45802375761577274,5.801753459760402,0.9835740161156575,0.6651537649059298,2.0
-380.0664171522985,2.4127691155181488,5.762764600899937,0.9816667370442305,0.6081451893605486,2.0
-90.81041372393393,-373.5311511015852,5.478102381237386,0.988513688087703,0.6821776438094057,2.0
376.2739414504267,-104.82975795728777,5.493826024647201,0.9831384183045381,0.621261519093087,2.0
314.08461566404503,-254.43030443510924,5.942356228201127,0.9786941472286067,0.5250512022125946,2.0
-16.88584028670795,-440.56961585450745,6.973982150957906,0.9866657413424146,0.5983247793037495,2.0
-79.70020520728349,396.7574355686939,5.45272832801306,0.9772436471527925,0.6304713779627434,2.0
275.18569288881406,257.95760541355486,5.15724066025757,0.9698699403005325,0.5214082356580605,2.0
2.527703485454223,397.77385559329184,6.023549098385085,0.9779251621134764,0.5675883105640914,2.0
-364.4608439994488,100.0368154609881,6.333703080994979,0.9789170056721864,0.5328158911890053,2.0
-390.6462583078425,33.510056171226005,5.832609510761024,0.9731222751071003,0.5411891254105147,2.0
204.7592480815362,-338.3027476423466,5.866768070418471,0.9702020311593409,0.5237287121878618,2.0
-171.64866768586214,-324.39491912917566,6.209872355128305,0.9825892248769623,0.6094441916290987,2.0
352.8432038394292,-185.1060970179629,7.673499639750921,0.984806984774066,0.6167705129064951,2.0
-237.03548542817134,241.34062860619773,4.342025668269481,0.9689446726581528,0.6584917765581604,2.0
106.93262477799382,350.0305749569784,6.156618827313523,0.9905570195481012,0.7212696301021386,2.0
62.28504805919292,-372.4391387211536,6.8254536515935085,0.9800076550777325,0.5371050510276906,2.0
-115.84781002359067,-364.52339395044885,5.035209868300464,0.9721223358697642,0.5322053358579888,2.0
133.12229934352516,349.6947742874195,6.005139489254231,0.9756383021342531,0.5901050427893126,2.0
387.9951373143708,-35.572280192800264,6.011468278707472,0.979260921814164,0.5411703421698955,2.0
314.8186630496245,210.66689420769703,4.799218773038735,0.9818083373969161,0.622040017842167,2.0
301.0435907294628,234.88915004602728,5.0482268489447915,0.9904530489516502,0.7184357232787603,2.0
-354.83075109654493,153.02445188317148,4.273354622470938,0.97842616915411,0.6430175604751229,2.0
89.89685052599302,-367.70876595112566,5.62814600834001,0.98014781609366,0.5923435686103194,2.0
110.9427944116929,360.96192311447174,5.366315722147512,0.9809322393069642,0.6463269741033846,2.0
249.97636320718743,289.2308339581615,5.419493005135543,0.9766851044306606,0.5586825618765467,2.0
412.837601154143,-11.076623959029574,6.405561855035605,0.9790156600164422,0.5434833286063352,2.0
164.18972561418195,-352.8000627995371,4.542029024691371,0.981716538800383,0.7110952789806224,2.0
-339.4256893951653,-206.61433891607138,5.49812285476398,0.9884089510620627,0.6513002920846671,2.0
-187.9407803653192,327.3966174725302,5.575420133417498,0.9837191565706339,0.608350786800556,2.0
334.5276963219292,-210.56124708437125,5.39276736308672,0.9866974522541385,0.6891089731032598,2.0
309.0020936885493,127.9364550790427,5.100341932228286,0.9727616800872215,0.5386486084801654,2.0
267.42355910466614,274.3195482352933,4.945686881190777,0.9799178617155444,0.5854981239717177,2.0
364.41538955376564,-138.356093650153,6.914227818514933,0.9852412228187403,0.6209183520355414,2.0
63.915060577691705,378.5635093637783,5.075351451098621,0.9718870444820505,0.5414949276683261,2.0
107.69683296429729,-383.3621168039983,5.620864247203362,0.9653467308966033,0.5007126508025784,2.0
6.655463042042721,-376.9579074339978,6.465685210235482,0.9832758101224511,0.5939668378904339,2.0
-284.20895358608755,243.75811888027707,5.06508757116044,0.9629814874182083,0.5650219834938629,2.0
-42.376981481471795,389.0739826217005,5.292456872069471,0.9687366302047317,0.5183920224620331,2.0
-374.8487702928762,97.69155001236437,4.5385368961432055,0.9700638852952282,0.5325700339361866,2.0
-161.76413113482906,-345.3158024439376,5.89532126227524,0.9799894837792722,0.5853461979617505,2.0
-169.10709250507924,351.0290098539295,6.017619520034793,0.9809951070923709,0.588157869522161,2.0
-280.2769868060919,-305.83475456017834,7.595087789869467,0.9820207496476799,0.496158304814679,2.0
382.46381045604966,63.232664361309844,5.7533118149299,0.98497123041235,0.6325715115638585,2.0
201.49137876020447,-357.7157150569703,5.506251705058339,0.9724446716203667,0.6038995907286119,2.0
52.53081047181732,363.20531092323677,6.570579852380463,0.9868492741249129,0.5992667354125152,2.0
144.93545169354482,-377.93904057902216,6.106393549934807,0.9766641003518948,0.5658154123445864,2.0
-432.7777219285374,44.04067013773065,5.993001223411389,0.9773200264890638,0.5644680029459447,2.0
-341.030302143305,228.30566063469988,6.287600617905534,0.9871156658544065,0.6429668418763304,2.0
-76.89052874597311,-361.1825704739665,5.454222224786377,0.9853832817928438,0.6903907256996771,2.0
190.49012802199996,232.13660818675532,4.925816072996245,0.973593568569796,0.5445952782108665,2.0
-134.95015822185414,359.56112610865597,5.958351027974944,0.968924597714446,0.46758010475217554,2.0
-312.78682453607416,-201.428644672446,4.568888919296278,0.9792031662015132,0.6521791344088624,2.0
386.8115365398148,-99.9581657597392,5.969178960874101,0.9865074273347851,0.63199237879067,2.0
260.3785990846299,309.29731771495545,6.387672365736171,0.9781544437299495,0.5303781278367041,2.0
384.538101795591,-55.052859441608355,6.014983652498034,0.9793786274927303,0.5985988640218868,2.0
-21.35486624950848,-396.8518048944855,5.935398865129854,0.9788784786136548,0.6371071427606506,2.0
251.2348542246002,-325.1333311155036,6.934285739167262,0.9844617854400751,0.566593980901424,2.0
301.5166196607882,-269.492342350075,5.934327183379359,0.9892850671557182,0.6453869812308769,2.0
270.5236852707822,-278.2583082251672,5.531025878866306,0.9870245447580167,0.6389934053962463,2.0
-312.890797463902,235.13527739538438,4.81782114802303,0.9735309658873568,0.5568684692901298,2.0
362.3205119141611,-6.665787270264974,5.468074370284653,0.9807204163597928,0.5888479859661306,2.0
-52.42449904985987,-385.7220435984251,5.367807096196447,0.9850958010725799,0.6772754420044396,2.0
387.9122499898515,-66.30772631384588,5.845669194282143,0.9830727382276266,0.6239365213027406,2.0
-350.40596862967277,209.3334260833856,5.830956685651652,0.9741233698633734,0.6222534843347971,2.0
-322.72622463905185,-145.41569355867645,4.837117020673851,0.9804425946873312,0.6063461680193625,2.0
224.30923726128728,331.4143428856523,6.005604147277764,0.9862995203053897,0.636863373745231,2.0
315.3016414658801,-218.00128125539885,5.643123663541611,0.978273130802873,0.5881830672183362,2.0
-380.3229059426763,-77.96420000706198,5.122763156259354,0.9594829177752847,0.4747635664756304,2.0
18.639523093682335,-355.71351062575434,5.2591288302744905,0.9693541997244799,0.5442542505536698,2.0
-296.3482995582499,-172.10647813276543,5.3091950561527,0.9749348482322958,0.5683567704376182,2.0
-140.49738270215343,339.77826356712126,6.117004248513657,0.9820863769386325,0.6608624202595555,2.0
236.42513897492557,330.2023372032023,6.094510546000239,0.9814362830850586,0.5925157811299845,2.0
379.4821074945924,-218.2072033195911,5.633430561198963,0.972706879773586,0.5372830590053828,2.0
-71.59438076627906,-379.6431707470407,5.462645494965702,0.9831500828583425,0.6208370354466245,2.0
-151.52627649474502,-345.2600478096844,4.853914600856392,0.9641531321385162,0.4923751157027449,2.0
-24.54329659817113,389.28061420170224,4.800392674954091,0.9690413339138013,0.5203748774608116,2.0
-332.9929596036292,-215.93165390508776,6.10660741722904,0.9848306099723505,0.6192138445361203,2.0
-389.72130021453637,-16.78411693846705,5.158868080447026,0.9825714960888393,0.6026178766543946,2.0
334.67601278622254,220.71850518630401,7.3898719909809385,0.9836048124972605,0.514069391768169,2.0
420.3611330384093,-32.581610631800864,5.620609335114065,0.9875199523402216,0.6268931416820008,2.0
-296.36648795427044,247.36840440225737,6.069692021347496,0.9869804409088434,0.6882134122870138,2.0
292.8111081663397,229.42506271199616,5.046053919355461,0.9763470418131408,0.5733205818027325,2.0
391.84024865135217,-46.28072912647694,5.923306397840408,0.9756753130701433,0.5591658430577398,2.0
-397.0596534626707,-53.0303131630891,5.559283660061817,0.9797242148190979,0.595845120196315,2.0
360.4069316354236,-194.15000561756537,4.676060550453902,0.9668132008931173,0.5351878154700899,2.0
393.4496933716451,69.25035644594037,7.1012874055895825,0.9832434148518175,0.5596000399999473,2.0
310.36869059469495,231.38466531164133,5.15594885934002,0.9789613549637074,0.5797118743388853,2.0
-276.6104484663356,-270.22433639692684,6.169085628508022,0.9835332494286808,0.5607433428895694,2.0
-367.7437452154873,187.7463663159064,6.700527947174666,0.9726183287917392,0.49008785218245343,2.0
-256.32116680140774,-314.0948273134405,4.834501542545265,0.9747066049711232,0.6321068833096296,2.0
-153.26408643038693,334.73665001357216,5.128444393890261,0.9731662031792785,0.5389949520688586,2.0
217.13112413805123,386.88960415363,7.188208128664425,0.9797238586783061,0.5353574407702372,2.0
385.07060608474467,40.669353431175765,7.098072402959504,0.9796970905389969,0.5325573027645781,2.0
-343.65495782777896,-165.54113360793968,5.198352889525092,0.9810639011091462,0.6270862168051943,2.0
-249.00120682077133,304.4068866498893,6.332111239671523,0.9818933784628274,0.5632510194729332,2.0
359.04372165832825,-98.99051823199503,5.05248555409691,0.9723497456243674,0.5461248848115758,2.0
-135.8483266482254,-366.1944920490628,5.591550695856534,0.9811399305218392,0.5888526443141094,2.0
261.40349265556625,-280.6081563057071,4.251836661328391,0.9754277968672159,0.6228414396143014,2.0
-381.8427838799422,-37.92622242855211,5.057947746327515,0.977468862159763,0.6239897897151413,2.0
-408.2494789924176,46.295164395277716,5.9370928161646095,0.9720868348846309,0.5423315329927814,2.0
-410.24303409605716,-5.137939982821511,5.725471278124648,0.9834691618642244,0.6214954941076593,2.0
400.85437367046137,80.1776814633445,6.533971080217092,0.9753407608890117,0.5044133323725621,2.0
-248.02715208146404,-283.6323515028812,5.858531894821003,0.9766004664479488,0.5031274080572798,2.0
-55.79515893240654,-366.299494001005,6.00253647875137,0.9769888649344587,0.5098868250877648,2.0
-179.76236164957552,215.25317321572092,4.896300225493779,0.9819590963278262,0.6674638672445161,2.0
-246.15870524311256,281.46907408088293,6.4152273122956,0.977666990707741,0.5186756685199321,2.0
-143.53450110158425,352.0519820615634,5.961149646276736,0.9814934288829309,0.5995835181359632,2.0
-338.71646093119705,160.40584909342215,6.029045659273549,0.9715204578079037,0.4704624296025103,2.0
-167.84719536013554,362.39377128405897,5.859596024607467,0.9807882790644696,0.6477948014163386,2.0
-236.0304410578085,-299.34768703078197,4.678965546873374,0.9696752946418454,0.5270134887192245,2.0
62.29252188902325,366.83234189012546,4.367991698024218,0.9694836695082784,0.5919296221476581,2.0
69.1707767416325,-387.73744089053787,5.750755092185985,0.9742761009091812,0.5596141796572897,2.0
-360.7176696861544,79.47524501104884,6.07293176165952,0.983166438133943,0.617477254046438,2.0
165.98724521455577,319.7940952428084,5.793207891662119,0.9738122130753889,0.6077253792670065,2.0
23.526519947776325,402.50559679279496,6.890728464069579,0.9891054696615111,0.6781227542906626,2.0
-212.82071266577688,315.9104471464248,6.94230658782135,0.9785656614502823,0.5168491037885251,2.0
-134.43456202789181,-342.24261326909397,5.3875982654892995,0.9868059664491857,0.6401945773229286,2.0
385.03035437079734,-111.22349482683407,5.822588951092352,0.9782240243474414,0.5179216512910503,2.0
20.493038557891836,-383.8678885179924,5.398228404621799,0.9606909163246672,0.4835008936251642,2.0
14.650497108145954,-425.44897334016076,7.828604194072089,0.9811088998101207,0.5428619895563207,2.0
366.11047861858333,-168.5224967741547,5.641488327761025,0.9855312977854785,0.6250860041646994,2.0
-365.53419413178136,165.1736017169823,5.683257236733858,0.978148293970477,0.5739917929485333,2.0
-14.329131056268324,387.87993614609434,5.980956113605781,0.9813769580466526,0.5514458133267933,2.0
-201.40995666566837,316.1922698836346,5.101712297095521,0.9702634718505045,0.538967441949035,2.0
-96.02401889730967,-364.5730613399806,5.18033683169682,0.9842771292022853,0.5663198380200444,2.0
-21.25780171101853,445.28144855193443,4.567865615705261,0.9773780654133706,0.6008101476883512,2.0
-29.99494060948049,-385.5597330686408,5.223102008639326,0.9823055196521534,0.6023342556549555,2.0
-289.0861814247205,274.1792662063983,6.111849993400084,0.9823717298527761,0.6031272286054994,2.0
-67.11337006705052,-290.99976394958003,5.546242492488667,0.9855499314824393,0.6862438924221049,2.0
370.17443542412866,133.07448141275017,5.852428081301055,0.9772685286210848,0.5374438112831132,2.0
-214.96292856326096,-318.5239784784927,7.175447747079789,0.9885689332229506,0.6554020887130851,2.0
-333.4079905716362,-252.0128887877143,7.224405025336084,0.9843539635487799,0.5738679084758144,2.0
375.5120101141284,181.30134924966617,5.89504958424909,0.9874270802748347,0.6809667489331932,2.0
-82.64269287324974,-398.11317824182464,7.294344073968273,0.9846755402034618,0.5512669375564349,2.0
378.20994608025256,-158.05315172041182,6.018214569729411,0.9863449484890685,0.600411850547622,2.0
-361.8507319514797,-32.2982426850104,5.718490784409628,0.9839125858626748,0.6665131278224108,2.0
159.70182964234886,-361.08342716110934,5.330081862887271,0.9804327389100199,0.598783089228123,2.0
-396.09351749087364,-65.45829650758357,7.402351769723043,0.9876142123725792,0.6462180770048385,2.0
372.86025000955624,-177.90492426856667,5.495661278777295,0.9786329460431603,0.5751729562010669,2.0
-392.58261468031685,94.66968972676099,5.55994130731532,0.9855724725356787,0.5978996500935941,2.0
-210.9021238297085,-351.0989842049569,6.133149134562488,0.9806571882623595,0.588618060287148,2.0
-10.06144633811334,-394.55635264484044,6.145372903488381,0.9828937143069432,0.6368453035634194,2.0
-184.21258452183963,337.59213938025897,5.591947346629275,0.9829317361838334,0.5739220008358807,2.0
-186.07690485949138,-335.8919408665381,5.123962685945708,0.9872595699524498,0.7033728657613078,2.0
382.8970084956771,-16.70003585428171,5.669069954321884,0.9705875767691312,0.5255437264656633,2.0
-288.32158667811,-226.64189410531964,6.148166643769982,0.979565230393072,0.580022370383871,2.0
-313.74604470336993,-218.48329575861834,5.017641093190392,0.9685406341849003,0.5168507219838746,2.0
-374.2404967020078,109.24544757261496,7.513295883656836,0.9871343493810179,0.6062160466394587,2.0
-392.05104586930383,58.90415608906465,6.123808316190185,0.9828260145277786,0.6089122345040406,2.0
260.1752710569794,283.226818793629,6.842482095126537,0.9907803428856933,0.607432846487609,2.0
-256.327182985831,296.5867626258623,4.902060042967608,0.9677454619975747,0.515941189708577,2.0
-384.1039463573058,-116.8561415880484,4.596403518068457,0.9645969127170716,0.5045499476290527,2.0
-441.62956768976636,-75.47679504323325,7.174121479309472,0.9871738432671087,0.6415272717262219,2.0
-70.23911503667492,-400.7351443852181,5.875441430237556,0.9695659041170496,0.5187289282165549,2.0
423.4137170685266,-55.8006545536075,4.560838218232381,0.9575333383306912,0.47202626758236294,2.0
-310.0354235986706,-228.55462099183782,6.287321445462241,0.982052910429576,0.5987266684991666,2.0
341.7590295290892,-122.73723847355483,4.915705619815208,0.9803099976948324,0.5870567705203876,2.0
-319.35449088361133,170.49063619475766,4.6953859782435226,0.9655683760273471,0.5023537102160498,2.0
195.75582748884815,328.40667510113946,5.615919564693495,0.969175827209947,0.5951201440729522,2.0
50.19260385072768,-394.0554198788039,6.285526824953346,0.9830374249345625,0.6115687165237769,2.0
273.2353350678008,-298.58893797523035,6.416380418174859,0.9810518564506268,0.5454304029185184,2.0
-339.5561918775841,189.49579677650456,4.471469569655225,0.955498605524923,0.461832555165352,2.0
-333.3746016757547,-196.18880858141677,6.738540579334591,0.9792572963642324,0.5503297806322681,2.0
407.05956313629616,40.271297146943326,6.53927750054686,0.9878099225737145,0.6507145007173167,2.0
363.784324251807,115.59502261831953,6.273233860173793,0.98591949279253,0.6382997148265018,2.0
-406.1327834123333,15.199269027241083,5.7302324940156275,0.9831122989189693,0.6129786644348371,2.0
399.5262237880536,-70.76962264283053,7.08451740368178,0.9818336052007083,0.5420140681209673,2.0
-238.12308676052788,299.52195810124766,5.915026913049259,0.9864777962273277,0.6422439386181089,2.0
-231.72668476274478,323.3796362842545,7.167074433014207,0.9837002237227601,0.5591286372349911,2.0
-122.39803077862192,405.79106242063153,5.337049765664236,0.9830725381240895,0.7188557466426846,2.0
82.72399183264011,373.2782756378086,6.302840003558968,0.9725287518918257,0.5377496993799489,2.0
-352.6935038734786,144.6310715113355,4.8303775833899705,0.9759732982933416,0.6196700216515274,2.0
-304.6284738761696,-248.1106575839813,6.1309558629531,0.9738423551466154,0.4918131251007919,2.0
298.37424996142755,245.24403912259243,5.949122296235952,0.9843019497991663,0.671560012590383,2.0
111.35430433558543,-372.37689093945437,6.419072993278804,0.9887417637292488,0.6617122384563909,2.0
180.90143933376282,-346.3093109562367,5.140818619192447,0.9747584727180868,0.56221572486674,2.0
25.879969141267033,377.3375289353513,5.433115856915861,0.9870861596420598,0.6651326492453294,2.0
-91.70787224601396,377.03888607865264,4.8660440012602875,0.9827160968144304,0.6774848467415964,2.0
-221.34486073511064,-298.56934638626007,5.390626165905055,0.9901791089466465,0.7208357717575317,2.0
295.24229644034887,257.4036095199558,6.932023459161167,0.9869363952260883,0.5952158373830811,2.0
130.23799409685267,372.4726907671555,6.607318168407242,0.9747292513129394,0.5492795602482641,2.0
-363.99686984959584,-142.33820460228768,5.406239623568236,0.9831049383025924,0.6592068754521296,2.0
-369.1549321928893,120.16767992752982,5.15447653419951,0.9658825083659685,0.5126266420805159,2.0
250.41562103131562,-299.62519967187336,5.483454544887341,0.9648342232113816,0.4971659297046471,2.0
16.388897048895604,-376.2175075112515,3.7310828589028815,0.9538402467206688,0.5264443907254592,2.0
-95.47069991720052,-400.48927210894,6.31652126629233,0.9676823599104056,0.512917363555117,2.0
361.81975736476494,62.80690328095147,5.294081598381638,0.9735897444348541,0.6739421000222348,2.0
-307.0604109470697,216.56696817840316,5.059757437547297,0.9717672947244071,0.531745669117717,2.0
373.3631326088339,192.62797477606668,6.0402410610769905,0.9806000568169821,0.5991279592170369,2.0
445.4764669338566,-97.20197779844094,6.27773700449822,0.9839180464771803,0.6776210453186234,2.0
-321.670747132552,-232.63877674908568,6.334216257228917,0.9868135414363013,0.6350142107337533,2.0
-387.9662422124089,-56.60591473480285,4.616215941436693,0.9836526560381768,0.6796264377504305,2.0
-358.9893405689361,138.81586986437546,4.091543128078967,0.9735763558891661,0.6793938321653497,2.0
162.4456155094068,357.92021221362387,6.069082028218396,0.9793788552542407,0.5348856480064191,2.0
353.65806722332803,-215.95639702100092,6.045361452187516,0.9720155292679048,0.4780058389371003,2.0
-95.60540679895317,387.06094649903764,4.991253769655641,0.9756461612017685,0.6187871104661281,2.0
190.78201481177402,318.63722837310206,5.87346003216391,0.9817026692156156,0.6004324089083287,2.0
263.45905113217077,-321.0842575320158,6.265943661147611,0.9889840109276219,0.6150019118648282,2.0
355.11218347995555,-112.21023039414472,4.606441133853822,0.9901299956239313,0.6746431964407198,2.0
-75.67745676675878,406.96217672586494,5.937125277833143,0.98471441045411,0.6305327333465353,2.0
382.9922836673614,147.75031800375382,7.2816284486308485,0.9881825506497668,0.5835128084818008,2.0
-355.9259800558029,-210.84235602238653,4.282867187012839,0.9792888321883207,0.5944223921466704,2.0
-322.8728951847768,187.29620476268718,5.885735996665636,0.9816141035616451,0.5503485489377455,2.0
-372.8112931490608,-201.20586992608656,4.681680687038203,0.9637445920078824,0.5728904024524967,2.0
35.32822268187587,394.457202804156,5.676642008186318,0.9770773048184832,0.6244613059720929,2.0
-85.80033815980221,385.12053916102394,5.2924523472017215,0.9808204314716891,0.6045946752693208,2.0
331.57555068284114,241.7555695175919,6.386235625288359,0.975438218681375,0.505137535409578,2.0
120.6387735519104,365.5559370636399,5.7886173153259985,0.9783369104643153,0.5805694157040407,2.0
-420.7707680540302,48.493282984271175,7.255879662858992,0.9856172942648647,0.6248416499777456,2.0
-255.24476504384978,-303.85060277222215,5.606463925425276,0.9813077149155394,0.5582092309269908,2.0
-264.9514889740175,274.6376744325117,5.448764561564422,0.9746175952832826,0.5478735714712356,2.0
342.4157738361043,-218.066358210849,5.881522122204989,0.9786798904129241,0.5184415799111896,2.0
-156.32383993022063,-375.91619782579716,6.293152218175497,0.9893179324304356,0.6741006337669024,2.0
-172.84569269742695,339.5365990055653,6.385742859718342,0.9717819980070569,0.47662242997920473,2.0
292.3084280268891,-261.87150960726484,6.185484398257628,0.98651340696877,0.5892635877286554,2.0
-436.6275598624934,10.262395069285358,5.99173242227883,0.9837182494143882,0.6340085654904194,2.0
-381.1352053240899,154.53495308362258,5.144426247792413,0.9838289620401601,0.6211332762181844,2.0
71.26683622121266,371.0325138693207,6.011007139232873,0.9742572335878565,0.4947472083672093,2.0
-401.9840672439648,100.64689410262625,5.688133735169662,0.9778913338867038,0.5713822531922738,2.0
-106.1040322327572,-363.836283092018,5.133697679267257,0.9843363653574847,0.6715963091946275,2.0
382.4396621153022,74.02733826266797,5.336434230413487,0.9787372186148434,0.5781932191620065,2.0
189.57402319036072,337.8170931246114,5.278317328230857,0.9758343931108194,0.6249879520618742,2.0
269.82273617781465,291.02025279935833,5.8364119146090365,0.9857983581278924,0.5863672344246958,2.0
401.7312790027559,-6.809824746996324,5.819460894037331,0.9807263002752665,0.6500728662217633,2.0
-276.1492163890154,276.7792184972072,6.44844614872958,0.9855807389816509,0.6887882745357845,2.0
229.3403939845118,321.45166360129167,5.541825490438414,0.9754397005233189,0.5542069323166046,2.0
363.6643918503367,198.80393413370697,5.601453082718511,0.9865969839092273,0.649517895543056,2.0
42.8610137046038,-385.4069465024437,5.270236859248192,0.991213679286579,0.6853317551004207,2.0
-413.97293090918185,-114.67449637032017,4.825482063877484,0.972366517084556,0.5360531697480417,2.0
81.09101388335664,-388.15877002183703,6.786042191249045,0.9732303518224801,0.4810690417927845,2.0
-323.3389454642921,-244.31369501436296,5.805747363432555,0.9822979160309512,0.6542385615518457,2.0
4.153837298189171,447.7872019566963,6.906922330502746,0.9857578712702927,0.6766956691604671,2.0
-23.69288118728892,368.1851722428544,4.214200733666797,0.9748344375753373,0.565882883327904,2.0
377.1227564619508,-75.26226899097692,6.151858618389001,0.9882086003288859,0.7037541718851309,2.0
284.9888518286123,-247.283324542782,5.027935570424424,0.9863002118769062,0.6704372067452719,2.0
-229.28049605421583,306.0609389590723,5.509525979491355,0.9731079645450736,0.5370554776473215,2.0
-24.60592597374528,404.6491614105424,5.448852419809228,0.9755727367822239,0.5890828983666002,2.0
283.793304163794,-267.3496196433711,4.23875332652573,0.9651829553436397,0.49978091838870947,2.0
-342.59803485803735,-187.5763707567053,6.700423483669084,0.9692404879578095,0.46361328254265727,2.0
400.34963916064197,3.8870150822800804,5.294509769309859,0.9756832836862235,0.5698448307477723,2.0
103.14891277791237,368.80916355968134,6.0198155983677175,0.9790778180526543,0.5300869749778094,2.0
-70.18744161533995,378.36575036027864,4.551748342993246,0.9818853005145868,0.6538203827380152,2.0
219.32024974171767,321.8612939918445,4.939503859091054,0.9745238555872898,0.5610972034261106,2.0
165.33089459811072,-390.95989398863844,6.216209958963055,0.9749288496295495,0.5501897048513151,2.0
172.84989387317748,-351.411619071247,4.615967617715204,0.9701788088009478,0.5326150388845718,2.0
194.8081493498748,-333.2943345536914,5.801989045925568,0.9612221053854394,0.4911308605617143,2.0
392.27415001006807,55.9391708786362,6.828571482512458,0.9811290585589405,0.5950810305049772,2.0
-252.9597057491653,-323.3775245172562,5.515150882390023,0.9763918784551763,0.5681733763259817,2.0
231.38839334328563,-316.3222506996823,5.992547152402393,0.9849589851989945,0.6211324397696595,2.0
269.56053450039593,302.2817308644664,5.842353140307765,0.9742409256959795,0.5486064536898596,2.0
211.08608045423426,318.12796136355297,4.433824971567448,0.9808302980060879,0.644375020606192,2.0
294.0882847573866,-293.29632247986825,5.9950553946536065,0.9844880623652136,0.6194738771206311,2.0
-241.65668224802062,-291.97213024250357,5.030922487768424,0.9828392580032357,0.6309006335067199,2.0
124.41706959320408,-370.4579919352502,7.012955442112158,0.9874096423172077,0.5997953074921425,2.0
284.1497825155938,255.8033519090334,4.482579559929647,0.9783041839162583,0.5996014009209631,2.0
378.11496807440267,-95.84908390831366,4.039197066970267,0.9713440883033407,0.6673785081817708,2.0
76.7510857549031,-420.6261554975192,6.296953494847664,0.9802929144870555,0.5480302656867453,2.0
323.2075598556861,-262.3880617961349,6.651265302056666,0.984524879476481,0.5718554096574839,2.0
217.4049023861131,342.70686296457757,7.529853148837283,0.990187120731893,0.6728295148290848,2.0
-252.72595158792745,-215.89926144768054,4.454001318247579,0.9740360767670935,0.5432488910453871,2.0
-196.33470059895262,-336.480841598997,5.091929936023445,0.9810071452114975,0.649489500693764,2.0
113.59958084904888,-393.55596342202205,6.546345602447621,0.9783562473474828,0.5154010159936433,2.0
400.4076820234059,-35.37997029855121,6.738045882696596,0.9885541847968459,0.6632634219690736,2.0
235.27296887484152,302.10267895505905,5.070106104701484,0.9750830275771042,0.5509523709553267,2.0
-381.98952781070636,53.96212573994281,5.51347555323823,0.988348227585765,0.7232713168156593,2.0
-229.11741166659468,-316.22353641061744,6.7561561578905245,0.9864060458623151,0.6327323098615885,2.0
-158.00476366982102,366.4816727016708,5.440568765616881,0.947509664380923,0.4276796803432491,2.0
-128.95714789918767,388.5197071113545,4.955988393234717,0.9672915557263323,0.5784453371492496,2.0
-267.92298052952583,-277.1335110507345,5.176379042327101,0.9832949464539885,0.6712386221711004,2.0
0.08406171785850156,-409.4756642260114,6.314775780065361,0.9891517351861345,0.724224966415972,2.0
276.71340662031537,267.9220736435001,5.403230126967775,0.9789948055137708,0.5749398826157514,2.0
-383.87850942298354,101.12354525018625,5.375988011545962,0.9894337379462939,0.6692898271603677,2.0
318.1646582085592,284.6476620239816,6.283103978569734,0.9810057556679787,0.6205328077058062,2.0
-335.71417510861204,-170.3370037686157,4.168277889100386,0.963438375636134,0.5680530604465244,2.0
-286.7878681321388,-275.15420463674445,5.544158752867258,0.9820372536647811,0.6068101124728787,2.0
-145.67450003268902,-370.7880378426586,5.606652216785283,0.9851847593819427,0.637918626971395,2.0
-360.29693447813975,60.61785272975388,4.9354935354656835,0.9789629092330717,0.5871927401634544,2.0
-294.9253173698046,262.63601615505246,7.175282219323539,0.986555933614155,0.5850689560678819,2.0
260.6581936486864,368.09814650149355,6.6050384697690365,0.9795106828681798,0.5775070291317737,2.0
280.5409807593363,285.91508047995626,6.152240124890302,0.9883847148494614,0.7123020995360397,2.0
41.724937222178525,414.37638410278504,6.894657473399336,0.9813645426434036,0.5956843100763679,2.0
73.23816970286256,352.59279059544286,5.413395875551393,0.9839945628722129,0.6153005568520267,2.0
-430.27816639528356,-18.883365253415345,6.91160315853679,0.9789170916341189,0.5187403742260156,2.0
-210.3364869535938,344.0588320760509,5.352897740974685,0.9727794738185929,0.5398600620036103,2.0
98.49830005855418,-402.47064891217013,5.621829029081613,0.9766660386641316,0.5779710860217306,2.0
127.4094462044175,-350.2877925464098,5.424151548471281,0.9851239086031809,0.62167309651146,2.0
353.31396725713006,205.97087161598535,7.3226101159841495,0.9874943305377386,0.6451236178154424,2.0
-120.69027404560403,373.1631730254831,4.882512645111297,0.9562140113257812,0.458555040997868,2.0
-14.231362887328572,410.03420280921824,6.7104430016668095,0.9808357813285401,0.5922752748951081,2.0
390.4028813718613,109.04490314236365,6.175475264249694,0.981480315595923,0.5963718224815654,2.0
-34.59704519762352,-409.918796589928,5.59060615143103,0.9882647800111355,0.6500267042148078,2.0
86.46608250565562,-377.7593681470593,5.3191944482412925,0.9856632365797376,0.6782192272770812,2.0
-298.65270572994365,-258.0482640079335,6.075539499573719,0.9842128688753761,0.6835813746660585,2.0
142.30952054236312,357.4014104334078,6.325712931852872,0.9903845998869921,0.6859377526429778,2.0
-202.04908648233803,364.52278879601386,7.234797238411099,0.9786686938106511,0.5305893216255125,2.0
340.96788198147146,209.4054076076289,5.886870166432095,0.9873792405866142,0.6507044021739735,2.0
-50.463744436151835,412.42072194805365,7.473358655235351,0.9748446467305669,0.5484669826053392,2.0
-403.7689947387742,77.28087492068853,6.529723340787899,0.9845001129846931,0.6322057801408084,2.0
279.9565837649025,-307.6664200877562,5.3517201062526905,0.9828973971390831,0.6601392348588299,2.0
-88.21543311641382,405.9171489970287,6.8400011632620155,0.9895952612523414,0.6751610660737175,2.0
-324.06399679144005,-157.47948841033065,4.727872033142715,0.9800979758453878,0.6401053979459607,2.0
384.4842752799078,-122.61787435114577,5.951851069560578,0.9846502474871128,0.6323725246935623,2.0
-37.53370766871326,-423.2997910998429,6.8617819148278265,0.9826449472586775,0.6558608920255127,2.0
413.25963728751634,28.571450190470127,5.0321465378214345,0.9791407379748859,0.653650697304023,2.0
417.6039509613217,99.47778403000837,5.671974083486061,0.9735480404797899,0.5443026352978437,2.0
-99.10534490425698,398.6131011254148,5.834770651720739,0.9772177733252593,0.6225963527150066,2.0
-398.127194385245,-8.386386901714097,6.926361854819726,0.9915348158215478,0.6548259397215405,2.0
-172.8129088446583,378.1104346932345,5.189618489916554,0.9802963408221648,0.6011786398730333,2.0
242.22318629065057,308.7867040310989,5.007508158413118,0.9816761936742678,0.6115817782580278,2.0
172.24952388846955,361.4508058196799,4.613131516931413,0.9788447725305,0.7022802106819072,2.0
-59.22698043483601,-376.5754802866401,5.435490179025461,0.9756445655312698,0.6233429006697447,2.0
-11.811239940573827,-406.51590050327667,6.29946991630003,0.9898280365106455,0.7106774713896089,2.0
275.8849095251132,277.12853090631694,4.327002539286458,0.9643741212304833,0.5030729534203439,2.0
379.575451865334,136.68612979007034,4.584210381662481,0.9783833348489002,0.5706725858808149,2.0
-397.60566339862635,-42.42202417923052,5.215932817259484,0.9808682163727841,0.6008918814094436,2.0
393.84963595907925,-92.64078928903375,4.493440379897762,0.9734165393511313,0.6046866496508616,2.0
381.597083386799,51.88472574657187,5.148330885780012,0.9704365284374644,0.5979574101538143,2.0
-104.68355594002779,-392.3073978910837,6.60162878681353,0.9850867602918232,0.6310885473933161,2.0
-395.432155434076,-134.08106775394737,6.137045170789381,0.9897453105006678,0.722266961181928,2.0
323.543213610647,225.90364229294948,5.340837472691272,0.9676440155851753,0.5111636681862077,2.0
132.45177926532108,-382.37965319459954,7.742658987953418,0.9800308998722964,0.48134899895509997,2.0
303.2422916115588,-257.9481625681611,5.819223311937613,0.9902875532872345,0.6591719584844992,2.0
-320.5773567692853,-210.64435546104852,5.8284163126747925,0.9870679146028457,0.6428332029614614,2.0
364.54107890466366,-242.39334562907982,5.659131518130766,0.9743346688110189,0.5191225484470211,2.0
309.08184187619037,-278.1219634364559,5.68481156020532,0.9858763159826122,0.6902431081052918,2.0
153.1467931998404,353.64756719790483,4.51060326779075,0.9803536554636031,0.6421501215480029,2.0
330.86180018647195,210.00834650150364,4.387932497266338,0.975325849484488,0.6251046614821111,2.0
-269.0106887519338,-287.7856560833983,6.022047338424243,0.9791760018431731,0.5332783456306989,2.0
-233.80257836083263,-327.67342904514146,6.1425497355140495,0.9763751207142337,0.513812239010622,2.0
-190.86680454426994,-371.0263975528169,6.701448891120084,0.9779871612703215,0.570653132380567,2.0
-307.0635951389951,243.4552791645965,5.599775677132203,0.9876757372558835,0.6423874552732901,2.0
389.6333063135892,-193.82511164029228,5.481855219534968,0.9711209961050982,0.5287516977087431,2.0
400.09385160420595,-83.97194386566134,6.584759840092504,0.9880821464503284,0.6522506122796716,2.0
365.43396431355393,240.1204166566513,6.774264675996216,0.9791291302575562,0.6360538955847088,2.0
-402.4371482754852,35.89135565290488,6.714306332775454,0.9760986556106042,0.5106410284031043,2.0
-106.62170406713703,-381.7823461240425,4.53141328856858,0.9716429204344089,0.533335379491436,2.0
-384.3591099716463,-140.97985483948327,7.405914937288855,0.972402690996297,0.4749006868910019,2.0
85.76974428358105,384.7939586962116,6.2292218107874575,0.9772071350905623,0.5664967215161859,2.0
324.6859321464784,197.74638920523435,5.133864744795139,0.9891643108631019,0.6675821305243014,2.0
-413.9373211750684,7.303096091163417,5.849654303431286,0.9741363102432169,0.5504674238527268,2.0
360.7520353967501,131.7127071561153,3.863551291228756,0.9764803225135935,0.5653570445802996,2.0
143.40459675163757,-389.1519551941424,5.604640101371745,0.977217099325813,0.6247314357451771,2.0
122.48645523043375,383.01615926792545,7.134995540412408,0.9812773982925647,0.5570905746693976,2.0
233.89538940581363,-336.0158877177778,5.330625319464857,0.9737207162923913,0.5429191971014249,2.0
-285.0770785217611,307.40822303348847,5.369442720959873,0.9699347487035145,0.5226804869653101,2.0
193.80364540485226,403.21112288038756,6.302734984971507,0.9778877645303234,0.5224257944110136,2.0
-267.19021768213946,317.3121066665511,6.512177301394501,0.9861486985002487,0.6373211539233412,2.0
368.90922582726773,163.34797979865476,5.314170176330546,0.9822769165831275,0.5987724295650602,2.0
198.23631853689434,-413.2430379220926,7.698553303236127,0.9807280877215003,0.5983134840942752,2.0
404.19741367850753,-20.126299888161256,6.591532559365557,0.9900355624798125,0.7226973968199167,2.0
-372.1949335857319,-103.31850658944344,5.323104105105636,0.9807820813400066,0.6304690330238739,2.0
72.32631934278682,434.2442075452855,7.609598410162699,0.989003847892821,0.6706274644403915,2.0
240.02273649142052,319.1647298653304,5.982489417467539,0.971908255084708,0.4765609736384682,2.0
353.8296616213141,193.19587829392017,5.846859233878187,0.9886592236242415,0.6440665787406702,2.0
396.71125989660806,23.62350267553599,5.389148029364207,0.9882790502522616,0.6587892896290112,2.0
-180.77765301895192,348.67647915353626,6.351678803424985,0.9725576546298297,0.47959128517848115,2.0
-410.8648128880539,-84.03735475901144,6.973289190305214,0.9871467318650089,0.6567254545391914,2.0
-86.33107577662628,-364.6146018332949,4.749269268017699,0.9765088611357671,0.5796244271261809,2.0
-267.75608617022294,283.9884392040594,4.790105350961139,0.9750864192698038,0.5575214210196066,2.0
-346.9726182307984,-214.38763392494437,5.6600349934256995,0.9825600135650595,0.6023779535326265,2.0
362.1957647592194,87.33751911940178,6.342769162448958,0.9754685053479636,0.5869849727551449,2.0
-330.6556684076267,246.4331385865558,6.7462755936086545,0.9854921576074337,0.6238947624567481,2.0
372.28879353805365,-209.15598183590484,6.4583877356495325,0.9820417318732719,0.5974414910496256,2.0
-376.42881297046824,-161.14046935127126,6.08446995286324,0.97896443158144,0.575155064883912,2.0
-315.4987033977869,-192.43510676543778,4.943511108390963,0.9757349036017073,0.5732307664298031,2.0
238.39896200541514,-325.855473753204,6.266032040991843,0.9845311722634587,0.5727991982890149,2.0
200.60488646396064,372.6360997430012,6.469110201774089,0.9774633765260516,0.5147347912825501,2.0
-368.2075403370449,-113.2698430481249,5.451247106228833,0.9812178947898861,0.5691936437792336,2.0
370.74619838873383,152.4538500541962,6.1207844647679055,0.985678775104987,0.592883096257963,2.0
164.0518002988955,-370.94816176327225,5.844613684168292,0.9807908706626944,0.5393976570443896,2.0
268.5770132291769,351.39244608824737,6.595140701676956,0.9876497403366,0.6172339125126,2.0
353.75582450994926,-248.1604617536359,7.2910820262743545,0.9814665111118224,0.6140639489657899,2.0
-297.6636650147456,222.23648587800366,6.32261705759836,0.9846951300767626,0.6722349288709267,2.0
180.9021985175722,-356.4116662878734,5.3233096481264734,0.9785393304163807,0.5731907126855045,2.0
-347.17360995458137,-276.91241948764156,7.026816947814267,0.9866270115717655,0.6392241145675344,2.0
283.95018094804993,-296.2969998477036,4.791564098929153,0.9852658518323113,0.6754385262142462,2.0
331.3861657852624,-221.3651956302378,6.0389796044068325,0.98513644323558,0.5810230646440181,2.0
-45.557145926557155,399.9041854283613,6.574951737555347,0.9748872768279304,0.5521890630567832,2.0
-125.24961567691916,-369.3117934417166,5.908574083162931,0.9853975355762306,0.6279369260240322,2.0
152.70718410380863,-369.3946119175784,5.99459448348997,0.9807792991482097,0.5905739060571293,2.0
23.93894309655511,-402.00274940392814,4.820510046278956,0.9649669543123546,0.5727711549426977,2.0
134.72809630727002,382.90772724368253,5.243425234857918,0.9791529207514732,0.650646458980317,2.0
-425.29689854672665,-41.3017519589371,5.838680714235238,0.9758653018041663,0.5623481452657888,2.0
-400.2804053678314,112.94270716156444,7.314793243254546,0.9760566719083199,0.5137928394476893,2.0
35.044479204345045,404.86127815749427,5.269427377092306,0.9714414723063898,0.5334718555125177,2.0
-417.43198905040475,17.504961323449262,5.363137738073098,0.9851877973992151,0.6791336510723516,2.0
294.34660093774835,-367.8773728039821,5.5285498654246945,0.968693517311598,0.5199597028067595,2.0
369.53171581307714,-197.9267811912713,5.457061310992209,0.9815875474933536,0.594460539343624,2.0
386.151757531316,28.080419098882004,5.814624842927665,0.9860658085868531,0.6805627072401401,2.0
-209.65864261802017,-362.5072426940059,5.8938685830204145,0.9673359198060053,0.5154431337728274,2.0
323.3675643360917,215.60589358888342,5.371220971048463,0.9770920184702315,0.5079811132168112,2.0
335.21196887636404,-239.14492136728794,4.512552130038037,0.9847934352974068,0.6470119383986662,2.0
-293.7993751468076,-247.28474749956783,5.214245986816,0.9859772901715739,0.7151216081448198,2.0
385.5010443214209,-166.20763450315403,4.997743468652016,0.9807610800104897,0.5544597142963229,2.0
-57.338296698880036,396.5719681909994,6.221434942779689,0.9813345850049445,0.5932070249291014,2.0
111.37800070099243,-361.5188622925201,4.894414034057502,0.978329657174369,0.5834215345375637,2.0
-269.1121463967757,265.8340036519123,4.752517188824873,0.9759026220167344,0.6855042401412698,2.0
-27.728041971877424,-417.5864577862633,5.0768132040865,0.9654136654938783,0.5018929975004619,2.0
-141.71271526983526,377.5718344872314,5.3772678357715895,0.9902137178970576,0.7174807868512991,2.0
-377.7241198767567,-94.75366548978876,5.363209535824135,0.9803325184485909,0.5944113971320554,2.0
176.05446156974546,372.3709625332204,7.4440793154280485,0.9771123449720376,0.5095684601796971,2.0
-405.86451833325896,-47.89729062926747,5.183409627153269,0.9653732446117956,0.50933532609786,2.0
74.06341624827692,382.48028011530795,6.083289548156725,0.9874485820013765,0.6410273345333102,2.0
407.01031533024445,-61.90002543183607,5.0031167194143835,0.9735124807238741,0.6039044178908638,2.0
243.78270795250504,-317.03189033533886,4.435522093652629,0.971865816996707,0.599808605072158,2.0
-155.31218124712655,-354.6740501432119,5.80577993824987,0.9804907986658936,0.5849019490835377,2.0
-415.0417112270819,-44.042327289557065,5.437638135291144,0.9594716377020931,0.47199956433694473,2.0
-392.86761212011993,104.32051317899848,4.484142340125382,0.9673550742729131,0.5092501000197955,2.0
-277.1427654847685,-233.74360243825464,7.626217877198998,0.9898944303266557,0.6799298652478222,2.0
-307.13346318471815,-269.1764592667812,6.204483277431038,0.979884675350763,0.5932752919928025,2.0
-304.25866154491865,-216.90175011573118,5.017641093190392,0.9805937589401472,0.5897585741864944,2.0
-245.12217255452424,-301.47060640374934,5.117018877328617,0.9783126193144964,0.54641221559697,2.0
399.52111701577263,164.14214256485957,5.310257820666902,0.9761476300709915,0.6177797361208426,2.0
-88.35306652141516,-409.2667688791157,5.673125619194045,0.9652813184693902,0.5005720516522398,2.0
-295.5525888658305,-268.8286855909605,5.724247987708969,0.9742530243226755,0.5519992708878316,2.0
268.962115023339,339.38987030094046,5.921636262233343,0.9832722711695947,0.6200920187246597,2.0
-23.573438463003068,-407.9414770713309,5.849299130176793,0.9857009649055879,0.6324274978057026,2.0
423.7558857131243,-44.53294668255767,7.235984057083488,0.9837346865935985,0.5566755853083853,2.0
-63.78762024297066,-410.81979170487875,6.560797723199345,0.9901793862792777,0.6800867007483372,2.0
-412.77559245610183,84.93238819340495,5.398312455928445,0.9854692324233337,0.5945728594989851,2.0
-110.25273681954513,375.49493459198493,6.38494167370172,0.982441084157016,0.5615486224574063,2.0
-347.22272276994875,167.90586630595047,5.712705559729342,0.9850149300871641,0.6218605882212606,2.0
-104.26447198983544,-343.8917443175131,5.936227821930323,0.9769533795038531,0.5247696976280587,2.0
-325.519518950909,177.20979954304863,4.856379345427132,0.9816570165115102,0.6159241032344723,2.0
373.68529431152115,-23.02848981267003,5.997386178182672,0.9738710254656999,0.5064814885700821,2.0
-321.765346095874,238.91673156566273,5.371676615678874,0.9663155552015688,0.5117054000456149,2.0
395.5625356049687,193.97189865055623,6.028915426390601,0.9788036115235863,0.5163772716961184,2.0
185.71499522119882,349.26688392337695,7.091469838716198,0.9816268984550307,0.6038840165807001,2.0
65.95251571145478,-404.30601083322347,5.257834223817872,0.9684778580234464,0.5131730335677178,2.0
375.75049031810994,-140.0020445226817,4.995838676084496,0.9700762395389556,0.5262742245420765,2.0
94.19144742844753,376.2591811169495,6.156699416910197,0.9779603370014224,0.5251056104124084,2.0
-380.09497033971394,183.95999770175024,6.816362630992277,0.9850877489976418,0.6250886040273232,2.0
396.32645258059904,44.729537599619334,5.438944260860817,0.9717828846169743,0.5356204859514497,2.0
267.1342274824623,-309.35333253291407,6.346393411897321,0.9800747443557967,0.5842840604753732,2.0
345.8505040937595,-237.46719799137315,6.647151618948112,0.9766123364429691,0.5105051692757063,2.0
-392.12301349451184,-25.41326989004048,4.119366893406222,0.9733181964117265,0.5450952648405744,2.0
403.72953550453644,-111.05979091366929,5.74601697990932,0.976656993296055,0.505680211179436,2.0
-42.64224464574728,-404.7335649478532,4.306955880248183,0.9700346980034155,0.5220087888380003,2.0
-367.28269483420604,175.95533780518065,5.801059557019287,0.9775002490723463,0.6337706315267033,2.0
-390.75609845573956,-76.97565301091312,5.845984364154859,0.9788859929924878,0.585199223044994,2.0
45.03177045983454,-405.13235595668885,6.526645757925786,0.9664722629721735,0.4442831244876467,2.0
309.60117743609567,242.2966489992615,6.218612276760878,0.9775813502173741,0.6273015330394945,2.0
-239.25488351658532,312.21528217768343,6.687336158040731,0.9865366573047862,0.6839599297303053,2.0
-402.81060362388354,64.89788894362167,6.408823634058844,0.9848206455932557,0.5824909759514845,2.0
33.381376209781465,-405.2138584961414,5.65206185821411,0.9766388150638409,0.5641604300270764,2.0
-63.31020773288941,407.82621725972695,6.9233444763645515,0.978902289564072,0.5799297251863246,2.0
-355.69865836676973,162.0324468736344,4.908824462736903,0.9813095496520329,0.5452668822827844,2.0
-146.2466932720037,-381.60114555958006,5.69030510071228,0.9755259158598334,0.5535100499266339,2.0
402.06130262557497,152.45166641003698,7.084238972741056,0.975199653076467,0.5034185483107636,2.0
299.13875390047235,320.502344776038,6.837799175098486,0.9784551737474307,0.5356509871242253,2.0
-372.2773849586387,128.98438936331092,4.519359864056877,0.9695598309330311,0.5341562337720374,2.0
407.7325217311969,102.33856310586604,5.146173541468862,0.9715471886629667,0.5301043220850489,2.0
-392.8551597619204,125.46310644401814,8.099265056550232,0.980396759277877,0.5451305866845746,2.0
250.69681902871298,304.17584782705,4.956592405032417,0.9841025662306853,0.6662225074865963,2.0
367.6316346212852,-158.39710564463283,4.937733681744009,0.9815548347917068,0.5963053891404948,2.0
-358.62615969461814,-201.64917880400904,5.4078708633434305,0.9797707675689978,0.6004201887346269,2.0
11.181585376743563,405.38560769717213,5.975415843268205,0.9796067775965347,0.5852864144398099,2.0
-215.34464450983126,-331.6064647891799,6.367153292867924,0.971968488509842,0.4810019428294759,2.0
-236.15561419301986,333.94136785984847,4.634037491829659,0.9818579435738868,0.6512056025891589,2.0
403.0329051649866,-47.2806733638086,5.927074192964863,0.972154890737116,0.5397730880078992,2.0
-360.5274846242861,-185.46290104736104,4.217835805498694,0.9745714363926459,0.5663911255536653,2.0
-228.99861558444658,-347.5063814644712,7.549495841761514,0.9795329280301822,0.5367531334055222,2.0
-344.24038312540586,199.0163686148859,6.78349653979712,0.9815149017475295,0.5976010484608277,2.0
-375.4821083659593,-120.52722251409642,5.0004641030170305,0.991166228065634,0.7253102398863911,2.0
261.31364061793266,-299.05433106751127,5.989979303109764,0.9779526471414108,0.5695551847697546,2.0
-263.44842178929736,-228.18484679261567,5.0091308948484095,0.9734811069587993,0.6083209827489205,2.0
232.37651043903915,-291.47748953139467,3.8362815092977423,0.9736150513300778,0.6214129080234113,2.0
1.2146662238965074,-397.77290204203797,5.9211245769872685,0.9842047140323534,0.6296723808275405,2.0
388.08018130767084,17.015310804080396,5.837142090317209,0.9824273999731036,0.5561848659444234,2.0
97.35346965376687,401.3203442670717,4.81930673830831,0.9718283519747773,0.5652063306476945,2.0
4.133203506278695,-419.4169939818948,4.898656353719984,0.9564772193484143,0.4612968276667902,2.0
149.05315810555422,-410.0674046417279,4.293977381597616,0.9775862023090733,0.5708191291401724,2.0
-353.1580369782204,222.4651490807781,6.985497243524497,0.9883417648025032,0.7055319164131463,2.0
-55.792339671637045,-444.1316767036045,5.343856450762951,0.9714973728715262,0.5288663015623546,2.0
244.94927567476805,-335.9439285968882,6.03104124000836,0.982615122046158,0.6037529357362647,2.0
-380.5191063832548,-183.41117214591304,4.31514670552679,0.9598302589262596,0.4812248440722134,2.0
-144.30411272748256,-338.59663254850955,5.463572623439288,0.9713319860392272,0.5363287997278983,2.0
243.8796750698664,340.5371259017609,7.0347765549256165,0.985654824345496,0.5806439849862481,2.0
-191.65302341075866,-327.9303215199953,4.945674660903543,0.970996884196537,0.5351516315186124,2.0
-399.3701989765647,148.96933189539251,6.21112313776856,0.9831003361162935,0.5546225679807909,2.0
-323.2768231840817,-221.3302483057792,5.406973241626408,0.9802320619732673,0.5870334951898817,2.0
-17.363420038352828,423.6321406389321,5.816672793692316,0.9838857148593588,0.6236239424807706,2.0
-342.75509548645016,-244.56224964161524,5.332636073898316,0.9500715470503743,0.44454620155876645,2.0
-76.31666335428308,427.85889197667393,6.645023125011981,0.9842182347918953,0.6122756671144387,2.0
-168.26578395403055,-371.71983811894063,6.646031298727625,0.980100418648885,0.5874301347567725,2.0
-390.29891742818745,-97.35572989092954,5.974740349738201,0.9792713872270947,0.5920761881105328,2.0
-401.0114102626642,-76.28162286009828,4.716526095579804,0.9818820961522566,0.6523143539794535,2.0
-310.23060777745803,-258.24395683625414,5.677899840688024,0.9861298976447129,0.6474226132283428,2.0
-399.00206715546557,-19.88818460400609,4.963599796947051,0.9781864804121218,0.5721362647425965,2.0
224.95962142367642,364.8132004104444,7.515144228582082,0.9727173412809385,0.4886315869678362,2.0
394.4514904969935,-117.01920299134237,5.736899462664239,0.9742951241338146,0.4978984540335107,2.0
418.75722846242144,70.03720206837188,7.028289726974102,0.9792091401501698,0.5309327803329325,2.0
84.43130064483526,-428.1821948663347,4.837174609597585,0.9840694477484254,0.6711302858709133,2.0
255.76294383944258,-341.96722921047746,6.765558435723299,0.9909687973852789,0.6868277010206748,2.0
-273.529430526075,306.2400393094331,6.6566462675176075,0.9820898735164507,0.5472900417672277,2.0
408.1106466782411,10.961817272365515,5.438200736312032,0.9847695750493555,0.6321016568949661,2.0
394.4023865446441,-106.92277954842217,4.737143190391321,0.9753096587053038,0.5542222437552446,2.0
-113.2547886320077,-427.32800179313415,4.198438361858662,0.9828095342122604,0.6595577477331076,2.0
-4.68569140592816,368.412493432666,4.62582958619656,0.9614134866128927,0.48634896302519415,2.0
-46.079801726115186,356.53508586750627,4.279141003261825,0.9785139097985874,0.6327802728961968,2.0
-16.736679078911106,-417.9203494059515,6.441096743283492,0.9853484591686875,0.5851593833381741,2.0
288.6849946901125,248.3248791130672,4.718261886577077,0.9598357792558059,0.4728328852725869,2.0
-390.97831978231966,-108.99494726748168,6.260669549899714,0.9811729336597689,0.5478424581044041,2.0
73.93834078420754,-397.6266678618539,5.591667179019638,0.9780461345879548,0.5700164704175306,2.0
285.30970498875956,-353.26567735158164,6.128982614521791,0.9841721167259492,0.6139976279708138,2.0
-134.20318538084211,-378.4350806636503,7.068734065358076,0.9926729333547608,0.7000380595997289,2.0
437.4101085963817,-14.901725629633587,6.680523329834205,0.9830227993710297,0.618829712532724,2.0
357.94854364347896,-161.37813053209936,5.430707337290651,0.986040828370057,0.6326947848232043,2.0
380.5458328601616,-200.2537837141503,6.20124234752464,0.9815377836573449,0.5964236581947877,2.0
-2.7167402655905186,-453.86263483263224,7.166594428060868,0.9854523164227471,0.6343610564224883,2.0
347.9092896270556,219.3945610260399,6.524595325907797,0.9841553932843529,0.6772504077549232,2.0
-388.31081790989856,-166.15552278561924,7.315472349966283,0.9811200288859343,0.49550014772443407,2.0
18.47337985073362,414.018437911801,5.809399920908834,0.9832048922971621,0.6161599032131247,2.0
28.968773290317376,412.81474857200425,5.139453834528807,0.9792414140081757,0.6341666003766405,2.0
-228.9748159339297,-304.9949969480316,4.891015982045409,0.974832005236137,0.5563376403041975,2.0
-373.60724319913584,-149.0358087355419,6.6668821405441046,0.9844961070552838,0.6464590294255694,2.0
-334.2836562723598,270.0976252997034,5.9098740735688216,0.9891120607201419,0.675436840151154,2.0
-428.9662415047791,-58.91901304262117,5.216659043433267,0.9770345787740695,0.5687427262181679,2.0
92.47118633973307,-300.7359201177254,4.713202909550698,0.9713794411024175,0.5999127606411534,2.0
-85.42234563432233,436.4821295002332,6.2917109097032915,0.9883511884882178,0.6527301022684046,2.0
343.62063097028636,198.073855528553,5.56416147264464,0.9896662585137967,0.678128312337233,2.0
459.98436466375256,56.32823046523974,5.599816222474316,0.978048237715995,0.5692214891723325,2.0
-357.23647286136975,171.86105564728942,5.38523393918997,0.9784936048901453,0.5141855465869124,2.0
-384.5294789679661,-127.62008824339838,6.724959883224908,0.9804409014643095,0.5579931553517642,2.0
340.3301857186498,-248.0090293241438,5.806999126755162,0.9853728854024336,0.7004313804079629,2.0
-47.893579279656144,368.2122107448729,4.635422629433721,0.9820978836168335,0.6536033796964145,2.0
-414.4361887658833,75.16844542544054,4.769767212952444,0.9776482012992197,0.6286744902579359,2.0
383.1867718854066,87.7738400932243,5.7116782745128445,0.9703858944580271,0.5293884942466829,2.0
-402.6445419573561,89.39730095685255,6.080765403451363,0.9736116106918671,0.48772069086639136,2.0
-226.04057663648808,334.46426139771756,5.799279529365313,0.9787823444371638,0.5224764067814633,2.0
-19.37814004722418,396.681575400292,4.534099505721159,0.976379403175143,0.6200512908165945,2.0
285.4886164494951,264.26482893279126,4.444693433725189,0.9825915746435345,0.6551332517561704,2.0
-186.36074703500555,402.05512038572635,4.28971069159045,0.9844737260168658,0.6769368924921723,2.0
-305.58738713381604,254.99420890149264,6.309752960035989,0.9835022285256927,0.6111868017518488,2.0
119.04265842894603,-382.24861067060476,6.38946961796437,0.974469049559349,0.5070934410599977,2.0
-290.6314639409797,292.3858272914567,4.49174391382679,0.9752444570008404,0.6239291095906642,2.0
-91.58226579725842,-391.38316507318575,4.110899548660071,0.9621686711172373,0.5658424833268715,2.0
114.98672782618131,-416.38514115058405,7.417577289578748,0.9896839519108095,0.6091087700957729,2.0
-122.13948251443783,-379.732320855337,5.400139928199755,0.9786477672621743,0.5729702830594287,2.0
417.6707161579111,-64.9448925808675,6.50216902274865,0.9912422474085268,0.6743594659730995,2.0
-421.42501578520114,-1.548835398028788,6.396205558572325,0.9738364055693082,0.4911287747401262,2.0
394.8969590633486,-128.57329154867998,6.446453355428281,0.9749283640208628,0.4924587092845523,2.0
-423.0095798297237,-86.62687333949847,5.943462478800233,0.9746821442723946,0.523244929583387,2.0
208.51837051926373,-349.1560519776878,6.012469717911218,0.98523550265668,0.6239555587806315,2.0
-255.15969921660476,275.63571095749154,4.923835080855208,0.9640607677808998,0.49635490170323227,2.0
-208.6670785188983,296.8486224950209,4.132638437964169,0.9787317108248008,0.5730426803968929,2.0
402.2552429382779,-99.25292648673046,6.639773508894977,0.9842161790501617,0.622428987790502,2.0
216.6591136535113,-339.9156664979658,6.681883294789973,0.9805847996415176,0.6459693684131238,2.0
288.5426231147945,293.42636808106386,5.3294298898978045,0.9616950625952068,0.4805791810744682,2.0
385.2951872169329,98.7122043445429,5.763258917167936,0.98540248250293,0.6241059159775761,2.0
-238.17821450708988,-308.8905807483402,5.309949966871279,0.9855346034293541,0.5861841480915618,2.0
227.8023551649777,351.6962110212879,6.642469661402362,0.9748808287630375,0.504657946506204,2.0
-396.6272317561706,164.98787415950235,5.50763246557706,0.9892995188304571,0.7195552336393117,2.0
250.45153077180575,315.238126771864,5.78123179703221,0.9767614503158571,0.5854224889677809,2.0
279.9263361892445,232.96964662636904,3.650948679262436,0.97683156612652,0.6258229900735709,2.0
-370.09575434012817,-221.58287015074552,5.35292426752059,0.970969349187508,0.6021190370922044,2.0
349.8954790958161,-226.48982644724046,5.657624250382058,0.9768038005116322,0.5308013247478954,2.0
-349.6092821865259,-204.95777628322153,4.604631766648196,0.9763375075306591,0.6240836459687503,2.0
-379.6863524006595,122.03341686499952,5.884712806536706,0.9860141255216982,0.6320759552253246,2.0
-342.23717531955464,216.73855205567997,5.780755839813862,0.9695680961253349,0.5240341513315042,2.0
420.6665757552977,59.57325606405083,4.018000957191295,0.9679182926953609,0.5835736589022984,2.0
346.12618178578384,-281.4670854297396,5.311677472281716,0.9814116025909996,0.6532650606171121,2.0
-124.26399702497602,-414.06411637739956,5.300739993475718,0.979522898071972,0.5820395539748624,2.0
-317.6446809329024,250.13271797952027,7.206830816635405,0.9816310740075294,0.5470052619577255,2.0
-88.1829186564054,-491.6540567596616,7.073437146139126,0.9751522558489961,0.5129093861072379,2.0
410.9479052003388,161.99391272828686,6.765848428015375,0.9695935463376724,0.4961661896867551,2.0
-300.77658229749295,-236.7337842914526,6.430343317994096,0.9857831878249903,0.6437981210453916,2.0
411.04250278919494,-90.38983413841122,6.465571023363173,0.9819109684412943,0.6032146903461265,2.0
390.8693594106761,-182.96699231162088,5.897949959615834,0.9750939414950436,0.49558080102512797,2.0
-164.95826833313433,384.6759197246568,5.222103011448839,0.9822334958973079,0.6625627748593486,2.0
394.87659741337166,-163.86470366861687,4.851375761038114,0.9807064858417056,0.6163300266885905,2.0
-373.66770371842046,78.00237328931233,4.955137789454656,0.9794206513430982,0.7004161509963,2.0
384.4853795940334,128.08553256999727,5.6275135050276655,0.9834677500732156,0.6650241292299778,2.0
-275.5577385372956,288.1354250163464,4.422998005913401,0.9776431446592193,0.6284630409090436,2.0
-396.1022069147274,138.04087080136915,5.483053677730787,0.9746487078529991,0.5637785611962024,2.0
-47.282856933589805,-395.67385651360655,6.214638120571099,0.9790556967409861,0.5244002910900044,2.0
-245.74876975559422,-333.44088090232856,7.467294131180718,0.9877745325605204,0.6030462603526412,2.0
415.41754272619545,111.82732523328153,7.420711764278603,0.9870090602467418,0.5937978431742305,2.0
278.9664492602718,297.0229404083286,5.421675365772902,0.9773493930318959,0.5659941677188095,2.0
197.2413295049465,-367.8006672403677,6.033801793466915,0.9674709152253768,0.5104000055946081,2.0
-148.50293095795578,439.2359656136723,4.7483700723599735,0.9706911287650061,0.530551012106544,2.0
183.0345350172187,361.48932068843595,6.013539158405254,0.9832987607497797,0.7030015097289782,2.0
55.08985294198495,398.96054095546003,5.064395221006483,0.9789020145992735,0.6385880872345997,2.0
279.1351336277694,344.9773850088188,5.847239753301295,0.9855992026233735,0.6727465956572133,2.0
-320.2775697960531,228.75471959275774,5.179342710772833,0.9850441419392005,0.6828664059419461,2.0
175.738513683845,-425.1365252792735,7.063288949248217,0.9861813991155743,0.6079127182202165,2.0
320.3694213495424,236.78740079356552,6.506497916136625,0.981918229739187,0.6471649170595578,2.0
-441.73697875084696,-2.319453532278559,7.324511638661158,0.9892464027230815,0.7093325288397163,2.0
-208.52782049277914,-199.92306518601012,5.248471442858999,0.9780622246271254,0.6403869156512216,2.0
-253.55464691439667,317.11706739835415,7.629648112661622,0.9876668340726497,0.6435978388806073,2.0
283.18710195347074,-327.68079922524953,6.299757010812335,0.9831699875630208,0.5689928769025604,2.0
-106.51415095200333,-405.69968990680405,6.6622518997057725,0.9755886617471362,0.558187914831465,2.0
55.342891974426074,411.2672171649984,7.66770099194542,0.9844634798236186,0.5732207663922964,2.0
-2.1242024581654473,408.24417339462616,5.823936584193306,0.9869188244516657,0.6414491915277425,2.0
440.8312675642819,81.46001396648688,5.7240348855693295,0.9756326690494719,0.5094512864041243,2.0
367.386478411153,-232.1379220805107,5.354106789747625,0.9802067851452253,0.5351737936173047,2.0
-330.39387700761876,-264.0781351390519,5.665634587635572,0.9830523805372968,0.6634976482318056,2.0
255.85687757012698,-373.3308351260296,6.751981599337976,0.9725723428792922,0.5313817047852635,2.0
372.41107104570716,219.66943107014504,6.130894698620704,0.9837117261345559,0.5597899123982444,2.0
308.1592496870875,254.59391237748554,6.751411081843687,0.979499402204218,0.5826511148088438,2.0
373.1595656684839,142.51797269590654,4.357254419419012,0.963892976179914,0.5073142074073947,2.0
108.78886041617805,417.7842424263862,7.352041263717771,0.9790994050775647,0.5199067645370139,2.0
167.929149729421,383.188369026363,6.859358817791397,0.9771629621041101,0.5747593625772073,2.0
-228.004689228776,353.81710923807475,6.488277963333374,0.9725105030743699,0.49136528549511493,2.0
-154.3097505773629,-365.1152504870476,5.056445738085982,0.9827274443489086,0.6081997648681486,2.0
365.8040190527073,179.09981104959505,4.457570951043621,0.9707665209430507,0.5387120045361956,2.0
379.2237947040753,170.71328621494445,4.551427057729925,0.9847942264001628,0.6693345380662663,2.0
374.8876147012625,-256.03300037012764,4.972126747751555,0.9857976051223448,0.6878890777682747,2.0
257.1182283181941,344.1724865698823,7.1796907349364245,0.9884276420069478,0.6349754019813157,2.0
-407.7610000544723,122.8671450002755,5.631461092861045,0.9822066913614483,0.6595927654384106,2.0
292.88347455443926,267.58140990676577,3.982118792349877,0.972654055832959,0.6186862508528722,2.0
220.37472968590762,-316.3757737153034,5.262157215227432,0.9907777561555458,0.7215435521898517,2.0
-418.72951445774726,-13.28795344296074,6.353309628820903,0.9775493559972234,0.57198718614078,2.0
-399.7359251278174,-102.38965270228249,4.930860073639666,0.9892972623883773,0.7061600806834505,2.0
169.1393994217689,-380.5011322448725,5.471024275942807,0.9732790460977864,0.5446476358662123,2.0
278.6263638750891,306.83211874241704,4.758904460531834,0.9661356025900908,0.5103304028369493,2.0
-317.06650767838295,217.70300619796348,5.463518230500576,0.9773093345744119,0.6290366785347052,2.0
212.2756888673834,-413.20964450476333,6.821410362655902,0.9853899495143389,0.5870021663938475,2.0
90.17811251517345,394.87498195768273,5.414568217998054,0.9645865771796919,0.4989290423794456,2.0
-410.03486894965346,-71.53268200612109,5.855840239379994,0.9849072070844743,0.6190640266919403,2.0
303.4726344021905,-302.4317632643461,7.473350066603317,0.9797013431824213,0.5313424291690035,2.0
342.4319287222878,233.14763407250268,7.646350394660391,0.9889444016608686,0.6328112810205544,2.0
433.7288806937214,-53.25402127736353,6.430220332953363,0.9791706215743494,0.5257108460101536,2.0
-289.20437205158424,-286.0600657826106,6.05612871315915,0.9710090837398867,0.5709975096151823,2.0
-112.8762460602738,-374.30584292655067,5.637332210586521,0.989121229063454,0.7201380770407282,2.0
65.53669085616397,-415.31185736109063,6.296953494847664,0.9863467903515659,0.651483072676431,2.0
-401.05592785178317,-124.84555666003652,4.9212891323477095,0.974445017830865,0.5503321007185809,2.0
180.133793855437,-385.3661497672015,7.0451104975118675,0.984422107562196,0.6269022210882027,2.0
-411.3732522540685,56.90252100910591,5.707742481440498,0.9750500029492212,0.49705375153872033,2.0
268.5844907430777,-230.77204575927826,4.716032929791147,0.9756897383342111,0.5637146473018244,2.0
-319.3550322594239,-268.53418774022833,6.473679972551248,0.9832917647852117,0.6111405457518171,2.0
-380.41108589541,211.1460223971225,4.215764854663371,0.9706542315233888,0.5479345363023518,2.0
-167.82227263764466,-409.3723111907154,6.502421092931212,0.9826528613460602,0.6016415218339501,2.0
331.44678489132684,-319.84746616124113,5.4572877114371945,0.9722423170663963,0.5902966703687109,2.0
-419.3017161950535,117.38947269690482,7.505362319228608,0.9849188176923148,0.6225236148872227,2.0
-434.4483020038839,31.480501560347847,6.979843414017264,0.9914474080882616,0.675529713904623,2.0
192.98432758889805,-387.6189821120581,6.330787693324411,0.9782426040203774,0.5155563387953906,2.0
418.90565803029665,17.83499297424047,7.636930634021881,0.9873342491475038,0.5875536875046921,2.0
109.48164409810593,-404.5955086283358,5.767582948585721,0.9788219125008726,0.5929071790102269,2.0
311.7184526134579,-265.30217614109415,5.535618838441864,0.9840287287313669,0.6210417813351269,2.0
-110.86084209662651,402.7396395910316,7.068888978191879,0.9820884400810269,0.5428100001893462,2.0
142.33544503633476,369.742652009928,6.425660653930428,0.9854950799320331,0.6859706199302449,2.0
-310.71576295481293,225.70710696868778,5.1261666876345044,0.9809812381753954,0.5918936179040527,2.0
-279.7367859553661,-292.59692675354415,6.2260689317069176,0.9692154345073813,0.46649218924481867,2.0
-60.413146234768554,420.1451829681504,5.723640794370707,0.9738771347682262,0.608355165129815,2.0
271.9990552658874,-213.4095527204969,4.423700160963751,0.9740386277788861,0.544499232857289,2.0
153.76417631471443,-393.8321190081671,6.3374486439542945,0.9809183225395307,0.5957325066804675,2.0
-416.449772449875,-95.14783536643218,5.117891350138861,0.9854844406697504,0.6766706755529316,2.0
-261.15189941765965,306.15361930177835,6.093268075212173,0.9896112736453095,0.6814072218357891,2.0
420.6403131084485,-2.3548458608698666,5.382481409333903,0.9789421864258161,0.6281358894700518,2.0
-264.7391976317149,-322.0469571286851,6.696966620222589,0.9899068935865443,0.6824583500592734,2.0
-409.77997969663966,-25.852332210063192,5.595929566564045,0.9872443133966957,0.6906189368735738,2.0
-63.67103229016925,432.1274819619415,7.0644227495267735,0.9882301435524482,0.6098110674944406,2.0
195.22276481617732,303.94381002873655,4.203438922087246,0.9770244447477434,0.6330421445572734,2.0
64.29288501632253,443.4337598112958,4.791916753749217,0.9825491773043504,0.634986740674552,2.0
398.1157066472934,-202.35351639892951,7.071025994720322,0.9832917782746474,0.5665646520733236,2.0
-305.58156974358286,-312.08479232554066,7.0304401023996705,0.9851058635424058,0.5738420235449567,2.0
30.80197929896899,433.6941572355618,6.866238784211598,0.9833192535406277,0.6180125975924808,2.0
388.1914022092348,-157.76326714662264,4.3198647062655136,0.9612671204181439,0.5052320425058774,2.0
-24.27742314594809,-428.86633770210994,7.113263870015016,0.9912659799231571,0.6413332370641066,2.0
-114.66727763332234,-386.6088182051255,5.131500100616077,0.9856827845420569,0.6792394880814286,2.0
362.86623129512884,-178.34288203049678,5.041512677773754,0.9637403807248256,0.4968795201760563,2.0
-330.5658528287494,233.2335877376417,5.6948490685005515,0.9755380365246138,0.6188312421581775,2.0
389.98144851714426,80.32315505089865,4.8037516777781315,0.9774515262182708,0.6270216332553035,2.0
363.4920300604442,188.27575185672296,5.326090224990396,0.9703537987805746,0.5356826073065682,2.0
424.9124093583609,-12.920630012810218,6.312483933376762,0.9769928766902028,0.5122712466688246,2.0
326.0928790754344,-238.40783889864147,4.7282862685840605,0.9785844721006084,0.5966312337158697,2.0
197.10840981040482,351.3776823246315,5.085586425695831,0.9678990614520058,0.5798265192101788,2.0
222.58121888462858,-362.26391695305125,5.500976270738533,0.979099564386348,0.5774425561641703,2.0
330.9417083314977,231.4984440610371,4.423957318793684,0.961171478615201,0.551370656657298,2.0
-433.94550993199795,114.57718372376104,7.824718293392484,0.9867325077336287,0.61754659771059,2.0
-146.3247068044597,364.5808942434097,7.051515161701914,0.9851445719468619,0.5909468352156756,2.0
-223.80889615693286,-325.65988352078705,4.488149741898347,0.968748867059421,0.5842521803435415,2.0
384.63786287886745,189.23398123495065,6.221298370241173,0.9862759283753751,0.6143311411541981,2.0
45.420925525581616,402.7749683072042,5.6249419094276965,0.9851930157669546,0.6215423568580772,2.0
-190.07026644440813,357.759350070088,7.225930353283476,0.9795131519908262,0.5354138286285683,2.0
395.00442838082466,121.73289397365431,6.508781923724329,0.9850312448350649,0.6770739080810438,2.0
384.96196375275645,-147.17386206246857,7.176953232009639,0.9866228282631971,0.586017135441743,2.0
355.90110319587126,229.56425122945936,6.728751927159446,0.9859936727673019,0.630819467115133,2.0
-419.9847356140487,-24.117494873575588,5.145896149219216,0.9657927459760451,0.5054221934739144,2.0
-388.63505284435274,-46.92254127289535,5.161047503263034,0.9888868710681653,0.7201694193125623,2.0
363.93607224870686,-215.7298489447961,4.588737758010177,0.9734264486549158,0.5412307676890019,2.0
411.89319178760877,-40.12732190992757,5.810109874426397,0.9890784648303529,0.6791440772242036,2.0
-206.62852617989938,-339.974739543942,6.083765297638691,0.9908235195769157,0.690815720692998,2.0
316.75915967468944,-286.68631787068443,5.713733986051586,0.9851634095682216,0.689399377631143,2.0
-153.1821469217532,402.2770152714446,5.421537225759263,0.9772174456392644,0.5903505901322624,2.0
-313.72303892476594,-279.87957745599283,6.55960305658973,0.975784850010282,0.5296577659443417,2.0
-133.8200331065579,-355.0858838206042,6.040526006783214,0.9850178582452644,0.6324220611864627,2.0
260.57820430856094,-331.5607149595854,4.8599778412133885,0.9808766514056209,0.6566126608845131,2.0
-242.24403833961173,-319.4834063019693,6.19210484323821,0.9876797731722373,0.7070005260385984,2.0
65.99260501336654,403.40558895027334,6.150122880181067,0.9795744316511804,0.6378760083662848,2.0
61.49562240717273,-395.2859241796007,5.281461763097496,0.9793912576296069,0.5911621424849971,2.0
-430.1163825053749,19.70239223901806,6.009952317473304,0.9740365236664105,0.5455821858407585,2.0
-314.78533846012624,-249.4191308381768,4.676431305229444,0.9557947858134784,0.45715770641676456,2.0
75.79974177390356,-408.6993629826705,6.029040814055119,0.9829240711652488,0.568976144210133,2.0
-81.94210959401975,416.8653408804559,6.200289402078739,0.9719530696390571,0.4759498962157776,2.0
-358.0116465212097,181.97781688639031,5.127863712054898,0.9812254366688193,0.6535436719194011,2.0
248.3319082919372,-349.8570894071358,4.32546368213764,0.978611567386733,0.6457168696774038,2.0
377.46196675768357,228.40757157576874,4.370783627257484,0.9601807432774028,0.47624096919000564,2.0
-357.9697662173311,192.32222326771063,4.373666016199267,0.9829360240713649,0.6672633788731218,2.0
-266.33071725952954,-308.81627762752305,7.08545243186375,0.9771208479003604,0.5044638909445831,2.0
-412.112666826053,95.94163743317075,5.921201205800159,0.9745328310690673,0.55303454796083,2.0
-391.21786877129495,-34.635337981445076,5.344046623988369,0.9778659904509384,0.5761074179911914,2.0
-394.36805203343675,-199.51057776317933,5.133103503131296,0.9831645682444928,0.616624699729493,2.0
-44.67917774637941,-414.01708059123723,5.499505572117945,0.9778445706184398,0.5883683800401402,2.0
410.31984260774516,-195.961730484656,7.190201492146306,0.9752876345754572,0.49908511551812323,2.0
-359.0802023485711,-275.52311697563516,5.391176127421513,0.9820935015600607,0.6528483386327741,2.0
-377.6442348735647,172.1372147701762,5.630969437779772,0.98270875737534,0.62975450664789,2.0
-120.30089247577578,395.0278459266907,5.604531356651264,0.9839299053495344,0.7228249133154157,2.0
-199.8785927068456,-349.13930982411927,5.506778346752491,0.9882685397826338,0.6915908397502771,2.0
458.55897848398763,-30.178159990761333,7.640491880494829,0.9862562333674307,0.5491306894908756,2.0
-389.2780324240477,174.53650950512127,6.686430774792856,0.9819592161543265,0.5550404694329264,2.0
38.654960050057866,-417.53353002751425,8.198365691183655,0.9819088284372953,0.5098040607713573,2.0
124.5709337237657,-392.05281655379054,5.098361261805863,0.9756403695128256,0.6231306228085627,2.0
385.9381463613012,177.888756132224,5.570564773563226,0.9784377251272551,0.5306122472392251,2.0
84.69436534161952,-413.87400182683024,4.773144794076922,0.9655962539231598,0.5739751468974449,2.0
-241.06397519144642,-344.9244148550588,5.401509939860357,0.9649064091422961,0.49909476379227985,2.0
405.3875291754708,-134.1739117906476,5.886973776198603,0.9821328078440175,0.6168234045857753,2.0
35.508051193076085,337.2032243434657,4.754476416703061,0.9801057690763528,0.6550592401744139,2.0
-341.80117703381717,181.3844803269979,4.356533109991809,0.9722888884587426,0.5568091589831222,2.0
-189.62399472369765,392.2656433404261,6.333332509158719,0.9697321035751362,0.47863490537871484,2.0
195.04286486705544,361.82742890921065,6.025423250659355,0.9890226359128682,0.7060250031692537,2.0
-49.786403557451784,-425.4865334136495,6.028728943393187,0.981251590225307,0.6294092987673884,2.0
-219.75558747141238,325.5715980545659,5.406920174445448,0.9815403748991822,0.601997428032646,2.0
275.493194408265,-318.18885447856155,6.398349149131466,0.9792065051577945,0.5263785332559507,2.0
-322.46378182692223,-291.62794116127566,8.596112968992673,0.982820398629612,0.5151559254147018,2.0
395.66946135409216,-140.34841566305636,5.972530419809331,0.9761738832077377,0.6231450337548734,2.0
-70.62909114680505,-420.2187437588863,5.40157896558664,0.969573351932359,0.5220445498602686,2.0
-130.99588441888403,398.84690397911595,6.176951069203318,0.9729154611580383,0.4942017942161863,2.0
-134.83990697276266,-434.3925447829765,6.055358848355273,0.9873238460470035,0.6533456409133931,2.0
-319.6197977733032,284.92470081160576,4.761685360071992,0.9760048638045257,0.5621156449030006,2.0
162.61148913068914,370.1288440656593,6.712654992179506,0.9855778792240251,0.6485024792568381,2.0
12.356986576840411,426.51818578966834,4.879351334159349,0.9870795463533413,0.6925302610773116,2.0
140.14697268312798,395.583970514106,6.6218060619748265,0.9894830762405533,0.6712306677282416,2.0
-405.7581760813704,-174.36809415909315,4.842282243611462,0.9803468316927295,0.6440026248299959,2.0
117.66839799210017,-436.07369141630556,5.301668070599991,0.9846725102869075,0.6722678666155864,2.0
-441.0748073434538,20.50318037548705,5.3837579255787515,0.9865705897848362,0.6879986825860975,2.0
130.17829690078804,391.29961538415336,4.7119262387323,0.9641140067778897,0.49823169644241094,2.0
-139.24804376215687,390.3010293720819,5.85888436806973,0.9903944234902831,0.683613451197542,2.0
146.77456663190426,383.52771640374704,7.339935416261311,0.9923622245800606,0.7166050168098776,2.0
-25.88420472047649,-449.43506324421895,5.977742296468792,0.9751828573952261,0.5596841135072321,2.0
-350.4627808524919,-223.7944066387258,4.732518576273583,0.9641943473021799,0.5349462912814033,2.0
110.29619528459914,387.150061272563,6.291572229923617,0.9844906416630544,0.6261450428244787,2.0
-89.46787165713026,394.4918867220772,5.198700596179974,0.962145678179629,0.48418398628961556,2.0
98.26606755067692,387.35604853797764,6.034912145560952,0.9882805415585497,0.6532652764950029,2.0
-136.4128723085366,369.52552859408263,4.466786866215276,0.9719857527670982,0.550101147647303,2.0
365.60859951356707,104.75268696563936,5.018830261479823,0.9767406823700509,0.5663176678356721,2.0
389.5423401987026,-223.2405605330422,6.042636621273043,0.987085953009066,0.6880021693779848,2.0
-286.9744178634828,253.4099429926998,5.48422878881108,0.9724628840461803,0.5467449159306833,2.0
-186.4657857287341,-360.6833914312015,5.004971972626909,0.98098800622797,0.6485279750600498,2.0
371.58310006492275,-149.1259337318468,5.355261131051739,0.9904520137495909,0.7176739654808524,2.0
-419.7434208674524,-65.06161541732877,6.125036619148099,0.9793125859039529,0.5276484753360946,2.0
-341.2500702372513,249.44872545957264,4.741536418553479,0.9730874235958589,0.6059841787856841,2.0
318.8396114215988,-273.48758784135447,5.635506109587708,0.9805625141863413,0.5866413696177804,2.0
20.6413537423113,325.7610006486362,3.5067190581864165,0.9831487616115631,0.7184506469795985,2.0
-270.69935995103145,-298.2560599416317,5.055143752891163,0.9560012985176768,0.463283349672485,2.0
305.46681629544264,-289.33371176105356,6.417694741390188,0.9794355402697887,0.5846868523325839,2.0
-368.784653449439,-169.132956105908,5.469749444902494,0.9790168156988337,0.6337370376247392,2.0
-191.39873002861705,-353.28157575516127,4.2270630715101865,0.9666790619026934,0.5060211235819687,2.0
-362.2919985417221,212.44844315565953,7.14968176790308,0.9762736598173537,0.5009606908926235,2.0
2.268047822966235,427.6689884854302,5.593852190097513,0.9727698074080147,0.5424460529118941,2.0
201.60947352387612,-378.7499091661622,6.4320632572621355,0.9795905646426896,0.5885548343144127,2.0
-400.9481275770987,-165.19127160883642,5.942336813206572,0.9666334405237772,0.44505338084133994,2.0
-388.5584261222839,-189.97334757687275,6.325574510658847,0.9898265541604261,0.627655355922002,2.0
317.000720305761,263.5102777221877,6.096319949628581,0.9869772882181411,0.6490563979607189,2.0
-307.1176180512218,299.68545326882344,5.688833427100825,0.9733093212304516,0.5393295646845809,2.0
416.7195650216324,7.019515174958371,3.893840346433205,0.9665713333292495,0.6522715510467504,2.0
342.0153675496299,246.30760682172416,5.6139398616507785,0.978033103120581,0.5931540810351283,2.0
-299.55137318648934,293.0912392941317,4.954470483486946,0.9560378483207964,0.45850407921431624,2.0
-115.95714773212774,-397.6349120869285,6.350351398115072,0.9743419285418253,0.4975673632078679,2.0
433.20343082137725,16.01756125109209,7.320748761547128,0.9857650751755898,0.5889536538413687,2.0
76.64613412289553,410.2133949325554,6.889564155279022,0.9807595100364763,0.5376794064681545,2.0
247.3226662148432,352.52330279001137,5.726433461948686,0.9899819866409098,0.6884115422169891,2.0
-279.7138289157904,317.1728637720725,6.337557647426206,0.97553754457109,0.4999273867667722,2.0
-126.6783821380157,445.0576411314738,6.185837981878064,0.9840585093143992,0.6185386316076357,2.0
407.1510986901281,91.19342867861464,6.356869865416729,0.992004104696308,0.6984639114859297,2.0
-406.2384846360684,-154.12326734464756,6.956699059490574,0.9866150210688228,0.6479044820879036,2.0
-433.5803474605019,81.95966593345672,6.9463080539406254,0.9862043345922401,0.6161715060489978,2.0
-225.8208326998981,-335.4389338455114,5.17001632244422,0.9884946788108698,0.7043405391983188,2.0
406.753013649169,20.986591316469678,5.0989154102325305,0.9873011658356127,0.6602299282426005,2.0
-190.81461379237794,-344.42498862739416,5.025068247374676,0.9750917676213924,0.5518772534793903,2.0
-111.61578569007385,416.5650540775485,7.138467689049419,0.9845050186769477,0.5795559244759897,2.0
346.3963530637865,-311.9591891145022,8.154969941059857,0.9858897090180503,0.5799932012549828,2.0
102.02246231219479,-413.4545029215418,6.392957702015396,0.9730667644131237,0.4822563847197302,2.0
299.87807740519224,-314.64393194599836,5.927478300333128,0.9800302544343751,0.641143610975526,2.0
-202.71004580098634,389.991704051138,7.6913654619388785,0.9858167709762468,0.6069248590324423,2.0
336.7623815261341,-265.5853398137227,6.308739601341949,0.9752183506625196,0.5550411707602577,2.0
457.9644963489826,183.83157661613805,6.603865760540105,0.9728080643631913,0.5436650437383329,2.0
134.3699622829708,-395.1918781480023,5.694440274495998,0.9740388162476282,0.5427688846613615,2.0
260.05355633105216,321.3949692720898,6.081612655954525,0.9819188617326458,0.6048498702674645,2.0
71.08590214282206,-367.1935681814324,3.770335630334425,0.9812299619982339,0.7108895641589812,2.0
27.878992266207394,-425.89175473418356,6.205706001497968,0.9501686955824179,0.4363871962721089,2.0
-258.7588024017521,353.43220074319873,5.031383154701648,0.9629855638323042,0.4946465217992132,2.0
-414.5567668799573,36.88444523521106,5.737294137983496,0.9879121746865432,0.646125568074628,2.0
384.60426162083047,117.9457867928754,5.061853658620249,0.9542807254140795,0.44979542989876353,2.0
-419.8193379876544,-53.57181267874344,5.885677986422759,0.9802020547900515,0.6483958611786232,2.0
183.03853638281615,-366.49739841440896,5.408874718634066,0.9824839377086177,0.6562005094162251,2.0
1.232918889227383,-430.38041126933746,6.9707078715795205,0.9865616235491492,0.6430340939423778,2.0
-365.24533533504007,199.82503650389646,6.390972009136849,0.9754856315290586,0.5398844950370755,2.0
-191.5102390533325,345.566377828116,5.334631824012881,0.9768830793087381,0.5802328250208588,2.0
-274.0134724582464,326.72581644990817,5.4119087917742625,0.9758230822962751,0.565591589282229,2.0
397.94411445785863,-152.7094709246908,7.232848699835689,0.9795736209309097,0.5271317889568061,2.0
-315.874373078946,262.764914364889,6.1564834995869555,0.9792141365563826,0.5844862578482715,2.0
-384.826565999165,164.04978051325838,5.225988855931427,0.9814921840699228,0.6336966670426364,2.0
-100.54295008710189,379.33252170074485,4.689060168701712,0.9644217306578291,0.5028582628195757,2.0
307.85503965817287,-323.87221498733203,6.348682270459345,0.9865698846017333,0.67422559876855,2.0
-247.36208234096748,332.884677638937,6.933556346915584,0.9874950212362605,0.6466340110023984,2.0
423.9590898744308,-110.44112040578032,6.87611578266659,0.9851222830750098,0.5832095240637818,2.0
-155.85728844266967,-414.4392421801808,6.987080319463816,0.9772524567956736,0.5069757919227177,2.0
-222.97522027868487,377.44751137059285,5.8147877913659025,0.980361531014034,0.6025959102512881,2.0
12.870385565468908,-401.9235094553858,6.566173759157803,0.9874677680006035,0.7130789175496185,2.0
-366.72209146632343,-210.27681898467122,6.93587002299828,0.9778790603033247,0.5136655934928569,2.0
66.66354290335282,-447.30328971927264,6.139654894723529,0.9756356354710719,0.5875135273666587,2.0
-220.97844707710956,344.37679199863686,5.681440301060861,0.9864432311882001,0.60912183196099,2.0
365.14233112949927,-252.92190205042542,5.2078385694702325,0.9907365985911288,0.6929134727342271,2.0
198.63241513310794,413.2047562452928,4.997865319277209,0.9916659176153064,0.6953114592214276,2.0
267.79287274578047,-339.01875524527645,5.956935260642908,0.9776436158635571,0.5209106113696096,2.0
41.967892320684534,426.54893227526514,5.01358263776221,0.9851652684516695,0.6858891837486168,2.0
287.7091809880587,-316.0400665394267,6.441526229477079,0.9802244980233751,0.5522353609800283,2.0
144.09577044453266,-401.24990371829944,6.211127813816473,0.9900633078490596,0.722352594862386,2.0
305.4441311505609,281.7138192509467,7.309134558186738,0.9847172930865961,0.5700575792604949,2.0
157.58349974054053,379.71069122800174,4.620183898122327,0.953507413339376,0.44868996400286015,2.0
207.08146412554123,351.52886955446417,5.360788889637924,0.959829105023695,0.5561430695744658,2.0
-356.5093742971752,-150.00901793984045,5.748256800188726,0.9755303745293685,0.5515702585907647,2.0
-215.36303052300389,335.04120217511655,5.306264964666293,0.9839976207973526,0.5778494341183744,2.0
-247.80305509022395,-310.593312120553,4.764028293605531,0.9743063336267378,0.5472013030278934,2.0
-221.8957158281548,-382.9627970407301,7.3229855447812,0.982490648810426,0.5113747266202541,2.0
-333.3850622334844,-238.77542106635937,6.186430834643187,0.9831408489726708,0.6174355759436521,2.0
-365.28387339213265,224.19515247453913,5.506250439928097,0.9806512886374726,0.59687531716527,2.0
-438.98511646729946,-133.88499786162794,4.977637284953823,0.9709705183690771,0.5308745044308084,2.0
432.4210973618082,-71.46278703766991,4.909006228562807,0.9634479876204773,0.49136882227973977,2.0
-442.8878425710286,-110.12468079838291,6.767956873374728,0.9858641038590716,0.5862642927998251,2.0
403.8376327653401,186.01030923259378,5.876673635092134,0.9885473594710783,0.7165603066214515,2.0
-325.17511025253435,-278.49913254282717,5.546374361853342,0.9619199476358301,0.5581139436037436,2.0
311.8674142463883,-235.7172277850199,5.244060611303588,0.9809350060790237,0.5981255586983882,2.0
-424.9921807612239,9.646836434422454,5.758481022321269,0.9840665309815998,0.5816510293277402,2.0
-295.66653737405693,283.64338949648356,5.776360034491544,0.9791362067708604,0.5348691061848041,2.0
-401.6136392046577,-242.191444464816,6.602302262201733,0.9753663558963158,0.4948895232104091,2.0
393.3812800747053,-25.40175648335299,5.886814665623124,0.9798569407012236,0.5799197110748366,2.0
400.37404143886755,134.07629967290137,7.522628461927069,0.9888081660755895,0.620231921078699,2.0
360.36287107035145,-224.66910799363384,5.354106789747625,0.9788615511151947,0.5238053391363487,2.0
-284.9733774368546,-318.0336694457756,6.027035754171694,0.9798627936660037,0.6412085100800463,2.0
370.2216488488079,-222.53780454404807,4.977643208997621,0.9834616787244985,0.6084565484306963,2.0
408.9216667907438,-145.54933877240362,6.488242878486731,0.9820598284859785,0.6024805354408005,2.0
373.67487815370924,-239.25317135042334,4.536391953115441,0.9629342781789025,0.499715368868769,2.0
-352.50178309723526,-160.13585467066028,5.635419225064228,0.9841757233079462,0.6685898261319518,2.0
-477.52606402435083,-28.592210503398793,7.2902581528976045,0.9895606738349603,0.6384567354747599,2.0
432.61064921708436,-2.5315256263572623,7.180730999145834,0.9783355217644492,0.5170123592340655,2.0
-191.17062373148875,413.38661637024444,6.8307137837246374,0.9919446829278631,0.707462470329315,2.0
-468.85230623354647,79.91261551789665,7.307118166976204,0.9873788526958039,0.5687256836749157,2.0
-447.55282000820193,9.19389939257854,5.522177883449813,0.9820868319061443,0.6542486962747489,2.0
-76.80316482361687,-410.6475280260186,6.586523100698651,0.9839283773672693,0.6528186195528779,2.0
212.04209791461994,-360.05279365951503,5.68754134817967,0.9864444776408977,0.6356187841892618,2.0
-341.169815236649,-222.70239452072843,4.993333606872166,0.9638827607556358,0.4936180074563162,2.0
290.5957830529133,-304.42655863055205,6.040519693380459,0.9816410389372308,0.6001549114155977,2.0
-293.3695199496471,317.07942109937363,7.813497665248448,0.984465914955466,0.5774424020897999,2.0
-261.48133544159214,-295.5870913637014,4.983688575418755,0.9829680209915651,0.6130458926875567,2.0
-214.41049573698743,356.3888009623384,8.139422019371077,0.9809454898777137,0.5099717126904377,2.0
-268.7628456693136,-333.27288344509657,5.630486874503318,0.9817730725926068,0.600569360552534,2.0
447.1052221547923,-53.900928757620804,7.334724027837492,0.9898465460062923,0.6224182593643606,2.0
238.7720441526593,-346.21957045373034,6.374351743379588,0.9798992087051737,0.5826709619187894,2.0
-10.986034352091846,442.86917750250393,6.407367086696866,0.9847236319401242,0.6701583635808812,2.0
170.95510274172517,-414.10084179250083,5.266809851741524,0.9841342060022782,0.6651032420818306,2.0
-424.1105825065479,103.60358882409761,7.426082027108858,0.9895715112718868,0.6839762056346448,2.0
-29.771574036859846,426.8401062073378,7.422476103770385,0.9846424159128409,0.5672132939230898,2.0
23.740842826619872,-413.63259435171096,7.4523356859011445,0.983592148642205,0.5675301738532036,2.0
-251.6474225355403,-293.8047664726166,5.4224642921184305,0.9748245744875413,0.49145480496169053,2.0
-419.64576320753156,150.68730262709536,5.3303927408952605,0.9849415391303017,0.5813653853803726,2.0
-434.52681397434236,-48.83987557212024,6.6383489156649995,0.9876101158654071,0.7017290368939588,2.0
430.38068306474446,-35.14771283744686,4.8204211493986096,0.9721523803223728,0.5607948387918532,2.0
427.6232288790622,-137.32738277395683,6.9315918486041594,0.981794838826717,0.5995111683589671,2.0
-360.9974668355376,-176.01482433075734,5.3364465842926965,0.980689228889431,0.5895556183814085,2.0
412.65116541748677,80.61147343393745,5.901624177241847,0.973731977522721,0.6128615135030888,2.0
296.19264566720915,275.04556202234136,4.61180948621842,0.957945050469723,0.47085026413090997,2.0
-148.39902037163185,385.167217055741,4.996413979111505,0.9766587225675427,0.6292654240366901,2.0
-179.61437037818962,-372.29072675564976,5.186445155750613,0.9766474118044425,0.6259051756704878,2.0
-377.57153222829106,-111.1460179340672,4.596403518068457,0.9745176235103935,0.6113798807130639,2.0
352.1693121708778,168.77597613422498,5.1683440509261755,0.9704415128414464,0.5570846488521823,2.0
332.4281956250507,-255.3502188709793,5.443199109954979,0.9721185084758266,0.5464588416065971,2.0
-420.03737509349605,-76.12193514013245,5.44605956014471,0.9791850232509457,0.5814818925596004,2.0
345.9540469391366,-258.1707386932128,6.132027944660313,0.9748501670643144,0.5705457535316497,2.0
427.74017827166244,29.110598596091805,7.092192718999596,0.9919487447904712,0.6962675786917768,2.0
299.04755241379297,292.56841765566827,5.78585515034943,0.9749321137493185,0.5508461477547076,2.0
188.82724092655837,371.5818442718093,5.96415810711831,0.9729733508939943,0.5430719897954024,2.0
347.2237397557656,271.4575686691611,5.899721428722149,0.9772695858071128,0.5171300128797557,2.0
404.32519567655913,52.58378623937505,6.313844204042152,0.9750504445954906,0.5584425747660037,2.0
316.48148173088623,-298.8353568165034,6.634249657838156,0.9879502641792105,0.7085605449921103,2.0
-79.94339688871888,-425.0651266670502,5.559812739174374,0.9809856542085699,0.648840835002301,2.0
133.587811840666,-405.71710666854216,5.353309515229084,0.9758090267718106,0.5759467994238286,2.0
121.4327021553573,394.73456460712686,4.990285846241636,0.9836898114015885,0.6260418638506423,2.0
-413.9619427720641,-145.75936531844792,5.041161401615726,0.9640351192362421,0.49940564859136016,2.0
-328.8611619107923,280.32420200839573,5.926036011525005,0.9885916883091166,0.6526306657240323,2.0
35.56849104698469,473.55909353713275,7.248313879059546,0.985035721108233,0.5891690461423446,2.0
-108.99713437338593,429.3432254367211,6.044968821225306,0.9840652211503302,0.5825683617197663,2.0
286.0531123564231,316.1012394248773,7.698016892201179,0.9795069972619975,0.4899234994377318,2.0
351.29551728847076,-197.29147083140032,5.0965228832814375,0.9779170558883409,0.5884375142005176,2.0
-339.7516869017317,336.08905185666237,5.640251915084234,0.9829282690858828,0.6079963672621975,2.0
416.66061657812617,49.229413951621794,7.071861308870139,0.983499036532873,0.5712178073307417,2.0
-431.94941391224773,168.50939956353963,5.388386705230854,0.9896707094627987,0.7102127470289319,2.0
-359.66286857967435,-166.65051011539273,4.436659506118136,0.9632217611221826,0.4902165185463261,2.0
288.1371813575833,303.6724036754742,5.562403592655964,0.9756028110674344,0.6287401825626526,2.0
-349.56440139396443,177.68940720786674,4.606700487325016,0.9817759962244669,0.5959569778312734,2.0
-234.7511349884672,373.70796080658624,7.137345640546698,0.9836516686521175,0.5266633116475898,2.0
-300.5160587393381,-280.393994711586,7.42995994247578,0.9753463753543269,0.5045845088138753,2.0
-401.5061893710753,54.14491101649359,4.80345278117523,0.9740275668735461,0.5448641806706926,2.0
415.0044477065838,209.62754744384745,6.3512513911713855,0.9780412813496966,0.5339593890495705,2.0
387.75205467719184,-210.16015339696554,6.419166148669914,0.9850157058865788,0.6735320740987263,2.0
-432.0529584082491,93.91518360456418,5.190145498655656,0.9775711055165841,0.6080464201070198,2.0
-92.14524556773847,416.3311807379391,4.676624733273581,0.9560030366123129,0.4673972092570915,2.0
-144.7219179477534,-408.10900149499565,6.401234126978891,0.9768705466392694,0.5145823297580562,2.0
-155.8400426953504,-390.08991744404926,7.602027387441135,0.9856217527565799,0.631315381387799,2.0
-46.13945516862179,-437.3019969668728,6.941416668690969,0.9818603687856697,0.5518496672223803,2.0
-480.1080295486563,-15.2083092759471,6.613707431568116,0.9884052709094029,0.6106139748824995,2.0
-125.81051925269863,-403.6310987202556,5.597904455809361,0.9856228640754074,0.6422578178738229,2.0
226.05499684816178,377.82683615022256,6.165797875629199,0.9739522304355754,0.6081322330450406,2.0
-417.15514202594113,-33.828639885309386,5.52619984022839,0.9801700662087828,0.591922564889461,2.0
241.57427071238132,-358.5475234147812,6.814958470308608,0.9824164889511189,0.573146454213913,2.0
152.39027561112363,363.441556194274,5.65516546867444,0.987784754886269,0.6000980287017595,2.0
354.32671688983174,262.1620645206556,6.329742613600585,0.9710457931184211,0.47970367422801724,2.0
395.3367422573939,34.1771266840917,5.543826786516369,0.9794778627172425,0.5813029551010059,2.0
376.22389657456887,202.22800334241123,4.522332476444577,0.9690154297396242,0.5846706024029783,2.0
227.42909579486798,-344.37250035114363,5.69839028835512,0.9690814207500024,0.5249562302678847,2.0
213.62594558536935,-382.14230818205226,6.387309231023625,0.9878972835317855,0.6488458204436006,2.0
219.48902667664197,-351.8917094007554,5.576410854610805,0.9904082606265724,0.6909802092839868,2.0
292.2956656585395,349.95243381009954,8.297291508430929,0.9856408916678009,0.5556961350988249,2.0
-329.6390319704354,220.23703472629768,7.948614955693662,0.9813191013751974,0.4925409370105918,2.0
-300.64787056330016,273.84765934400326,5.7322775195486,0.9819590601209507,0.597550824138598,2.0
175.13703687708735,-396.24542413022755,5.513385304648474,0.9658491741665257,0.5011874195014383,2.0
76.77131732810176,422.2766419403098,5.462027580131035,0.9817931434909702,0.5966098975596655,2.0
420.01935256154223,180.64920534786717,6.999040868000229,0.9756569406695882,0.5072650736693649,2.0
-308.2013569034115,-291.11595814598456,6.117212227992891,0.9862589152916528,0.5986714311745416,2.0
-381.8503612204689,-226.13087399149578,7.934004190027756,0.9822766252811899,0.5591258931885464,2.0
-45.317724387594595,-310.54352611754035,5.431496053678573,0.9776728197322039,0.5771424356211291,2.0
-350.19642032559045,232.96331962573535,4.407804552591206,0.9654178765182587,0.5682145522011446,2.0
417.3171964287671,-21.928664511884993,5.798324589548858,0.9829023605905821,0.6030362203662331,2.0
-23.604349218949856,459.8642988788051,4.893390441604075,0.9877363307637828,0.6466885584939766,2.0
-421.80567612145416,27.75282922463226,6.210605473319198,0.9765159584795934,0.552174786722911,2.0
238.0788417646407,349.7582551294568,4.202897133458661,0.9777981628468357,0.6324326643608775,2.0
305.0744477603236,331.7815131889746,6.491408000435622,0.9838336143833386,0.6756353249316474,2.0
56.04786125320972,-403.83007711522947,5.1275668264736876,0.9802643592191882,0.6338703247579924,2.0
-98.40426894330928,-416.1784562320778,7.020668582761363,0.9849327333807154,0.5749522586436604,2.0
129.6074971109647,400.87993919485643,5.3245031501436095,0.9865349386273206,0.617778814419108,2.0
-426.8476360368402,71.02313072303095,6.367636659895039,0.9776122308758503,0.5660509114746604,2.0
-199.80592888988855,326.25963222469767,5.415979977008512,0.9897651928633842,0.6702580790989848,2.0
87.77975688823973,405.3910178845383,5.776877285946248,0.9840935749266206,0.6765463448899225,2.0
-15.133760254273982,-452.8504822221935,5.835995052011007,0.9778516544618988,0.5852436492550961,2.0
-80.83373330649547,466.7140965294074,6.294896982665074,0.9783192043542567,0.5201907839583925,2.0
-407.75227799305804,167.0471531483655,4.782754194986766,0.9880887738961643,0.6976415923756656,2.0
-261.0947946673426,326.99890041589043,5.17224403288738,0.9876191315266672,0.695957192831524,2.0
402.1131178029127,111.7120980535323,6.198608973952151,0.9825186098862964,0.5497492389189963,2.0
-444.9657478046482,-54.05423349294087,5.601752619491037,0.9743039134485822,0.5491753682676442,2.0
-359.29347179935337,-253.50921822779966,6.843652158880025,0.9805129070392821,0.5731557470208584,2.0
423.2970231826999,-74.78415505254189,5.238935643556446,0.9768947628113491,0.564804732706156,2.0
394.22672860069116,144.43007753177648,4.851091006423531,0.9645116168586919,0.5726730544440791,2.0
-20.532069698362385,-386.7143742945117,4.603568002024677,0.983846941998073,0.6664748878123229,2.0
271.79797065009404,-328.90356609061325,5.346654178855962,0.986382782121043,0.6602934659229486,2.0
-172.1750354728373,-343.0990471155808,5.045037552881752,0.9772579724502319,0.5640226680016817,2.0
213.79524120691187,373.37957147378074,7.2839256980544835,0.9766603724734356,0.507145040570209,2.0
-198.11956094518322,-360.78226196351005,6.274855561859251,0.9880420232138075,0.6954539169237027,2.0
-240.08771855212916,352.3754181293096,6.263241113598771,0.9827722529936487,0.6106456238689584,2.0
411.98368069551555,60.31471209637809,5.134052040167131,0.9741870427417894,0.5569907844158878,2.0
-403.34088123204606,131.62573901377232,4.449309497350221,0.9768975290287981,0.5665714436238662,2.0
-402.8166797622743,-113.50488906169763,6.866091827125081,0.9881694713277589,0.6075135413955125,2.0
96.7585748921307,-441.93810891982986,7.01723064578083,0.9819132098043263,0.6003902743150075,2.0
360.8044603282549,-270.41620451168495,5.564450621518043,0.98479442861548,0.6601242630097934,2.0
462.8596952647143,3.496450057720222,5.741505377730614,0.9876586882473386,0.6956366290881875,2.0
-205.10997957680522,335.3037597087965,5.289335935893405,0.9789138019266359,0.5807531142720358,2.0
306.41174014117473,-366.65155169122903,7.235600566312288,0.977652307087671,0.5669751973495181,2.0
-371.3064117986815,-252.07074661853653,5.853487023245711,0.9843997521976864,0.6945961499580297,2.0
-290.28975602220254,-297.5138988692885,5.765373930180289,0.9825968101181475,0.6007415558399352,2.0
-422.03736522474725,80.75164514063573,5.125125280984699,0.9621507775773831,0.48938078121530904,2.0
-233.95742497269032,-359.9869307757324,6.354322458120433,0.9828087556452535,0.6051229074169692,2.0
-370.3115817169923,-182.47592338396944,6.413057342780881,0.9863517493523607,0.5904291110130341,2.0
278.36112219356653,324.3841850220677,4.280642049142102,0.9585175419698517,0.5566497243602709,2.0
-120.15182761669678,426.16582106958936,6.011803522006971,0.979946225166702,0.5270358657553518,2.0
265.2811122044131,-350.3538009671509,6.268177594134316,0.9732629736118696,0.4834532328076795,2.0
118.87295355923352,405.6350969916959,6.570146235614519,0.983146905285618,0.5784382966128175,2.0
336.75566104116405,-276.8836962493265,5.637002283720082,0.9727759873042606,0.5439905245113347,2.0
-205.72495661342157,-409.29966257165006,5.71217847979781,0.9812278461370223,0.6026253499048454,2.0
449.9184591824971,-144.33854875394653,4.237978338738858,0.9839455775647072,0.6146017578424078,2.0
-164.32373078167362,402.26975854552444,6.334249121368287,0.9733691935531108,0.4859172675235588,2.0
288.7627353554035,-283.58270592450316,5.520974736512164,0.9786432138239212,0.5759322488725047,2.0
410.2937254602861,-29.696913636839447,5.051994907194135,0.9807331065293144,0.5904007658071225,2.0
-411.2416917139517,179.6026453902191,5.926379617827023,0.978946753472275,0.6370147902507907,2.0
207.65495920739235,-369.447348939883,4.974369946867836,0.9795242055457276,0.6388262548528701,2.0
-421.87481565464265,-120.90566624359113,5.618866614864173,0.9786366854545354,0.5856608629048292,2.0
104.1863147931258,395.4971943426746,4.280365692795956,0.9871904601816643,0.69507619052345,2.0
-346.675911674136,-129.71107754017717,5.190688103147188,0.9725851010593712,0.534483916256455,2.0
-404.3565284682988,-141.9389210934395,5.68596708727743,0.9835982658332384,0.6161261833170556,2.0
-70.78602018457971,417.29379039729497,5.655123327140677,0.9707765267271465,0.545070266383992,2.0
406.12157201951067,69.29238231550025,6.073114868682881,0.9800650090204912,0.6390264084276139,2.0
105.0851461394577,-423.66606813328247,4.959013830910139,0.9755877156989158,0.6481247665036051,2.0
461.23484092402884,-70.3084392486447,6.764232524625545,0.981484858533569,0.5916750757049652,2.0
-52.59260744320698,439.35752456809917,6.303563952323526,0.9816867497751818,0.5901244511605956,2.0
364.73792296259575,125.35701855309368,3.863551291228756,0.9743929995239822,0.5484491819614498,2.0
396.30155649139044,174.33880144539629,5.912971668115721,0.9758439527604579,0.5619188081325522,2.0
358.7724326852509,-308.08054980929137,5.426490091917448,0.9681693476521724,0.5169387894796751,2.0
-395.02668289895075,-147.03177191243404,5.4428359691624095,0.9801620152750377,0.7053690162155893,2.0
427.6541737107621,81.31104117053532,7.758826429561313,0.9920031378557204,0.6553253932908619,2.0
422.89733881362343,-170.42325476367347,4.6198756874210245,0.9803383962921471,0.6478188990675895,2.0
-9.368210259149347,431.0624313432538,5.482901582780812,0.9886884684206858,0.7075624924687693,2.0
322.02358250604533,296.5975566744365,6.837767646551164,0.9742816851996499,0.49816438685428727,2.0
348.38204696660887,-270.09312371401677,6.497892266306148,0.9896656891099108,0.7145950133931401,2.0
-41.474318531144704,433.8134765237807,6.604433293201138,0.9710078201095493,0.46691014824523513,2.0
249.0846045108159,327.90408763555473,7.060939037609349,0.9874787079904738,0.6088468044404924,2.0
461.3864859040118,125.76426935814627,7.327853921684439,0.9905597447546394,0.6331048349998136,2.0
310.98966697949953,-312.6657806998561,5.5612212019286575,0.9884574712706409,0.7017816842717176,2.0
399.0862429065999,-215.66512666496985,6.526975837257004,0.9869835896134864,0.6388918631540724,2.0
298.7067061383176,-280.2781889642647,5.3546870604727825,0.9776255305625408,0.5775543042230046,2.0
413.36094300510376,151.43837513531477,4.604047514844168,0.961178257253477,0.4818226931232544,2.0
413.7004916349291,190.58452993167364,5.276079508953156,0.9790802737165009,0.5953700719767165,2.0
-468.3942820413443,7.947876917957057,5.693143129824559,0.9883544285151378,0.608078776923544,2.0
413.9826708346368,132.831313772517,6.4187188476543495,0.9780412662093979,0.5712908561274491,2.0
-348.1474755041261,276.6904716672867,5.083109017728987,0.9836174582343963,0.6262613445052838,2.0
-217.7262162056838,-342.4980707734683,5.377977759988953,0.9737200154581609,0.636147522844427,2.0
67.37922561346353,-426.2113224106669,5.302093600170501,0.9589536472590113,0.4798017543526551,2.0
412.61593699039526,-174.038637762492,5.399884332570314,0.9854524451800839,0.627016866977117,2.0
20.49580127298294,332.69189434445343,3.694584918261437,0.9825465299327243,0.7210946322456634,2.0
438.45555975114803,-30.174279566046053,5.00156739066718,0.9810649146823158,0.5923481590492006,2.0
177.40352880496314,392.38951194287574,6.9983170113160496,0.9775695593365225,0.5203462859347784,2.0
-411.54083725103953,107.18758052039436,5.917990933673626,0.9751425129603991,0.5987381359147014,2.0
343.6759536756936,175.0680945857107,5.492808917636207,0.9862906273379601,0.6510016453382135,2.0
248.34491155388852,364.5471187097902,6.592224457000784,0.9914368553336741,0.6652102737270391,2.0
-434.27290582620407,-88.18349633705607,5.489902859894694,0.9904230700446781,0.6895774607268943,2.0
370.1267979826947,231.16860817037949,3.9429396413784654,0.9663765260244724,0.6559226984249119,2.0
62.46536894805509,-436.18949624873545,6.552221986063874,0.9740714793462523,0.5191778911271583,2.0
-349.2710985016277,187.85479195995177,5.760608646056754,0.986217643438505,0.5856960075650897,2.0
-378.2046313311634,-213.50653031798439,5.505471153952166,0.9819013973273497,0.666029597259455,2.0
-34.94287764199709,-434.2007599737278,5.0232583528846515,0.9678307839564155,0.5261242548885133,2.0
-163.70668677909683,-361.2834338640419,5.367753792664545,0.9762960130674255,0.6270125695364055,2.0
292.33831646301206,283.8618513874763,5.547103883147579,0.9801042316967744,0.6418201367384386,2.0
83.30970426991412,-439.79106859988417,7.041956638070984,0.9899615059949841,0.6392512949000231,2.0
277.8993496149341,-336.935055678791,4.804900626227322,0.9806102702108347,0.6202895665217958,2.0
150.80082623022528,394.44127621003986,4.580304592568925,0.9669786490803192,0.5777557382477951,2.0
-389.7893257312561,206.31492391406192,6.73451709978587,0.9831306506993115,0.5525469401281194,2.0
-287.55777051732497,358.62041211322054,6.366687290725233,0.9798584234277691,0.5386433642390343,2.0
161.19922669218695,404.3707538863605,5.761716768585015,0.980208398741471,0.5883352724142996,2.0
269.3543599753193,328.05162933205014,5.921636262233343,0.9753760935707813,0.49572764001582814,2.0
-351.963680490834,253.8330218192727,7.086338299503368,0.9867080947416564,0.5894488856265334,2.0
-146.0705777999411,-397.2138993720128,5.131898265610289,0.9667679409671358,0.5209596109102178,2.0
434.1674395830648,-92.96739697068678,6.257923117010219,0.9798087385893892,0.5813194969618961,2.0
92.74837076893527,-386.85651197708626,5.64082430895404,0.9751060193746834,0.6808687587639218,2.0
412.92711914202005,-104.96556096906218,5.692038074316537,0.9860252723805207,0.646073235106441,2.0
-364.50006548641954,250.11326175688635,6.393558713019858,0.9771992201253051,0.5653345711908493,2.0
421.19002376710773,143.5357050919477,6.99904086800023,0.9802842509827984,0.5361635704467377,2.0
379.57037542799833,211.1171624792448,5.397441525676211,0.9842100343115896,0.6335730489057272,2.0
270.94212607352677,362.76532937270264,5.488067079775419,0.9738096668165519,0.5599642068174522,2.0
-179.74165000060012,386.1862478144655,5.982355410805434,0.9745359633301854,0.5708774342212339,2.0
385.3263202240958,-252.89744294332925,6.332516644808039,0.980622055090099,0.5854546609678587,2.0
139.5609572691835,-448.1407351806488,5.961085955500885,0.9803199288001575,0.5454289759762057,2.0
-111.29937943332374,-417.2123165808669,6.367199059676983,0.983398242563933,0.5795077668830783,2.0
-295.88612934329484,303.50165252162645,6.589218820979164,0.9836603816176737,0.6650655550066816,2.0
106.89308083167634,405.17291614861534,6.048586545154549,0.970690996133749,0.4785691546976345,2.0
-11.476605080747282,-428.9520553110089,5.982880328038092,0.9910585203262495,0.6407469985699874,2.0
-97.64188981301672,432.76264282853094,5.988756838191675,0.983771618363261,0.6194514561788664,2.0
-392.9443655233797,-119.81840406637329,5.156221995149015,0.9736812311299547,0.5419182317732976,2.0
-314.82096089216253,-333.02632458914314,6.169398361842194,0.9759230104938246,0.5114210890853503,2.0
-447.59902048358043,50.275354840446276,5.674322639626249,0.9866195836759205,0.6989164878464365,2.0
-65.84767499064652,486.0325449851914,6.655187556069842,0.9775410968827619,0.5210673958957022,2.0
462.8415471035407,-10.310426814958598,5.337980998118339,0.9901422556074058,0.7237849673766596,2.0
356.4788739341256,-288.8687498083501,6.336393510098278,0.9820219668509408,0.596475829469189,2.0
-177.75806305795098,432.0619155789122,6.609023598528173,0.9794554716419865,0.5775908204819127,2.0
-191.78681687388593,370.4330460493753,4.97213235618787,0.9893199016710778,0.7184016606280957,2.0
-19.83591993763252,434.97024739853634,5.899149433018864,0.9858361084989328,0.6224253239182369,2.0
-432.1562753908054,61.39183129978729,5.126090090096104,0.9816727572322055,0.6590764592850383,2.0
-391.13085931427776,156.24244351573148,5.223986720330087,0.9768365146322886,0.5653737631418211,2.0
422.22652330267385,-97.17685533997914,6.883333177104413,0.9867710609199547,0.636013396431589,2.0
-186.86144732815538,-382.5329683183695,6.037708378003454,0.9805324147420896,0.5911251843028935,2.0
18.98517408330212,434.6500719807466,5.430604374159733,0.9815980188647823,0.6157418331880556,2.0
-358.1931443837811,-231.75727906839595,6.429388803574809,0.9926097729898659,0.687520220737238,2.0
184.82940855889052,-337.0459364110817,5.219681285319498,0.985375630416888,0.674600097165648,2.0
-47.90434840962747,-375.4026961332458,6.2874436148122586,0.9826781670905916,0.5512741460046976,2.0
357.1503978287432,-234.61632694102312,5.35196894857476,0.9891579311645977,0.6685475915918954,2.0
49.96043641586115,421.81478164102026,4.655025027306863,0.9663682716428391,0.5071103825399892,2.0
-148.62652883844748,394.0156590356084,4.3483620318478975,0.9670265956288743,0.5266356497888497,2.0
-6.034940388260296,419.66776747815186,6.567257800645018,0.9812691672697679,0.5592005860505409,2.0
-439.8012786515256,-123.87034007647108,5.5099703016342945,0.973551431604698,0.5434410888146357,2.0
-378.4911830376534,226.05328487010516,5.342578029648911,0.9740051469107849,0.5705884266757985,2.0
129.66907850817168,-439.3886778285766,7.433273581009352,0.9940234882848262,0.7210701243112844,2.0
-404.2591037359854,158.42490035589296,4.7341641056978645,0.9900791300336538,0.686344910522462,2.0
388.67086201671214,137.12681969362293,4.851091006423531,0.9761565831836149,0.5792096133805861,2.0
-406.5030859353741,-95.2262098586184,5.197993785703082,0.9802529002213287,0.5960631825132326,2.0
-175.67462395028778,-381.8449102244814,5.502606985426291,0.9852367858239345,0.6730096457242154,2.0
-60.846948239467366,-423.68907865435216,5.531350307187144,0.9802157104014866,0.6025755928474221,2.0
-269.1919710238844,-354.4618710577659,6.999766479626628,0.9690997060378421,0.46028022331595425,2.0
-365.9236361370152,-193.60269151772684,5.867901356827595,0.9869787814409086,0.637203826272264,2.0
-6.632718639672759,-437.72407780068403,4.290076712223394,0.9595663741988741,0.5568377286476507,2.0
404.21232039606514,-121.86874214031039,5.444867269551183,0.9824992356632684,0.6094349461766196,2.0
-422.03967293457833,91.0383989665177,5.803473692050675,0.9721642021185253,0.5574331269543251,2.0
328.43672566731686,-271.720505878404,4.502923699385831,0.9630064924057571,0.48808601968444887,2.0
-134.42955053587974,-412.7350714409584,5.429210388649934,0.9827936384249985,0.6674139758450593,2.0
327.28252300018806,-302.21677690520266,5.0618460804003655,0.9812567427560824,0.5935878710841674,2.0
20.32113889118544,-446.8427441514055,6.181670709681196,0.9716711596421589,0.46905469746343986,2.0
191.29975002604073,-424.6861290792258,6.364207396844634,0.9756609755609307,0.6182823536806704,2.0
326.1026913932488,274.9080172574904,6.824955034489479,0.9855901060293777,0.6275489340282959,2.0
-353.4173199928127,-242.69895919726127,5.875794732632202,0.9843143905441591,0.6149417067297187,2.0
92.38301068426078,-409.8447293199464,4.480753607913466,0.9540530329847592,0.45934731141597546,2.0
-224.83422930514723,365.6252097235241,6.047095307865785,0.9880613405614013,0.6619005297861975,2.0
108.57520830891849,-441.33712581443575,5.121260291833867,0.967167279537791,0.5808596553418262,2.0
220.2546611146342,-403.03514125746557,6.562384206592288,0.9848981716511827,0.622543834887006,2.0
-255.7651130879997,-376.96833586534643,6.759584788261077,0.9859425265195684,0.6404704526581353,2.0
-51.856696514487766,427.43056567999105,6.028831861265459,0.9787666969944205,0.5719600530311979,2.0
295.51056169442876,-325.79089593123007,6.686002083318192,0.9698455597212641,0.45709094825610674,2.0
-425.50206522495284,128.9735003238573,6.273990159021803,0.9762573415236949,0.5660696479144547,2.0
-315.361173189909,304.49046381745524,4.323178672239038,0.9771209595639012,0.5881067154291533,2.0
153.90517164705238,443.3180320277776,7.358918809153692,0.9890762404257393,0.6608398331350477,2.0
-398.87194433343814,-191.4046972782664,4.410683869258567,0.9747837798052275,0.5481096847915063,2.0
-439.78406169652857,-27.90662250984696,6.760200119031251,0.9882772085064921,0.6108203022318067,2.0
419.23847254303047,-155.44162141256732,5.1546104419376455,0.9801721851611681,0.5844036385155187,2.0
-454.788005123929,59.021792050772405,5.386134312024966,0.9886517441468274,0.7005422117290111,2.0
-346.55434356924604,-255.11991821708236,6.668435823538261,0.9718945187728457,0.533953213571785,2.0
-345.06626971222994,-233.3673040547671,6.898848416185839,0.9828074650863767,0.5836159936764632,2.0
165.80834044590134,-403.53872758183235,6.782562549992563,0.987774805374893,0.6539270430115899,2.0
-327.8540349592945,259.2469071423763,6.770496137554057,0.9858414465811193,0.6003270791292618,2.0
439.7260595599537,-41.882620913622546,7.007872294210476,0.9880446397439199,0.6140699574762896,2.0
-451.0543294557069,-100.12334306262868,6.392086966876199,0.987316824663026,0.600560693432226,2.0
-430.1401634800978,-78.64885043156077,5.24528593501289,0.9745640036891783,0.5522006412357356,2.0
-445.59763893382063,121.72526695020638,6.250319546352072,0.9803445045773829,0.5320469881763569,2.0
-377.1530786346127,-192.35166421638124,5.736747970114466,0.9824221875070198,0.586837819429512,2.0
-106.3581680323517,440.958156745813,6.307660469531628,0.9871147096451092,0.6879731941260586,2.0
384.1815541604004,221.19731645172857,6.031696614581112,0.9803809899343965,0.5366781501745475,2.0
97.23666506321871,411.8905003550584,6.1180837418649965,0.9767457148643779,0.5036420074604563,2.0
177.87899551597653,-406.37396991645323,5.517702814106215,0.9822148610245051,0.6563767857739672,2.0
-427.93705542179356,-30.643736537186996,5.480105381029765,0.985310190516007,0.6372735603822688,2.0
330.1735722917159,-246.19902757161208,4.470923002981125,0.9793065598126872,0.6451523169902188,2.0
425.38428951806543,6.9077027112541085,5.100389685853935,0.9846114069268858,0.6653733154444493,2.0
37.356154982951786,447.7121577705321,7.43944343353925,0.9858328106826847,0.647802775812053,2.0
263.312263761633,-362.7167557718395,6.851433038642037,0.978300372674364,0.5286380643486004,2.0
-391.87227855717117,186.0317365325634,5.596159640546264,0.9741118892596196,0.5434836679803919,2.0
303.1179439776439,302.2855504515835,5.201323249427971,0.985051204115071,0.6779424854636386,2.0
-54.351336114673934,-416.2632872453693,4.734201040881432,0.9677938172282976,0.5120456354093269,2.0
-323.72445732566086,-304.8047954824813,5.4437618111740145,0.9651492441158508,0.5301781625063322,2.0
-154.79555489873056,-402.5902447971225,5.356791372485268,0.9809590962241396,0.5965897768031836,2.0
-175.7665075420005,-361.96096641050025,6.141843914915563,0.984243642763535,0.6149888799163943,2.0
185.67159289159866,-396.3773430719804,5.4845582844860274,0.9810328794743607,0.592897973538354,2.0
-378.4055042056088,-173.86286197046647,5.760411850280005,0.9791337071497705,0.5821594458570921,2.0
227.2545575891001,-376.6881017880246,6.215838274996606,0.9863802512794188,0.6326448383062729,2.0
302.8601027840874,-334.4359131554147,5.239600605186709,0.9799972005390041,0.70526957821599,2.0
-221.10911673151776,-358.6230689734863,6.8838456925021045,0.9754472504643823,0.56641749478644,2.0
275.81418852821,-346.72978931379623,5.360474052448286,0.9837807093794969,0.626212650277755,2.0
204.65513733156718,-390.09413502579537,5.94863030889729,0.9705928095151468,0.5330516638262061,2.0
441.6989813998631,-73.9675750361659,5.230068511245883,0.9782805314777325,0.5895361095870311,2.0
-42.279222662257006,446.3316590341019,6.545966904712726,0.9816869266381824,0.59989521067976,2.0
-256.6439206818691,-354.393646184072,6.088298763329491,0.9857881632870726,0.661801499987059,2.0
-57.776430516190146,-433.85388216893705,5.570021400840867,0.9822959256951168,0.6303719115014216,2.0
164.6331973113124,-421.714622205866,5.0202228615527735,0.9692430128742386,0.5196427063592137,2.0
-214.11397309602864,394.87926284385287,5.15603441501686,0.9849330401008958,0.6809531518366809,2.0
-159.2847764391048,413.0588201048719,6.170573394645596,0.9759664006301975,0.5606527536431481,2.0
314.6797147129595,274.11491488203774,4.959407705397024,0.9840697506679651,0.6187236927822792,2.0
-196.4589318153111,401.90418674073476,6.084355902076805,0.9792769781298409,0.5382410824467697,2.0
-1.5234035264715982,478.69837836589477,6.11469596285275,0.9887317517776982,0.6800311374390514,2.0
257.69046930860793,356.63837348412665,5.774884166452018,0.9810628186751954,0.6071773069624237,2.0
-69.93254292401652,-432.20565629440136,7.009978118057791,0.9896401530253114,0.6327315830632176,2.0
14.464052276329088,443.44142027221193,4.863095045692362,0.9620297777447856,0.4850294774660395,2.0
418.2044383433225,89.32258675234627,4.972972410455725,0.9739564511508614,0.5608179024389063,2.0
216.60036986078103,355.60332675412945,5.667942113575601,0.9713707896078208,0.588659572113331,2.0
-421.6323205041881,60.823156719967265,5.678037023755769,0.9769194914290437,0.5808461416299538,2.0
-423.44221852937716,-168.32386042430565,6.194485097074228,0.9730559662716137,0.4808411697160766,2.0
393.12388608331963,-260.5938666466284,5.071558335874093,0.9814176511575893,0.6529047463836456,2.0
399.751965370421,-189.72943775699727,5.840510966525226,0.9730338571545901,0.5588836350757155,2.0
217.4164680764282,-371.3797438800579,5.429496610781846,0.9793766639771938,0.6346474921278276,2.0
13.048291244071166,-543.6029370600863,5.279767967480246,0.9818207865556917,0.6023532133340983,2.0
236.82327192434073,381.2662977886975,5.759010400926034,0.972911841108543,0.4827130518162591,2.0
195.52000791791073,383.08081501899187,5.440725569142465,0.9864639951807007,0.6365573467664909,2.0
94.99615444706697,-429.3854889783744,6.198265290749446,0.9839441403512624,0.6662879496203925,2.0
-183.03003880047834,375.699633470502,5.504791251617824,0.982934225283579,0.5614646314723606,2.0
-429.9863160863653,-128.58824724247143,5.742906590522014,0.9901437088272579,0.6918747220830196,2.0
-275.5176171520954,-325.6002727507671,4.829123296038908,0.9827042425440805,0.6653248458874584,2.0
-442.24663693969325,-15.360163757455297,6.061145203665704,0.9847261837925075,0.6518923815821726,2.0
237.15718378262733,359.6749697776771,5.948312851070414,0.9902844497083135,0.6751337703809593,2.0
427.046452053747,94.37533860888429,5.57052349693499,0.9792934085687491,0.5314266964974356,2.0
336.00318676098004,-287.9249863289732,5.973814617441951,0.9762581421639484,0.5607295449402321,2.0
-388.2340248392698,-178.39251530554264,5.426188755636412,0.9734192930752901,0.49114010489103094,2.0
-89.73301577750692,450.85851540696143,4.90934188841934,0.9805340764240745,0.5844203589734711,2.0
436.369561527368,71.7308585518087,5.499828792670749,0.9792623417301436,0.5882498549823849,2.0
287.1282550175523,339.0317528132162,4.103832540786606,0.9858337436028923,0.6947179739926876,2.0
303.54037655397923,-345.27176387278644,6.104243478888393,0.9783447181641169,0.5684873480894758,2.0
-396.74228931901604,-182.96366414394004,4.694277366442472,0.9724632488761638,0.5388443656684204,2.0
401.8617028740744,-178.04264676601258,6.419656514239556,0.986475409879943,0.58338733480071,2.0
421.9688050637538,-248.8005569559987,6.534474435163738,0.9793655563477485,0.5821999893294655,2.0
-434.65569672225126,-37.780331247849766,4.657855555054931,0.9725593792904121,0.5402765556044099,2.0
-305.08366004022537,324.9651423336092,6.904148848163055,0.9736762904125644,0.48501096661966236,2.0
-30.799271075019497,440.48245765030066,6.589528930263612,0.9838119276770529,0.5708138390691144,2.0
426.6875877558903,105.11485742265113,5.347875959662995,0.9886899275975274,0.7056782147940617,2.0
208.8165949636114,415.02945548901897,5.428722760186387,0.9783170212947772,0.5956218619473463,2.0
-120.26768016040174,-422.60587688081966,4.603674112099307,0.9607345735952947,0.4809708923395393,2.0
-442.66491174661496,90.82025306540243,6.337085523042366,0.9740933699693777,0.49204639593913135,2.0
393.72834091749417,184.0070085342803,4.546238177891401,0.976527524750913,0.5791650752313934,2.0
86.15953459750118,430.3856005862319,7.358693391748987,0.9806479422031751,0.5367607065504165,2.0
-178.12062621974232,359.54210852316663,5.310410934029116,0.9763136756112375,0.570035571541049,2.0
184.494523273782,382.21286394579755,5.984862864257043,0.9775508628688968,0.5704884223039722,2.0
382.9446339497617,-175.80254205696434,5.325376765210747,0.9780548243789362,0.5803908902092826,2.0
-375.3670390740143,195.5321026064701,4.655999911550695,0.9851575800576908,0.703811708948895,2.0
-334.6018494740353,305.7330895551981,4.287393959601608,0.9792919480859841,0.5846342460252256,2.0
-192.6370180695936,380.9577667219426,5.759999561626011,0.9891208351433234,0.7111063808934182,2.0
-153.24335900183328,298.77915077074414,4.626133164435731,0.9731015736578827,0.5399559353883764,2.0
415.9361054003353,-136.79507657293635,5.073875690340191,0.983862524772694,0.6248129481025927,2.0
389.5866507928087,255.00593841068172,6.830880432621167,0.9836955733728577,0.6111400512521181,2.0
-278.94021516758625,235.6299437216886,5.031589441938274,0.9799658595984561,0.639718826654337,2.0
419.69166732169487,123.27048199630768,5.343046033691755,0.9701334409536302,0.5908193140410992,2.0
-390.3335159411647,-214.4137604348298,7.135954683390055,0.9827171561179731,0.573669817539586,2.0
-385.56600128958854,194.9515212111821,5.762818460939261,0.9856082989428704,0.6303466849834649,2.0
-156.4694640157176,-427.03669154207944,6.045013866052189,0.9870710018441652,0.6705405625559163,2.0
329.03364313061843,262.43752614117165,6.431300785331474,0.9850744981734424,0.590638518642046,2.0
-451.37400710688814,-64.9021834237248,7.461644774217117,0.9853016792065149,0.5858101859669472,2.0
-409.3616079965557,192.72462751826444,5.627943315920795,0.9766172458960434,0.5780439827134539,2.0
352.8713343499074,241.99645620248208,6.5586426701266785,0.9747894631173185,0.4935134736395599,2.0
-446.2514422917694,-88.17958731496871,6.6591489430443636,0.9881100050563388,0.6124428644529086,2.0
278.9879025631202,333.9432159220553,5.7303868601857895,0.9802840610315932,0.5389331081363705,2.0
280.75122727308,380.1419979141561,6.035157512728571,0.9882107672394455,0.6232270340887939,2.0
-329.8013552384934,-314.69756286126363,6.746163160553274,0.9844511870002711,0.5754374642506976,2.0
421.7195897106402,-180.79366407929444,6.285310081653817,0.9837144243358024,0.5676416935200496,2.0
339.7115429179404,-228.14394520731622,4.948909321280515,0.9779361281965299,0.5708518564413034,2.0
425.2992468230406,-123.97015533140075,7.2004816116129735,0.981367565576461,0.5920613642362716,2.0
-459.01916530748923,-90.30422685814808,6.538493260821292,0.9847804054547012,0.6092727210209822,2.0
-134.2776770483524,411.304153141859,7.30364668242326,0.9798467618066737,0.5373710843827965,2.0
117.31169776327677,-458.9262268714489,5.801438401123621,0.9809842135711199,0.5900899386084879,2.0
128.3532222348899,428.5876644982231,6.014470359300362,0.984945054988245,0.6748499339915596,2.0
-306.93139986403054,311.7870573572581,6.898022642016074,0.9905276273104163,0.7032686815913736,2.0
-367.2818701403743,-265.0718475556318,7.720576733955336,0.9874818517120743,0.6588201307916687,2.0
149.42983239808953,404.9278312156036,6.512796593740115,0.9827991400622994,0.6015813593677499,2.0
8.751947963432094,435.71798982285486,5.20487793485538,0.9792844892135282,0.5827563780315355,2.0
-169.73221474009722,-391.32456266110387,4.9944680545247,0.9822224973797069,0.6548448009265984,2.0
-142.25032599564813,401.4554637055459,5.982239210549607,0.9696973243451971,0.46490790539914617,2.0
-481.9975421963808,-86.45827142305953,5.505830286257217,0.9788497606659065,0.650395189772552,2.0
-165.35028589260426,-382.56024114447314,5.283099951445874,0.958092049704991,0.4790488987613157,2.0
-301.53548030941255,-300.488678424528,5.58786855600823,0.9912660825482961,0.6958713105954815,2.0
422.86858120221564,156.38992387998042,6.480568700650219,0.9833352894308499,0.5814783876442263,2.0
-311.9287589649612,273.65199711245555,5.911601843341246,0.980616777749135,0.5938515555156703,2.0
-369.7083530851705,-231.89975161751346,5.285853356526328,0.9884972103924646,0.7015467716113198,2.0
-203.25913773448002,-372.2677465088133,6.459153846325713,0.9743637442973779,0.5078910678357905,2.0
-202.8259590078077,376.88995494186344,5.577275206426869,0.9857085537391015,0.6831764876409455,2.0
426.89165072973697,53.963066664383255,4.821508820823065,0.9504255350065406,0.4445231670187207,2.0
-425.0679330771221,160.09041982669933,5.783087943976416,0.9859725637727108,0.6394017072866264,2.0
408.38862398617556,174.6508201635543,6.7989350691919395,0.9782147116268521,0.631635978863657,2.0
57.04695828181276,-425.8994823683497,5.520845504455255,0.9778273417341825,0.5747133654333273,2.0
421.1917447989326,168.29115399209994,6.09725583436442,0.9643425172782853,0.501381471817805,2.0
-73.8359957352085,439.74275138989395,5.949025807351379,0.9831501492725429,0.5582823230335056,2.0
106.99560566331566,430.06226641920915,5.519794169226573,0.9848209385583142,0.6383624461287821,2.0
-341.9289650392507,-265.71674875577116,5.592625901307655,0.9746812373604999,0.6254340915931784,2.0
-344.351712101724,-296.05685247479965,7.38484764847621,0.9849406631842673,0.5911962975331135,2.0
428.9606756762835,42.90991074458539,7.03572482088819,0.9851197031973769,0.6258300079664131,2.0
174.74328657174073,-436.7944573199455,5.185536538320479,0.9668961558292598,0.5748832573960478,2.0
-427.2347235068758,-97.35881596308681,6.256143369996896,0.981236862935356,0.5605702194318889,2.0
-446.6245828472108,29.66719160447974,5.599320310566886,0.9882334789522694,0.6499745319059763,2.0
38.64966652346361,-432.61788242969675,7.309388463990073,0.9771563007536497,0.5129163595948507,2.0
128.14339033158225,-415.72652410311815,6.2564156108845035,0.9877381361247816,0.704217201397489,2.0
50.81943551787603,-434.95607445023296,5.66644329655583,0.9791813074290227,0.5566454017535091,2.0
-308.20433284020214,285.56055941751316,7.1126437912907186,0.9882815576835612,0.6616475174976149,2.0
330.96898125687113,287.2430373782878,6.730369383620575,0.9869888767061799,0.7015169244688291,2.0
-420.9391647839904,-155.47765624500744,7.448702007554073,0.989598814233787,0.6784319492243218,2.0
338.64784618284654,-299.7993439031142,6.788562669318872,0.9789410783796518,0.5843483954108879,2.0
386.3291849915326,201.07247546287766,6.028915426390601,0.9876642384585099,0.6751068310871045,2.0
310.1868785512879,293.6757798299913,5.909092459316215,0.9820177122263439,0.6142465125393207,2.0
33.25202176140257,493.6959619898802,6.001633519250113,0.9816523111659752,0.5427229113591409,2.0
123.2297571436863,-426.61832852973083,5.936812410804703,0.9895214622476691,0.665622170122625,2.0
-171.1050269624415,393.14303231022393,5.692660041509633,0.9767006170312735,0.5845198751917369,2.0
-464.13650734697643,-2.581945691124371,5.87818731175295,0.9798653983288789,0.5918334477334812,2.0
112.6784263307114,397.04541539679906,4.337625685073911,0.9737954500312742,0.6094418526119958,2.0
-452.2790239671439,19.58332983216511,6.240988972826643,0.9855651035227379,0.5750321727942965,2.0
446.9407661362151,-23.079047881372862,6.472163575657563,0.9751217427206836,0.4948828187853421,2.0
321.2037730892304,319.91443169798725,5.235069139008579,0.9800529589782393,0.6636095470409871,2.0
395.23900442818064,231.31712709440865,5.552113345705829,0.9795569763226983,0.579332097795165,2.0
439.06050343174195,-63.65923616255837,5.696315189073705,0.9809275151083767,0.5408439203417515,2.0
-439.2217038239528,-98.16429349800458,5.98366233299829,0.9826039908762662,0.5521600503413636,2.0
-11.788890411573524,472.71039955156704,6.17937446936854,0.9736144300578893,0.5035901287991762,2.0
389.08491648893624,-233.82170218863575,4.867967458678904,0.9660429290049851,0.5082797177068678,2.0
-335.0770117647586,-274.1848827043687,5.972798486377021,0.9647274706586649,0.49533229590999167,2.0
313.78885955085303,313.71342290152563,4.544414028142108,0.9794068208394955,0.5954083240888526,2.0
-401.1570381942122,174.83125342660352,5.748023460831777,0.9773302732179939,0.5685268648869768,2.0
149.545508427132,-419.2740765342066,5.266809851741524,0.9723484866310124,0.540469364364709,2.0
-398.8403129046263,257.6863352185449,5.6139752662788265,0.9850331924656841,0.6717219880219109,2.0
-134.28482782821845,331.20808693745136,4.743758155307487,0.9755614971717721,0.5542469566999237,2.0
432.9043837564484,215.23914600020208,4.97911699875489,0.9855798854563824,0.6802831090959989,2.0
-422.56882360482876,-108.55216897935927,6.114113169555736,0.9914468196953388,0.6983526183159862,2.0
-429.8263115991137,-68.83073765384363,5.0086799936257895,0.9818046220606687,0.6514074483293341,2.0
-36.16890373267173,-456.5919055970941,6.419023841764801,0.9747035196498768,0.5545239480968313,2.0
232.49063744605112,-366.3837701033865,5.62552602719856,0.985948405511985,0.6819720759199157,2.0
364.08673790662135,-280.1431855272326,4.708438822532557,0.9848721612971583,0.71678828133431,2.0
-266.09406403797334,371.03391950944655,7.19586791975663,0.980840743177998,0.48386606604126725,2.0
418.3947592277295,37.2000351483427,5.446814692476329,0.9808008080683301,0.5962202660683084,2.0
-441.65590844514236,-152.8863543677052,5.055656186456544,0.9826650616755136,0.610401172068434,2.0
367.04320666152097,-288.78824170744633,4.757747145929608,0.9679650838620258,0.5254120149482985,2.0
-231.41285265566012,343.3354157133133,4.968373800470913,0.982766656619926,0.6656493221665416,2.0
-250.6413540682932,345.7559583517318,6.659863805781731,0.9833284353499259,0.5625500858791552,2.0
251.90539165880236,-362.85972587903126,5.041850664137199,0.962359099320472,0.5017886148578978,2.0
-127.60142488220527,434.0721765224552,5.1924073738165655,0.9884900567368785,0.7106949037858598,2.0
-193.51398885750962,-394.4905424116918,8.05384286703875,0.9855921640913429,0.5334196111413928,2.0
421.28571648747635,-85.08642100910595,5.625733043570756,0.9772946093923319,0.5707190589945862,2.0
-63.176190903068026,445.13386737521165,6.361148082384314,0.9780592610087836,0.5171853876282576,2.0
396.3633543008372,203.97185810307593,4.4380062719797895,0.971554795992211,0.5728755638410183,2.0
51.77910309854971,444.0092550388619,8.153734135474693,0.9752167993932148,0.4504787422659295,2.0
-234.9608595372746,-337.68518519137365,4.514708745492834,0.9559362982873832,0.46746699040091966,2.0
-405.8183741222504,140.40499292411874,4.90090336451858,0.9785478833863716,0.5752312709213375,2.0
224.1451483729248,-388.3049007805762,6.190679166716734,0.9825585112933257,0.6009257221569714,2.0
-483.3795048530846,94.69939728467872,6.759494176307142,0.9787159000736823,0.5236813923760317,2.0
-176.39932596053134,-334.33499899059075,5.057524495676263,0.9791324147682647,0.5760915636375132,2.0
-76.63583296565916,-446.7578135764473,5.5674116645448875,0.9731659571427903,0.6074027621135039,2.0
-147.50193936113843,411.91453863708284,6.200035911795079,0.9776570326131442,0.5411836011586505,2.0
-378.65383233809695,-240.8183042547781,7.673809784623472,0.9902332071885367,0.695850840597258,2.0
24.822983511377675,444.4641012505747,6.053549654619883,0.9761034033665774,0.5316938551902082,2.0
404.68928399524685,-166.71150419708312,5.590871028830296,0.9907557194578457,0.7239879285517221,2.0
408.9590865662922,-208.56301921192536,5.9302376203098355,0.9737192461682788,0.5464549669950842,2.0
-226.69036863398827,-370.3550421256498,6.734520526243222,0.9757668327641339,0.49966613768915935,2.0
-430.8632025541973,-7.420634541159091,5.123735712314081,0.9756742137015666,0.6218520857633988,2.0
-55.415306562613104,-493.6349140690288,6.290059390597288,0.9767879069944337,0.5133786970453748,2.0
271.11309264349046,373.5409132125924,5.764930546569701,0.9731830341486526,0.5599559985554461,2.0
-234.50068864455048,-380.0213762893313,6.169100841471095,0.9819265817520634,0.6266779684187802,2.0
390.42195227582033,211.7531357040358,5.817621130290696,0.977020961649613,0.5061957873687151,2.0
-175.66391543600938,368.98500892689884,4.713545070889875,0.9828056139706404,0.605308045663602,2.0
54.895276117559405,-445.0131762383293,5.509304738491527,0.9822077206513756,0.6033160592361297,2.0
252.51292695646995,374.82165311151783,4.565286372857456,0.9623344435254643,0.5330911157661262,2.0
-375.23744268611006,162.27344452843914,4.943258305124259,0.9717809682806614,0.5310222900372856,2.0
88.09210384316118,-453.7879552237319,8.096299247050892,0.991212182681358,0.6808668887895145,2.0
322.87164933111876,-338.06472622820684,6.2917500294966935,0.975440794789204,0.4956223583386552,2.0
428.29096624033474,131.90278861273393,7.203145598819876,0.9878969685987452,0.6834444332151279,2.0
448.9570921592363,-11.905462601555653,5.439699129172904,0.9779765511634052,0.578884781984563,2.0
113.14152977512337,-427.8402289645364,4.456090337613053,0.9820898058953468,0.6526511064017927,2.0
-374.53590559893996,-85.48903739323056,4.816505396388024,0.9792377178919541,0.6364469662538336,2.0
47.576541505063574,-425.6660135311852,4.38819183305728,0.9690787025923802,0.5943724785434118,2.0
-310.44203223512596,-209.8844308528465,4.568888919296278,0.9778827550185492,0.57107458533057,2.0
-326.302903755087,-335.0980505778076,6.079176507752621,0.979044651989169,0.5770775779412736,2.0
235.5447802233325,370.5858999165664,5.292156131647303,0.9745070831111355,0.6335891134370557,2.0
428.9547746102012,-24.448903304961995,6.421653848736309,0.9841714317570471,0.5689499491223512,2.0
-249.86809861425974,357.3186257642037,5.119509796247347,0.9798397210853927,0.5918319850172175,2.0
331.44615368697475,-231.4581712223712,4.321114181529403,0.9745347247909429,0.5509060374798213,2.0
-130.59543227287068,422.9967149396021,5.2479562641076765,0.983538792334515,0.6061894366883569,2.0
443.0382972206866,-108.97456725350148,6.317722966303123,0.979132170902371,0.5256397427805667,2.0
358.691589886911,273.0661705989096,6.13353486374514,0.9729449314921322,0.565186968780789,2.0
411.1962864378857,-184.16140625665952,5.065182481176757,0.983529211713327,0.665361035998526,2.0
-294.65353801922936,328.9864758816236,4.669509279463963,0.9671201375569776,0.5133147375323298,2.0
-431.20665336869547,1.8690484849026474,4.472642085962403,0.9629281435092508,0.49524717054504236,2.0
390.7743586728747,157.71518915090834,5.927534150900033,0.9756923973190498,0.5587018139351234,2.0
389.6137463224748,241.911230939405,6.862526618700208,0.98420389473454,0.604358040800384,2.0
-395.17653760610233,-156.75819324165624,4.739094294505877,0.9679439795393634,0.510939671294785,2.0
-438.9703209568789,70.13276345851565,6.167643953755661,0.9889892957148108,0.6210624698077106,2.0
333.68874757472776,252.47618441293315,5.058161906220667,0.9710421378661396,0.5324545575449984,2.0
461.10066436683456,74.91918498636436,5.659951231177536,0.9726691289826311,0.5394214610946197,2.0
139.9442051667863,-414.51597235722153,6.064255746340558,0.9797140910679029,0.5900289048368392,2.0
-209.478502389042,428.882700946668,6.20539592065947,0.9795549406778524,0.5327890111706032,2.0
-166.25228703028165,424.3744897673764,7.666734212623853,0.9907652718696472,0.6643634817064837,2.0
-189.90423421442603,426.2599420100979,6.493678474223486,0.9823551682337118,0.607097162463781,2.0
-424.7510884383304,37.69503076451134,4.783769230173612,0.9611332758177179,0.4928586192609818,2.0
265.5622684548813,-399.1712238558375,4.923589165389473,0.9797275265859527,0.6413604653225294,2.0
320.7007124789169,-325.2629580358533,7.101552222276958,0.9865521377184993,0.597818338087676,2.0
108.74037822415671,-465.14410690491246,5.073294924214024,0.9630616464941251,0.5295627979928307,2.0
345.9818600063633,-291.33310150824684,5.011482420872655,0.9623218008277348,0.48750058891030185,2.0
-357.0164198666342,243.70984028356628,3.981121507902879,0.9668370664660098,0.6502673243289101,2.0
276.8047293010153,-387.8990583619793,6.5500254948086605,0.9866072784687979,0.5956053398002443,2.0
188.05461648754195,-406.20367750097284,4.950792254209567,0.9740996819410154,0.5495715600358805,2.0
448.04490396319534,36.377512552469824,5.043718407856396,0.9737720047471119,0.6105549948929254,2.0
184.32917392898727,423.9676654883034,5.682018250928222,0.9874749383526429,0.6457304296840077,2.0
-323.89980361850735,269.7679297371064,4.783830561159746,0.9852429449508263,0.6740677558126151,2.0
-432.1412482305304,187.8561955596655,5.696021071347945,0.9827777269876669,0.6212286283291792,2.0
-127.75778897665545,-444.2282785212227,6.429753152341043,0.9691084581563462,0.475680849134285,2.0
-423.1823609465725,140.42974997245233,5.683538895101394,0.9840620666965469,0.5690554269951507,2.0
-263.9601914177512,400.7427307298691,4.328185996518017,0.974657392199009,0.5627102133819981,2.0
-59.535964306072444,-467.7778426900614,7.020875177430789,0.9824408186690438,0.606466704481101,2.0
280.09087951092056,356.4026316556183,6.189672914450446,0.9722550860187045,0.5459159132902062,2.0
284.41699184609024,-343.03209604060163,4.450605447116069,0.9703909730198329,0.5239412245697088,2.0
-448.23863379792357,-189.63421362494677,5.985744761293569,0.9702012223798671,0.47776511029187496,2.0
-285.81047739826363,-341.75071504703993,5.767495563363103,0.9805480237960693,0.5381893348850528,2.0
445.0604430026246,14.255930789010858,5.015096395396768,0.9681850295023469,0.5159810426665742,2.0
-89.04555210033713,425.6840400501404,5.4568536927061615,0.9872927053307694,0.6897441010903069,2.0
312.9537527836983,369.4295024858606,5.996727715089523,0.9868810004522895,0.6413174825043627,2.0
-214.9681704357893,-372.3578302507361,5.625107186056324,0.9819207465977874,0.5978676243466489,2.0
434.5742848037795,-116.30277850076973,5.413470756601617,0.9813185184619696,0.6771554637435994,2.0
-110.60824589111624,456.68580379169447,6.052699395208666,0.9839064555123537,0.6669295875194268,2.0
400.89155225453004,-230.7573600028546,7.909710571732578,0.9822819140580903,0.609606162452821,2.0
-284.7218251086966,327.6783754407255,5.604701729418828,0.9904257491041069,0.6819936530037847,2.0
-262.59180711805953,-343.2471473254758,6.572811829660803,0.9835545300285153,0.5965795999411185,2.0
-251.30338038582158,-344.6511630463908,5.336205752940821,0.9794651659279323,0.6402413755609553,2.0
-340.4169434459459,260.02100674179053,6.32454808147822,0.9807178440853085,0.5874700305003002,2.0
-320.36474604574454,276.96618829356464,3.5294725941478515,0.9687506350551645,0.5832580292066019,2.0
-438.3947223177282,-222.11303409986613,7.125902979006699,0.9778168667795905,0.5670131267924874,2.0
295.95725719628985,337.85809155156255,4.893266510226426,0.9741613726429361,0.5869454268642617,2.0
-454.67023707792225,-78.3311185182369,6.702045455508316,0.9794311389703826,0.5273498065667114,2.0
-411.4907352293265,-124.81077434670276,5.940713739941273,0.9852181567642079,0.6228781308783936,2.0
407.45307507523705,122.52511372119372,6.24763590875991,0.9857292414911123,0.6284718926285289,2.0
323.2007755147126,309.0395421902706,6.406989721350992,0.9722014356561864,0.545269325118506,2.0
-278.0317995021448,296.38756779419367,4.471698125239703,0.983568293201813,0.661968514353391,2.0
-143.72835117831528,-421.70827261935534,7.6967309345305335,0.9854784947431114,0.6332996060377655,2.0
-8.066428653186756,-475.68170998008924,7.225252758116599,0.9839199852592642,0.6216159508256874,2.0
-402.1385500167386,185.33289472252235,5.178779245547644,0.9772232477134832,0.5706019070131481,2.0
-409.74032680167835,150.77776007087527,4.725225373657138,0.9837622358532101,0.6419565110631765,2.0
-98.15222889779595,-450.92845690461445,5.629661349910664,0.9811063802973399,0.5939596769095458,2.0
5.0134463633207345,467.6713254718921,4.831284712811842,0.9822510141863701,0.6625287238516664,2.0
255.66849618830284,-354.35690654435484,4.664076991987273,0.9776366977576124,0.6349640686955197,2.0
-282.44171435769914,-353.73719104490647,6.977601031571682,0.9851958911668489,0.6662313761371917,2.0
66.84120778501325,417.53472187426917,5.919539697084733,0.9788843834983741,0.635000180793236,2.0
197.16444609714975,-399.5516450924869,6.814820873390792,0.9738207339998549,0.4989291833683542,2.0
201.77721842481634,393.37116838841195,6.90677323598121,0.9822623406547385,0.5491727313724928,2.0
-338.7910377302387,238.85925828352256,4.705735629757551,0.9778656241840672,0.633041826365559,2.0
-371.10708398722295,153.43386721894407,5.225961241458233,0.9792511765831831,0.5836949951934909,2.0
534.1503315767023,99.45761251717279,6.7631486583483476,0.9910219923534821,0.6934693306985955,2.0
473.4980366027408,-46.996906502023094,6.799490528099286,0.9861347830650221,0.6485202933784361,2.0
427.90999750541187,116.09988557886174,6.07339790947154,0.9819846528257187,0.5958695442992245,2.0
-413.91173881075264,132.85906994779924,6.512060398767488,0.9853608771861686,0.5833343916541931,2.0
379.99942590150306,248.83023547074018,4.994084026352318,0.984960856729523,0.7144627520222399,2.0
452.51332922944187,-42.111490189482595,6.00454910465026,0.9820259699569428,0.5514893390746345,2.0
-147.15680809628728,-435.0654669161633,6.7025576532821525,0.9781386886002903,0.5174011112971524,2.0
409.2077723536772,-157.0684352321982,5.390678085136298,0.976823355920292,0.5652594416010721,2.0
-53.12312001749654,451.49473603908183,5.866081339052885,0.9891771943135981,0.6911691878354088,2.0
27.360378582631682,455.22490186868066,5.360581710661801,0.9795719742944557,0.5793086704124144,2.0
390.7510472667034,6.671096165929644,5.294509769309859,0.9714470776011892,0.5620218508911808,2.0
394.6620300741959,221.18991622063396,4.892313803901212,0.9746438353494458,0.5484207792480081,2.0
135.85253498093263,-426.61962664516716,7.0598894799666265,0.9918284710120885,0.6982062729483889,2.0
164.68890364814925,-432.5626492272114,6.304241194750894,0.9801234558062308,0.5561199677142497,2.0
-258.1645911273304,-332.5283877128017,5.289798175702196,0.9878936636845447,0.6937516057573033,2.0
-362.4759386095314,262.8885964101813,7.175600251466523,0.9839845504804818,0.566099248117127,2.0
442.51336221421326,-84.71639069459582,5.809482341622421,0.983446003128668,0.6141465868690217,2.0
136.37865334257341,417.06454700110453,4.950343695228059,0.9707649306535732,0.5404594439653118,2.0
293.0152681375847,-345.8471853976412,4.978515365057846,0.9698395008828504,0.5224331845780693,2.0
322.4925253182325,-312.2736222105544,6.2935689909740775,0.9920253595090114,0.7168143032272447,2.0
413.52826477509603,-126.84006605888216,5.557763028254239,0.9721976170326685,0.5394368406324154,2.0
-188.84647275964636,-421.87181010239937,6.317470707726815,0.9828415775535997,0.5591551142717044,2.0
225.53971756831572,-186.73193781993797,4.629548557179557,0.9733505803282259,0.6083844122723231,2.0
472.55732420030034,119.00200788016518,6.114015438563718,0.9752623893019097,0.5074938100148099,2.0
-137.96041366817417,440.93215851920814,6.334413973698847,0.9817774286326718,0.5948990456633577,2.0
-455.2567822013013,-12.317628510493416,7.744015426106076,0.9872809051195796,0.6390060369241556,2.0
-157.0995182017808,443.9578783884912,5.552192436914485,0.9806749218909223,0.619991259415149,2.0
-394.14588011195997,-225.3155727136527,4.666673518482337,0.9842972610232578,0.6145582275115753,2.0
402.7189237881572,213.0095408701165,6.886938547473129,0.9883616868148114,0.6104447657314335,2.0
-221.11214656415544,387.87452653672335,5.111254577893849,0.9711781815350234,0.531756750391332,2.0
75.61492414138908,-431.35560196805926,4.75863231543324,0.9817444919925471,0.6014730884942612,2.0
-293.279434110759,-308.6123641794905,6.185938483411705,0.9812047564019986,0.5983140259642422,2.0
-413.6326823391623,314.5264176905513,6.800701272319682,0.9765679406080701,0.5067912185188497,2.0
413.1296095228228,-258.29990844390113,6.870626961688362,0.9903033633601457,0.6440475788366974,2.0
441.0593863145084,-194.14297718867653,4.845287676021733,0.9684811624190556,0.6581313501925804,2.0
-388.33765247436816,229.82037647228967,5.280617066332196,0.985348810307826,0.6371467276909898,2.0
-27.64987885333933,-439.5178489320179,4.415750556884696,0.9601430433004122,0.47989254543496995,2.0
-267.57279543252156,345.63992091769325,7.388161787506019,0.9834670165783785,0.6073722716482416,2.0
421.6053644032052,-191.92445816548206,5.339754639055352,0.976712385254171,0.6869139615041946,2.0
274.58603151423506,-357.67686969290423,5.944490566401783,0.9796324799376498,0.5279851853417642,2.0
-66.27242264756626,-443.79985468029577,5.576150123616227,0.9834178266047051,0.6609552431225204,2.0
393.52684821574957,-14.143254311520831,5.819460894037331,0.9792607152733142,0.5969737270529033,2.0
-383.5489121816823,-202.83411993487965,6.574750869146167,0.9924220080083487,0.7233961650612013,2.0
73.5502330827374,458.95742137346275,5.7355274327727805,0.9692786169562025,0.5294284680804784,2.0
156.22179455266092,-426.14671241724835,4.8397351507535324,0.972230528679716,0.5422280780639215,2.0
246.01033053028783,-379.8687355868341,5.789952846528658,0.972779443491708,0.5019636267542676,2.0
-316.6472659572457,320.20575758004594,6.1816993297082385,0.983763934598699,0.6178348551362076,2.0
-348.023213927674,242.24348602986987,5.6042340119282015,0.9772988541064203,0.5624467624774684,2.0
440.70319921099895,-218.43811008090486,6.281236568018012,0.9843396869599317,0.6796598882869874,2.0
406.6258971320893,199.955748154167,6.9619266194100495,0.9871004442565214,0.6425002270993566,2.0
-49.2880890034597,473.6332859353146,6.160531042545397,0.9886433175828728,0.6565465584481835,2.0
-202.98175745054564,410.8549038333387,5.569903558378821,0.9781183232165356,0.5503526173897288,2.0
-438.8759609573351,-186.52278775194804,4.3279106299956345,0.9794252903172561,0.691482668906278,2.0
-223.4912405046926,-395.0524030063755,5.2881227552156185,0.9887603080847501,0.6795647164276811,2.0
419.98274519661095,-145.76250077134605,5.021666022639853,0.9713141866724595,0.5397961133605872,2.0
117.32734786874512,426.8026820836804,5.546380535278342,0.978811914411858,0.5787518273759988,2.0
297.5987996894234,-356.334350446442,6.882790265349433,0.9848472984281325,0.6201373632628405,2.0
-449.1799531784389,-130.38666891830567,6.337655200835622,0.9779380702155781,0.5144578870889921,2.0
41.91017575609834,436.26175475543283,5.08059548166051,0.9699074817734741,0.6075380398368867,2.0
207.06708453118193,362.4217379721128,6.068032926114856,0.9847143942039803,0.6824858243047675,2.0
398.7678530747799,-293.28097609106277,6.994214557083093,0.9914411729047415,0.6953265991849189,2.0
438.05332643808424,35.500206021035524,5.343751915063774,0.9689944604591169,0.5294720935683097,2.0
-92.90724310336371,-428.2854749690329,6.693491956711535,0.986684680450285,0.6348485416095376,2.0
60.21568044639839,434.70349642437066,5.029266853177508,0.9699269210626795,0.5643098593656553,2.0
-357.7804333731099,273.9135589882687,5.109752489478333,0.9842554760260351,0.6203957890097478,2.0
-464.3240384935028,-102.88134009567885,7.564869128981961,0.9757159641148799,0.5031166868415351,2.0
435.90730367072655,100.18962613799403,5.379404899358354,0.9819740424985199,0.5969325190465687,2.0
-372.59398344499914,207.49904944171448,4.834194258907722,0.963221371331234,0.4959291412841938,2.0
-183.3568268672341,-402.18900842466485,5.3303344686644625,0.9660783656254537,0.5119721266184261,2.0
437.2142491100052,55.67674038310258,6.322230815629701,0.9715059339599876,0.5294915208094039,2.0
244.90407271246616,-369.51067702365634,4.85109909003173,0.9912877363296726,0.7166833345249942,2.0
-446.7268340434089,110.34898590510764,5.663116957124149,0.9854113394040427,0.6714564936370925,2.0
-435.98881591779417,126.65841873721867,4.934970466982852,0.9690818532849712,0.5203757351906996,2.0
372.2097084821157,-273.10808540302355,6.447981561493481,0.985998679325335,0.588467078958925,2.0
-253.4670677761224,404.1269588141495,7.131038371848725,0.9876434010700662,0.6943545322994644,2.0
266.1305700498484,391.8027926233662,5.234008800395845,0.9704497835176973,0.5335681864836829,2.0
-414.09351442348077,143.29232370871338,4.23417916979334,0.9715700532199625,0.5296232005250762,2.0
341.8014400580414,260.39337709857915,6.7024906645366285,0.9882406683161059,0.6054764196644665,2.0
437.4352837294941,-164.6575119879033,7.37992303447341,0.9904434060021526,0.7174554752065464,2.0
-453.7521547080291,37.95639366492747,5.669616125745368,0.9789456489565839,0.5753684433583952,2.0
361.5524931568276,349.94447157199613,4.703577376783596,0.9840282858719881,0.6772985794130608,2.0
-82.74682529157427,-436.6345154629111,6.87601515148877,0.982687029546079,0.6016213105524167,2.0
366.06156046179353,262.55219434368587,5.637309346452374,0.9881294710312609,0.6586864194101726,2.0
387.9808026461865,167.81999859540824,4.949882450793949,0.9859285495407399,0.6809316139338315,2.0
-141.42320800376524,421.6706219311392,5.940173628816685,0.970462167267195,0.4813019232383172,2.0
413.9591994409494,243.15720580131824,7.10061474108093,0.9881872706867069,0.6521517410668587,2.0
376.22977046881476,-168.4206385493114,4.903808249960526,0.9778733098840987,0.5687313112624927,2.0
377.6111781369053,238.4418043937945,6.0573243815948645,0.9825150098110947,0.6072751914446752,2.0
-420.1309035763246,187.868457634521,6.817534733566418,0.9782796756020766,0.5300392568827922,2.0
244.90829488568994,458.89873682506044,4.814513523746189,0.9882161643553137,0.6964605423272551,2.0
-212.63074277379823,381.8512437645055,5.800668771669552,0.9720699206666122,0.5392273043565355,2.0
-354.90396260987296,200.4077496103609,4.412162079134857,0.9776469802592248,0.645667166150647,2.0
97.27929022291693,423.75067830884865,6.17074330813242,0.9794465356359326,0.5760664902714839,2.0
433.3357015902835,-103.82462510255012,5.087355918910714,0.9797797649268006,0.701099514334256,2.0
-415.20989741923296,210.469214601491,6.148178205317674,0.981520323914769,0.6044406866337607,2.0
-174.58712255769578,402.3840168935168,4.369638177730058,0.9800016912904098,0.6480130784829313,2.0
313.00452240443997,304.20852354977575,5.24601998066409,0.9837817352691778,0.6114398424659363,2.0
383.5147759507152,-325.66131967904136,7.422993128494423,0.9808303063416602,0.5495910774200998,2.0
165.81604107919483,394.81150372051695,5.363563037827077,0.9719376923274866,0.534146542277309,2.0
214.60584477851378,-393.42840646196817,5.141398621537178,0.9712476834742745,0.555264655604531,2.0
-459.7210847565461,-35.705393800207965,5.032820889076608,0.9859830674772496,0.6876410994963948,2.0
-122.4359407544888,456.11066813440294,6.066653102362865,0.9868883618057098,0.6392944391036725,2.0
-449.57956439678816,-22.816589194349188,4.66270093904434,0.974118950007772,0.5535168090912779,2.0
-392.27557338275824,267.13203991109395,6.323655201293016,0.976263353319605,0.558581867513196,2.0
230.54566014212838,-402.52858295099355,4.210400288018857,0.9693603772842169,0.5894987836606387,2.0
419.3498107853364,199.33739343622108,5.358696050508959,0.9848665493304608,0.644600550217423,2.0
397.1154984334461,294.37504440444735,6.686800017985502,0.9852202483252526,0.5950860528489335,2.0
446.45629888658846,91.1094778033579,5.992869148674916,0.9795740159542533,0.5947313951713559,2.0
453.9007036164528,28.621057457625735,5.273645853557545,0.9628943154605808,0.48556820052425625,2.0
38.659983424256374,-456.6333059870422,6.713039204688398,0.9827979199907877,0.6572470826589092,2.0
169.46557349449387,-455.1549368298702,5.840157045423317,0.9769080107359052,0.524793112372213,2.0
-321.45824272956014,346.63821543366095,6.193984995302664,0.9809638972695923,0.5971513840605668,2.0
-35.87376151495761,-308.4706653318632,4.694116715686034,0.9658424304559938,0.573063353100932,2.0
437.60135646255924,-129.02969950398858,6.46374673243228,0.98542638306619,0.6741292995514656,2.0
-335.818402920417,-286.00253725815344,6.462678323563418,0.9801367939345912,0.702963464001027,2.0
395.0173336590081,-244.0357983617187,7.265260437898501,0.9783040521949222,0.5207880971541379,2.0
183.75694215714918,-415.67217489328885,5.916787976884463,0.9787288445202555,0.6333914649424257,2.0
242.96075626960527,409.74182454216265,6.844604181953052,0.9810961164739407,0.6134958525407405,2.0
-209.61462857571038,-381.7468599078037,5.4665323300086825,0.9786982949074005,0.5793243597623463,2.0
-362.4154787380169,156.15614203417448,4.36156631687234,0.9632640753018733,0.4901873316546201,2.0
-359.58301187592895,-219.9927570040276,5.778310764574755,0.9745996470981279,0.5641427579569115,2.0
182.485170973738,403.06212167021204,5.481142833829681,0.973805283542982,0.561141017532893,2.0
-297.9719823220379,-291.47091013506815,4.364442978485586,0.9763890019052344,0.5748365089267241,2.0
441.13965950559657,135.38631993352692,6.146725755317092,0.9913175929182193,0.7030964934938109,2.0
-263.25205127533314,-366.1949057919364,6.961762883477447,0.9750121883218944,0.5578225268621714,2.0
-277.9914896586016,337.4790769870509,6.362628321680688,0.9856994676063268,0.6527564946734319,2.0
138.23150007379567,407.1041594260265,5.4372941250277185,0.9794200868715195,0.5989792999537018,2.0
451.6235339345732,-77.65281064391598,5.943305053530024,0.9720400922537731,0.4841197924047742,2.0
-180.6879523051312,408.89122126371376,4.915997830935747,0.9789927568063596,0.5825319888411867,2.0
323.4093455882069,-351.1504473274493,7.270573927976224,0.982585420431004,0.5495427659846782,2.0
147.1959339437257,-428.6705243276347,4.8046661214011595,0.9786363310218907,0.575638266245643,2.0
304.43127758822436,343.98800776521267,5.717341234099241,0.9866093666266954,0.710078404380545,2.0
154.01378261255155,-435.48603154062334,5.074213190598021,0.9850407460680233,0.6761501498863416,2.0
287.9772358219599,-385.3525553170935,5.249181471083448,0.9869363520937324,0.6996476024042656,2.0
411.3702709243656,-220.94626800076426,7.286519551349522,0.9766349069343301,0.5148328591134528,2.0
438.30588597905074,122.97658452279005,6.787247663169883,0.9826452984776213,0.6098545476803052,2.0
-415.4879175456526,-176.21351807900547,5.454084793963472,0.9854829447223044,0.7094466315946226,2.0
444.71113690225735,184.59877383202746,5.585456087527973,0.985157262425971,0.6226062016578608,2.0
344.18082701988,292.7027016427662,7.724779166435488,0.9913308618400368,0.6616954516514495,2.0
344.58036305963384,320.14418304974146,6.80314538252311,0.9884569149843856,0.6223568894844119,2.0
-295.31262101842105,-371.73519593884396,6.443218822079549,0.9706259948734308,0.4655883427453035,2.0
-391.01585374700846,-267.05330997091073,4.528754101547308,0.9676179176771104,0.5107850898407412,2.0
43.92379495261312,-443.9791254273854,5.814707977168965,0.9807977513336534,0.6085549102757205,2.0
240.75385833195483,-420.4133762053286,4.911812636395422,0.9660338973284369,0.5032561380480463,2.0
-24.364826834145102,-462.0671553021834,7.318275519811246,0.9814564509782447,0.5182898925892571,2.0
-434.06680605673785,137.19066998466968,6.106557470643255,0.9775372514138977,0.5116475652303369,2.0
433.8034144942594,153.68990954950584,5.182743006851056,0.9832831947902921,0.6109997472166245,2.0
-452.97279109647735,168.31402996741858,6.524071040161889,0.9787472007161556,0.5209654443016156,2.0
-297.2353437340969,364.97423043821,5.63511258001493,0.9879978284823431,0.6682262393649079,2.0
-370.7163141034852,-296.8082384233308,6.57317237417215,0.9926392671193466,0.6659602074480958,2.0
351.3702808905812,281.77667518240787,5.423113410153377,0.9933932495310257,0.7151251579683356,2.0
-431.091071219246,-139.30275005359266,5.072289039831191,0.9810710454831485,0.6212051204016469,2.0
370.92137406864117,-354.11522274571274,7.2841880282405675,0.9840550185436723,0.565579914115413,2.0
-463.8161845849847,100.70404899280591,6.013279007109142,0.9853544449936397,0.5971215894904356,2.0
-443.6010575803373,132.35103782519124,4.934810240288707,0.9787513111957854,0.5814463161040029,2.0
442.0342401197209,160.24816863774257,5.654767848326298,0.9830584334359024,0.6662924563082909,2.0
-213.70816118967187,370.2789811898,6.3433376934626375,0.9760733948630914,0.5606309687626778,2.0
-226.41919499492354,-425.076524173493,5.185458352473117,0.9705387363480933,0.5297991069114477,2.0
340.5726790147206,280.2864631542298,5.667370658106622,0.9773666315314217,0.5789723279868716,2.0
-431.5315525957742,149.55863243084883,6.995533446788545,0.9860752246235495,0.580739566922829,2.0
313.96947748840915,-344.0646853242694,4.919056609712406,0.9766836471714854,0.6376547582921024,2.0
470.90912307108414,-90.6979498361984,6.324265520513677,0.9822699312591301,0.6025092383648338,2.0
-365.12790687122055,-242.09141534742915,6.1355935527297225,0.9914613966838414,0.6471255228753777,2.0
-464.34095364423854,18.898145728666574,6.204823522071781,0.9845630874165648,0.5719157097693938,2.0
301.1990728669531,372.005073858626,6.228215213248409,0.9885974005561351,0.6236965935762392,2.0
105.34978812106827,-453.2516379118648,7.781813143065645,0.9823245561691178,0.5513990161935146,2.0
401.51825708521756,-254.49890022135273,5.646952826424135,0.9699680319612382,0.5308082340063098,2.0
-81.43700625611127,455.83261073511494,5.058617072228986,0.979203030283704,0.5814441392387775,2.0
473.0173355155821,23.132418942837006,5.901278916866706,0.9755225204467399,0.5537256825223387,2.0
-345.4534084728145,286.35962998943205,5.076549094850828,0.9808080545894241,0.6024375743245262,2.0
-111.26440408085551,477.9396813323994,7.265613915547288,0.9811167365331195,0.5368662136872664,2.0
-370.9835716808693,232.55130662117804,5.024489729088862,0.9740083370093241,0.5466159987085952,2.0
-180.22912798689336,-391.8718119961201,5.859292781178417,0.9799005261109828,0.5272897622184581,2.0
-36.23935282258027,-444.6853487377787,6.03405688948907,0.9651029426289474,0.435536235394766,2.0
382.06210833982334,-265.0435517101356,6.695530013567425,0.9895506267014598,0.6737413392771567,2.0
36.79934418790114,460.815036028594,6.062648788795531,0.9781384219438103,0.5229658066912249,2.0
-372.91123865243213,288.2551570552853,5.777807116203833,0.9761070417380424,0.5089787263770668,2.0
-500.6062976535493,-50.52598494364978,5.543771157249399,0.9835313772980016,0.6071894709028726,2.0
1.4425493472104958,-442.49579014028444,5.543344516359976,0.9716302534003333,0.5350483616441732,2.0
22.429577290971675,424.4405104605799,5.780216920648939,0.9816764565654317,0.6012555967324992,2.0
-465.7801984507369,121.59875968970437,6.010521194140155,0.989258596858781,0.699306314938488,2.0
273.4646173056205,-368.6561583033271,5.449121518807724,0.9706686728949103,0.530980712752243,2.0
-353.6529155538326,-265.4718806796167,6.443023069210759,0.9811354688381229,0.5656675011613399,2.0
-1.2139240657337431,437.4716376497096,5.294609619099861,0.9683177623124877,0.5161807385629358,2.0
211.653637698447,212.083431737302,5.166630653568757,0.9673419472137351,0.5086516411444449,2.0
-289.27663400669235,-329.81337742125277,7.0439350211272655,0.9809324250286753,0.5545059526243612,2.0
-285.7340486152519,298.6416266228524,3.863002362642738,0.9762326888142419,0.686936570550173,2.0
442.7814527497972,45.46539519745329,6.0208126346703335,0.9798773231144537,0.6046974236210861,2.0
126.28099324015848,439.6490756722952,5.756876197713299,0.9792786001093327,0.5881629477801724,2.0
61.310951791177565,455.45425253425077,7.637059262725328,0.9809679600755002,0.5911707767191249,2.0
464.64551529986863,-120.85975169996308,6.296136791996454,0.9911048213926569,0.6572565790798385,2.0
210.78994174814977,-477.932355437245,7.117886548545697,0.9837760632321422,0.5631242197069513,2.0
-411.52655335495535,-104.64416741894621,5.811203892403051,0.9898272401099796,0.6652664392814647,2.0
469.9787020542452,-3.6386403925671273,4.804427590825394,0.9691477868842481,0.5164798070290755,2.0
120.70823431552327,417.0187203303938,5.200184548438892,0.9737982086428936,0.5597445508720028,2.0
375.68903827384526,-296.28311854339245,7.238749860226987,0.9815612122132611,0.5197799532939699,2.0
175.1023543989498,430.28182395480167,5.922469474982569,0.9740449045347876,0.5301016684744733,2.0
104.70294904078493,453.51761101997187,6.939822000574346,0.9832232154583838,0.5583470836083482,2.0
205.61801893023224,219.26768262876053,4.737196820378393,0.9705929143492623,0.5917907205111707,2.0
150.5400007865917,424.0338095310431,4.976653858619738,0.9874028225026202,0.6895673416559718,2.0
349.8418893242374,252.53209872472712,4.846944581978158,0.9684258608787237,0.5193696605784975,2.0
-6.74961750403498,454.1282120728989,6.13247714650905,0.9824227471810107,0.5701079442851121,2.0
-176.83108009262176,-425.10100371999357,6.541162486748896,0.9760197587151298,0.5091787150378931,2.0
-237.4977474330172,-369.91137310343856,4.506589044954158,0.9801824742356324,0.6524845259376829,2.0
-100.38778336794584,462.15958477848864,5.432601074823821,0.9802082553447514,0.641870046359441,2.0
448.86759357724947,55.55576000345959,5.898434483711473,0.9742679196251433,0.5080780813176388,2.0
420.27669824503914,-204.3790523347963,6.590669760835617,0.9737860888838592,0.5573262231011339,2.0
312.26762049556305,-378.5385472557101,6.732580255486639,0.9673568008981869,0.5098767961931062,2.0
-340.34597183886274,-318.85994697391664,5.132631402330952,0.9713869819430507,0.5706944391328936,2.0
-230.6149165316534,385.1453817049759,5.182287331372301,0.9877419826567923,0.7055519484477835,2.0
-332.92503178650617,-300.20598149119115,5.121736940213576,0.9895613841174453,0.7213968337084219,2.0
-421.0003205372683,-199.0288730773705,6.307642194115849,0.9821183059453494,0.5497976448218745,2.0
138.86806699667162,439.88868793064455,7.071809782248109,0.9884628500643359,0.6567726950372976,2.0
234.05179225442936,400.241264750619,6.639822250717841,0.9862931693211324,0.5921066658326344,2.0
128.66665793133197,419.52292129535965,3.4271885946783276,0.9698473591426583,0.5888480351897581,2.0
326.5828054876232,-281.5063800467282,5.888639470298425,0.9774830142070774,0.5082431524916167,2.0
167.54803940761226,412.94389236889015,5.264918254003703,0.9841528995155155,0.665521994623524,2.0
-418.8025364014522,-187.06792356360432,6.33015757478964,0.974147851794129,0.48643550718317,2.0
-315.1333244285061,334.8773396526634,7.725953879646078,0.9815992751390824,0.5654810543822054,2.0
-391.42597225518955,-235.5067226763619,6.101043640654806,0.981839193916089,0.6668487964322544,2.0
-167.00021026662645,-431.57052855920375,5.765808674903759,0.9718516819590459,0.4991198982133736,2.0
-418.4335386522776,170.01072759003128,6.550897673154776,0.9838925329306917,0.6155936775065943,2.0
420.25362120132576,-214.58497810707055,4.202359629137585,0.9629752455832408,0.6400501985203368,2.0
11.878742749023008,-438.5436513093432,6.150714108487134,0.98065616547053,0.6191597791670038,2.0
-267.40923494207766,358.83574297539684,5.581138580014632,0.9839777841061627,0.7001058981288883,2.0
400.5024677120821,272.93303608222374,6.894207405697012,0.9929712978489876,0.7092121464356534,2.0
-386.6789142612811,218.84140373009674,6.15603369809822,0.9835558222021132,0.6656832943404906,2.0
-491.37004171198095,-93.02276629201474,5.350734749997523,0.9783737423624423,0.5818121748221475,2.0
-35.820675953251644,490.5583411716046,5.403392515948408,0.9799972547525435,0.5886874751859751,2.0
-230.67147776536592,430.3209983068352,6.787482386388165,0.9799322216772626,0.5377321103298275,2.0
471.9351432947899,-33.93438300466358,6.435327452095771,0.9923499188241502,0.7060956661228063,2.0
-475.38342667510256,36.586571845296184,5.574707170389318,0.9861018499783373,0.6555606766017552,2.0
-80.58309139481183,-458.32271393768764,6.221828315225163,0.9885314463177001,0.6556048585687376,2.0
205.97306316164122,-426.0554266220854,7.848288460496596,0.9880590333845711,0.6646884568362323,2.0
196.1077941770595,-436.50465488243185,7.036162295059145,0.9793878073276754,0.5374286670629844,2.0
-445.73475460067056,79.56302593256557,5.778776436268143,0.9818217765267322,0.5628182010553096,2.0
-69.04087598905204,-454.91512264267857,6.208515998924567,0.9734064516247796,0.5481355008405714,2.0
354.496001298913,312.1580017367794,6.095509333105361,0.9902833306539752,0.6388241904845253,2.0
289.626534152112,329.11039238349997,6.306412553030826,0.9857770384391871,0.6389430094569462,2.0
-115.71338056561689,-443.2189186722664,6.333916702935652,0.9780936318083462,0.5354856868217969,2.0
260.1572600207838,382.04504492317903,6.527923387913567,0.9851954900023026,0.6233754950100702,2.0
-452.56848388053373,97.38918956467948,6.177284995323897,0.9848293106768429,0.6815034852471793,2.0
431.8701029552991,164.23967522629536,5.714266269702817,0.9860798521085692,0.6370733620371891,2.0
-130.54345469389298,-423.36566494300826,6.136167662526591,0.9831849026478342,0.5695880373420101,2.0
-322.4555539218438,-324.2504514778881,5.758236637483898,0.980405104561267,0.5857375639005398,2.0
360.9558150184873,251.89719704699257,6.552900867591,0.977052278973779,0.5254397935166675,2.0
431.72798842383804,-81.6497585230726,5.8699431214970215,0.9768150299232857,0.5675006266737345,2.0
-474.5499587893867,16.154331428257716,4.74102423579396,0.9835361596882839,0.6126907581270262,2.0
-438.69788405264444,-63.17596487920556,5.8912236145004275,0.9765320432264256,0.5611047623616473,2.0
277.09121422287336,391.52607368493244,6.005401743688234,0.9747180595649813,0.5982009436259987,2.0
86.54860985297653,-466.65515721008325,5.310999122113149,0.9489552283384051,0.5145631819350245,2.0
-87.36019561245999,-448.81652143221095,5.827611173227009,0.9835035502507085,0.6278803327392134,2.0
-140.14993426567207,-456.869929260695,4.44505491832058,0.9795128883544163,0.5928674839042263,2.0
25.34789333849131,-517.6756502889401,6.189763230758724,0.9724598772313463,0.47379702438020993,2.0
-426.9187816456914,196.56772999683048,4.766083545338565,0.9629638846579422,0.501093269227409,2.0
441.7985679534571,-177.74355761178268,6.099927527496026,0.9867192030996568,0.7166832558931334,2.0
-438.9881459810643,102.19229190997102,6.061846603543684,0.9810728317281749,0.6459141473540184,2.0
-258.4744251627208,337.0976335370865,5.52019257273068,0.9724895455457139,0.5424938101179496,2.0
-462.1011095202305,69.25715193411597,5.594052772225398,0.990570767439379,0.6964847994874572,2.0
-376.4319903837389,144.8905752128281,5.361672104861873,0.9772229636809266,0.6239451559651928,2.0
-411.05760180259216,-203.93145511161453,5.1204031111351895,0.9786459910016574,0.5808614945118923,2.0
467.8002911340515,42.61153146629177,6.378799468654918,0.9805131325052361,0.5347023029035111,2.0
235.851416148215,-385.3812566386581,6.347278928092771,0.9837478071560286,0.5764932024078363,2.0
367.7103122810846,-262.70201929955135,5.2194533253033955,0.9827956741972924,0.614239991725813,2.0
459.41771299603477,-50.84880140972146,5.63943926788006,0.9738212002356461,0.5448937844098878,2.0
32.11418086183245,-444.08130151904044,6.3698357630428175,0.9863834597234638,0.6841667955038401,2.0
326.4383474181721,333.45508333183375,6.304837132918108,0.9876976033977336,0.6465070896237122,2.0
439.87420928424956,-141.37822740527668,6.541764379349561,0.9768479500649008,0.5094027572885317,2.0
453.3586116461676,-159.7389257320051,5.467303609231739,0.9761391524183044,0.5569305613935253,2.0
-353.63672267087685,-192.18578114102968,5.652506134892106,0.9901542497014968,0.7264757427185633,2.0
-478.6164920641364,56.788318305084346,6.388870341446988,0.9889676616219507,0.6782280386065422,2.0
343.82361746769254,-333.3451992482899,5.153043210560772,0.9857041502196725,0.6759640595001162,2.0
267.5348875713272,-378.7987565883878,6.849116144866574,0.9800210057110058,0.586442637649416,2.0
-116.97210819159316,-408.1333004842853,4.5076367731384455,0.9763740676832716,0.5709760893531345,2.0
208.72287474283607,-401.84721771762935,5.284841607303856,0.9907561828674544,0.7252407264006789,2.0
-463.68716619633466,-58.277630183942,6.197373624883582,0.983046414264406,0.6288859427701246,2.0
-60.11545994835065,475.92454288121564,5.391198840953778,0.9767373000775111,0.5614343977504872,2.0
281.1845701671731,368.1731705723001,6.216934178450078,0.9789667176082449,0.5402991681543958,2.0
426.08270667551784,-162.01804937603941,4.732157568857166,0.9766759696559361,0.6222990511069914,2.0
23.087112381154885,-435.9987980338688,5.607910211205706,0.981241821406153,0.7168078323282185,2.0
429.1535010293544,63.862312901461685,5.723828317729408,0.9728804519000088,0.5545003747965581,2.0
-197.98643609875532,-382.3244389777169,5.368799710638174,0.9827505159232639,0.6708011756320831,2.0
-123.33684117326027,415.8997217637835,5.208763868326115,0.963930118038342,0.503480560628842,2.0
397.9950467394106,101.43517217604223,5.113206658019497,0.9737842847840368,0.6138330384267567,2.0
-285.2436751053521,347.3617317502474,5.328187582245716,0.9789278921392606,0.6417585927018825,2.0
332.00053665070425,322.64419359588624,6.241613354779219,0.9831907181037445,0.6109085920338069,2.0
454.1948978521998,138.52535528242092,7.50653148022305,0.9836871581038872,0.5750013358611541,2.0
-245.27620279784776,-382.1432234181613,5.401434655264978,0.9641702614847704,0.49307908749341334,2.0
-316.97371921614945,294.7740063440209,5.816777508311584,0.9831965040519083,0.5600861988917054,2.0
-467.1061053024846,-80.49965751801491,6.182926749023048,0.9839344248749391,0.6652620558888057,2.0
-199.13358039191974,433.5217093602636,5.464683944165353,0.989662777153041,0.6829026954420401,2.0
-414.10184615634154,159.44973845046582,5.350184496047863,0.9828298974887992,0.5686288238065164,2.0
472.2479349604447,107.06800066808486,6.456024026406046,0.9835601406052118,0.5837780259359592,2.0
72.44430477003895,-439.27613926680795,3.986007769596388,0.9897061433454647,0.7158314818349869,2.0
309.3880881354804,379.2845717063163,4.957755238291033,0.9793888619527139,0.6424255286691787,2.0
-458.3135183243583,-26.050466993141438,4.901575701519258,0.9906951714095169,0.6817569366192838,2.0
24.104700637130186,478.1960958831995,5.607853207685944,0.9804650454639818,0.5921088316880986,2.0
269.48798481590916,403.2362357217166,7.298957627106432,0.9814397286996125,0.6568175777842004,2.0
154.8972967192934,-404.0310849681457,4.3331814576557,0.9812491146667633,0.6548834099897969,2.0
-431.882638656728,-149.5132547047776,5.442209450538735,0.9849061172899548,0.6290649125053605,2.0
453.09662451077025,-105.02413331705135,4.822191688250731,0.9830295355383706,0.6115572243754053,2.0
403.90579915258746,225.07302832916065,5.5711174797455865,0.9777745925440083,0.5676132550654317,2.0
-32.3493585750589,464.5703396350693,5.295864894753798,0.9843862866314858,0.6408961943900889,2.0
333.41278512930165,299.09642337201024,5.21566038057184,0.9844112938514417,0.7260791301075977,2.0
76.15888598879859,-466.6712958436978,5.951508286713128,0.96216043933489,0.5597408411369555,2.0
438.1188793816509,110.84396240864704,5.859983897115406,0.9796332391073838,0.6394533527849071,2.0
253.81576614649552,-397.71722418401333,6.774995704115532,0.9883471369780322,0.6984141617507463,2.0
212.6319058033368,397.78654979948067,5.31062205297962,0.9661478647614776,0.5171481583253796,2.0
158.09017906990636,-453.6670616094797,6.156466868908232,0.9762833946016981,0.5076524279036387,2.0
444.14065690743985,148.18217501296692,6.838581776762275,0.9896948804388253,0.6659701336933981,2.0
432.98153977371265,-185.9428811239332,6.522967188652143,0.9817516256603309,0.6571691828842764,2.0
-461.0051003709519,89.67992105174527,5.482409169927464,0.9899674017961914,0.6720458764639984,2.0
-348.0550816814521,157.56756998641484,4.273354622470938,0.9739513295073646,0.6163369352539876,2.0
18.629046671132244,-458.1394669311912,5.819176117833772,0.9687620740855739,0.5256301494270452,2.0
-400.70960401905427,-254.50032751392845,6.2401821312449925,0.9806649698139231,0.5904823588427693,2.0
-457.9767193407805,9.901484927987102,5.271497912934063,0.9778895181344665,0.568705555064343,2.0
54.49164747547994,466.7704132496511,5.8035649254378,0.9831918835661131,0.5811480160768308,2.0
332.7827028335816,-331.04027280404364,6.4513317897064875,0.9754525048587624,0.5125482640276561,2.0
195.47494933426967,-447.28932696472924,4.337488309668712,0.9565505119502418,0.537551281003556,2.0
-409.2438145179925,-213.37865089285245,4.068673293386281,0.9773997638038295,0.629526300778552,2.0
-179.36656419199193,419.6882555274242,6.422393178121189,0.9820165622515985,0.6055287814755893,2.0
-165.76132223125396,452.4183578277513,7.040853595231935,0.988856991995466,0.6547464356864724,2.0
-173.6640186081747,-400.08282290643467,4.96049305577263,0.9784794467559437,0.5828608565193074,2.0
-409.1012359173644,236.32897744758773,7.231525302937778,0.9912764410083894,0.6896845807836718,2.0
430.2585410278551,197.3852154445965,5.879323448408069,0.9731880400613473,0.49172424616495986,2.0
62.847127832488574,-503.38784610027176,6.539957998697029,0.9827320731853589,0.565019341723355,2.0
-401.08674069709946,-207.97817504741198,6.069066246477776,0.9755079908345655,0.5043075020749532,2.0
93.16865377049987,454.60077089368815,5.003045539495247,0.9803793083165475,0.5849065680181542,2.0
-246.10487692608936,375.84707804796614,4.9466419893870786,0.966565438668895,0.5050834212557201,2.0
-244.8881980039183,-355.1337538618198,6.077054107065382,0.9805437556218592,0.6429129040885532,2.0
-170.742299139667,411.90288424206364,5.662106496205767,0.9853705679325745,0.6477093394168922,2.0
-458.6434918845172,-122.77582853716736,6.255267413380987,0.9737122292328543,0.4836501417055576,2.0
404.2552811008661,236.20360878521905,5.107923797921728,0.9814726290126682,0.6483413283490209,2.0
-139.67574775356402,467.68376834475424,5.8258992334455915,0.9818298473395258,0.5520931634000478,2.0
-381.79989146425396,-252.74591328367345,5.205563775620479,0.9640776544809415,0.49297693939913123,2.0
-312.9047553659972,-301.9536408867237,5.948468635614044,0.9850311691447982,0.6527683770212448,2.0
-156.35639071218066,432.9035869644866,5.56740071776588,0.9909335712944255,0.6565957910126062,2.0
440.89716494261734,-204.18844389525594,5.122458382813844,0.9902753301719814,0.723935657524546,2.0
-433.8653649353344,-161.32651095730577,6.844778959694625,0.9890758199108446,0.6260993031026472,2.0
-270.80605006966385,-375.73128895047665,5.803279013348306,0.9785531186773344,0.5809780944179418,2.0
447.1348061904993,-33.57228037569858,4.577885851328557,0.9628202199568392,0.49606474225333513,2.0
-426.8194232462177,-179.08907541205454,5.509187879847697,0.9843224390040617,0.6924800509673161,2.0
-350.28316448166555,266.3304913103603,5.9135379977808356,0.9790726705596428,0.5760950204192382,2.0
-330.0450287580285,316.68872301319107,7.962747719274361,0.9871990943491881,0.5998352253061937,2.0
-201.09884362682135,-420.10326234732764,6.566109694129568,0.9796973066174623,0.5258057199556962,2.0
-339.0657514611151,279.26943496841915,4.738755044642542,0.9795364859753785,0.5828331099090046,2.0
-376.0394152618133,-273.16290245195717,4.36048188313574,0.9715326904237318,0.546839570850296,2.0
-484.3760524504677,-3.769268301831918,5.942625657008462,0.9819775245649941,0.5958150098391599,2.0
-72.85825028655896,450.72218055620704,5.358930840472259,0.9804114760241527,0.5955391884990227,2.0
-480.6380948410026,170.70794773315933,6.890929592529408,0.9826398522796016,0.6262498383835652,2.0
413.62647884678057,-233.12142446081396,5.470892661580765,0.97339219802719,0.5476052789639209,2.0
58.201338108152186,-455.45309330699956,5.880491994111202,0.9734536475590245,0.49287530670837976,2.0
339.9667481324245,333.446896564044,7.618131322272858,0.9879407977582402,0.5617947140184381,2.0
-439.62055300749665,-196.02396642642353,5.20684567859324,0.9843511247696562,0.6616318190810335,2.0
-53.73340691833921,462.80924843089053,5.769988937072767,0.9912305743078327,0.7247268008637361,2.0
-413.4210075347564,66.4181516153643,4.477155451328671,0.9805121233907462,0.6538875584189717,2.0
-117.43851599979256,436.88094680555224,5.459770760349173,0.9887317902865178,0.7192446807795487,2.0
-426.95678599924406,178.02878007180146,5.6895803260673175,0.9766514579804787,0.5669593626727015,2.0
-455.00173045227524,-111.60992498605889,5.964996085117881,0.972841237789136,0.5557140793916809,2.0
-357.98211992883995,-297.0579439828802,6.4301155672689125,0.9813068851452881,0.5535866880334137,2.0
128.74847117779552,411.03391762520744,5.3245031501436095,0.9641831561872016,0.43975349002451414,2.0
-122.60648271493434,-432.9196994505066,6.49333830867971,0.9859388867792808,0.6366624663874509,2.0
-46.454376375324706,-450.1579945870427,6.1666000294116765,0.9752040420832074,0.5046020474226813,2.0
50.81135261177777,431.22202633049807,5.10549853508388,0.988148929142936,0.6935130040337262,2.0
-115.7850490586801,447.13849380769057,5.350264244503852,0.9752300971060199,0.5553924587767687,2.0
444.6049325496914,-2.7023205939756663,5.249857890279402,0.979520414388137,0.6381430139575136,2.0
312.72600036632434,-334.01318779648517,5.021133069681891,0.9854768297726276,0.6860437939031214,2.0
-360.3284018279524,234.44877042778157,6.22690040788271,0.9896952958022321,0.7096723022996517,2.0
425.4614850809084,240.17478119960188,4.738668440534342,0.9768664680993198,0.6398275668932484,2.0
-108.30582664829008,497.6650573909591,5.492418913854238,0.9845718355979691,0.6236051657958586,2.0
378.86940859533786,263.75924344129015,7.355390057185986,0.9936264478441199,0.7193527524990465,2.0
456.8471571371576,-60.31153604624488,4.65367398053729,0.9699076290779503,0.5338281012976829,2.0
240.8835540172539,-400.0512727529225,6.7173859261314846,0.9867418451107394,0.591517092207695,2.0
123.68289679483138,459.3754110922981,5.873368770710703,0.9765666312458459,0.5606670035789093,2.0
-340.112843422349,-308.18062781487396,5.71474980374769,0.9923907131899375,0.7047971380905292,2.0
455.0552552889748,89.12520971630461,3.2623974818717763,0.9405662377454397,0.4885478860669445,2.0
370.8979948839309,172.4159458536911,4.283450679387037,0.9810949064553279,0.5937292583236187,2.0
-326.71861687586784,291.1925826086767,4.970207864478054,0.9854214902453667,0.6797837446237687,2.0
474.19540059301676,5.311229186600267,5.516702673912131,0.9733002921236994,0.606041564310595,2.0
-443.18162787540706,40.14240267974238,5.6144009329559355,0.9826144715790407,0.6126056278383064,2.0
-14.192042854009195,462.1098889903133,4.927828102245591,0.9928674689685311,0.6841247597082993,2.0
-432.7273739837432,-106.10836040468361,4.704237966866899,0.95297379988161,0.449557723484633,2.0
-226.9050066482183,397.7205367430036,6.8472213933789545,0.9900302322580927,0.6825556963496124,2.0
153.3326709180586,-464.28846231646054,5.715767682663961,0.9915907467534948,0.6855235070857597,2.0
-453.67605056689877,0.4206383870697924,5.583089481555958,0.9667483052339684,0.50960448257237,2.0
59.010127998385435,424.8812157003607,5.317570347383927,0.9840341895376868,0.6923849251288138,2.0
-277.29974348580356,376.5265009777634,5.809100269796533,0.9752878812151751,0.5586554338185554,2.0
-267.75237587322425,334.01246853701895,4.745983664584019,0.9662929499517451,0.5131647162518505,2.0
-87.43645581718843,-418.952204865953,4.55685461208802,0.9714798800368233,0.5974489183894697,2.0
-351.18977237239915,-306.44656302796733,5.701788680821207,0.9669842484882736,0.5447150804425028,2.0
-250.66979319579312,383.96423820981136,4.785206907630035,0.9715944694143209,0.5297948593192477,2.0
375.2305233558848,-284.0622097442435,5.068769089485062,0.987348427828027,0.6583576158501057,2.0
-372.6329999206164,242.31972185992458,5.350485487384492,0.9784517089066403,0.6307239887698292,2.0
-452.04948455189674,87.07294737897054,4.106852620417928,0.98478674409059,0.6872642187426645,2.0
466.3659195446851,-20.547269124429125,5.221923259983599,0.9820430820093139,0.6557692664148246,2.0
402.86130422581533,-265.55572060005875,6.075661706553772,0.9778392385365717,0.5180419350118557,2.0
402.3019526228455,-276.6657002510208,5.475283459123782,0.9750877595177534,0.5488115557024056,2.0
315.14203684877,339.01315081385474,6.523498234786177,0.9739614111932852,0.493956844963803,2.0
-487.10084851727254,34.194339240984,6.813772800421551,0.9838378292017551,0.5640066739189561,2.0
355.190689588434,-278.422160026914,4.708438822532557,0.963147995096171,0.4898729151421834,2.0
447.1243096992844,103.0361757848944,6.610108609775076,0.9738894357852741,0.4986437423481056,2.0
478.26973683058856,-100.92896602915054,6.821057180071842,0.9774806856950182,0.626176273362227,2.0
-11.183529629077695,483.2820845409017,4.815937020543913,0.978690739264454,0.5739241560496017,2.0
183.30489204562585,464.1049331786059,6.3509758597611485,0.9805655736097375,0.6032821982416383,2.0
7.915808265692711,-461.6084652714816,6.167418944493776,0.9765049437198228,0.5269800408000365,2.0
-295.97526785022615,-319.5188962857803,5.518290572529485,0.9719230872096879,0.5373131831516753,2.0
-101.63775332521085,-433.7998729699615,3.991965145367648,0.9797933277289859,0.6577902708926878,2.0
497.0230729289289,-88.03957975500649,5.885473180609285,0.969140780397599,0.5202202994112958,2.0
-211.08930089294216,417.7692922045468,5.535641641619279,0.9797903158661847,0.5552814046720348,2.0
-456.6287738877012,78.88573040316585,5.513168789163271,0.9828601790810629,0.6449653998669713,2.0
156.58343391381044,414.94568909335834,6.1715675442306495,0.980995189551484,0.543417637624055,2.0
-7.949668153046355,500.97115495485974,6.165347029336161,0.9809136566404419,0.5481813705239187,2.0
363.48831268422873,-318.7724128793227,6.748605473798583,0.9864410625567499,0.6329801122510349,2.0
482.47510911658765,-85.75924077954893,6.513938377430628,0.9870170034158502,0.6896250352527042,2.0
9.317979178364226,-450.1267344431916,5.782251011280321,0.9837934122354276,0.6300953547927532,2.0
455.27680672640685,45.33741342975219,6.7928722700569955,0.9817726061209224,0.5471599037669896,2.0
333.526915180571,-309.9770526510195,5.300083981307005,0.9638617048225123,0.5011972056918733,2.0
335.5685827912692,-354.91293517300255,5.988628190383583,0.9762200876761635,0.6189755182448157,2.0
-185.55106153832068,-433.6714439449249,6.267615244640353,0.9748267040201128,0.5048472608838462,2.0
-444.5697793436174,60.54834522785258,5.203246558684588,0.9848612393911252,0.6234832278257222,2.0
156.47503700630864,431.1631260424484,4.6384777868754945,0.9726752193804149,0.6030702937907783,2.0
-419.93720443568003,-231.67478865007274,5.1804306994403735,0.9794940086181416,0.5872071394764672,2.0
190.62841448287816,-359.3653167638223,5.3233096481264734,0.9679523756027526,0.5906416523024571,2.0
310.2011307874679,321.95796662679294,4.831905565572335,0.977606292313504,0.6315574809278225,2.0
-379.149237458599,328.9133312607932,5.000920767680364,0.9807151732565632,0.6061001266119855,2.0
-100.40987267431645,421.84259146028256,5.816862532258433,0.9736921258270301,0.5453769731351494,2.0
142.30487898629985,-437.37106244359336,5.582038710402062,0.9888480831806241,0.6910327328233992,2.0
333.10131315661386,344.09550733485514,5.304425238711278,0.9857477427962972,0.6568098562231224,2.0
-399.74914069835864,226.14343851853118,7.038472230169453,0.9874742555685355,0.6414877688140711,2.0
476.6849429910492,-142.69303716268772,6.733413529888116,0.9909403837462716,0.6935737249258314,2.0
17.58582285945048,469.604113074157,5.669142168496977,0.981418595398514,0.6479491993704143,2.0
-296.9046990064866,349.9085148305216,6.996562368525473,0.9823637115677387,0.6321209201574058,2.0
-119.25377881740422,467.5364777982378,6.200134076508801,0.9834081896106301,0.6612357241204535,2.0
229.3300111566898,389.2910650845979,5.629544732505376,0.9856706080345673,0.6557981123540155,2.0
237.4674447729897,-374.83468921916585,4.488982564937636,0.9805996580702204,0.5929889373282395,2.0
-411.4337094892994,-194.51494537610853,4.561470306790867,0.9768081286876674,0.5625879859410646,2.0
-407.00579330908334,-184.99425157700892,6.227208015026273,0.9849607170374203,0.6287100847841348,2.0
-474.36130550013996,-0.68699592007095,5.050388673325719,0.97288867287787,0.5454182094466885,2.0
247.9322937044097,384.4134108654983,6.238263961236464,0.9884600379084473,0.6314898074794352,2.0
-120.99299543786837,-456.2015970186065,7.880532166940196,0.9910474999482657,0.6366994300060327,2.0
231.83595295863256,-394.6329850610743,4.129289406514244,0.9737418731829152,0.6059163323356819,2.0
-232.1577016843019,-397.30766617690995,3.8192588723029326,0.9904299482561137,0.7190916397599767,2.0
466.0896933952334,-180.24404682423358,6.192437822721901,0.9883891927134836,0.6303548354735999,2.0
117.61639427279087,-447.2098114768005,6.293421742978479,0.9731526266043758,0.5489805594935515,2.0
-28.322750034051747,451.48316479275616,5.0229288279761475,0.9887906833098653,0.7060045986417313,2.0
-12.040945317771035,-463.42628701115524,5.618974118948819,0.9786293697045946,0.6372780346559878,2.0
-94.20942033005552,-440.1383593542258,5.599541688690128,0.9798794017659067,0.6394603209468911,2.0
287.71042704285884,-375.37890369078525,4.863473207688143,0.9813227894020294,0.6605474429902685,2.0
230.47271298294186,-421.8871959036859,5.791364988932219,0.9796648913167646,0.5250124918519345,2.0
-327.6102337789393,336.4588208103779,5.321953834294551,0.979025397395061,0.6430741941989181,2.0
288.9091902513511,389.07321200197134,6.4063561417097405,0.9868135681540089,0.6341982756205545,2.0
363.27299974807426,-298.3139771906257,5.714882565286989,0.9834672635784114,0.5743779825002638,2.0
392.7555370538099,-271.1748895859773,5.945752105367983,0.9771551116251443,0.5093296994519856,2.0
117.81614266527576,-470.353976925991,6.071891500636112,0.9674173113300323,0.5126418818769926,2.0
-479.37055940723485,-120.68895537572885,7.034320829318145,0.9832004659374088,0.5564232012818504,2.0
-352.4502092921614,294.80363172559674,6.241948619870393,0.9837103903644717,0.5672044761912046,2.0
85.16459629567724,443.3057666713274,6.15543800894699,0.9841120630787192,0.6688768971089796,2.0
-437.442472566627,178.41393919620091,5.265071243096563,0.9828613315957241,0.6155880486993527,2.0
-193.1292369930065,-409.37556485835404,7.14648095397557,0.9910595315798113,0.6445848739146768,2.0
-376.61159695027055,265.33543538122746,7.488650618148244,0.9874516067342067,0.6040873863392519,2.0
-467.54246440644255,-19.19099882080953,6.864643028109468,0.9843284875129277,0.5722411205741016,2.0
290.81281242522846,-336.1749640538084,5.339104133130287,0.9799638690912966,0.6510177829750414,2.0
245.7138819710009,-390.02426954268554,4.790393125411222,0.9785933624046822,0.6337679055035533,2.0
457.4449257325304,-97.00651296304507,4.697944809711726,0.9744259725660308,0.6798233512581097,2.0
463.73377913451003,171.45081068190888,7.449877059375259,0.9894596780080988,0.6207190940681887,2.0
-164.06786361257653,-399.02246104511613,4.860238362348466,0.9823313657054626,0.6042650584892904,2.0
11.961947448795181,460.8579207011996,5.249006287587623,0.9779296814939368,0.6299649433171917,2.0
-151.36694281701537,-445.67236771642195,5.169776697582122,0.9554882789946592,0.45652447809541424,2.0
-153.88620094608171,453.6167429641124,4.9359938143823845,0.9878137639799672,0.6648237949352814,2.0
462.13345315978387,-82.6507558748521,6.083911070669246,0.9761653741816263,0.555941456866303,2.0
463.4684210171852,-41.35303525053861,5.198135556814286,0.9670506620853901,0.5198948808277996,2.0
316.82485656759815,328.42854703725123,4.859600899919644,0.9692080213678821,0.5918929702676422,2.0
-411.11880217199007,-249.28476231145922,5.821215948552812,0.9780297389640524,0.596973947005242,2.0
385.48703782294956,231.5545567271953,4.657684858219237,0.9748564998769371,0.552348736056181,2.0
180.92140176220752,-455.9842966998096,5.969944677603882,0.9824626673911799,0.655812676082539,2.0
-236.52511370204425,392.7204689746665,4.414593720231382,0.977963410830352,0.6325309568094424,2.0
225.1225224503775,407.1767644227808,5.1476513719468056,0.9754781162857118,0.555300900036596,2.0
364.96199829727976,283.6167782869488,6.931570791468175,0.9815196258383172,0.6085101298734734,2.0
382.90670621636514,-241.73928030927,5.599047236530739,0.9762495163355334,0.6193872784800166,2.0
310.8549636860342,-354.52209695317316,6.121457729826391,0.9850944676462805,0.635321534211191,2.0
467.8086603187469,65.25348425843605,6.572389295544177,0.9908564069268733,0.6957385754218472,2.0
304.5504243207139,359.1819266810323,7.488979961999416,0.9863562803769795,0.5941317161491448,2.0
468.1640279920789,-59.050685003985194,6.890784472077342,0.983474632887067,0.5690317224738555,2.0
-384.8014591394005,245.1984034275669,5.928858020726579,0.9836144883532659,0.6627838138145964,2.0
404.09039674096107,29.949611575313366,4.631879033103629,0.9701735573185362,0.523653759899542,2.0
-471.94152903856093,145.0625870409607,6.31744150402998,0.9871443373696503,0.6391776918007729,2.0
-317.8224291057739,-313.4789441845165,5.548851289606439,0.9838881020586698,0.6688775661080841,2.0
-376.0015905393057,252.5666945387561,5.915572496967545,0.9719314059273952,0.5353171883429642,2.0
372.59610876560714,-247.55722916735982,4.064506668305442,0.990282106388362,0.7233809679887171,2.0
423.1203262272008,190.8465821335579,4.348246705749545,0.9586368025951979,0.5070594679400655,2.0
270.8465259879747,383.4659949107224,4.81793503834597,0.9528946240222717,0.44827410284522995,2.0
-47.151394341915555,-462.74549098078035,6.7025580777369465,0.9816466837120786,0.5488043839039718,2.0
334.06187738140096,-343.1998992562256,6.424174341060401,0.9766111017239983,0.5612606937430243,2.0
384.7222758609242,-288.1523029627658,5.485369392247855,0.9756856353731463,0.5646943553347339,2.0
220.90341842537833,212.35574231305424,4.5041151467984255,0.9816931443792524,0.7116445603456226,2.0
-136.55018079911483,430.55495817037445,4.7144477150006665,0.9717538650117199,0.6047215230010963,2.0
-219.80590917999052,-433.50756698676867,6.038473970303864,0.9798005173359845,0.5369552706346232,2.0
74.0351312154352,447.5224331250633,6.1416860214716005,0.9856474248552687,0.6297820016394102,2.0
345.79199168250466,305.27702415552346,5.352643854633802,0.9727785864900448,0.6060578209055351,2.0
-466.1488393524061,58.357034794493785,6.268626259315057,0.9858979634033739,0.5966230009325808,2.0
-258.9007141515887,380.02857850889944,4.7318997730173145,0.9822110331723561,0.6286340039699227,2.0
-140.07960799273394,-446.0161084120024,6.799766038134416,0.9798127339445597,0.5619418089760554,2.0
-302.6894459019917,-329.46872157866943,7.099753413290079,0.9725299900196335,0.47722762297727217,2.0
-257.87181970756285,362.8163895678051,4.790331711929842,0.9826630833093927,0.6326855945126711,2.0
-450.5972983796104,-44.88969157782178,5.574837819085295,0.9806379051559941,0.6574127186456975,2.0
463.94742817373543,86.25770615513801,6.603709630593836,0.9836464174647528,0.6105485448527948,2.0
500.3361947278215,9.069305069229872,5.880606299881272,0.9744351944375801,0.49084720160278433,2.0
-22.30006621600451,-493.89687332183524,7.799419844951379,0.9916832419838306,0.6923145874671811,2.0
117.3957392094787,448.54032626774443,7.028105203861075,0.9927503271029119,0.7155095171458691,2.0
59.29355693762502,476.7909863304467,5.380368042520379,0.9769482079684728,0.5915684605749439,2.0
219.24813463853963,-423.33225752877985,5.817370024441916,0.9897221966116331,0.63460116770501,2.0
-431.91182585075194,-116.2612099286219,6.065142105472703,0.9798406448020133,0.6122993486788294,2.0
48.67530555810155,-452.7481465688391,4.643137315198037,0.9615915244198452,0.507212652478157,2.0
-108.91580332010219,466.7676976073995,4.727511433392942,0.954192481005606,0.4529099817179092,2.0
-258.28290813037574,-409.83280996822316,6.230713870577771,0.989838074961834,0.665205170439002,2.0
-46.23209387113123,493.9248046116288,6.054032760917568,0.9881577755281362,0.7333872888764179,0.0
450.45752375024296,204.64123145978982,7.754713036474179,0.9856342668766743,0.543381487748926,2.0
-364.1012636044851,-309.3179814423477,7.683749129150874,0.9934279391353971,0.6864699923610927,2.0
370.0749079039776,-307.9402610923805,6.345851246228086,0.9789958505016462,0.5438206768416232,2.0
-472.4205933490035,-50.66450106306235,5.888327605666852,0.971391016686641,0.5364415718214575,2.0
443.1629590342901,215.41284007642795,5.511100855884212,0.9888029958955518,0.6104110848536478,2.0
-467.9231461932743,-160.79139682581848,6.622218137712445,0.9783047881941791,0.5194646011872084,2.0
189.65059563157985,392.3313664946588,5.681868784317363,0.9828117062118263,0.6110906556171903,2.0
352.3358437650417,-324.6176328059159,6.2000855013217135,0.9887963119118421,0.7038833910145258,2.0
203.09706028744975,432.82290621063447,5.925181635861888,0.9628912501968301,0.479447757298956,2.0
92.51649240910561,-419.0260166244399,4.954945122929178,0.9813646800867766,0.6540237613257177,2.0
454.99911316686524,-3.6112248515785703,5.177155800222373,0.9883618757842059,0.7005300499160021,2.0
-508.2707435887851,1.697130759551497,6.5277957515882035,0.9826446835642687,0.609002081022159,2.0
-37.033189925996574,455.95584200524155,5.017102426445163,0.9772652939096267,0.6384949836579746,2.0
-400.7396265731708,207.02709705331623,4.675411296991971,0.9770670694984344,0.567943032207603,2.0
-494.8102037043865,139.36695334387693,7.978351179982773,0.989126619704987,0.6152145044555802,2.0
-152.7920456624523,422.491964767117,5.687603178613736,0.9898242052849365,0.6836511808622185,2.0
-311.98365216801676,-322.1584663929979,5.409968722027917,0.9653789213217315,0.504062067157294,2.0
-325.1602551952896,302.721171344981,5.830741783959601,0.9933613154236681,0.7091306699163481,2.0
-35.434970688388475,-491.0326389066072,6.131841322388689,0.9734378505355172,0.5405821864563585,2.0
-337.2569291464553,-339.4264267776726,6.165256398053365,0.984475601313276,0.6166100066344158,2.0
381.74285253619246,-307.1801149596879,5.465752787839619,0.9909531444753942,0.681318266897498,2.0
-240.78046451355215,384.24657552219935,5.4463383088838135,0.9737716671877488,0.4837396765072088,2.0
-71.6434175517677,474.80557472514965,6.577354390545859,0.9816564769116557,0.6027727173569366,2.0
432.7028221160292,185.45948439230125,6.78115531823933,0.9894221162794209,0.6304067910111659,2.0
-296.93147099537214,-359.6676900867891,6.276250548224773,0.9816494560135463,0.6054412169008948,2.0
-221.00299620758014,412.4323989169875,6.19036428657994,0.9868332578092843,0.638624798151019,2.0
-342.63957855361105,312.0486289516528,6.160134998456131,0.9786945874227346,0.5633010329618422,2.0
205.0761622984313,405.1002030419682,5.616605604695006,0.9779309965642845,0.5170638412815213,2.0
255.97796650354994,-385.60632873553203,5.969179882505581,0.9868231570962128,0.6912046782660287,2.0
-245.68234130894007,413.95348932464594,5.971348492358495,0.9774813403178513,0.5751247087274624,2.0
255.6426493400241,393.17283522492824,5.844590999257891,0.9777332749064751,0.5651018606619111,2.0
-401.83587793317025,-219.0416767195662,5.452156162807237,0.9851821118228147,0.6387643722164454,2.0
205.94325720611926,382.5477348263103,5.250921440178385,0.9689695135963992,0.5232166469938438,2.0
-301.6570736549193,337.67569686902226,6.828567845341725,0.9700817132569821,0.47682952856846184,2.0
455.6506569807409,96.55529184242319,4.559586721261162,0.9784753458038429,0.6345888512406497,2.0
-471.1277179443758,47.22513803364471,6.278439068182951,0.9760687628281097,0.5006764195043899,2.0
-274.6898418189387,-343.5866871914175,5.814947311392802,0.9815214728736786,0.6382945060357447,2.0
245.86805090758943,398.16266365237965,5.623941304738387,0.9810724319955074,0.6077057677510843,2.0
-17.157855885134065,453.19397111422154,4.641318332730575,0.987388328674046,0.693785794491762,2.0
423.9499303414928,-237.079465916879,5.851825472562127,0.9841723014834528,0.6190822988315114,2.0
-206.99625667590024,401.42645414401017,4.7148818729487045,0.9905520753808429,0.6909882455218711,2.0
91.38371145436305,-478.8799033098313,8.48168262491098,0.9869280595290072,0.6259760193808939,2.0
-240.52582419358188,341.7889253175851,4.634037491829659,0.9743973637162365,0.5480878824135024,2.0
-188.57509687906162,438.76516262823975,6.658568969014353,0.9735395245855758,0.4857134918800205,2.0
47.96338375073274,457.223337525051,6.157037699658222,0.9815150535676784,0.6144311581483247,2.0
-333.592709169237,297.2916288852695,4.455614925539875,0.9836348941465825,0.6073566162278813,2.0
-455.8724243411706,107.0546872960375,4.425692560907928,0.9756729408345177,0.5557140393985146,2.0
-360.80737507460606,299.06757468373,3.457810066767432,0.9789062813066647,0.6434939858390631,2.0
-429.96149193564185,-190.961186071286,6.0335853467070475,0.9851016921434468,0.6277351923896033,2.0
478.99074576053823,-63.07660999931324,5.0559550130428335,0.9728779844927004,0.5433251575249236,2.0
-104.60569471542638,-425.8348784896189,4.768609554008408,0.9889253622567339,0.7073137636411907,2.0
-342.718290876445,300.64307219047134,5.5278982852076535,0.9889448825248393,0.6785398047489513,2.0
267.5891614118035,469.5881936666461,5.321968234328709,0.9501636961576208,0.4408858654655103,2.0
296.44186922754403,309.45734068490026,4.934369789005062,0.9790461598907387,0.5804468240313714,2.0
-480.82025891675926,75.9438731308033,5.8545575036188815,0.9736571900862213,0.5090626321764536,2.0
-419.5831413377903,-211.5721017298072,6.788883616571613,0.9813413789712895,0.5396454695151996,2.0
-443.290586636544,141.79097843068385,4.675265777309076,0.9786504109035666,0.5842695691923541,2.0
-177.21512886287883,445.2151220375192,6.980549396089274,0.9784087459507068,0.5191138700892083,2.0
-352.55289509834745,-287.23584296502173,5.111408377342521,0.9749813090655399,0.6135243680350467,2.0
158.47967680332462,-413.27951344713773,5.917010353830357,0.9823239084910121,0.6065917494944243,2.0
174.65976667312788,-372.0300594200584,5.019690052810794,0.9868141036311553,0.691639639095948,2.0
443.3427490688134,64.42107614110677,4.915298618121133,0.9721244947353699,0.538894182034498,2.0
15.8657077523468,483.63024705081693,4.606700137414975,0.975821965774987,0.5633733545850164,2.0
193.28220978813908,429.3163201133404,5.0768691554313925,0.9727583787858815,0.5499001981229311,2.0
292.2613281261625,363.7896093978804,6.063113556147812,0.9813858937893725,0.6050349119179625,2.0
468.01955026893506,31.85723405007151,4.663558121065257,0.9760778238559193,0.6204694654423497,2.0
444.09047919118575,-153.07361061197693,6.43714713455771,0.9837383100650574,0.6241043741154203,2.0
171.91214836599357,403.1103496075797,5.271229786359687,0.9872202348271981,0.6413566228009784,2.0
-213.3311787733543,-391.43350094447874,5.22513361284684,0.9808373538048413,0.6143437460192304,2.0
449.0884432171949,127.41770508163985,5.443220678140663,0.9601148568454757,0.48609771533857477,2.0
182.30255325638484,-466.9747184387532,5.603719834611071,0.9761044307090315,0.5578062297982507,2.0
165.37345996797154,436.6234162065246,6.325501117839932,0.9732491712153992,0.4973118223526309,2.0
476.47929492252496,58.73431404297072,4.71443410387273,0.9685340230338593,0.5576786339282335,2.0
290.1811226110857,374.5376889904683,5.2884431944536,0.9769193097345903,0.5666306038248662,2.0
-461.72319141964635,-46.38029548889612,6.260694653534504,0.9765384775526368,0.5094382673327944,2.0
-179.99619513572026,-412.9942143573291,6.592666096553771,0.9826714757494677,0.6190408828020497,2.0
248.96595618574753,-411.46460720695904,7.702499913350098,0.9908860085251305,0.6839663248039974,2.0
428.6826202065552,-63.02165055076201,4.909006228562807,0.974777289894689,0.5601471977753857,2.0
341.20411362855003,-323.6310777476822,5.234990626617619,0.9740088142442302,0.5635165585915404,2.0
457.8721541951705,12.139120952098947,4.687509017088245,0.9737710029552769,0.6052369395943821,2.0
-431.57138937729775,-211.85696502271114,5.716968989919933,0.9817489473804192,0.6579518260729209,2.0
-488.6880692089616,-22.900553412091437,5.335750426938724,0.9867496135922318,0.7001124785936126,2.0
-516.9224950764832,-172.67041882837205,6.163344075203314,0.9856725948534841,0.7233904855205592,2.0
283.75757670957074,-364.9276853171141,6.026159644962521,0.9837392130500613,0.6667365654116352,2.0
-180.09667069300139,-443.9793692765201,5.625682449138754,0.9857615609905298,0.6935961866116421,2.0
-293.28959842541997,-349.25637113099384,5.324990507299936,0.9646827776857326,0.4953309459673278,2.0
452.71645777935595,-88.5336325552496,5.58593052231921,0.9656339175112316,0.49857898422930186,2.0
446.27762187060375,73.09676260984993,4.714517365715134,0.9693763951553562,0.524622002982303,2.0
316.39799689217017,359.90111351647334,4.609843083753381,0.9701965760086987,0.5268901632678137,2.0
401.37647466049555,246.83799039651848,6.293852229191539,0.985892942791514,0.6816353082370549,2.0
208.27430520233762,-441.97836466277846,6.848478287762175,0.9870922225905537,0.6931142308443935,2.0
9.394708722273915,476.51069789652706,5.472537922165912,0.9784657447888573,0.5718073713961681,2.0
129.85334645361075,-466.9316888237936,7.057182075074648,0.9839175802949903,0.6158295730927413,2.0
371.88835403326044,253.9859191910971,4.9258944040315,0.9862321541619138,0.6833092113523758,2.0
-471.77364170777537,-91.77984071685808,6.661448256141634,0.9725557892127203,0.5472617272472166,2.0
-390.70605749430445,-247.04858961717474,5.823330077654433,0.984902609918587,0.6749890290032593,2.0
-330.95668332568846,367.0578795226621,5.756061413491664,0.9858226569837807,0.6307643077797384,2.0
184.95282182466138,435.3580258425412,5.749230841330317,0.9753237504677381,0.5342643239715806,2.0
-57.20748440084526,-455.236281893764,6.357009706666721,0.9695134541444818,0.5201135292841561,2.0
-355.2510831581774,283.9544990942409,5.46168364225006,0.9751934083848267,0.5216264018779528,2.0
452.0730370343439,81.13702720063016,5.664639069580352,0.9874056654663579,0.6500966209959688,2.0
-396.70946170869456,-174.1492458063594,4.47945302618548,0.9718130580882886,0.5409413879681985,2.0
-343.4014205939804,324.67720651013326,6.556941059821103,0.9908480080010578,0.6997474702486389,2.0
-205.85265036334462,-398.60244879214343,5.531696325474643,0.9751676443461046,0.5627499198444015,2.0
350.7094393878848,-351.7153164779035,3.9524646361161655,0.9789738732967624,0.633289602933723,2.0
44.71098045119186,466.9265305732684,4.197133040190292,0.9856903935513938,0.6297014418933268,2.0
305.38762428794706,311.4199514336465,4.431369933246039,0.9881714772255309,0.6964582184190706,2.0
-403.6513805844577,-230.1173616614431,6.228326713190399,0.9840396354686833,0.6257760324083366,2.0
-248.9377544152859,-422.88124608244425,5.698254978378297,0.9732773832675717,0.552859899010662,2.0
-231.76500073334253,442.6000460146994,5.940995371767509,0.9880792399015467,0.6758484272624855,2.0
-78.0739771529852,487.8253271385979,6.100629488258299,0.9808444544535434,0.5990474552389128,2.0
378.78782256800895,280.59385252655375,6.932974607610687,0.9844365013775642,0.6936537799570512,2.0
-412.2671112778264,-165.30953689056594,5.943708227712844,0.983417360524769,0.6515215874963574,2.0
433.8279982681058,255.5692193549275,4.769358422757653,0.9707719332769984,0.5260529865456602,2.0
-160.9858919715517,-451.5058233974034,6.605601174209305,0.9887425928006298,0.6813935085695784,2.0
289.9775680456166,-406.0036730497181,4.741859464635732,0.9863837387512848,0.6315071858259184,2.0
431.42476625624346,-210.5925598990524,6.43957475977112,0.9799492825252586,0.6098677853090348,2.0
40.63791852719474,-480.51993094015654,6.651515127593015,0.9828076540003475,0.6126936631770669,2.0
-413.29904375631037,-222.677416817753,6.342671973172109,0.9896829785017411,0.6747864677548786,2.0
-196.4397433813088,-430.6976110287815,5.517248553560935,0.9814703896435362,0.6575585385232575,2.0
455.9111994340061,150.80981509024065,5.5823073686976,0.9671663205038138,0.5827887997789908,2.0
55.29441979944636,-494.31888098995745,5.836061659862055,0.9746677763559186,0.5505470108139452,2.0
411.294657229125,-296.2176817106579,5.977329287385956,0.9892343485559494,0.6820452109813223,2.0
-180.2560900402566,396.27260478906396,4.250105648833468,0.9815733354075499,0.6109742825022173,2.0
-363.65899117791344,-286.10172123089296,6.474344144873016,0.9795628239455054,0.5365667438419374,2.0
-58.07713967563189,495.8819499001629,6.521170867154395,0.9737384705618003,0.5074466228677675,2.0
284.5687345824735,402.9383221736387,8.481521342888103,0.9780514306082255,0.5182457751465196,2.0
-431.6099993531303,-233.6094506287935,6.824206715319214,0.98385768274803,0.6312422959559052,2.0
-91.48394804013994,-458.6212448196077,4.887025489047844,0.9892325478467939,0.679812098898041,2.0
458.20545183682896,105.45817748439295,5.005982014935158,0.9871500844126063,0.6461818677806016,2.0
473.1518241965558,-12.862382269770597,5.418621740073251,0.9805361215669703,0.5420744480094764,2.0
-469.9634642869263,177.38689053037845,6.355281463277367,0.9729895521565205,0.49191940920517196,2.0
-276.9807414804466,353.7985973961034,5.69363083336986,0.9694624438115131,0.5204814112007144,2.0
-136.04052055917484,-400.1266694352883,5.6580008730088425,0.987538398520469,0.6541062953404767,2.0
-211.939360902591,408.40155515006325,4.0418218127612295,0.9798899895699528,0.5867284075780562,2.0
311.41000022264944,397.5860164062158,5.454380370603556,0.9650880409865114,0.4991580858888671,2.0
-483.2573477382161,-65.34999864461973,5.412901972802524,0.9848071080478146,0.6277389512172716,2.0
387.68411812076755,-298.28734745538316,5.459818592417229,0.9785891310548832,0.580587853709742,2.0
-305.8476207509719,358.0982219758449,5.687387662557936,0.9811479878836772,0.6021982847613463,2.0
-35.92139370253298,-469.1298822520453,6.447756241571153,0.9901837901466389,0.6267768042698986,2.0
-450.04725455191357,157.1069178850238,5.723209675470616,0.9833756466965013,0.7262534530046165,2.0
203.04790560073553,-452.97147315719633,5.703742687774693,0.9663495705657955,0.5111550956628387,2.0
456.8044817371593,-18.146779372994366,4.943217943878394,0.9744810001992595,0.5475638991788991,2.0
433.19739164653475,143.33834762245763,5.477516071285916,0.9806476527328715,0.5903290237586393,2.0
-183.48025707533418,489.98730421192533,6.41420532284719,0.9768981685191237,0.5674418212667648,2.0
-456.2533123626854,-162.23237193768566,5.4963789540042765,0.9798341405060272,0.5279113921418633,2.0
451.3445198604721,115.52762427976452,7.304739783609459,0.9855963454087086,0.650143922364497,2.0
222.80341016151118,397.49945885015575,5.114840230375426,0.9869702360127641,0.6371493957764336,2.0
-269.8163943043289,-407.56786344732416,5.777647697195398,0.979691885174761,0.5869050703956702,2.0
479.2574989502452,47.73310215568114,6.674458415894838,0.9866098450904149,0.6220308979216862,2.0
-100.3404388977277,451.20662750725006,6.024695027755355,0.980831098113743,0.5882484619705459,2.0
26.959669989900423,465.3049330294601,5.035239653054182,0.9832981573723109,0.6605935133635201,2.0
-368.625840955723,-337.085676004284,7.484183195766683,0.9853577060184983,0.6153024048165705,2.0
-483.7561563346991,15.460340186590116,4.728763831109543,0.9833788540048239,0.6631494767077332,2.0
355.0982312771778,322.24895527677563,4.299193384649614,0.9721000591434258,0.5366533827334359,2.0
-468.7577620779107,28.744812177865313,5.050443902179683,0.9755361185116477,0.5534656212376019,2.0
6.878848213429993,-484.54496199100794,5.325881849436667,0.9723168490285868,0.5399739664610707,2.0
27.566419753666285,-464.56213876541364,5.443809631051234,0.9934080587052517,0.7263797102057121,2.0
-410.5479976885872,-261.1176215086493,6.084002645397499,0.9812425283818373,0.6170951315877033,2.0
-380.28614716179095,235.79281661959686,5.084840002737872,0.9730604983404899,0.5473237335926602,2.0
-289.6215577951846,337.688417523416,5.813871306830381,0.9745379175958802,0.5546605941062418,2.0
97.59822737449537,-464.75536074369757,6.767136826062272,0.9735389088973541,0.5479266773701795,2.0
-108.69709179064424,-451.8851664728697,5.221699793204829,0.9825356404938481,0.6187770666010975,2.0
-166.73219364319652,437.9141601211909,6.26756217671687,0.9822401506395242,0.5983260989537156,2.0
-482.5269557954199,-54.83348550798334,5.536459783324221,0.9836971231858531,0.6289270767331021,2.0
-197.33515054370312,-245.20193371283122,5.883228594075777,0.973495952216628,0.5473318173177975,2.0
-438.7326143769452,200.89156594568425,8.3845589479273,0.9897949447046734,0.6447732331688708,2.0
492.99706023711167,-34.0728823047745,5.701469651241327,0.9797516844201555,0.5940934644414192,2.0
444.34752185323873,-120.11929763642267,5.226104684545226,0.982408458238232,0.6197494094024398,2.0
20.734099018515064,-393.53180132070224,4.820510046278956,0.9751654128937137,0.6803139721897212,2.0
-158.74925521103665,-438.5461908497827,5.729029144320298,0.9789212686476496,0.6203218250933744,2.0
-104.51584722690184,-442.45015121287264,5.490083510876594,0.9691540067000025,0.4619723099128032,2.0
331.3578272983895,-384.57706636503843,5.302604320801699,0.9695078274111933,0.5853347740225912,2.0
454.0840859224717,66.02209545238632,6.228919951748722,0.982402630620742,0.6026877618467601,2.0
-365.1441187872284,280.99438525816976,5.474100365980515,0.9725561464477797,0.49934231807548785,2.0
436.0766887615978,90.33032717329658,4.802304505523127,0.9729364199637323,0.5417866479557981,2.0
-219.9856730356827,424.36062174080934,5.734051384916116,0.9866619691612223,0.6921413938956523,2.0
409.2206797128943,-244.62703880768373,7.436205407463054,0.9853049650870903,0.6412296434258945,2.0
-384.0223076072404,-295.9545627121801,7.024052990747529,0.9744406606548991,0.5043425470938646,2.0
-1.9968958362695342,-465.65807050466435,5.257673715302376,0.9479407753787885,0.42985150652464615,2.0
477.1382525603925,-121.2915868902339,6.312114238182589,0.9908374114083934,0.7049577644516191,2.0
-458.7549412202071,28.66460010806689,5.267607590398277,0.9863789435191581,0.6839549663605805,2.0
431.115728945596,-198.26757760721256,6.6391834664190785,0.9648556349352715,0.4410097469538934,2.0
142.92962136426297,-468.59287237600773,5.81612809784464,0.9867757908377413,0.6864787197205624,2.0
-258.84569587966297,391.3481384485671,6.658902107575102,0.9908961781294509,0.6953760071892723,2.0
-14.805505407273825,511.4444728331634,6.7924458687103,0.9839746345348506,0.5713684925853321,2.0
-87.0300388946736,-467.1754216193343,5.0570858295168,0.9821334815298476,0.597569141602419,2.0
435.6632087521898,-240.7995564424302,6.676928419093837,0.9844936126527769,0.6291630194356989,2.0
-412.63582779241057,223.43267065105664,6.494057947022742,0.9832992088646411,0.6051001053484855,2.0
-380.8805139133417,-263.946375938775,6.542549889638754,0.9806845786730504,0.5907243106821296,2.0
-426.1951968078387,206.8720610810998,5.989884059793634,0.9781701758346122,0.5768327332236965,2.0
-362.76309170781406,291.0135361149707,4.948599421220495,0.9935224488980148,0.6929091339746857,2.0
-379.8915021478237,202.81665481921857,4.255689497732903,0.9699844411113545,0.5421328368913704,2.0
76.82513303270255,-449.0268147248851,4.503900001795461,0.9833641077917868,0.7209949645179592,2.0
-71.00677195068047,498.5477611846247,7.332756043242831,0.9791446849884091,0.5251959768858295,2.0
298.8063270886318,-379.5893007227508,7.423463627763766,0.9856710749512216,0.5840623032018778,2.0
-395.6942617593896,238.7403242762075,6.566118739421379,0.991645173167606,0.6915083575122165,2.0
388.00088742365057,272.8662080099417,5.824602763312759,0.9754185144313077,0.5690842224575041,2.0
-81.63552893355745,446.39835758492023,4.640147539449089,0.9813145698594915,0.5920763228637144,2.0
97.58205646911387,434.8482948403267,5.295002532327039,0.9809779521528352,0.5897954123054956,2.0
145.79036173919025,415.51451338003073,5.077572550186999,0.9791012548011565,0.635963163261121,2.0
477.3616179877088,35.71924824221716,5.7763313007200034,0.9843291800091388,0.6132694426636645,2.0
393.098296621372,264.9413115298376,4.206120227481158,0.9547322932158423,0.5428187745541855,2.0
187.26727242461246,413.0424704700821,6.035604679507875,0.9791122456398235,0.5749565174135153,2.0
330.9041705688242,-364.9947093518532,5.714068566731937,0.9771307136044606,0.5810946887634626,2.0
-277.4520628214444,365.1071650055688,6.114714258529678,0.9798047027370755,0.5947559178550484,2.0
250.8565372913171,-425.6904812760147,6.9321919269951335,0.9873770288602343,0.6924701418885855,2.0
296.82590197453163,397.60123037403895,5.583423943525849,0.9687258222083353,0.5889899722342135,2.0
88.29668710006997,463.2850934631575,5.242276041961535,0.9808345947476902,0.6562544114415827,2.0
336.5197573555855,353.03516470396943,4.349762959078616,0.9819550864797154,0.6707323735749882,2.0
128.39526715912123,-453.4690317037048,6.991178593806519,0.9745211342422073,0.49597666781438693,2.0
371.13745541053277,325.83183040499904,3.9489580900612715,0.9800720099158958,0.6423373049501613,2.0
412.6445907022631,220.13904703278405,4.833189978364193,0.9847544807610463,0.6788835709341944,2.0
-422.3218923232097,-243.4286438256452,7.265987574828653,0.9829190559299488,0.5550841042811463,2.0
156.72069603898026,457.0316521098103,7.106108493547737,0.9771584349249922,0.608372219093045,2.0
-169.09132936817034,-442.69617374054445,5.642886269123668,0.9914515627467597,0.6508072361061148,2.0
-385.6899796566005,-275.41607791118224,5.760406801392217,0.988510271422705,0.6648358254907476,2.0
490.022253891144,-22.60864518659448,6.697455612448601,0.985081085529807,0.6209662674845544,2.0
48.151175760575946,476.64586829107805,6.338599886531321,0.9775484944030975,0.5250486708083829,2.0
-131.74847435579383,461.03058735938527,4.767584463653754,0.9828606874824973,0.6581244291336347,2.0
143.73543122735978,452.4836747769081,6.706808052049561,0.9897710539117397,0.6400176261035412,2.0
476.754968194792,-23.036105530220333,5.775503335341815,0.9852874303081929,0.6237770626202744,2.0
-533.2894612586863,19.29960257590334,6.22288017989009,0.9798759173254664,0.5839451804576645,2.0
-143.06050010258235,486.8864643174942,6.259136850367071,0.9820366193678631,0.5512172239921199,2.0
453.6493358173929,162.09642524683204,6.666129489224724,0.9713843811812511,0.5358449327279063,2.0
175.64179394323267,-446.6171983134638,5.310311106241064,0.9632766375093074,0.4894097690244058,2.0
-352.47432338316884,-318.9471463952603,7.668963755092521,0.9763380350807976,0.5132446518943118,2.0
-376.7733344547583,-284.4314295563392,7.33828595497469,0.9815803205087289,0.5187461239383111,2.0
-235.14698817314803,362.1085419244108,4.938770006351685,0.9758792923677581,0.5789387761182632,2.0
-200.7892124632047,-263.43140424239346,5.954911976376668,0.9850952247017788,0.6594111011870538,2.0
148.03427957769247,433.47067103098703,4.546419107505294,0.9666129253536294,0.5733629940564507,2.0
14.646163602325382,493.23961398121827,5.4709090453063745,0.9831790263508391,0.608775971370276,2.0
-464.5255986104507,37.97587243504134,5.479401417833014,0.985723408236712,0.6396435404096668,2.0
140.03299223557917,427.0372597868539,6.232915889326958,0.9818310298290223,0.5972794530243247,2.0
-119.39257504325634,-478.7586841714652,5.183846700345274,0.9683690855729752,0.5225274160212373,2.0
419.7228091825104,-267.97950637207487,5.124478001681062,0.9772608425782305,0.5630653933455464,2.0
-126.00343115874263,493.9754297455298,4.875105626604461,0.9875187511758848,0.67136923143975,2.0
-469.9261687813177,-38.53502320889937,5.488646443030123,0.9864396159011369,0.6857084429051482,2.0
-229.65838715370845,407.74761048693125,4.03552187136168,0.9683608071568099,0.5875810652090555,2.0
-503.3064213950734,-10.052185650176359,6.639888038798673,0.9917174341988892,0.72009976171209,2.0
394.93462407582456,-340.7107476745864,7.495299398994251,0.9832252359818933,0.5627881166155362,2.0
448.9725114077077,-169.29581418272642,5.532753429484782,0.9720244573670517,0.5360485180785479,2.0
-478.5787433274093,25.483728677322144,5.710481523159707,0.9879572477312327,0.6952417023440638,2.0
116.28411185315655,436.86379007180227,5.037921949999984,0.9762682964098041,0.6182875787931471,2.0
441.17093239363237,195.14119456035775,5.745471468984601,0.9868259237738285,0.6480450331674551,2.0
202.43337050981907,453.47728695962894,5.470006032440142,0.9663088001143693,0.5735872910308293,2.0
450.22468357146215,174.07120145983666,6.653433134214385,0.9703931227188352,0.5386118483005123,2.0
426.2959608017529,207.22866069682098,5.285560096283758,0.9848099633170935,0.7050410073299869,2.0
270.366963774113,-408.2466809377372,5.708725553695927,0.9723920210780255,0.49014968918288987,2.0
-167.9822959786757,464.33239274775946,5.540717556548525,0.9757199806552268,0.565210621278753,2.0
-19.2323248907295,-479.4226543692868,5.0818502062091495,0.9678082256901125,0.5207804492697874,2.0
336.6816511067012,270.5968836016958,5.068817824866262,0.9756441255022731,0.5553491669085473,2.0
-477.2957666142292,-107.43072167104134,6.651260238829977,0.9860446139349142,0.6300876389782072,2.0
-397.9796460029848,196.25468998032943,6.6841065958518175,0.9894933382901995,0.671415282586286,2.0
-42.94831090339704,464.1659540019855,5.368445618713619,0.9917402587388865,0.7029992115396988,2.0
-275.990100257602,-365.23856680101454,6.126264121954409,0.9874408206364136,0.6426303959584243,2.0
-455.89119280108173,127.80442874848407,6.171914705275075,0.9816734656125167,0.5946447514991618,2.0
402.18450906497014,259.53369675943543,6.955994559100598,0.9791605328648847,0.5239483592490878,2.0
11.486539970880383,-413.11512192650844,5.249431153533356,0.9754421459915132,0.6148553492370468,2.0
-494.19437993951254,98.1211111179363,5.0734897709509905,0.9606180218948146,0.48191568330958817,2.0
-447.6826955300917,178.26859597180953,5.212616236979382,0.98567195968099,0.6841099094532394,2.0
-166.02874538354408,-420.7965403805912,5.556708660394265,0.9727937867111761,0.5478108286388317,2.0
-417.65009944126524,199.52491491506518,5.2393348279468315,0.9920604988158181,0.6934638466119591,2.0
-217.1113775023437,-423.4824251836261,4.620369856076183,0.9835032342805373,0.6610732571328718,2.0
-71.73480822200905,-465.91931852136065,5.723951355463649,0.9760967205693889,0.5602864269576648,2.0
443.00156443160336,25.231725200349967,6.662140073760716,0.9827044161593601,0.6431453959164134,2.0
255.8353493184802,405.40982420044065,6.819852389627648,0.9909303403380734,0.6738793283597786,2.0
-455.53598348759004,291.9652457006922,5.9118690895254975,0.9840636747094466,0.6689366676069264,2.0
-333.26543457870474,328.5238020601334,4.706451043318201,0.9717683380990019,0.533363201162513,2.0
-193.22254490699348,-443.90731510123567,7.183541654727433,0.9809558527859306,0.6489054184498997,2.0
-420.0609756187713,-130.7985599701346,4.813792907862016,0.9774684107009008,0.5637869640862632,2.0
490.8381634123352,118.87545762722321,5.481158267966565,0.9760693382927961,0.5597884063742927,2.0
-368.41581373585865,-276.7498439001274,4.399093320725791,0.9667910772765882,0.5058788365954456,2.0
125.51389417628398,-480.2674655929194,7.199523427877047,0.9764385894571663,0.5110607407615765,2.0
-393.88847617169785,249.29885643811866,4.494894713438042,0.9668061010689359,0.5044683057419087,2.0
-451.07266446769665,-223.80674668360754,5.394282454096026,0.9864932792366219,0.6843718135361803,2.0
323.2494210068231,-402.852876429666,6.339034870895399,0.9806984801736578,0.5958825349476146,2.0
-375.0600841630699,277.7859952109277,5.311219627919342,0.9811664630001472,0.593084721514659,2.0
-438.58155154146857,159.80126608018486,5.784260017955009,0.990043472447355,0.7153187988480291,2.0
-278.8270790098553,-334.2554869867017,4.899514086784101,0.9627899195857346,0.48880675660503015,2.0
221.27340725848896,-443.29916192367904,6.723879527583286,0.9748195766349629,0.4921763913430013,2.0
462.1036287897606,22.561243484914932,5.423428453835021,0.9839975296368185,0.6749686313188988,2.0
-344.2131552359162,-198.1246480986634,4.567758084129065,0.9710488562671727,0.6008552250005649,2.0
481.2441894196702,-4.052202311771216,6.822536964884512,0.9808079569449236,0.5413419338530844,2.0
442.7378057240148,-260.31170184611665,5.670255354342971,0.9755818008675738,0.5628150542604416,2.0
-450.6161368458075,-32.187482130860786,5.066310876054204,0.9877826432929709,0.6520484633228131,2.0
150.41061085230052,-445.16674899545234,5.70004979339449,0.9857028910344221,0.6563551954104536,2.0
492.13066149466533,-10.1592823701795,6.2500354150131425,0.9839159068915979,0.6280224968203594,2.0
-407.0059154557033,-289.4071350945603,6.5516001942855695,0.9809686283053407,0.5905882323487639,2.0
-463.09174917704433,-69.7161230228418,5.8743651128860614,0.963526535786087,0.48959523554472656,2.0
-37.920890601687525,473.7458626961491,5.711845674841201,0.9821274869847363,0.5514533302172095,2.0
-474.0164209389801,-71.06101876002192,5.735356257077247,0.980288017856364,0.5981810737835288,2.0
358.70904718378165,361.46388863517774,7.283126482583925,0.9936453866869618,0.7243557277479397,2.0
296.59536571568896,381.5546159642904,4.719131339273487,0.9694490596279525,0.5891592788350308,2.0
-490.97908679396204,53.35671095535914,6.715569736422701,0.9882112763072217,0.6066867466036815,2.0
323.02545707021665,53.30199056020596,5.424425252094562,0.9726289076672988,0.581703128143657,2.0
-324.2919140449832,327.35786087013184,4.706451043318201,0.9593761176616036,0.481577840715803,2.0
193.45967719333328,420.4984516551693,4.187818327130507,0.9691253260463558,0.5437400866926033,2.0
458.2419767011182,-140.92503903631666,4.938282741430032,0.9860948219840269,0.5956667733473662,2.0
-62.84596280475624,456.3165693627257,5.183936935819626,0.9895682255172586,0.7194121180264607,2.0
383.3258304306381,-277.2961044139976,5.859804495423889,0.980287400471638,0.5544423382358955,2.0
-479.6555313769069,-133.2639154511952,6.003032892033125,0.9825490117898541,0.6579211697899603,2.0
-481.1418563429098,-42.419818509482795,6.755817693102796,0.9841996937516692,0.671743154738697,2.0
453.78277946182266,-124.05151265558351,5.159445371210929,0.9820983704538901,0.6149820682405815,2.0
-155.49196110354046,-463.9470424586361,5.119945382838381,0.9860817483361624,0.6824121566028221,2.0
-473.252395712819,67.62304002693818,5.878826251964302,0.9866451188479398,0.6542860865340947,2.0
-307.1995754564682,-367.1788814324895,6.923656046160446,0.9780378696645717,0.5219097381797153,2.0
72.26306664044294,-484.03450100903933,4.886106664398767,0.9672219728148104,0.5126361302656598,2.0
430.47375507544535,-304.8092235638899,6.820460615776767,0.9779003772760466,0.5615712306555386,2.0
431.156209796223,-174.90634893088952,5.0063628585546756,0.9858420798393107,0.6458574253196534,2.0
-459.0320433798898,48.324437865310436,6.443956479155122,0.9797970210043172,0.5357156911219609,2.0
220.07329114605946,415.9812622877488,5.3514631483052595,0.9747561235144494,0.5546215953705228,2.0
17.142085861392342,-469.5251823492262,6.219382695154428,0.9814379693651142,0.5584049691049827,2.0
-4.374564128763939,464.8709554524142,5.3790344798714775,0.9704346669897606,0.5553976833625632,2.0
316.2454660387625,387.6535718701914,6.157094906879383,0.9783455352006593,0.563402069816056,2.0
352.02396634661227,-299.71877566598454,5.714882565286989,0.9844357100204815,0.6304232324670292,2.0
-16.8571450089008,-515.6855647355056,6.382936408960213,0.9811530221924639,0.5907405014898668,2.0
392.0102243346743,-314.39547437634974,7.325530211025927,0.9881883869362048,0.6622890300796369,2.0
164.97718830410597,-444.320273881942,5.998204668477909,0.9843669064536156,0.6870700097164729,2.0
-204.22364708328104,-389.32930296016724,4.202708319652098,0.9766482463285135,0.5837005544631304,2.0
481.2660487717754,-72.92552258569903,5.374701006558372,0.9811430841569714,0.6101104540207182,2.0
277.65156772829994,415.42988500504276,6.608624810025334,0.975456598081508,0.6040740398548577,2.0
-306.75208453581865,-340.39605954338265,5.031058117448166,0.9792386396442346,0.6020501322162173,2.0
-100.36339696600967,-479.420876543949,5.0593609417602625,0.981735119281371,0.6551561729785809,2.0
432.51750406621437,-228.36863344884227,6.747769494418235,0.9772621144414996,0.5243385748865353,2.0
-28.169385889856397,472.9268068938876,4.50100209884676,0.9694135060819429,0.5363975715065517,2.0
264.6684389025215,415.8853680090623,6.942728971579278,0.9786944201241858,0.6034159173622543,2.0
473.7680640355269,-221.64556818680356,4.6269986672471415,0.9883523007076502,0.6504375482701132,2.0
106.69602082721816,481.0796600035235,7.780800289406377,0.9797537606968605,0.4751260635330945,2.0
-388.66185703760726,-285.38042211105477,4.88496353842042,0.9836817882675074,0.6636652286976584,2.0
26.18568607694754,508.27429924345233,5.984030328032839,0.9904648945067782,0.6453216686876118,2.0
-471.58864796584413,92.32642342677421,5.733192753107848,0.9856463978531952,0.678797601942808,2.0
-447.26026363245734,-213.4600422349742,5.9757022424518516,0.970497864662014,0.5344838731802096,2.0
106.60256040972857,441.24430248084525,6.068835670137272,0.9805713527184496,0.5587097982599664,2.0
364.5184299862007,295.72930375371993,5.652812475746472,0.9704931695176138,0.5276576600341437,2.0
-352.2883153955076,306.17016740078793,5.581177661244571,0.9834645131907594,0.632332461817909,2.0
-471.4327657307075,-9.195247250129176,4.2899662159942755,0.9735125892807031,0.6054175588014166,2.0
66.01802921912001,467.92821767163593,6.256182616781382,0.9734554722623108,0.5521188380549975,2.0
437.48142178528644,205.9241963960884,5.809856328406091,0.9811161327639281,0.6066755368437523,2.0
-217.72791375742725,403.03730484804964,4.0834474843460065,0.978764555911795,0.6347916849763491,2.0
226.4103051939565,-432.327851850874,5.825667915006041,0.9824920184645172,0.5592445486298991,2.0
213.65810836334245,426.3174781877278,7.382363805930385,0.9781465435551917,0.49195661079564706,2.0
464.1140038508264,-157.5492297472387,5.913096111599008,0.9741150518992118,0.5537687628864911,2.0
-203.08027614758896,455.50558853967476,5.849350820137919,0.9757132770976766,0.6181171078779742,2.0
-424.56297579046907,260.9365587011666,6.372794814622477,0.989737288310919,0.6663702648454526,2.0
511.7707776899808,-140.10776099615765,3.4890603475994815,0.9836579736766635,0.7258683677241107,2.0
-239.22994378799814,403.25904988975253,6.753465887649124,0.9899604276932702,0.6436231066756455,2.0
-351.56898442640755,358.2593211501024,7.510528665872469,0.9903437221459611,0.5954329836003731,2.0
-305.2257769007994,372.525532182647,5.688045765618977,0.9836055579960163,0.6186467438520449,2.0
471.13654945048023,-111.46889960715583,5.291983887011871,0.9937563901909049,0.7269533594635287,0.0
-200.6460935729879,421.48479910487526,5.6885398986835725,0.9868899776751141,0.6656515912546827,2.0
-246.69081795689482,393.5364259232184,5.997502600550621,0.977018403924499,0.517665271968202,2.0
215.26976863903215,407.2629693926765,5.081522907997887,0.9734499317163259,0.5441195476842022,2.0
-451.12802050320477,146.94679955980988,4.968934325577444,0.9787432639692526,0.5826848384276468,2.0
202.07797565350052,422.41571205527157,4.989399042150173,0.981873930710142,0.6117868236264916,2.0
413.30896164803113,230.67168608960142,5.904167872878863,0.9782777218014697,0.5272236027230596,2.0
479.308560461164,68.11453116346884,5.381207866822122,0.9900115598687038,0.722679394654024,2.0
-20.85765871428528,479.49270463546463,5.877823243022597,0.9713575329273093,0.5564057698070045,2.0
466.14498940741214,147.2158107511179,5.7797012237387655,0.979004520948133,0.576339446693299,2.0
326.00061108815345,-292.2936606568699,5.290541019665131,0.9820449839446852,0.5995821000925572,2.0
23.83519332999794,488.5965191147921,5.10306948630661,0.9818242687455853,0.5463599742376167,2.0
-455.6803764497876,116.59294300713933,5.358982086997099,0.9886686479965893,0.6235347397432994,2.0
-451.34108682366326,-143.0324038907959,6.8846859948018535,0.9896145857589523,0.6665764380943235,2.0
-296.99485185806833,-390.9157991147309,5.190654475132444,0.9872790837773937,0.6891535524174923,2.0
177.24399033847732,453.87743897710186,6.046708658570672,0.9770366942106677,0.6236632466729127,2.0
414.0604687624448,255.95274183544362,6.127674276071989,0.97452795264801,0.558674729852411,2.0
-494.27357391172495,-70.31602275681482,7.042208122820927,0.9851863838530398,0.5435872400403263,2.0
96.17949671811715,445.0552815967136,5.374253557062404,0.9812071855103819,0.5882901468294314,2.0
-460.09580877378505,-134.1538307169719,5.781971692227721,0.9743916522501819,0.5105987396035989,2.0
-277.9860788652158,386.8127415224821,4.881128147288685,0.9839847726446862,0.6197040419590142,2.0
-245.59334323099912,-372.77811183086914,4.468906469014715,0.971953548710867,0.6041932996667031,2.0
-482.3714623956241,45.197039118242415,5.6217541839278145,0.9821969672295451,0.6720752114341565,2.0
-63.83658490517428,466.3677431400579,5.248145947080234,0.98241271010352,0.5977796601106352,2.0
-150.67468147510644,466.78174436304425,5.540717556548526,0.9865456396256251,0.6446169507647819,2.0
181.01327611520333,-486.55586467180444,5.708129398932874,0.9806249474063312,0.5906197299806341,2.0
49.299843036323956,-463.78782189369974,6.59561026307618,0.9890892289261889,0.7172497196943223,2.0
405.5027503263037,-307.13667885800913,6.858257045669996,0.9859901076383132,0.6285000430486366,2.0
-437.706346341513,53.358393712294145,5.126090090096104,0.9746797863803579,0.6117956307225696,2.0
-448.14513554716086,194.10886594001903,3.8348989480357263,0.9386321904860779,0.4832807378316668,2.0
-253.50688959165683,-389.47516111801366,6.2129987405274925,0.9789974281546444,0.5779672326834728,2.0
239.37185821900923,390.8053727111532,4.561324640668123,0.9791102105245982,0.6200485325867348,2.0
-424.55328138703624,-265.7863091308495,6.333745179856735,0.9858995800546435,0.6512685576261391,2.0
272.0874905844698,-445.7340974048905,5.997670172478566,0.9817027900650196,0.556055401453802,2.0
-337.92207806264577,-352.28530036049773,6.973699900180068,0.9849896505688343,0.572358544186764,2.0
-367.8026188099125,272.24689338721987,4.095754259737377,0.9644927764071052,0.5700077702159969,2.0
421.4264856358545,-226.9329306566855,4.922808366668358,0.968691426306022,0.5194604783846404,2.0
429.04025149811486,224.093376314647,5.046020132631744,0.9781052297376173,0.5768374033215222,2.0
-350.13357055297877,-350.3952592309375,5.919721983755422,0.9769552946368371,0.6397298858840442,2.0
147.57680435658713,-455.35174871251627,5.104278379092076,0.9751852827496467,0.5722331356526934,2.0
397.00929234248156,-327.19283429128444,6.6900930767208,0.9839391732916059,0.6188972554739598,2.0
-316.9886925664107,-345.1100884336256,6.544464720643882,0.9879917004327181,0.696736439794482,2.0
353.75527252839703,-335.7377636259395,5.377960025776862,0.9863887546699638,0.6821038375720391,2.0
162.7512241560185,-473.5412483449329,7.2681406237289385,0.9829289005207243,0.6217286525575451,2.0
-239.86740235093814,-403.4429086016626,4.994569979096157,0.9781801749904929,0.5778306519709372,2.0
-475.05617499039863,103.72406684158621,6.094343639729038,0.9844048897788753,0.6744585440771894,2.0
146.61767565147088,465.60851134367397,7.081002369804301,0.9675271198548355,0.4574789512374604,2.0
466.34129121795723,-101.57177573118396,5.8483671585792205,0.9750801486896401,0.5775863364591327,2.0
477.16043240088413,209.40584626826356,5.38656126570719,0.9781619015527488,0.5715878403990852,2.0
-288.1083928877833,381.61697169769747,6.704108117424245,0.981862809416233,0.5609050807501043,2.0
223.98289828614634,-413.647544297271,5.105167852420953,0.9855399027743227,0.6887123329298726,2.0
-333.55598029435276,345.94414044018913,6.433373104893861,0.9759423071289454,0.496875528497088,2.0
-466.41452689311154,-29.804302419092433,4.195148188447944,0.9748392340878855,0.556680271480592,2.0
-172.9024314180166,-453.2941996841772,5.78682755348192,0.9903759094417753,0.6914108920599813,2.0
-46.462906575932166,-474.6643462059747,5.75482977752064,0.9790844517810752,0.639798830014531,2.0
-287.6050280772406,369.96425998500433,5.280534962089067,0.9911773361432775,0.709485012233802,2.0
-267.02540618290476,-431.78201690425936,6.800858967028307,0.9924478940808605,0.7078292075990071,2.0
27.72603130370255,-477.1139763488082,7.254929986393794,0.9904458405116747,0.6662986125363776,2.0
-13.561035073051322,-504.7065840534764,5.598712297036137,0.9784997159967715,0.6337653631047407,2.0
-91.50767542392036,471.4416093141998,5.802273032559264,0.983906447001437,0.6663735403755787,2.0
-451.0062263152762,-171.18482887124912,5.2892919152595175,0.987303414689893,0.6366586217975976,2.0
368.6271686005736,208.69813790543142,5.866877769273027,0.9838189918952598,0.6346272973970828,2.0
-17.86293813454317,-470.785735539589,4.098653539645546,0.9621127732318434,0.5594801526063987,2.0
-40.16835269252307,504.9579146777686,6.7498352988114165,0.9869804400539391,0.646588086838006,2.0
-441.1210062690907,247.40625634122182,6.383370231412917,0.9891891332468957,0.7242612313799508,2.0
319.324677009592,-422.4518386219456,5.0425250308598795,0.9872536106609228,0.7086124622781013,2.0
178.95540256588305,315.9726958245682,6.44985204080374,0.9900172557270174,0.7199473342066215,2.0
372.7010187398104,-323.4764019258838,3.942538636679921,0.9796496308744962,0.6522241182056385,2.0
-283.17408232494904,-375.8614616575393,6.978395773812019,0.9865992779341826,0.6019974115429838,2.0
-377.9550722606439,-306.870563492677,6.065618340515458,0.985340925499035,0.692570435460303,2.0
-390.3711636184325,-257.76990309807246,5.173389657114177,0.9738119197366631,0.5480796178979893,2.0
-242.13612991726802,435.8157141066378,6.4853544107741845,0.9878118731404192,0.7110678345605055,2.0
4.256477337800322,-527.5619582989932,5.8314793318699305,0.9844519014184266,0.5672638981874781,2.0
-94.33691398688676,442.61497720771536,4.90934188841934,0.9751248788199836,0.6133747338112997,2.0
-488.85897551815833,6.61529142302836,5.771264747390261,0.9849530893610001,0.5862460381090701,2.0
-478.5137295942189,85.3798388453947,4.116075711049672,0.9845477905002751,0.7282466182200984,0.0
-309.5882987062468,347.3317126897233,5.999825962720895,0.9916603638918382,0.7097772596980328,2.0
83.14346458617703,454.27779027903085,5.393431390669061,0.9827214456512131,0.6076277654450689,2.0
494.3205673824863,-45.19193214155668,6.046932584345307,0.9702653595935363,0.466436134469235,2.0
-384.3967165497221,274.48582417265726,5.068387792976924,0.960527355133442,0.4810856043534777,2.0
426.62116350300454,-219.67039558699338,4.377298864077146,0.9608210491313285,0.5577700868921737,2.0
-109.76702709141779,-434.6673053558292,4.278238453023039,0.9850576095282919,0.6902243106795517,2.0
106.39678777808258,468.5536137041858,5.242276041961535,0.9738556295295556,0.5448761992355515,2.0
-502.1201984902971,48.77830015337831,5.620738079517596,0.9800618226004539,0.5870453461112963,2.0
-450.84251904352965,-154.0880054986173,4.526186320310668,0.9782459296352162,0.5698996378888747,2.0
-53.63541032651533,484.71775703271777,5.82924956328498,0.9897852699781898,0.6514814267903021,2.0
78.56132624426077,-476.9140528255268,5.109012627564296,0.9733741682425011,0.6759296534920982,2.0
464.9801118280195,158.42404872597783,5.817640974610568,0.9818602994828316,0.6053105833536,2.0
-45.996221310087094,-486.4775736090003,5.972307015930052,0.9773548134279579,0.5892050124595614,2.0
-488.9627195407595,-33.56426341937579,5.719975089759009,0.966849036166817,0.5162384735426971,2.0
-432.75349775958614,226.17045291030624,6.023933864416988,0.9842570720812801,0.6147855812324493,2.0
-228.74380085808204,419.4536383934528,4.726016073155027,0.9685832857876326,0.522473014210249,2.0
-20.941952163503878,468.3653895026061,4.305084593035771,0.9861959968047188,0.711604945743939,2.0
-234.9961360948969,-412.37162099790453,5.471148084622513,0.9874527265656886,0.6491596634685167,2.0
164.721999071515,424.10290264240655,6.623394843724862,0.9823191623145863,0.5499686100539964,2.0
192.4143748601178,-456.8217677139937,6.0464475357127885,0.9840611789951729,0.6664865239998481,2.0
-405.69007210140364,214.9922098206017,4.947794880409798,0.972082543241306,0.6071791348265687,2.0
-497.72862843600655,-145.4204266425175,6.605630334038504,0.9858561530824048,0.6846622981789814,2.0
523.5723978508684,-72.21813453272586,6.162720730178547,0.9908871058230648,0.7227001708212796,2.0
489.3422202596754,-65.30205469224026,5.846989462282628,0.9866636606470233,0.6492587316871835,2.0
87.13254774759861,-502.181342852577,5.824156276010238,0.977059502078663,0.5621156084637915,2.0
-448.59222620854734,-119.64228092164613,4.731871345968791,0.966713008302579,0.5053903494065404,2.0
-454.54792721255865,-53.777691547444824,4.3477470283274675,0.9761209933936204,0.5597408353813501,2.0
472.16255323521034,-69.48087933788698,4.70351093162484,0.9659216048644488,0.5029009679015146,2.0
-386.78213668251175,256.6842309502247,6.13360225037012,0.9793290858226491,0.5844415603820318,2.0
-467.8977948513784,-115.5033274965611,6.116153778568105,0.9765592543929656,0.6216426063668388,2.0
184.40347071404406,-433.66103982277406,5.432341546869382,0.9753229016926799,0.5510779177996004,2.0
-470.4551357080535,167.01100180724472,4.285211613107641,0.9751041406547359,0.5607606145797249,2.0
-188.76060605113202,451.40941148373867,6.398395796968906,0.9843414815029379,0.6142964126274469,2.0
-502.8991473791007,-61.3959290406089,5.932672770768229,0.9799082244096075,0.54158689645478,2.0
460.6169061537783,-131.38381403606365,5.240746704121278,0.9842372570305753,0.5683712400751659,2.0
-142.5862708036976,-485.59315712865964,6.87721467264582,0.9844914296621063,0.6724676838298116,2.0
-497.860572875434,27.475256134022555,6.42963582388824,0.9780478037531332,0.5726726559418179,2.0
518.5073599818122,-15.364966367912865,5.106588280723764,0.9899667828161784,0.7208836888813,2.0
-490.1586417630717,-103.18260414689054,5.304706886508695,0.9825722907883659,0.6043396355128123,2.0
151.16962659255586,-496.3700935653828,5.1578309182130795,0.9812557617586353,0.6504078746836967,2.0
443.243174778547,274.1553012360331,5.742575994412692,0.9818248291969576,0.6149887384613523,2.0
131.05909470196033,450.1903472393408,6.396927290166813,0.9780028674896009,0.5754412875977625,2.0
411.70315713274556,267.41337742897923,5.794257659447179,0.9885660852754607,0.7058319751307082,2.0
-158.75921829038666,461.19126537494907,4.415429815392504,0.9833349362877544,0.612741816512921,2.0
-85.86675867558093,495.5722489116832,5.1195824945961785,0.9864529066273998,0.6482132629753088,2.0
-170.21687578731587,-471.73233851099707,5.078401572871751,0.9689985906076538,0.5178848776798545,2.0
103.11758014989319,-485.1175287576885,5.411989393623939,0.9738699018647602,0.5713412783721581,2.0
380.86546871047494,357.11468138189485,5.3139093941889275,0.9840843274901504,0.6658907501657717,2.0
488.9957299568605,-106.40977892548476,5.157318201201537,0.9894568722445581,0.7200959720887256,2.0
336.86737716461204,-374.5530580065281,5.973974627041835,0.9785300144492398,0.5775161887785681,2.0
162.96870734481854,-462.4824250760141,4.339905425320147,0.9652617608944385,0.5134501716321835,2.0
-469.5368930039096,-149.77918794186405,4.953476657728058,0.9825912378239631,0.6336179411626023,2.0
472.4434354669411,77.04796355338785,6.242955061438296,0.9894014731967739,0.6651303476432893,2.0
473.935493959894,-169.6228874347518,7.201680345371314,0.9870962164988452,0.6699857852566447,2.0
350.5475674763152,329.0117516599641,4.097799995377851,0.9839195334773402,0.6640954906947477,2.0
194.71512676235787,439.1504231302154,5.065447857646141,0.9748801888159954,0.5615184211174926,2.0
-215.5293595073511,-400.79597499300763,4.71322668902545,0.9829182636388102,0.6043750907291406,2.0
67.31035677975028,-474.22777047081007,6.387203499318113,0.9796413862058441,0.5920155968263897,2.0
-127.21496258842485,504.24453213275797,5.681595723480112,0.9848016695725509,0.628170229423686,2.0
-351.500201510627,334.79171504602925,6.606076272595179,0.9896451425380745,0.6222712905390466,2.0
400.7725145658816,306.73289140545694,6.4734466786113565,0.9847243126096547,0.5724433886971366,2.0
-333.1688704184569,-326.2574853464599,5.544435264216202,0.9798473216211979,0.5820088038811765,2.0
260.17037588108104,-406.87006924423343,4.924885800465963,0.9560119478572735,0.4657450349978813,2.0
-460.02206307362195,-152.78028029600284,5.080681481763127,0.9787054641887004,0.601300497094407,2.0
243.7001905644676,-440.43144217123944,5.684542843816037,0.9642004168906272,0.5253589762498904,2.0
-461.9964682614113,138.0426880408588,6.127206574065677,0.976162059773803,0.5661031132815041,2.0
81.48408164236787,-490.9491225242768,7.142560926421816,0.9912282933840301,0.7170074274411673,2.0
-3.505449638707837,490.2105753859997,5.867024258896451,0.9834992144134327,0.5584135767649909,2.0
-254.46657004408402,371.5627981551584,4.9466419893870786,0.9797051221313898,0.6585184776941464,2.0
-227.5640831772256,-468.07390004779285,6.736045330980004,0.9903976209724504,0.7074683535031043,2.0
288.85002396312996,416.0727354551163,4.987359541270017,0.9827874828358838,0.6585308797980797,2.0
-124.34346282451335,480.2034722779687,6.588136789809385,0.984459789930897,0.6212004708479301,2.0
474.2217075256149,130.26745037841818,5.837772939710321,0.9771958067897714,0.5666020349490121,2.0
-520.5102849010871,-87.31620780467559,5.803477984901642,0.9845662425968291,0.6731996529753653,2.0
454.3321231078335,-178.82330378398066,5.690850526621697,0.978630459280057,0.6158472784132875,2.0
528.4228249962671,52.86330738671008,6.3381907347834066,0.9774542941876742,0.6291204625134414,2.0
2.791730274524981,458.6626927354741,4.616491441392894,0.9689943997889877,0.5424396906609824,2.0
-286.86489381074404,-364.5322917258125,5.11949339682401,0.9786789482427526,0.5835600002985044,2.0
174.9232089464009,420.0973875976946,4.6335329301629065,0.9834598421341386,0.6689422563637346,2.0
16.04952401049645,-480.4107330078161,5.154591020965181,0.9823384865664131,0.6549261451550441,2.0
-28.33016214996256,559.6858976215383,4.241056350604079,0.9684063538496944,0.5181780138438205,2.0
231.85040729587283,416.5102594742616,6.786492251493487,0.9826062210370495,0.5542535936902102,2.0
-450.8412348746055,69.35702549920083,5.974134557016024,0.9853555860481463,0.572298515875906,2.0
112.97161518722763,-480.7492813191186,5.873697971159415,0.9724351491960815,0.5348534379693556,2.0
-472.78623221820135,132.28760498283273,6.807082706641253,0.9816869297929787,0.6145083042583612,2.0
-101.49358182525543,471.9027040117541,4.727511433392942,0.9630815855594118,0.490317933190989,2.0
475.11894617092213,96.90153867295155,4.601993362236121,0.9755633458227223,0.5626999779627352,2.0
-90.23489063837998,460.6948446052805,5.306625601357222,0.9790846337474417,0.5779988342576333,2.0
278.64548713898284,-377.0950677503791,4.793425920915214,0.9773130849474877,0.6236620036163257,2.0
175.67823837324954,-475.6210722967737,5.723159542596254,0.9820454462721695,0.6609044356849412,2.0
-110.01540589480796,-460.9827037515069,4.425419110562966,0.9698261932866435,0.5242475586191729,2.0
499.0676878910439,62.92224015867089,6.809725229612939,0.9795018080090965,0.5909103603876181,2.0
-185.39122004124582,-455.02813077303324,7.188563791676017,0.9768932920879152,0.510689391233375,2.0
-372.328510123692,310.10626454171455,5.649019219695976,0.9732480524493337,0.5406578025462284,2.0
438.6462118156598,-281.6878250416443,6.128283490662911,0.9753548602714103,0.5015045134583879,2.0
232.92068692327877,428.84286568813206,5.940429780275898,0.973943894484084,0.5631996862327472,2.0
369.95606926448824,272.55988797045995,5.4935793901784455,0.9788037854544295,0.5748643188733071,2.0
4.493206234959004,499.4068787703739,6.668784826331847,0.9917643675976,0.6879791253442724,2.0
-82.90318309001724,477.9058904885662,5.425737272769824,0.9792454314260914,0.5833858017144593,2.0
458.5339295397574,-188.83329466749942,5.49920071368497,0.9867376111143118,0.6351528096028201,2.0
429.6814738681037,174.4506299549901,5.019010098464434,0.9613459180658475,0.4882021901808858,2.0
365.4088349139234,307.06323354352,6.28865995865108,0.9816595199534633,0.6521513348275653,2.0
237.99096346332453,-430.7362588676075,6.241107681799606,0.9829935359585409,0.6380050612630985,2.0
-43.010229558823866,483.1091614102206,5.289723367665415,0.9896869162972796,0.7292608443420328,0.0
-505.6970878528878,12.515016224106915,5.168904656502638,0.9789071090157963,0.6117413581847513,2.0
373.10526340715455,-376.6232613958441,6.074363374182583,0.9815382347445766,0.651521185828548,2.0
-557.2905277568707,-17.11638100121652,6.155442921550057,0.9771975800669223,0.5657969280588749,2.0
-335.9579060664766,288.3596053437121,5.076549094850828,0.9827508541506126,0.6065631854182725,2.0
343.7674719419835,346.15691100107887,6.049167041466014,0.9790613675557921,0.5214768671121358,2.0
-244.48317430072007,365.9622966227385,5.501637760654883,0.986526488949833,0.6862835517600805,2.0
-384.449098223893,285.4254680767443,6.422356671796067,0.9890858265298126,0.7221781581089299,2.0
322.5099798478046,377.2084585450032,6.596942118554683,0.9851174018341746,0.6287660274032539,2.0
324.22379576273164,343.2114933609434,4.037231033468743,0.9568872858657266,0.5397588979878468,2.0
-264.79029019478037,-385.6350072681273,6.143019192739024,0.981786447398084,0.5928556159992244,2.0
-439.78107909552165,-244.18555977537184,6.948853558637232,0.9794722684039039,0.5835243290233308,2.0
-503.9629045715497,118.20012723687657,7.309099730085086,0.9869431139773079,0.6026255096563659,2.0
-463.58784342452606,201.80724188083892,5.439422404354078,0.9818264248281595,0.6020775374805815,2.0
324.6050622894935,-375.23648192232054,6.807971881032854,0.9762690830553905,0.5598701584991876,2.0
-63.62338828305616,530.317489167125,7.820757746095849,0.9914227608131818,0.6071947944314328,2.0
-445.7238668803325,-162.1789988266848,5.340326080823609,0.984516948602042,0.5672712983386915,2.0
435.44923072635197,244.8756485568889,6.447045586757113,0.9866874416507389,0.645383545117883,2.0
474.2195805311103,164.42205708124936,5.534004185573642,0.9804551057439342,0.5857281993482556,2.0
-212.0900034636872,-442.15176133856113,6.066414730410094,0.981061773860872,0.6477360747108005,2.0
-34.16834001668581,-502.4172779751817,5.871465954470128,0.9785293808147072,0.5795152875288647,2.0
215.95164931244656,-433.33747991230473,5.014448332782985,0.9724852788964763,0.5411380840410217,2.0
-227.74725643667904,466.3032752647469,7.118887249783086,0.9897949738634649,0.6868827562933782,2.0
60.84239625002905,-465.4501243689143,4.859143163994424,0.9851256640809962,0.6872650089593673,2.0
362.4637457542208,-330.23568681672134,5.224629044187086,0.9845762816772784,0.6756926487944205,2.0
-400.57583944597445,-265.99171238671096,5.511704313408581,0.9835770426557123,0.6166801450914041,2.0
-153.67463444903186,487.90151424903763,4.835545012103596,0.9692759166137727,0.5239607241509472,2.0
-478.6581071814317,7.758489230494112,4.882350113223168,0.9774933473070166,0.5664488723986792,2.0
-432.47399646558154,-171.68185122490806,3.8960881166353225,0.9705231304011407,0.5472381264688001,2.0
75.18282939625695,492.25230093895794,6.932371778935602,0.9844675187905537,0.564833388023391,2.0
-274.56644386235956,414.6086229420232,5.610500500527244,0.9833419817489122,0.6088989359936599,2.0
-476.3602585823951,-206.13587657407018,6.475838511715084,0.9819215655451001,0.6213696912522734,2.0
373.89151340943226,291.1309078289478,5.4097822122249895,0.947730355746055,0.4257565446084971,2.0
484.3304513237406,26.183313096709817,6.414441401677985,0.9752455021414481,0.49421795063648516,2.0
98.17847908988558,463.01469795055203,5.057511418230912,0.9766047928990467,0.5637350573876023,2.0
440.5367190771179,-270.72360650171447,5.4032932070702415,0.9815650919397101,0.575018190022862,2.0
395.34140199840385,-303.70477851745494,4.393366228524867,0.9588358183210735,0.5434479820675174,2.0
-468.4155691329447,-182.21623873623147,6.278612484619829,0.9764873563122475,0.623618119127102,2.0
344.6865277264027,-406.95711158424245,6.772094427449495,0.9846172640048018,0.5857988568914705,2.0
-175.64925556529425,-435.5942064021538,4.256701935369378,0.966654820601007,0.5132991748093215,2.0
-454.1186790743677,221.06876446922732,6.240270837057744,0.980422529954578,0.5304970008171328,2.0
78.59208279479091,470.23853802666974,7.269886011399729,0.9750876608233887,0.49228786016470194,2.0
-501.12829127487527,59.34753088255798,5.39590707965075,0.9776661324742238,0.5709236708087398,2.0
-469.16810387400517,-127.43970981049787,5.6474985951496794,0.9862718059112296,0.6925841454402363,2.0
-198.94544168719585,444.95976835585645,6.0450485099607745,0.9779933178073303,0.5975322506985847,2.0
-388.00555574283504,295.72603066122844,5.00875667579563,0.966870079435509,0.5136112395026075,2.0
-476.8981103755402,121.5002922420967,5.449787976657629,0.968917268269703,0.5287676600270268,2.0
-370.00256017375506,299.17430676878035,5.997504117554706,0.9896260619441923,0.7184634396888225,2.0
252.4872003062517,417.2182976291056,5.913100900012314,0.9708888382149538,0.5388424643307116,2.0
296.7285185083069,-392.2925107187705,5.7899296277164005,0.9868706720880427,0.6889152825941912,2.0
450.83348692683046,-198.72139008500108,6.386159323844653,0.9906767850031757,0.6712717688546149,2.0
-395.7945219149458,-293.08610587506956,5.577233052447805,0.9843481924615098,0.6711179229231924,2.0
-219.42963466486168,437.95073602278524,7.4282932406725335,0.989176643631819,0.6594065864021434,2.0
462.10787113439466,196.2334890081657,7.145735332280575,0.9795129682288793,0.5286934015988981,2.0
176.01335400512303,441.84731242436914,5.699699468865503,0.989077495008248,0.6998908717167142,2.0
361.6995424694617,331.18283445983997,7.14298575339782,0.9854684911211257,0.5891507519203274,2.0
-483.982622560041,66.17363509081049,4.854286540396643,0.9830303745071941,0.7198718802050335,2.0
452.19884934894793,-221.67860397444122,5.6322178991307865,0.9916690797393679,0.7021650501853808,2.0
455.0029439366989,-233.06700124590432,6.2138688002152715,0.9726087289661485,0.5038082759201957,2.0
235.23950315553986,-411.29755287035067,6.191214308164649,0.9868537598170799,0.638958392661211,2.0
-146.05385514487386,448.1545754950538,4.901613524577585,0.9797806770423212,0.6399187386730627,2.0
313.6645877123971,350.4444605155306,5.692928550428204,0.9749458612790153,0.5756867545649296,2.0
168.26698393552107,459.7814984543522,5.163362840188274,0.977591271070365,0.6246514402160244,2.0
482.1087605791557,123.51496828667872,4.904407317108666,0.9757743513004637,0.6162444360843826,2.0
-355.8360206648217,-331.8527984533503,6.341042114446421,0.9721304041934744,0.5347783636666048,2.0
498.2274878769763,-56.82686212074664,6.833843578113031,0.9857187870861203,0.6317786574375036,2.0
-461.0919042992338,149.21629959657105,5.617260046480289,0.9790894279625447,0.6398673677680864,2.0
439.1963530418939,175.67358957414245,5.209480032605189,0.9726521869957122,0.6176176647231806,2.0
319.1779152981706,-363.65115156746407,6.4900488242919465,0.9782311566618912,0.5783364540598941,2.0
-305.6424258027556,397.2523251559521,7.120553932789276,0.9892070648791321,0.6318423972710384,2.0
496.3729667378419,28.877590510805284,6.337361991447317,0.9810786619180616,0.53775998893248,2.0
51.966699969903516,487.5934275491741,5.5598522986086385,0.9900328350366022,0.7251765520185086,2.0
-202.81975712629662,-438.03152787672633,4.634337270842664,0.9651617180934927,0.5713630738269027,2.0
27.99963521487238,-454.24093395442765,4.938892237535422,0.9628962334861013,0.5331812079629334,2.0
488.2055339879187,36.85268045836379,5.48208471045803,0.9764283311508699,0.6221489867918442,2.0
504.7650329915049,-8.450330015820098,5.887883134594101,0.9856063611591778,0.624152112195213,2.0
168.77821204713032,-485.61591320459706,7.031234754615149,0.9675501150110368,0.4490524315045869,2.0
-160.01688193205754,469.94536838777316,4.747630838255058,0.9669386787482602,0.5111323440689111,2.0
-471.7397221359771,113.38482735863592,4.484314993002311,0.9736724288649496,0.5403070357716908,2.0
-419.9310599406205,-255.4725107223177,5.458537315912999,0.9631724703910706,0.4886380367801558,2.0
328.28079022472053,429.4982638317848,5.443139251460938,0.9899677435855251,0.6759978402231579,2.0
334.0583098611323,372.3412174057401,6.352957694274147,0.9840830735314489,0.569904268668763,2.0
-494.19281643556707,42.717850725154,4.632226933725515,0.9865032536761035,0.6939183460913475,2.0
-316.3129001044319,356.3061140508528,5.146736135332328,0.9892421501260622,0.7155138186732171,2.0
433.57065568608834,-253.1879017426841,6.438388000438058,0.9739952439342988,0.48905010151702655,2.0
475.077397538596,-154.82500697036622,5.964655199340031,0.9808667529233934,0.6452010225913748,2.0
-412.47886094867414,247.11358758628435,4.478785868974758,0.9699533987738297,0.5224323653957108,2.0
-520.1526614900995,-74.95778875479972,7.003378235956248,0.9876104394103743,0.6912739374653416,2.0
-264.1443135532719,410.7646262945291,5.826020533815794,0.9854806329639736,0.6364533073798843,2.0
139.27527677441532,483.3654551018169,5.595207507984173,0.980526488137269,0.6422868165232232,2.0
468.1382161218685,238.34680566043068,7.163547288739847,0.9910755634794317,0.6493267188415531,2.0
-425.6392539232061,-222.3905474102717,6.118648782887267,0.9838052253444349,0.6289070377392433,2.0
424.54717853551745,250.49065430610705,6.209915571691145,0.9702070036109037,0.4677488027804493,2.0
-43.00549219796293,-509.2675365624277,5.515022661686051,0.9934332493418487,0.7174924403964216,2.0
186.35559925019953,-496.0945020706385,5.521415804263587,0.9795673306175022,0.5865575735188355,2.0
215.09643765491467,-455.20943039128986,7.325711616214164,0.9828359083073789,0.6690070806791688,2.0
61.75360152181736,-484.8063790337543,6.176491964993857,0.9744165974269712,0.500349782597907,2.0
-411.30508495956377,258.5989500643594,7.372011543879355,0.9879416008536621,0.6020950550400195,2.0
420.0331210615959,224.14469538509118,3.826131970717759,0.9707368408068509,0.5937909939232389,2.0
-241.00073817914435,-392.576697933553,6.417186241527752,0.9904790388236089,0.7220946404989687,2.0
-462.9808166430048,170.23970372376414,4.165138556544646,0.9528756612192776,0.4523555714815186,2.0
-316.91600810725976,-374.8626887637803,6.055930814187817,0.9827035508931501,0.6611194777958574,2.0
497.60653932915693,75.32488513208173,6.258493733944306,0.9732823123526185,0.4830632118877591,2.0
376.9962150004768,-316.0129562196752,4.794209664824609,0.9761120044582294,0.6506271364579342,2.0
-262.6582502476039,-397.93556118401943,6.751866846570773,0.9853085149693825,0.5879724568736092,2.0
47.230157530185075,509.33083248042755,6.969678334640981,0.9901397835940893,0.6677265410682115,2.0
-251.87792060141956,455.71342836961594,6.561519595860462,0.9834811947367782,0.6082838769324138,2.0
41.103754416540724,485.6628002129631,5.5780476021241086,0.9854184957963849,0.6409087813623578,2.0
-491.9881752148982,-82.42823123117007,5.8339167670921634,0.9669497645043688,0.4425775802192965,2.0
16.54139164458104,514.6866728749538,5.96279750816195,0.973178762257701,0.48270344411600175,2.0
-102.09626304874502,506.3268493084317,5.478734274550106,0.9824614575876914,0.6055488171458944,2.0
-250.33647181136902,-400.8331292173631,6.059620114067383,0.9870422157309542,0.6320918559937585,2.0
429.4090283150135,-273.76798283061174,6.518805471256035,0.9842893537869509,0.5711654016908458,2.0
-517.0970345835142,97.90592121469136,7.866863329882676,0.9853339248765925,0.5395610583640624,2.0
503.08286335250546,-27.746910362234267,6.471135436696336,0.9893303284839309,0.7078055789024323,2.0
192.93076551222364,-467.9699653518074,5.609842757309225,0.9685473355935843,0.5161023452463948,2.0
461.11198525311954,-110.51364241167954,5.061726110461653,0.975673986056195,0.5709082186402247,2.0
491.9959056581811,-77.16524308670387,6.727851361102953,0.978339449608067,0.5170351929606607,2.0
-364.23213801830946,317.65515300023,5.881437280296392,0.980421692172321,0.5490535932147761,2.0
127.64116916095948,468.9493145109382,4.848301841452116,0.9664505117515453,0.5131600244340039,2.0
500.44920841152424,-68.79713592387981,5.673332448636474,0.9844349798002753,0.672723415448653,2.0
304.18827769887827,388.8776469667173,6.421577822022461,0.9781934844982839,0.5685241243319273,2.0
-343.9981849325079,-329.45001446056295,6.192625149727474,0.9845637816616692,0.5849417949503983,2.0
118.41353437217927,-492.25039347653706,7.393595272579663,0.9829099008693439,0.6577162445264493,2.0
485.15004645324507,-53.49635324732565,6.89543091680026,0.985398639909636,0.5852071248045941,2.0
364.4986149572188,318.78215251410995,6.083633424261932,0.9780699210353442,0.5299082296768937,2.0
106.23934531437206,-495.53833758597085,5.867765536331161,0.9754557835255303,0.568761893604568,2.0
-480.582513696947,112.66328849610146,4.739202443396397,0.9651491680370945,0.5175100034755054,2.0
355.9730438031432,290.5265787666331,4.705944638250265,0.978860573550604,0.5969329624918734,2.0
416.7122146155212,-340.10969254885447,6.100098183689254,0.9869210915313271,0.6851981844421287,2.0
224.45207081043043,424.2095460423307,4.3261918820973495,0.950821993501842,0.5258420660630243,2.0
-180.99293719485803,-475.2286103477244,6.732188016007764,0.9829371885000519,0.6085236427549653,2.0
393.4379096015509,-282.31077170847965,5.506082886140904,0.9825754414218686,0.6214747775660732,2.0
-492.3773363553646,-58.52305392003501,5.222086653759576,0.9892052526279875,0.7065738225202921,2.0
-136.553333306429,497.3750807520027,6.259136850367071,0.9906754545880926,0.6528166474138662,2.0
-275.82421437338104,-385.2265439046951,5.350527483979781,0.9715614839105827,0.5289513953116488,2.0
133.96487239186007,-496.53683256297074,6.471172733996857,0.98484605586642,0.6526796457632348,2.0
479.34538001957566,-183.4440709123135,7.741358275244676,0.988601909903388,0.6339139412849227,2.0
-365.84232140509005,-350.02271363825827,6.18022968227281,0.9680262523930612,0.513450326569582,2.0
-443.48441897162286,-38.309026806913494,4.657855555054931,0.973196447757851,0.6054218112686124,2.0
-162.82607387813604,485.4530752942976,5.029316555294278,0.9735295672697125,0.6102556327407528,2.0
-268.3916736101531,383.1520784831622,5.574769430823485,0.9833323221364837,0.6161337923176742,2.0
487.2693344151166,57.87169864234519,6.737502847773617,0.9748270530146228,0.5493547066663552,2.0
481.11835056001735,82.64556085706481,4.421763892663543,0.9740358093518501,0.6077093885641164,2.0
-66.60498882585583,-488.9290242626631,6.492063374672445,0.9679422969834671,0.5161949639559684,2.0
-345.7792022525274,346.04154375004464,6.251733133983365,0.9836227492429709,0.5686221653778966,2.0
376.6439334355337,346.1788076797163,6.804877310965095,0.9808989448828102,0.5424300141971152,2.0
-2.1340953251223898,511.17119801140063,6.091018866378803,0.9830942393002509,0.609821356664516,2.0
-503.3769972551541,37.80363834802028,5.897027272104179,0.9821869588211165,0.6334186914626647,2.0
193.3446789941515,471.3185668473941,6.527629809983122,0.9771981167726349,0.5619625801298263,2.0
5.722934133109139,-473.5508303390582,6.273528567830458,0.9859271433114988,0.6802978751724232,2.0
465.28926535199844,97.89026980558029,5.524399796960438,0.9835821485016553,0.6217411770458361,2.0
489.10917345405244,5.738579139205103,6.195684232295896,0.9855541385739435,0.6295782219245225,2.0
-44.62444170431496,-498.1305386551264,5.880144999536749,0.9814633005022787,0.5627040578660767,2.0
-56.86955649783122,-480.8152979597913,6.929175526348738,0.9716555833881935,0.4760613780475001,2.0
355.0692654783111,300.6472578346626,5.538963349070345,0.9865618012673958,0.7223721818099654,2.0
70.1754693476351,480.35924938554393,6.454623967636275,0.9849641688700983,0.6418552754572114,2.0
-341.2289729005284,364.9023086052041,5.018374029539353,0.9747899687410101,0.5528822542191745,2.0
-211.17132375449313,-417.3483635876366,4.278298667139089,0.9779104935270961,0.6292579831698689,2.0
-440.89774111373816,-170.76166906962263,4.861583836062943,0.9889190251867902,0.6982674224577571,2.0
351.8788154379521,338.3960181701975,5.663158817480538,0.9764259517854585,0.5711828342264562,2.0
478.9335758012605,184.92656113692877,5.0662120433487825,0.9734691385417164,0.5403746892025382,2.0
-55.56700875555821,513.5065295709638,4.3942487306186475,0.9667945836248576,0.5125363259094273,2.0
214.47183878610304,448.4231680042092,5.53101445426524,0.9902778063710721,0.7247117184299731,2.0
-377.2662153479109,-327.17859269687074,5.993875471951287,0.9819408333243281,0.5978426242271344,2.0
-24.431486756035323,490.4851352474507,6.455288449104279,0.9756047111708477,0.5099156357447693,2.0
-423.6254395857305,-277.3866517417927,5.758835031021946,0.978822741755135,0.5435580439466136,2.0
-28.522916967048104,-482.59253879229425,5.372315868657549,0.9730734866753015,0.5517377467417545,2.0
-223.4685361596742,450.77832645579934,6.04792955877976,0.9878903347352704,0.673216980770792,2.0
242.38986989961552,422.4974564369777,5.700736153881343,0.9898673430251038,0.7142118096690261,2.0
36.844530563493315,-500.93248111696204,5.661810904102712,0.9784016557218703,0.6368626871197004,2.0
-365.4057454794044,-323.6558481200207,6.886654926554264,0.9706195980838019,0.4805300790272388,2.0
-88.63251336100649,486.24584754701755,4.913635454681871,0.9833804982502484,0.6653362646455017,2.0
-37.85196503175528,-479.9833338365542,4.8016691865522425,0.9783374729987198,0.6339956570621813,2.0
-9.521592348964848,-495.0457605639537,5.482345887542597,0.9668076270716215,0.5045182347446453,2.0
-312.89269842456525,-356.3519854718719,5.898435372566472,0.9727799798364679,0.5470252166922873,2.0
-477.92399709741005,183.80903573686564,4.423522891966143,0.9740957676741329,0.6781605111689929,2.0
262.74257836789246,-418.33421834667774,7.489714476715347,0.9839471191299591,0.5762361104804081,2.0
-397.4911659581797,289.18236911147915,6.85598106263604,0.9873359629265331,0.691392721292389,2.0
-328.26250234786687,-345.71399400767496,5.179432970959694,0.9685417355064679,0.5135985151505056,2.0
320.06451069286237,-389.8512117909899,7.599816723238551,0.9878720731594416,0.6608907766936208,2.0
-405.2008376503292,-275.6914750858837,5.542301347792812,0.9897245304544376,0.666102881003122,2.0
-31.178814965667957,-523.8588239810581,5.445325645454842,0.9748517560148312,0.5495746153774899,2.0
273.80330974380473,426.874994949582,6.103093137499742,0.977246096263372,0.5986966741653472,2.0
308.22494577391774,-412.28313041286896,5.48441669222139,0.9788717876263332,0.6351410374454827,2.0
-388.40940487898723,-330.4583450350524,5.983288517107999,0.9838411831156874,0.6100669692326731,2.0
461.75681881804377,-198.430219946772,4.992892767962796,0.9735978647994422,0.5455390853780969,2.0
377.6641740346934,315.51611285942164,7.844203624970053,0.9888649881449877,0.7081721980084789,2.0
-129.88863776167543,-482.9678718416106,6.768498720206657,0.974268392178016,0.49100541417743643,2.0
284.66143012309476,425.07687451090897,5.348023631756538,0.9808037202272637,0.6182958921209069,2.0
451.0855488871977,192.47992554028076,4.933778463445782,0.9644530059492927,0.49536844263450613,2.0
55.15775672630976,-474.56769724954273,6.173998153004499,0.9844119908416816,0.6255643801545273,2.0
-236.88030675347542,421.92781594550877,4.019496968965634,0.9759166032360074,0.6198070447597552,2.0
-1.7179120777368724,-502.382665954542,5.782313276067056,0.9802682423329155,0.6520404098928444,2.0
382.8377357850833,-337.83503933400436,5.492869639396785,0.9666954715744527,0.5383114011821784,2.0
-535.5146468542346,53.2878803275163,4.808525916441981,0.9781870094718883,0.6318539360469874,2.0
169.4777953307246,479.73972491636584,6.861657526802169,0.9908887431371756,0.7233146574403501,2.0
-403.14588966192673,247.7381134905989,5.308182160712858,0.989576823655891,0.7263086179237264,2.0
9.592443117055337,-502.1031765705273,6.111381241629877,0.9774553094913783,0.5751132716309061,2.0
447.9784788309922,-187.2896163068747,5.46836252438461,0.9814688395397879,0.62500383262197,2.0
488.998705229746,-95.72789691421113,5.9009700796335345,0.9642838498156242,0.5015330702763973,2.0
-393.6883369244441,278.2156290487565,5.297562460081566,0.9792812651976543,0.6380701163477681,2.0
341.7052997379208,-364.73532145615775,5.2185130125408445,0.9935150777389734,0.7160006000694288,2.0
364.5121587432189,-340.7588592494234,5.841154587751008,0.990047210963639,0.7226841052403159,2.0
307.1400968199471,-389.0564433526731,5.487052604823635,0.9771798298142232,0.5786823812303147,2.0
511.37025154624513,255.18788893360423,6.116534772501269,0.9849592665575841,0.6613781474746154,2.0
513.5774405270754,-52.118018924148885,6.688720464644294,0.9845185357971072,0.6239847820369213,2.0
94.5428283748543,-492.8551264166636,6.484855597329617,0.9757133611134599,0.5046685852598384,2.0
440.2508775768755,302.2330708165595,5.06038987703431,0.9672098707292746,0.5213730795305032,2.0
-231.0373650765752,-389.55523453905647,4.163626300696934,0.9888623309464701,0.6597968630483758,2.0
254.7177469410873,-437.8932594811242,6.424706360030045,0.9704768612186222,0.4695803468967627,2.0
-489.19045848894865,83.76180519358118,6.248011945268444,0.9767188193346834,0.5679463255633833,2.0
135.65952165266222,-485.7382183593709,4.979555913192633,0.9659923936070772,0.5160280415559624,2.0
384.9016330327266,292.19748682809035,6.274556545985644,0.9811843741850511,0.6111910563459343,2.0
345.7297889885038,-343.7383792514528,5.7389068955676645,0.9872401984282009,0.6942268448071246,2.0
282.5315668047106,437.85905503617073,7.975406269607825,0.990733480325528,0.6797148455906548,2.0
-224.38007968640213,-445.1124926510421,6.891124428741992,0.9821986933573713,0.545758216179217,2.0
-244.75923294844893,-434.54484740997424,6.86892755844672,0.9920403313877963,0.6773233615398855,2.0
-474.7709558634596,157.34391388968038,6.714343011922622,0.9881085466194571,0.6469786293363456,2.0
23.854709471773685,498.11659592884456,4.679629110585836,0.9857631621558822,0.6772178887156207,2.0
-212.06542365870092,448.61968012086174,6.005840678956865,0.9765656062764002,0.5580613494101494,2.0
498.3430121994482,-130.22856905565735,5.034632193793876,0.9835825502012042,0.665520595145971,2.0
-538.7421102102492,132.26413507678336,4.510548476658525,0.983086821760497,0.7194301487966573,2.0
68.5615315149829,501.9290371087729,5.188637832015157,0.9828164238121812,0.6641201559287726,2.0
-339.4805441511986,355.3177611304115,5.229016818626684,0.9784711178214418,0.6372732971399395,2.0
262.57247564899046,-484.4165592674387,5.679625978881231,0.96345613322973,0.5848556785680561,2.0
507.4515210540971,32.843133907011975,5.723136597432344,0.9915642937225376,0.7152206298144098,2.0
-499.9552425520491,-99.09394688519687,5.529856339786914,0.9793248866492084,0.5919569415159056,2.0
-460.4717345073648,-192.35593875153228,7.3152035657200845,0.9675639099293764,0.4451410232211105,2.0
-509.9637523105872,77.16785195194358,5.533836525668914,0.9800332551817127,0.5799673726126962,2.0
-488.274054084544,23.147169719818095,4.620232461306684,0.9711402692516743,0.5393694750484547,2.0
483.51762631326494,91.9260699591038,5.48058477288146,0.9851749914018265,0.5860071112126416,2.0
-450.74366137019155,-201.76701913703624,6.855761972633902,0.9828472133065861,0.6200177257066587,2.0
-352.973828558586,317.3972948295226,5.962603513012094,0.9796451858581194,0.5907211306496444,2.0
540.7168936126815,159.6377881193694,6.04230258247103,0.9808477971714953,0.5606742312751072,2.0
-325.1627500757793,-356.9538342733736,6.958377062922474,0.9851406554045345,0.6012903334596174,2.0
304.2923104076286,406.5311542852093,6.593621441617374,0.9754367868892535,0.4942075597286024,2.0
-284.09277823544494,407.1991217466734,6.347811096416031,0.9863751187909537,0.6822808892199854,2.0
357.31023606311703,-260.17285666629755,5.594759200413526,0.9900109169719237,0.6856600582941433,2.0
403.05812927829834,-317.9893862258143,4.61908325133621,0.9783276286632363,0.5721351656913024,2.0
-458.14548173081636,-215.72754708773624,5.68448807926144,0.9740943110837056,0.546694073947888,2.0
144.5602687393502,-481.29295558428436,5.4025320147561136,0.9748823087798199,0.5533267804412555,2.0
-475.44948239415106,-171.5004568253455,7.094881887731584,0.9805613035964287,0.5395233947531475,2.0
6.621288230648789,486.56858428399875,5.258123447651748,0.9887772871824625,0.6780907166208227,2.0
-397.92949502439427,-283.0014548419838,5.021528446289435,0.9795665479269252,0.5827174981772268,2.0
-149.72731252639863,-475.3292279895452,6.097280744626893,0.9873505414703279,0.6836217773977565,2.0
-372.64449883089384,337.0604576512811,5.720597649602577,0.9821570749498483,0.6023226212599571,2.0
-434.9065354119133,214.32186099717376,5.91772380104864,0.985336871617992,0.6763691887350011,2.0
424.9088083939722,263.7095154158168,7.715547995338895,0.9809546825138561,0.5430111184889989,2.0
503.81884052721705,-79.31511669844168,5.625963111871755,0.9803541863365025,0.5874632631147974,2.0
-481.2303043094919,-184.02924073052534,7.151822735930477,0.987170433117794,0.6146978431361279,2.0
423.30730141034815,216.47519560616507,4.945036531310021,0.9708409657915489,0.5338376605355508,2.0
-496.5422277816252,-40.92936242265968,5.1974013641105765,0.9768082672667505,0.5610387677310518,2.0
-404.6743759999479,278.252723132352,5.973119005376117,0.9936008938245139,0.7166669371523374,2.0
-237.4230974603445,-423.66311597774404,6.489173587649044,0.9819684050797093,0.6025145720608964,2.0
349.1187081330901,354.98529852153365,4.656007824389039,0.9762368052332748,0.6227183401848861,2.0
-395.5924858818316,-274.28801472766185,4.376840703873573,0.9820778508017984,0.6020902483075555,2.0
31.696908375247396,483.95583115043655,4.233679627805034,0.9731147529581853,0.5450589615979624,2.0
-412.92484892504984,-136.4696691398541,4.657562728815187,0.9826767894526635,0.6055051449660279,2.0
417.4868435166181,-287.7669219238964,4.885838587389609,0.9651753055121622,0.500069030978444,2.0
-223.86381898279134,-404.9177158540312,4.889335821830825,0.9840587288426083,0.6117318275601706,2.0
212.76784174663297,-488.30258090391317,3.773450176743583,0.9788975974985026,0.6980228171917461,2.0
-280.5193464976595,-407.6943054673252,5.301464364947074,0.9780689465102053,0.573138860594673,2.0
491.08700587350893,46.87763483543738,5.554322064652841,0.9696057780815318,0.5256181717513437,2.0
482.5893727948768,-14.862178821267634,4.535167801549762,0.9713943940287857,0.5474738997955807,2.0
452.39938398740316,-114.47224050086618,4.994460094417688,0.9718972734681576,0.5325922650083255,2.0
349.3788980970982,-374.0592746552,6.994149680117616,0.9831587725653099,0.5673126959412923,2.0
460.71793026415855,-168.98261177501172,6.699116054207728,0.9723984355860437,0.48145825345179066,2.0
-121.20588629501714,514.7305468384934,6.575722451593206,0.9831185755662373,0.6149701625129864,2.0
-414.7381201942063,-271.154210256341,5.228279479594929,0.9824512510272436,0.613704426251069,2.0
-362.47528057059185,307.14379304009435,5.012100390622772,0.9868152815549911,0.6607962402862296,2.0
64.4052348824135,493.5729976999441,4.382836663015966,0.9736007604870874,0.6128969278007775,2.0
476.02286995277603,175.0418192601823,5.7136998054728405,0.9800584838156997,0.583211151851319,2.0
-396.42693744206235,215.19530704559557,4.87483065402522,0.9594894680046974,0.47858866592036103,2.0
482.8603989208143,-31.449669910189794,5.073692970415208,0.9750022886139967,0.5507635562395523,2.0
511.26854187688934,10.984935230509207,5.526763438051055,0.990597882493656,0.7209433648807128,2.0
-207.58141047472472,439.2061288754487,4.87594240801016,0.9656529293766554,0.5168610889801293,2.0
-431.48290612629614,-201.54053578315018,4.905839764911993,0.9803972526214179,0.5871856754032454,2.0
412.1065500223183,283.0245645726861,5.301545406044625,0.9845776764578763,0.708450112055246,2.0
-514.8345943160301,-7.14703629643841,5.150040648425917,0.9668242794803247,0.5777972401625107,2.0
-444.8062313032251,-232.9514288316281,6.072671438045305,0.9768582391459233,0.6304453382011981,2.0
-499.63490803677195,-112.16345555173461,8.07310239616975,0.98613283837673,0.5907690315383529,2.0
-487.7349574642568,105.95838069719245,5.739760738024839,0.9735878768326262,0.5455114378452609,2.0
5.698618178938751,521.8515472634896,7.541854104463735,0.9867992251388119,0.6439825621515669,2.0
-274.6486205334182,-316.46032048052535,4.829123296038908,0.9663569219873708,0.5212709819889119,2.0
-165.9140092071124,-462.2745065833577,5.69848346139916,0.9866063752519331,0.6496926822431792,2.0
229.85447613357243,-453.2653784761435,6.962692868791515,0.9862485823202858,0.6340872899148806,2.0
-23.699913014256136,520.0726790270506,6.077472491336302,0.9731614488172531,0.5391480321137465,2.0
388.72698580650507,303.79294458195767,6.327653649191768,0.9810321086959396,0.5888306921192769,2.0
97.33452334283504,472.8724396165773,5.162966426003339,0.9793879818008822,0.6395190953805712,2.0
413.32457608149116,-316.68693793217926,5.960414397853226,0.9781486541906725,0.521256356834818,2.0
-484.28539305570257,-162.66042032827912,5.837777231598133,0.9838515003758548,0.6887302651182367,2.0
138.54258440665305,-459.01031873553814,5.202206284313676,0.9650011175634134,0.5062877479609481,2.0
276.6004662911915,-418.1271610887466,6.537288519439743,0.9861890253171927,0.5977253309631299,2.0
455.34568783610285,-256.71270024894505,7.1215910343433215,0.9846578875620041,0.6192404462899037,2.0
-189.85985656307622,480.56897774841826,5.5039382539686335,0.9825029775662474,0.6620404703239142,2.0
-236.12794729712226,476.19472316143424,6.299598776811857,0.9809640785213617,0.561268370959312,2.0
-381.0450745888924,303.52959301460606,5.854823369119631,0.9819184495380076,0.6548437917033781,2.0
-448.61076780842245,282.11519427169395,6.520523819546711,0.985417964400533,0.585588295946097,2.0
-52.34741992182428,-530.5942979524967,6.814323243537409,0.9866943000421942,0.6212064874402268,2.0
-373.3481833492706,217.26809446492248,5.342578029648911,0.9810791608235078,0.6020525606923977,2.0
-485.47820647890023,128.89454489728192,6.354973543481921,0.9845304602649273,0.5955856508725581,2.0
-94.71726600765528,-502.019726494134,5.714584113550705,0.9744539998672453,0.5479527570463877,2.0
-500.983531316924,-79.17852028465862,4.294630668725256,0.9634883889055572,0.502387880021921,2.0
-261.90374332012203,430.004752112294,4.819577135938167,0.9815073254025674,0.6125180311415889,2.0
-481.9748328909664,-96.97520273346184,5.222785004155734,0.9798579114477636,0.5884105426873527,2.0
325.5901698389148,353.5741578722964,6.902843584206675,0.9884201057903632,0.5715985953510062,2.0
-152.8709681393646,-496.44642514458326,5.138337116275354,0.9910159146907322,0.7021563141971826,2.0
-304.66999804787656,-380.0468049602732,6.550643535157567,0.987452431974756,0.6469684510152716,2.0
-71.83996703537551,460.6173101715642,4.916039444935414,0.9869688650125424,0.6951834040995339,2.0
443.1042794726348,254.79934403665652,4.867946058438604,0.9874350350291384,0.6928474575766386,2.0
-5.947128478509663,-512.1973710640502,5.430043326976105,0.9762337960721492,0.5610836220241393,2.0
-464.9558899431862,189.53076449707905,7.400266455182237,0.9866931406274475,0.6457543615246567,2.0
444.27311517247654,-229.39040339868546,5.796031215838386,0.966282999499679,0.5111844624157669,2.0
456.5523066977556,-150.2605747795673,4.903918498813622,0.984395243805655,0.6277155072904121,2.0
483.9106147538701,-41.48347538029764,5.477090601710676,0.9795330337935371,0.638278336563962,2.0
275.4958654559774,-399.1411715194319,5.265097625728195,0.9770860488473506,0.5823402788723003,2.0
133.423252169145,500.93299910587837,6.140959563059523,0.9790091260192639,0.5262379705334534,2.0
-301.1313064253013,384.0014032141757,6.986515517229366,0.9839269737966011,0.5908667480231892,2.0
-292.2226475005327,394.18406235126105,7.109484897156433,0.9774693096925154,0.5636416109241817,2.0
162.1274563528585,-496.24444156598514,6.124327795024321,0.9789248337697812,0.5822585335081526,2.0
-497.41210244968966,-19.263375746619676,4.435822138543882,0.9751680640409714,0.5587675943599376,2.0
-379.6549165422374,294.3569995437169,3.8213649272282577,0.9679297927312281,0.5999135992461967,2.0
-474.2692181969558,-60.84864094651988,4.782607210767314,0.9892992884703604,0.6800700994821919,2.0
-500.83947465916873,-88.53329076612322,5.308690292876878,0.9839072388252008,0.6235280537451303,2.0
-196.8786894682974,-461.51037250341386,6.433959519088048,0.9884146963091376,0.6547121901642533,2.0
-490.50211222558534,117.44993410015526,6.474833276629989,0.989976944493755,0.6707386319493308,2.0
487.03426115053054,-151.3013311044771,6.920268582153526,0.9831136459583145,0.5771967458687907,2.0
15.653998688298772,503.74722358237085,5.585693589284327,0.9800777586250726,0.5553883411354341,2.0
-113.08987155329207,-486.5435887376112,5.32579884114325,0.9759722990822146,0.5680519105512929,2.0
-348.0090660633357,-339.7844610636002,5.077344194528413,0.98119026943228,0.6038742003719768,2.0
335.04247215446276,394.7265648490546,6.107047753001785,0.9803559810213444,0.5695319101572799,2.0
352.5581782860479,-361.9717630476443,6.090889380644826,0.9842885423223151,0.6349094441753451,2.0
508.8056626449684,44.05718646956698,5.814628274161375,0.9801459364871242,0.5496715163190472,2.0
-146.0172927240687,476.1859305743339,5.196883311815564,0.9783669389114286,0.5731327352770248,2.0
-89.17116707199602,-478.43163553154903,6.614637621928721,0.9814807475702473,0.5499753388673405,2.0
-420.2578377637481,241.62764527321494,5.339945471876046,0.9871314360963861,0.6437162509769122,2.0
-499.1329300783652,-124.42758519815258,4.751859646663683,0.9621524476324749,0.48623609569347936,2.0
-421.4099291089635,-288.15359409770656,5.691560919510849,0.9762759000008204,0.5706356543654637,2.0
-277.7105536876328,-427.70688585709865,5.059820058590797,0.9657486574352089,0.49946344310510893,2.0
-255.65042431215625,-430.5517102761215,5.036565224871663,0.9709852534644953,0.5299784052729737,2.0
-442.6593337415497,233.12817873397188,6.448635177249873,0.9801222339541551,0.5849756156215797,2.0
102.27066735127067,501.4419126282652,5.471754157416657,0.9811897510917328,0.6119241447736135,2.0
-289.3412147109781,-399.8371869439524,6.876808986011562,0.9891000587458473,0.6365126588452755,2.0
-495.40441917067227,15.831470909914918,5.771729487627624,0.9925690769706037,0.7048149955523723,2.0
-31.2138451773682,481.63905501712986,4.911553095703879,0.9879635101570395,0.646850674174494,2.0
491.78059445770685,108.35152235362682,5.552493130982736,0.9839316640578484,0.6272707944459704,2.0
35.63974400911926,514.3694401446829,5.397108308034629,0.9847954921149868,0.6315770456285391,2.0
472.7897446748296,-79.31712428878062,5.591971036413544,0.9766109816559874,0.560252839425535,2.0
134.95207470343948,461.43238394550576,6.078653033403286,0.9717575035600288,0.4964454436517469,2.0
-72.12905161379378,552.3478963894231,6.082488613148297,0.9844288950325791,0.624947819098494,2.0
-490.5927038776136,-48.722923641139744,4.998365952175063,0.9768583951352258,0.5623139130181595,2.0
-488.54493110352473,181.65487864322074,6.767112507761431,0.9889990887949048,0.6701738509056838,2.0
-97.06745814022571,494.0654170094809,6.486097618781843,0.9938523950501269,0.7217461217790289,2.0
-389.6760449417742,311.1872413283693,6.191371480151408,0.9834422484517817,0.6124223654101316,2.0
433.0762280303663,233.5000846680087,5.694950608446428,0.9725248828611082,0.4933775091614268,2.0
-498.59365647661275,107.24012213394624,5.52367358298212,0.979115056592542,0.5988653614324477,2.0
353.2487411664193,371.87663319029446,4.669157586828178,0.9774073231206696,0.5782687232682462,2.0
186.84007792154608,-477.13858346267807,5.835174519274606,0.9816320618875057,0.5430600686171141,2.0
262.0352093040752,-429.9902988278693,4.901799920064899,0.9675142668543805,0.599221104634979,2.0
467.72700086510275,-287.0654105762388,6.483625027533783,0.9799593219336179,0.5452390005086163,2.0
515.7099291253998,-4.621112549808041,6.099463537053532,0.985415657387024,0.6395225187707291,2.0
-490.6995109537563,-120.84540787656917,4.820345234309832,0.9653827329988542,0.5010624999629357,2.0
-520.2525527869504,71.56471912410602,6.509167124168384,0.9842493183168267,0.6245102724752869,2.0
-160.32743593671438,-472.7017088324293,5.261115258032071,0.980150714618916,0.6399758189756581,2.0
458.99654816438226,-214.40537207386927,4.641531666984243,0.985763794471401,0.6796179333733,2.0
-481.89808436869896,139.57984386642127,5.393233533187702,0.9682717924757541,0.5137124760132804,2.0
-500.3431054645026,-29.883870382986565,6.923727726877356,0.9783283070816992,0.5206976890945252,2.0
232.90472097639682,-465.54260095158344,5.097723456558792,0.9630572942599207,0.6382061643186883,2.0
-403.10455766601814,267.4495969202705,5.076118777008966,0.9785090727279918,0.6212001276136193,2.0
319.9890128065659,422.7313806928019,5.562865839924023,0.9746428010577202,0.6159798107374445,2.0
-235.56063894146538,413.63191714234046,4.690096814823805,0.9684941484398694,0.5199310163573801,2.0
-504.28437577823166,98.16935430206432,5.369036603670166,0.9862404440683382,0.6458707285634496,2.0
-101.95327060135222,-491.4213530447949,7.411997034148092,0.9838880662294825,0.5727397248396504,2.0
-142.71850849659077,507.890879965022,6.146697182871426,0.9832244109500632,0.6695309900885482,2.0
287.0737455706657,-414.89642212385206,4.826147081908494,0.9851164868253592,0.6422439298884466,2.0
499.78167782875397,-17.45483793893104,4.810013052318957,0.964389108493452,0.4940225084059153,2.0
7.880049936768835,509.67312970207115,4.404066858432035,0.9806698163340646,0.6464952425727686,2.0
279.59363030138167,-428.59671372844065,4.825847627527917,0.9824602125080449,0.67924618701672,2.0
-513.1540227320285,55.45645480767327,7.7243083338495575,0.9809292729293458,0.5406974163827948,2.0
-118.31001840803643,499.382783042596,4.898381883666853,0.9700517435197933,0.5295806010759948,2.0
466.1716208109205,136.83440477474787,5.111890824350758,0.9692696775195105,0.5457036192080645,2.0
-16.798924356575657,530.5174677567587,7.052356909489463,0.9785718124598226,0.5892150865299498,2.0
482.09608911386096,112.99483909638596,5.3338605548888705,0.9912595422770513,0.6918324755379073,2.0
424.76391263131876,-259.7147280203992,5.037553191030068,0.9797601133819304,0.6339812786084166,2.0
-132.51814251277688,487.43295020098424,4.754368973687178,0.9725576069567315,0.5385424045942421,2.0
448.289796538188,223.96513123934963,4.650718170331461,0.9815166921056953,0.6170430453421711,2.0
136.92422120454296,472.8504405333383,5.698123416159725,0.9743760096645661,0.561827528082488,2.0
81.96190233609993,482.1399005360424,5.580930828851023,0.9847320513323717,0.6368033342687528,2.0
-280.49206302988466,396.429675036599,5.438303820341531,0.9727610824029601,0.5410855594373702,2.0
507.3246228901633,1.6307640053485108,4.830780888901496,0.9779875111002151,0.6372467283609164,2.0
243.02858354356476,435.1496331669333,6.80138806737522,0.9703442782219013,0.5302461413433126,2.0
426.43919636477295,284.3766179311248,5.85697036446486,0.9723206267376691,0.5328564342837765,2.0
43.73761549481789,520.3446204016792,4.9237652113838815,0.9807407083434189,0.5864851383896702,2.0
-378.73004329409514,-349.00737100160524,7.360443197561946,0.9827323803851375,0.5586332196133871,2.0
500.25039106673006,-99.72871609411459,6.629734704029281,0.9834718495991778,0.6620891227893045,2.0
261.1983995401323,-447.13332638762205,5.186086390076969,0.982197254661908,0.5455413338458681,2.0
-296.2074141311902,406.2963754330821,6.2965648477297735,0.9743931027111272,0.549394458220919,2.0
-428.1113483578772,-374.4832230950366,6.0085878480783,0.984405358555465,0.5894834349233503,2.0
-266.8839303567247,-470.44683127129593,7.023336704583932,0.9826433551163327,0.611562334010764,2.0
500.62723943988306,51.22108060393941,5.427832729355612,0.9810429152066418,0.6464800360133424,2.0
13.840360775895657,-491.951240332083,5.331980630643813,0.9806433178204153,0.6450545868541918,2.0
295.1653508765735,429.19895000670334,6.30781650429332,0.9875755678856218,0.6991485562172596,2.0
-149.21289582244094,-518.0488090746996,4.819726432030182,0.9739542137303027,0.5456103677089962,2.0
373.7371401923072,377.13318047231826,4.808540184530854,0.9653882308076432,0.5024875114301631,2.0
-564.082061306593,-37.0986896740593,4.8231033374306795,0.9845318587605141,0.6805392847370827,2.0
-463.6720386036329,-205.24857591225134,6.708953834330189,0.9796924192879201,0.5959738821191014,2.0
-477.12870613727745,-155.2350306768203,4.561635148675822,0.9818379328759307,0.6811620136025425,2.0
-76.09257200671694,-496.13117603530105,6.000741599787177,0.9815231424654979,0.6026997273894378,2.0
427.3514616143183,-349.3924504886841,6.634133548835334,0.9830262596059415,0.602482178025938,2.0
-78.87229216244017,-519.4928664668712,5.275313503853881,0.9727023134059521,0.5395366379904739,2.0
-409.3907325385817,288.4863955903958,5.528616852907152,0.982547927193268,0.6057223867008329,2.0
-523.1904264635491,-57.24232111157202,6.9122342624142465,0.9815125953049993,0.5500132344831244,2.0
44.84607974338861,496.59763958442244,6.303968797803361,0.9824574454595716,0.5466048294703573,2.0
463.1858075152059,113.77628742647327,5.054056992903958,0.9782102065123205,0.5729311264009554,2.0
-396.6879059940067,301.6077968227194,6.106284739995354,0.9697785424951777,0.5213055221228727,2.0
-96.81825070603975,-469.77829018561647,5.43158977934146,0.9812166887423719,0.5970709260244159,2.0
517.2102696472361,-64.14637732213352,4.411529578789867,0.9683326961070242,0.5864045711852026,2.0
124.75389331788422,-517.8414568436084,6.709789532579688,0.9867497491393501,0.6070170808811894,2.0
-270.3581668501985,393.59257305062283,5.51033324070558,0.9777695919205907,0.5230536012162368,2.0
186.93868228684775,446.9687001244165,6.50278486094503,0.9813070246923995,0.6068106914373675,2.0
-496.1048415884174,126.95281710525117,4.8379677951099005,0.9741061193826069,0.5440698600419029,2.0
492.46748160739065,17.374813371954662,6.137467527643798,0.9792082732863504,0.5337949566775189,2.0
392.120354722865,283.17541176342814,5.704154800998789,0.9869474524786674,0.6971743741691881,2.0
75.3672131894874,-502.87040769724655,6.421472462701948,0.9840956272923489,0.5704026527742276,2.0
534.6313000118821,-117.35023397179805,7.599253844080109,0.9847367476820474,0.5334237646353611,2.0
-491.0144769913953,73.04101721150732,4.936221282903663,0.9904668984474744,0.7207921469995929,2.0
512.9662079660594,-39.083251298294705,6.535263017381612,0.990679835186117,0.7261074616211082,2.0
396.97661784521284,331.15021865058355,5.479602757238241,0.9741686976076749,0.5489476166209495,2.0
-513.1784701371524,30.280000925759108,6.577330716815418,0.986957531760395,0.6382626162034665,2.0
80.81292684902778,525.3179346778148,7.408102466415805,0.98287897081418,0.5517050010973222,2.0
-429.42312375614875,-317.0508261910947,5.486367185201623,0.9875070014045649,0.670466251728715,2.0
-176.87275308938626,-463.85824912921277,5.638658287189058,0.9827773457324899,0.620572972865526,2.0
-286.1682394728022,-388.06551800270097,5.805294241148498,0.9855300770666526,0.6811771786104325,2.0
215.89198654851666,-467.96639974839604,4.6814128911612425,0.9647202574573428,0.6416116683795043,2.0
-409.6610250433642,301.1370839307173,7.485872494551677,0.9891243055381689,0.6327721048333466,2.0
69.52705061787906,-512.0413690655129,4.719829499905687,0.9860578583727956,0.6814460044269834,2.0
310.58197317293633,-400.53336241534754,7.01787043121514,0.9854877963007721,0.6245433127162519,2.0
-431.39545932518905,238.42564749612276,6.628445934592422,0.9813746194193663,0.5964520672016674,2.0
-483.51412254550246,-257.76557983662275,5.553061155396699,0.9683206664544648,0.5879850835064319,2.0
-452.7262038213615,201.80881939480528,5.682699571804158,0.9842800895025519,0.6453100345115595,2.0
335.3220463744555,-396.33681879249855,7.591264016871319,0.988106389665768,0.6171231726879877,2.0
-100.2059709427936,541.926584258451,5.175202418280396,0.9784694834087551,0.5781304751986108,2.0
-287.9273041945969,425.5153704692295,5.037092729575347,0.9847074400176922,0.6194473703199542,2.0
408.18273226409144,-325.81900299867243,5.005631607206682,0.9707090236005941,0.5300305032526044,2.0
-455.07318094680016,-232.7127564614563,4.632196094014242,0.9765645239983098,0.6238998678161726,2.0
243.97663057455281,374.52233466863163,4.565286372857456,0.9660526042452133,0.5202339036347631,2.0
23.152744249458408,-497.9618817697616,6.170030915448456,0.9897346854763815,0.6841790769318928,2.0
344.7206982777442,377.32033529817033,5.603379758517413,0.9930410690862649,0.6663047554349941,2.0
486.8759673143977,-172.0129309861374,6.5583686507443595,0.9684397089379067,0.44992984981291106,2.0
527.9452369592149,65.32522117782142,5.5378931305276895,0.9843176398317028,0.6194216182930002,2.0
-224.59013165317432,-414.96930974653765,5.532575894601454,0.9875021806245057,0.6922827484840411,2.0
268.75160902965814,437.6125186277569,6.420422758102674,0.9688224994991298,0.4659876622463424,2.0
-176.45496859119407,469.63382701529764,4.861703447101068,0.9768527534642668,0.5619543006350443,2.0
449.4760574447891,-210.63151103045894,5.8962578458699175,0.986810457191599,0.5972332131831906,2.0
155.74170356505147,-506.3955114258175,6.3413838609014626,0.9711175757133844,0.47760491977827796,2.0
-325.3470018856709,-368.4730422381557,4.9421761660731445,0.9749399200194361,0.5506211101499963,2.0
-383.7690583981463,-318.1927560986525,5.520634371582876,0.9756770653282344,0.6214343003477885,2.0
166.4414491244415,448.66753415577443,6.4839249794850184,0.9712973388131191,0.4866777764365339,2.0
449.7382990375614,-134.15084616953914,6.146635636784197,0.9892940175193277,0.6769549755031535,2.0
-440.000120803362,-205.86207921002207,4.9545700295352075,0.9789721910828717,0.574742348721978,2.0
-423.88920590912653,218.5440956157277,6.143201111954238,0.9849496103962991,0.6239740508596947,2.0
489.043287399845,-117.0100720267338,5.776013058713585,0.9809397713828399,0.6479209436671247,2.0
224.34411696569896,446.4333909432623,4.746546222306299,0.9899538490950373,0.6680731736660808,2.0
353.73963218191847,-385.15466812962836,5.343092490979511,0.972608927406575,0.5445521473413634,2.0
-178.11915392349218,458.359122748524,6.763899153170614,0.9831851613450147,0.5786851612296026,2.0
-486.85801624384357,-151.3027834567767,6.371371361068306,0.9693196069737925,0.46142481187214246,2.0
489.2204005231435,68.73511660058816,4.869459075274848,0.9710079388881091,0.5369715075534861,2.0
-502.3887606030013,216.52671813413787,6.504890640615632,0.964681804381614,0.4354695676865374,2.0
-494.9885612303741,-2.2594712777170485,5.102876404616248,0.9877275252744985,0.6620781663548074,2.0
-323.70956086993453,387.4229954398545,5.695473604503912,0.9832101698083405,0.6089946103658287,2.0
-19.34514724427414,500.6571125924648,5.36827690155484,0.9867242588593561,0.721812676001829,2.0
359.19450423841425,-353.46055207850964,5.051241257501351,0.9740644600453261,0.5549893275413422,2.0
407.8830269783898,-285.49643966142565,5.475283459123782,0.9807380882649165,0.6517545706961726,2.0
-374.70847037346175,320.180486407518,5.2465989867563465,0.9756845418714062,0.5551534460530073,2.0
457.9061155424133,-206.1368786081869,3.918368224745566,0.985889496711352,0.65964073581294,2.0
-291.7146525089023,448.94188135635494,4.898359026246988,0.9787596544165903,0.5875941971712632,2.0
68.92475983475343,-493.4474298606062,5.449179590649603,0.982832677534501,0.657718804319732,2.0
-98.119309164352,481.6825052799107,6.054580551911036,0.9899496633516556,0.7226913293979372,2.0
-178.31340836754723,-518.0130367222195,6.21326603581528,0.9826862833446565,0.6279012771956607,2.0
-317.5490687220136,-364.7730455535658,3.996199503781053,0.9834558890624792,0.6854202913778767,2.0
384.1739346036926,-349.89965916742875,7.123937293192032,0.9850658753239641,0.6299486825988927,2.0
465.9715935558611,-147.18365663451377,5.1066364067556265,0.9856206231594432,0.6567395980942818,2.0
239.55665563897696,-459.09685402922156,4.806911082222481,0.9570192916932372,0.5372478062427497,2.0
373.3249530782788,334.86240401649553,5.545109991471908,0.9774857379453961,0.5348615702507041,2.0
480.315976073518,-131.93092532445527,5.095789619618137,0.9771468057970114,0.5666981856143019,2.0
-358.30970363128273,346.0688991013511,6.794994248210902,0.9852268188502906,0.5818685168666405,2.0
-508.78493476939866,-40.783022870842196,7.4219420381391465,0.9864467097819046,0.5490234179937802,2.0
449.4592137608361,-66.76532597542995,5.515313951669138,0.9886660693048023,0.7068941050324581,2.0
537.2701215334614,-96.22819247734962,6.411121441160414,0.9872287765375297,0.6884755156587725,2.0
374.5258605582371,-343.1120176490411,4.861509373407356,0.9699096807391576,0.5370023894108005,2.0
493.08935090032406,86.22148102806528,5.896769160390269,0.9921073397660201,0.7128189974942264,2.0
-388.63926801512,329.2713457659883,4.619134978430198,0.9788840053883407,0.6592781338886908,2.0
411.07327160065,-272.06418253261376,4.853299543539328,0.9758068771294317,0.6151506955320698,2.0
-113.27132205872972,-497.1459221379088,5.6343882728576125,0.9801570807485751,0.5827043358044705,2.0
385.71625712106885,336.2659879380365,7.1252458408242605,0.9872639649253829,0.6064106341686408,2.0
-85.04656588288964,514.6860407413789,6.449812390794826,0.9886339845407374,0.719279582147516,2.0
-144.62123822697228,457.9989246317603,5.510111727555604,0.9823611069655067,0.6061790005182978,2.0
204.84664301383825,-465.27324713351305,7.24264164467582,0.9857788145698014,0.6322969343720839,2.0
82.32835821666227,-511.4750932498629,5.037222992112203,0.97784858913949,0.6257636144978659,2.0
-203.5852711059172,-451.28273664490877,6.022801276238064,0.9879992811909045,0.7044988899264163,2.0
-462.3965858948824,-171.76125722964915,6.18510909427932,0.9822589731411873,0.572460807304929,2.0
-349.8205377790961,371.48626598777173,6.23447535054356,0.9738459275642796,0.4938552113103504,2.0
486.1519339656876,149.3259602761998,7.105282942733528,0.9801569108881892,0.5989523772314606,2.0
-203.9713136486969,-483.8998200298868,8.216331511257982,0.987700236034526,0.6035414315488601,2.0
324.4509901139405,365.6463680256994,5.603324637731307,0.9831049284706264,0.6104759692081313,2.0
-451.4965378914877,-249.03472734393952,6.084024248239545,0.98703410617205,0.6373102096816115,2.0
-26.18143070191653,-473.3204983371634,4.441828838164489,0.9818103055451473,0.652489732727288,2.0
-314.21885250696397,-384.57220045841586,4.389508219776075,0.9742401275090673,0.5502569871739911,2.0
-3.183804461152502,-486.72901637690416,5.513105859853816,0.9702941810270475,0.5329747387343665,2.0
427.8156261351836,-285.9410943425989,5.9331089414025175,0.9904162565385435,0.722403295865411,2.0
-77.8669931985433,-483.99923029308354,6.569744761759101,0.9662836324289112,0.4503825863672718,2.0
461.61426973177265,220.01171276266044,4.807170798586782,0.9769957583974973,0.5632070070448231,2.0
136.24789435670004,-476.2784505987475,4.77144195655948,0.9643670855012811,0.5008913608910704,2.0
171.89814764113635,-465.57732342321555,5.325194631477819,0.9776679853676509,0.5755156565489161,2.0
466.80871737730644,-138.27685562771242,4.235924299281123,0.9787048851093997,0.5845379126690117,2.0
450.53124046430656,5.720290126888811,5.432191133435038,0.9876736144777797,0.6596706262796632,2.0
-294.05840411365364,-382.08043346281966,4.479264295673892,0.9750385997357851,0.6182936959407231,2.0
-53.613401509287954,-505.3220583356897,6.018999993399824,0.98164934384878,0.599851148888719,2.0
-513.9167330326844,42.382233527484516,6.041265060596036,0.9753835551248876,0.5609973697705394,2.0
192.48592378878968,457.25330165060745,5.683692337446101,0.9779015072132434,0.6302077761631979,2.0
422.8923638249695,-295.95001113202613,5.48894205116629,0.9773665865407726,0.6344760858644215,2.0
-208.74003323077724,-429.6085301634433,6.0104033224683056,0.9899428369972513,0.7141739310375449,2.0
-155.78634811204722,478.4548719434478,5.306873147786804,0.9786363899945264,0.6309645024536366,2.0
131.70004618798748,-526.3497257085996,4.779856279394132,0.9761810679174263,0.5937462845317263,2.0
-372.3066372848939,367.285149019233,4.569508244176723,0.9617859527253237,0.5562766093504335,2.0
-332.4985476776482,-375.3767939074317,5.405592670810946,0.9799407919723652,0.5898646897914755,2.0
485.2982496463305,133.8377951801535,6.260446691563517,0.9854387974004385,0.688983526316651,2.0
384.3437784967713,-371.61474925600635,6.521896227297004,0.9878083116211818,0.6537082827246369,2.0
497.5989666986374,-0.9096542791053805,4.883045615705564,0.9795827917422248,0.636838406543188,2.0
323.60828459836137,410.0192759017446,4.865399910507957,0.9737967683609257,0.6104547169119539,2.0
-316.2281356424403,417.03687114401066,5.831795808367166,0.9881848622374185,0.6513059439771455,2.0
505.80203719724,275.57631471135926,7.1582798685677025,0.9814409481670867,0.5940691040795749,2.0
529.1896363157117,-19.017979371232254,6.426900256906908,0.9815840372742701,0.6223072471411946,2.0
270.5882364827203,-426.89658924482785,4.41814750141876,0.9824310867460284,0.616168017139108,2.0
362.638330246864,-361.92453199715976,4.411757538068382,0.9710865827128603,0.5284276506652537,2.0
-215.45571344459472,460.66467377289985,6.938056107883582,0.9869482540035587,0.6917820075882022,2.0
323.21654725304074,398.6204562953997,6.846359774489684,0.9892320327314602,0.6265226577603482,2.0
200.9982422333292,463.36193257504704,5.144203270225998,0.9689654734379525,0.5880034104128997,2.0
157.3001049666048,472.2235451620498,6.1499243029742,0.9806385193067206,0.655048583925055,2.0
-126.73051066452885,-471.6871076779481,5.309111361164574,0.9814453190968123,0.5934175352728918,2.0
-491.4875188411625,-11.978383802588562,5.3673505950213505,0.9884892826319011,0.6908227526896705,2.0
491.77761780560013,159.6965169280115,5.128815104895014,0.9721927323907222,0.5450345874177499,2.0
492.3454683492381,199.109692709659,5.9773357994448695,0.9717201423850568,0.5048760073372053,2.0
-237.67387351868712,-489.32176553982185,4.8531256684650526,0.9691250776079833,0.5922750320887676,2.0
-486.09267546103644,160.21282861412087,5.303001753470846,0.9754309088443223,0.5552729694216995,2.0
144.80426394513424,504.50696722837716,6.257751115536619,0.9749345922982559,0.5612135218161931,2.0
-241.83147744985368,448.5591653511118,6.132102469001788,0.9886402392162937,0.701134548355509,2.0
-231.92985628038412,-434.85375413225773,6.357497147243058,0.983316459650924,0.5635469737078204,2.0
-493.9897341108819,169.2995017720196,7.245076782549366,0.9750063448529999,0.5516454515322011,2.0
379.18687963427675,327.2180421424547,4.508807722142296,0.9589806985086851,0.47956891757401043,2.0
-523.5216777063598,24.80493990125266,5.353528796188509,0.9871551650323516,0.6896788029595496,2.0
419.62388604613375,275.47174448760757,5.909847797469858,0.9736197130912277,0.6107654901624805,2.0
407.9165723882237,291.9085314214259,4.955307849539787,0.9680232045246571,0.5152947491032923,2.0
299.62838583365317,418.04317445979245,6.203208970121155,0.983018744719641,0.557042253485702,2.0
-168.28959379965588,476.29706524625317,6.031817204801988,0.9897542917967007,0.7100002673248438,2.0
-135.9109745839795,478.12278527833104,5.450995733535405,0.9807076369861003,0.5384427435253941,2.0
518.460798797005,-92.55574726086822,5.096657332321994,0.9788427364013792,0.5721816567261022,2.0
-422.0150787671961,230.75812059153006,5.922007514517755,0.9858508214442818,0.6859134140031675,2.0
-256.26587457572526,420.18662648396224,6.865354114764541,0.9874610572172192,0.623708212922691,2.0
294.5741583459988,409.4389571755067,4.175274815543685,0.9439878085369328,0.5078978126986864,2.0
-505.954910574526,-20.52069527899936,4.585782071794631,0.958988693548933,0.48046553274117104,2.0
155.48171787776343,-485.44043999678485,6.839609895824734,0.9871334848489285,0.655741274447538,2.0
-483.4561091559633,-75.91153644493424,5.4440543309622385,0.9768292922718088,0.5685688678284169,2.0
463.5872190910757,209.252990846293,6.401201091079113,0.990530374751552,0.7225259159827458,2.0
4.533242437233879,-538.2374818017396,5.136624306337278,0.9886637268923206,0.7023630891540433,2.0
457.43161913088136,230.0703492676149,6.458403797243154,0.9869451784704129,0.6191815030310157,2.0
-420.00106805460416,251.28754462968982,4.510594757312102,0.9673157259401193,0.5304550229379986,2.0
480.78686837659933,-111.4736497673388,4.645311337866098,0.964932907704223,0.5230611205121612,2.0
445.0049207410813,-249.21039052943917,6.224715392191896,0.9720911525950723,0.47660418402620713,2.0
-513.1820171855096,-107.30596961097854,7.0249917833254765,0.9781245439649392,0.6298325416339603,2.0
-166.67810650118946,-483.1045227709338,7.339101117520106,0.9852614509896225,0.5760906120468796,2.0
418.02450876941737,-306.04181614594836,6.073950993138387,0.9858684939702095,0.6152578499618563,2.0
-194.04963292803365,471.45479285247336,4.971187961349027,0.9693125723975089,0.518608563349945,2.0
-412.30156196392187,270.5733123324796,5.081377562861098,0.9753642591213788,0.5555492252716542,2.0
-508.7336093291031,-125.0606199364714,5.334298403654674,0.9785226883562688,0.5850691953679522,2.0
-450.5197578203274,241.26842127722227,5.353135340372036,0.9689597447416151,0.516803156518617,2.0
493.9181236900996,-162.20989953493955,6.093901089223695,0.9848764484751251,0.6956930091262963,2.0
-163.44854970213214,374.87310359373987,5.189618489916554,0.9768064431852963,0.6302849235561505,2.0
-68.47902486475964,-476.64346245987036,5.898553879342776,0.9809390140807241,0.6468759376548878,2.0
-415.93559310898326,-298.4789210128841,6.629732172138038,0.9788240224055565,0.5401138960633658,2.0
203.12464305037628,-488.13706728614363,6.203261146021713,0.9771735420283864,0.5119210298164504,2.0
292.8683702548626,470.63903834767285,7.018260479498079,0.9870352824230186,0.7163722363498751,2.0
110.19754746764399,-505.93480765138213,5.470281824512189,0.9895443954506697,0.7215896262766083,2.0
-272.9730468566635,403.99080176028303,5.620101964362083,0.9765329181745865,0.5019280400410646,2.0
191.90845684034224,-486.92390474025694,5.4640501615204355,0.9879842003049679,0.6601164383895819,2.0
32.44532372264062,-490.0687313229993,6.305583276278731,0.9865076239978786,0.6349580072087911,2.0
-106.83869944133122,518.0074080890079,7.337713653475129,0.9837779755998954,0.5754224406054929,2.0
326.931254105407,387.6507031114713,4.995098585115329,0.9775883629246682,0.5685604947410864,2.0
433.3970333111887,-263.84760827055055,4.543331935294578,0.9856980500243011,0.6934331506673438,2.0
-237.8466332828755,-446.5661568147999,7.021086868220808,0.9922634831738614,0.6927014722256671,2.0
474.4450615671122,88.07630785473258,4.638594905503668,0.9731852199109107,0.612015395593045,2.0
372.8550780348984,-332.92993635595093,5.719114031924125,0.9924933868798751,0.6671988618872365,2.0
473.00759280330834,-231.88050665678713,5.787705646728247,0.9822302161842672,0.6108285489815065,2.0
-193.47691600055967,-474.6063830061284,6.1821750332067795,0.9825268798840553,0.5989715737466088,2.0
361.6915379018324,-371.93693007583556,5.921960376383512,0.9880355473038517,0.6984628612039762,2.0
218.92002954389173,-503.1202493429565,7.096507522375294,0.9857706443002083,0.5780244083782843,2.0
-275.9951519097163,-396.90595642875695,6.824352333634191,0.9912839647986756,0.7079335402570299,2.0
-215.91904013555205,-409.9861429749775,4.78444828634821,0.9837086660977744,0.6077837683565473,2.0
418.84098095097926,-278.11682934347857,5.411370931918588,0.9792175342633636,0.6366270252261484,2.0
473.57685602612634,-255.70556448751034,6.389998817070371,0.9876096049332289,0.6937187746044576,2.0
-552.5903781995751,106.69967051790199,5.162151821359685,0.9877093968192747,0.693566166725333,2.0
-64.93616253358852,-500.66417727875233,5.771586889287119,0.9881496974663356,0.6990069413868566,2.0
362.80621227956965,408.78676324750813,6.013651701018539,0.9874153308436298,0.6595866202898032,2.0
-517.8634534655602,140.08203581786802,5.021607279410839,0.9794571905469738,0.6354132361609748,2.0
-535.9529594669856,-3.7779655543887944,6.5404869746233905,0.9901243269825356,0.6731177510417086,2.0
376.61720545690895,301.9722321070652,6.469896830046318,0.9754049561379671,0.6172456329845015,2.0
-53.048333625002336,-517.5980227309772,6.759315176005745,0.9791676290595694,0.5804050920475602,2.0
-322.9077668420307,-413.81975549741367,5.539486658656375,0.9727683304701592,0.543562956870428,2.0
-484.154623299845,149.85019025238822,5.668416539492634,0.9812961611620665,0.6469723306138163,2.0
-530.4119507097702,-71.72884575216767,4.248981125513061,0.9670781705350924,0.5837372779627418,2.0
-246.55491201810955,474.5500305229753,4.801620600562657,0.9611476978727818,0.4809904436861142,2.0
423.3446856221946,231.5271806009597,4.6303692310029,0.9711486028205621,0.5299657035559106,2.0
175.3187138489295,470.5382249920087,4.46379253998818,0.9664445452675798,0.5745984826941827,2.0
-7.67243073949057,521.5941747507203,6.131968299735303,0.9758405878907508,0.5593650375628108,2.0
-253.25892990437586,442.6032113407225,7.107410571657375,0.9796977534581031,0.5409578685920119,2.0
514.2534753848287,102.73728923434872,4.901033314763295,0.9773924232002443,0.5647026494151429,2.0
27.05539952190645,531.6245051749114,6.3897863870132205,0.9883856726376015,0.6985412448577505,2.0
131.43026608343044,490.0819346365819,5.154732774762706,0.9838393735332585,0.668511869698441,2.0
-362.5077225778549,335.6552994599874,4.776063219972237,0.9828419067699031,0.657439088889305,2.0
-146.49271447825004,430.4645964569654,4.7483700723599735,0.978617965273484,0.6478680560786777,2.0
-298.59128573099105,-448.50288930584964,5.599180923535646,0.9837850832658411,0.6156932496427454,2.0
536.3896512595708,-40.65087983040377,5.587969514100856,0.9909697673651189,0.7102014235096435,2.0
454.9036760105315,275.17256377917613,6.5021418480659925,0.97787281530194,0.5886583760858247,2.0
262.2398852900975,427.90010861541566,5.913100900012314,0.973784070199261,0.5831500409907944,2.0
-445.3898775449812,-288.45109324157045,6.173772987641765,0.9901534697797788,0.689068160608474,2.0
37.821728263163024,-468.77821718076143,5.8968211212669015,0.988057605055195,0.7217560615839096,2.0
-312.79110666855786,387.220297053912,5.635776787365009,0.974889740317803,0.5521524359781528,2.0
-391.9343188736788,-308.065717217687,8.108429793017583,0.9866756227213649,0.6096111987321616,2.0
499.0199172155296,167.7969856388846,6.047483264623636,0.992615920167935,0.7100633565554011,2.0
-509.98318958649764,67.11011163116264,4.95332115347276,0.9747203796440076,0.6207542518159401,2.0
-233.24734094085986,455.512557117384,5.196457474489325,0.9851971596894483,0.6765114019489616,2.0
223.7286845689474,-463.10649349411494,5.149361487459518,0.9518393058531887,0.45024838576583176,2.0
-355.9224435103274,-372.7109594288423,7.483705912738334,0.9894386421904825,0.7078263701810994,2.0
-487.14917859483313,-112.34895049459772,4.767431015860074,0.9698221772218736,0.5195083121066333,2.0
286.008798095033,-396.2560057243311,6.074988313313927,0.987836305893785,0.651338788640032,2.0
212.89191568634212,486.33831608102935,5.749805801378153,0.9768790504553614,0.6212843251999737,2.0
56.53752022340582,500.27445439890016,6.402466168146929,0.985742666301627,0.6768673971607266,2.0
113.05275620397668,504.76405112177315,6.320773865084977,0.9787193105898643,0.51867314167435,2.0
463.841143400734,249.90390558223194,5.595251927491852,0.9867797999771305,0.6894657099054595,2.0
251.65901729519138,427.7830608480474,5.291031176705916,0.9604767413197546,0.48782072711315094,2.0
-436.23170603461773,-178.61272173742591,4.3279106299956345,0.9760493949136136,0.5841127868053466,2.0
-531.5607925785833,79.01070449173234,7.292579831818965,0.9848451374533901,0.6213620297928898,2.0
-515.1628375900005,-134.6751702385714,6.367581722929149,0.9901594951971897,0.6858314284747823,2.0
-458.1810422749165,210.71138748176708,5.345339719708309,0.9740480573738935,0.5550323577453103,2.0
-129.58219847020757,470.26069343423796,5.081714955315744,0.9672245269249431,0.5105319347055871,2.0
297.3119926320515,-413.3312599161846,5.85524029169084,0.9881609173225294,0.6050782304506481,2.0
-171.1589889471948,493.18827935596585,6.961471160419787,0.9819028439289,0.6061817711805395,2.0
449.70592073824236,263.71844887024633,6.555564577664212,0.9903408868963706,0.6639114169374782,2.0
457.90971572942584,-273.53312628167134,5.0748176151484365,0.9756241124976456,0.5821596398786051,2.0
-36.93199094412907,518.5714884103254,7.650454401707426,0.9899865237135844,0.6392141725074588,2.0
507.894028772613,-195.31992391750703,5.764900458855334,0.9869966163212471,0.6458808910814047,2.0
-331.12788209156827,35.51547561459745,4.277342308427565,0.9610154960029464,0.4817793099004919,2.0
-176.5591350499934,505.24180558515593,6.842903350291138,0.9884968232497173,0.6887969493341719,2.0
-521.7397324028369,-98.97856455817008,5.622166886488701,0.9717548807661259,0.5997594144766141,2.0
470.6177895940884,-130.1635940023945,5.129716805428636,0.9782965270622964,0.5705786403135393,2.0
388.6596628956968,349.31899325513206,6.043202661887348,0.9849269320379758,0.6720956989178031,2.0
-116.48068875145606,489.33795512144906,5.8235082733287395,0.9830078000579804,0.6344316122756647,2.0
-491.22657844524036,-131.45422509963805,6.23724891792408,0.9806728267685411,0.5867720097926601,2.0
-358.5705833170912,381.2851269696829,7.1400269791257465,0.9880636004367475,0.6489829867132965,2.0
-135.7424103551739,452.0421430181274,5.461911500139591,0.9862920445948529,0.6877938413991208,2.0
-403.88180262101486,-301.2167139703468,6.235750453730429,0.9754112197099105,0.556056402731343,2.0
251.06017700090038,-448.562512898356,5.39387807507611,0.9796506632202194,0.5997675156430695,2.0
-320.05831742055614,310.9550821716851,4.081734323091954,0.9655124308582961,0.579536267245449,2.0
-502.75159309385333,202.66094434772901,8.143992513594315,0.9851094625969828,0.5922001237916896,2.0
-364.1550533116514,356.65350636278225,5.51384158857427,0.9816978662119854,0.6043872635174649,2.0
11.438470120913024,534.8055561384186,6.567609336728675,0.9830695233848648,0.6641047563819404,2.0
151.3397877483122,-474.3390841702158,4.77086744060017,0.9717839193969048,0.6070237148535461,2.0
365.1922562883655,225.85333053448392,3.6766090719245885,0.9617202197306487,0.5565135152155612,2.0
-498.7049785963438,6.317953859270577,4.523329438475418,0.9730036642887989,0.5444290504333102,2.0
18.457159950907826,-508.768463295244,5.689674146020385,0.9752803558156284,0.5908424597699221,2.0
-474.13776695137966,198.44509556191625,5.869346266230674,0.9858256694304377,0.6341799166397882,2.0
104.15532628863448,-474.4600110160851,5.396343141521708,0.9827781149187507,0.6384225047948435,2.0
501.8825435756961,92.63368261591917,5.101640514267888,0.9760503035585033,0.5811545947342254,2.0
233.08444301489945,441.6148666827007,5.49067395598907,0.9864768305117706,0.6869170971158542,2.0
255.71697577892238,438.89500938310744,6.904979655057568,0.9896453207368295,0.6933411121561757,2.0
157.92095910656136,388.83928137034076,5.003781335779882,0.9756544190676845,0.6142604510367157,2.0
500.2181941411202,-151.62594454229605,6.7793779637502025,0.9788138386334465,0.533006545815857,2.0
-513.7146380087793,-64.56926085031759,5.7282420281881565,0.970933081858875,0.5315316867485328,2.0
-505.7927866715704,131.1863498409992,6.078043938551906,0.9840295605173396,0.6119294134001975,2.0
446.55121703854184,-239.07574993940102,4.633465423446914,0.9666013914020263,0.578471779340136,2.0
-380.5339890590458,-337.3205326527562,4.9792982473994485,0.9653247932360303,0.5078545831028506,2.0
-414.7035162576423,-328.8700471397797,5.562892626062931,0.973890565101201,0.5440963023283326,2.0
474.59979133609966,-243.85302187044152,5.7944113543761455,0.9882708427489488,0.6985412155940276,2.0
232.9453587165316,-441.3920503150644,5.586393683263571,0.9837417656936531,0.6436626223646504,2.0
-394.22892748053556,337.83211665214066,4.501687522762456,0.9811511182487184,0.6474498713666702,2.0
2.177280257719031,-517.6128657368342,4.662419187203433,0.9870063075939209,0.6965653711107752,2.0
143.3626959808232,-491.0550929825061,4.7481135501674405,0.9794752152004941,0.6365198500358552,2.0
444.2850175745728,-306.34618252090667,7.0872423716752175,0.9910602461367182,0.716646609327011,2.0
69.72258295131212,521.110496739948,5.072580938764307,0.9642650424176322,0.5642449582838105,2.0
419.56541197117576,-327.684377747946,6.955535333190024,0.987610512834129,0.5972138117682939,2.0
-13.770120334319015,492.2109288691642,4.815937020543913,0.9777985326202124,0.5984955006673324,2.0
471.62700044083084,201.83947082983045,4.453337295586312,0.9737179525079426,0.6234520623781542,2.0
463.57624303682434,-224.92719105131104,6.309333161735681,0.9838123969898865,0.6398283948826076,2.0
124.85766196518095,-501.2374147219676,4.330619105430161,0.953404457012788,0.5303029742374036,2.0
489.46847310312705,-190.50201467333684,4.97051063637113,0.9764677214610197,0.6025884772068518,2.0
-73.23316269158276,511.1958897469883,5.820998885198307,0.9893528398422563,0.706107604955213,2.0
-496.5386977605015,-158.95706417319934,6.650280952316478,0.9831752338213251,0.6618466486805419,2.0
-109.97474525128027,-511.8698625461249,5.3783755002157,0.975146399552932,0.6127733858892686,2.0
172.8551746736715,-519.4366429600952,6.803314079238046,0.9861124245241328,0.695281781262122,2.0
355.3170795768384,382.28358648105313,6.262535574553413,0.978637228259726,0.5394620375519104,2.0
-328.6898557823262,398.28819316544923,6.495312457183386,0.984606169787446,0.621853611718611,2.0
-208.1817871701365,-461.33854781916375,5.26028728537929,0.9774760755678709,0.5743994544545344,2.0
234.56686707146687,487.55180652099057,6.288758269137535,0.9791655981906663,0.6402467517237195,2.0
-314.3851203629907,497.2119927413984,6.914859373212842,0.9892927459038002,0.7695541285835561,0.0
476.1210221948218,-200.6979897748338,6.109307960537201,0.9921845346036606,0.7215243731112786,2.0
489.69124863787295,-138.6135946053763,6.65348529861497,0.9870819383495398,0.6984464340751463,2.0
-506.2563720076836,-71.83271651186385,5.218962267973998,0.9843754281154807,0.6815297354178963,2.0
506.3683749829741,122.15635665769143,5.089349186440426,0.9710528331280012,0.5268515837625748,2.0
-506.67859704761776,21.762886475276066,4.68854969791566,0.9628065224813203,0.5627908177036093,2.0
-455.6030216008044,-180.89219195732753,5.684923844233933,0.9798297274807616,0.5936072088828721,2.0
-510.76526033615403,-94.42275418593823,6.692125400293277,0.9780783299399961,0.5139581725685766,2.0
-137.84266676704996,-473.427749470989,6.179926524862222,0.9869982360842108,0.6663841377547292,2.0
533.0476675922961,12.005690398965687,6.006086430862734,0.9842752499631925,0.6128413507526764,2.0
-275.55277421894874,439.58655776348365,4.300037571468038,0.976844331456795,0.6246676142375331,2.0
-358.4107895363168,326.26137043643035,4.668631545461023,0.9888992025372535,0.7058854435671229,2.0
-442.0081889342271,169.65432729673648,5.001521454966309,0.9804990284896038,0.6460821482336465,2.0
-442.9385607086434,221.6946356683675,5.464577126199598,0.9743461232459811,0.5474331142892627,2.0
-12.960615012218037,-486.1087584220709,4.611117202682498,0.9687357592086367,0.5198364975414469,2.0
-201.7563100005122,479.71643255656863,6.771369632745302,0.9775139635637087,0.5320476778018335,2.0
151.71504668023434,306.37667688740004,5.215214929209455,0.9824947747541639,0.6133683063161917,2.0
267.0108356426583,-454.16869801080173,4.26888110814886,0.9724162270533402,0.53573333367217,2.0
482.8538520800825,-161.85317191548054,4.940658947712043,0.9704324411622293,0.593374932707453,2.0
-302.3077012075177,-425.53777128728296,6.90019971153822,0.979977456396735,0.6081648111636799,2.0
-515.0953730273183,-17.347525108956223,5.680902668813,0.96857586232987,0.5151150885969911,2.0
-447.2418914344025,211.61130461754837,5.823520187203175,0.9831738458696185,0.6185252627630177,2.0
-499.7003591285436,79.68937447009344,5.44138652541148,0.9784423741694979,0.6298795712324575,2.0
418.4162749798003,292.38636021742485,6.013676970237557,0.9851490742559001,0.6682421093602555,2.0
-524.2408620372191,36.18716498496961,6.3966304618310605,0.9807432430142808,0.5420351536147078,2.0
-307.3725504701831,-391.3401788001279,5.445057594792414,0.9864999004048853,0.5906124939613596,2.0
-148.95572805658674,497.59798174016044,6.479551225628151,0.9770229897075792,0.5122994116771813,2.0
-62.137127168363754,506.87104805797725,5.356785580774095,0.9878809271651061,0.7295266637230924,0.0
525.5562169276145,2.5896438479340453,6.397205166764152,0.9832467452849493,0.6091104897695779,2.0
-336.2810948150023,387.4672476350269,7.308360549562633,0.9836995431777114,0.5794354304555097,2.0
-502.33685119332785,179.8923178922844,6.932585760834136,0.98335760616018,0.6643647048985291,2.0
-524.1178063935533,47.98453611410391,5.8866035745753535,0.9791936082502771,0.582225732757699,2.0
-537.0575202465396,-184.7100234171986,7.1187959158841565,0.9887090423186325,0.6555776947923693,2.0
-395.2362169132863,321.53752215445786,6.025260331092481,0.9765476791786297,0.505447759499672,2.0
-132.84174198531667,-495.3453013100261,6.5000099498605985,0.9869231155021287,0.6548363419986639,2.0
-415.66170914592414,280.00294400251505,5.310185097259244,0.9855843890267483,0.5799160944024875,2.0
369.53281133369694,355.4355335580064,5.438690434592662,0.9735391493912623,0.6095698381159286,2.0
-475.19400445172295,-227.2621089448845,6.59597409935893,0.9862588674147643,0.6569596946726679,2.0
308.6129668858555,445.38870563141523,6.299216801867064,0.9786647747908155,0.5786482809879169,2.0
-179.13308230599503,479.31885607492904,5.525977902461756,0.9874907761687981,0.6941657455213658,2.0
-496.5915882055429,190.7501397807331,5.792307767399562,0.9800629543056302,0.6424809416391261,2.0
332.9689239681837,-408.56259530000136,5.4772993765416285,0.962932555580435,0.49193137644681834,2.0
502.02298366423776,-230.56603158966823,5.526395844651996,0.981236219335562,0.6471067278646101,2.0
-432.5191119454536,270.41943339078244,5.6784116239187545,0.986152131457394,0.6897096088097505,2.0
438.849882088803,224.74844071674949,5.001137611868305,0.9907817397025331,0.6751847786271188,2.0
48.88617585080978,-505.81695500202403,7.753172990210261,0.9920238681789263,0.665318104532346,2.0
344.54003032612405,365.0407443067121,6.852443003624957,0.9888783340689039,0.6608663338120176,2.0
-480.8806476793624,-216.93119908754346,5.3102475354887,0.9924206037536957,0.7101630688903786,2.0
534.929379385445,-208.28645502309604,6.175465231654224,0.9669123014575769,0.5155884567533725,2.0
333.7658837998515,361.5059017303861,4.863693542809004,0.9767099699186258,0.5620495142141048,2.0
502.15081772660847,-38.44333371961715,4.693748069057012,0.9744122140845364,0.5533251432499524,2.0
508.41552141820864,73.19193108686721,5.240626875655371,0.9731244939877566,0.5456337760747411,2.0
193.12978793427985,494.6458469808472,4.2798351142193045,0.9756396039036775,0.5673636629642645,2.0
-433.5886573783477,-273.3636241897833,5.511249190184259,0.9826317896650003,0.634893893163208,2.0
494.8652780551729,218.5320532648141,6.0318272598734985,0.9915641919790125,0.6699895952004397,2.0
-511.2491811903195,-53.57008667296593,5.91748446169648,0.9796283798168762,0.5220940376118798,2.0
-506.3770810603299,152.1559653637172,4.653865369026237,0.9779177768120666,0.6369952158511709,2.0
445.24371828245813,234.91684894259097,7.1806428006018885,0.9840973072340752,0.5749845583180508,2.0
-487.5970027464612,-173.17825668099647,5.62220601817461,0.9816344541449897,0.6163302411268179,2.0
86.3626136121657,491.0752870497719,4.743338291817563,0.9715167204364167,0.5301201872781465,2.0
-406.1941593346562,323.7992884585434,5.507593200840233,0.9863482975843385,0.6496056451737225,2.0
-7.144390450773795,-523.565223019933,6.503271183401323,0.9860606003549478,0.5962700152572864,2.0
-241.51769524744543,464.12178541282606,7.114858202183778,0.9908219715388131,0.6362386581337486,2.0
44.056169868448315,-492.5189616792721,6.007406632275478,0.9788584156258882,0.5825213807319604,2.0
508.53436160173163,-131.9256963466799,5.508697192511058,0.9843705721280733,0.6355983655427359,2.0
488.9869305809824,-127.33084631089882,5.157318201201538,0.9732305579356416,0.6058361611577804,2.0
151.54285391274863,285.6053478700682,3.9586398675091115,0.966118451098992,0.5086261414690677,2.0
157.85647350756724,313.85253031071426,4.829394618249611,0.9660601122862272,0.5256641863846171,2.0
51.06123611461436,-484.56756052023536,5.126456914656443,0.9609206970579921,0.48247883503587047,2.0
164.96105959828336,499.2617793431486,5.139653707556973,0.9800185148886387,0.5852864940664433,2.0
-525.5409490659963,-11.482531524083281,6.767676616424359,0.9854507105678089,0.5889133214514268,2.0
499.86644362949227,-174.1436308741545,7.098322378131338,0.9871257490286269,0.6382129495149764,2.0
410.9595431127415,354.9160543625,6.433406335627124,0.9900684549455968,0.670769782938266,2.0
-411.8789056503357,-237.50061652225673,5.048166307334499,0.9858218141522825,0.6798693115428481,2.0
-430.98606176930645,-253.3868254423386,6.4468288438273715,0.9738131616729188,0.5440774931970441,2.0
370.78738903025004,-366.16971667253165,5.186949005271491,0.9728295815870256,0.5392506658133042,2.0
211.80267261259462,459.47156714768636,6.222573690703775,0.9805250835580838,0.5847526791275353,2.0
-469.64584482903575,-216.2585555748322,6.236385676665523,0.9756898488381996,0.49984168704651316,2.0
-367.95151916185904,327.6719030377021,5.199858389649887,0.9813493600212039,0.5954220025541874,2.0
-204.25645190386905,467.2142676072995,6.55809572900769,0.975639333017697,0.5068805510673002,2.0
424.8654601381583,-316.06678574301634,6.086197335046395,0.9850955701528324,0.6050945926140774,2.0
-454.0262682743241,-297.11670602364745,5.752726118144932,0.9907297032130399,0.6815649671529156,2.0
254.09591644399768,-479.90147734739617,4.906127840244853,0.9492248610242605,0.6013063081084536,2.0
-30.056332663844856,530.2823523845718,6.390962131310418,0.9808126866664342,0.560794873416055,2.0
-481.1507982733303,205.99816932566878,4.802238807421626,0.985324327421113,0.6852357266080876,2.0
-24.89537242084745,-561.0294986057546,5.449361125049582,0.9863224954735871,0.6914653978320018,2.0
83.76800414918867,500.68269031150334,5.548481146895484,0.9772490801668312,0.5744932611975742,2.0
124.4345695502042,508.4225908297834,6.047749087452928,0.9823481204767979,0.601762626240876,2.0
230.28172815216547,-502.03090670706615,4.821873602013572,0.9691365218019088,0.5837898490759637,2.0
-478.02035753824435,-144.34425494021838,5.503332395080653,0.9764419786724003,0.5699925627741406,2.0
-27.443298647277455,-533.6775600165046,5.374995521358586,0.9849787293697009,0.6302192378410332,2.0
-252.47985152381438,431.0873510423255,5.020965659090229,0.9734280821977163,0.5602376724322254,2.0
504.1774046109306,19.895266573983733,6.090822814415231,0.9793549187871754,0.5916150036385003,2.0
356.62505020833623,-403.74193571919784,5.7116321976791955,0.9838509048135764,0.5958911191378781,2.0
-204.01739769976018,-470.7294951395767,5.504900222526497,0.9734369849370095,0.5459334051389628,2.0
-522.6287803820495,1.79278557965986,7.168128998625434,0.9904470895036028,0.6768227518175115,2.0
-445.03677913489474,-268.7034533820219,6.6549217947430925,0.9902110006621699,0.6847309045124185,2.0
-462.4269349170043,-143.84444892286203,4.672384045459305,0.9642926677831242,0.4936811586165852,2.0
482.9440278256174,102.54290149160016,5.260158829697569,0.9939366798371083,0.6916456968008028,2.0
397.1174208385663,-354.1209766906374,6.34448844511697,0.9848401631208882,0.6827362661504873,2.0
301.184626923592,-446.41839259082406,5.785532979144444,0.9697534101696978,0.5195102640822248,2.0
402.2782255224343,320.0031525229526,7.256570141082049,0.989387620447955,0.6240229271503436,2.0
495.94058332437703,140.52003057034315,6.9272582853311695,0.9705448035106897,0.5396921351992336,2.0
492.69638884519213,97.58666376103477,5.759481663137438,0.981876528424526,0.5659415299162207,2.0
298.22073675188875,-433.09000788927773,5.710995962935105,0.9844626873152891,0.6341738771961943,2.0
-401.69929030173404,312.01012933170193,6.078527250461322,0.9759328790562061,0.5915499391233031,2.0
516.1419076175739,80.34230066137164,5.504984541175792,0.9867850404398301,0.6421213846702765,2.0
406.7435744563986,-346.7526809703598,6.398330748146045,0.969601245649718,0.4583879870403794,2.0
-321.9642552867099,-403.2276419936035,5.660472805280212,0.9801170522927793,0.6077974529218158,2.0
464.6612780810984,-238.91733860974827,5.684519978293912,0.9746515452979333,0.554065808970369,2.0
-469.94394328477824,-137.99654951624728,5.29336187965026,0.9715639834296541,0.5306626851858217,2.0
516.7841019829383,-81.89935825491081,6.046720716397173,0.9828833651336534,0.6012552050601608,2.0
501.53317135231566,-139.94991452307633,5.606735018722788,0.977500622829939,0.5853903145188277,2.0
-335.0784283104622,-364.49240633788946,5.953311552161565,0.9791182489768375,0.52867836129246,2.0
348.92661602851405,-395.21565504181586,6.268848236893257,0.9790155269378856,0.5569553563912061,2.0
304.41481603327605,-423.1333013505139,6.498615542480756,0.9881670649061446,0.6566963011053781,2.0
-523.9449665721173,-24.20740853659945,6.1536126915203875,0.9821218401677925,0.6414208123215424,2.0
437.96473696794516,-294.09127199009066,6.894442862571259,0.9861033740130414,0.6933642743483687,2.0
476.0884027675682,141.58928049396823,5.966706122850425,0.9893511746269796,0.6776864305089524,2.0
-403.89835624226583,-311.7133654264665,4.760047578280758,0.9698993506648633,0.5220199202975625,2.0
118.43988131379619,485.57199294036684,5.314247848826108,0.9813183676065802,0.710286980238511,2.0
-449.4391998928851,261.7167137406483,6.443835354843119,0.9788071049401476,0.5774030531735461,2.0
-473.43015099447246,225.4086844315226,6.555666675115145,0.9751993885487206,0.5522128913790968,2.0
-398.61439715359967,-327.14410374119757,5.081560551211434,0.9865887621397992,0.6432625442008135,2.0
508.3338946303547,-62.11373625544749,5.072732457798724,0.971324729526058,0.5314522071979224,2.0
-467.2390606011582,-237.1557079623111,6.287470349338356,0.9884092722640632,0.708167732500201,2.0
-534.5358408144742,42.837844005212666,6.040000268660174,0.9881200225139075,0.6499333440520466,2.0
524.5449145638188,-44.99749834307961,6.921349938427461,0.9738702254973225,0.5478753952852111,2.0
-293.381895200069,-418.40795075150226,5.038166850643898,0.9707257084593843,0.5278329864337623,2.0
-297.76031486981793,425.5054985532324,5.128587290123255,0.9778635796797424,0.5678388765628127,2.0
469.3842640686809,53.154758107995235,4.785637732043326,0.9753104095360287,0.6215169072308165,2.0
-149.69812166761227,-455.5958728129858,5.44022413474304,0.983095536844732,0.6369870470148116,2.0
-429.7350860694057,250.20997863624925,5.84329190103325,0.9727068052690626,0.5394967300410837,2.0
-413.9625514358584,-280.94434536365895,5.004688394230284,0.9696835294221762,0.5262819109528359,2.0
-126.88231403385818,-520.1105663771275,5.566504316649689,0.9828301717419833,0.5574911645931709,2.0
-268.49008497207575,-444.0792679114468,5.833817756332966,0.9903319596585995,0.6714912168398502,2.0
-429.9517701166653,304.5923184511598,6.8299181262698845,0.982897857770214,0.5538862880930298,2.0
153.68194340733314,495.3377238302774,7.218508448585965,0.9805505788822902,0.5372870828771255,2.0
-482.5428848356879,191.73754407069737,5.196959705859979,0.982278250776914,0.6586301474343743,2.0
-224.97217518787772,-456.7775361946517,5.3174767372425125,0.9679393969946626,0.5145338698979531,2.0
-508.4147225530337,-142.83238196282386,4.702352455344069,0.9578721663587585,0.47138504729335856,2.0
61.325868109760655,485.8636689576555,4.2655126117243105,0.9790396115158235,0.6325922754280708,2.0
-464.08200194189544,-331.1576555093992,5.549686550262852,0.9859259208413013,0.6402523517143622,2.0
76.89010057628911,511.24303730291155,7.57375361156886,0.9913179952123576,0.6958642541780012,2.0
-453.55012165849547,231.84351025942115,4.968095754368442,0.9731794691702099,0.5416205150979257,2.0
355.5335497180566,-345.06497096695574,4.521254402485545,0.972074003974484,0.5361524693746984,2.0
-184.81975276711043,-497.26055935953184,6.548285336388186,0.9853841102866929,0.6265871654494164,2.0
-377.0232188493613,-393.8109835060035,6.437355366626978,0.9865487235229864,0.6201507219432278,2.0
-187.1408718385216,-466.2116764575745,4.710270848771866,0.9669524092433784,0.580176496368346,2.0
-154.55542345107958,-485.95614938634304,5.582020243409476,0.9861542756865017,0.7020318389696605,2.0
489.2288730890553,-270.2950782252732,7.51050765281393,0.986788148267873,0.5985487657355922,2.0
-507.77251485321693,142.34929794590087,5.7163397636995565,0.9825847199332794,0.6548694775421682,2.0
342.5133273484538,-384.9570635432951,6.374303480464158,0.9720642681355318,0.4703214372533233,2.0
510.0412244005273,54.27077632140677,4.835697866948978,0.9805471125262862,0.6007581261020124,2.0
519.581959828723,37.41469168122735,7.424132866438361,0.9823292869022687,0.5637145919916755,2.0
430.71491361001154,295.8427875878405,6.87935780543803,0.9904206187313563,0.7030522961485453,2.0
98.69826612734711,-504.6244524610129,6.517293019907452,0.9728516083341326,0.4765762114392953,2.0
-510.201151695873,-82.33597667295764,5.878213477447704,0.9840538892910601,0.6718414854756781,2.0
-112.53021394091894,507.2901393650419,5.453795149281191,0.9640958514878963,0.49656953806030596,2.0
-470.3092960501312,271.523014264143,6.915589902233718,0.987732301088227,0.6247017000014387,2.0
-519.3393587905708,84.01718393504129,6.456179032467879,0.9747076057138887,0.4949087915802162,2.0
-439.93353749480076,-143.39764490502992,4.977637284953823,0.9766539500992548,0.5616311396588414,2.0
-524.9955429402241,-116.19461928100903,7.224440552939607,0.9894987516070168,0.724763939653865,2.0
-318.0025829281357,395.8312537537207,4.758716825414844,0.9844719656281339,0.667078859993711,2.0
265.1003058068868,-438.52769494699095,4.592426012541915,0.9589463145387611,0.47690788314710314,2.0
356.20754295141757,394.4378705498338,6.170307149956001,0.9863781762991419,0.6863783700082942,2.0
-225.093585069623,-478.61558177780074,4.550608436995281,0.9717378845330648,0.5599246007674554,2.0
-51.69477719996886,505.067069723643,5.272173222828597,0.9772879392008071,0.632682169824674,2.0
390.5801223278738,383.6117681974966,6.354058364965611,0.9783624915890587,0.5181162594361506,2.0
333.37661791999625,406.26517550959534,5.942136903804977,0.9890725047641673,0.6782661274795653,2.0
471.1348036808908,217.84323189632497,5.356455323459838,0.9790770684307807,0.5777053300675279,2.0
-249.57251449248514,-445.10015529513015,5.0490969374532195,0.9856462401798182,0.6295289993140093,2.0
166.88728870381055,468.9494688630351,4.576035753133045,0.9679699270168707,0.5820567541493834,2.0
274.1028517136219,-469.1228886954946,5.979683288121061,0.9884604062324914,0.6124769367750805,2.0
-302.70670671810643,-412.1023000554686,6.6193733722110535,0.9910715964057717,0.6946721661800737,2.0
-487.1067730963362,-140.85787735526682,4.505239894869162,0.9792637573072853,0.7027292266038414,2.0
93.5629406993115,483.5619556958586,6.0830499380629,0.9851803164683667,0.6758930947548742,2.0
-267.58555736459255,422.14723636757304,4.953036695501962,0.9886700654277247,0.7170239675202034,2.0
520.487392791466,-105.2625276225086,5.632552921650977,0.9752696062587578,0.5511650210671539,2.0
297.52121397508216,459.7918417749011,5.389559131130655,0.9685356281176334,0.5174685003801271,2.0
37.625600204179094,-514.8421059890069,6.798100303052842,0.9898341034413608,0.7081341785393995,2.0
198.20824883934966,-477.6305729429916,5.846032337588362,0.9841277958092517,0.6317250727497388,2.0
-140.35726075069286,532.2122287111558,5.399856953483268,0.9806287198314583,0.6039463792252134,2.0
-371.86690075282934,-360.73280105727724,6.786667007696317,0.9758822703616516,0.5230630043215467,2.0
-530.668807546469,-45.610187028005505,7.4846757727156366,0.9754783876316578,0.5074642942347186,2.0
448.70554917265514,-277.3394044401106,5.316814970538939,0.9769225061551077,0.5166878777215859,2.0
-30.72953232325148,499.16331236995904,4.895294429356391,0.966022552180273,0.5784603219029388,2.0
420.7798310339518,304.13979856855303,6.44793202221873,0.9765028252910567,0.510936595984307,2.0
14.124397872995923,-521.5413223138574,6.164525325014788,0.9895604270392181,0.7230979669407186,2.0
111.32267718857744,-546.9076499843707,6.527988600434844,0.9926234088676235,0.7155658559883697,2.0
-165.14435573651411,503.03772987126575,4.898519199587322,0.9842109512874135,0.6266958377378259,2.0
265.69916340036565,-389.83972260663785,4.923589165389473,0.9765193711504381,0.6337372825727771,2.0
311.2734273847497,416.18865653783723,5.90198012552113,0.9786403758723629,0.5793287347277127,2.0
-384.56903590536973,320.7701437209917,5.015900954837317,0.9826426157773938,0.605787352207314,2.0
273.8225589839166,447.3697644274021,4.985381769962783,0.9871701233009452,0.6719038314690282,2.0
344.81261093069685,-356.3781097002973,3.909444577999493,0.9656773100177225,0.5826936364085918,2.0
149.68449312933117,-517.8522572820718,7.296205262759749,0.9809500973543281,0.49479863894201387,2.0
241.04998052047324,-450.087611583799,5.057803973616586,0.9671804305402194,0.5855679277404731,2.0
273.3270862938914,-435.28804451615434,4.701599308168382,0.9780487505604328,0.5749127699305361,2.0
-196.17711305574997,491.3230401875994,6.651796776267959,0.9872348650761164,0.6936717669096897,2.0
516.3971587146775,23.730056151359566,7.306551839419489,0.9841959886604673,0.6257341758374284,2.0
-270.7436340806611,-419.2119039046712,6.40757085888699,0.9847904065757209,0.6334288466051933,2.0
363.6659469510636,373.6772753819352,6.269846788754524,0.9805887449099058,0.5882097710251839,2.0
-461.51411135407955,-260.20421366212156,4.9636588565172834,0.9782111777213848,0.6368324714067438,2.0
-508.40484808322657,88.02342610477082,5.815092086391596,0.9730241796785126,0.5506288849144224,2.0
-391.0585968300981,366.3139280873547,5.416477973337072,0.9643456556268141,0.4928988558773245,2.0
-106.20409513397257,488.1821251906489,4.695677856719041,0.9691829861093599,0.5313409672862751,2.0
142.93316048397662,-505.7869559620592,6.964406024026879,0.9863899673040704,0.6438172221631732,2.0
-520.1637617941775,113.40807324471056,8.392114654922146,0.989005262123315,0.6268275752838175,2.0
-14.231164213388533,-533.5656711030726,6.098407119255623,0.9790965456892962,0.5902735138079579,2.0
-553.9245774096121,54.47970351761228,5.624848659881782,0.9834812344016913,0.614323736289111,2.0
-74.50534775220542,-508.61228850636115,6.9361407281806695,0.9851667350128147,0.5884251853091153,2.0
-178.81997614308426,-486.9348925065319,5.844692017841462,0.9667678871534006,0.506989220837956,2.0
398.3658963512202,-368.9031019206184,8.027156950509928,0.9854505307234555,0.5815785041850949,2.0
32.01441472591876,541.4178676558964,5.024168506132611,0.9579151602926986,0.4763564949221201,2.0
244.91798722495213,447.67271399299443,6.68512913239863,0.9741350916878748,0.6230670527053909,2.0
-155.40593258321712,507.76718958389677,6.119123014502999,0.985524128784996,0.6868321254625899,2.0
-301.4674480838145,-400.3726164278642,5.575489783295133,0.9861938413551193,0.6341595357000055,2.0
-560.9226971613177,-99.57102957209693,7.367185697604496,0.9851396376467938,0.5774328175745506,2.0
-2.7383897305564875,534.4497988763935,8.235398137577679,0.9794374408537888,0.5227848656461869,2.0
335.8517577621489,383.39385307158346,5.2910290111389955,0.9821081101781332,0.6389464858966389,2.0
-412.84013306229696,343.36465580111917,4.316290946251364,0.975859213142061,0.6177928720785172,2.0
-64.19537767191203,517.3930987283564,5.450670704811201,0.9862624561922075,0.6506227746683345,2.0
-408.46118678297506,202.53205502810616,4.675411296991971,0.9777369012165756,0.63004380996352,2.0
3.6573214899549473,-493.6890754259024,4.654634423837773,0.9795554328940032,0.6437980339517752,2.0
510.3441669570759,-111.4383378217999,6.642906085007078,0.9866499724592476,0.6349918110380631,2.0
58.832426734712534,-514.4809814020739,5.769903949303795,0.9808103630022558,0.5887438804064381,2.0
-277.91986624836665,424.0263530264474,4.779275421075113,0.9809294021052244,0.6446807793108235,2.0
509.91585331940985,175.25901531887143,7.408119798008523,0.9864349498554722,0.5876630568638704,2.0
464.4935935485934,-265.0925371429599,5.763864986094607,0.9872894874358884,0.7041293235729625,2.0
372.82058124326306,-390.8933268738627,6.85773414223626,0.9898269758632543,0.6767169248385327,2.0
-426.56840082743366,281.7729168060846,5.98294796728986,0.9887801903862699,0.6582790535256293,2.0
504.21050970010856,-47.086250945669136,4.434380723018898,0.9794269390385616,0.7073307270429304,2.0
-316.7655468939652,376.102269771801,6.647673076141009,0.9885880790002054,0.7028416954934941,2.0
492.87426736177434,-207.97559443662644,5.440790140172798,0.986802375796542,0.6907678052503761,2.0
474.91844300530687,153.69867696653233,5.601395137632394,0.9757418290402187,0.575433334486731,2.0
-545.7332789902035,-133.87710458532916,4.9204189003613115,0.9890399706250679,0.7073857218296377,2.0
-421.6089565506537,-140.1239529003946,4.971263091981137,0.9803141614550934,0.6515363478756968,2.0
186.1246170887299,-444.51435722727626,5.920165100643496,0.9866350486016148,0.6930725667968062,2.0
455.8641880641173,241.96767304497726,5.894373587103914,0.9866862505523958,0.6347159218678196,2.0
-233.56311960173713,487.8185309296532,5.985261691295943,0.9810684827547449,0.5895967649494074,2.0
-84.41540302770605,-502.74376764491853,5.127458898961556,0.9614095872352937,0.47905092556158646,2.0
-27.227636438312604,509.0170052810443,6.0676403666878285,0.9882113781719564,0.7176575910369569,2.0
-513.7956885302184,124.35134576600788,4.887005803175595,0.9597761281439691,0.5495144010669738,2.0
438.2735010079696,-343.2808371968811,6.267108652767468,0.9818158215561101,0.5488553366540332,2.0
-373.97664952580834,-316.56137741655016,4.938567365270577,0.9631267387406509,0.5630760600374428,2.0
-365.0491968445976,400.6938069449466,5.5752741331375475,0.9789933568995881,0.5763739697582065,2.0
-95.51053041729705,524.889411699782,6.489059006518482,0.983408407227924,0.6171486852367779,2.0
510.09515901490295,63.691971185361474,4.890077938151819,0.9634888275415436,0.5045660554422123,2.0
-502.7711506212614,-134.24367177901422,6.151450127229129,0.9763396077942451,0.5159703723230313,2.0
327.0879220137445,439.3795590424428,4.81613536850108,0.9708984540077839,0.5305955605062292,2.0
-484.1948666390656,-196.94981048179426,6.209321328653208,0.9729986179889408,0.5619326354307318,2.0
-73.6427302500964,522.1668082972285,5.458421574055255,0.9842393017459454,0.6676654062522361,2.0
85.16951364298637,-521.2041652506283,4.716091267176242,0.977039387315917,0.6362216131583521,2.0
-442.4437312489571,-256.1665043686086,5.799409723426528,0.9763771462959485,0.5573293593404762,2.0
-497.5999627841631,-170.02605561667303,4.976688128146045,0.979145354329082,0.6550103983840498,2.0
-526.42919020975,60.1571437904149,7.057626517387996,0.9772925462650777,0.5663392066026943,2.0
534.3657834118577,-76.50581343072761,5.71729524746678,0.9775869091387684,0.5723808420708609,2.0
-391.8458900973755,-321.79748385981037,3.7655614501938954,0.9660153561002559,0.5774158877917213,2.0
315.15197888016553,406.6217656230464,4.759984970067979,0.9692529600008485,0.5222982578925394,2.0
258.3816551994388,-456.67980838280306,5.036863475017931,0.9871259643899438,0.6415447150842666,2.0
307.18649666127544,426.19514112428294,5.2910290111389955,0.982092216231137,0.6515270853053018,2.0
455.2840458553989,-244.42010447086244,5.470328748142985,0.9855657807698563,0.6268852701060752,2.0
159.66881477857208,-525.4748398367599,5.504924824361236,0.9822740702971918,0.6025484333798065,2.0
388.81559518441617,323.4901373846356,6.251597051451072,0.9830766983231899,0.6069594303123882,2.0
537.6982980179445,288.83294311468535,4.968384457494197,0.996913197232464,0.9227645842126042,0.0
-399.3516774527564,356.9986010827504,7.5947847214437765,0.9869794193837551,0.5511548911549914,2.0
491.3696443429366,-181.60218284812106,4.63518309867251,0.9632183571845266,0.4989332044416684,2.0
328.8391841703713,-427.1343771200866,5.644556431856204,0.99001707269469,0.6839772823299138,2.0
294.5585750792016,-462.5692260122273,4.587931631633989,0.9614315231239392,0.483537153828466,2.0
353.44714625633424,347.6865711636766,4.116227858438148,0.9744693792442821,0.6098595681190235,2.0
-510.6327078475815,190.45937394530412,6.992104642105675,0.9809571961211837,0.5928944730129108,2.0
-347.1085956167079,-362.01581092998583,6.722328622131994,0.9782128016706769,0.5173046342379717,2.0
508.02808101891054,242.76563545552506,7.338427576231318,0.9763087079158832,0.5023180953891809,2.0
-489.5454624333552,199.52564340742163,5.79898893553627,0.9798116104380576,0.6375125465059857,2.0
508.1851658995576,-89.66804340670113,5.95366022875767,0.9801026382399625,0.5838426531086595,2.0
298.9949186690075,-402.70950803345556,5.115326371040032,0.9887059255282034,0.7038521752754835,2.0
224.31946617202172,479.30425816105827,7.53488254119069,0.9849593625129902,0.6247072888892345,2.0
402.2907227729918,284.2211096337188,4.903850140120694,0.9797692430415661,0.5829074811667341,2.0
-337.340183280079,-385.71288643276654,6.316022914855693,0.988958302780626,0.655462576511314,2.0
-205.86158379828072,497.60625237721297,5.223126649210999,0.985723161776443,0.6770569754727203,2.0
-81.28691966653872,504.303291354886,5.1195824945961785,0.9642069429939079,0.5022217038818135,2.0
411.7265584769747,311.6571249537195,5.739572059953078,0.9865843609876299,0.6448494643335382,2.0
438.0769704843155,284.97946315132333,6.27514133065611,0.9901222708333707,0.680249390797453,2.0
303.66194672874275,477.53027562442185,5.556017638739947,0.9847268506399336,0.6707147485371309,2.0
-106.2163683530742,-468.6349993805604,4.425419110562966,0.9821916439038505,0.6537433177533875,2.0
245.2315026207089,-465.6961732262101,4.603527031334297,0.9573731282542142,0.5577181780188245,2.0
-198.86731883845988,-516.2820539700441,5.434808132320746,0.9846666261367915,0.6694071538681997,2.0
202.04537395968205,490.09968937521563,6.154664798311628,0.9722589521715884,0.4768999358103353,2.0
62.308751760682945,512.0212312152923,7.130109512565277,0.988672879031087,0.6646487456574716,2.0
-166.2827350069783,514.688926341628,7.190150407674932,0.9901406044966786,0.6394757665805576,2.0
155.7665998786402,483.27462863801946,5.523547251672345,0.9780921403776468,0.6294891334906894,2.0
536.4600500725714,-9.202703198150289,5.920133509743996,0.9815394280614276,0.6103835921132819,2.0
533.2682370844974,-65.44748054274164,5.977578361544044,0.9770496338854489,0.627139251278226,2.0
263.7477197236205,447.32250534368376,5.23312111065694,0.9562431613892038,0.4862701612923666,2.0
254.10091106430593,-501.91024714817706,6.422517921491211,0.9796425165490635,0.5282741778825893,2.0
222.37988368417314,-524.4280261154152,6.88103372785424,0.9844722743963563,0.6042347239159402,2.0
-462.91432879499916,252.32807401325607,6.508301943679027,0.9869722473054491,0.6485044112509613,2.0
556.6774608129365,7.358378046002531,5.906952055683351,0.9885586755259977,0.7161954067218211,2.0
-327.9495783171572,356.31305916339846,5.741352898075333,0.9887791460007647,0.7038853457110202,2.0
-279.62340281526645,-438.76703290976474,6.675371430333524,0.9863570251218371,0.6935245178290053,2.0
92.22158707207079,-514.3033163819468,5.677120517559333,0.9764203075844874,0.6207359524535255,2.0
110.56321608013091,534.2320523009206,4.8755499519620855,0.9795881221005075,0.6462491487851212,2.0
516.1876123948913,122.47580199684955,5.155377263025505,0.9790149111942642,0.5827766017240461,2.0
-462.88424449033477,-226.02721745657453,6.106999207289653,0.9809821736900531,0.5875756299353967,2.0
103.72015955182313,-516.0474711346684,6.5274210384585025,0.9772613412919939,0.5627138753326391,2.0
467.45622758849225,-215.7068515670056,4.2577210534002425,0.9625195426159955,0.4987441568146669,2.0
308.48785920014,-437.96660067088624,6.007794540040234,0.9788201733777554,0.5867354899447911,2.0
204.64042426627122,-515.5064872713491,4.835827176594625,0.984105434889019,0.6702148197369808,2.0
60.770784252279924,526.9404187813963,6.173368229751391,0.9813120169898953,0.5943771883463255,2.0
131.17699410414448,-507.9104929149216,5.273529135594876,0.986005348252735,0.6600269088695919,2.0
515.0541981533137,-234.80465157833973,6.662812452136545,0.9898466020646257,0.7275583028667919,0.0
-263.2157721036264,450.46583454396875,6.285080078902624,0.9739574903001892,0.5511404366297743,2.0
-357.6616433039166,-342.78707298099255,5.451251842649895,0.9551405288833424,0.4584837755829928,2.0
458.58325879404975,-293.2517233138678,5.00772745308911,0.9838641172617879,0.6469900909914426,2.0
233.3852268766058,453.8639215906544,7.080444827160882,0.9851612730542402,0.5954614670675514,2.0
100.62541090316374,491.56909864643126,4.952633329696265,0.9689543552826386,0.5264242235390844,2.0
-508.76056383404085,107.21546366579746,4.873731340775892,0.9864880829681252,0.6371622860551772,2.0
486.60448545590475,169.62456829938594,6.563903085823567,0.9885297533483791,0.6754634229022765,2.0
-283.7027877447206,469.34388094013974,6.606270227336027,0.9913696397896242,0.6861013921318336,2.0
-91.57910568170391,504.62440060256114,5.653389764063819,0.9869013706823607,0.6350401173804411,2.0
-338.76548938063985,375.0739009898148,5.886784526100333,0.9707612628321772,0.4647744815817025,2.0
318.3248497829909,-412.6867366379192,5.00168942161411,0.985524280269388,0.6779871471276688,2.0
-521.535577611194,-36.05551854207721,6.43570174618767,0.9781286802822295,0.5812960186936933,2.0
-322.4952847706018,407.84148764343695,5.315141506671748,0.9867829922814916,0.7133528557310915,2.0
555.4877339082377,-156.1460794563309,5.486391381014523,0.989036810139892,0.7134091325593508,2.0
-445.24207112384687,-179.4351723792438,5.159818775851789,0.975948288038276,0.5572211064806032,2.0
498.4506238090001,-111.40807391404957,5.687500987299439,0.9794578346682823,0.5932378944350627,2.0
-95.8097196592233,513.9517180163364,4.679663904592704,0.9839913562853534,0.6236474322156172,2.0
-142.5280800957471,520.4540983559298,6.938800694381253,0.9809708565559528,0.5482193352702194,2.0
161.23834254733742,-515.7632878899286,4.792070524839891,0.9737681229428035,0.6109448093250193,2.0
382.22083007421116,-383.15058737087196,5.698866839313482,0.97134362304397,0.5302737987565752,2.0
487.97568371707536,209.2797231907347,5.765656047706782,0.9748124350520508,0.5683765157712246,2.0
-333.8895936118288,-408.08091865182246,7.292440560986466,0.9918002659998473,0.7054139797281306,2.0
511.61764221207545,-71.9282942545758,5.625963111871755,0.982362885491246,0.6548443991923306,2.0
488.4015282870291,181.08081752811404,5.5252523895383385,0.9821431620465607,0.6011446211584834,2.0
-307.2433258080018,410.09659997054024,5.989161143485353,0.9816405919080551,0.6063626354373869,2.0
469.2199594996329,183.24478021433137,5.226796701049031,0.9834406228194214,0.7258905737075375,2.0
-122.96985599113168,-501.92301111705,5.6343882728576125,0.9841924398946945,0.620464371868028,2.0
190.19465711238513,-506.097853524713,5.507969074209965,0.9832892980028389,0.6123285678401569,2.0
491.938959467639,-259.07326446061194,4.304312788060305,0.974694477966691,0.5558306724131282,2.0
41.99743421853522,-527.2310628636073,5.5844008441060895,0.9896641304241832,0.6785544607597793,2.0
-116.29689948720842,-468.63272493285297,5.915195821260935,0.9795577754517085,0.5367036938750207,2.0
-122.07865820316592,-491.42523173536057,5.197235239156079,0.9813737025994145,0.5951397202705271,2.0
-39.363701607130054,-532.2662255506577,6.726903596593813,0.9844029647598223,0.5802280936032073,2.0
-420.9977530262368,297.7009909825041,4.754747821026317,0.9803600479896308,0.588001327151156,2.0
518.9791607550928,167.69408944663826,4.782692995403626,0.9790639974071901,0.5945358533231202,2.0
295.3364393313279,440.7004339088571,5.677965912925208,0.9767781807226125,0.5705546588403335,2.0
-511.758049307264,-212.28917700277015,6.334112134424423,0.976448787139659,0.5339965443161677,2.0
392.4833535122551,313.68424385364506,4.7136004280708965,0.9725757585078323,0.6011416021379155,2.0
-215.39926626970743,-473.5110309482714,6.5772663778652865,0.9900447009738548,0.7232778184942603,2.0
410.26019385279534,301.1610074775037,5.033164226126609,0.9759652399872624,0.6304893100003633,2.0
-312.8503859590653,365.5826293245704,5.0472005580160735,0.9732089757776607,0.5425462611461359,2.0
-526.6936865728588,146.08296770636045,6.013054365588835,0.9827318095701125,0.5572360001440116,2.0
500.9650657135092,152.99838797862702,6.758864255448372,0.9882468172074619,0.6596201973862763,2.0
-62.05706624535289,-524.3233193406089,4.815471437269382,0.9882853541499559,0.7133693692121555,2.0
-407.2132158581111,-321.20353285849507,5.668174935892134,0.982357983573551,0.6009346717694561,2.0
449.30312850500013,-295.9228244968436,4.969246441038562,0.9727146129248817,0.538632611744564,2.0
507.52642465926846,142.94956322639743,5.750849650146616,0.9611007801813689,0.48411224323803376,2.0
485.7258687688246,316.6251821623348,6.947303578363274,0.9889580877191892,0.6741329520540604,2.0
-471.32845337981325,209.56347887933114,5.837138524187376,0.9898065962166605,0.6666404326131287,2.0
-388.42318251056923,-342.4420990604005,4.736338537467871,0.9796704471138274,0.6385210211417786,2.0
-533.8340454012974,-104.50693400041419,8.067993544751806,0.9857089029027206,0.5897037046706017,2.0
316.26472397125576,434.6602617982441,7.504129576469087,0.9867798323799254,0.6163595671034029,2.0
-495.961644427654,-199.72873269261171,6.556874520302942,0.9708782973512472,0.4691455363564615,2.0
-437.18504314020555,259.53099891202294,6.644603235802526,0.9817593960519143,0.6012613680841515,2.0
363.8891849407223,-382.89261300904883,5.6207308678547285,0.974350858253368,0.5506977016912332,2.0
-530.191095943952,102.86225279008973,6.727285116156017,0.9705052382019481,0.4738870533492087,2.0
363.4517002358264,-412.26074574117564,5.6829678157082775,0.9765479907521665,0.5770853231016749,2.0
-83.69789600165406,526.4008157628629,5.895069545192775,0.9739547139935685,0.54302368823269,2.0
497.24788965051164,128.0745326205343,6.25899595171448,0.9836163021782933,0.7239096309163839,2.0
-282.77326142768266,-418.32980093559195,6.007211712233459,0.9851692459091083,0.6141633543261327,2.0
373.58106597894067,366.18681618383516,6.674804750402797,0.9818702894113474,0.5967685827608022,2.0
-288.0761818260181,-447.5900794904097,5.316250828145084,0.9857613946474935,0.6835089306116574,2.0
280.72802613449306,-407.6627960535527,4.88242873450832,0.9923829602649769,0.7017875497706274,2.0
-295.8016902669734,374.40759027446234,4.1304982949117255,0.9855132768891571,0.6362370878055089,2.0
392.3680091284519,-172.78696443247873,4.816391489848898,0.9765772161434002,0.5621251200291277,2.0
-486.51268859804895,243.7588767454088,5.744175402402506,0.9837200487878542,0.6222162038938239,2.0
-535.113360397808,31.003423509957226,6.181826564683264,0.9787201128504187,0.5760110750076347,2.0
-32.722274991303614,-513.3474943423989,5.628577984965985,0.9826248385117816,0.6201559692827097,2.0
168.36170457305826,-507.17866713905005,6.9031865598349045,0.9727045766392896,0.48030567347770664,2.0
-542.0239304895146,172.04352202355145,6.304364944109456,0.9878058571886135,0.6449057870167428,2.0
-247.27626721806385,-457.39211404231503,7.687914851166161,0.9839555261607198,0.5231565438164903,2.0
-435.15956781693455,-263.4740986407994,4.9962336790344875,0.9623726778400834,0.4832096456894952,2.0
-258.406274969039,-439.980105323991,5.310286076492825,0.9802005775315056,0.6051312731421001,2.0
81.99751222002477,-548.3533860392922,6.0927337769098875,0.9815628561743074,0.5466493293446358,2.0
-292.97566686978723,416.81352571149375,5.202808947264299,0.9839184087950881,0.6753006807447912,2.0
208.19032911766016,469.3091251536852,4.735766259497123,0.9701477916099276,0.5747453616438134,2.0
360.73557171815963,420.25751136456745,5.8134729931486175,0.9854586615404639,0.7203001355086411,2.0
-89.64035276417408,-558.8505148806422,5.080505799787951,0.9858607609988752,0.6565918874774571,2.0
-318.48474476642645,450.75127191495824,6.384886966297914,0.9868043742596044,0.6384141178774572,2.0
557.5249157669581,-86.87768759100756,5.879221621629562,0.9886107755148811,0.6646778077856786,2.0
-283.7756492234912,417.4576981682087,4.354719691133269,0.9712454819437591,0.5294659811996334,2.0
-324.92260539517184,-384.0322087860289,6.564102647429782,0.9834333528391763,0.5599044477231251,2.0
509.9264263061522,-224.11819914832486,5.0373447153196516,0.9875153544178864,0.7005799353989208,2.0
-466.8882203553497,-282.9462197588226,5.886316338943883,0.9693830030913976,0.45910796088977024,2.0
12.2383699488052,-563.9569996646989,4.332601269855498,0.9742673560092263,0.6146655891761162,2.0
524.7873691140132,-57.535493391925456,6.2241562744355745,0.972938270592062,0.537248638867211,2.0
505.1588945199504,197.77193935121096,7.612050768263763,0.9819863494344128,0.5698464278770423,2.0
274.1721112902889,-458.8477893984873,4.611650901488921,0.9836675088135056,0.6215849812956763,2.0
291.74920538913386,-441.570093516836,5.3607196135013755,0.9729932730982342,0.5398448440619088,2.0
17.72427611595449,525.379660497178,5.3152442636927075,0.9712673445074067,0.5336192363603809,2.0
513.2283448359138,91.7831575105427,6.4748024006825675,0.98518254340502,0.6427301388445718,2.0
385.8233910052614,-408.5618371533136,5.739002352294335,0.9771711057926282,0.5780796810101042,2.0
212.66857987193546,438.2781332616726,5.118130870386242,0.9758844984594113,0.594986552575334,2.0
-265.1420422285207,439.40239203392076,5.372464168413898,0.9880320836226324,0.7022391668297797,2.0
-518.9543865194449,-46.68287220067218,4.8529652232369695,0.960853422232318,0.48181322645949876,2.0
39.38597832889309,533.8942543399274,6.1459137244843065,0.9809607897163556,0.6084902535370591,2.0
-161.91031075709404,-503.5116225774856,6.378213872496856,0.9856913596001817,0.7151302895483609,2.0
-106.83461754721944,532.0215353300727,7.195844320904481,0.986559824415553,0.6001803423994652,2.0
180.0287710515843,484.70959870875527,5.130133874976529,0.9732525788638413,0.5459512852879977,2.0
218.16075789016142,468.49661586738677,5.280141832169023,0.9795278887768895,0.6214586237264984,2.0
220.97397726656703,-484.2906611775579,5.317428661983673,0.9836960408178459,0.6662638891844183,2.0
292.57553496092163,-423.45738029442396,5.543692908594198,0.9930042523282306,0.7094367756096351,2.0
-480.19143366109904,-268.32202947584346,5.839939003711596,0.9850188616503106,0.6298439446558848,2.0
450.31157187862186,-267.37155152771237,5.211115301017144,0.969843970714911,0.5263956872412231,2.0
223.29873948259507,435.6650389223435,6.240289661927355,0.9899687007132031,0.6743224375973501,2.0
349.6220807304853,-420.77884739988986,4.156249300135136,0.9665602161667798,0.5809708802581212,2.0
477.04920764181827,229.83163754584288,5.542646694496844,0.9783139406486675,0.6327306860400711,2.0
157.75032472162735,508.3318792391442,6.695119903949624,0.9915430169676828,0.6917859889365007,2.0
-431.9680431012389,328.8348271517974,7.55104720188912,0.9898923130405171,0.7121820863367385,2.0
-413.3235166108242,-341.00430748719305,5.207163811996294,0.9829630311778108,0.6017156521204425,2.0
-463.6160078222844,-249.40622222289454,6.282312037784052,0.9902507817054014,0.6702079918395356,2.0
330.31889701960625,418.17002959086716,6.269016042006364,0.978025372298628,0.5783162241148017,2.0
288.0058396979172,-432.4714459613501,4.825847627527917,0.9830034500049216,0.6118485174446832,2.0
407.34217862016254,343.24352405420643,6.067473971649512,0.9751335138133131,0.5597215088652334,2.0
-24.109533621228934,-506.7654880054389,5.568425234631817,0.9764855165772077,0.5579372102939901,2.0
-47.128067293746724,513.1728286491476,4.316593833561953,0.972470904837603,0.5403884402520867,2.0
-99.06588713462423,-512.3397170887349,5.946614996890263,0.9797699290006227,0.5341410262603974,2.0
136.95196321571146,-517.0529581560435,5.965051436683186,0.9808627783031225,0.5660404816922266,2.0
-556.4450101315691,20.62800377337669,7.03286766621182,0.9826082430439744,0.5512096473926449,2.0
406.33469929097174,-335.51696324980117,5.3308051246381325,0.9842026702811615,0.6875940965982402,2.0
-456.51951034623715,-286.57114081477613,5.396274200095891,0.9865561681999705,0.5878396190867535,2.0
432.09229625326117,274.596867435045,5.887977412329401,0.9821721871276009,0.6476752939732998,2.0
221.92064114074702,455.7170023007573,5.057042531181988,0.9791813597480684,0.6050820536727793,2.0
422.5969522832079,315.2458715469636,5.0687375800504935,0.9900604670809152,0.7134882757113229,2.0
-545.2575946249335,25.7470213131607,5.570520771566958,0.9827935486882584,0.6583655834133287,2.0
-57.40092596155353,541.1169563900864,5.031651375122895,0.9858442958883971,0.6838178905131129,2.0
-223.94559460608932,479.7191698945676,6.922045582935965,0.986465706616744,0.6493184483261464,2.0
-523.647316268526,13.792286287258827,5.257909394210003,0.9868385110270055,0.6974739224753497,2.0
-542.080977164698,-63.02404493596183,6.582990961909786,0.9845635722867165,0.6241417702036318,2.0
525.8121371218095,-8.46783372100894,5.242162515859343,0.9646881961261197,0.5015329400496329,2.0
-426.0730664296726,316.7414921907724,6.402802113228342,0.9771271782583468,0.5632688468169473,2.0
511.0570109637009,-182.87723223423436,7.4649643952205995,0.984406908980021,0.5384017853558564,2.0
-321.72860461275616,363.94484825611534,4.369910943825785,0.9815870150432194,0.6581168309182102,2.0
482.5550711326086,159.79642011752466,4.328163438057465,0.9786159613254548,0.5800240572349195,2.0
-51.132181926805714,523.2693310656601,6.842271248929232,0.9880384383243387,0.6489859841965033,2.0
498.9104812903343,39.83926929337082,5.329013539660857,0.9865333095560195,0.7234428290863745,2.0
393.3005709122649,360.20482523275047,6.188823119359751,0.982716776035865,0.6164181319928532,2.0
-437.27509040623124,279.87881055831167,5.279708044293463,0.9825698598395833,0.6007395271930475,2.0
-289.3721067871746,-429.5648228718251,7.182977031887246,0.9865177914241784,0.5968717887141672,2.0
53.22022970666383,519.2269502507286,4.94705190304497,0.9746506178750687,0.550095884747257,2.0
-507.5696903968208,-153.15712973277388,6.270570169826787,0.9754924376181223,0.5536792224438307,2.0
-368.1917194231923,-371.806921473666,5.3488364242248645,0.9742041642316338,0.6084480787956921,2.0
231.1405636573707,-483.8337686425502,5.277008663594671,0.9700481451249499,0.5868082937453721,2.0
-145.2136839888057,-465.0561972096961,5.450564420873625,0.9823593851467156,0.6058603387091875,2.0
-296.5003109105266,-339.59775735018695,5.324990507299936,0.9819415543309558,0.6337343071875982,2.0
548.40942219016,68.13075222745671,5.190454158924193,0.9794084727327748,0.6398188481128456,2.0
527.2736958958675,-31.897392977852764,7.301821802191422,0.9767345909272928,0.5736552526165969,2.0
-514.8548183447033,10.115226570589531,4.419087712021517,0.9884354006374196,0.6567104709896587,2.0
538.7641502971711,49.46803364528734,4.993422967920474,0.9784296756809573,0.6308059658551717,2.0
-258.87096192751466,-450.9423881752985,6.219642412910137,0.9752416989822649,0.5200682421395133,2.0
396.5173646658161,341.5981299792556,5.470715858655577,0.9682438573412507,0.5149634773700237,2.0
-484.02487661844253,225.22589654068364,4.719028200329454,0.971232168980963,0.626543005730048,2.0
-246.3654281179234,-411.920993039017,6.099605468946552,0.9856241236440993,0.6345916299991609,2.0
525.0247859854728,-124.65816536599837,4.993418478156126,0.9615723958919088,0.48366537420218664,2.0
-171.09615239088498,-495.5537404756958,6.378213872496857,0.9745074582611359,0.5535131439344723,2.0
519.0003160550242,59.089787628687546,5.735933775555654,0.9682109539164114,0.46373644653038926,2.0
-271.52333144927786,431.2845380467728,5.28344304596743,0.9801638979171052,0.5273823454951675,2.0
528.1422045953886,-86.54634432943013,6.593179557118218,0.9875552609148531,0.644879341485799,2.0
32.486633189865174,-525.020517830251,4.622252568598966,0.9751213307325474,0.6148377500466004,2.0
379.12543023397916,-362.0476678717617,4.561633528945784,0.9730720468156141,0.6114874379955701,2.0
-542.8104781643506,84.3975234411698,5.676758475788637,0.976438829939867,0.5663741114437929,2.0
526.6039333917776,-97.36492649061726,4.769661173511026,0.9686652468895185,0.514517940041564,2.0
435.9280512775285,-314.9723371485575,5.451857194927862,0.9552583681352038,0.45825884914714565,2.0
-100.96702950247551,-460.70611959352397,4.921507687884128,0.9867995855802847,0.7003584026954717,2.0
291.5621012899359,-452.7383135042258,6.241446211373905,0.982399772854842,0.6124748102728848,2.0
-255.90317598588626,492.4539512685906,6.053724869115759,0.9848301317175072,0.6246482266015272,2.0
-364.9178840516546,-395.5827315764166,6.13027135044181,0.9886868909067409,0.6576125218666066,2.0
-259.5346541026578,-421.12945459657254,5.486535003312763,0.9813499459402707,0.6503092318310805,2.0
-555.8573415079262,-78.06534043996686,6.301949853974866,0.989544451687883,0.692530366919754,2.0
-540.2110820624555,201.9779505998176,6.080604153521831,0.9834355091133682,0.6684901318715304,2.0
-41.3970427744395,-520.2787975111161,5.847124827161358,0.9774645449681433,0.5759439688498709,2.0
23.853432452110646,-539.8161037787268,6.616062271585397,0.9857947772409278,0.5893350269426326,2.0
-394.3209876199052,388.70385135089145,5.36912814214658,0.9831136789763144,0.632488973311018,2.0
345.73963161391595,402.2335294647204,7.196773977001748,0.9909061277707806,0.6443845067660532,2.0
-313.32119233526356,-408.567463261185,4.78611086807953,0.9834730945743365,0.6649745412937808,2.0
384.5599551073162,366.1536745152917,4.7690063119014425,0.9725762114918876,0.539095978843632,2.0
-380.6765660715938,348.5597295260619,5.20443507030732,0.9701093954949395,0.5370812749974516,2.0
-161.1810734030693,-492.92945462588733,4.205076265058893,0.9813146075664467,0.6517582486566723,2.0
-536.505836052873,-15.546188498280438,5.443314751000488,0.9775123611027243,0.6357803218165603,2.0
500.15336250776767,114.59181656110727,5.171752567531627,0.9789800164580934,0.6370760850449924,2.0
288.7772763123123,449.59033930187036,5.601368738376907,0.9888011713997333,0.7028406408904544,2.0
336.1561780389419,-467.3861713411132,5.481096379640478,0.9664809103242353,0.5037484683414976,2.0
279.43171653342506,467.57047922191845,7.278488707305692,0.9884745192826204,0.6608652724811074,2.0
456.2424537221441,-302.88195534062856,5.242331614513631,0.9850308233710452,0.67315045820694,2.0
456.88806212500555,-283.4926036185407,5.112833197611401,0.9931986462907854,0.7130545177358338,2.0
486.1932577917417,190.8758860170316,4.804953543949763,0.9743800693856833,0.5525571966904357,2.0
-461.97417113856517,239.64786288728314,6.750336846210199,0.9811728868308164,0.6000133584337067,2.0
255.2852588616917,454.7049379724705,6.618983890265167,0.977806874367883,0.5929916368964359,2.0
437.849842834761,264.6926966720985,5.585899618433084,0.9860112597638794,0.6627654001398886,2.0
-528.614131553799,-149.91729412122956,6.362482310401799,0.9835753108922376,0.5622362023148989,2.0
249.10132693682104,-457.89450758064055,4.676419646569808,0.9766958327612021,0.6451903016315442,2.0
-341.465289707255,399.6105557387305,6.350501953727417,0.9845465833630734,0.617219406988343,2.0
-432.98947030868646,-285.38992369094007,6.691524879654791,0.9870759244755604,0.6257636637941164,2.0
446.5082266789873,293.5918552023492,6.1272003545012,0.9865953022052191,0.7212172888650322,2.0
-253.8620037090038,467.5039116771989,5.911841309661466,0.9784181976744414,0.5236062681485251,2.0
-503.9642384687469,-188.87970199296672,7.318604508586307,0.9791237422254135,0.47469085710976777,2.0
486.21753109347685,-217.28230327239962,6.306683376523695,0.9899057401829119,0.6389387430872204,2.0
-422.0992949744416,271.9039683098651,5.2449291217771465,0.979144643397012,0.579673781203884,2.0
-464.8932777148486,218.18838126415517,5.236282570244781,0.973847503732456,0.555252159542352,2.0
367.4299574413405,386.7171811872495,7.101654059827217,0.9897819440375826,0.6703851078287492,2.0
522.3633670118096,-115.3308764226928,5.102297758825297,0.9816402099588971,0.6511660176721298,2.0
-62.951533910882695,-511.4058303386569,5.520744919706004,0.9719457959197777,0.5399688098009238,2.0
345.45575890281475,389.0644995391062,6.343028550814258,0.9750161703310574,0.5050155975071811,2.0
312.8950135695898,-449.95345738741844,6.941947602597932,0.9891755860985578,0.6742999353018159,2.0
-24.18915417347855,541.3815327253795,6.7512572193654,0.9745530252195845,0.5106597446445663,2.0
-375.35719484680675,357.79513753723614,5.930052719568563,0.9853957669922008,0.631369835601889,2.0
424.7516450214205,-373.1236018333111,6.974294304402862,0.9702056780086348,0.4649120961689288,2.0
486.7307096770772,-199.49012477246544,4.918402249573877,0.9781767166125176,0.6283385826699632,2.0
559.2802302248695,133.4793038917468,6.58221620815779,0.9921738966294682,0.7389082311522336,0.0
-419.6637614448547,306.1142168644578,4.046864253995451,0.9622847179106235,0.5624678191917303,2.0
-214.9452052671259,-453.1433114207936,5.882527351943028,0.9731489142473078,0.4843863486923174,2.0
110.73866626111223,493.40296357865753,5.6159535567246595,0.984641891527535,0.6718235799476344,2.0
-329.92479557342665,-395.2366083533822,6.092146522269942,0.9859831358740302,0.6787077736102921,2.0
-512.6447981282867,-28.27333911882356,5.929687245280876,0.9807125955985081,0.5606000755586609,2.0
254.63285655108564,-465.7355701795656,5.019873415840032,0.9896514792078411,0.7259253185766901,2.0
-143.57330972229224,-496.4636206870822,4.469489040797279,0.9781475270062472,0.6368435918864038,2.0
179.94502100243437,-506.55933283957125,5.159196218226394,0.9790514369055056,0.6344112059170784,2.0
504.446788325534,-206.86896484968915,6.632140509362904,0.974072956053112,0.49321327057012465,2.0
545.9352953684241,-11.628296051247055,4.16465153374411,0.9820985090806067,0.6027448845466712,2.0
543.5536088463709,-59.65649958987432,6.432106733372695,0.972586157502986,0.5365766287056734,2.0
475.8500507088348,-212.1151560239918,5.339637842025551,0.9882892658302347,0.6594917132703774,2.0
66.92672996864525,-521.337089818327,5.218603675736428,0.9752317075309209,0.5535825011408733,2.0
-349.7509685201975,433.31348160846875,6.081397239753833,0.990755403254607,0.6774964300639144,2.0
92.81177019254405,507.7587169053622,6.37134342074991,0.9816546738820903,0.5938897310687782,2.0
531.5974529751179,41.71185281290795,5.916055258180815,0.9671096470553209,0.5127477994973432,2.0
404.30021224366,-381.46157624298564,6.223355826844084,0.9869559149478734,0.6462178941831188,2.0
175.03673930150956,-496.5876693519944,6.353093453967505,0.9714485142451339,0.5410524818448043,2.0
-65.89474772276954,-584.508151772349,7.447081412114005,0.9793718436974677,0.6397227566258613,2.0
-281.47081858320325,432.8537020657941,5.095506628502658,0.9741275743446829,0.5530477076734432,2.0
-235.30360540622766,-478.95882232516146,6.0731425465267055,0.9878536273221082,0.6950257586403376,2.0
-398.3349164857254,-318.1013127272107,4.109161881160248,0.9710487312568165,0.5369170285643533,2.0
-514.6963376627289,160.87135394893474,5.6505818649309205,0.9788092572383083,0.5791924406017901,2.0
78.42016392178226,-529.2528564028116,6.2777174841803065,0.9825089865377395,0.5559358786878159,2.0
408.8560285746236,-359.1899260330608,6.669288789647504,0.9850250270126236,0.5778852522372451,2.0
537.7526307325155,72.58522246934214,6.848562645366562,0.9820539414078563,0.6094271698764967,2.0
-361.622908252913,368.1618907219068,6.743977230943914,0.9812820351568695,0.5657549471032806,2.0
-314.82284831532803,-431.7773900751555,6.8537897351432795,0.9882291332040529,0.6983317871267349,2.0
495.957135349025,188.65134744806036,5.490526186188078,0.9838648892079211,0.5668370787360945,2.0
-179.01715115058673,543.1569359864468,6.573933757269301,0.9827217657923716,0.6081135530345645,2.0
509.63590351652994,162.1527250289271,6.196711499783962,0.9859433503636511,0.5994218608987738,2.0
62.07794493267216,590.4269924619218,7.567058734668049,0.9878782289344237,0.6585802904574228,2.0
-132.4241728566544,-453.4444842232465,4.129498140996301,0.9819592488340863,0.6023523005238587,2.0
383.1256485665803,-419.1861362001745,5.459275196479444,0.9884356104977703,0.6194929559261867,2.0
-492.7392481638195,64.03094505313351,4.492426950244535,0.9772373535502183,0.5652654898176894,2.0
-245.1971337390811,424.70887645801247,5.128640133846566,0.986124345140787,0.6675123545294331,2.0
-534.9447326549933,153.92202696752824,5.586194326333985,0.9895526638885794,0.6250156988962973,2.0
-458.92532328519303,-277.18183142886835,4.5224874892670535,0.962548730157473,0.4944190212899624,2.0
-429.0126115849918,-297.522684810818,6.579097292865827,0.9881650215426562,0.6257291856591697,2.0
-346.80962374485324,381.89066533688487,5.09045846367946,0.9648976733544333,0.49502320884408296,2.0
-317.94003435532784,-393.33883435597903,5.516251945330027,0.9817848621493407,0.603723640019647,2.0
-514.0218694121883,-117.76064967488156,4.114988221126578,0.9612514771427801,0.5656428028675853,2.0
-443.421001508255,271.5039594002975,5.44842375232067,0.9886518005218525,0.6673664013199887,2.0
-529.5809101801939,135.3457706499786,5.549519458932433,0.9802176764027273,0.5826454186384263,2.0
486.40767121049186,-248.94903887056591,7.416632516761093,0.9878886175429126,0.608272169093577,2.0
-341.0777842902023,-397.7852861826997,5.741736209154214,0.982348974405178,0.6114571309706575,2.0
-186.60145943936163,521.840773235927,5.734354129899209,0.9672491362184205,0.5107262802902949,2.0
338.79253519379927,-419.25316746016097,7.32640388261605,0.9803772114333517,0.5394656701795117,2.0
-412.753621937878,-309.1354875520458,4.865461162253203,0.9811945585037007,0.6462479641649534,2.0
-7.609053358648873,-544.3313486228042,7.192636541495466,0.9795084960068999,0.5353178054931009,2.0
-190.3209016479908,-486.16658498371845,6.182156765968558,0.9805530125337367,0.594262423131568,2.0
-197.01584519750125,-496.0189463876073,5.9677684777135385,0.9924744505576177,0.6991652141365761,2.0
191.36283002805712,483.95390246903577,6.68158489878118,0.9891878079818517,0.7212613705858285,2.0
447.61767001666794,282.4400609664639,3.9444008099770653,0.9745130600833227,0.6177666557857318,2.0
-69.32577695967888,541.714512826432,5.145236124864567,0.9885620523320383,0.7008063104917766,2.0
459.91855261309576,259.1166569606921,4.815554915159732,0.9717462340521678,0.542112962057463,2.0
-129.22458814311221,526.0542171823499,7.7338797206868115,0.9889083670595585,0.5773891458165672,2.0
-529.5218020269253,-92.59002625707463,5.066487791021682,0.9564936768192448,0.4604150652685684,2.0
57.21631203188173,-525.6809872893334,5.8797572000004,0.978762093570583,0.5206882456717222,2.0
-472.9855623760276,-193.98175942181223,6.043703551190452,0.9796177835118872,0.7109929380250557,2.0
303.06034569872827,-457.3218997446986,5.756336408138863,0.9815916297108346,0.596876858903824,2.0
184.09663959758055,-515.7001578733074,5.231662128006745,0.9908355156384815,0.725110675244872,2.0
537.8638708697638,60.1787509103566,6.08409350714957,0.9766018040812001,0.5632484438764516,2.0
445.9407917877629,246.08003087985452,4.544548460097505,0.9690122992714792,0.5930816344995232,2.0
-521.3096720998793,170.2063214839218,6.189312016330601,0.9870378425043568,0.6889326848273375,2.0
467.7094165155236,-275.6532308633182,5.580390277003077,0.9652734012773939,0.505579036334433,2.0
360.70166518437196,-393.4378151980034,5.6819470756305375,0.9910869851541869,0.6565110927310015,2.0
523.4362892377553,-156.50874582244379,7.514357491333322,0.9864665486661985,0.5856406654777813,2.0
564.6119317417722,29.894632902313656,5.141719772248794,0.9854915346250089,0.7030133594125682,2.0
-475.2443424216159,238.4073391394365,7.19624005106577,0.9811274644916055,0.594626797177787,2.0
183.07326627468765,475.4293792443267,5.097063250920321,0.9800718028801655,0.6587772431881725,2.0
507.27076988863377,215.7844243041111,6.78396669692459,0.9894291663928834,0.6910189757275077,2.0
-231.81481351241948,-404.3388741291714,3.397463791119977,0.9776191136164506,0.6301581427050492,2.0
-41.71135983438569,530.7885626581011,5.6911248608128675,0.9837535253083299,0.6183303766357015,2.0
465.1410434095426,333.0201143883123,6.971868486666583,0.979737627020318,0.533788003570709,2.0
-200.47080108086476,506.89463943644716,5.85654443022144,0.9887928902609938,0.7241547807115297,2.0
553.6094007566404,-64.85380416795681,5.550251943018427,0.9704854342478361,0.5396783330929509,2.0
500.60013289409164,-251.8980911735348,7.370888569642026,0.9876250117679787,0.598552507408798,2.0
467.6802458025623,226.89103481701892,4.646396239553487,0.9753387662875799,0.5520952781624432,2.0
103.91417897520246,512.7910487221183,6.161898456478565,0.9907455627196542,0.7252261989859611,2.0
280.7170802384502,-451.94599869751414,5.174914329986565,0.978409512206989,0.6404165894586714,2.0
-206.91399365073622,514.2661646556496,4.014523591847237,0.9851072110843082,0.6890435362012325,2.0
-289.3218952448734,-410.5187465867305,4.195720440525569,0.9818026387155384,0.6977064866709897,2.0
-63.68001419081004,-533.9852799431006,5.302800912399077,0.9836018083986295,0.607891436089397,2.0
463.1863311600932,367.2008379163114,5.611007742770675,0.9948093966438987,0.8169855352343502,0.0
475.3909570722785,249.31826715981973,6.237470057473204,0.9880867295770352,0.6488136321085469,2.0
-450.2405525311844,-278.7991986620281,4.8079490374855975,0.981757038898579,0.61677226233455,2.0
496.8977907594043,-197.74800967633146,5.772574387021218,0.9793158435603383,0.5320885666267913,2.0
-462.5942971945973,228.14220862646974,5.233329127330692,0.9706351227649173,0.5340029841904987,2.0
483.2649116353114,-236.51030597114035,5.816258916795026,0.985375690854821,0.6000458430756619,2.0
-350.7732932009006,-429.86958159035953,6.044636897532571,0.9773171384573078,0.5803598586264336,2.0
-419.1130686339342,288.8923116644587,4.536332008766438,0.9819112261585305,0.5955628174723098,2.0
-472.1882774255946,-258.3451214717265,6.43271240715733,0.9747547864005083,0.551728042374563,2.0
-427.1299625789868,291.59958801757546,4.200646915373676,0.9776949098419322,0.6281428226711606,2.0
-554.7800185635356,68.5773540329064,6.952215787291516,0.9842440797108749,0.6164259296984228,2.0
163.69534835681455,489.4733967230719,4.9893938682727255,0.9614548745101038,0.4912766609410573,2.0
447.8030234309532,-286.8584536074185,4.652895020315962,0.9836371199087833,0.6835528301430451,2.0
-390.7806662192022,-352.21874256635,5.6358942229411735,0.9805542520188726,0.5958942206866512,2.0
304.1440208412968,435.5211109163147,4.887966740963974,0.9804714283264796,0.5862730383910889,2.0
-500.414561462599,69.54296081118979,5.267682456904904,0.9804311032885992,0.5968051688167072,2.0
-256.6687451120958,479.90160021511633,7.031123958023353,0.9845054506489033,0.5697864797170451,2.0
-431.815861220921,-338.5740234097488,6.182111474498187,0.9764732029309209,0.5618366553195162,2.0
-536.9812308656154,-128.53368932110538,5.613179786205617,0.9807676694607095,0.5966420635807784,2.0
466.9458239190421,-206.68853924549433,5.188632107053691,0.9863643811473224,0.6682901163493978,2.0
498.34162299805126,178.62510712144362,5.040912687502865,0.9855764845202588,0.6809998760388303,2.0
517.8867614219753,49.0438060484877,4.693729295050776,0.9872522693859566,0.7093257924887887,2.0
-116.67406571862514,525.1267300129233,5.196688924500146,0.9733678602742148,0.5383711792706697,2.0
-16.830642987325614,592.8984473472264,4.542486738864926,0.980713810256224,0.6595235309739031,2.0
100.79206165216543,-545.0760441981596,4.5655862077089,0.9811145822451236,0.5970487261820547,2.0
-212.6256403304404,487.47416156742133,7.271245081201703,0.9834168263360824,0.5675373006991759,2.0
542.2237094676484,170.31634809585464,5.319856105841091,0.9762970350418194,0.5974416026416056,2.0
-133.1163908631655,-528.8401037131556,5.494604790708412,0.9889455977679357,0.6591640267406813,2.0
-442.6837493644335,187.23984473391118,5.392094221357022,0.9789929784489841,0.5766051424050019,2.0
-418.1628310244815,-318.27432446984517,6.043596974548036,0.9812994246904901,0.5476959088079975,2.0
207.72964781415817,-498.4608728434563,5.516448018863066,0.9832793218985483,0.6680508431098713,2.0
468.34868929346135,-299.6388234419734,6.685363276575136,0.9885848778254707,0.6927788112995009,2.0
-113.39266994274318,556.2798109957458,5.938306296469237,0.9908450874329349,0.7219166435870313,2.0
155.06705990048502,566.953086622799,6.080462340706319,0.9878613513837002,0.7469481457854267,0.0
-188.32826447926396,-510.0434017109096,7.202763472467472,0.9765982403000238,0.5036620693083926,2.0
-323.8059749508913,427.30447720146657,7.208462030682897,0.9866820711238288,0.5586072957997833,2.0
548.2205905890685,-81.39083652712792,5.028550103642503,0.9780518155134769,0.5848902908880059,2.0
117.77028151477587,-536.9636176665723,5.421033092060268,0.9917581317180152,0.7138498030142196,2.0
-143.97595863335562,-569.3711042546249,6.346737557706512,0.9849179748388333,0.7292051204299613,0.0
-314.476379754894,403.6236721388321,4.133941959325171,0.9705839901453261,0.5906366031635585,2.0
-467.93014623730716,-270.5283444128477,7.085677839267298,0.9844508771501567,0.5912105867777692,2.0
237.32506338665723,-475.1015711996069,6.25918175964086,0.9666552386321892,0.5127910745324143,2.0
268.3498205535236,457.9586314723082,7.0387552988524344,0.9853545699312927,0.6523711549759945,2.0
-546.5495098344297,115.56120996900299,5.839661779358562,0.9827681033361495,0.6030377174440591,2.0
503.13550034234567,103.74956637173516,6.580666989496561,0.9886343446902724,0.660478777998948,2.0
-405.8130354312554,-334.14324845498464,5.298072253969804,0.9792159414777799,0.5819368888691773,2.0
-490.4521497730856,-303.95778969551924,5.494282815861784,0.9745830320678242,0.5540323561993342,2.0
-359.32862969406216,-359.9399731955293,6.152805793647857,0.9828741656768714,0.6566069228802179,2.0
460.4304475152607,308.5344225711233,5.868900785898332,0.9722036954548416,0.48622404392568674,2.0
478.1866295890542,-291.48060035278513,5.2766573395003284,0.9831412622136438,0.6589995060330471,2.0
-194.0517860596536,461.4586304139853,5.363892918641517,0.9825321730845529,0.603003505492319,2.0
-275.1867056790537,458.1645989883318,7.734995867359699,0.9910067706264535,0.6409842254719795,2.0
-514.4798556201586,-303.59345763293726,6.932872189632221,0.9845817289918293,0.6170781257645761,2.0
-21.291089845924827,-525.624828520905,5.118439818437032,0.9689619477114497,0.5875076317944007,2.0
-196.47997141749906,65.55097925532233,4.577304867146953,0.9826156167534876,0.7154722813012456,2.0
482.47110305875094,219.59240353353425,6.602607302145485,0.9735796069074799,0.496025173160578,2.0
-422.31459378764316,338.98804718654145,6.425814621489009,0.9898986481971375,0.7155135034987753,2.0
517.8346562020546,-145.8827594975155,4.821850295710329,0.9856339397618694,0.7190868422357974,2.0
-272.49865636435464,447.02726842756215,4.180390381547991,0.9608347283181627,0.5542503329469096,2.0
49.57336456184998,528.9094634682284,5.747797702652289,0.9790651598370154,0.5837031733421033,2.0
109.65365226494102,544.925032426815,6.210322310751684,0.975311115633196,0.501166505368444,2.0
411.9792666724795,-371.5174560362382,6.492436838897471,0.9770354121031123,0.580754453797421,2.0
117.29431373372107,472.3334421259765,6.64360128357225,0.9846741513468567,0.6876296130351262,2.0
-396.4528557636791,-337.49897535902454,5.108632124935117,0.9811563959117289,0.6472222613905613,2.0
545.0156512111365,96.69631088425423,4.806623320331461,0.9686407512200491,0.5225827986896474,2.0
28.290222637104748,-568.2463167256838,4.72766501110386,0.9889787062612592,0.717659309709517,2.0
-534.7103229430518,-25.67641134526131,5.301668267405349,0.9700017149590568,0.5902327612929625,2.0
-139.17058206493854,-505.30407372149267,5.807804063591592,0.9729025825977926,0.5399508129195822,2.0
534.8114165941397,-51.72467514277088,5.89209501743665,0.9733812850491206,0.5442625882761205,2.0
481.12321264598137,199.55942845317574,5.536718016102711,0.9898105475268976,0.6669162647656475,2.0
-21.51116393360615,-586.1563331006505,4.926194037890122,0.9842190237771814,0.668925680072284,2.0
-541.0925810538762,-51.804463481609154,5.365847461372503,0.9586250285839012,0.48271125522256236,2.0
-457.58437039336224,-240.99509652007148,4.407711640477998,0.9761770167381754,0.6176679765782,2.0
-495.4397509263202,153.3774028799979,6.555814667510375,0.9850773466819351,0.6335320349652322,2.0
525.7939890159664,86.97114156221944,6.620698335565127,0.9788198691417943,0.6352458838569355,2.0
-556.6561185466012,33.0148017269848,5.8645105491789735,0.9820774517115239,0.6594832704003927,2.0
-533.5173958118321,-56.24850726609666,3.8193046152603256,0.969532343851835,0.5864830120842733,2.0
565.3520124515511,-66.29365157243221,6.839044813312476,0.9869067358316886,0.6620748587025517,2.0
-458.6009971946172,178.46276804264568,5.527528014131968,0.9773033430215935,0.5753651354864365,2.0
467.6300303003628,13.52801747083738,5.592296938290496,0.9773958953031322,0.5714200959948751,2.0
-488.6893437677891,-247.81726298118855,6.268331753988235,0.9798113050132742,0.6380098601500915,2.0
-84.42219936875792,-528.7940105182918,6.055928509796757,0.9837679992265606,0.6690412657849023,2.0
72.09132132752056,-552.4351036774898,4.977498478480252,0.978581738582853,0.6327179038034867,2.0
-379.2578661311285,-370.5190292108712,6.182754733846247,0.9751200645374829,0.5625740440639634,2.0
-543.8390773650551,60.977589651418995,6.836360072412083,0.9855434343972219,0.5936208706905308,2.0
-353.5892034992208,401.91140484599043,6.253266284999943,0.9852237888815945,0.5799645514975595,2.0
-495.82463871500215,-179.80045004277713,5.462666161712492,0.9689421389203953,0.5196038317489087,2.0
-215.84313365903108,498.9425699144767,5.12522204378815,0.9756238555281103,0.557331009104057,2.0
220.98588333015596,506.4228255337443,7.536551382418506,0.9808411406599881,0.5695397887426866,2.0
80.03049353131418,537.9940674301874,5.802245759622905,0.9787566630830198,0.5913793997522051,2.0
-503.79024482184525,161.82273885020635,5.845733072172757,0.9677106431252159,0.5162962810881591,2.0
279.8791408312649,455.2333196785285,5.313777310470382,0.9779654072667339,0.5719618398599071,2.0
89.08853880484713,-529.4680600987655,4.643821406744395,0.9885683708452269,0.657524641892692,2.0
-423.92423176382016,-364.30075730851297,5.352600832232063,0.982234249358991,0.5983139459995883,2.0
-540.3945169356485,-35.89549273698159,7.0085370051159295,0.9769146452856406,0.5645975063416924,2.0
505.66406264365594,83.16964442485519,5.637062390013697,0.9679770222854643,0.5195225173200948,2.0
-478.8011053298547,262.87407552951873,5.405857487431357,0.9800574671518401,0.5881877121189863,2.0
-380.4867843285915,381.8760224617908,5.943161396503253,0.9790088975701514,0.5735386937212412,2.0
-498.27753355026533,89.58549894064114,5.0734897709509905,0.9636065247098187,0.5611313977961921,2.0
-313.05754247169307,-419.21063846487056,6.2845430277729735,0.9742057653884886,0.4993978543464659,2.0
418.43777502615035,332.3161105002303,4.834253168018686,0.9833113824228492,0.7021301381134875,2.0
-342.45201638783584,-372.5408006006588,5.407237930316689,0.9721159674892258,0.5993805289499189,2.0
-328.26240094802233,377.6830807423762,5.4232670311903135,0.9816578820285952,0.6174735308218864,2.0
159.61692940198523,-535.3020206549501,4.581090488174898,0.9909582134012134,0.7141206804604314,2.0
364.1925609727727,-459.9886478929326,5.505045802515591,0.9843258742511051,0.708055725730071,2.0
258.43025709959636,465.52786183632287,5.378594325883145,0.9636511500810027,0.5681363729407654,2.0
114.25427506072297,-515.085844153596,4.672707802030794,0.9648885664676884,0.5214788344084872,2.0
-303.7460175141209,-350.212691721557,5.663562624984938,0.9818443229329831,0.6535739021597947,2.0
-384.004189573273,338.4028546816154,6.129515309657186,0.9770459631162277,0.5075810396813357,2.0
-40.75049512475119,-549.9177316112355,5.629436066361098,0.9806459280648914,0.5863169530951193,2.0
315.1475408665263,461.6889131182901,5.564230674203412,0.9900518617683398,0.7242828421209759,2.0
460.00868013036734,35.604283323594316,4.627154045118278,0.9591834353708312,0.5464965162801532,2.0
540.0335071827913,-106.65481562311275,4.891490555734551,0.9587519041707302,0.4681511807517861,2.0
550.7655986978643,-19.833930783216978,5.62442073283204,0.9815148935338204,0.6574496474998092,2.0
-277.82301877314507,-450.4921959565971,5.810214666978,0.9695543797846172,0.5278285535498699,2.0
327.1436571770287,-416.8014307192297,5.035386465961252,0.9766554407115273,0.5673231390640232,2.0
516.1763276094421,206.12138074719698,6.833832332294286,0.981616657613958,0.5969293597229512,2.0
540.561951958002,-144.0354508701672,5.998078451526591,0.9775926565706681,0.526111512833784,2.0
199.452686620106,-536.9664711311016,4.292621577475083,0.9735699779720016,0.5852160973856547,2.0
480.8196386506452,14.434904770385906,6.236144896875854,0.9820845617028304,0.5950552744899088,2.0
433.8468743421322,-364.31972746512236,6.412119944316345,0.9843847740256592,0.7101166187257376,2.0
233.88225361522322,-520.6273584852611,5.608234568275688,0.9864888122586263,0.5916767241715494,2.0
200.22497948667188,-507.24493813866155,4.770413376378908,0.9886877099877582,0.656681518662273,2.0
482.54024496807494,239.64700543832038,6.207134757197375,0.983380728831464,0.606414725312778,2.0
76.18582763079041,-518.6848243319179,4.901095419094264,0.9765469238815524,0.5674007059544113,2.0
156.73937256551574,-544.583126280895,5.420990859968691,0.9754761958615091,0.5069535618875942,2.0
178.12106175403065,502.4446836523834,5.403518940184576,0.9809294004399678,0.6151885768927898,2.0
514.6355448830348,-122.81383902140568,5.972663264553139,0.9825939003876843,0.6045634053244842,2.0
469.86490543896593,300.896570977184,6.83805380368666,0.9830045110591908,0.5605578584113164,2.0
203.03041316693466,478.4753547510806,6.0889990088108705,0.9823655037486987,0.6613557413084394,2.0
346.62405576078294,434.2174208281396,6.055686292082183,0.9710470552589902,0.4661247455470449,2.0
432.55940370635955,-325.84706819904443,6.573503157784965,0.9819403390321851,0.6047531754423513,2.0
-557.493032716983,7.446465626905961,6.633938642260846,0.9911820462451348,0.6933282276096341,2.0
-258.6823589236175,-461.9651730909245,5.026014546335134,0.9737983720951451,0.5510466733566707,2.0
-292.84505768061376,436.7947023278884,7.515884775984312,0.9883745616449774,0.6190795747213794,2.0
326.62386044986533,458.287435184343,6.645659256107039,0.9829027111497307,0.5544894942485421,2.0
475.7851963534799,279.55871029762346,4.848465745481354,0.9844512720204707,0.6183757212918186,2.0
48.747489207110874,-518.7567895792007,5.542294576203698,0.9761847484225511,0.5614617448756539,2.0
388.4413099686306,-361.0078195530356,5.330557281818539,0.9573717109425335,0.4661206021059749,2.0
332.4133565199326,-456.60097711621097,6.478390331773026,0.9868472336885619,0.6578502595017067,2.0
262.71996750752504,-472.8457973797116,6.14792151928793,0.9902109593313365,0.6736858200336127,2.0
9.272778180969954,-512.3702206553486,4.439463247894633,0.9855997136194273,0.6754217744283179,2.0
538.2363308334077,148.66042778381623,5.530874627976938,0.9787906838843696,0.6362045756273826,2.0
367.72345487167786,-402.01896828470933,5.585419310369948,0.9940154192065306,0.699304623653992,2.0
26.385076034331902,519.5083422549477,5.446844679149928,0.9840060724945009,0.6178228083025087,2.0
527.2372359400263,20.205316944133106,4.4540458274055705,0.971346102541001,0.5955606667931567,2.0
476.02934508583996,-267.87628085637607,6.464463955588939,0.9756026535628997,0.49983318791535003,2.0
472.7214544898126,-310.9624103611519,5.643332816528911,0.9877371170688236,0.657604747731082,2.0
-339.445423748345,-426.0606194879919,6.396333612028096,0.9795616211835741,0.5765463584251238,2.0
169.33096911256544,508.15691699856245,5.161737371552547,0.9856501245474956,0.6393395455376981,2.0
247.7315949266256,470.0210482329416,6.8877476806928,0.9803078713157255,0.5381708169009679,2.0
508.94875211299995,-281.4636428259405,5.846685506262307,0.9792775377397551,0.5428309464636161,2.0
-497.2469734751814,247.57107243827252,5.884728667044368,0.9890112586081169,0.7051646682729041,2.0
-177.9443791445002,516.4328053968209,4.959147963216209,0.9745377142078057,0.6128122815331322,2.0
426.64772029082667,370.2489875421008,7.139736108543889,0.9911863167088713,0.6680383822938476,2.0
-391.2095680318622,347.1908973410707,5.594605548538122,0.9846840713949088,0.5858122840319862,2.0
494.401443494364,-239.10320968292046,5.772182756255465,0.9836975956118817,0.67556338085025,2.0
358.6374164355638,-421.52941374582497,5.238912184076305,0.9814359088027658,0.6057994814523705,2.0
464.6303066056127,-317.64639090315126,5.211880434841908,0.9801378508375971,0.5860101228109588,2.0
526.5648707822698,75.72011295660623,5.2879582066003215,0.9719818112567598,0.6018849964880693,2.0
431.83244865563375,308.999100175031,6.326963414892337,0.9788901972908411,0.5880729703692207,2.0
573.9342287145381,-34.17515915342917,5.143090883690244,0.9628810678492504,0.4973160839109556,2.0
456.14815375519845,286.9887983424223,6.127215642865967,0.968809359219411,0.462711570720308,2.0
236.8456582180959,475.8638183503752,5.999764391957695,0.9797935528944728,0.5918651739667635,2.0
-91.68040995175575,548.151392734716,5.636153124924967,0.9865104408127001,0.6447686655524201,2.0
-490.8870785598649,211.394275775738,6.737485339651844,0.9799758414480219,0.5414258426720315,2.0
141.70174935963942,493.57624907952965,5.386358258138982,0.9783603728386493,0.6330165899331914,2.0
-452.032741916268,-259.73671400853885,4.9636588565172834,0.9745393278807015,0.5509133340678725,2.0
-451.77248185454505,251.055512250339,4.977003620908335,0.9814185918160281,0.6690369489227416,2.0
321.1783518557638,-458.62951522041783,5.205616182751171,0.9860483774909141,0.630943387822212,2.0
-247.26354230008394,-483.3198830020363,7.04572962457212,0.9852054021543445,0.6076148871705864,2.0
10.995296771279088,545.8239585137677,4.885380502039507,0.9739369780005437,0.5523960721950032,2.0
518.3726934151425,-174.1036654023176,4.283005897512874,0.9744072445399959,0.5542441546080425,2.0
-46.84913878238774,-541.2544234679705,5.334782788347209,0.9871000428248373,0.6934254292080337,2.0
341.7001198297218,414.60556426152914,6.228421344769817,0.9777936211254432,0.5160146059107605,2.0
272.98765684067126,-488.40052028862925,6.439653450011153,0.970768464088752,0.5128851191788318,2.0
-132.55992241046184,-462.9529894242635,5.618617388489748,0.9907903538021127,0.6991013585011547,2.0
366.22622915144797,398.4418042645581,5.129139369848821,0.9746613378150276,0.5569513265844137,2.0
-276.34251137235196,485.5889448791121,5.3026062895048565,0.9794945654725042,0.6493424861834236,2.0
-487.9870584361714,-208.6153574862038,5.764494953795024,0.9888391337932411,0.6925387884942028,2.0
-53.35087819190829,573.6961094928284,6.828415174702816,0.9792551314169392,0.5829599315034326,2.0
-185.5789920014388,466.9792426497214,5.066110851072049,0.9795281207642548,0.6372494226910455,2.0
503.03150025405904,229.16553321295248,7.7325613076318715,0.9844943661663282,0.568133305344108,2.0
-158.689054598722,536.6625034236798,5.584543047993382,0.9716157035951052,0.541099915839002,2.0
544.5160990727601,-71.50464329598604,5.9068798658274835,0.9885994091337136,0.706585117951916,2.0
-263.50069364408074,470.92123371113064,4.6913956252287665,0.9645225195392245,0.5048715552009301,2.0
122.11224107226055,496.37922231147905,6.5150948905846215,0.981618479353975,0.5410434269431891,2.0
-451.2108305749429,306.3008527273085,5.328901169590582,0.9822703790878526,0.7158550658189868,2.0
-525.1368349915657,-139.54200286585404,5.0918720286187025,0.9770451807144475,0.5714312211882215,2.0
147.66549573837236,516.5141274895458,6.688409488800935,0.9791962091497742,0.5274500855748311,2.0
-544.3999246733708,-81.26250078238498,5.674061685114327,0.9824426743066895,0.5705526471296742,2.0
483.6047474033415,-207.5195541996333,4.165390638477465,0.9660841729232271,0.5147649804866774,2.0
-154.41308478698608,518.7550718050677,5.319889559888779,0.986518127763876,0.6843170437331487,2.0
-239.79169606600263,-468.29208138676313,5.903705755086149,0.9798976888864996,0.5814911292620449,2.0
-505.92216416078855,-176.5212614246311,5.497709191422448,0.9850085284313869,0.662470529827503,2.0
-499.3141712087577,-245.36766425504243,5.2158778126915735,0.9717972852212038,0.5963953890153162,2.0
22.262007978224958,-550.5276221137833,4.64197373963367,0.9797324639214972,0.7007023535994452,2.0
-104.96454882598098,-503.207844725443,5.121552065161513,0.9726495283096094,0.5439543236404484,2.0
-14.729392639274906,-555.3093342373783,6.5590329648334835,0.9831921018466935,0.5856901174444283,2.0
428.09199933207844,-337.1215027895818,6.141255338587761,0.9753380473202767,0.5515206060124882,2.0
167.33579742574142,-542.1964528887496,5.802553940685841,0.9874453876713424,0.722416507230434,2.0
146.72568711014813,-545.2759452581355,5.015914125323851,0.9778068757134974,0.5799805885303099,2.0
-558.8306908851026,-46.122407594947575,6.016679054810136,0.9834716845936721,0.6636286335322397,2.0
-90.24495433357828,536.4277064626109,6.597317616993185,0.984431376274064,0.6142209166907976,2.0
-232.12391731731597,498.400620118476,5.069291769827129,0.9835962910717176,0.6176349612424691,2.0
-197.12366808114695,-562.3883718294178,4.869205141338532,0.984863521378061,0.7293283435675161,0.0
255.21454930153902,493.1580544432782,6.112924189959938,0.9888780537885739,0.7208386423324372,2.0
338.72982899493593,426.05221418859406,5.833062848768657,0.9785891456823327,0.531961287105491,2.0
534.6762662446356,-132.23211202588212,7.774786568415455,0.9873215373579691,0.6031414344415742,2.0
-217.65384871568153,-462.98915801226167,4.621763896908846,0.9773545328707867,0.5687393255208436,2.0
371.8973435195041,-423.54416332894766,6.668735688355738,0.9892354051808766,0.7058615316017753,2.0
59.62033333810009,-571.5626700695009,6.235345489267059,0.9885748575417241,0.7009759599324276,2.0
-536.2888020210138,-216.15286150822007,5.664087281728052,0.9738033563229376,0.6076418219794386,2.0
-534.8796579200205,67.83421213450609,4.98996606654094,0.9614326486647393,0.5575445033918545,2.0
481.21897105166016,-226.46069199769255,4.516022286571341,0.9733387201383894,0.5668862530614389,2.0
28.797881413695315,-507.34484651000423,5.226951849369451,0.9652145886407263,0.4971210885895386,2.0
180.83620416819593,-529.5107057443856,6.572276706109571,0.9813119955249667,0.6009009052743483,2.0
-418.0616247105776,326.8812287090421,6.865739150296401,0.9833584602210392,0.5712564446864851,2.0
-401.3143370848088,370.1815580714744,6.102891764323569,0.9796323451590525,0.6253260067576257,2.0
397.37900042321735,-391.032460116385,5.880898696816994,0.9902811436908383,0.6720831082717372,2.0
-513.4644507150538,-258.035275292331,5.886739400520108,0.9811883992509117,0.5904010426653177,2.0
375.66736686346206,472.29849421603234,6.666528333392673,0.9968171736523411,0.8779863008027988,0.0
453.2014591427319,216.31544578349062,4.807170798586782,0.9756174008958322,0.6270125995848845,2.0
96.30103295727785,525.7125350267437,5.803013288360223,0.9839012826087691,0.6657127819418268,2.0
283.66993141779,480.11030938505445,6.206933934336164,0.9885397416102325,0.7049418417383094,2.0
-519.0115067709048,-158.79667581985882,7.012111088553946,0.9879990448183192,0.6126605194219092,2.0
-326.1023416167978,416.41800518712995,4.424834319234222,0.9612420330411495,0.4812256280473743,2.0
173.42004609360524,492.8062382687689,5.862099054872474,0.9776641589684376,0.5681852698966583,2.0
-336.75810778645535,432.7732091309236,7.091642925614831,0.9916741863238105,0.6928975246861654,2.0
-461.39689144480946,281.2870692027941,6.660835675980921,0.9867049515127003,0.5948351302836974,2.0
524.2509583684176,109.40423215987639,7.3567444551278145,0.986129379585246,0.6443069766472552,2.0
112.05892042115362,-526.2681273998207,7.050820886662288,0.9904113973861345,0.6309000549480817,2.0
-534.6750618023193,114.55941695067843,6.523082607453335,0.9757199594719729,0.5037703504839564,2.0
511.4660957670198,112.78438266337118,5.933171108458906,0.9898182631125231,0.6794386203854639,2.0
522.7029089451036,97.69639120374838,5.273948315641543,0.9521606525801392,0.4580581175639962,2.0
-359.1738419908184,392.7032562055064,4.753487954886584,0.9763985433962452,0.5662022778705036,2.0
-211.803061199447,-493.80982806482467,4.9998634878243395,0.9572125922855435,0.5366355324745625,2.0
-581.6496186551674,-1.0597436273439294,6.100046667364571,0.9656594098552551,0.5063837290586104,2.0
-345.8285612543727,410.2085732664334,5.365542117091152,0.9861580383851806,0.6280898045916417,2.0
-400.96086186295867,-353.44631881593256,5.064537250839416,0.9776853433942919,0.5657126013867908,2.0
-21.425803020624482,-544.05971382798,6.940396599523883,0.9887282438815815,0.6109983620151209,2.0
-545.5317046467361,37.425901954601926,6.524535193314667,0.9821742969823747,0.5452965368203939,2.0
215.57827935525734,-514.5092221542985,5.168662522992188,0.9884606734671602,0.7027283337057533,2.0
-453.02029211552065,187.02075878057047,5.281763133870797,0.9740054536303312,0.5533294872687294,2.0
42.96981416473019,555.7021806943833,6.124974004437875,0.9784948222375227,0.5764473366583379,2.0
499.3631456613247,-187.18154607541595,5.4791412906738834,0.9855502138923042,0.720013935492862,2.0
-435.7694476157745,294.5270180544458,5.335585050321539,0.9787857367869122,0.5854759395559515,2.0
-546.5078043030109,-23.817098071211912,7.052377697690217,0.9838533209000021,0.6110013118761201,2.0
473.32865376798844,192.80411319133697,4.965062446160618,0.9865059550103109,0.6911725870318591,2.0
-491.2772931099784,-219.1034004372634,5.568694102664009,0.9879892193861035,0.6961167872032218,2.0
-347.37378049511443,-381.05700635181387,5.044020652129022,0.9636953150699746,0.49726252113622993,2.0
-517.9863163079408,-124.80707768279018,4.354589166363003,0.9563208139843283,0.4609286573927204,2.0
35.11521811803214,524.266411839725,4.9237652113838815,0.9694656298064646,0.5199173412334841,2.0
-556.0261186162102,-126.95141517344295,5.169722608885419,0.9846698826405276,0.7266724198034858,0.0
44.412229992591314,-539.0016490830714,6.556566898085191,0.9865371021030536,0.6497671179150222,2.0
-491.90013355777563,-189.1896315811538,5.269982245371538,0.9591706185431891,0.4692488021952056,2.0
-377.8838671005441,402.37138111616616,7.659617052273471,0.9946283994583666,0.7015617165631745,2.0
-578.7734728279592,139.58654705652395,4.988361295901013,0.9843467548484831,0.7265146859627523,2.0
321.4042639192391,-437.4858195025556,7.451752821483183,0.9898882647820313,0.6966159637041207,2.0
-564.1907076215828,59.91704400253527,6.391222557494942,0.9826295751878767,0.6025992574252548,2.0
-212.94391494005143,474.9310111411742,5.537644417618474,0.9843799050793263,0.6815059807707886,2.0
-31.807110682908935,550.6237750227043,5.929149083070975,0.9763910143822135,0.5750513779243478,2.0
-306.15895984453175,420.5892680229706,4.9267726601314,0.9885250049783677,0.7150292103083971,2.0
-222.41259451270204,-498.45920200262947,7.113520488340374,0.9885976157077795,0.6698285914550407,2.0
452.6956941997298,19.354190606192304,4.687509017088245,0.971890254981194,0.5936551135455288,2.0
-304.2817155007759,473.72101513736584,4.615509272420039,0.9866151720317249,0.6849612592460647,2.0
557.6853774684473,50.07253189633346,5.891102421975382,0.9681106537600382,0.45406791938078916,2.0
-532.0184563158502,165.09738932887507,6.1189455344565795,0.9810331227667174,0.5477710247137804,2.0
90.15635332820779,-566.5605625520301,7.17599154235251,0.9896766368078279,0.6334320807122722,2.0
-463.48292538825837,111.02566343260325,4.484314993002311,0.9854218887672906,0.6781113357788351,2.0
-6.3120494911183425,-564.9871214130275,6.423760371469817,0.994203817779914,0.7008529559650316,2.0
211.14757348950778,497.76996933992746,6.354103293414325,0.9719634680667022,0.4916088544190407,2.0
313.19521957079536,-429.14220999504545,4.4738732688868454,0.9748561318824251,0.6156470179036316,2.0
524.6503999154593,147.6627241634435,5.165532846500304,0.9826861181330077,0.7221772568578682,2.0
-334.21478920909675,409.6555509725461,6.547176757888868,0.9856046087936461,0.6204052868107723,2.0
510.79250114354556,132.04346158238144,6.198032544250994,0.9849394954505125,0.6274411306465779,2.0
-131.2520498426706,540.25244355802,7.032186188948442,0.987238684193434,0.6032165851542246,2.0
136.13303190485252,512.3134343404514,5.819751772575326,0.9867954699168247,0.6508156784243527,2.0
21.2531913166255,542.5976021720617,6.324533565864957,0.9844095316558731,0.6142693354689903,2.0
-287.1494784435653,-469.6842543742428,5.7282294236172575,0.9860122408653298,0.6353013328059122,2.0
520.3879203875815,157.7609992361883,5.665178395166537,0.9839180659296535,0.667805453908403,2.0
112.30867541248423,-570.8075249367264,6.34410166189526,0.9889662223840902,0.7091267405765641,2.0
-244.93514979937618,485.0093217714697,6.247915294771348,0.9833160499802873,0.6253560648239027,2.0
-516.2946797640047,201.33839420143732,5.794540363838869,0.9819158742089364,0.6025887095705359,2.0
-359.63618384463444,-422.21564323643116,6.192787556496643,0.9741921344806099,0.4902817086168478,2.0
506.0843501972307,-162.71115268647176,6.317091990264023,0.9826293887571331,0.5756039317454988,2.0
499.2727984541012,-218.74365996425132,7.004183364634406,0.9863464085505462,0.6631528925184299,2.0
377.0637537979541,395.64746777188066,6.293683902444105,0.9833412583499181,0.6156108975998273,2.0
512.329253977252,151.78978872240108,4.849490962398771,0.9770746715572635,0.6332992563839912,2.0
470.76087631523825,260.79393801082875,6.476467592780666,0.988725165007998,0.6594034793195745,2.0
-425.99104003286163,359.02529830765246,4.45802059385503,0.984215132771716,0.7182199230288361,2.0
505.294506655098,185.8579529139719,4.657293529372558,0.9717983567411198,0.5977659975645282,2.0
-12.504046825676578,543.452812088132,5.555799953248462,0.9805309886361772,0.6474239201949251,2.0
-401.5975879359479,-393.0062111129974,6.531452832114738,0.9845610717285114,0.6185645404714082,2.0
-516.4453154541875,-192.88139284335233,6.4457187817913955,0.9656693721517683,0.43898870587760036,2.0
-234.9240523490909,-458.50774424035257,5.349184857753052,0.9778050326168902,0.642426361487659,2.0
402.87938137351614,379.9489248093863,6.940800860326458,0.9806341953353606,0.5457185275954375,2.0
198.14328720478576,512.3504449191206,5.959254916803937,0.9893650851616297,0.6717093007851702,2.0
450.88944533308967,-341.18033975669164,6.794256925322516,0.9837415606254925,0.6124473168725596,2.0
-444.3168830699031,-337.0100130294213,6.91181679353021,0.984171176744461,0.6117006450833988,2.0
-188.4042207319288,500.83792869198373,6.117320673248162,0.9780982916707802,0.632265057044644,2.0
241.66680512579674,-485.64857795993953,5.573141704011857,0.9851171262666261,0.682429297247863,2.0
-533.5439403294409,7.814208895627027,5.682706778898694,0.9842006677504093,0.6662381297338148,2.0
-293.4490474041126,-439.9691504035075,4.335016575674655,0.9826160283738274,0.7154534952570898,2.0
-305.3225682043973,432.8672345379058,5.8773808448904425,0.9878099876864311,0.6943276266139181,2.0
-456.31599573011175,-268.4017044111649,5.085706416159428,0.975053047970523,0.5501988157462191,2.0
434.8759114655102,319.8508163145422,5.555124218703447,0.9790399304284291,0.6376416056090481,2.0
523.1624722014393,177.85598862350452,6.5749324351107905,0.9755304034404392,0.5040280876072398,2.0
115.76134751947674,516.0743784436675,5.788340243864474,0.9852591493666053,0.6804649732688938,2.0
-389.707189522086,-421.7218382926768,5.84200026069163,0.9826023101455804,0.5565916333262214,2.0
49.91677849603906,-530.9820249256823,3.547315078505644,0.9621249995900188,0.5572870353308321,2.0
530.792318073483,29.959932039561114,6.409966151333059,0.982870412757184,0.6066874927838017,2.0
555.5182584700425,-127.44596941563711,5.507585218383534,0.9813347962263905,0.589856222901757,2.0
-103.81231514253855,564.7015956902093,7.070206029802038,0.986003681876674,0.5804683864459371,2.0
-460.8430785327358,263.9482805641165,5.751530752885776,0.9723462399242764,0.5360554770583669,2.0
479.4669878275853,269.59605542178525,6.072177172221615,0.9776278139306044,0.5888116672742904,2.0
385.98258511560675,-393.5205610877307,5.945750707713076,0.9834060021903371,0.6754426153776614,2.0
-268.81528436786886,-457.6975840462112,6.444970882498171,0.9732388761689464,0.5418320711958382,2.0
-403.6879374464404,-198.3073406954925,4.410683869258567,0.9754669885986104,0.5659845556187045,2.0
93.18527226383382,497.12133312876006,4.743338291817563,0.9778486417651631,0.5812950929290972,2.0
-217.66802986146539,-485.3285437207229,5.965711019151035,0.9751824095455047,0.5509208364082041,2.0
-262.86930459779967,461.4233573335524,5.395535981688943,0.9716176405221362,0.5992680903780553,2.0
440.16480105073333,6.172846698539184,5.015096395396768,0.9706021781085463,0.5660046037570121,2.0
-321.87023033680606,439.4907574471469,5.739812618771244,0.9694872456698265,0.5314656960445767,2.0
530.8918387564798,221.21698791316604,5.912609069423649,0.988856170397924,0.7076048934308544,2.0
-424.71957598937917,-326.7444008900188,5.019565510780581,0.9811747377354852,0.6539354095565817,2.0
-540.2240156205464,-91.90309510417212,6.275739230184585,0.9773506470605321,0.529304382636096,2.0
-172.86220497314696,524.4025408079646,4.838324012664309,0.9843382241493015,0.6958786216708857,2.0
69.75453762229344,544.1663129776531,6.739376351170135,0.9844494581027929,0.5713666141145523,2.0
17.910620419884324,554.4679889619239,6.374266207347409,0.9808588608276039,0.5433586960248461,2.0
-395.1775501122404,-363.35734139420026,6.7047651377846815,0.9894932283930093,0.6421746494678666,2.0
520.3143320127215,-134.9086631704048,6.824975805169108,0.9904916728763054,0.6805692196047525,2.0
-112.89564619960386,-531.0654086672813,5.2587102383884385,0.9844583373652311,0.6837133906778988,2.0
534.6472764155534,127.66223338540745,6.4575087945118606,0.9785384065536668,0.5355682486930243,2.0
-553.4291339231022,-113.82264411344046,7.358113886628806,0.9884887664148191,0.728087393187871,0.0
-544.7741751291893,13.471498941655572,7.1756913505419995,0.9832913401801582,0.610513254786932,2.0
-391.682527007545,377.6705135752247,6.403656489496463,0.987312535196021,0.6440327881259412,2.0
-476.0662975908365,-246.22871095488412,6.860833635786559,0.982634783919263,0.6035527070331613,2.0
-4.188674676585797,-554.8033267808954,4.1329215872540805,0.986898137043589,0.6939863316445981,2.0
-223.74427504136978,492.59562062935294,5.372189181824833,0.9837428833144968,0.6670724262293898,2.0
-538.7475416639754,-73.19127785970075,4.474266813647692,0.9813812499124855,0.600641080338669,2.0
-257.0079274969726,-502.9712326779196,6.4179356420377776,0.9875207373435234,0.6665160383777614,2.0
-484.3807905371392,-236.1048447800697,6.7480510569504,0.9820318111352131,0.6512117960786619,2.0
-445.53690778048883,294.12115317281683,4.628326315172324,0.9895396132759687,0.7132042365023581,2.0
-408.4808144723875,334.6274883159418,5.893253783168679,0.9843055173063009,0.6157556798891151,2.0
-40.72418298260682,-561.4234896754989,6.31206229454205,0.9838964671400974,0.6248400668869246,2.0
-528.4976955246148,91.12077068355572,5.701728391414608,0.9707360156728231,0.528391053149456,2.0
524.9350328107666,-182.20621712447277,6.521261733439868,0.9902191230332384,0.6516318036691393,2.0
-423.1112467569022,-308.01731866011784,5.902143845167349,0.9718620262200769,0.47593451850006957,2.0
325.4194365176503,479.90014857628114,7.599855617725945,0.9834606514762984,0.5592607172684366,2.0
-450.3576232242867,316.2496435202956,5.046668141829521,0.9742975849098727,0.5642591386173058,2.0
-370.21659983139864,347.72167383436073,5.720597649602577,0.9767570452433727,0.5608099555296103,2.0
-303.73693417849427,-438.1748223132582,6.433801922434168,0.9796649161401275,0.5852387476610371,2.0
-442.01969059816395,-300.76836855518206,7.059443140907095,0.9894816545825745,0.6650540075159598,2.0
122.98649360122077,-528.6852037946742,4.420599934365341,0.9888537778403875,0.6723272227374613,2.0
348.1428076233924,-443.7673210735001,8.196769262955144,0.9780058482658763,0.5170568284665363,2.0
516.3606771615415,189.10734381649806,7.220783486112278,0.9832356830791046,0.6191415924777399,2.0
-515.4388028187061,19.12896335081606,4.8216961653376105,0.9870690722801834,0.6675782081845469,2.0
408.03899887527064,331.57610797408915,6.063210662814647,0.981242134857113,0.5895661467137874,2.0
414.74197971799737,375.52323225321464,6.298963750198487,0.9849789695502551,0.6769991742220162,2.0
383.89325728958715,407.7647831606252,6.824332054492278,0.9873296741254269,0.7204102035158573,2.0
-517.5202232763136,-146.64764397313516,5.5593015018130805,0.9874548438007019,0.6924784992478484,2.0
421.5861825480447,-360.6759975523313,6.413819200225027,0.9873661882681584,0.6726926656715647,2.0
-87.33230360436856,-539.9729436111464,6.0895420177523105,0.9771995399114911,0.5669403256105557,2.0
378.3560595053236,-401.02463093721786,5.144106510800867,0.9782689257031392,0.6019738656610608,2.0
-454.07347754514444,272.1672641935598,5.372947119121066,0.9768016822816553,0.5754213568586813,2.0
-158.49905950014815,-515.19818856455,5.212096273440817,0.9860869895462105,0.680079850540318,2.0
88.50726009087145,474.9360551822492,4.367819548711493,0.9623373487834022,0.5731820780461174,2.0
537.0744806484075,1.633282328381156,5.505715547955972,0.9774856505569137,0.5809863427337175,2.0
-552.984509907902,80.73666606138045,5.620624937117938,0.9849819950103619,0.6802861673286836,2.0
187.7500778604094,514.5751059889822,5.08092698470868,0.9774045569887134,0.5646935002597437,2.0
-546.9329383351395,-10.56742377280371,6.6893414675298395,0.9762141381726536,0.5035490915666718,2.0
379.49325713959183,384.8847411650692,5.30992990309071,0.9755770063890581,0.5676518071671094,2.0
199.18256800056713,-526.4754905192193,6.60339599024506,0.9855329215530471,0.5807889108430795,2.0
469.815851764336,272.6812124274521,4.561053205622519,0.9734378872467394,0.6074865219423105,2.0
177.06120376233625,411.3244761251766,4.777290715468454,0.972748435609912,0.5364232948736206,2.0
288.0511184605368,460.03130788672786,4.565689180063265,0.978318837207,0.6942104615912792,2.0
483.32440144952153,-260.1073307109392,4.716728345129846,0.9593543793797037,0.47713146243641397,2.0
-523.7264413819704,186.38754018992083,7.0032893421053135,0.9814562733512726,0.6015269954929942,2.0
-441.41756789771904,-278.86998008674914,4.517810931929822,0.9603202675860185,0.478573091431142,2.0
-383.79501070286443,-360.3076179181368,5.263522223434663,0.9903328859541095,0.6750466935739691,2.0
175.08843466534958,-551.8466617711595,6.996038704421087,0.9838090592923712,0.608923813148678,2.0
-298.28256705453214,456.3275314885828,5.135412176580176,0.9906243712562596,0.7008462531052294,2.0
489.4676529681316,229.59586923210477,6.329382301878477,0.9771734387456225,0.6019796786608262,2.0
353.5969118592217,-413.33139837831874,4.597267675641754,0.9780377912556613,0.5748219645362941,2.0
493.49846075843334,-305.0238492464781,6.574284338426191,0.9838933510759877,0.6453645108669651,2.0
-502.1087082641601,-255.83069382825968,6.10191942232853,0.9841623874636404,0.7024872993041329,2.0
75.10983005612981,-539.8912208170459,5.369824949611183,0.9723229543092633,0.5441920401571843,2.0
-523.5865406649064,208.94878183231842,5.173601939490428,0.965562949430202,0.5015567168195803,2.0
302.5888352587678,-468.44270011332645,5.800891014177112,0.9796007080199156,0.5587279929889877,2.0
169.18644240328936,528.7540795389647,5.982407140064254,0.9836367253860565,0.5908460532030964,2.0
518.1382337194146,69.81440344445848,5.507271605236708,0.9767132518451097,0.509587691537671,2.0
452.8824442596401,252.48868515918466,5.3952215421293035,0.9805566139902258,0.5924906467328704,2.0
513.3247230505507,-214.49198557738086,5.455961908874735,0.9855133286796917,0.626706430637679,2.0
226.01649833267592,-513.0096860061682,5.51683695434946,0.9840545533714014,0.6305660453353713,2.0
343.6675208354358,-484.4638256865114,5.786956575428854,0.9697043933154991,0.536362481436147,2.0
478.2421067284155,-280.1559853518098,6.34607674147977,0.9858251425275032,0.6302649204952616,2.0
263.2486194008312,-495.0189933626807,5.414761997600858,0.9868601329108551,0.7054241285609542,2.0
-159.77899404017623,495.13830722837565,4.898519199587322,0.9870522683770312,0.6881682573354013,2.0
336.0988835516214,436.3799369500682,5.0664783341847315,0.9861002582176492,0.6447548465055294,2.0
-52.40150644951352,533.7661110505857,4.1400688418314076,0.9788721483635483,0.6378423978077807,2.0
-481.88847406085165,272.53334032692453,5.192653856676363,0.9716947455454771,0.5951667316306403,2.0
-314.81667486634103,433.36791243005985,3.961847995865481,0.969710170119205,0.5216519505712813,2.0
-548.1579276581448,-44.73237945847452,5.316087177324115,0.9598620355286227,0.4790320837993434,2.0
519.1031276435222,-192.8016816864438,5.9771612709264765,0.9734446398215472,0.49775866382295464,2.0
-280.2842400051479,-493.17420040154724,6.550798360847722,0.9840840214156293,0.6025431860040921,2.0
-320.33462475752145,-443.24299904841206,6.275631207921871,0.9822671832237753,0.6524910359144686,2.0
-532.3793947932638,-81.88918764881473,6.576984695446181,0.9899229188383748,0.6817754628133992,2.0
-504.31266567151494,-223.66629345005532,7.778092244068795,0.9852526259359057,0.5758039124303259,2.0
-229.87316717188915,517.3237106151497,6.9052158171985445,0.985546216026701,0.6265530710616516,2.0
521.4903875870484,12.851655767461114,5.211805463290559,0.9761914257315756,0.6255361386930328,2.0
299.001142645253,450.14012877569934,4.964926015668657,0.9688808123122845,0.5357571002411191,2.0
332.81162044900054,468.9579739398748,6.0303734221524286,0.9798162887777483,0.5802119779482074,2.0
-334.1873725166604,421.0960308690858,5.29477606090706,0.9723301665021338,0.5352237066441052,2.0
-492.9952778939571,222.68071109303605,5.196566581281749,0.9719424208090597,0.5957735872706357,2.0
-462.76837793135684,-304.0198758814506,5.573557126520845,0.9784270104412205,0.581413735971008,2.0
-353.07564963164504,-398.16189006348185,6.390273258734952,0.978880500432864,0.5420015214618576,2.0
66.77923899945971,-532.3521987829814,6.242467622490879,0.9778149015526989,0.5123981034520309,2.0
583.504337190957,131.794742125637,4.786687527587419,0.9748786178336164,0.6810912034280018,2.0
34.44527175388382,-545.2083319911171,5.557989018888995,0.9894692765303742,0.7207823258895871,2.0
544.4042833494187,9.668643461168207,5.882967523381416,0.9803069575221155,0.5854128923793257,2.0
525.9102555710889,121.01200331828991,5.188076186354592,0.952178874445669,0.4546201111423081,2.0
450.07747547374186,304.66097617673455,5.528138194456322,0.9835758888023158,0.5922259888644702,2.0
442.62761171169734,311.9009701682492,5.115022444732421,0.9913544142415037,0.7267784799530044,0.0
129.76465200520093,-537.3141810558459,6.751571072502831,0.9927165596717831,0.7053870814341826,2.0
485.05846519327895,-313.60918149464896,5.96385973865952,0.9754791873423407,0.572434378206349,2.0
487.83000620676336,249.61615398676528,5.500582165937512,0.9750353691035893,0.6152691591301275,2.0
526.4042128681997,-168.86931326226428,5.6530952687819855,0.9860271304433272,0.6881721585583934,2.0
-412.1026340834887,-352.3496071210379,6.458713312406344,0.9921137632899545,0.6978459482660939,2.0
-176.36564938617798,-506.1309400754422,6.051691888035958,0.9744080678260661,0.5601696719100274,2.0
545.9087277886454,-47.70628874767128,6.432106733372695,0.9760807725225386,0.5186224065953597,2.0
404.6848356173474,366.40071697308326,6.8964649111337275,0.993983697559381,0.7244369848847683,2.0
30.710601966274062,552.7399134291925,7.0467156701740405,0.9801905582682975,0.6418187197415312,2.0
-243.50067881623934,514.1341095297203,7.523466785837959,0.990383052007833,0.647299824008847,2.0
-33.34256277015145,-542.2737380631208,5.446212599362198,0.9764251306051444,0.5583607957065455,2.0
-507.8714810397832,-201.22671688218125,6.136592133586594,0.9686234771785464,0.5303273323254423,2.0
196.9488735185312,-497.6670000017298,5.6616493013128855,0.979716364461274,0.5825796266452301,2.0
-422.8200892729066,-346.50556796341726,6.1041910769520955,0.9850220445079854,0.6206595964516222,2.0
-151.0119428879592,529.0464064336513,5.8109689691189965,0.9771776398114033,0.5489833166281135,2.0
-551.1690199691449,-54.80713546195326,5.533516087638419,0.9847675086477342,0.6720984242449844,2.0
419.14999325991596,428.2924276876104,4.2944020847806135,0.9962186625525599,0.9174320872123725,0.0
339.63285599821376,-432.36155402780327,6.543621479310658,0.9750179658344784,0.5694810816908888,2.0
445.59338746423145,322.08040469295617,5.782316155577324,0.9857669874188736,0.6683883161797415,2.0
-487.0619703854081,-276.57943474078104,5.194347567677488,0.9625895238607168,0.4961661545843065,2.0
-181.06764783316797,531.36764393916,5.969400293177253,0.974984486621775,0.590918567331416,2.0
237.34780079280875,465.01927549438136,5.1504386806003435,0.9761238990149341,0.5647818515017814,2.0
-441.2785916297854,-314.9961373759957,6.781893951400593,0.9852295761020445,0.6271666235414508,2.0
537.6311140457025,-220.61277726906735,7.2434377062612345,0.9813435004060277,0.6569252895601353,2.0
-480.1433664866263,216.02087079040746,5.399023412330507,0.9846205694114996,0.6421305878168427,2.0
241.2991080646539,-498.0608710541184,7.275101793258746,0.9922740863851118,0.682719065791003,2.0
-537.9338886676024,142.87286940081114,6.051205145452777,0.9849965703833423,0.6243910963182701,2.0
195.8310938251659,537.4744667913977,6.1325356971731395,0.975668242455924,0.6257080029231297,2.0
11.914823162759678,566.2404349764895,7.2236851045339625,0.9788497327483341,0.5336675129732579,2.0
-485.4865212692317,233.89189224528653,4.3683839887634575,0.9806830764840823,0.6484905808637114,2.0
149.4521062336136,529.0978450793806,6.528979751448436,0.9850649016106193,0.673282277238233,2.0
-546.9824414188787,1.323142773950997,5.822638337616526,0.9774603248177439,0.5951258856034577,2.0
463.2575030373982,-308.73940089940635,4.206369397795276,0.9711706243148275,0.5446508969230859,2.0
409.44493281568674,-394.1647074673916,6.810241316785204,0.9867577971402417,0.6986709150791828,2.0
-568.1808236358754,-76.72448069746642,5.999512835032689,0.981866341209684,0.5956000743410258,2.0
540.4225947948509,-19.0438543756872,5.236116813259636,0.9713772069822967,0.5459760998905854,2.0
522.938339475894,131.4712423716133,6.2607397219774406,0.9808182972249461,0.5481457147445923,2.0
210.53315007103083,-523.6442749543303,5.64275812563082,0.9709535863606393,0.5326406868594976,2.0
99.26374454651464,-527.1934416431974,6.005369932692609,0.9868757474121681,0.6673726091256471,2.0
-147.9594561849431,540.0546125338865,5.962286022960901,0.9829394929118235,0.6032093607471055,2.0
556.7582749563999,-75.34354448263907,5.9188718538434815,0.9776545856179683,0.5790581404191425,2.0
150.81751826432608,-528.9421755969807,4.410897811087178,0.9652405150526936,0.5708456695495451,2.0
-528.5725214303789,124.49240521633702,5.677552319273824,0.9853357030576118,0.6850669141932986,2.0
352.60267495448113,412.45214149196926,5.357019739064043,0.9810218017149437,0.6513630373379752,2.0
-475.29602500180465,-290.2393392026895,5.78793537749592,0.982453757811033,0.5808863522300052,2.0
556.8702390492253,-167.22086998505006,6.055598714097192,0.9852217810273382,0.6656408755882608,2.0
549.193259710007,-278.7706412373323,5.423654050089483,0.9903667464102671,0.8212980377914405,0.0
-513.8136975614251,-182.56969457621946,4.772430428705003,0.9662424552616771,0.520553907376636,2.0
400.01413910914476,351.4739838350569,5.37350768132089,0.9797392713596909,0.6401088467495188,2.0
284.06574802891754,-462.5730120596499,6.249340380504337,0.9894521837674491,0.6216178977684528,2.0
564.2578409383391,-3.5993215691281626,7.879368495652072,0.9909847003126595,0.697674183709718,2.0
542.6748799893461,36.01937893639213,7.150288985104465,0.9866505371509242,0.677628807287623,2.0
194.66097566334275,-515.657333433647,5.4952415042578915,0.9829179352588004,0.5644845282501418,2.0
-131.4139022740813,551.4886987056327,4.450140004268745,0.9786067700148112,0.5904989582827787,2.0
511.69186643477843,-153.27915788922746,5.069513130822236,0.9808494409710179,0.5966346638085376,2.0
-83.3314239315542,556.095365111779,6.201072612959446,0.9846450500015022,0.580176306276542,2.0
-276.1822037109044,-504.0498252922482,5.176931187391123,0.9880363767023863,0.6562715951755775,2.0
-452.2607822619266,-308.82814182005694,6.370594315413869,0.9833158959598245,0.6102157659126574,2.0
383.07372148565537,375.4946736308137,4.977222111856307,0.9850091112416927,0.618286334521566,2.0
-131.97382657715258,-552.3944959746594,5.941714687964132,0.9757867053700057,0.5015628340459354,2.0
-507.52341007660516,-165.2027197069952,6.387390866665709,0.9779929240211496,0.5201957083146002,2.0
-547.6865625318501,-101.75263203849015,6.693012740617334,0.9728751890230006,0.5571573082396063,2.0
-116.78367417145532,-521.7537860453871,5.00373814476527,0.9878374187027373,0.665640363704612,2.0
498.4979530779722,208.18672119040798,5.105608333815433,0.9860208140555157,0.6406388448959561,2.0
545.2787833263097,131.88769809274186,5.692902721130181,0.9751881017154903,0.6829465540087342,2.0
-107.27953824080014,-547.9354205509139,6.760490515903483,0.979834132324409,0.5931770668280688,2.0
213.60524776793787,556.1355533145622,6.749625951175481,0.9933102468081595,0.8458753475185363,0.0
213.14777282779414,476.57231878185513,4.6273991280949165,0.9500969017004763,0.4409674391686029,2.0
541.0650551786221,21.886752972324924,7.106829524729966,0.9883553176036903,0.679524779664113,2.0
-341.9463750466917,-439.2483675655352,7.45258945937943,0.9825319679639831,0.5602262382752393,2.0
304.6327271049369,467.0577120496876,5.283624217717685,0.9846186139872272,0.7183728041057011,2.0
-223.21578466086487,552.5231523917591,5.554651844607102,0.982312303013319,0.7137311970766814,2.0
-6.166412090969557,553.2716755156725,6.479483789411756,0.9866866586547545,0.633362175620859,2.0
294.44434201168093,482.1940883663151,5.264837054941815,0.9578926175247153,0.46807330115982093,2.0
36.40571766812337,504.103811335124,5.397108308034629,0.9744925780743542,0.5472736102742071,2.0
499.61088110048115,-263.8524478463463,4.98213455142429,0.9841275941761732,0.6224689111404978,2.0
-138.26961151666026,-517.2563421007447,6.608268493410499,0.9805538396342179,0.5869972817095981,2.0
528.6940963776448,-144.41130092058887,6.14765738311025,0.9869156738527401,0.6774645018712844,2.0
243.9329066603269,-517.3480647483761,5.233997543582311,0.9818882478178326,0.597984014178993,2.0
378.04585023036407,445.4073170939792,6.358868998197367,0.978444467120721,0.5701051093712499,2.0
200.07173102776756,501.2915517128449,5.608393858125585,0.9802836010665714,0.5301914139689313,2.0
-167.8129994016482,-523.8107646200605,6.361201434002986,0.9798200574553584,0.6098251673379661,2.0
-172.44644078415266,-533.3404266276547,4.743787598251614,0.9754808143139045,0.5647823164672957,2.0
-464.67451304478635,-293.6203072305485,5.581137338429875,0.9819774605553251,0.6170068609861998,2.0
529.2251300274337,188.4968256389554,5.9508758975960125,0.9850521997155541,0.5707062471286802,2.0
539.9119052059535,-29.81975788196161,6.090127945516686,0.9805018813014017,0.5933356850951772,2.0
43.6341320840966,-554.6689592333801,7.39304756436011,0.9876048453949539,0.6587606994620951,2.0
243.58622580424347,495.1410433755528,6.098570286201083,0.971239871751777,0.5285498038382128,2.0
265.8018794987851,-462.7579525609116,4.714638965420777,0.9876215831726491,0.6573802859964367,2.0
-551.7361601189617,207.8701546020282,5.2716007116413595,0.9796978740556381,0.7008042493922845,2.0
545.5366707907187,-37.745084251008,4.022100279367339,0.9730490381934515,0.65514435647122,2.0
88.47716073282388,-555.7279202867367,4.060678048853583,0.9761247401442277,0.6170346245306401,2.0
-132.81762162828372,513.5021400582847,5.621751540442621,0.9716597773052634,0.535179662201807,2.0
464.5419834360718,-249.30383265111928,5.1927905252273625,0.976282454183565,0.62972207367248,2.0
70.57519165118626,532.3700670653718,5.378752529803945,0.9871767032219586,0.693042582595273,2.0
489.11100060442186,-282.7773035860596,5.3485366982734925,0.9741914382423936,0.6076994062112813,2.0
-346.87912217764,-389.97426854369314,4.457125223812867,0.9615166069302096,0.5045656934308238,2.0
184.06313523874186,493.95982915959485,5.206793944327481,0.9869847189285482,0.6490745552959685,2.0
-538.9983341554314,94.6773045010337,5.831928700519483,0.9741881671533174,0.5442081854406787,2.0
81.64200782370679,562.0501377624367,6.898303671455111,0.9859493891414156,0.6352697602494735,2.0
-119.48436716922735,535.6249975954527,6.072404310246146,0.9861126406578415,0.6481826029420158,2.0
-251.61606962954764,-470.70485208346645,6.65062322506583,0.983920806637928,0.6100981097464103,2.0
-228.13522332183646,-487.7708846686664,5.20905108263862,0.987751116952243,0.709734415326145,2.0
-412.73999132580207,361.5825945173128,6.832896216460045,0.989638059999593,0.7150527219587944,2.0
-540.8261728110454,-196.66454181884734,5.829035348718343,0.9735731276729213,0.5408263140839168,2.0
281.0062913305239,-478.9334870592161,6.386916076921789,0.986392198943429,0.6333379176426598,2.0
-285.8285843476349,-458.37603645770315,5.903153703822757,0.9828319927600343,0.6130099346834487,2.0
-399.28745541665927,-373.66695958521746,4.458051433067189,0.9896272783861254,0.7225026960829268,2.0
416.5469533443711,-351.0022715827824,4.835320121204763,0.9715582244009494,0.5721540025173867,2.0
-490.55199918696866,289.63690527611726,5.951126697677413,0.9849677402680949,0.6767860415199638,2.0
291.2970818460915,-472.2787675362922,6.157951073491403,0.9866275755245665,0.664411319410061,2.0
563.002919862229,-30.37020139674651,7.069459188027096,0.9795465150831478,0.5449149563460224,2.0
270.8609521641989,-478.4025392073754,4.096228972041792,0.9753319543818904,0.6148548465572231,2.0
58.746874234837186,538.5819529761378,6.069503025161221,0.9861787484552808,0.6824944907944435,2.0
310.28407403318556,-488.54479114068965,6.923972059353815,0.9898999610916925,0.7192274669971657,2.0
-442.7610137805803,372.5177116359194,5.807103740117362,0.9907116398622668,0.7241719534009231,2.0
-80.73371716036324,544.2613758008,6.095186656195251,0.99054700307867,0.6868245341547616,2.0
-513.5284462669609,212.46685903484652,5.9465983854430045,0.9841818710517184,0.6326352113419574,2.0
119.75527464171333,-508.0480458174158,4.669765331192369,0.9764542075490698,0.6188279355113,2.0
-561.1339527114988,-159.89369231036804,7.3226866968006075,0.9861332339057906,0.6335604973348867,2.0
333.7442804457754,-443.7739751108995,6.9618298123545586,0.9723260135871077,0.5367217900710617,2.0
-60.89730852357505,-560.3770148608259,6.103493682559563,0.9781564480830868,0.5158113046532119,2.0
-356.8120865758304,413.64413029953596,6.398810414610783,0.988501746127855,0.6612554180701562,2.0
523.934040600463,-211.4442483271368,5.830366916751829,0.9706753226238581,0.5403032191002302,2.0
130.66864921338552,-551.7566036523293,5.501452632174151,0.9798198917003752,0.622431484612152,2.0
-87.52726337047987,-512.947794777689,6.04008137196172,0.9840557955744744,0.6641773394447471,2.0
-150.4720068247621,-507.3749912324113,6.300407124403594,0.9818199473390803,0.6085749676569979,2.0
482.3549364039335,258.73624053572524,5.757449845803475,0.9749271941615238,0.5562249033416863,2.0
222.64200357329528,-535.9767510902067,4.97313322127055,0.9857508083753816,0.6352003752493733,2.0
443.76297349318844,-368.28136558929873,4.639464258486669,0.966791682088929,0.5087054723519482,2.0
437.25376943213917,-354.1661667549768,4.88749939759347,0.9699554410292519,0.5980318869498503,2.0
349.82152918836255,423.13013528158643,5.983333193296713,0.9788845540765241,0.5266698559155512,2.0
551.4352315707331,89.24015599197011,5.287293612973582,0.9831618282512402,0.663901277063168,2.0
-161.89639110874452,526.2732633550281,5.590887345515961,0.9850312398359978,0.6260255953300236,2.0
-488.04015453658866,255.72554681104657,6.754418901871555,0.984153816149486,0.5640793460655834,2.0
411.4935353889841,-428.16729726805676,5.782425672519241,0.9651006745893661,0.5700145909136405,2.0
440.8635037533794,342.4200047902383,5.6943170841990005,0.9877451195000649,0.6956225615450902,2.0
454.70204534769664,-313.4232457653173,5.824782699214889,0.9818087436292217,0.5484199770910364,2.0
444.9591855591391,332.68962778816444,5.341883511970203,0.9697541694839285,0.5210941318487268,2.0
89.73773288206392,543.9370809557067,6.037733805642622,0.9781415155132942,0.5123100213306047,2.0
324.0693360183621,-449.3694398377052,4.7988783041510485,0.9708040020499855,0.5660876162198549,2.0
-526.4769431227342,250.88338830549503,5.371316971034918,0.9796851625718985,0.6550926675532173,2.0
-370.2539685845794,377.0220178742944,5.769908893309403,0.9835448023464972,0.6177391540010292,2.0
3.708577793371671,-548.7054832908387,5.563097364747489,0.9811890444561439,0.6498420265736958,2.0
-461.81543635000475,302.17392618315336,6.596819081639768,0.9776153670498492,0.565514773145905,2.0
-156.16873754093794,-526.0651993666119,6.173445852745274,0.9757954834368504,0.5130059109468713,2.0
573.1067233982144,22.836743646818583,5.988174044586656,0.9880074690439302,0.668892176078062,2.0
247.03752163346596,483.2527429317499,6.813692738815808,0.9878226800066863,0.6674487299760863,2.0
510.51414694811996,-171.74207687419087,4.233363294002297,0.9568127805310626,0.47275195317958724,2.0
-435.93142916039363,-326.87970354008263,6.694285180642029,0.9793510823624099,0.5206415684682495,2.0
-440.73772409929774,287.6724909679149,3.6008206977347714,0.9600111707999656,0.5613423765444817,2.0
-198.7196863605269,-506.25616160989085,4.566775936419811,0.9686542545994024,0.6129606777264486,2.0
570.2702680999305,-102.87774266582974,6.218924765407318,0.9847729752723936,0.6713434369592111,2.0
-70.5100774480304,-552.6655870170505,6.52897828250196,0.9927624995814524,0.7028291326327355,2.0
22.319774748979647,-487.4239519178939,4.599814336756072,0.9779013751821627,0.5740981240160627,2.0
-493.3364124400869,-265.91489106636095,7.863772024519233,0.9816303904749135,0.5528765207601171,2.0
-111.27211768701041,544.4044565311286,6.384639512692745,0.9827438887262725,0.55717890874785,2.0
465.8951812244896,281.5141565444833,5.486734056362593,0.9878053730658367,0.6987001136982086,2.0
434.89689736858026,361.5520782733193,5.344976195089127,0.969183614134337,0.5239571208954711,2.0
372.11362508598444,-436.2891415266223,6.1062917186613195,0.9869057662023,0.7255702773451477,2.0
547.9401161410984,-185.801859992884,7.881984323399732,0.9821658245307573,0.5965213109478853,2.0
127.7547470367497,479.67013957640427,6.115088167867177,0.9909413996419827,0.7263961986857421,2.0
-311.52457952316524,441.8015995773462,5.363886249923407,0.9742453674842823,0.5540065169841271,2.0
539.3459921630442,86.28564610831401,7.574200195399119,0.984268654903496,0.579355972476929,2.0
476.8281897006834,-322.39623915892474,6.771709840877752,0.9828457245583674,0.6158819749099755,2.0
212.9993454420738,515.7962990606072,5.196599535350756,0.9739459833500284,0.542451921555982,2.0
13.899059868322835,-533.0718075226072,5.530073066499625,0.9921081246935228,0.6948770453724272,2.0
-345.4463556262924,421.7567109455157,6.498138129712547,0.9894556029192906,0.7115970511612233,2.0
194.581751380327,-545.6207619956252,6.154464015356222,0.9821133239881029,0.6119172932523063,2.0
12.97500149544952,-554.2607590981378,5.778028460895871,0.9772711726621596,0.5088273961027466,2.0
-537.6422064089696,-117.40435548408084,5.759532351506116,0.9887573520589357,0.7051050422496985,2.0
-542.1328073238732,105.29527983797702,5.700447849829848,0.9837546878853195,0.6111797545162247,2.0
534.7623884492928,116.06257171234233,5.323508060938505,0.9835407738578139,0.6223495384439781,2.0
-563.7693587069598,-9.567770885702169,4.256797862118707,0.9770108965261457,0.6417819245611767,2.0
-359.5817688309598,-409.3648402571426,7.246966286792166,0.9869047801590195,0.6948935741719966,2.0
508.8998483731615,-334.549123840065,5.485681050257614,0.9843236710505988,0.7250320653098774,2.0
-514.3276549043634,179.04771424550344,5.533287888253182,0.967005631051195,0.50724758671049,2.0
189.20015460006874,-523.3850791281767,4.301717835565751,0.9686896886952007,0.5873704012605642,2.0
147.518611606816,477.25857613967156,5.088696335665384,0.9792417781297549,0.6399406554306879,2.0
392.8228295178149,-380.8270329091409,5.570965580171542,0.984104008051843,0.6694475617026182,2.0
562.1904465481985,-17.3706779686669,6.63804835099585,0.9755994473078546,0.510269403893694,2.0
429.9953238262387,-411.56367422349996,6.2047611967372625,0.979875970074061,0.6378775564225504,2.0
-61.90427159278874,558.3608497362992,6.27561996756246,0.9816852901082046,0.5989075462851632,2.0
21.350022205151433,-561.1793240085974,5.5478348660645755,0.9798174513905268,0.5846491326524117,2.0
374.74537114749194,-411.4055854694069,6.323813995243241,0.974794667867738,0.5055895430973384,2.0
602.666518551293,-56.52917399148692,3.85436121610093,0.9811754779237858,0.7096471690825085,2.0
-389.7948890150395,-373.5452794403932,5.330861295439943,0.9721514576587207,0.5410375323863019,2.0
-339.85907531149945,455.4013210385066,6.434756176761295,0.9863401532136649,0.6913314485389204,2.0
-382.225724542294,-382.31234154619017,6.567392410442477,0.9831387980159346,0.5806221632520959,2.0
566.4603759122871,42.05702497897245,6.424692643200079,0.9860248900690258,0.6298383673802312,2.0
362.8490122733528,-430.6329317685565,5.292720153061686,0.9682111148365325,0.5113432304463342,2.0
465.3254345335147,291.1200269764251,4.395549159714366,0.9709542271779227,0.5383847758883629,2.0
393.47220000811143,-401.2938076355645,5.414833891191108,0.9743188749892127,0.612323090540899,2.0
-564.1984023290407,77.53354840048263,6.500877710820525,0.982892131289715,0.6203882792817411,2.0
536.1966036550126,-154.56233872811114,5.901894131884185,0.9830292878403575,0.6674622152053578,2.0
-433.14532902474065,-307.6892725549176,4.628744429168927,0.9708276974767548,0.5674702993317802,2.0
-294.8412513541385,-456.7406473805019,3.784512431218281,0.964282864863919,0.6436503897870595,2.0
-262.42415147073746,509.448780006797,6.359242128751705,0.9833476692083443,0.6047556969914418,2.0
258.8007919814181,477.32135131781234,6.753970205326131,0.986420748584598,0.6316987418895967,2.0
208.19278762465103,-533.8581809986334,5.316519727661068,0.9815293752074148,0.5945799064194459,2.0
252.08778144867216,-490.16101151385527,6.124886991688092,0.9851188885049748,0.7122232869684659,2.0
159.52284112156784,521.2953858779796,6.536260468427387,0.9887106116313952,0.660461959580204,2.0
322.51753002391257,468.3812476632133,4.761751579924586,0.9590433458877412,0.47104019732867664,2.0
544.6876451558948,108.624854384148,7.556104602844635,0.9884231341308276,0.6107951126333476,2.0
366.26865125922296,440.0335226291256,6.130113912984478,0.9900898330493646,0.7064768094257069,2.0
-122.07766621107295,548.5948058853306,5.5789208324736554,0.9907772839727252,0.7244158669090177,2.0
23.349494940362398,-528.4342372916193,5.239577755058743,0.9839238121529517,0.6881314691443504,2.0
76.31220585346489,-585.9885440089098,6.467904087413313,0.9889235433387775,0.727071718842338,0.0
-56.69032543440097,-540.9511769789643,4.8533219124043745,0.9779958052136695,0.5751215695214794,2.0
107.42645169358859,524.0246223055328,5.97530601498207,0.9827288156057447,0.6176841252619777,2.0
-129.70151283164194,-509.87754824110505,5.253929233848417,0.9693531227106977,0.5287824199583655,2.0
-236.1070169188902,-519.0922127102863,6.723406751570468,0.9867561079300757,0.63724739792789,2.0
-90.84678654185669,601.6825299515531,5.684882274331351,0.9888903542084161,0.7677332744988979,0.0
-578.8889894404665,23.083686858339387,5.94396554073003,0.98928582099779,0.7171618152221214,2.0
-322.78886433653855,-423.817323361577,4.757909611935713,0.9796014993426357,0.580027888603255,2.0
340.78685043756013,457.986952143949,7.862774252883243,0.9895392293129228,0.635379767388474,2.0
388.20476310906963,394.60306368285165,5.320178929686197,0.9825851653455874,0.7151591249202986,2.0
261.029538579758,518.5374612560692,5.501746916469877,0.9816982951836959,0.6564749743946781,2.0
297.8352217005569,-510.79397850306526,5.66695623344081,0.9789886509155019,0.6349533154818113,2.0
-563.2566217602423,-86.95534615015373,5.800346354635504,0.9766775656013488,0.5595068734613757,2.0
17.512551415346046,452.60396062401054,5.249006287587623,0.9786771812208737,0.631981913393636,2.0
-144.51170344994088,-527.7579891005972,6.244160936273908,0.9755714719226454,0.5125255274784701,2.0
419.25257358159996,343.96869165437033,6.584664719786787,0.981363563617131,0.6499816030031554,2.0
-277.44161771634214,-465.04295899489915,5.362766767963123,0.9716939118759352,0.5362333032787353,2.0
-358.19624090197027,-458.6947330481063,6.593206630053147,0.993738153297094,0.845758695666936,0.0
99.92607749103686,537.230043189422,6.581354516884366,0.9875304987545175,0.6417144454016124,2.0
166.4102703222913,-585.1893907914465,7.5583387269729405,0.9920972590286647,0.7916269562907587,0.0
-151.89266809307344,-536.808562631102,5.731880551386718,0.9890654627078181,0.7084773595881452,2.0
494.9877391359636,240.59292755401762,6.585416141848227,0.9753405995472815,0.5093351623335421,2.0
-554.875127666355,184.16533857739117,5.323226360180399,0.9762617955094814,0.6263994456970239,2.0
-102.58176169375037,552.2781377219527,5.832903848371109,0.9803591386346842,0.58783448888611,2.0
517.3063485091387,234.8083042467701,5.469401416888656,0.982647872539893,0.722035930085071,2.0
-558.0625347082054,98.98830120644125,4.542896509962565,0.9891155881963464,0.6732633571009008,2.0
-293.84055310592214,488.4642533986586,6.5793457529847235,0.9767992867806068,0.5736940628565288,2.0
-368.0525946901116,410.70116479635175,5.391718880077736,0.9812457685697694,0.6054302333230791,2.0
-547.6807762757923,136.7360604915044,5.88293968898629,0.9810311119806419,0.5896689568316343,2.0
571.4674238052417,63.284890347924886,6.009521820053866,0.9836735490517021,0.7301571814607353,0.0
-235.8093289057431,-500.4886641883551,7.018371099668222,0.9786743170113938,0.5719360773536036,2.0
-370.46881586251544,389.64791414932455,7.157436550811667,0.9922877291506794,0.7087918244717092,2.0
113.33836685694992,461.3441578461727,5.242276041961535,0.9754654032938264,0.6242766323888693,2.0
245.99919450102328,-508.3361318480975,4.311381499568946,0.9754230180771045,0.5581274641575179,2.0
225.33358195464552,-473.98150184838767,6.2257418116689145,0.9915059116341617,0.7523207217394217,0.0
227.19094989820005,-492.9354007871349,5.277008663594671,0.9829241952590967,0.7231754725234598,2.0
-259.2746287761849,-480.1916286352159,6.047668205096563,0.9623464731287752,0.4856506330962312,2.0
-271.4208730872327,-483.56108999166884,7.191746139632485,0.9838752815224799,0.6192916394283737,2.0
-272.67675880091826,469.99361643280633,4.761636195262326,0.9812836678789624,0.6521163403592074,2.0
424.1108644123352,356.3071711865613,7.166428079769759,0.9874017440894824,0.6064406376051126,2.0
-349.412811052528,391.5169274247003,5.381147228253394,0.9817561187574005,0.6521994725329459,2.0
-472.87101171077495,-300.86466579079206,5.362546089140694,0.988857001049251,0.6935248809034447,2.0
-567.6668004551944,27.033483523680392,6.2552027193066335,0.9847749770354713,0.6741161424322547,2.0
-573.3637851490437,5.346141808248792,4.832954595259289,0.9714418821937991,0.5934303783786388,2.0
10.555478966502049,590.9350257398804,5.778411371866683,0.9906300282079169,0.6736245134186946,2.0
-102.61609334198633,-581.1220203058513,7.120130704190353,0.9886346573465412,0.70591349240666,2.0
-475.72689003021685,251.60646737028844,6.574701494392625,0.9867451703977329,0.6438013659395453,2.0
-520.4878413171581,228.61902439786886,5.238568183282303,0.9717907725950431,0.5954145683475283,2.0
463.2945559208963,-347.64482113533535,5.340557137441627,0.984006063300856,0.7232905464492441,2.0
236.45242202429864,-509.9241135092477,5.6905535230656925,0.9832221216464186,0.5601953676707853,2.0
414.8801890112703,322.40690246437384,5.710032192562031,0.9908095757699347,0.6642111988235941,2.0
351.83435578753193,-430.4770372246881,6.184176202650433,0.9819269201394145,0.6108930848078112,2.0
494.2672499646255,329.1456500018817,4.422320168480124,0.9843800250420524,0.670276659381651,2.0
491.0689941884081,276.7054883437324,8.19385853871777,0.987516832848721,0.6472284798372419,2.0
373.1058203950768,417.2891860571476,7.474794462103988,0.982789279399422,0.5703212533739437,2.0
-38.20683331940774,560.1926704716795,5.951344252828655,0.9860808976844097,0.6306446168528577,2.0
169.00314368964482,-531.1095522087159,5.8619821577227365,0.9808243486943341,0.5992361088713697,2.0
505.03142427942436,-240.53526640225263,5.4012201551019094,0.963969876488589,0.49237188351454997,2.0
524.2417594538738,198.01623700475815,5.104546062418231,0.9747842356000473,0.556802988964989,2.0
-445.22643516953417,325.9725525077734,6.483951658319236,0.9769658011588148,0.5189567268302757,2.0
275.058313689816,-539.8502178412086,7.922680383928062,0.9922569125824062,0.7560280081308829,0.0
491.15050039299217,-228.21515452087326,6.024183553301997,0.9760370958597753,0.4997461724327135,2.0
-541.627548470424,161.47667282504923,4.657331829402934,0.9644528902991646,0.5137138220073951,2.0
-284.1443784952916,501.2376990683922,5.186503745704387,0.9850434906211292,0.7293547971333205,0.0
489.04144835490706,-293.7204740295886,6.143189658301162,0.9775892610039717,0.5680818401427148,2.0
-222.57550770854718,-521.3624063636986,7.25983437408451,0.988238027371867,0.6071659451054624,2.0
-467.41880723826284,291.8452427020512,5.626146115023087,0.9889639061215655,0.7225223885814831,2.0
-228.0007360084764,-509.9526556698043,5.856592794245527,0.9768946661366523,0.572457288036225,2.0
-75.36112712855173,-539.9622097224191,6.414137469805429,0.9885148687528785,0.7076701139975857,2.0
-163.2776419510043,-533.8638849257849,4.7431601753855315,0.9866776409898299,0.7004721509361034,2.0
-583.5881953296368,-32.06571831399639,5.084607074875223,0.9745748464184221,0.6155040385237787,2.0
-434.0367444809478,-399.7810255506863,6.282125794718816,0.9913071646696635,0.6992018142523935,2.0
-530.0289971429025,-175.3667837154836,5.075214371891802,0.9747997967957865,0.612014194209329,2.0
342.69283824668923,444.9488259179697,5.936889572749272,0.9765547207697268,0.5758486732907274,2.0
-447.15691253184275,-324.9485307616197,5.189461725859689,0.9783914171952491,0.63113684166483,2.0
528.8169374476562,-192.10607794038427,4.18628816949245,0.9719968047202402,0.6236393121777064,2.0
-495.02197015640786,236.3872697468956,5.82790266652184,0.9847245659505979,0.6172932346140438,2.0
-539.9730890277414,-160.42924497329363,5.1583437374202665,0.9821858406787358,0.6877287693874635,2.0
382.008835755359,-430.1403508555995,5.802847684762782,0.9843755442363626,0.5675573129435578,2.0
-189.62135485657652,-522.9926148848284,6.32004578829884,0.9845239404457524,0.5875175305830536,2.0
393.2929141708558,371.96012053324466,6.123658177866049,0.9742138929785412,0.4944614473679712,2.0
313.5423905955145,472.8019536233485,5.773058248003477,0.9815039371795168,0.608340811404596,2.0
183.1252146856335,-541.719294996828,6.448897354819581,0.9822256806162595,0.6159397611989158,2.0
485.9259485614322,-334.6029619106462,5.366956682305429,0.9824495144943013,0.6570755460663813,2.0
-516.0979096385915,150.1189406053739,5.544845006196186,0.9879682839653681,0.6492153584379354,2.0
64.74460882597465,-544.3152655117625,6.413803357398395,0.9789061777062812,0.531558524034554,2.0
-388.6297666703198,412.8155954376706,6.518129423479851,0.9896058772220244,0.7246248585001946,2.0
-499.465974748718,-280.63461213966076,8.274167756398436,0.9938126481645608,0.7064362911626761,2.0
401.9067513155921,-411.7593430348437,5.422635984188561,0.9819297075268641,0.6171722058516962,2.0
-169.83181815495195,534.7358682356161,6.373576843645079,0.9738340170434955,0.4865618045386513,2.0
119.63831221675005,-558.452121412722,7.931445180127192,0.9906108508547588,0.6461004717114605,2.0
558.8569824615391,-137.16453763950597,5.174683264768213,0.9855172975843675,0.6798088915996401,2.0
-538.5027504903906,188.08464304091922,8.147252909901985,0.9925166903199097,0.6603794646962378,2.0
-438.44867090914175,-348.435548990131,6.290578784843188,0.9793214635389937,0.5796829176090972,2.0
144.10919395126558,299.8654508196391,5.080922866010888,0.9886979765854659,0.7015740324169837,2.0
56.4213742878096,-536.4737739159294,5.2374095781503005,0.983958811949379,0.6156613396994267,2.0
-301.70791994295513,446.1293089208561,5.957633259457164,0.9760400378078854,0.5623508073579409,2.0
118.6600892775316,527.2831864800288,6.265350686979018,0.9712838546534622,0.46646276397307634,2.0
-304.1116006219973,-458.6281518368355,6.164245268724623,0.9804089996073777,0.5340547380105422,2.0
178.2259526311011,512.3610828587784,5.028981360840897,0.9722955980229676,0.549031350769203,2.0
-79.21434910824199,-472.9739101497655,5.0570858295168,0.976024180952473,0.6200392765644,2.0
33.989236093757015,-534.4504713730549,5.309000245215343,0.9819213947893302,0.6297119170032145,2.0
-69.35419506948001,-518.7829720832734,4.599939827363146,0.9829594709306251,0.6086912386586673,2.0
372.84070934859244,405.50047909572265,5.033981869215149,0.9507521603615867,0.4411416741407547,2.0
-402.914469052105,381.9697100982756,5.817433674051723,0.9918214717606734,0.7174274753709112,2.0
-531.1907446565372,176.58786637642794,5.8450312909409154,0.9784101746930517,0.5741545890692701,2.0
-558.1482902078363,-147.56135085893925,5.773088686443764,0.9872830654088417,0.6526523024650703,2.0
209.02504438908994,-507.89151144663566,4.239540991794157,0.9824707883761975,0.616018779460661,2.0
189.11392890622633,503.886599262521,6.025000626906017,0.9903962531695566,0.6845639880853379,2.0
-567.1311093784384,39.85427226987294,7.129180150814002,0.9853151541331533,0.6240165832213893,2.0
186.58030779647143,-577.0586164377669,7.178763545668815,0.9926180513701462,0.7905708137011138,0.0
-372.06389741985686,-405.29645519010666,6.189772946347329,0.9922594006536689,0.6893476397781564,2.0
-36.27920217861428,540.3120880431399,5.515408576986091,0.9944639647337572,0.7100784822784276,2.0
-126.01692719922929,572.8593805164624,5.830954738194149,0.9879420175296397,0.7070082660462514,2.0
276.04348062529397,490.07681910881627,6.409227018245584,0.9760254124261203,0.5904262410634807,2.0
-93.99489178588811,558.2889977956858,5.118477767698925,0.9685332712722982,0.5144132807599506,2.0
-493.165166351509,-229.0974787638625,5.025994185925555,0.9742027930921338,0.6093688127750189,2.0
-268.25854002680114,553.3104920565715,6.961345860392229,0.9962505668917331,0.9176617145501241,0.0
535.2403460312601,-175.74328090939554,5.9447190035289195,0.9799691315057694,0.5820874449514566,2.0
-192.12700806953922,531.0127838901026,5.450591906385092,0.9752272627588766,0.5506168751197454,2.0
515.88680761983,-203.64042723824554,5.916742157458951,0.9745994057844292,0.5195648766243505,2.0
141.4930160795031,-527.123204149456,5.472626578613598,0.9792937095964878,0.5755902441474962,2.0
-478.2508997618679,-320.5051374719259,6.036903991261614,0.9783759308161715,0.5761207702881762,2.0
445.5337720516933,-320.9185015699495,6.500552017496931,0.9859608519542319,0.723780823971389,2.0
-511.29514578811967,-234.89736370651642,5.8882241853875685,0.9809894043501187,0.5951997086516903,2.0
513.8567974711565,-248.00686162481875,6.732994748108532,0.9795581779819132,0.5574792177392336,2.0
542.8524486180764,189.47283319044203,7.9496555839888465,0.9811651031291653,0.5446932602049978,2.0
568.4604343101294,-80.07520706660385,7.342384023190721,0.9858828905191487,0.622291065150104,2.0
-583.0014918217383,-65.39312109454853,6.959659355585903,0.9832369389603168,0.6113118588934049,2.0
3.657759017687536,-559.4429571903587,5.201735671564818,0.9908812310499833,0.7008476802510732,2.0
1.7061220232693224,545.9088965575976,4.716903111097506,0.9666176395766332,0.5855533800567195,2.0
-312.8839109970157,425.97026896029735,3.961847995865481,0.9843383714213993,0.6674450113852337,2.0
-365.92893129124315,421.3368127053818,5.917418219708144,0.9833406171037725,0.6616794324745222,2.0
472.31372199512157,-385.8431476675455,5.798492021632178,0.9876729901765681,0.6984178087650103,2.0
577.9098918964619,-43.423357286028725,5.477159819988506,0.9788139658308154,0.6004266405883125,2.0
127.42237098369907,519.5730368107932,5.963271723717605,0.9800965625375231,0.5867828027038988,2.0
435.22897575731974,330.12903320738496,5.20560134301862,0.9808958891062072,0.7062442416610769,2.0
-562.7568800015729,-57.94713558401973,6.918743357605879,0.9850813494744389,0.5350169360544201,2.0
-552.2989066647306,164.4950608789506,6.783821060413364,0.9883066879282221,0.6550274771407001,2.0
-3.7621303930382166,-533.6914727226119,4.616450194139001,0.9698103948639047,0.5289661905997254,2.0
312.9439637869278,484.4274844832266,6.334406899295362,0.9771098048252823,0.5213586727080437,2.0
480.4468211031433,295.8964753761575,5.412793757274874,0.9827063367340203,0.6322851662042122,2.0
232.52741071618837,499.77806282369465,6.49883355037846,0.9702914160663021,0.48305826647470257,2.0
458.2600080061622,297.83359626004625,5.555416242825407,0.9749133277527323,0.5627646499243765,2.0
-388.0536639038953,-391.55333906641096,4.870273892234508,0.9826884419668961,0.6945712779046894,2.0
-309.86168873632727,-448.4641058324753,5.965576562243308,0.9814226720910952,0.5988571028821357,2.0
42.904637416112244,574.9024600632205,5.474209126057167,0.9887581207305596,0.7045449145513669,2.0
-568.0764854492634,-19.527986774192303,5.282760949509332,0.9746162652934146,0.6126841004194037,2.0
-346.22924188702507,-407.23386194158036,5.362702678979061,0.9824682950086583,0.6556244221080711,2.0
129.55549995435507,530.7086530103101,5.669458798205223,0.9808969527246835,0.5418350965655125,2.0
232.7310543475602,519.2447457030056,4.661039802594171,0.9852117486325571,0.6841775145427582,2.0
545.2089847670497,-124.38495528755674,5.619616341333031,0.9794131508462351,0.5818804105822433,2.0
-571.2179031024942,-128.58871211571284,6.127457140144485,0.9821888063009562,0.6521265799870369,2.0
521.687055960897,-223.3819253797451,7.063398469108056,0.9827459412046575,0.611853023688052,2.0
-553.2174493510071,-64.81315610416875,5.000201100005481,0.9850063205562034,0.6217966144364685,2.0
353.770841818562,465.05018871727054,7.15143258306224,0.9822036565993877,0.6033679669397451,2.0
557.1272907712315,144.82428019657806,5.413925342020523,0.9735817064196166,0.5636674481820871,2.0
272.04903112019764,479.1014024806867,5.985003804077298,0.9716488190135263,0.5990554119744466,2.0
180.37011380852294,523.4883630720823,6.900228963841441,0.9818920101622828,0.5626430907729562,2.0
578.8819668501824,3.2027794038907187,6.196359965577029,0.9817046677429012,0.593545472338027,2.0
312.6232582893501,-474.9146427669188,6.594063349031836,0.9840171040043227,0.6187147731918075,2.0
-553.3046289969488,-34.96604060572864,6.358985403638165,0.980200550273907,0.596423408182653,2.0
-472.58221688866246,282.9334728959385,5.060018854158034,0.9781940202970016,0.6284067315278297,2.0
499.0725312255033,252.81316652719744,6.533996868150811,0.9883273355510158,0.6156632036186465,2.0
-76.00186492245767,534.027635866904,5.401778698818142,0.9852827321760891,0.677600914170526,2.0
480.76383048195504,-302.51686080786834,6.427858075167141,0.9828162857040303,0.5831704703199339,2.0
89.4321478167734,533.415261347209,4.919838317313491,0.9713419476845323,0.5336692033653707,2.0
222.88596106688468,518.7175967530106,5.573444556681157,0.9711123457066216,0.5370610128630681,2.0
118.76812663889905,551.4914956378165,5.3904150879793225,0.9837351030660434,0.6677081421047328,2.0
452.1182379271038,314.4293403012886,4.718907071340216,0.9831118344476577,0.6809557549345611,2.0
-469.7977898806713,260.3595262747479,4.3287967894255095,0.9745416023554088,0.56930251522325,2.0
-266.3841903028811,489.0680362341518,5.210409280589822,0.9899121094878531,0.7181329524384491,2.0
539.63979340728,-197.0508870333601,6.738552985641965,0.9809959121844868,0.6537732939166667,2.0
250.57686198289244,502.5328693806868,4.697168998014213,0.9606040927670403,0.4798880158934007,2.0
-278.3820636410764,-474.60584080332734,4.5982637516534455,0.979224716491111,0.6395080227726313,2.0
548.469490695497,-1.5778038840322237,6.464616029766872,0.9925349617130839,0.7050463532053747,2.0
512.0903573567956,-292.44435708229065,6.13808173356732,0.9807843956875156,0.5371578067421624,2.0
222.52656063798625,492.747546515067,6.337419220064767,0.9841755992159446,0.6337144128465422,2.0
144.68378477100347,289.1658545929141,4.166764759034143,0.9733432794816975,0.6036543349188845,2.0
71.9927607910681,567.6299814698915,4.7549476865953135,0.9767291217428666,0.6388439985719657,2.0
-501.6530635023566,227.81040914000764,5.40641955570068,0.961550979379549,0.49788025010475107,2.0
441.2612248056564,371.5509138811403,7.038351908410347,0.987918054278688,0.651206516599958,2.0
557.5889885385722,-53.46574733669096,6.90769760455268,0.991497068938565,0.7272810625909136,0.0
-508.16281096085584,251.93160435293322,6.241881317801512,0.9772477807622384,0.5745566674279321,2.0
89.75785547855246,517.8882922951314,4.850605063897444,0.9675043228408258,0.6537638237732948,2.0
-369.63836507343075,-416.82595123109206,5.605096966000216,0.9858400408829705,0.7188748691808146,2.0
61.99176221089483,552.192764889607,4.870755195578342,0.9767881343272429,0.6253581051747128,2.0
-43.21491885348268,549.529828064274,6.081619715223947,0.9854862955376452,0.6519787666007496,2.0
30.977475685535836,-555.8673827250607,5.968778686823653,0.9791939722876616,0.5915834632171554,2.0
498.53078198594915,-278.49600312903425,5.49077648438352,0.9694313902158169,0.5208854897163242,2.0
516.4105692230959,-165.70542029232396,4.513696740580343,0.9847750364705734,0.700755146761807,2.0
53.379365435160096,-546.6760165308738,5.833159094318967,0.9681007893075769,0.5169217560712513,2.0
-531.0872242628619,226.84992904942663,6.055414402382653,0.9855656485660752,0.6907468896710982,2.0
503.40353186843686,-121.2438756424658,5.6368162433657245,0.9893773272644598,0.7064500267243146,2.0
-246.29722259553122,495.0048033193024,4.300337462470234,0.9718321150721164,0.6105526664260728,2.0
194.01595064522851,524.4224246772299,6.885225357567823,0.9927858927855638,0.7209339252912452,2.0
587.8754405034867,-21.305086753656255,5.302873251062053,0.985016132102294,0.7311779639162732,0.0
-369.1920110564519,-383.5499674665911,6.894019173140428,0.9868367756537563,0.6369335399666509,2.0
536.3430431187454,-165.16681191986294,5.152589890242403,0.9840373652741993,0.6765711060369954,2.0
143.96505491608755,-594.4638623103056,6.265162470476895,0.995915047723364,0.915310201740738,0.0
-308.001133954301,-477.02681838577894,4.595424790494938,0.9872352134965712,0.6926871882590928,2.0
-145.2736575286304,569.8789138490487,4.8157481738852175,0.9864224633212882,0.720285757331579,2.0
515.4489761145122,-272.94565352488695,5.370754458380884,0.9787476305345513,0.5979710393596069,2.0
542.0185763627459,211.73811740826972,6.2231703677007415,0.9858010417586549,0.7378258323487012,0.0
360.5983947354056,-440.45328364274644,5.240755577992697,0.9798694002226522,0.7042254208129469,2.0
416.742235334711,-383.46539254261205,6.83963246032126,0.9740257954037166,0.5014982618697307,2.0
133.5256227020427,-564.3664458596467,7.457758758443619,0.9827385646202957,0.6437239327326933,2.0
561.3392923201213,92.95322271497706,5.7300515041166395,0.9854238435281666,0.6778331298063375,2.0
425.56752540718725,325.23360272710397,5.550751219527175,0.9908989299424343,0.7251970246403285,2.0
106.77789806070813,-560.4713996728827,5.6347873609852615,0.9824978745853663,0.666681987973035,2.0
-62.97491725690785,548.1996400147444,4.228082325616708,0.9791825256300708,0.5746505943662777,2.0
-46.32328837265285,539.6790001112992,4.604216275403923,0.987764077938243,0.7142813562613726,2.0
381.27597595173,-467.76433280725075,5.286830250774649,0.9890290187310181,0.7086526380919621,2.0
-389.18123638440915,432.2454680499358,5.349749166312023,0.973653347935157,0.5660906267134838,2.0
416.0705833905172,364.76170262759786,4.880869964377434,0.9824909021821389,0.6123137304264491,2.0
25.606607001532872,565.2743326155008,7.220162227146004,0.9789560377091623,0.5839086732609275,2.0
25.355529879919196,-604.8021101143411,7.260856656557663,0.9951847325588935,0.8587019825861331,0.0
85.00293334434951,-538.0032077667385,4.926363040512416,0.9882144228172518,0.6559570896961382,2.0
-560.4308303938699,89.06705413928286,5.746632314772024,0.9897935008984333,0.6761876067120794,2.0
-50.539649871213726,-555.0823282384918,5.83849340205394,0.9828555459203319,0.6059004705355328,2.0
582.059440790043,-79.23336577958699,6.10153486695915,0.984518275584399,0.6693886307861254,2.0
-568.1287106664307,14.787509672302365,6.4153627962428335,0.9895247712885553,0.7184665729219001,2.0
461.73880871980566,320.3802396875656,6.6672042827608475,0.9833529060518016,0.5876857355555395,2.0
-70.8028542163452,-564.1286431327449,4.892339122471007,0.985602105796901,0.6944873480887748,2.0
-596.617150021511,134.82597000034818,7.404386514334475,0.9898805481288853,0.7107210796499336,2.0
-314.72254676683553,460.7753924004615,4.604732919201437,0.98383659033979,0.6280682017684012,2.0
454.1483269351981,328.72689071533586,5.060435197394083,0.9834869004746964,0.6532764501471496,2.0
186.17542632581237,-552.0372030184444,4.573944792871544,0.9794939205118246,0.6500283607241222,2.0
-412.58443029489075,374.60184696246915,6.707481046981023,0.9737043414583649,0.49506301547735626,2.0
-251.86033074291228,503.63397591373086,6.109339111029042,0.9895803162268197,0.6725523332353591,2.0
-451.48642403037417,137.49279160711288,4.934810240288707,0.9684297702248805,0.5154899107343781,2.0
535.5373879583964,-186.31014902867682,5.1956869415325375,0.9627870322694015,0.4935104452103596,2.0
-11.557233955681808,564.4336376099416,6.345894987524036,0.9795635679635548,0.6182538043639149,2.0
-547.1780099514709,151.72830154501443,7.152659277375259,0.9857017435010905,0.5931496860692054,2.0
-548.8161768831858,-189.07920043915252,5.756049306456629,0.9761617235443597,0.511212826132944,2.0
-409.2838374095721,351.0833371228778,4.507933727239987,0.9683913773302287,0.5240761985430288,2.0
-356.84735588692376,-386.4441058740905,6.239639893074335,0.9888583802803753,0.672777963308038,2.0
-421.65646917174337,-335.93415032731843,4.900333769097084,0.9693013390323257,0.5301464846604709,2.0
-486.76767356816976,-287.6169559926809,6.391264201791904,0.9836942271215258,0.6162086978137057,2.0
-54.02403190033815,550.5128270566709,5.280523939259608,0.9806639077392679,0.5987472443428967,2.0
-407.37646405453967,-370.09508220406,4.61166719294242,0.9872356649735944,0.6889823814401738,2.0
-528.3551586473976,198.6189008437733,6.790116437654584,0.9804812455526916,0.598845890886736,2.0
437.3552710510667,-377.06761908390945,6.771289335015089,0.9864415346901071,0.6379762526350533,2.0
514.6506364481176,224.92370613676854,5.084851459332172,0.9829101353373346,0.672206986664811,2.0
551.9304816032792,16.622259789870167,4.911810478044859,0.9682491066778062,0.5864300647705258,2.0
-209.6690447084413,522.7304068272036,4.603226752940479,0.9771734070860817,0.6897217741869073,2.0
-394.703432897902,-383.1921471557126,5.994969780289745,0.9881011761951121,0.7048228237833462,2.0
167.218305064405,551.2909959759265,5.554709094095635,0.9916383005034941,0.691870424668014,2.0
138.03810457140366,523.5670007785963,5.69920896755382,0.9869073986654331,0.6512749717724795,2.0
-384.3527705754003,391.70856159522157,5.110946945175257,0.9810398222977562,0.6738232638883532,2.0
306.75413451769583,456.075544834031,4.953229952370496,0.9823072334360038,0.6639549054581091,2.0
320.39473125799884,447.623645278709,6.17064264926227,0.9879414076274365,0.7160734006439526,2.0
292.59532396495877,503.84785192907555,5.2379520196562614,0.9741706481942547,0.560678915770933,2.0
515.3687524500242,-26.833815266879192,6.2421082878286756,0.983862360660196,0.6698321595914627,2.0
-19.231567622380144,553.6422801408011,6.9233395622162925,0.9904515815573478,0.6586391073032934,2.0
227.36048831992716,464.2873864663641,5.280141832169023,0.985026167752036,0.678486004118297,2.0
-167.17964872751512,546.2415613803512,5.891885898023549,0.9887949570023041,0.7079807483595022,2.0
-443.08531232436815,338.2059438154891,6.609061983695191,0.9813072489069501,0.5948926525217119,2.0
-402.051141720362,344.1040877902903,5.8108506502236965,0.9917431474352395,0.6899638188735462,2.0
543.8303074717177,120.99771864103018,5.191853932609319,0.9875722310132705,0.6956810956101692,2.0
-405.90325834223785,-361.3028528305581,4.586980528079231,0.9788003806109846,0.5798926303117189,2.0
79.61960965841347,-559.6787341769741,5.923782131197994,0.9762790123042773,0.5049097218312962,2.0
-499.549679632458,-211.25730653736264,6.116798035007258,0.9821217514637695,0.6527598537428088,2.0
421.9465655561728,393.06331988333164,5.8179280088362475,0.9796568165799776,0.5779160265200604,2.0
291.29576393095533,-483.0583967084709,5.172920675076928,0.965202716537064,0.498654355365526,2.0
-362.1732326677941,444.5208894631465,4.7906376391342045,0.9814640346206102,0.7355278320783123,0.0
18.306630176893925,-571.8940897538457,5.87355548700862,0.9932600589566866,0.7205664442428388,2.0
-370.68776890640174,440.3352315446898,5.307680945353788,0.9728860248378117,0.5434598595308988,2.0
560.0651921165546,61.25944755232645,5.862326155623291,0.9891942833272526,0.6591965716474596,2.0
-524.5525495996351,156.87155572449709,5.477285737029098,0.9782962088303193,0.5816255667027764,2.0
430.63874315585747,345.84314222496596,5.420449145016239,0.9808981104084772,0.5901792017101557,2.0
265.6435699459663,-506.19516985383717,6.281782553232428,0.9882599231797792,0.6629462623998144,2.0
-560.3634461277825,154.5036119345389,6.530186358109405,0.9849012899008949,0.5784238741591905,2.0
398.9778326907108,391.73734677781056,5.778269858018393,0.9857330985466489,0.6476403384077806,2.0
-518.4765512150669,-203.5550339894244,4.946432164027494,0.978079829877629,0.6390337514292393,2.0
232.17402048880626,-531.6545103687502,5.8192773092184575,0.9771431703451126,0.5115512043164698,2.0
-356.0012336624285,424.5836713765727,4.895092483565968,0.9749928247998961,0.5528646445785419,2.0
-30.085836798331314,570.2025414830458,6.816005536109507,0.9834565907721552,0.6104508780760082,2.0
-461.01350218365786,-378.5243668126413,5.494187427645973,0.9956711128741409,0.8639339150966711,0.0
-574.8548570104497,-56.39561187488686,5.517720163864645,0.9868034158364649,0.635576013961759,2.0
41.23899273515008,544.9043992454044,5.1336199160206775,0.9901672423459907,0.7217026601627978,2.0
-474.19234393761263,302.6976526218997,6.4323991553152515,0.9792530409291622,0.5791057475911946,2.0
553.2212490649194,27.755186637605654,6.932166501654004,0.9709958327746787,0.46659817810785154,2.0
559.7171130990455,-107.38839050876389,5.767452520568185,0.9800291190448573,0.6451279066218967,2.0
549.0527736586239,57.36981942279402,6.056234309572268,0.9791269955305121,0.5920077989611885,2.0
-442.5962202399103,150.6260864059101,4.528270191064177,0.975414616540349,0.5578135101601505,2.0
300.3872832938196,-500.309595719035,5.705470057286776,0.9775615589661504,0.6268837103153342,2.0
122.38175270339353,-545.9957348263338,4.967019602934382,0.981163850389626,0.5976352686169231,2.0
-532.7584781232138,214.82522169361675,6.259064486641854,0.9848073313446905,0.6264866936216359,2.0
159.7133464648311,534.1875839748941,5.423061512741504,0.9828078440755667,0.6893266215780551,2.0
582.7235966617009,38.614326456420635,5.354765830278651,0.9699105347172532,0.5331466791076781,2.0
470.3920952341941,312.70489323626333,5.1801593730776965,0.9872540917966649,0.6385083243666865,2.0
-558.423722971125,-192.435442105424,4.5929053975855405,0.9895118677688527,0.6639920901875428,2.0
-105.61550808634091,-522.4241327431547,6.542405163991595,0.9802576446688569,0.5289940862289225,2.0
-51.321558156590655,-566.2304879679938,5.576573533154787,0.9838386660063243,0.6147218783426669,2.0
301.44813767684747,-479.5952398151386,5.916351555101996,0.9818201254782121,0.5961478679808694,2.0
263.6923345820911,-518.1508294381766,6.263643315871408,0.982168880476237,0.6049412709158439,2.0
-62.76984815069251,581.5771250325125,5.969515104335171,0.9814916919888592,0.6548493663222859,2.0
-407.30941443094923,-381.2420251085984,6.804097210843381,0.9945628033495306,0.7140640385357866,2.0
-97.89709767616462,-541.7199065245657,5.17940137038797,0.9696714980923005,0.595605516620266,2.0
324.55305797592735,-469.8432318259902,6.808563701478357,0.9902799265443295,0.6793682123319652,2.0
584.5204410390164,-52.42686461436287,6.309330680933998,0.9750147051445693,0.49717143044627454,2.0
548.5894728807115,178.22065736103778,5.273145035662777,0.9755201405202497,0.6379974519627346,2.0
-464.7531566301301,322.3899893995777,5.316666843057439,0.9778072138470449,0.5725359782793447,2.0
-245.28486098496137,556.7304958601898,6.667407835936116,0.9940390430568798,0.847309349791921,0.0
241.54493804519944,-539.6294993246944,6.864263294356604,0.9858674614222708,0.5801017359402286,2.0
419.48419668190206,-412.31553409884435,4.9014716186529,0.9397340872703644,0.4050002582499282,2.0
-458.4079832994262,-340.3219392477927,5.490318845158775,0.9815729568450202,0.6219719232059988,2.0
52.13858912108424,548.449668468669,6.131171798157599,0.9851692991483018,0.6760843153843,2.0
-416.9735490263285,-372.34847151452533,5.516560707945325,0.989468602192497,0.6651627985805544,2.0
441.2069986995829,-332.85517148645954,4.973248419265288,0.9842595407478378,0.725916045891499,2.0
-50.03801579210297,561.2296535224837,6.336718422199267,0.9904676724817453,0.7237650423792626,2.0
-115.64781806285252,568.09667378083,5.695150749585851,0.9861768787499309,0.6966660806231137,2.0
80.26896657933231,549.9274460273422,5.498635026782936,0.9907286843565347,0.7212053893560769,2.0
563.0338157108755,102.0568525469754,3.842905624307054,0.9824596502867197,0.6622839732630761,2.0
-557.4808344903033,119.08464626029681,6.037895773731579,0.9813549616896952,0.5995854577601459,2.0
432.8703302576501,-399.52007404150083,6.7372316092189415,0.9754721326573974,0.4958605336179389,2.0
50.23932319241798,565.7267291157419,6.6461296404438235,0.9888333053133274,0.7074100134814826,2.0
-14.443379695700184,-574.1687058948611,5.49421074585818,0.9816721413281796,0.6560156505269975,2.0
-156.40132773096104,546.5326743145976,5.1232298360870265,0.9751907840252481,0.6208044410951956,2.0
-499.7520026039565,260.1528157883782,6.229072705526081,0.9776268175767283,0.6270131051295669,2.0
-556.3198661262742,-4.0446168486013105,5.122265419725987,0.987446262177973,0.6581372099515743,2.0
466.432294440567,-327.80089783905765,5.598070013563166,0.973449022626207,0.5515785839590803,2.0
3.3019980748833357,-598.9913996477462,5.725926986583321,0.9836659582148177,0.7224527410849972,2.0
-544.5724394913912,48.9705027302397,5.533919322928019,0.9850134818514965,0.6752581282154749,2.0
579.6064770737893,-155.3966379038299,6.032215119977551,0.9864134001794272,0.6848678334042736,2.0
-119.64313756091619,-551.945593657873,6.97306678814175,0.9835381444652357,0.6421992838313533,2.0
-419.5751481021062,350.9882572982631,6.183281970154077,0.9841133362903911,0.562025784704781,2.0
-257.22802929850326,-491.2378650206407,5.744537081522388,0.9809375229007813,0.6130246456794552,2.0
-88.11587730633913,567.4770542058393,6.2967976739137805,0.9844862556846778,0.623749203038216,2.0
-531.2807287613542,-235.4967735809621,6.905986245454345,0.9765555222125679,0.5615214189386494,2.0
-561.4175196169668,-27.384097197274766,5.410678538853298,0.9700425029119455,0.5432363279200587,2.0
-531.6771061880894,-63.77298670270055,4.248981125513061,0.9704331946966996,0.5934779617702274,2.0
2.4952082879743243,-584.6796714283879,6.109915572351795,0.9836560332554983,0.6715647391298405,2.0
290.4614767119363,529.7462150959312,6.74609231020265,0.9948180304977932,0.8551117874703198,0.0
523.5214857349105,-302.6423721439718,4.283849348305086,0.9877521795345344,0.6963103199202215,2.0
-455.7313871917261,-357.7528081638175,5.83199316092777,0.9806079094094983,0.645526540857006,2.0
345.9904981439794,490.4342075637633,7.011346503874511,0.9908976764267339,0.7248426695887213,2.0
-574.8769098568314,58.8851791103167,4.802528866569146,0.9755245632033261,0.6372250658761179,2.0
346.8088891710085,-459.4706217186747,8.31966161636974,0.984582704561179,0.608717232011783,2.0
-210.63512146646826,-531.1202524189911,5.53124018974919,0.9885460622923323,0.7195419073287274,2.0
453.87154112473877,340.8247630819085,7.256432046136419,0.9845096775389627,0.6243079864468479,2.0
101.49692422904936,-569.4231655878542,5.019672281904468,0.9793177444128093,0.6457411001940918,2.0
-583.0700680576962,66.70570726775847,7.056829921676938,0.9834614287744194,0.5686700281085907,2.0
123.51356048293687,306.8334271320755,5.328668039858474,0.9694242059983459,0.526874750559377,2.0
41.62576924355942,-581.9487325805384,5.483280177921594,0.965835285769706,0.5106560369874589,2.0
-462.52400269425414,160.35568696287916,6.217413131445279,0.9852290694891419,0.6369885968217691,2.0
115.06731443978437,-591.6674561644311,5.30230647862157,0.9842337996102112,0.7111928830915611,2.0
492.69748705572766,263.12435159059845,5.815782296452773,0.9893447155737819,0.708031875835482,2.0
-138.65942644693706,560.1721231332294,6.943645190152711,0.992251471481043,0.6948978987854706,2.0
388.6795829222663,436.9813545116601,7.677979571832469,0.9917115028730618,0.7303291103185234,0.0
-217.13054855990103,515.1512411675757,6.491771133692331,0.9829329804001545,0.5584216087752228,2.0
63.338735737218585,-554.7056162436445,4.406376373157853,0.978256531467382,0.6281117053303699,2.0
-543.5599393756056,73.42470209360874,5.710173732702867,0.9873320599969087,0.7048640190770099,2.0
343.3942164045433,470.2799354735649,5.1938825919616205,0.9564153492926806,0.46500345852985164,2.0
490.6047602615978,292.2996368710633,5.837549876721221,0.9792572519150393,0.5781088866437458,2.0
-264.45685329032045,498.77614045942676,4.9734731876731635,0.9797001849556985,0.6401091090429134,2.0
577.1844375480621,48.18182772290187,6.257661753993808,0.9798829022019852,0.5826229123314518,2.0
-158.08690726527757,392.51226852661995,5.597231222468315,0.9892839465140786,0.7202658457346921,2.0
-356.4199668453144,-444.3359810322363,8.307029263686335,0.9928814375092474,0.7054479511432987,2.0
-128.2068774642629,-540.2733320850185,7.176247533211854,0.9905570615288055,0.6783683556536987,2.0
562.1612435319165,-225.8355457654805,6.857359661624333,0.9958180870475675,0.8643733576960794,0.0
-72.8148934485113,-528.3501209962265,5.823820808312168,0.986448899734082,0.6336180938961243,2.0
-564.4238132738643,-222.61031176602728,4.978301878153629,0.9948303744489644,0.8547435110990882,0.0
-559.6465151144785,131.83041304510385,7.346679309740107,0.9846609426176279,0.5700587042969862,2.0
402.593366632304,-402.3389885506436,4.378793478826563,0.9570028829631743,0.5403676024933195,2.0
-65.49402247562948,-543.2074065438862,4.453573383377958,0.9711776202749225,0.536235326896037,2.0
-295.0997221735582,466.2192176914211,5.577802259899928,0.9824228144399297,0.5982139237555422,2.0
-467.5243581603729,-321.401388311216,5.2542318740955025,0.9791132310304835,0.5931651947716429,2.0
-93.77285395804978,-522.3807053619576,5.681321398132549,0.9820832067609793,0.596526112749904,2.0
-381.4643642385076,370.7476158692079,5.719973626606432,0.9837182350307011,0.7217020326429716,2.0
-546.3862565466728,-123.82408865286091,5.39446371125948,0.9778008975634476,0.5753157368655587,2.0
445.6598466814246,-350.72609672951637,4.734749195289615,0.9537044483131003,0.45017544442991664,2.0
162.9498151608515,-553.0219418870032,5.676602559753565,0.9734430177492603,0.6083401826944568,2.0
-494.63373797929256,310.26704311764195,7.132131064548897,0.9826712947988617,0.6061525864680833,2.0
-548.9174248879863,126.03680597554848,5.292796373743707,0.9780088724993833,0.5703949782103683,2.0
-308.14401244895174,454.30362387374095,4.864724388373111,0.9837944570447796,0.666947232074337,2.0
456.75794804583325,-323.8201531368953,5.102232378080302,0.9863422160677954,0.6679898048895923,2.0
-555.0761219818232,43.84744281190436,5.318596904957537,0.9899074253946297,0.7141018525312535,2.0
-432.7016946472049,340.34853775526193,4.430675727355048,0.9684528028736935,0.5239402796760252,2.0
503.2423172775641,-324.69654685454503,6.342745894614935,0.9776725804962987,0.5669099319747876,2.0
170.19388334418272,518.0070938399981,5.013508927244977,0.9826880154684354,0.6071682329358378,2.0
354.1766573948425,-497.3221132458817,6.060670906924526,0.9962150005288262,0.871251854592554,0.0
-523.8803516649953,-212.47247736537662,5.999461302103372,0.9897513115941372,0.7685810724147768,0.0
-216.54200232247197,-509.85512654610943,6.027354138044668,0.9872540271272578,0.6885481088756676,2.0
-3.9418806103153914,574.0573785367895,5.8740084882082195,0.9835639876755305,0.7280611227546124,0.0
526.3393221799363,-233.80339847594863,4.990238151992078,0.9659210243666244,0.5803529591447981,2.0
480.5747941389259,-377.371478359661,6.3894334682124585,0.9957766057033762,0.8638417203343737,0.0
-140.4287273244571,548.1271447771666,5.534146671273661,0.9785673466115931,0.5740061355920827,2.0
530.634926611088,-105.8707762896184,5.011706919722401,0.9754799293161551,0.6153702774892458,2.0
48.45730502785075,538.8235525077524,4.576301648861883,0.9724793942529864,0.5361291899678797,2.0
-23.72857024214503,584.0149736965288,6.493787342290806,0.9905201312023112,0.6784904000757086,2.0
-386.5081142043521,356.96559557014524,5.5093459693091935,0.9814416086219733,0.5986749147582199,2.0
557.7103558542387,71.57447500892594,5.080888659513188,0.9835627852374619,0.6626466502889141,2.0
555.7775200070723,-40.813626485007056,6.228676121000407,0.9790232377131812,0.5869665482159804,2.0
-551.5386608406695,195.7596012688871,7.346272485624586,0.9856948308495743,0.6257356686743413,2.0
-85.53256893791074,-568.1188887278151,5.4831427097513465,0.9770214925267872,0.5647566223772624,2.0
-420.08050051399414,-383.2672133095194,6.195208401658401,0.9874152886558343,0.6234863055242875,2.0
-343.69260742819085,443.3457724096706,5.971293880079946,0.9778220199791218,0.6330498824894264,2.0
-210.56599241638975,506.6590451146305,4.627068836468695,0.9799253513654792,0.6462029357047837,2.0
557.8494470261354,110.31555690993993,6.206838343947191,0.9820854712383358,0.6142785406626242,2.0
-550.0175318030446,92.99336805874582,5.758345457618696,0.9886388859087349,0.7061565175384535,2.0
-572.6141698096696,-30.0225937130075,6.650146836432572,0.9777160966938858,0.5097734350329731,2.0
-585.8451985150386,-82.74451358567809,4.843287586182949,0.9787724271965303,0.6975191382574966,2.0
549.6820471972594,152.89295219525854,5.678030600181878,0.9775782256788409,0.5837563898484365,2.0
-221.56210077491104,534.4791036196195,4.870969613304049,0.9871665479513558,0.7288867350611496,0.0
525.5133033991707,254.27401316551882,4.988499998299382,0.98847685059312,0.7028975282264007,2.0
95.44245286468532,-578.2156940480763,5.891540696404276,0.9893883799503806,0.6641571214121519,2.0
-401.0513121361762,-405.3937171180517,4.8987742594036074,0.9864497331421004,0.6834302206694212,2.0
332.08905466403746,447.98198166757743,5.514007597832355,0.9844862046580198,0.6819256236668135,2.0
-75.7679724179402,565.8939049711144,6.575732351445374,0.9888615887420295,0.7090297625624412,2.0
-583.1627035295329,11.292789241572978,7.061227622295403,0.9821616599294852,0.6133012518302277,2.0
-576.3388878782099,114.97271544245609,6.327975128429718,0.9891286036859738,0.7566826868890659,0.0
-331.93777941147465,445.41287434066635,6.666702468445734,0.9786194489055704,0.5841782295687,2.0
204.65444449987922,520.5747588413906,4.851191010112656,0.9789108387699891,0.633849716013501,2.0
-586.1868805994895,-103.2145752852145,5.0969011461972205,0.9743986145997374,0.6848402470803019,2.0
-63.078945260254905,-571.8778213512123,6.1257120733322425,0.9823445514189159,0.6340195374542327,2.0
139.4394235231466,534.1068618876506,5.202261503375167,0.9782503430987306,0.5785955143445413,2.0
-22.668234281716362,-570.040634179298,4.2538211270521185,0.9585612606433346,0.4756069892224098,2.0
354.55422644740844,443.2107324499013,6.426407572700142,0.9836526277087624,0.610764846821587,2.0
-299.16949067527304,-470.0981301484999,6.769891284786845,0.9879570099489902,0.6578734543444886,2.0
-454.37650496940114,333.93055971631065,5.874585561484712,0.989251306591316,0.7204865930206565,2.0
-140.03016493148783,-545.9771323366967,4.826980997596863,0.9757043987680888,0.6184279737211147,2.0
123.41500555243965,584.4763584999574,6.847415530203567,0.9971780167173016,0.8864338684921936,0.0
395.575133909663,403.08148926252346,6.39308340588327,0.9754658127048504,0.5002840373207001,2.0
472.1103401883919,-356.5169344149778,7.552688334398383,0.9855153130127744,0.6248326839287023,2.0
-508.4982327336497,-292.2834857923953,6.332197647443101,0.9851923423789231,0.7305709318187631,0.0
-42.942777731611336,-572.8485406304451,5.514152585426594,0.9835951442794437,0.5746979346137758,2.0
368.29513598352406,451.22929562752256,5.55102700049105,0.9797749256391115,0.6409808992278528,2.0
-59.519975056398316,-549.9285973494091,4.973781544757657,0.9729516257016232,0.5477142129182533,2.0
-568.8936318220592,-48.49103291958291,4.702762638284495,0.979291405481045,0.6344653358503181,2.0
-524.1270264243192,-183.94927367541993,5.806078911293393,0.9863562021617388,0.6921087755021244,2.0
309.0965597435337,-510.98096821890323,5.99728293802585,0.9891794346707512,0.7083994986899881,2.0
535.8000376950312,253.935895398911,5.61010845429233,0.9915332751265357,0.6860721094225948,2.0
511.59558418937894,-99.92648444364903,5.3238571076059475,0.9682139867333279,0.5173683098306391,2.0
547.1630765571849,-113.64620779094584,5.630784586247576,0.9836151984481448,0.6325546252901941,2.0
462.49068886941916,267.7650080089595,4.742816178286458,0.9656568427165193,0.5723903957523392,2.0
-241.13319127710307,502.2274205256926,5.0592013113148,0.9746517564459121,0.5481282153610638,2.0
414.69725397509734,399.40372410425334,4.260924146907513,0.9737401941277476,0.6183184511769623,2.0
186.36014346450125,532.9556162312957,5.026228376693587,0.9548488083110578,0.45979019575290453,2.0
-481.8473570124301,312.3480282115064,6.319665454912178,0.9848893278817746,0.6362001677085442,2.0
241.58191609745612,507.4186409725874,5.958797641540648,0.9811550647443122,0.6063793684296945,2.0
262.57011763214655,-544.7742188376985,6.140958608290784,0.9799101224936074,0.6440748055239426,2.0
270.88428067542384,516.5335085059043,5.048821087738829,0.9735817453292929,0.6104026540020427,2.0
552.9655283127711,-200.54368905010676,7.37201612006079,0.9918952365376279,0.753293106307252,0.0
-379.23953691881024,-425.064769339124,5.462468712406333,0.9790861094180864,0.5781816060410647,2.0
530.6293513407119,155.60718117717002,5.328428052151389,0.9617713333214291,0.481814535573658,2.0
488.65087936618363,303.87318919146867,6.206880038477883,0.9900390460077975,0.6393259050011918,2.0
-496.7265665928226,-294.5755531072197,6.287570855025138,0.9788748566325853,0.578063912837229,2.0
-224.21784302222048,505.54145027052704,5.949776076728603,0.9859462847480136,0.6815789520170101,2.0
121.0410739121354,539.7204719849778,6.945798818833526,0.9838490636055481,0.6209996051841602,2.0
-328.38356459466104,456.61458387466297,5.619973059791163,0.9713779849339215,0.5303852476272908,2.0
568.1975616449371,-116.7522686389005,7.283362142197484,0.9840433099304905,0.6666759547021367,2.0
-451.51214568456453,346.2185546123068,5.4683188333117725,0.9884060709319729,0.721583795889989,2.0
-0.1618606393034866,563.6339411502224,5.823895411089197,0.9615859808073733,0.48854769376013624,2.0
391.09743287344065,-425.1922732641032,4.803481065140677,0.9761286736912207,0.5623432857230103,2.0
322.6821359916431,-483.36493902436655,7.064548639915426,0.9799106456513613,0.53512864754092,2.0
-120.00575825095527,-512.1958307711858,5.25109929977747,0.9787169442946159,0.5948295856631683,2.0
438.118619335904,352.33001123723704,4.891180769002883,0.9784070798821894,0.5881361203352393,2.0
-159.75791153172568,-554.6146226642709,5.705841837672601,0.9817511449692554,0.6555631867625445,2.0
-180.3797165965817,-528.5186374790829,4.743787598251614,0.9883582006948876,0.6994930822718792,2.0
284.4329761706238,-491.4081498898765,6.176802370970935,0.9780145050278986,0.6953099876338205,2.0
549.8899282559971,78.65450520614378,5.732334666052785,0.9902288262191029,0.7148242524418013,2.0
-314.9994828533786,-458.09761483692546,5.205295008039697,0.9819827164429414,0.6635985285905758,2.0
95.6015108013015,-602.0941964330084,5.534922785883372,0.9877185125822201,0.7140521940413175,2.0
264.8126016071503,487.483252991992,5.546810924800927,0.9732109266588508,0.539243124203776,2.0
-598.3080537117214,-18.308406049127353,7.3103982911902,0.9760706281909995,0.5762089643522045,2.0
-191.56172712818483,-535.0956234391816,6.424899706217237,0.9885667603923699,0.7021642309575178,2.0
-612.2159458727235,-42.482587272747516,4.469501911340246,0.9720398799275392,0.7473903844252141,0.0
547.6752021981058,-135.0956233586282,5.768118131615678,0.9842178020332211,0.6133879314742668,2.0
19.652378235539004,576.4911025983932,5.941994829822537,0.9856322922490981,0.6779043874940662,2.0
-125.10067851218517,584.122658133119,5.455988792233858,0.9850331053394384,0.6784371640068046,2.0
-581.591294356251,-20.712313293992935,6.7581400124304984,0.9893487172283109,0.7108436223892706,2.0
-374.21758615708745,-445.6125898798778,5.95495327138411,0.98809910448298,0.7508449197470474,0.0
-419.92983415672404,-418.2527393432811,7.399652121273799,0.9970471480211145,0.8643297587821328,0.0
99.44677984980459,549.6640088205112,5.6319758903612245,0.9817051414379409,0.6542046247430982,2.0
6.280226864635172,554.845134812347,5.7508441363905565,0.9755362402398654,0.5597632071633026,2.0
402.9523403332333,-451.27772152064085,4.793780196637987,0.9773263352470817,0.6913770828042711,2.0
-156.95873550217573,555.7878216237408,4.753303707219373,0.9671871366337591,0.5101956871369479,2.0
-437.81271520218723,347.59307645910434,4.653293070069915,0.9760453312394206,0.5714262769151256,2.0
281.6142825578436,-440.2806733358623,5.3921734547283995,0.9837974361013143,0.6795134170564318,2.0
401.1483579001264,-422.87280502812587,5.822066958112156,0.9949962001065407,0.7894093669236653,0.0
-556.1320704588283,143.65986390639048,5.580668505426865,0.9587599710277874,0.4701792876043574,2.0
-476.47924940616895,323.99090313440286,6.944390279127622,0.9865390658636045,0.63398211486738,2.0
-178.33774488253127,-551.3489301611639,5.739548155210979,0.9878691873007514,0.6521476680626562,2.0
-522.3674744255242,218.84472231228023,5.2061863988526556,0.9829886307788062,0.6606315874357086,2.0
-286.68482783832627,-481.85976436707296,6.678626963753964,0.9937254390359862,0.7140183337345437,2.0
555.0939324049584,39.43237465998451,5.60966145252195,0.9747540174049627,0.6193198449524974,2.0
-423.1500885352676,-394.8077750850825,5.837120384843614,0.9876115860997347,0.6658429506537153,2.0
562.1416823258656,19.241626414941308,5.968697938110632,0.9795728592592324,0.5950441774943324,2.0
449.59715436078704,-375.9251686521316,5.318742749161728,0.9908396770188469,0.723502774928829,2.0
-131.05952500864095,-582.294035445162,6.224331730878504,0.992074768207283,0.8326522103511089,0.0
-549.3211519125438,-154.6855750843411,5.860308213348745,0.9825585396977113,0.5802465135914794,2.0
-480.8562213476102,-307.4370880115989,4.960495651065154,0.990556538518745,0.7227099388295478,2.0
-125.16927887063018,560.4954108622746,6.912135266960478,0.9876802141276388,0.6000295238900649,2.0
-122.8186269058591,-529.6274873248267,5.00373814476527,0.990701086281261,0.6837372834974319,2.0
-549.4321305698636,-166.8186417812459,6.815616215778333,0.9767643342517287,0.5026681984039696,2.0
253.94968289468162,-512.9020969855535,5.036488473648173,0.983242414334048,0.6736061505524278,2.0
554.1572890190766,-10.401057973891207,4.324026082566363,0.9874177600447899,0.723408804607228,2.0
-574.1934262310654,224.49882998802906,5.554111456422553,0.9846710269561828,0.7285788685131018,0.0
576.6776039044285,-89.00847536064366,5.48182638904821,0.9694280388662886,0.605748163510857,2.0
-269.27247028553126,519.0921988347861,5.88248891449116,0.9831747443032108,0.6587033769303515,2.0
566.8449943932079,184.15681075202681,5.944552847536819,0.9790397741456274,0.6394990969503788,2.0
-532.1336979115961,258.0913321541241,4.293843444391191,0.981354852886909,0.7201747199042025,2.0
-578.4699614247938,-137.96471385043918,6.237165042605402,0.9811446569236127,0.6132060550410455,2.0
157.71034275791362,-563.0635854750103,5.248421002673464,0.9655350047596697,0.6592699841611411,2.0
334.0520181075868,500.51808461005993,6.116031560558205,0.9883716003428771,0.6992534968900357,2.0
-562.3898751726123,49.770057091690525,4.337893369026561,0.9734752736695189,0.613080347383201,2.0
-548.6469140205643,-270.88745329828384,6.190541302808674,0.9847486105092436,0.7412045430480028,0.0
214.53882393330608,-553.2989777448695,5.916296061749354,0.9845977547781335,0.7323832097051707,0.0
-150.33699836301992,-548.2254108159201,6.170356065158258,0.9832328501760376,0.6044454933346172,2.0
571.3877937802254,-54.041616495677644,7.272959766842423,0.9901123837279455,0.6705575451834987,2.0
-383.1334256738897,-403.1860651870882,5.228129622018918,0.9808932911940986,0.6579959147406484,2.0
-412.8767419675008,-391.60650427391624,5.252333213735218,0.9786279467225362,0.5729775416062656,2.0
221.85621375707478,-545.8070100523883,5.162926805664219,0.9755427162149805,0.5601247232582282,2.0
252.4347486049106,542.9014525934501,5.067877650282988,0.9897898440573918,0.8181465029657559,0.0
-536.2824967171761,-140.08238366285516,6.295024204582924,0.9924605088030151,0.6990162538383184,2.0
-183.23744616280413,562.3719652951906,5.835817158981709,0.9875624335454802,0.6567329192220317,2.0
95.02316933855275,-537.3025437386282,5.41295411051149,0.9839380899826018,0.5694491238436787,2.0
-192.31841523968845,542.5372622728676,6.575541329953076,0.9920624569329118,0.727099460256838,0.0
530.4663931246747,167.18038714075152,6.877549978951795,0.9855568563972753,0.6268495067781371,2.0
526.457948170541,-245.10029776122062,6.945476399300933,0.9750842788766777,0.5872138337660758,2.0
105.62919718208467,-536.572987256634,5.39312928784735,0.9932297381452045,0.7236868824055306,2.0
-204.17336512596853,546.3021088754491,5.998900933365175,0.9889402022622791,0.6199907477749592,2.0
500.3261323651025,-289.6907201391095,6.258001044014357,0.987486803443477,0.6457964666287511,2.0
587.9671707527935,-70.28449678928754,4.9871264276530445,0.9817263975676767,0.6486777407696838,2.0
-144.0514814563047,579.1123024112273,4.8091594133913045,0.9870688687024638,0.6866202480304789,2.0
27.09146954281355,-577.5532250972434,4.85704532403544,0.983674631735676,0.60981407922171,2.0
98.63320894934402,560.0284988610163,5.09782765768249,0.9811330692282976,0.5921144756766289,2.0
198.24627414867393,-568.8440399798942,7.315742796456516,0.9787721595068437,0.5875989128791198,2.0
-571.7333155702026,132.51590503721874,5.310892253713211,0.9710695825657207,0.5399136868535521,2.0
-193.67041793623298,580.9854030675191,6.548362868226674,0.9979793169524241,0.932837163732239,0.0
12.618747281904819,-591.5509914216946,6.725855516788966,0.9838582141909651,0.66966851346106,2.0
443.8801657263897,384.70172093672164,6.811521647854298,0.9889145837959,0.7039687942830648,2.0
265.70659152796753,497.7256063548485,5.119237154041779,0.9902643652656365,0.7249875602221455,2.0
396.3391116003773,426.55017151939666,4.721751903500651,0.9845374461970662,0.7273477488676282,0.0
517.4106778818644,272.23218902660676,5.4965529148727645,0.980924323766881,0.7083717372528807,2.0
366.80447624659394,462.8625903441333,6.620827948618071,0.9811923080850139,0.5926620557317712,2.0
-328.3122187234709,-475.5059548842608,4.740785022204182,0.9829071789746135,0.6566180666476369,2.0
589.5749989770941,20.451542700306447,6.078978323264036,0.9912184337365592,0.7804446229986259,0.0
-102.266302622095,586.2850648159804,6.595469343727647,0.9913809179992998,0.68288889211311,2.0
-198.7549229250436,521.0169232159438,6.897161753962946,0.9894436454352805,0.6624438123054965,2.0
-573.8592218303364,-85.11481605864523,4.623772814688627,0.9791053235080571,0.709766968074152,2.0
-99.2759166234184,-556.2118243521762,5.194628803261231,0.982225886479189,0.6061708411358404,2.0
-209.7335411622405,-520.0171322064541,5.99694217662849,0.9892819603844868,0.7116534866288071,2.0
-266.9628590715448,-507.7404955434692,5.002165598336208,0.9881021161144666,0.7156496819058288,2.0
-328.8399127769083,-433.577498962088,7.056298831396384,0.9908275296656586,0.7249244968762104,2.0
366.1112310359017,341.94204356383824,4.774942902484697,0.9880338305837009,0.6960507300647041,2.0
545.3846207883169,-152.3173901868817,3.8134472575223173,0.9768079575443805,0.6221956076342235,2.0
539.418132942819,-85.46509917703665,5.028550103642503,0.9755997777171656,0.556042644548254,2.0
-423.59650431130274,368.92900810990653,6.106739462851469,0.9884828571444271,0.6583815490178708,2.0
511.34418992738216,-261.16438478462885,7.171676286991764,0.9886394374289804,0.5986182179563415,2.0
546.362958965531,-172.42826659670274,6.0907645101558385,0.9830701946853406,0.6596727926852065,2.0
552.0600634379684,-145.57958543866965,6.006931944832089,0.9796298405156209,0.5265781259290555,2.0
-587.7675900854056,76.70662644580257,4.20620005480092,0.9885054431766008,0.7020568465701517,2.0
450.1421523661619,-330.40495578969336,4.633776257270844,0.9609393024834929,0.49511070205258995,2.0
504.2201438094147,-300.4811602213684,5.544595715317571,0.9797047292521123,0.5928304578486092,2.0
551.0222542895839,-30.4713871608307,5.417180626666039,0.9791251385785443,0.5814585534932735,2.0
477.4351719999031,336.05268601003627,6.129524348485668,0.9903670667141617,0.7312543460697186,0.0
581.2090706776677,-121.16120933760267,6.346427881385503,0.9969286699548626,0.8883059805589092,0.0
71.36464864661886,555.9328480963218,5.47714929466502,0.9834528480812904,0.6115236685466694,2.0
-148.12853001093245,554.1083362146353,4.626158874592544,0.981604457155425,0.6568994539130731,2.0
92.0330025798244,-546.4767353640076,4.5655862077089,0.9802945734364893,0.6452969064993314,2.0
-502.4850116954091,272.68381756020267,7.05977723460864,0.9885114746793866,0.6122404000371097,2.0
380.0450953330759,427.35438125531005,5.046544458027686,0.9859465794054181,0.6820229518437828,2.0
568.6049823691067,9.44553816711622,6.31852802434176,0.9851363315182722,0.6900519355450702,2.0
545.991358330688,-161.26423263281706,5.501781555216462,0.990707327328735,0.7267473843740844,0.0
-423.3000459204354,381.5201141258364,6.782435144776794,0.9754623744730359,0.5106146308636597,2.0
-516.934360281464,-221.95035027455543,5.279797432123096,0.9759566597958004,0.6314406392937877,2.0
312.1030076452975,-463.24295947518664,5.302178723507786,0.9900502329089859,0.7132396412624952,2.0
423.6364066296193,-392.65470564257254,5.1798145438530865,0.9738476611057547,0.6082242768011603,2.0
-274.47947635323044,496.2256737792649,5.731728407704442,0.9892237861970234,0.6651262657219978,2.0
478.7230369281413,307.706532224823,4.810026955011673,0.9760652320781561,0.6215211694196682,2.0
-509.9842029944237,170.06811642671414,4.94374066797852,0.9825970933788684,0.7202700794267288,2.0
392.9315998216238,-416.004765906535,5.000812307028356,0.9798045904961511,0.6105336895910463,2.0
-405.449150138634,395.0475576963296,7.649987033048125,0.9941415793247713,0.7101942023408404,2.0
602.5986815475483,66.44004450433816,6.454982415685149,0.997648424127363,0.9293891655111692,0.0
585.3147791599818,91.36511262312713,7.271487038317257,0.9897282120061698,0.7183352465518532,2.0
-581.4513523365146,-92.9939986214254,6.822410565732974,0.9804001614133158,0.530560794090243,2.0
133.4982281015306,306.7998680493558,4.985105311368184,0.969630272529613,0.590247901729026,2.0
-429.1137492418983,347.92251691033147,4.274451834208463,0.9812049655609731,0.6560609840449618,2.0
-331.691622064509,-447.1999376701781,6.2259688436622165,0.9797274894226755,0.6527013280174845,2.0
-190.54325428732204,511.81902809157765,5.734354129899209,0.973737723144587,0.6119400331718442,2.0
560.5664306590946,155.16736350593567,5.878599758946942,0.982368966727087,0.5522358287209835,2.0
-142.14737714661948,-555.3281000194631,5.049571684272478,0.9768251932586783,0.5613794863140857,2.0
567.1090971556206,-182.2039174054074,4.768504804697873,0.9731640968015344,0.6084934387693998,2.0
78.65967645785959,-570.1494496861842,5.04282890905132,0.983289048866013,0.6658664502765198,2.0
-7.039028470044197,595.7640808633809,5.943537277935188,0.9825500332398593,0.6109731188444494,2.0
236.69489496891498,551.9641682478591,7.450346198143136,0.9971400415388579,0.8804328983234843,0.0
159.31687510993646,544.4200895791784,5.225645101745897,0.9733543736124589,0.5417413931645814,2.0
-547.2823211934236,-143.88572252826984,5.535042745066994,0.9851621997243178,0.6235654458986193,2.0
-287.95862690907705,458.23966148943333,5.454782867938975,0.9865847416783653,0.6541692889772023,2.0
34.18521121589847,571.7520609434627,4.1206816931921715,0.9635067654996108,0.5692961271940938,2.0
382.54658243170906,-442.0300599460868,6.37398507302518,0.9766855093711192,0.5658333665977962,2.0
-361.7495997406562,433.6462587470159,6.2141591366932944,0.9905561311298259,0.6855996623593201,2.0
-434.8683468479742,-365.0574246326453,5.97344996201093,0.9792396123962992,0.5774562268837581,2.0
-541.642396191918,222.5060501359839,5.950976495744565,0.9767655485980287,0.5656155425118038,2.0
564.4422106143475,-147.67074875621714,7.0191853524517365,0.9837394997315274,0.5859083440749882,2.0
288.77571131620005,492.62606878376454,7.2980723683660464,0.9855596209864482,0.7323289554401518,0.0
132.15634800185165,540.5157133218229,4.769357013923875,0.9730236656351838,0.5493276915433649,2.0
-482.5168495000664,282.49118912270484,5.3594266416156735,0.9702762182531887,0.5239395089618505,2.0
-564.2576015858784,108.61135559591727,6.979265819416011,0.98939126120487,0.6822401927891792,2.0
310.84301099558974,505.3769111858142,5.842031994223624,0.9785116978122071,0.5804318497568806,2.0
452.2392400802595,376.59604813904946,5.2601574544713925,0.9837154951732824,0.6181874417289339,2.0
-558.3870952354029,-174.0842682634621,5.25795672828073,0.9812324995131713,0.7102044040728072,2.0
582.0628257825975,66.00488577741498,4.844449701838169,0.980115052742288,0.7023264362202919,2.0
-526.3173514920792,-129.3141952080064,5.643226657114402,0.9843341620281614,0.7257608220393609,2.0
-64.50033971870468,569.5129977181924,5.74903337483399,0.9726612890532997,0.6018366349770994,2.0
526.563169422831,-200.97195175579185,5.385576706564501,0.9798274388620178,0.5814237718950321,2.0
-331.02928363955783,-419.50055722484075,4.794521325168926,0.9773553342788478,0.6315768360709803,2.0
288.57458312445834,-503.01155235378474,6.779743149508487,0.9863657588719318,0.6442389254567262,2.0
522.6281106043323,-256.0993925455768,5.425577212333436,0.9764451535073828,0.6407684598726365,2.0
119.66060625166122,-581.3767863728709,6.465885415546318,0.9819326847834027,0.6157691598484797,2.0
547.6206975511483,-91.37376290398689,5.383736650301419,0.9774108000710334,0.5671461371129122,2.0
-478.4042141655717,292.04665896938303,5.510917444460848,0.9866935148877188,0.7060801387771498,2.0
-449.8512071995585,-379.72810476986643,4.436181399350713,0.983902547632038,0.7231602224236077,2.0
379.7676033212631,458.67520694594043,7.505434372992732,0.990726394781881,0.7180085250953607,2.0
-401.7508795483133,407.1189690391865,5.374511282476621,0.9732368055130634,0.6029699802011774,2.0
529.4519399416058,208.76792613748293,7.039358356318295,0.9871224832941032,0.5961373802908452,2.0
-527.7102260793037,-223.0427494837853,5.760303729557676,0.9819238066433752,0.6024929493401778,2.0
-508.08879150328505,238.36906027716287,7.763656228319971,0.9855083772162699,0.6368794469011517,2.0
-241.00545475739543,534.3972674532132,6.211099610928623,0.9921112694735502,0.6984438983308187,2.0
-348.49959200687306,-418.0482194014009,6.155527141375401,0.9863890081934651,0.6916496781970726,2.0
561.6220959570762,121.37913938442996,6.105002120571153,0.9773651849552641,0.5660229303938582,2.0
424.01704730004496,382.30282333013236,5.552532339427052,0.9845801219832852,0.623637495953454,2.0
422.1286959196127,-422.8935583378925,6.881975706736316,0.9786942855603782,0.6955088212256637,2.0
560.521077371262,-190.0761217205312,6.081256842536468,0.9741962082633908,0.6094967340983268,2.0
556.5420594899018,-117.40739226115302,5.031236548588846,0.96989477499541,0.5965268579230129,2.0
221.0821103403092,533.7303919669986,4.28196094502292,0.9778393186162859,0.655065393170844,2.0
-380.27736900130816,437.0827437328145,5.435983863895214,0.9732082774740827,0.6045615116920598,2.0
-580.3388787104375,95.50481017640949,5.043393671130694,0.9757955206763301,0.6192138225350207,2.0
-281.8956077054931,446.86081289377285,5.576426881731688,0.9903522133181597,0.7222584279603039,2.0
-294.9975662007024,476.8881306305588,5.501681556287149,0.9854897663601584,0.6797472763643883,2.0
-571.3177432288359,68.67747488349518,5.305919515062616,0.9826770699256655,0.7156681643442192,2.0
447.3362690199397,350.4597475045597,4.921614785020258,0.9750801470335518,0.5605437223720597,2.0
64.84965435919855,-583.235968070866,5.915235056240923,0.9830175443503694,0.724816564365737,2.0
-506.8044372061548,-267.87967276684367,6.461912749869058,0.9818152624094699,0.6420999530137559,2.0
-310.79964239390216,-467.66768750900843,5.447945468697501,0.9844441073006791,0.6194406379453377,2.0
428.32274917878016,-384.0795396720861,4.975829828983703,0.9784976737142514,0.5745273061662336,2.0
-16.421992252355526,-565.2104583217355,3.9657856273202836,0.9718026050125779,0.6024373423349532,2.0
-233.90873203045768,507.4166497543628,4.272807465713069,0.9723999501189359,0.5676575197251974,2.0
33.971103701173256,580.0948421277873,4.65438757046125,0.9835741710912599,0.7210816314209522,2.0
68.56985277003446,-563.515209929951,6.161660730999749,0.9907218106199054,0.7239727442197305,2.0
-491.0591796072548,267.58941395199315,5.749052993201801,0.9819081897800895,0.6081568763774285,2.0
-245.8249553106394,-509.79199991924804,7.208924619736883,0.9860099346373749,0.6800842721217307,2.0
-114.68416397933173,588.0117492945836,6.154904764400536,0.9844173497098984,0.6747989059580197,2.0
392.0862518659672,-435.37553911255344,5.92455815706441,0.9715207335218732,0.5352093801084223,2.0
-500.9913526157306,-318.396570202245,6.389874624601228,0.9852808695241381,0.6745460939707147,2.0
574.274019044391,-22.672819883841797,6.861690105735798,0.9893487627165386,0.6629801446373695,2.0
-601.0971489444645,10.74754599702238,7.196060354249809,0.9867093152663811,0.8021976421504281,0.0
503.77717553711284,263.55208473348,5.563073179348447,0.9817677643661766,0.6543000615231239,2.0
-41.90613738509156,570.8304461919132,5.664256594844862,0.9768671265130082,0.6714766255128629,2.0
357.7340623465911,431.6370527948596,5.847743040966597,0.9854578639069511,0.6740401992579828,2.0
-552.0665854371749,-89.8213480312068,6.167728521962016,0.9851118430171797,0.588008665238123,2.0
573.8670562944806,33.66348382658724,5.268974485992058,0.9743655627175768,0.5473433794910963,2.0
-26.6990728963208,596.0526057588646,6.196024920541787,0.9902122158389646,0.6831895439976404,2.0
334.1539881512714,-478.2841746618547,6.128018518963767,0.9804647038646203,0.6585809202462558,2.0
573.6195259428797,117.825104114959,6.880019170887908,0.9910498704576082,0.727299813534941,0.0
495.68060641906726,-316.3494620301697,5.4212233380594945,0.9736265604045274,0.5412790638440711,2.0
560.2735464699522,-260.24701875455304,6.262938384075849,0.9948017068852101,0.8636047001325177,0.0
537.696331838692,234.76640165086647,5.662614370032272,0.9763322660271433,0.6234123677756455,2.0
-548.4331044195678,-178.43871326957375,5.374935855863464,0.98504194336453,0.7236158499394629,2.0
-459.8764668688089,313.40865302448003,5.3349461067844075,0.9799806401458176,0.6437594885844782,2.0
-35.4629051394331,-579.5505496447755,4.943328594640843,0.9733783116750689,0.5503181199334487,2.0
505.5936177648756,-271.38268678385543,4.98213455142429,0.9765536418932983,0.5649315616341211,2.0
-11.65929024962391,-584.217878092981,5.365731768134872,0.9894719144227596,0.729553336200678,0.0
547.8375287471684,46.6335926358442,4.993422967920474,0.9748696296911317,0.5513139224130259,2.0
36.95056165208419,-564.522896809439,4.798672320529313,0.9895321024194069,0.7188590680991359,2.0
-187.49226935231715,-545.754320368443,5.374362802267319,0.9716348329497558,0.5314856640646267,2.0
-108.8231889647257,-559.3990066189443,5.096028750877827,0.9907085807234829,0.7234627862092471,2.0
283.7066943746282,-513.1440564980795,4.919071220040423,0.9830203387801767,0.6673717428285785,2.0
-510.33527229097143,-246.6130765216826,6.2908958846274325,0.9891043481259753,0.6820707590294367,2.0
569.6857592923706,87.36587173482636,4.832209726569151,0.9760987547493505,0.6192502259249065,2.0
-90.56764414745648,-577.7786402472566,5.913242499084565,0.9762963493096372,0.5584512267559837,2.0
-21.53343607356317,564.1888471499145,4.241056350604079,0.9571707274788792,0.5453676768814972,2.0
345.84002915489134,-473.3430216644834,6.328465320881455,0.9716442328304395,0.6011736074836583,2.0
-32.32458992636044,-569.4993527141845,5.956439843132447,0.9808199816414657,0.5563713957271738,2.0
-180.62991097572223,-538.2781519729105,5.259846921266352,0.9822921437266419,0.6065147830954123,2.0
362.6076799415238,474.8267491829309,6.460405690785464,0.9862183204557587,0.6384827151338179,2.0
537.7829173847429,-243.06775794892835,5.417692999191282,0.9599799416312182,0.5647842584132289,2.0
282.6324841836142,507.541447649308,5.66264291242435,0.9906750275196993,0.7249479718591177,2.0
-539.5628110711096,-150.60195550321527,5.021083348278809,0.9794068424284186,0.5774186612714073,2.0
-570.620102017216,-93.46783937124442,4.550036863505071,0.9593159992806495,0.4833953516984358,2.0
-30.32165562915561,-552.2315887937881,5.355453043142463,0.9851747546429246,0.676733144586905,2.0
543.1204982032236,224.1679630892097,6.8989409179895445,0.9849521573406255,0.6804120112892351,2.0
-79.55791493323508,-559.6960518036998,5.234666651285237,0.9837260676409463,0.61216733350039,2.0
-71.8721467418388,576.456532447015,4.890407028285852,0.9717418947191919,0.538021633735408,2.0
-314.0206902211873,471.07187772036093,5.777497533011221,0.9926997981941538,0.7173711629153566,2.0
-44.06182563814868,583.2280713672044,6.946742422911833,0.9896671581561312,0.694421512850154,2.0
-255.59791557580698,519.1291974636333,5.948560542542771,0.9849975330262843,0.6732834917999669,2.0
562.0125168595779,196.17194551168365,5.7345980739924975,0.9950348269800203,0.856637503671856,0.0
-436.6427670649596,398.5882242829307,6.592581201703618,0.9946089340526904,0.8522776876561968,0.0
135.52426637750477,577.3594296355934,6.5656576041661685,0.9945193632280291,0.8515998594364467,0.0
552.2624852700761,125.18946232442237,4.53091284653158,0.971943030465699,0.6080923264353371,2.0
-523.3086233072694,274.4860234733184,5.556148104066391,0.9869245465197733,0.6397655193460751,2.0
302.35373915431717,488.9944151640917,5.662963709405533,0.9841233975435641,0.6726842644508901,2.0
-571.1275149737451,-66.2675967199407,5.336842761327904,0.9796609058311255,0.6393339135075905,2.0
-381.82098436072215,424.56723871568886,5.459266014035549,0.9909250600808718,0.7244495665297387,2.0
535.2382676566232,178.6048789838588,6.027734983408956,0.9699676657812943,0.5265866617643108,2.0
168.89670661572714,540.3551557748373,5.682625030129175,0.988901374480225,0.705700173114986,2.0
-567.2100440353307,97.38347733395194,4.9967375619570555,0.9855994740260082,0.6880650072700075,2.0
-301.3468212278999,498.92310437293935,6.820305638280643,0.9871715613183724,0.703156732345234,2.0
520.2950455822211,-312.5638234142492,6.299974854177751,0.9898541835097939,0.6775294124827893,2.0
-230.925233093117,529.0275340906059,5.3852205926159495,0.9874597129388661,0.7274245995262809,0.0
454.5320148806745,-351.61232106337025,4.718525659487548,0.9690817566453998,0.5830301038173326,2.0
-438.8202234258915,314.6505665195193,6.986130898673884,0.9863360030340532,0.6316084819040354,2.0
-214.38623801786918,541.7526266779993,5.390111936378941,0.9891396619475666,0.6944118887562171,2.0
444.4703524220246,359.44354896816856,4.750870462332834,0.9898507274719026,0.7198052085345045,2.0
519.7286413868325,306.58011714754406,7.855524407325379,0.9937837589036284,0.7970451886040255,0.0
-171.82799749383457,565.6894094150156,6.37441493653071,0.9913969560398623,0.7259443164841715,2.0
552.3987950573152,164.51194592882217,6.698778900704104,0.9898461267384953,0.6900399254823166,2.0
-484.4806366270569,-357.0846282615757,7.0244626738749725,0.9964564729632656,0.8856848584002585,0.0
-444.67075042782886,356.8703961596855,7.2596422851418785,0.9940889218598707,0.6962182881939234,2.0
-548.5210527341211,-212.32994415667056,7.657162552279101,0.9920118706185956,0.7803449921391388,0.0
-109.7355016293835,-477.058628750168,4.992063056133282,0.9834269640835887,0.6083232519496825,2.0
210.39618096675468,-564.4885037883288,6.323993648521182,0.9786900928485551,0.5960385594059543,2.0
242.568619483622,518.4225228772152,5.600817757150056,0.9760135932508145,0.5587576724521879,2.0
-336.6485892976397,-457.1054109573847,5.073581188591657,0.9836630311199932,0.6090288835591685,2.0
-44.516029216185494,-583.2389219229799,5.08618736650362,0.9920301490457849,0.6966505188862129,2.0
10.959766250138065,-578.8236488046758,4.462367043515079,0.9845678710393727,0.6688273831774029,2.0
-278.79918217865503,-530.9289658078311,5.268238428367177,0.9898563789464623,0.8182030432548194,0.0
-160.7608068661476,-543.6030450214392,5.624011274387999,0.9866433774340957,0.637751945213994,2.0
-389.56022142964065,-443.06352897228317,6.032929550766531,0.9905677425300056,0.7929545111478008,0.0
410.46877323474445,-445.2516535732367,5.319986013243311,0.9901454492545444,0.8198851375974023,0.0
108.88885760933495,556.7739764961091,6.030269567964827,0.990324073080032,0.718078568982041,2.0
64.03041061783306,576.0774066965494,7.277688765766691,0.9866774889334279,0.6347248076172427,2.0
482.5157608238156,286.0199076484489,4.848465745481354,0.97721258246181,0.5737571256607179,2.0
204.8396089921637,530.7333449133677,5.662174015893059,0.986156007008931,0.7392241858089772,0.0
577.8064037226505,-110.53312125507905,4.940729651416594,0.9647761803138007,0.6026225665180553,2.0
-488.2348581922959,-328.967260935396,7.410732234794677,0.9927763431258494,0.7086360761165931,2.0
522.1553705754936,-265.8714083426416,4.944506665515556,0.9679988023697552,0.5814946937515529,2.0
-231.79384737028045,-530.8633204822877,6.2183228655519756,0.9862020373503226,0.6312211449680404,2.0
589.0206571300938,76.54918286347461,8.201716642684879,0.9979597428061261,0.8946706304480813,0.0
-530.5030275847909,-160.3526705991787,4.7486706158452145,0.9765532508755549,0.6304622715821587,2.0
606.7324917827482,-97.34673010856854,6.257401898179408,0.9947621085655401,0.8556439251778937,0.0
368.2864752335174,428.76913679711987,5.606151059592805,0.9780911831567346,0.6112800124032463,2.0
425.81368645274637,416.6376723943229,6.550190921417086,0.9925119476260243,0.7866986622815577,0.0
-275.09210829143944,508.3547956582234,6.688865007999611,0.9911032442553707,0.682054261514808,2.0
521.6197933622003,-283.50571506734946,7.1944002052112035,0.9935905166876328,0.6803448598449179,2.0
-399.2525602398814,330.7867473295352,4.501687522762456,0.9789837079564846,0.6438455434797911,2.0
-441.5789400936143,303.0001999955698,5.328901169590582,0.9785856735589624,0.5767892068067143,2.0
445.2797553080344,-359.5929796275764,4.639464258486669,0.983272278828936,0.7244220179280053,2.0
-528.6682115041159,239.494677418158,5.133453024033222,0.9869508939640672,0.7435421654918762,0.0
-489.83869722482297,322.7427347443938,6.918975250222689,0.9845740883834307,0.6364714915842186,2.0
-334.23709202246266,466.4851603702141,6.187379470970729,0.9897997272652165,0.6858126577053812,2.0
-574.1074674023882,-10.18811324938509,6.424608870641365,0.9844391111345336,0.6796398828070987,2.0
298.4789011188934,-490.02971730721674,5.36954102976261,0.9746245115464612,0.6107527407897679,2.0
546.1201519703742,-211.23969408347696,5.819390112634459,0.9826238250680402,0.6572889133386057,2.0
-512.1824332122384,-277.7315056705399,5.221307954357192,0.9792183370405708,0.6383685152364302,2.0
-403.8410329219752,-344.1081375244254,5.108632124935117,0.9863389179820217,0.6827545698962187,2.0
-247.20232116379557,-495.94210477737687,5.750880186037318,0.987665532547269,0.7152434060720737,2.0
168.5297711414643,-562.9999546768651,6.440372090038344,0.963972607707748,0.49734209163442267,2.0
85.95260736776781,572.7046242810794,5.085372592612592,0.9733591886407283,0.6033114378118148,2.0
567.1538732793455,-42.18743165768513,5.599604522797745,0.9883778633298681,0.6556183348875295,2.0
394.60919706609553,415.16830112351477,6.2460366866038335,0.9846264083236025,0.6523734886974693,2.0
568.0345021630034,108.36728016521181,4.377759806592999,0.9880867516397016,0.6989896138058022,2.0
-477.10737940971114,-279.10530859119507,5.540908261118289,0.9873236377882362,0.6912333350397494,2.0
141.36301373206493,-554.2426836648813,5.986811953224002,0.9685678427238302,0.45828439635089213,2.0
576.2803682134139,-6.770441504861284,4.618617229449429,0.9806146865865287,0.6202544499799348,2.0
553.8544559730128,100.21532401824733,5.092069986774177,0.9824199359025338,0.6575335102189904,2.0
-525.299583375091,-259.66977230564464,5.9231232832036405,0.9829812376160365,0.6110196851571288,2.0
-443.34790826551904,384.4047761834113,6.285633069965652,0.993055823659938,0.7961825509528981,0.0
489.6434332964307,338.64034640308967,6.464091597253941,0.9902273475060547,0.6903147466868879,2.0
357.6508170888934,-469.62501943154865,6.633508184619551,0.9863427376447083,0.64924499370827,2.0
-568.6559352533367,-170.3559096495813,6.120849095973285,0.9779031924777104,0.6280562855417584,2.0
146.83319896420173,-564.9496497849764,6.585377229083936,0.9728707823734896,0.5440073514857642,2.0
253.04588108662315,-523.9001467608468,6.41371295853805,0.9781445111760954,0.5136405602528569,2.0
321.22645934368256,-496.3986636051897,6.480922291424841,0.9853923144363141,0.6338421636690378,2.0
322.0616229250878,493.2351470259033,6.5305626721502765,0.9923548068557657,0.720214648326035,2.0
527.3715111158723,231.71271003773515,5.53594108248681,0.9853105031421207,0.6861640792017035,2.0
-392.0712307201919,400.3487752250165,6.960192878228841,0.9829348451070125,0.5561921892198524,2.0
-525.5944436779283,-167.54330906753424,4.435069861599749,0.9611325583281449,0.5513162604522424,2.0
461.6316218508286,-406.3962625655448,5.942525446426656,0.9903987982027093,0.7214871605005868,2.0
453.54975853943847,-365.6606008457632,5.83947599554417,0.9907270703852126,0.6805604881561111,2.0
203.32011124482185,-594.0255840452843,6.992360206139173,0.9939518784572163,0.8474033906742585,0.0
-494.9869799701321,-343.82831225097226,7.380677895499613,0.9966221990685383,0.8736258490005196,0.0
-555.4005525762379,-137.0691674243139,5.4251073890951815,0.9843772036695739,0.6206676572540946,2.0
-575.2634765034808,-116.51060346379323,7.039592869301543,0.9842622003076468,0.5996342072247115,2.0
-392.0056442708387,-410.69253629987526,5.928206003490335,0.980709581750066,0.5893937591756744,2.0
-126.24871956070815,-560.9152022649993,4.674126156118777,0.9658613142177946,0.5022456808514155,2.0
508.21854189107825,-145.77793357229976,3.440250327794731,0.9786774756991031,0.636120278718157,2.0
4.682243042058225,-570.5908411828736,6.202630001339198,0.9873214865294963,0.6460750493647148,2.0
590.2876069027386,8.200389835935498,6.662943258297925,0.9896538391681736,0.6706787100846585,2.0
466.802531347344,346.9874304154054,7.612585205209766,0.9855862624109863,0.6304289806559057,2.0
-571.4385159102992,154.39052199609182,4.885600172399033,0.9720279049351177,0.6017386954231281,2.0
-380.6860567310343,-413.9278228987105,6.285638538080681,0.9807454227913434,0.5403717921813668,2.0
62.345700057426434,562.9705902102402,6.306677565144389,0.9839800699815304,0.6142443262828001,2.0
400.86103071622153,459.62866437311635,5.327365748909223,0.9936474426715001,0.8456602980976814,0.0
-476.5145664578986,335.1137111700489,4.671332244889281,0.9669229993035381,0.5777704365616112,2.0
479.61971799638576,-344.71118793261996,7.006954510177621,0.9875587946689252,0.6516842141097876,2.0
-107.8815042105472,576.0750668772363,5.407294424689269,0.9825061823683232,0.6539227069355872,2.0
-202.2744771433007,-536.4956299877251,4.776563915286141,0.9750707467309161,0.5521953216357932,2.0
-160.58921303098572,564.2384718980404,4.948486629991422,0.9807890699468539,0.6598747821823355,2.0
-412.88997416048903,385.6954679990306,4.725757498727969,0.9825243614898825,0.6820298218111828,2.0
473.69339852578224,288.6502963251428,4.657079659460475,0.989505553254364,0.7126024663419459,2.0
163.40279722589702,-572.9246804171833,5.2794386410179,0.9754691849004218,0.6249884105735587,2.0
-362.8649216167424,458.7167292337702,6.814348519692233,0.9847919176151635,0.7274272895218595,0.0
-450.28473530079833,-347.86635960722333,5.918344667472997,0.9847635549746542,0.6713040318283755,2.0
-595.3273029228521,69.72018614352122,6.259521522914469,0.9863824455468774,0.7602506601265837,0.0
-598.6681407571539,-75.53470656060364,5.914501498271943,0.9892138990543051,0.7566608093091961,0.0
-150.7486331853231,-559.8842000904052,5.162033735811013,0.9847946027017513,0.7273413332728171,0.0
-267.8625388259551,-496.414751888379,6.42309977001313,0.9920427252188387,0.6700386770780211,2.0
-475.06784686450305,-348.9491725675404,5.571552158373233,0.9943548786301664,0.8103487029557506,0.0
226.93194465721817,-555.0175249974196,5.736951697300486,0.9837750854726651,0.724122271518969,2.0
-372.60128245860295,429.9447429001476,5.53344206620468,0.9795977660766677,0.586324333788539,2.0
-185.0971632716945,-571.0921615158044,6.110032532372185,0.9877855964167517,0.7467675684937469,0.0
-410.30004938783685,422.886926322852,6.000349777976453,0.9847678633651327,0.7300320052425082,0.0
-574.7768210672854,49.09900960504269,5.399281411226554,0.9813570956611962,0.6549850052293629,2.0
-584.3459283662642,42.43284626607607,6.668032746955137,0.9912616722395801,0.7348269088196535,0.0
-573.5640169909642,192.50691676109986,5.783329278617772,0.985541196105373,0.7081250319821958,2.0
176.24403636156026,558.3812660527269,6.215613269815918,0.9911923325831683,0.7271487492670387,0.0
273.9021906007096,-513.9589625866287,5.163710075583493,0.9901077536732785,0.6961848172785161,2.0
596.4135227038945,-48.91432165985595,6.381999249340009,0.9919630653612674,0.7336375709783234,0.0
-500.5034664076381,284.81458711560117,5.445668405194981,0.9907462269075832,0.7260527160522561,2.0
-293.14057106071664,-493.2315218534163,6.5909609327240375,0.9892147316096669,0.6239538905479174,2.0
375.94779433496785,-450.1130578662823,4.674402047889444,0.9677122281905188,0.5842966982278841,2.0
310.7868767220869,-500.3094973675336,5.158813162285592,0.9778981931060161,0.5868408596337503,2.0
507.1955760357439,-312.3928924492809,7.143929529626785,0.9868842253285321,0.6373468576001352,2.0
-81.82733125249536,-549.646146007156,5.4250395111808505,0.9874454740887221,0.6505963245916203,2.0
-464.2722417864207,371.5919393162195,8.604661157030279,0.9957468634867581,0.8461809722260499,0.0
-568.3037021532019,-192.98791382904932,5.461311023888222,0.9874177415516093,0.6997000733283201,2.0
410.84646855403804,-417.4018343031243,5.639457352294,0.9755373964037923,0.5586120314155726,2.0
178.93685387905822,-565.244777846411,5.246050024768735,0.9508508470625504,0.6056796326623288,2.0
231.91395900720843,510.4405415756305,4.361139038252854,0.9891179282719597,0.7070125496954675,2.0
-563.6441228818466,197.11317345377358,5.210851140857129,0.98895942507811,0.724979785851277,2.0
-249.45676813571836,-540.3463180467506,6.641413203738649,0.9956086726747828,0.8619968005969472,0.0
-598.9996988685881,37.08769890022129,7.676469091529175,0.993226507333473,0.8639179631738301,0.0
500.2025393543317,286.6727278367544,5.841112371990167,0.9718914396323749,0.5956928364606241,2.0
-75.53784621413759,-574.5269420351746,6.850834102327254,0.989640182268729,0.6700519794138199,2.0
15.398878005885624,601.9814849366429,6.517644887049756,0.9913820835483084,0.7311122308205731,0.0
441.193202853158,396.36803623512793,5.641189436433153,0.9849634219843629,0.728482926776047,0.0
206.1600061685937,-544.4628152550245,5.832248148587022,0.9867924703541011,0.6562723842889696,2.0
474.45126711536494,323.59715571095967,6.69647625633159,0.9895710334132976,0.6684325238400646,2.0
-5.450741924463439,-592.6271336685055,5.499962856323551,0.9829938942003509,0.60390972547261,2.0
20.339033324286248,587.0430264873386,5.043085016009731,0.9871383919041667,0.6933763422347113,2.0
558.1078588428007,-178.2035071384203,5.375055403090519,0.9815382736169896,0.6606825262401881,2.0
207.6218189886971,507.91672194235815,4.790199289718182,0.9789553592201277,0.634079390679707,2.0
575.7291809126743,-70.74436098097772,4.980764378539383,0.9675663319155392,0.576606499568912,2.0
-577.0736467579153,33.55401403371112,4.984567465599095,0.9889581734637869,0.7135578723508312,2.0
-414.5424632775751,-362.81413776350206,4.549963799161347,0.9823861007551978,0.6564094160391909,2.0
571.2578295464873,157.31487773229102,5.311564648479044,0.9765929245858749,0.567757578481613,2.0
385.12501349644043,-455.3399651571247,6.1701200878739035,0.9888004624864924,0.7035817620017716,2.0
437.0997056078288,-388.7955177240154,5.3048167169089435,0.9810654810668538,0.6117181309844756,2.0
152.3026453725855,-554.2436701710752,5.420990859968691,0.9855262891003385,0.6814761473188128,2.0
-285.31411360551135,480.7341591915119,5.185200288686792,0.9885735018932503,0.699114547583538,2.0
614.5120018776756,-79.50481392414648,6.838495727831715,0.9944773928908134,0.8518925842606726,0.0
-539.6165008013829,-172.95353530767173,5.182722904695093,0.9855451466113061,0.6836880300683762,2.0
-24.956402264609576,-599.2233127148132,5.291340710708151,0.9832584714679117,0.7871427345339383,0.0
149.3744617342467,545.9578332647411,5.365790008474458,0.9821882849621433,0.6571699287113251,2.0
191.0112428833026,-534.0146999459976,4.777390217921816,0.9908009362293927,0.7263969227556143,2.0
203.93650457390052,-555.1274024882779,5.5169368228873985,0.9704870954688701,0.5921185849666043,2.0
-55.05825074346644,591.8747043320458,7.474441906363955,0.990065458113156,0.763573999131274,0.0
-491.9937302344482,278.4442903715306,5.327779475124754,0.9878682119395947,0.7089324543766483,2.0
-136.10488411572408,571.2835045801129,4.826709454593246,0.9799880517234394,0.6415680735980075,2.0
565.9029704677895,-128.42788806107603,5.271812426914485,0.9789963824980057,0.6619766847958635,2.0
533.975962839299,198.1085987778537,5.0536086993771825,0.967017451141969,0.5191880590028267,2.0
214.82800074207006,-540.1735078540479,4.198742480698279,0.9765264155285178,0.6193055351443351,2.0
32.14850540946392,-586.545562341994,5.753545992839602,0.9815750671609066,0.7194690569152992,2.0
45.34670636434273,-572.5421018377443,5.145857925059664,0.9820374794094529,0.7168524480560707,2.0
-200.64574985449232,-526.6991542429213,5.457092937707356,0.9918650081884894,0.7047676643540751,2.0
104.91087512865441,-432.8380747634319,4.744142627748712,0.9742778064516475,0.677000329583291,2.0
51.02463429415032,-564.5060336059968,5.264815310877246,0.977724801940785,0.6266100786574373,2.0
-97.50176070451812,-567.6518983576158,6.754477357669156,0.9913084713975272,0.7064459316110877,2.0
578.8532246687928,165.2932547294696,6.142180869463966,0.9945322324412627,0.8522710291056229,0.0
-511.58923072006166,-314.87577434091173,5.199428723106882,0.9836373835527377,0.7239492839417675,2.0
-433.47605691229734,355.0429598163652,4.303611094190379,0.9794762387566746,0.5798392529377346,2.0
-505.3670721079378,307.42530892757344,4.499400284554475,0.9772021463504852,0.6936055938336217,2.0
-166.09700915144538,556.5042819581057,4.818178756662513,0.9756950643349169,0.55429945994194,2.0
-252.3404201909545,-520.777654372088,5.9826976385408965,0.9933251667805717,0.8424293863566423,0.0
-457.0974334192563,-322.2572131874279,5.474896448870605,0.9838776932471457,0.6669740268225263,2.0
312.74414100427566,525.1936585055432,5.968065194578361,0.9980763687182073,0.9339203693070833,0.0
-175.717500217847,554.3138922674492,5.4365860259923275,0.9874580738942758,0.6925713851215719,2.0
90.32488363399032,554.6290009814124,5.147723293087888,0.9740286866931592,0.6137191998113793,2.0
-56.104850301711075,-598.6766467137652,5.638297999265759,0.9884452659070757,0.7595541072943945,0.0
-501.80449343576134,-305.9547150413822,6.455698815494015,0.9872947750056704,0.6916912805960056,2.0
-206.44822244753624,-510.4631670339785,4.529594094636271,0.9677653611823287,0.5120732705282668,2.0
194.32378809469543,-556.0408729945461,4.8954008099368185,0.9551006973499353,0.5384167649527284,2.0
-557.088858665519,-183.51157315165722,4.679355992482852,0.9784387111391295,0.6129275519777736,2.0
-305.5096292545585,463.96928923992675,5.455127920248696,0.9879969430100901,0.6191777538660838,2.0
595.3360015669513,107.04340104326398,5.593149141710566,0.9890016378337249,0.813295409164597,0.0
106.10600986218547,-598.0368983115766,6.145279895666536,0.9845928817641164,0.6679575851088421,2.0
-538.3752413024664,-262.1128512280388,7.565499703134659,0.994403027409672,0.735613449429219,0.0
515.6297676096395,283.7219304172296,5.954368204195539,0.9899325714606969,0.7204059524018155,2.0
-98.98387115309255,-531.7280573379742,5.371733174997837,0.9838064766168753,0.7234905427252017,2.0
-566.3975886455106,-139.37900615908316,6.100662306789852,0.9888124514742248,0.6587435312604122,2.0
582.448544234212,28.466880447027744,5.088010284791234,0.9864795184933268,0.6890880188727979,2.0
-489.0050006081586,-315.33423204080594,6.515261958086367,0.9824767405545491,0.6203789412220465,2.0
141.80618662158457,-537.0266508985425,4.844408690039171,0.9874320732235384,0.6984574203442602,2.0
137.48822370685403,-544.9152229827845,4.447602447811498,0.9775406632106236,0.5679111600357732,2.0
39.332350228275814,565.2543346485459,4.549773106529705,0.9828969225687078,0.7195101326886725,2.0
-432.9300490463177,-386.5214373649605,7.441885247175748,0.9822479543820783,0.5455085825181339,2.0
338.6792067313602,480.0190720997114,6.202893621791107,0.9796903339989581,0.5945040683311857,2.0
-52.90569692486568,-576.9816911257074,5.577382592677966,0.9866348794252918,0.6361748843155837,2.0
-221.19364727865982,-544.2545918232466,6.050219489423645,0.9843523584920026,0.6694510978606177,2.0
-283.63620785560045,491.7669834899373,4.8130950883507095,0.9655223750512392,0.5741648982674796,2.0
-135.47833175841387,-562.5747532776641,5.175442825133177,0.9737869367971571,0.5507903959887893,2.0
-587.1498274838167,-41.86458792981786,5.871782845439901,0.9854947399609281,0.6925991274401404,2.0
-563.7826336691928,-120.38808694978982,5.456190060336462,0.9727241978805281,0.5387748561999004,2.0
343.5495608900108,506.9172222247806,5.740246487160055,0.9910216223025712,0.7714719648518664,0.0
-517.977202605653,255.6733139673546,4.543991512511992,0.9776915375165923,0.6398076846644963,2.0
-528.7172731595601,-195.36030209671165,6.818488496337045,0.9793020868000099,0.5838139032271595,2.0
586.1918796497458,-5.499887593279971,5.509872187662657,0.9891130620688514,0.7136236862316414,2.0
262.6535190320779,-532.2829666476599,6.732100996854343,0.987366600639695,0.6552241307573402,2.0
-81.47381745688924,576.3441773886134,5.221349060103657,0.983664443151123,0.721521446843918,2.0
-566.9590747625386,236.3385439134782,5.376187335872283,0.9929876884488055,0.7900079024775576,0.0
-444.4224481318421,-358.6226152087794,6.085637486233091,0.9785607221344585,0.6309522736566986,2.0
-12.041860625001751,-616.7991197215239,7.245556062100244,0.99407938185306,0.8167136324159021,0.0
571.0529134828828,-12.846947022893433,3.772135932715396,0.9691486542623525,0.5929284441604512,2.0
-532.3348705783521,-249.0054741549282,7.310679716941577,0.9850213417595637,0.6269664838705725,2.0
-588.4422649303563,-53.719058468339746,6.5927210222219665,0.9840158463070349,0.6841056948659903,2.0
-547.0796274624256,180.2768702397578,3.7591897593963695,0.9732416095778302,0.672579017254886,2.0
106.97154399485375,-582.5476310582686,6.788395557676846,0.9895453463666729,0.7128399929020299,2.0
421.6562411558186,-402.7028126564187,5.618323218443524,0.9695274226113767,0.5870825606978219,2.0
-35.31913053097786,-602.5553577924726,5.549699916526517,0.9879553035173917,0.8105854943842469,0.0
-565.1033169698196,-110.55483009481289,4.849014728321424,0.9833383283216575,0.644966993425409,2.0
536.5310827592268,-256.57354110136157,8.36511221963056,0.9968576653417431,0.7564706378227661,0.0
344.6955934026924,-510.0568163803883,4.3521197934073035,0.9940843698473388,0.904383032461208,0.0
452.4294325092111,-410.3367482607543,4.44055314952106,0.9791780671269606,0.7026532415474507,2.0
458.56623379391425,-333.4722835464977,4.603455571506674,0.9766941068032708,0.6464185565674044,2.0
-117.72744195717726,603.8915640355733,7.44783739124331,0.9976700976180274,0.9296045720016975,0.0
186.74945406080622,553.1720850315651,5.905034896193779,0.9848312637992856,0.7294048919775231,0.0
-588.5775411487549,-10.332907428595,6.209947544804436,0.972688813364909,0.639030919353602,2.0
453.79110902918745,356.4582564462942,4.28581522993016,0.9830685021210648,0.7185636702283218,2.0
-72.50418399921323,585.9925186724985,5.0316719097606715,0.9821708574262711,0.6523573240039693,2.0
566.7783299134234,-92.39145766127726,5.208110162780048,0.9889512538911922,0.7123134546388227,2.0
-579.8060340268333,125.93625481424881,5.656421460690335,0.9820921792258648,0.7125337060422243,2.0
-340.8341434159116,-475.60944551110407,7.0965908656409935,0.9982427501572678,0.8999424919389682,0.0
230.6145112440364,-570.4782574889833,6.78993274177514,0.9938272042961734,0.7979800323188075,0.0
-429.4654376031925,-355.40840682080074,5.508305966965494,0.9801154614907751,0.6400018651231725,2.0
-486.0921028950703,300.5672708044474,6.110523862152326,0.9881533314008217,0.6580275089492654,2.0
-457.4450645335536,355.40495669870126,5.836152297514546,0.9825827130838211,0.601282642858074,2.0
227.88187321718115,527.6971370432589,5.273826721153606,0.9729014375678702,0.5568216796850846,2.0
-420.82451914300043,394.9802159876138,7.538082805095584,0.9900545295427057,0.796891567666318,0.0
278.4195596409064,-506.1853405019492,4.067559328354562,0.9832966653254576,0.6610154660145532,2.0
-116.2384044473031,-540.5717018156777,5.2587102383884385,0.9776469541039451,0.6255283749472295,2.0
410.78448705319164,389.815599453209,6.2387164693941815,0.9875248823989399,0.6802330420548525,2.0
268.4047390549315,526.8777663938981,5.8697034716778225,0.9932027725450417,0.7138093772520532,2.0
-325.80098346235474,-457.43186173562975,6.130245480484453,0.9820581924587275,0.6002146566663621,2.0
-409.44190727690216,-400.8601881228864,4.961505357815245,0.9782658962000695,0.5710039341195307,2.0
-440.3065669138566,-375.5395246283183,6.310589959137424,0.9843028803133008,0.6382376333274324,2.0
-318.17591146529713,481.2325088847628,5.404060616799926,0.9748066884996197,0.6272460535613491,2.0
506.6192820726942,305.67670152730113,5.704886573240406,0.9758160441352991,0.5559216840282416,2.0
-268.65502136950823,479.01394084498435,5.459737394599924,0.9726482657842339,0.5413348902203082,2.0
57.0451457014263,-594.7078867696488,7.02051730767906,0.9873903554889762,0.7474943369839876,0.0
-573.1681976104185,205.37518087264542,7.655547674921974,0.9884494298356472,0.7055491695211039,2.0
559.2406828006518,228.10698051655058,5.742584027466164,0.9974373401139379,0.8860774902203761,0.0
123.42501010500735,-570.8131090290807,5.305403155356859,0.9649826068229606,0.5759631184535149,2.0
295.01107437945495,-540.402216182943,6.919006219015718,0.9959127650268772,0.8652324419251276,0.0
-372.85351914466077,466.8365488629808,6.647352851659823,0.9906753696659607,0.8234952964749704,0.0
-579.3973939232641,-48.08051886843726,4.231437581997229,0.9868916626601916,0.6893758188384592,2.0
374.719593221211,-459.7175063289624,5.488077113970751,0.9768885637385808,0.5596942023228655,2.0
-212.20927343721905,531.7814955344296,5.190321087473719,0.9851012766751733,0.6724873486262473,2.0
529.6058880960843,243.54997779591696,6.633726360431669,0.9938456530381953,0.6959898913939359,2.0
133.68920791375135,551.479803242419,6.586210867829827,0.9899608782124474,0.6956990500381264,2.0
-528.6571424723207,-269.45583027900256,4.87623031819608,0.9795838765272099,0.6404284048683535,2.0
-453.2820628697628,364.46938468703325,4.57599020905004,0.9816941097684484,0.6714167294522503,2.0
207.14643910807933,543.8906519430185,7.635940099656019,0.9887840228334768,0.7566280633085567,0.0
85.06428810052778,-577.1266129154529,4.825394303171891,0.9830021923657863,0.6578429613426573,2.0
329.2009840182385,-507.62851746536256,7.540058007168465,0.9982709528138481,0.8995997849658763,0.0
569.4774403633107,128.58399554599492,5.038174551338949,0.9782873237781057,0.6310900978314625,2.0
-392.7471488998894,-400.0274886816655,5.270503323305298,0.9742789098072517,0.5503176767828671,2.0
581.4841561903055,-14.158710722130621,4.7450389230979475,0.9763410653503453,0.6205304798757612,2.0
-153.41987685065624,576.0909699391761,5.307399081546737,0.9929092031533332,0.7886594350275293,0.0
543.448555656678,264.3669619327339,6.846124353784763,0.9896928546640748,0.7650491788828526,0.0
536.6017362984014,-232.69553854564862,5.750809954934878,0.970549779085036,0.6121643930323075,2.0
208.07838454265703,-575.4516960767361,5.0739912256580535,0.980098022594826,0.6081939927527807,2.0
531.8859168926388,139.44979559585664,6.028292511357296,0.9894831502131745,0.7097252064917998,2.0
-151.1415756851448,562.8396960561153,4.780503183032049,0.9863539662341021,0.694087841478347,2.0
-592.2232496295057,-93.93621911797476,4.434979315082953,0.9787089324915564,0.6967314030703794,2.0
484.9562945449082,361.54767933753914,6.980875106008897,0.9930183984431131,0.8051221699148634,0.0
-547.4883741366566,-72.03838442213767,4.483059676901117,0.9670102057377424,0.5318162920530919,2.0
-290.8223938224699,-513.7466112518648,6.697368800530745,0.9887474319718518,0.754040106212181,0.0
488.7311930266887,-324.4053389407732,5.59174400471125,0.9888850385253369,0.7085801499156602,2.0
358.1371115902023,453.93243851957703,5.396554623431913,0.9782456166373292,0.6959206003642587,2.0
-85.87392630801615,-601.3260561997889,5.134343964723781,0.983204058052251,0.8659174329398106,0.0
19.178129948741983,-582.4634239907933,4.791314825049889,0.9886904719289065,0.7190325140072997,2.0
402.760419376897,-434.0867293777475,5.528252746769623,0.9788677260467146,0.7690925162307112,0.0
-513.6340036955679,272.74439037387134,4.533770849932,0.9733452529132421,0.6075769921795502,2.0
-520.6536993847171,-240.78783602307468,5.3778664547658375,0.9802907302231519,0.6484450414432452,2.0
-568.0135503032847,165.50614201325467,7.229531522667285,0.9891429899174857,0.7045057546344683,2.0
566.0445417176483,-200.0042345230322,5.806094470546876,0.9873408018589652,0.664245793810581,2.0
278.79382035873687,530.2220969607731,5.296200783985598,0.9828657214050533,0.6063053691010104,2.0
-545.7021916990079,-250.32984013136007,6.515244548952987,0.9883465331295814,0.7031944563148408,2.0
-470.3764798258825,313.543991346384,5.442652646217919,0.9857617789563432,0.6271191062395227,2.0
-596.9860100315299,-146.02375613953933,6.85682338078203,0.9974980806603585,0.9279307539939876,0.0
433.4737604989154,379.58404666146424,4.548859529645202,0.9825743934283452,0.6671425373635637,2.0
-252.76545758218853,534.4159344748685,5.721286209637167,0.9908364809815418,0.7246183746032383,2.0
-568.1007715528052,-211.0962396084655,6.132289401155656,0.9973477869715751,0.9265310200681515,0.0
-400.7250302256005,430.62402533527495,6.9147515717261445,0.9908749878477792,0.7782938387164839,0.0
-559.2415927849574,174.48065201527297,5.802071829595066,0.9843711866331254,0.7251471612409177,2.0
497.33384494399746,312.0213812736742,6.039663557466804,0.9846223580037666,0.6730460735037623,2.0
405.107076254257,409.9182265284981,5.674695171821735,0.9858255707316396,0.628648175067844,2.0
531.7842944737762,-269.85382359275155,6.0408064948635625,0.9821885369735441,0.6532377193390303,2.0
430.2441708230485,400.86403000170253,5.955179736870341,0.9908058259597539,0.7236243448472746,2.0
273.5950210290144,-525.6659684588558,6.594720339925014,0.9858102357113282,0.6574759363215991,2.0
-568.9443681872827,-150.31656706062768,5.479412217299705,0.9847105019180434,0.6860338189839483,2.0
-454.08343531286505,-331.5731213267065,4.800102645175531,0.9639014330994281,0.49455371862863823,2.0
579.4714428289866,-168.02985965673204,6.86792363828761,0.9913591991523901,0.7289020018937069,0.0
291.35118127909374,514.1769970662558,5.581632364781973,0.9752708045478151,0.5582033510985969,2.0
516.2274848090227,-324.8934365817543,7.002357095858083,0.9905051400773995,0.7181190602987659,2.0
384.72035836332645,418.9720346817422,4.889104665691959,0.9617493267004377,0.4925067674882505,2.0
281.31075339308137,519.3155637296612,6.333833304169916,0.9849691123839595,0.6871194681523022,2.0
-500.605258378263,-235.5600327141354,5.2158778126915735,0.9748969429031992,0.6143646352283988,2.0
150.89217368050663,-537.2629737744383,4.410897811087178,0.9754604555326194,0.5930475680552018,2.0
411.3508808650023,-406.298773833819,5.81659676925764,0.9741303305460143,0.48854481056767357,2.0
567.9341035682244,-160.72557516185606,7.22106856622458,0.981667415847207,0.5973177904476819,2.0
-18.484300003245973,573.5761389913101,5.628895141732454,0.98467892779149,0.7255730906650483,2.0
-262.5826798595268,528.4186123705035,6.080395905548109,0.983159217454837,0.6633879530215245,2.0
555.7636189319988,186.7024635952758,5.958234538786902,0.9787144598252633,0.6067304417441374,2.0
-520.9302650659398,-230.85667444076375,5.0734863405918755,0.9580123647591291,0.4663938251196275,2.0
-230.36712739358293,-552.4524750213042,6.660483029500827,0.9944839784175072,0.8512546732906544,0.0
-579.8061954328546,-166.8193081499639,6.178999500529673,0.9892257966704896,0.815233453093485,0.0
-596.7154575642287,54.66290133571948,7.119064727898204,0.9986206376303555,0.9408028483479213,0.0
-520.5018531678627,130.88651691893767,5.021607279410839,0.9750032132075208,0.6112370876468108,2.0
7.443052893119227,578.988662741177,6.81812939794199,0.9878283238147905,0.6534751227088483,2.0
594.8922259481031,35.18041508346099,7.900353543890391,0.9892707686798491,0.7569130840998193,0.0
-550.8663844863348,239.22410188664077,4.3072740921260495,0.9826318226143528,0.6637278391522893,2.0
-117.3695937572577,578.0007879216306,4.704914173286394,0.9681983034098797,0.5153808660345623,2.0
497.1277197373982,-335.0402666002324,6.2216104364391,0.9881365261313497,0.7510636249766146,0.0
-568.0176038160197,143.65018254972344,6.933714580251352,0.9850978781625063,0.6290830583839921,2.0
105.30345565584948,568.0624337400235,5.551725799835411,0.990349458833983,0.724515038941362,2.0
-276.5804990847375,531.9071683627207,5.332395158844913,0.9923257139111873,0.8389340140559749,0.0
-309.7890850862687,-487.21149994297224,5.726859154935982,0.9866308330251757,0.6857708383057024,2.0
-455.5285791425971,323.92045063465025,4.3355267458161375,0.9873816564683031,0.7024530047810931,2.0
-543.0993757347934,212.16417232841846,4.877180306675664,0.9747286091204599,0.6104071838510092,2.0
-322.97641295959284,465.3606126983843,5.191656932932376,0.978285876412553,0.5978176029857819,2.0
405.8694975305413,399.5862419667957,5.048555818233836,0.9713317648640469,0.5316757177595887,2.0
-299.1931107161481,-482.57890634327833,6.123842135758974,0.9853458434985777,0.626607041594986,2.0
-572.5078643618684,87.25161093957865,6.862440543500604,0.9826879390458699,0.5572346508162529,2.0
576.2041285009573,-131.58326667186577,5.6110099162135265,0.9899391171116301,0.7254919879306388,2.0
-520.5144567630642,-250.50150622838186,4.900740824758682,0.9686636263700807,0.5187856247987338,2.0
514.3977873446723,-303.0371635517989,5.093195392016771,0.9835168580200595,0.6248089549317722,2.0
-275.4753621349258,-516.596556917159,7.565738413130358,0.9983643282166365,0.9016783379418472,0.0
-589.3755957184155,154.84772839223214,6.29255983999843,0.9911245880416654,0.7720333722090851,0.0
35.72894261406245,-573.8527357805694,4.875868687167987,0.9826541041596466,0.6000379258847061,2.0
580.0803569660897,14.333327409383678,5.425131551729909,0.9871432009969725,0.699023229959175,2.0
-584.8774563420391,-126.50588899504005,7.356527766410685,0.9848170550618501,0.6713488547370361,2.0
549.6171078010466,-102.21136897553971,6.164299283389633,0.9851263742539235,0.6929727589400523,2.0
589.5674903933758,47.976373814211506,6.5481866445366945,0.9795598624005222,0.531064138940072,2.0
377.90266404448386,489.2717432861134,5.481875437999333,0.9970627213698778,0.9240173014460805,0.0
-92.01821855698373,-549.5289006140687,4.911256481307274,0.9835116752971111,0.6150317567729651,2.0
-445.3740280089986,-392.8897926577963,7.0914129637363414,0.9893147807637687,0.7252634804824837,2.0
393.5312491083447,-446.92094449330085,6.151697502005021,0.9824175898817246,0.6535386381057378,2.0
235.8630782525224,-549.6922830882667,5.22802570606196,0.9706939413356998,0.5300933329753714,2.0
597.4624257572777,-115.74383368799711,6.004156895917311,0.9916001891717391,0.8927993255800466,0.0
-199.42485725496616,-547.793415946388,7.273058552812709,0.9914357725063412,0.7289598757149532,0.0
-202.12001000913202,535.1002459062438,5.781813714937773,0.9890119323518811,0.7331240374648008,0.0
-117.54423569580251,-563.4824433331821,4.816672553590365,0.9858069481372844,0.6979215098359264,2.0
509.3486280401734,294.21074544112355,6.603752757947576,0.9848816264996839,0.6730213869443293,2.0
50.060524862641145,592.0680743074843,5.0974186872674565,0.9825468731520625,0.661087291070325,2.0
-401.7770598281906,-441.107416640852,6.4223981970022415,0.996965038792915,0.8957755583121141,0.0
540.9771774735949,-298.67579043203745,6.5991468911343985,0.9889464743515668,0.7630292348216353,0.0
100.5054232409618,577.0497097077483,4.80759592742452,0.9870878370554469,0.6929084124640422,2.0
452.2807153132578,365.990126738702,5.716448799264408,0.984701432953195,0.6188344411959107,2.0
-335.77501555984117,479.31374403294365,5.05487896178905,0.9841657309370941,0.727704769296451,0.0
-305.3974314585704,-512.0662991948152,7.1160505313294395,0.9988871894759055,0.9448660239463418,0.0
-109.6351119872398,-570.3608361799323,6.040780579543118,0.9877474993553272,0.650956393858506,2.0
-188.60499460990297,-556.5415640027207,5.913690199340959,0.9888007822139717,0.7100394909930721,2.0
-175.39311086931383,579.0122558468739,7.683927966560995,0.9933007438270877,0.7959321426218833,0.0
3.6067452097284325,599.9856722546679,5.894312270970656,0.9876329349560086,0.6942868186524175,2.0
218.496913963218,-492.71917765538984,3.773450176743583,0.96756985600229,0.5830509032897315,2.0
-517.5608747070617,246.29664880374534,5.31760944068101,0.9562908703587936,0.4644648544182137,2.0
-599.4203203892353,115.35011778098828,6.264995013749271,0.9944236890483549,0.8541204810480628,0.0
582.3609245468042,-99.17130080638732,6.902017799689223,0.9788455138179772,0.5867742004985353,2.0
70.05722474891743,-574.2014446275725,4.837437819566073,0.9847739209933846,0.6715227352147415,2.0
480.9752999275035,348.50633924352127,7.159234200252726,0.9866148914427676,0.6865827336879102,2.0
-196.04675519822746,566.0039568578113,7.558567984571075,0.9914759229895724,0.7503680116031046,0.0
-539.8181968292507,123.70139233559733,4.434930436623332,0.9815062222853552,0.7137625239325391,2.0
40.345165960091705,596.6105423347436,6.031242374302494,0.9904915201845939,0.727382744532108,0.0
188.19219368550964,564.5837588499726,6.1440949525349575,0.9904294811112219,0.8219583598518158,0.0
140.48781419423213,543.3241498753836,4.43393369931986,0.9705759149081645,0.5917758281763184,2.0
-91.79667506588898,591.0078791193274,5.205129788179707,0.9783724228708484,0.585693543058418,2.0
173.80035374225224,570.673673785655,6.54394373869874,0.9959486889047424,0.8253363148835702,0.0
375.5292336536227,435.3364548510729,4.553299231179553,0.9723652420692985,0.6023565465040417,2.0
75.25607999313497,588.6434378254104,6.396232884949733,0.9845246253259977,0.7388464329036382,0.0
-463.0218015487347,345.1308824294402,6.2915858405249105,0.9902496327319494,0.732790260804581,0.0
52.284616781615355,581.1458033578405,6.089801616591423,0.9866253928899034,0.6742164903178276,2.0
251.9516910737912,512.5880699725582,5.916442868064851,0.9831377368715077,0.625677867562662,2.0
-247.25018416476476,525.6092222901697,4.936853972147522,0.981809599123298,0.6519940097778288,2.0
-463.84135352992513,-349.26423777602224,5.541116643978375,0.9832844421078016,0.7199974575664636,2.0
602.2182222002559,5.0217094962877376,5.977139623901995,0.9908250222924119,0.7215045380829052,2.0
469.2457594031273,-191.4341194495971,5.738186688300829,0.9795341844139991,0.5933681024109614,2.0
-482.4731280713723,-297.79765454076534,5.04500412115634,0.977377427223531,0.5685899394933498,2.0
434.0113137350242,-438.0029832472726,4.942120167627175,0.9838150564901322,0.7894789020851567,0.0
-185.86381970647193,552.0734423046671,5.224209613623878,0.9745596567481917,0.5555381980440931,2.0
517.6005286428707,140.88196753813094,5.165532846500304,0.9711934492334374,0.6060420679248977,2.0
462.9183283928599,-381.9427604094932,4.739330819014056,0.9806476133021692,0.6469953762044661,2.0
-132.7006589466629,600.9670147278106,7.4591817045874125,0.9992007236769944,0.9505947162093673,0.0
549.3324693599413,-235.57415889407557,7.533073776933709,0.9964569144425022,0.8371929218042722,0.0
-229.77827324673032,559.5905724484069,4.692799216643954,0.9827830042551474,0.7858540911317436,0.0
-561.5243917377693,-69.01853922643132,4.649711080003081,0.9759800420110715,0.6202913956777727,2.0
141.86934553474646,-575.8920339918036,5.946657311593687,0.9812313691853443,0.7082933406926423,2.0
53.02154095984898,-582.0783244655788,6.599996457992381,0.9821057354785252,0.6550669686680404,2.0
-308.16945439386654,510.78802812612025,6.997355831921451,0.9979197261150349,0.8622633130509588,0.0
-434.50110504756043,364.7453964533946,5.798528137988474,0.990123036751647,0.6613222734741596,2.0
-597.2836449323092,-33.875225279221766,5.123393901260619,0.9957475400997121,0.8644980333664783,0.0
118.25606948516422,-604.6748441164643,8.102891510285087,0.9956387585007355,0.8513340876586456,0.0
555.7999858463004,-214.13304650449464,4.63490798362176,0.9844209222308827,0.7251935404420963,2.0
-139.25834108288896,-536.8320745100337,4.826980997596863,0.9727669677586833,0.6093944683816997,2.0
-28.3237562219217,607.009611391423,5.2543206117136885,0.9806862175481388,0.7072654709431919,2.0
543.4870207801854,-269.19070336850774,6.180666569298917,0.9884062675333026,0.7076787916575347,2.0
238.7069136437407,529.1154418802766,6.283823242261802,0.9797286379334914,0.5825771654409689,2.0
-521.8479840762384,285.5872251030675,6.053332035207692,0.9931523133716696,0.8401823741221165,0.0
-375.012368147622,452.0672214615316,7.5669266594442455,0.9935648360818741,0.7981136868442559,0.0
-451.07538292444343,-369.0431951576788,6.68168608347315,0.9870024590070557,0.6375747796357497,2.0
251.64977791485626,-534.6320094029123,4.871156452299116,0.9764469465939688,0.623547752297295,2.0
-205.3249838772224,557.5634700364249,5.584261640077042,0.9704035407102141,0.5312773220608209,2.0
-141.16389060215198,588.1268438033067,4.924149602258988,0.9909464617469814,0.7246211049669238,2.0
613.4080557388613,46.62919854377352,6.507168168212883,0.9968432774513418,0.922192909062106,0.0
-463.9639343869512,-388.6930104366976,5.430292750453128,0.9890763560639809,0.7569243483348672,0.0
-518.1266217224355,-267.71853047356643,5.19289075918672,0.9850077076996903,0.6707980674525224,2.0
-432.6451915486509,375.1409301988017,5.057631773390443,0.9807433906190975,0.6551488885740836,2.0
602.2576061993989,-85.25934764280775,7.039991105835391,0.9905062225251233,0.7176134914181519,2.0
96.71415233691417,-590.2979188816286,6.44087592648509,0.9890627494090198,0.6714169953441151,2.0
-306.7303523555406,485.31918611416165,7.419176864498365,0.9885213630406466,0.7278915259402234,0.0
-525.337379249756,-305.625178216333,4.469196896904052,0.9843043484427187,0.7254586740206144,2.0
520.7194760853362,216.97103234263315,5.341607433455294,0.982735752423869,0.6599207191946517,2.0
-168.11663975671277,-512.8023038648591,5.113833023253484,0.9758984845438106,0.6190808556486558,2.0
-409.5374601996262,-411.11103174666545,5.562310934769491,0.9850744246803369,0.6236047570531142,2.0
-551.5476288198728,-199.8528932912173,5.767638511954514,0.9788137479689009,0.5828961765899237,2.0
568.9242127255113,145.80029040077847,6.9989001008273375,0.9839227527380325,0.6197003355343216,2.0
-511.48949415228105,223.65766492969752,5.582384285875481,0.9833287957763684,0.675597998132518,2.0
518.9589020524091,247.2091876873843,4.954484074223438,0.9832333875619164,0.6889734970052648,2.0
-40.21542738938329,595.1322383798714,5.827867453811714,0.9899834160602335,0.7648742055246158,0.0
273.6724984712709,-499.0791589085204,4.82798453970903,0.9803328125385835,0.7096821763849924,2.0
-296.34169219974416,509.33026879326803,5.1777980173451725,0.9823468130812048,0.6560204208300615,2.0
-16.242537016425732,604.8623542232738,7.538149868620585,0.9934907973871712,0.786269021432635,0.0
298.44352987127894,-528.5762431419888,5.727047768718208,0.9929388363450499,0.8385733670815196,0.0
0.24666110000885685,587.9791591841531,5.160004084933751,0.9845003011281083,0.688698682926533,2.0
-132.51646257480655,589.6746316825128,4.091957441449833,0.9869818681812541,0.7181349150856846,2.0
492.18108905504005,-345.60765989053033,5.858365298988808,0.9908613177304929,0.770845920299288,0.0
-4.552283185232208,-576.4704105903212,5.246207616325189,0.9765382819055048,0.618965174418289,2.0
83.8527455922611,-597.3609762130667,7.563868256110148,0.9869560138488328,0.6415124974845483,2.0
310.83617327455846,495.0358980140753,4.9658014121743905,0.9814071959806296,0.6216971313038087,2.0
577.1993979358172,-143.4204612076721,6.622495477634156,0.9915298188548937,0.7318516651864017,0.0
-589.8236562561838,20.724017081342925,5.23750509770245,0.9632083092443766,0.645920856232307,2.0
317.8022502782983,-506.25512555980265,4.1570132510555995,0.9880171457523619,0.7000866565889151,2.0
487.6907095764157,77.52148600435838,4.421763892663543,0.9745959112545527,0.6372995675677986,2.0
137.1805186474732,564.0440230933553,6.499780510246963,0.9907091830876597,0.7444052999021583,0.0
-44.5929646776371,-595.0643475991636,6.942031990197986,0.9819385746162873,0.6064204005866648,2.0
-611.0536603084698,-74.14117765534122,6.9039532259990954,0.9965554751200045,0.8727658692875698,0.0
198.75955158770697,-581.9741908046931,6.407014321378285,0.9845036022329322,0.6905211292009437,2.0
589.6447240585778,-88.57932919635631,6.43771696947444,0.9853287899388357,0.6779781665569335,2.0
-347.52659647614,467.5474044973498,7.525023432709984,0.9921069989896676,0.7813984978842576,0.0
248.77830816322458,526.1349679056087,4.647948592889206,0.982009772707099,0.7127372425490673,2.0
-594.8663117883502,93.75061132338716,4.772834446338314,0.9918139571948438,0.8312533562555184,0.0
-69.39889261315481,596.5087096251165,6.333210354360432,0.9847678982169559,0.7311069521511551,0.0
-394.0810177962169,441.8497152100485,5.688795077327544,0.9927131766759337,0.7870534122799031,0.0
-33.62973396248737,580.175782913077,4.345826547390375,0.9688428805385122,0.5949513950312847,2.0
485.0315134714235,328.2697973723807,5.112906690924277,0.9831127398718063,0.6085310171800197,2.0
156.12082869031647,555.0623226593564,6.283572170045813,0.9870916459428839,0.600207524306333,2.0
-570.8750922198365,178.15770622096727,6.206463921945124,0.9924537714829109,0.8365371905149958,0.0
-581.5831526380434,-150.78982209332025,7.555232726464094,0.9910808561171313,0.7734639276070052,0.0
-475.361540180229,-331.60566278142403,5.84647062073872,0.989457165032207,0.6799041112632261,2.0
-413.881031480101,407.3287991671704,7.273168271648606,0.9883478954375541,0.7339895925595983,0.0
-513.1072472453602,291.47583258231157,4.9126500506946735,0.9824860668259906,0.7147736834979429,2.0
525.7522107748306,278.84687464820104,5.635900255902929,0.9815310702266219,0.6523274642830421,2.0
-321.47616847521806,-492.6705467815202,7.423544842638932,0.9973366601605096,0.8607356075581903,0.0
584.8897684066691,-32.17664729528828,6.494243002881081,0.9862564178310101,0.6811607575177218,2.0
242.24974761545857,-527.643155395181,5.490316083550469,0.9807789091597903,0.5971992524725547,2.0
55.075362522319374,-556.2970925008302,4.406376373157853,0.9717713807078062,0.600554005978647,2.0
-615.614934210403,-23.949057245538082,5.9167006409611576,0.9982391031975193,0.9291766686675432,0.0
432.549410764692,389.56141244797374,5.820884372766317,0.9827970623540697,0.559384643573505,2.0
581.4414837554577,-62.91682854328588,5.213017584242511,0.9809929425618439,0.7110892489474552,2.0
-565.0442434816488,223.87078153834722,4.064885159128695,0.9848642676962032,0.7932703907368868,0.0
230.40775208043559,-541.7039657277877,4.789091301735046,0.9773057331733587,0.5791314816792137,2.0
-326.59057744513456,475.01446576453765,5.6188441595351994,0.9790823016244147,0.6345105780745014,2.0
575.3650556363405,73.59852210582247,5.724485756325155,0.9771776236467051,0.628115636459549,2.0
-587.2842679889002,30.933835853068317,5.7050007880683475,0.9876370723642823,0.6683293883173939,2.0
333.25429103205704,511.98976216585226,5.6511742460709495,0.9867937065811404,0.7446102526432967,0.0
359.96757584501216,488.26861029363437,7.372393111018521,0.9967312250606604,0.8033226058604354,0.0
-10.800785521800602,583.8790386321506,6.732533627180672,0.9893056285126964,0.680868138186007,2.0
-573.9449853599398,-103.61485775580499,6.569862100107758,0.9843366776802902,0.6304876393452019,2.0
-537.4791607572367,-277.6984091507993,7.59640012971945,0.9893936321576163,0.7621806400024118,0.0
542.73355486581,201.43530837612545,4.670852155706235,0.9607927221941065,0.5580887070809064,2.0
-372.51683848984874,-457.96700433168144,7.0297724664126635,0.9949704884640229,0.8574390987820211,0.0
370.1930795294685,-470.00108389850544,6.18354796213887,0.9906559459672083,0.7105084691935195,2.0
-497.22953349913496,298.3636301733479,5.5390280639855245,0.9803707853229693,0.6445055081976995,2.0
-428.37377745428574,-409.3796601166427,5.18026716179969,0.9821146330357183,0.6532738067625022,2.0
257.78814948864044,-556.4594253340852,6.996945600760699,0.9916611646451055,0.7780140966073262,0.0
601.0361525929973,17.376713997384538,5.775695589669219,0.9960169211756729,0.8675959281077894,0.0
471.8623223538791,379.5186173532547,5.6247696962437015,0.9934779019349992,0.8440322770465685,0.0
357.48407496923653,-452.37308851744075,5.056723465803216,0.9676609285749392,0.5816350626976234,2.0
-351.4401813467725,455.4549627717782,5.748744724686148,0.9710931236179887,0.5956417759339389,2.0
-547.745432725571,-227.2567136013046,5.549394630313018,0.9922316394355652,0.8353886323323083,0.0
-117.24958130997912,-581.8652087012186,8.039419066242914,0.9938035380446013,0.8005962205792453,0.0
-567.3599669554784,-181.9415605674462,6.054163062797066,0.9887050700073206,0.7557196094983863,0.0
246.06041883404959,-552.4074449652805,5.749862393913377,0.9892804053227261,0.7134714521740468,2.0
237.68156973070273,-560.3473033747143,5.942406333698072,0.9895829824340462,0.7161432153756478,2.0
-223.8754827964539,543.0610923789052,4.464682786212921,0.9743190500765875,0.6130380069769759,2.0
475.9599633438871,-333.65981132836316,4.940381234566065,0.9816854014221142,0.6506311860668741,2.0
388.4499199678396,449.37967169075364,5.222763302055069,0.9783652823978745,0.6183060059961069,2.0
-32.22880450941153,-590.3135066411925,6.8596565002280325,0.9853619760624189,0.6803034902837395,2.0
568.2843467264199,-137.38805144381433,4.473583693716594,0.9688171154587022,0.5282174799135627,2.0
400.1816502291116,447.76354887469677,6.925888901182394,0.9937627876927689,0.798151819743001,0.0
86.99185184730732,-586.0036000305274,4.646862514061228,0.9713703504163109,0.5944195990817446,2.0
-518.7336742566254,264.9436737311041,5.259058255712479,0.984060945150091,0.6691006823458566,2.0
259.22355119427755,504.8942632680335,4.768630430061064,0.982980479990853,0.6802225368783086,2.0
-578.6921119629616,77.57461687931321,5.090587750509292,0.9829881855101139,0.6754642107944471,2.0
-91.15253615104444,-589.3376432342458,6.007104705925246,0.99377084541655,0.8011883233455295,0.0
414.1462061815986,416.10707170548056,5.634159031669166,0.9864755800357506,0.7390907096089532,0.0
445.38643940494626,-384.4255920241701,4.465398966720014,0.9774511267550741,0.6246775171241907,2.0
-167.25492325396738,-568.779956540975,5.634879855880573,0.9840596139547554,0.725587567440231,2.0
-213.4056201255469,-553.6500362263554,6.633798464970475,0.9937237718362596,0.8152086840126479,0.0
-281.44652751172947,521.1929071012695,6.860065765899537,0.991222354555607,0.7730038324415978,0.0
608.8503558910002,-20.7948821064688,5.366274713376864,0.9985053679415438,0.939209573240182,0.0
-466.1197078271677,333.4322967770983,6.2915858405249105,0.9853066499729095,0.6737223320241603,2.0
-523.9499811064162,-295.51425481595624,6.017241847087622,0.9869202856188365,0.7002468876508308,2.0
510.1541130170081,317.93826042835815,7.421564822114799,0.9937831192934437,0.7980960112483364,0.0
350.8482841962865,478.439903368108,6.218855703995411,0.9898570670169641,0.6724036938260378,2.0
-599.4616714696668,-45.90575612235556,7.339132469975824,0.9948265848590391,0.7787132572150854,0.0
-195.80294657384263,553.4559296930427,5.295757540300205,0.9762355830590984,0.5591365116114522,2.0
-210.31140652635773,-542.1699248588249,5.333776492699958,0.9896599241567088,0.7247127785130694,2.0
-146.03805154719754,-581.1633150191919,6.086996663229265,0.9934702851097916,0.8440425792471233,0.0
153.1185392534579,-575.2655455992524,5.856504793727986,0.9803057153531346,0.6420626181194086,2.0
-391.3700311843225,423.0796766734468,4.490470060024304,0.9750225184209991,0.613199746248731,2.0
559.3349262864683,175.08663087629444,6.4554682254972535,0.9780686237219435,0.5259814332418782,2.0
407.48737787707165,-459.6478012926732,5.151790465426204,0.9947619861175472,0.8691171425387518,0.0
-616.7271486538199,19.109555937592702,5.071738598878428,0.976656633753487,0.851099083053603,0.0
-473.7926406999046,-359.8691253413219,4.59567515384727,0.9796894714427924,0.7726137409345463,0.0
564.6468219193142,165.15622473614164,5.332937340323915,0.9815101688475338,0.6563228320915017,2.0
-296.6137561471407,-504.0637519173513,5.02709566419712,0.9777921613828835,0.5712770665446951,2.0
-386.0021042385383,-455.13397351118573,7.0297724664126635,0.9952865513621372,0.8599898785351935,0.0
567.6238515358816,53.40369009136743,5.259168919441743,0.9650953717406225,0.5170487250904604,2.0
-360.56619354617567,-432.56140656632,4.536496186177264,0.9714377097029855,0.5303084275117402,2.0
-461.76429676836767,-313.74809122038215,4.746962788696814,0.964857908073497,0.49717534831354315,2.0
401.9926670457703,435.2934214786288,6.095001777509201,0.9874675182833308,0.691002381942224,2.0
301.0203675060962,509.91076579574826,5.474741071043046,0.9799390370263422,0.5403302786483131,2.0
603.46742664332,-7.133166106046993,6.5119919350210855,0.9942325276127265,0.8035877778672578,0.0
-9.836181760560628,-603.4134450977294,6.403015675825162,0.9934457587521456,0.7179014937379252,2.0
333.5129460654924,-491.9170843879628,7.075244352382944,0.9916540158486011,0.7334833043026607,0.0
-103.98439804744082,606.2446323199808,6.02990427629926,0.9976409012771457,0.9293147123945441,0.0
434.3001289574491,410.1083259921324,4.520823064399848,0.983535624833802,0.720627639856328,2.0
388.9972628347972,467.68659254098145,5.806959007444299,0.9878110266542054,0.7475565474557535,0.0
532.7082407508188,-308.7745802322115,7.035485563267864,0.9882574208157104,0.7054750970026523,2.0
484.64911304068147,-355.89955151116305,5.565508223741583,0.9837329411316886,0.726292884035421,2.0
530.5842729240641,264.3956193338644,6.306092534224374,0.9937835391194307,0.7722129336418512,0.0
97.75045855379636,-554.5567516605429,5.6347873609852615,0.9885232619286339,0.7052081405672176,2.0
-171.38933443624148,-543.1106420185406,5.374362802267319,0.9887776023362862,0.7042750689933975,2.0
301.7878096957393,499.46717431944427,5.2379520196562614,0.9866697252118962,0.6439697251915555,2.0
-220.88356410656394,-533.357413902209,5.3446514656150494,0.9776770680858905,0.6272230647554131,2.0
-221.55266293725387,525.1828203958305,4.8361270850167015,0.9856229563088237,0.6984297710022586,2.0
-321.51855753740693,-468.01375987721156,5.665486138376753,0.989099573099791,0.6817573321890104,2.0
-485.98460910050983,333.8331600264676,5.242844367825474,0.9906954486029675,0.8246132999722533,0.0
578.9108653142644,-198.28066087664638,7.3946169651625056,0.9979358234717353,0.8926737214860263,0.0
-48.56528441175964,603.6742556757666,6.560476941090889,0.9800694574899248,0.6402536965289918,2.0
591.0318406756178,-153.16980294579258,5.9249303111349665,0.9956551732308294,0.863193287213572,0.0
553.1110184231269,205.02242120588207,6.76877111843949,0.9920452153228989,0.7796781218602609,0.0
366.6168730256298,-448.5641149197006,5.285640050996634,0.9846138605802535,0.7263634305131007,2.0
-134.63107543381844,580.7862485467374,5.066030270157754,0.9877106536644548,0.6812454610401538,2.0
-591.086668908614,-26.977529266854695,4.360570008189556,0.983368790501878,0.7254289654296131,2.0
-369.182042831235,-428.0825022396023,5.462468712406333,0.9853347431500616,0.6786220955689917,2.0
-522.3048798123593,-276.91989565717944,5.243857341727224,0.9857219283858002,0.6251161516559822,2.0
-345.06188622886555,-451.4056643307184,5.394920112567011,0.988901970172984,0.7116990787460152,2.0
42.05725838499214,585.5725106044545,5.443229350717119,0.98636493923735,0.6346056307463697,2.0
125.35391820261763,560.5963446769108,6.3150303358171955,0.9790143541259861,0.5754458868009584,2.0
-462.0016891553291,-366.8466949594413,4.9518575406088345,0.9827310937893585,0.7183824367451707,2.0
555.8836188703109,251.90132029961939,5.5790374562802025,0.9971250887389869,0.924552621881359,0.0
177.36577162700817,535.1966892023905,4.713702745505545,0.9814431954776609,0.7120739553470453,2.0
555.4843786595331,-250.47758803427658,5.165510749951727,0.9827751780176137,0.7840678083792214,0.0
252.01811910893517,-544.0431518082165,4.836315270066257,0.9819708844217039,0.652353124810415,2.0
144.75144688834575,555.3617060548017,5.381525091523216,0.9880610017075846,0.6965315098104834,2.0
465.0394514009896,-366.9081276917956,5.4991191851004135,0.9824106004186629,0.6574672160014365,2.0
604.0683400232671,-37.16096732034024,6.4871252172108935,0.9933328141204365,0.8416578123370761,0.0
-80.99330996517489,593.0295899025755,6.340299127378932,0.9874743798436447,0.7481057712017682,0.0
-418.7959133791999,-405.1890354325307,5.7540233639358105,0.9859864263461567,0.6605841397597165,2.0
-476.1233153208426,346.19385220421555,6.967116222281919,0.9903487376387593,0.7855452457584866,0.0
-15.703681267094986,-593.8673165900117,5.121838673685456,0.9886690569784915,0.7529756533809145,0.0
-584.2159532932542,54.40364049904151,5.663832101902829,0.9875561937497582,0.6555240680288453,2.0
-535.5282663546341,-309.242184987837,6.657743302113978,0.9961178654518451,0.8680832802943345,0.0
-26.133837514908443,-578.0388178380069,4.822108286325225,0.9846887093629736,0.6707153197461581,2.0
404.4127710182949,420.83955237292156,5.611602547460466,0.9784416356860958,0.5724656974149588,2.0
-346.20997166205535,-463.19569468518193,6.5675074324493545,0.9947815424175828,0.7784450439489574,0.0
174.10753490906572,-574.7473579033839,6.041281076262225,0.9759683036801662,0.6179835239572619,2.0
-596.2147343642794,82.88530139405542,6.510158497752052,0.9953749532832942,0.8167633727064347,0.0
-298.7064510643219,520.9598222666098,6.997355831921451,0.998102764500377,0.9003982586895568,0.0
127.48521057898766,-592.7477213705913,7.416080236057707,0.9928080744390215,0.7621500304170065,0.0
-579.6014173852981,157.59705477257214,4.28494113809731,0.9806016565428933,0.7074936468893162,2.0
-543.403735179181,-238.27991989137962,6.168594187152469,0.9847676036667647,0.7306274917826036,0.0
529.7614877230261,-322.24017845344025,7.216438388818086,0.9936055836822609,0.8438159017407716,0.0
-351.84436826021494,485.92274963254386,5.283875458168215,0.9965698709095047,0.9200366906639545,0.0
537.0439934375745,275.57829625591097,6.654134351856696,0.9900010964603908,0.7939036635945198,0.0
566.8112059107219,-172.59488875086728,5.248964393667824,0.9843950001997451,0.724014980130908,2.0
498.57162904047885,299.09539971646706,5.044116889630356,0.9876939772271918,0.7482267479887609,0.0
-386.0596511884312,465.692837896993,7.066614209545998,0.9940838275498118,0.8479559998507764,0.0
541.6214603009323,244.68967618569283,5.541869931575348,0.986744005484471,0.7046987254274085,2.0
22.966768522585298,595.3149248031344,3.9142050392264656,0.980214696497546,0.6414552109045125,2.0
-54.082895627295954,-587.7857880901029,5.668012708720521,0.969575339732826,0.566754792846956,2.0
-164.40374262010616,582.7087949180543,4.401678138735542,0.972424119556309,0.6707127108440908,2.0
-535.2334486800808,278.05706175360183,7.1528993584613065,0.9987970676469959,0.9434253370661657,0.0
-605.3861417964305,-85.24370471261592,5.8425832039272585,0.9943389797178375,0.8500645830685032,0.0
-231.33068042723806,538.5834701112077,4.6137047528751784,0.97889791015209,0.6328873352282515,2.0
534.5283012292424,-281.2843454790059,6.180666569298917,0.988581592016701,0.7014355748862001,2.0
509.146922593004,-18.03745162968931,4.972360073810851,0.98095465117991,0.6456662144585836,2.0
-471.4633154654038,-311.4573327830171,5.570699519712245,0.9890757995109271,0.6630158504906689,2.0
230.74281014143196,539.2244441966933,6.884067364647419,0.9938681508488382,0.7321437536475209,0.0
604.828832084249,-72.13498724039381,5.823458744612236,0.9892643133696992,0.760277082976807,0.0
-558.2512345203967,232.20824272610037,6.0075419961497385,0.9935022581597842,0.766739303552431,0.0
442.8505981498478,-396.4316631172957,4.350302122621645,0.975004983091504,0.7123705604419486,2.0
24.55372796981737,610.4286006223716,6.325428511488518,0.9945819154854536,0.8521528313014726,0.0
18.871738455466655,-620.3211036686587,5.391268684079189,0.9980268462939029,0.9333631436171016,0.0
-496.31098903726354,332.2192721839932,4.956484828403691,0.9910261900314418,0.8280623573192165,0.0
388.3926330664255,426.2017419532089,3.6280858139151007,0.9602002455580643,0.5576068104976999,2.0
-547.7778818499055,230.98324324634152,4.855556462181257,0.9707309606844748,0.5299101642907638,2.0
284.05201499318684,-522.5340692475431,4.884571821207127,0.9722165785541839,0.6002501131549419,2.0
-559.8385208191697,246.5597964993085,7.580802117816278,0.9943978822717425,0.8079568247045764,0.0
441.99578695832497,-408.6779846261835,6.62071611189705,0.9888593940818391,0.7139864797308637,2.0
425.0074916861843,-445.12680299746046,6.940652989448182,0.9950753848553365,0.856780959957108,0.0
461.983068170526,377.2882835146785,4.809955559425173,0.9882942632683116,0.6992035117870464,2.0
-102.15981668623662,-594.3077659551898,6.362559566309743,0.9957728426383538,0.8637114610814371,0.0
-536.0217191773651,246.7290570900274,5.495809782782221,0.9845066233322678,0.6710807962469197,2.0
-482.48930775679247,-340.6157551088647,5.904037457686012,0.9889431363609713,0.7044338952741334,2.0
-155.96343000269027,-569.5781019559614,6.257853031809202,0.9857987764323128,0.7367512971782783,0.0
580.5219635838674,108.03300707077486,5.547429518317908,0.9840657826661613,0.7239689880358117,2.0
-82.35583247065587,-583.5589065668172,4.704650949523755,0.9725013684814786,0.6204385530459099,2.0
594.6669151707322,-1.4618437607738113,4.249025063262506,0.9784770412321255,0.6300982740799875,2.0
-318.36060830529635,-479.3771630435121,6.275491832139971,0.9927228160305374,0.7216976488698009,2.0
-163.52246799942836,573.5175928729966,5.342860415806778,0.9828899795887193,0.6644897671474457,2.0
-526.8492228466247,-319.7466638168214,7.2837805238378746,0.9967575328051913,0.8752441725277837,0.0
-469.58238974911615,357.6817436203759,6.898511817178739,0.9851953658275248,0.7344982904488168,0.0
1.0561199502440382,-611.3830505016224,7.331839258756106,0.9934229821849903,0.7964385288072041,0.0
519.6461729328552,262.22381426100105,5.212304272037747,0.9803522765113838,0.6428622119125396,2.0
322.84220920698795,506.18297902840084,6.7845741743955585,0.9867610828082936,0.6878737633129871,2.0
364.02607489149926,-479.617224263945,5.611535001842438,0.9881205388994304,0.7487287519481269,0.0
573.1529794421629,98.37596964934957,7.082991276150338,0.9917940831423534,0.7004834308066539,2.0
553.9521440014146,217.60718625520602,6.236742685174547,0.9882098889574793,0.7029182538880628,2.0
98.69107993555927,588.269116296642,6.765626698129247,0.9921670179248196,0.7898012191492276,0.0
-163.28332481444173,599.5857866694286,4.800736086771691,0.9958829609641563,0.9150923145239069,0.0
596.2319493729827,-28.18631875639809,5.877639045698142,0.9862109224017379,0.6816680445512305,2.0
-377.3917856427142,415.0945520393575,5.302120939351279,0.9863599085228552,0.6824584192437886,2.0
-579.2669917530949,-188.95949374766013,6.506923265085861,0.998283212804967,0.9363586725890636,0.0
-538.682237547645,235.86785710236677,5.9993002926995365,0.9872301434920483,0.6917323527604138,2.0
214.85916030157998,526.2690991220912,5.798827549402536,0.9867329338107157,0.6854642160334854,2.0
472.0291758111354,359.34297810868014,6.238929659646452,0.9900926924901986,0.728421966227959,0.0
55.28736134357468,602.2616025280095,6.419000536046884,0.9969020016474519,0.8948013990363277,0.0
213.97257284275017,-585.5890543301939,6.968133283821385,0.9935332902369743,0.7951218218693586,0.0
218.67938631110997,-573.9976318598477,5.939709868019965,0.9876322863774615,0.6929828743794687,2.0
-589.508782044691,-137.37148858921228,5.003173037262175,0.981673255232874,0.7233738830058946,2.0
-206.33766865960203,-501.3714583873833,4.9998634878243395,0.9759604000698436,0.6270663701669715,2.0
-169.82707539467646,-558.2531587564538,5.586031857350798,0.9802935349846776,0.6429834243744381,2.0
-399.91069744739576,417.8282657850717,5.956564232492088,0.9883898584957604,0.6792311282881103,2.0
454.33232430178583,-385.09476801443185,4.898818778805284,0.9844522757964083,0.7262901383310462,2.0
-264.3402779356382,540.6268497854952,6.814030924511898,0.9889089807209194,0.7555929400251361,0.0
-515.830586426921,309.4515930763502,6.524347411534739,0.9979498879146615,0.9325156694837036,0.0
30.19465418120735,600.6565684063783,5.315882766427392,0.9864816489229976,0.6883055248263963,2.0
570.008758978218,-217.07946370475992,5.314768841880701,0.9908890629220765,0.7764637952067632,0.0
-517.7925108814718,-286.21873987507644,5.315922718664169,0.981040251651651,0.6018839730557691,2.0
-605.9326923489544,-105.72517881638187,5.475832827967001,0.9958670702434745,0.9149848361136874,0.0
444.52600695111147,-420.7260566822605,5.827700376287891,0.9958711043876347,0.8708269160449056,0.0
550.1982794259205,-222.59311812783685,5.874457357986349,0.9856617264967826,0.6773421139358552,2.0
469.7717017006121,-375.6823961502967,4.890181027298527,0.9838366152833551,0.6666153543332614,2.0
-267.251215047406,-528.8995154257143,6.859531871328232,0.9978694782825213,0.9316528628004271,0.0
-445.32073603990233,-406.63535742247876,7.115220138094611,0.9945537581818399,0.8139584966686862,0.0
-238.43857419151226,546.2897917940145,6.248424648654584,0.9917473522016103,0.7782704707783248,0.0
-96.9575838689434,575.2798173790118,5.9198581977586,0.983381075872307,0.6061471908432366,2.0
281.970227856715,540.5518788099989,5.756239187225721,0.9959044477007236,0.8654084668172338,0.0
-325.7300307963776,490.44001383682894,6.890359958667634,0.9898743122674153,0.7644229905805607,0.0
427.34226688866545,336.0824200477111,5.20560134301862,0.9787013780440637,0.6351591403620364,2.0
-376.85884808081147,-435.1624294694345,5.261407916564285,0.9868128747897671,0.6892338526514321,2.0
333.19950386695666,489.635152649087,5.253329239831204,0.9832159063295405,0.6801870852809059,2.0
-553.9309432841068,-238.08210884382447,4.840517578196665,0.9870787844240254,0.8042556342228121,0.0
-387.2076635722505,454.02256006954525,5.109336874075714,0.9843266916273994,0.7261417719789329,2.0
-332.50934739409126,-466.5318822675317,5.483467373509537,0.9893261277249485,0.6751837904047334,2.0
-252.6870444172984,546.3135107595308,6.522383754446143,0.9916302166228106,0.7762531346340714,0.0
-367.398682628317,-438.0845093463551,4.610448701569012,0.9846800427370594,0.7270821749440326,0.0
609.0178779338615,-48.73286167475032,6.4871252172108935,0.9942015648544397,0.8051926919750906,0.0
271.37075211068174,537.6857851593267,5.516206237094381,0.990864325206583,0.7227652808054513,2.0
-599.8241746182545,-5.572767133197476,6.099784684189443,0.989761175963708,0.7842590797713598,0.0
393.53983697408125,-465.57980540198537,7.408541612700445,0.9973953143927837,0.8849543748571543,0.0
-588.3207214307386,-113.89504984429787,6.392188366379232,0.9863914378688359,0.7600073411478593,0.0
262.17156315064324,534.9460755696228,4.426672298109623,0.9838925159820275,0.6774484358634458,2.0
-500.56473408490166,-329.65944066811255,5.336116143958098,0.9843856270506857,0.7256035634486594,2.0
587.8560719796101,-178.72401224781663,7.014106774860593,0.9955261022898556,0.8617460262264057,0.0
502.02558396852396,336.4139028544545,6.387873691737216,0.9973938115879765,0.8864802312967839,0.0
587.9495443639996,-42.42178127880379,4.739836040246159,0.9735305258187461,0.6243622768238842,2.0
530.8590071305006,-292.19010204464746,5.661207184567082,0.9911690209689791,0.7262143903996257,2.0
-592.1617309802584,2.735623299064629,5.548080493178354,0.9774590729959035,0.6434299570738936,2.0
592.5027676058712,-60.81723710226477,5.869180338561401,0.9872080393657039,0.7487004622889055,0.0
86.66177053006744,583.8606058364692,6.565837628357679,0.9862583287098983,0.7376012467944106,0.0
68.92803276545803,-458.4221458670571,5.951508286713128,0.9686336005878229,0.6188362643017602,2.0
601.2504017503512,-63.71189766477205,3.765589037798007,0.9732233875817259,0.6767802389017524,2.0
-565.8007573065631,-0.6400801212542337,5.268235701516045,0.9851195489575244,0.6729103798765637,2.0
583.284502755911,56.90371934444313,4.809415049914144,0.9771948355098079,0.6290980761590975,2.0
-400.91045997840683,-418.3200891241036,6.085002808417013,0.9900629038358455,0.7158546851871115,2.0
110.38376621474687,582.2989217473006,6.722797073151672,0.9913678987082778,0.7262611404923366,2.0
30.750780920369067,589.7172726136126,5.9037187870642445,0.9920249195237734,0.6995104731738438,2.0
-590.6410204344141,123.29839354117223,6.032574991481544,0.9851200988373648,0.7293731979302207,0.0
70.00049202662765,-597.7307204259764,6.947877653897156,0.9870353568043689,0.7749598662334012,0.0
285.76103770646415,-532.4808580781493,5.624775291192858,0.9843265554563039,0.7280383256280811,0.0
587.0186336812814,123.19087431904993,5.1278236513898925,0.9834381737198932,0.78659439557846,0.0
581.0699838382727,151.17318586518937,6.512906436418479,0.9971646152772138,0.8805644772667149,0.0
-553.2011271126523,-259.97075918241507,6.163163297405063,0.9905886441837186,0.8225910063478012,0.0
-420.84107587693813,418.1685661007388,6.056454164002283,0.9903969311797285,0.7993112135304085,0.0
-99.22817790873538,596.73756771071,4.597809801727927,0.9701969310215988,0.5911815890678888,2.0
-611.2259984871439,-52.4824015037295,6.267093033324917,0.9940718689932744,0.8608539114761427,0.0
218.41456172746078,541.556015381268,4.3988463156377,0.975534937459138,0.6864186485617356,2.0
44.10403688264015,-593.2937099872064,6.525373076511448,0.9921108627470852,0.8343377207771414,0.0
420.68436065764587,406.35071869508414,5.288085526291917,0.9909995090483242,0.7721656925223548,0.0
126.40598047036154,571.2799640557242,4.82130986808241,0.9844777809456616,0.7285121484891222,0.0
-236.99009199901334,-541.7709904506908,6.268072855095066,0.9907539694217984,0.7686346245838575,0.0
-546.8341459508142,248.24468468440645,5.869321962183154,0.9904410302030319,0.7687353226660469,0.0
-33.264031919361436,588.3893277894051,4.25061276384154,0.9761719351582624,0.618699361293704,2.0
-60.77335816559604,604.8895183308945,6.333210354360432,0.9865023670725176,0.8003544681475746,0.0
-528.0010884612234,-285.46251108303494,5.331804970782359,0.9735049729073817,0.6154354162662664,2.0
-581.0501568957066,167.14630923556513,5.647079971890701,0.9982014651984273,0.935372496782299,0.0
145.45111084364763,571.8497968600184,5.24422235611425,0.9824583955237294,0.7151348455087123,2.0
459.2167502873831,-417.8577515251238,5.967817227830174,0.9970653816156483,0.8794048212234776,0.0
-148.91916845938454,595.8364248122793,6.282287792985454,0.9964662301771114,0.8717036108734655,0.0
-157.5162717505712,-584.190422016879,6.086996663229265,0.9976398935912998,0.9293047516119685,0.0
439.66079207816813,418.69928211692775,5.914498474551991,0.9979716973738632,0.9327536224335798,0.0
-575.1459142175953,103.91460210266928,5.336646685297284,0.9804753736972186,0.6737003371032052,2.0
571.1258268571843,173.72493670703528,5.624804849043427,0.9913400000859527,0.7272781111526766,0.0
-304.8661389369787,-497.3950833659926,6.014907621357677,0.9915746593828035,0.782509318897599,0.0
76.50118041195462,576.8817044052307,5.667281583328257,0.9878616949664638,0.7099401354432154,2.0
-222.59679168986264,573.595701986153,6.559730909234802,0.9932205105139684,0.8427847817773314,0.0
-584.7794715225454,86.1735991995501,5.659602958895325,0.9912255352149085,0.7270732740898758,0.0
344.58366417094174,-493.99947332609355,4.504937762586042,0.964010244179425,0.5706404051904927,2.0
165.35895011516044,562.2105703456525,5.71634550357802,0.9845094899837393,0.619898579451174,2.0
591.5235025709687,-164.7731923573521,5.9249303111349665,0.9954983356426302,0.8617894530928616,0.0
-546.3044717442232,268.55972255277254,5.120170575754698,0.9950692534972171,0.9099167925626532,0.0
-185.88791978344833,572.6755695013672,5.194682479507737,0.9690354174174471,0.5920310266381369,2.0
275.11415180996175,500.74611534236544,4.893694898790431,0.9761337916120478,0.6383313436945157,2.0
520.9745071566233,293.7174887032228,5.516283161892729,0.983430166800479,0.6753280425232339,2.0
521.7137142853711,-294.6572404533232,4.122922031008696,0.9813971866412,0.6559828370116201,2.0
-454.6585995779165,-386.79355397852873,4.436181399350713,0.981420631280494,0.7114430806365152,2.0
-108.30813116209181,596.4186518332848,5.036737076795631,0.9701326101319968,0.5928030262184475,2.0
549.2099816761162,-260.01103179832256,5.00191622962257,0.9905922417871907,0.7721785226966413,0.0
186.1761830118162,542.67801708964,5.1722492335621295,0.9818255718848943,0.7139310977718333,2.0
-286.4581902357727,-502.9046445792997,5.5055697093447495,0.9763245947878098,0.5640746009045098,2.0
-606.1551337781766,125.63455434722053,6.264995013749271,0.994236258011265,0.8528494229377737,0.0
-599.2967395666946,24.429598863248792,5.876570025596871,0.9542124320911308,0.611407152544309,2.0
223.99548233168778,549.6739634598312,5.806871600552865,0.9891577884415071,0.7049159548579693,2.0
221.24711602892648,-563.6083868940989,5.179252700320023,0.970756644209167,0.5953100037326758,2.0
601.6854506360016,50.92447492279052,6.375902964514649,0.9915396184003377,0.7823359953568992,0.0
300.3686028233312,521.6525300765518,6.490574977980204,0.9911637975830927,0.7290453101822417,0.0
268.25158054913715,507.2976785803628,5.048821087738829,0.9796317092650789,0.6403783571854625,2.0
95.01513298414758,569.1493335531435,5.130893354839078,0.9822647001446798,0.6544361358804396,2.0
575.3288153717677,136.33791762991916,5.137884991283593,0.9734946185849924,0.6782361882408565,2.0
-469.13157451937053,-398.63447593847957,6.187228291359917,0.9967077330428417,0.9211087238723185,0.0
203.98441572609082,443.46353399971093,5.470006032440142,0.9696841178658122,0.5992986365882893,2.0
309.2868527527,515.4425538301367,4.699894734434723,0.9836002789287102,0.6634614194119806,2.0
-89.15812421011861,581.8961336741716,4.6745020426412465,0.9828342881085617,0.7163179169382624,2.0
-537.7054119997686,-226.17993656818598,5.038279875330349,0.9688358408490347,0.5886794753037352,2.0
-213.338235767728,551.6453294842357,4.908132158857571,0.9751716919516147,0.6174554729567961,2.0
115.44893761984986,565.6215401464885,5.302442930024241,0.9822089094540027,0.6581474735854848,2.0
-564.502245737025,187.07933946342624,5.132668110021638,0.9837261026129029,0.663663064072629,2.0
-353.4088670862935,445.7178887434967,4.647292741402494,0.9711618794257412,0.6654331484716544,2.0
87.89509139694735,-608.1905036087766,4.459108913828579,0.9839594250016807,0.7363577070773193,0.0
458.42717913137227,-396.3368938912091,4.879972927922192,0.9867357108397022,0.7407821587732487,0.0
248.37269147659862,-564.7685593773991,5.970796665946198,0.9927982312921748,0.8381614013999318,0.0
434.36793314042575,-420.9943053179064,4.739474524840405,0.9763045702081314,0.6862794365646085,2.0
469.3343141051749,-397.2323088374378,6.434404784035196,0.9907993126506246,0.7697253110416377,0.0
-568.0612111275873,122.70747511640748,5.405574521218701,0.9870474015347681,0.690016636764971,2.0
-528.2242076462104,265.911679758454,4.634767485714311,0.9848422238238362,0.6753649851824371,2.0
593.2700381668207,59.27738153114331,5.674208652351903,0.9903898553496568,0.7210644248895978,2.0
-197.0837979672875,-573.4701618264969,6.610438692899535,0.9941157152070138,0.8493966875330107,0.0
-452.1446230573063,372.56243957441046,3.959476942058776,0.9699459263633811,0.5892923989109525,2.0
-286.4932254662364,510.8533378032048,5.1777980173451725,0.9801781098121082,0.6494769355791488,2.0
-436.48181679035036,-413.1916046772129,4.180457083788952,0.9833053566604981,0.7209725314563414,2.0
-204.0451854628143,-557.5759382361605,3.9486559380699844,0.9723828069732321,0.670427265352299,2.0
-128.51051650141503,-570.8657584046192,5.917929350011635,0.9913511912314275,0.7759616262976127,0.0
565.5751493081449,218.69830762372104,5.742584027466164,0.9964016046279276,0.8753723852668103,0.0
342.590932684126,518.3606179829653,6.055645914156904,0.9945015038772592,0.8524194344751078,0.0
95.14322498255333,-613.886295500047,5.062942697431298,0.997183605241517,0.9250621024189759,0.0
-331.7647178904416,-485.02377718924157,5.71153537726357,0.9941691117925828,0.8487516274106225,0.0
-594.9180864715299,-85.30200937408361,5.008049339413682,0.9796061645120362,0.6362871222328753,2.0
413.27103641774863,436.91513301621075,5.640078160987421,0.9956999621859081,0.8681576065072112,0.0
384.24527624220167,-476.9214296104124,4.645990998106467,0.9934336679944543,0.8430882718940798,0.0
-574.1972237400615,-40.93343370280304,4.913786236685526,0.98311252777868,0.7254036776771685,2.0
-432.86329304465085,387.84807327384533,5.228123047851156,0.9798934445893069,0.7024483352403034,2.0
-179.3901859403141,-561.9542754824786,5.148734235233951,0.980485627058446,0.6471812502816029,2.0
-552.5346636977507,222.30931233921905,5.538866686851618,0.9809452561489179,0.6643111951532884,2.0
-519.8625320242467,237.55183200810103,4.309673392505846,0.9638209799663908,0.5682223736676663,2.0
-243.85482236947004,-529.1124888469284,6.247805412567294,0.9909144584742059,0.7209820479172517,2.0
-398.0428066658806,-429.6726259763107,5.986291167331361,0.9899613287273846,0.7190414531964777,2.0
-213.60533696266646,565.2279528215147,6.242037589178626,0.989781319218863,0.8177399642318295,0.0
-311.13053677073634,-400.0554226668524,4.341453644340553,0.9827703182689941,0.6559079751980602,2.0
354.6194453568955,-485.92057502802476,5.566147266283378,0.9957938685786099,0.8655973260029826,0.0
565.4827520918584,78.21548105887165,5.557762718923741,0.9895900738379134,0.7601202178238112,0.0
460.49646740833634,-358.23225597551027,4.718525659487548,0.9689920892129237,0.5851954442352403,2.0
-469.0893235657125,-340.30348845165634,5.2592770929549655,0.9831567889916165,0.624893612367699,2.0
23.904132679440078,-592.8652424655381,5.294336088900264,0.9712969999557809,0.665252199775981,2.0
458.8036401195017,-374.1146475594659,4.367958184216493,0.9832003361092503,0.6594502787950791,2.0
594.996229981358,-99.45879390464675,5.952701975661758,0.9942644347468124,0.8024327643739699,0.0
588.126243200838,140.5498629048202,5.509375000428332,0.9963634960144708,0.9184853596726288,0.0
153.29893606377556,-586.9236139665467,6.2109436641201015,0.9865373323646911,0.7395522396835585,0.0
565.0585762063685,206.89588884038537,5.705032452049612,0.9937786635907212,0.8470848112359413,0.0
-429.9498809673225,409.47429232061796,6.566879556513631,0.9972784528356459,0.9056375189613021,0.0
-387.0236121350174,-432.3214098849163,5.505295879525948,0.9841108586177072,0.6248355123485698,2.0
131.5474447130047,-580.4687930599878,5.975027445362064,0.981829480154381,0.7115145917528642,2.0
-510.640201335043,281.82094619296316,5.435090901832943,0.9871906913127765,0.6883097326009859,2.0
377.14311238108974,-482.5204441844542,4.645990998106467,0.9952461811749913,0.8584464065222119,0.0
-561.6105206532008,209.380793943637,5.239423085767976,0.975906846206956,0.6882654620946712,2.0
-595.7001390322406,-64.24536169834147,6.193829662337645,0.9927449314877268,0.8371610943104789,0.0
-610.3337222880039,-13.630715206249393,5.9167006409611576,0.9950786240137365,0.8579928487232683,0.0
572.3305240595737,-207.84780885119554,4.524125621901203,0.98487999991276,0.6760468599071513,2.0
262.10512025167094,544.1967902652393,5.101137487809663,0.9933672577681314,0.8432559652820113,0.0
-2.0061714355000073,610.3688921705483,6.201881557399101,0.9979086146214384,0.9320699984846442,0.0
476.22568751432726,369.80293038751864,5.441389104629984,0.9853984919797202,0.7309729695371308,0.0
596.5075808866852,96.42966729195773,5.593149141710566,0.9862346852252837,0.8003574977833064,0.0
-599.3217831145663,147.83250029417775,6.29255983999843,0.9924303322529933,0.8348731104983647,0.0
611.5880724542492,12.207564263880268,6.172012364108979,0.9961570811724083,0.8703521716025973,0.0
-596.1692505578887,-102.36543222406448,5.255207571613729,0.9883831535082647,0.7509772160959246,0.0
118.10698140842395,574.7110488568399,4.456773601056735,0.9839125137409387,0.6685503932805141,2.0
244.11991013699824,538.2976972864511,4.93259614331447,0.9842676038566978,0.7912481358068666,0.0
391.5000870955096,458.1289522491549,4.463779904987433,0.979408957915812,0.6386794556397345,2.0
-562.2064063079421,-201.56145097727406,5.430257665004835,0.9871016571152109,0.6976736086470062,2.0
293.06830838981796,-519.72933565149,5.035696648587609,0.9796724557462367,0.7017358618858103,2.0
545.989023035814,253.5517814786717,4.796705530611113,0.9762645013597046,0.6289166936112722,2.0
-286.0823253845414,-524.0424967152838,5.23604013991732,0.9849317582337611,0.7951672288674234,0.0
-38.32269551180465,608.4639390131932,5.350004155566339,0.984772448765273,0.7934901151957136,0.0
-162.86230316838933,590.8443044220849,4.318588853774064,0.9843241958887156,0.7280090513956429,0.0
-384.90289148853924,445.22365045923505,4.397832132631324,0.9798980944813729,0.7032070315394169,2.0
-506.5235945260141,-338.4643405820005,5.674024427696986,0.993278383381659,0.841164015265787,0.0
-470.1036173241497,-372.8367336135326,5.463320940490665,0.9954334005961721,0.8618964067309592,0.0
-581.6657497494647,184.36531268684786,6.06869800351856,0.9969798962195139,0.923318181044937,0.0
456.9651407199746,385.85595332743884,5.311211665254364,0.9973836558406962,0.8836801416833132,0.0
-534.609292878009,-205.6583034596382,5.664087281728052,0.9754448348284933,0.6817379570964343,2.0
510.11374720873204,-345.4952645722915,5.986855020563208,0.9928396405536187,0.8383393288393263,0.0
467.1595874452746,-338.237968826486,5.340557137441627,0.9838278255247211,0.6818214469787869,2.0
-580.7440035670203,215.8293764778749,5.821694958691807,0.9873992216765253,0.8060701233020375,0.0
257.52780440701434,527.6303985924138,4.647948592889206,0.9828068366945188,0.7162269585374732,2.0
-453.1451495457579,380.74235539822456,4.592273327610551,0.9901274850009513,0.8220636569843462,0.0
543.7939537123478,-287.58657369567925,5.36093123183403,0.9843387732238215,0.7273661212105913,0.0
546.8524359006029,142.43822195856006,5.692902721130181,0.9712353123890887,0.5938012123925994,2.0
595.3219987911061,-76.14483915602327,4.814595626727038,0.9840483543498004,0.7240954711037908,2.0
-345.1125257242264,479.03332261323146,4.708460831879664,0.9792053579685991,0.7010915960682716,2.0
-494.1472461450792,341.606035383963,4.956484828403691,0.997149413007871,0.9247635414634392,0.0
-75.74502475926754,-588.5285866702189,4.291074789905544,0.9178371826109448,0.5375466797699416,2.0
370.51753187431115,482.41621745767895,4.9296269499479335,0.9840013693755534,0.6691179168075371,2.0
-537.3613091429821,265.1383971606404,4.883503679299256,0.985918166398533,0.7348372916264096,0.0
-555.4279194183579,-221.54753883542736,4.362768975999133,0.9764455558951761,0.628946363899158,2.0
185.09475506524038,576.0134782200804,6.1440949525349575,0.9946038664319414,0.857555736717255,0.0
-405.09726678448595,442.4079839618793,5.688795077327544,0.996693073055632,0.8961927670718213,0.0
-587.9115347372967,143.6059882000068,5.4111556718813425,0.9852294443005575,0.7310876191903484,0.0
575.2118195036445,189.3981134966016,4.532518340241191,0.9817046188145153,0.7830827312464043,0.0
577.6491290665655,83.07549909623182,4.653939394217893,0.9670182282356538,0.6534997848456209,2.0
-66.31162409725411,-602.295016503015,5.608224722425538,0.9961581612433871,0.917000235116867,0.0
-33.56215505654425,-613.1575857825908,5.580088615317297,0.9962083426598128,0.9173580936400871,0.0
-337.31651255807327,489.1637660715578,5.219473179817465,0.9904812081701445,0.8250993273006779,0.0
-507.1772371534972,298.615550881949,4.8433140449481344,0.983406008365368,0.7210194143927718,2.0
493.83366024707243,-362.12416785360665,5.947414486600507,0.9962615343319737,0.9177409585254701,0.0
499.31174635384247,322.1106580373853,4.572722912854344,0.9839120889951414,0.7236454329520327,2.0
576.4717349201512,-181.28286450159553,5.110854721611573,0.9873343527576055,0.8047579588107034,0.0
352.75905005037674,500.7151123471383,5.710710108388806,0.9924285052643042,0.83611330354712,0.0
388.11085632385726,478.8868224382737,5.864913681951084,0.9957356183917829,0.9141063788004876,0.0
528.6769663015416,288.10324337623257,4.428492660937918,0.9828906002375221,0.7178578940396345,2.0
411.0094742715892,427.51073755954985,4.21490802784231,0.9848901219887046,0.7370431394647969,0.0
-588.4292725181843,100.39198014848313,4.772834446338314,0.9920605234009734,0.8327629474234908,0.0
588.412089375469,113.99138766837575,4.78668752758742,0.9742101930876923,0.6769933521811237,2.0
-578.9825155686859,-76.1681224736324,5.114996869292096,0.9814316952887466,0.7152817159380531,2.0
-20.302061435254448,-608.0795930089479,5.259283860517341,0.9840560534997941,0.7323575611474243,0.0
461.9735563170565,357.5352233789656,4.28581522993016,0.9835295784327407,0.6701805970779684,2.0
-154.7430581200358,586.2471150748016,5.243285747334836,0.9918362336085671,0.7798631581666176,0.0
-590.1198540456845,-160.90260889820632,6.178999500529673,0.9899554300335087,0.819053133942496,0.0
-605.176018960217,-27.321222656750493,5.056948238303017,0.9627951292373732,0.7195647924630478,2.0
501.1357501999978,-352.6711237087953,5.858365298988808,0.9942292542047374,0.8490913786081565,0.0
-607.3088367049592,69.76573865786168,6.259521522914469,0.9950958819952072,0.9100765294957044,0.0
-285.49056366674375,537.3286700440425,5.332395158844913,0.9980337612740755,0.933440378899661,0.0
605.4996102501424,27.66756596514301,5.746341423307982,0.9873529864860056,0.8133630555214149,0.0
598.8021892488966,-17.626421219534528,5.366274713376864,0.9894472759535317,0.7641013458885068,0.0
450.28438186857596,-392.95816199076813,4.350302122621645,0.9785867339660859,0.6953078298935386,2.0
-558.4111916879132,-229.9552522207283,4.840517578196665,0.9890042823718366,0.7567377122068473,0.0
312.2549666788946,-522.3969686872139,6.218774876865221,0.9969992275876153,0.9234801797869604,0.0
-515.4735045285094,-324.244312716584,5.264076237030328,0.9929262787348759,0.8386511977277292,0.0
563.5492629966773,-209.7693545895098,4.63490798362176,0.9862044419891732,0.6897408892130202,2.0
-175.0153458401459,-576.5368131808314,5.782989706605483,0.9914575038257393,0.828148226731792,0.0
583.654629470689,191.46383197805406,4.569676388533659,0.9943457854865453,0.9057861628942797,0.0
-82.80066012526011,608.9695342849496,5.684882274331351,0.9947596172390324,0.9081012902217243,0.0
188.15184549815908,-563.0353386999695,5.246050024768735,0.9505931949072002,0.6020901989917957,2.0
14.58435653375441,-610.6875462054423,5.391268684079189,0.993618233260631,0.8465266687352795,0.0
369.458865582046,-489.01302879206116,5.611535001842438,0.9952140753641878,0.8622922870977193,0.0
416.4473123821992,-437.27451589982513,5.125712870743825,0.9797134605183673,0.7010483435548017,2.0
342.63691671026817,-502.05495859137864,4.3130878619462845,0.9845057943501415,0.7922750174932691,0.0
587.9786650023572,-109.81001614888608,5.890417715713747,0.9736226107460336,0.6753415439269582,2.0
-465.4054947450145,-358.5575122751433,4.4460489149909375,0.9604882253774559,0.5499253289379943,2.0
546.3417174700566,-247.63557715668784,5.0663440402295095,0.9731318777314689,0.6347214970471653,2.0
447.84224299840946,404.9566449755386,5.70082957474818,0.9953586667259893,0.9116856581292451,0.0
-232.0536808260047,568.2359237395186,4.692799216643954,0.9875605263234796,0.805607045966964,0.0
247.55238223134845,-474.02664756403686,4.906127840244853,0.946403602245156,0.5905449577633431,2.0
-560.2857040515647,217.94544327308165,3.9381000473587435,0.9654843445353827,0.6476480931096126,2.0
-609.4913878171986,-34.814809004301615,4.393177409674642,0.9685891964319625,0.7383613010100828,0.0
430.8512187023535,-429.4001346287511,4.873203481147564,0.9623008522863612,0.6421147539006373,2.0
-438.75116021543863,-420.98175794833423,4.220715723748816,0.9962628213728977,0.9177502682650849,0.0
-77.76585523076825,-596.7245788683564,5.134343964723781,0.9680115768085997,0.7360794342070868,0.0
417.67541521838166,-460.36375938783925,5.151790465426204,0.9995140453329896,0.9581169028654541,0.0
-607.7786429633118,19.808563160058124,5.071738598878428,0.9230089149469306,0.5405677462219785,2.0
-578.2843203348154,237.31415709663545,5.376187335872283,0.9929876884488055,0.7900079024775576,0.0
